scenario,method,view,regime,window,comparison,f1_mean,f1_std,f1_count,recall_mean,recall_std,recall_count,precision_mean,precision_std,precision_count,average_precision_mean,average_precision_std,average_precision_count,clean_channel_fpr_mean,clean_channel_fpr_std,clean_channel_fpr_count,bystander_fpr_mean,bystander_fpr_std,bystander_fpr_count,top1_localization_mean,top1_localization_std,top1_localization_count,top1_random_baseline_mean,top1_random_baseline_std,top1_random_baseline_count,all_faults_row_recall_mean,all_faults_row_recall_std,all_faults_row_recall_count,exact_fault_set_rate_mean,exact_fault_set_rate_std,exact_fault_set_rate_count,score_coverage_mean,score_coverage_std,score_coverage_count,post_event_fpr_mean,post_event_fpr_std,post_event_fpr_count,false_onsets_per_1000_clean_cells_mean,false_onsets_per_1000_clean_cells_std,false_onsets_per_1000_clean_cells_count,native_score_coverage_mean,native_score_coverage_std,native_score_coverage_count,common_row_fraction_mean,common_row_fraction_std,common_row_fraction_count,all_timeline_recall_mean,all_timeline_recall_std,all_timeline_recall_count,all_timeline_f1_mean,all_timeline_f1_std,all_timeline_f1_count,unavailable_positive_fraction_mean,unavailable_positive_fraction_std,unavailable_positive_fraction_count
count1,regime_conditional,clean,all,all,carry_minus_ewma,0.0,0.0,5,,,0,0.0,0.0,5,,,0,0.0,0.0,5,,,0,,,0,,,0,,,0,,,0,0.0,0.0,5,0.0,0.0,5,0.0,0.0,5,0.0,0.0,5,0.0,0.0,5,,,0,0.0,0.0,5,,,0
count1,regime_conditional,clean,all,record_stable,carry_minus_ewma,0.0,0.0,5,,,0,0.0,0.0,5,,,0,0.0,0.0,5,,,0,,,0,,,0,,,0,,,0,0.0,0.0,5,0.0,0.0,5,0.0,0.0,5,0.0,0.0,5,0.0,0.0,5,,,0,0.0,0.0,5,,,0
count1,regime_conditional,clean,all,stable,carry_minus_ewma,0.0,0.0,5,,,0,0.0,0.0,5,,,0,0.0,0.0,5,,,0,,,0,,,0,,,0,,,0,0.0,0.0,5,0.0,0.0,5,0.0,0.0,5,0.0,0.0,5,0.0,0.0,5,,,0,0.0,0.0,5,,,0
count1,regime_conditional,clean,transit_rough,all,carry_minus_ewma,0.0,0.0,5,,,0,0.0,0.0,5,,,0,0.0,0.0,5,,,0,,,0,,,0,,,0,,,0,0.0,0.0,5,0.0,0.0,5,0.0,0.0,5,0.0,0.0,5,0.0,0.0,5,,,0,0.0,0.0,5,,,0
count1,regime_conditional,clean,transit_rough,record_stable,carry_minus_ewma,0.0,0.0,5,,,0,0.0,0.0,5,,,0,0.0,0.0,5,,,0,,,0,,,0,,,0,,,0,0.0,0.0,5,0.0,0.0,5,0.0,0.0,5,0.0,0.0,5,0.0,0.0,5,,,0,0.0,0.0,5,,,0
count1,regime_conditional,clean,transit_rough,stable,carry_minus_ewma,0.0,0.0,5,,,0,0.0,0.0,5,,,0,0.0,0.0,5,,,0,,,0,,,0,,,0,,,0,0.0,0.0,5,0.0,0.0,5,0.0,0.0,5,0.0,0.0,5,0.0,0.0,5,,,0,0.0,0.0,5,,,0
count1,regime_conditional,clean,transit_smooth,all,carry_minus_ewma,0.0,0.0,5,,,0,0.0,0.0,5,,,0,0.0,0.0,5,,,0,,,0,,,0,,,0,,,0,0.0,0.0,5,0.0,0.0,5,0.0,0.0,5,0.0,0.0,5,0.0,0.0,5,,,0,0.0,0.0,5,,,0
count1,regime_conditional,clean,transit_smooth,record_stable,carry_minus_ewma,0.0,0.0,5,,,0,0.0,0.0,5,,,0,0.0,0.0,5,,,0,,,0,,,0,,,0,,,0,0.0,0.0,5,0.0,0.0,5,0.0,0.0,5,0.0,0.0,5,0.0,0.0,5,,,0,0.0,0.0,5,,,0
count1,regime_conditional,clean,transit_smooth,stable,carry_minus_ewma,0.0,0.0,5,,,0,0.0,0.0,5,,,0,0.0,0.0,5,,,0,,,0,,,0,,,0,,,0,0.0,0.0,5,0.0,0.0,5,0.0,0.0,5,0.0,0.0,5,0.0,0.0,5,,,0,0.0,0.0,5,,,0
count1,regime_conditional,clean,warehouse,all,carry_minus_ewma,0.0,0.0,5,,,0,0.0,0.0,5,,,0,0.0,0.0,5,,,0,,,0,,,0,,,0,,,0,0.0,0.0,5,0.0,0.0,5,0.0,0.0,5,0.0,0.0,5,0.0,0.0,5,,,0,0.0,0.0,5,,,0
count1,regime_conditional,clean,warehouse,record_stable,carry_minus_ewma,0.0,0.0,5,,,0,0.0,0.0,5,,,0,0.0,0.0,5,,,0,,,0,,,0,,,0,,,0,0.0,0.0,5,0.0,0.0,5,0.0,0.0,5,0.0,0.0,5,0.0,0.0,5,,,0,0.0,0.0,5,,,0
count1,regime_conditional,clean,warehouse,stable,carry_minus_ewma,0.0,0.0,5,,,0,0.0,0.0,5,,,0,0.0,0.0,5,,,0,,,0,,,0,,,0,,,0,0.0,0.0,5,0.0,0.0,5,0.0,0.0,5,0.0,0.0,5,0.0,0.0,5,,,0,0.0,0.0,5,,,0
count1,regime_conditional,observed,all,all,carry_minus_ewma,0.0,0.0,5,0.0,0.0,5,0.0,0.0,5,0.0,0.0,5,0.0,0.0,5,0.0,0.0,5,0.0,0.0,5,0.0,0.0,5,0.0,0.0,5,0.0,0.0,5,0.0,0.0,5,0.0,0.0,5,0.0,0.0,5,0.0,0.0,5,0.0,0.0,5,0.0,0.0,5,0.0,0.0,5,0.0,0.0,5
count1,regime_conditional,observed,all,record_stable,carry_minus_ewma,0.0,0.0,5,0.0,0.0,5,0.0,0.0,5,0.0,0.0,5,0.0,0.0,5,0.0,0.0,5,0.0,0.0,5,0.0,0.0,5,0.0,0.0,5,0.0,0.0,5,0.0,0.0,5,0.0,0.0,5,0.0,0.0,5,0.0,0.0,5,0.0,0.0,5,0.0,0.0,5,0.0,0.0,5,0.0,0.0,5
count1,regime_conditional,observed,all,stable,carry_minus_ewma,0.0,0.0,5,0.0,0.0,5,0.0,0.0,5,0.0,0.0,5,0.0,0.0,5,0.0,0.0,5,0.0,0.0,5,0.0,0.0,5,0.0,0.0,5,0.0,0.0,5,0.0,0.0,5,0.0,0.0,5,0.0,0.0,5,0.0,0.0,5,0.0,0.0,5,0.0,0.0,5,0.0,0.0,5,0.0,0.0,5
count1,regime_conditional,observed,transit_rough,all,carry_minus_ewma,0.0,0.0,5,0.0,0.0,5,0.0,0.0,5,0.0,0.0,5,0.0,0.0,5,0.0,0.0,5,0.0,0.0,5,0.0,0.0,5,0.0,0.0,5,0.0,0.0,5,0.0,0.0,5,0.0,0.0,5,0.0,0.0,5,0.0,0.0,5,0.0,0.0,5,0.0,0.0,5,0.0,0.0,5,0.0,0.0,5
count1,regime_conditional,observed,transit_rough,record_stable,carry_minus_ewma,0.0,0.0,5,0.0,0.0,5,0.0,0.0,5,0.0,0.0,5,0.0,0.0,5,0.0,0.0,5,0.0,0.0,5,0.0,0.0,5,0.0,0.0,5,0.0,0.0,5,0.0,0.0,5,0.0,0.0,5,0.0,0.0,5,0.0,0.0,5,0.0,0.0,5,0.0,0.0,5,0.0,0.0,5,0.0,0.0,5
count1,regime_conditional,observed,transit_rough,stable,carry_minus_ewma,0.0,0.0,5,0.0,0.0,5,0.0,0.0,5,0.0,0.0,5,0.0,0.0,5,0.0,0.0,5,0.0,0.0,5,0.0,0.0,5,0.0,0.0,5,0.0,0.0,5,0.0,0.0,5,0.0,0.0,5,0.0,0.0,5,0.0,0.0,5,0.0,0.0,5,0.0,0.0,5,0.0,0.0,5,0.0,0.0,5
count1,regime_conditional,observed,transit_smooth,all,carry_minus_ewma,0.0,0.0,5,0.0,0.0,5,0.0,0.0,5,0.0,0.0,5,0.0,0.0,5,0.0,0.0,5,0.0,0.0,5,0.0,0.0,5,0.0,0.0,5,0.0,0.0,5,0.0,0.0,5,0.0,0.0,5,0.0,0.0,5,0.0,0.0,5,0.0,0.0,5,0.0,0.0,5,0.0,0.0,5,0.0,0.0,5
count1,regime_conditional,observed,transit_smooth,record_stable,carry_minus_ewma,0.0,0.0,5,0.0,0.0,5,0.0,0.0,5,0.0,0.0,5,0.0,0.0,5,0.0,0.0,5,0.0,0.0,5,0.0,0.0,5,0.0,0.0,5,0.0,0.0,5,0.0,0.0,5,0.0,0.0,5,0.0,0.0,5,0.0,0.0,5,0.0,0.0,5,0.0,0.0,5,0.0,0.0,5,0.0,0.0,5
count1,regime_conditional,observed,transit_smooth,stable,carry_minus_ewma,0.0,0.0,5,0.0,0.0,5,0.0,0.0,5,0.0,0.0,5,0.0,0.0,5,0.0,0.0,5,0.0,0.0,5,0.0,0.0,5,0.0,0.0,5,0.0,0.0,5,0.0,0.0,5,0.0,0.0,5,0.0,0.0,5,0.0,0.0,5,0.0,0.0,5,0.0,0.0,5,0.0,0.0,5,0.0,0.0,5
count1,regime_conditional,observed,warehouse,all,carry_minus_ewma,0.0,0.0,5,0.0,0.0,5,0.0,0.0,5,0.0,0.0,5,0.0,0.0,5,0.0,0.0,5,0.0,0.0,5,0.0,0.0,5,0.0,0.0,5,0.0,0.0,5,0.0,0.0,5,0.0,0.0,5,0.0,0.0,5,0.0,0.0,5,0.0,0.0,5,0.0,0.0,5,0.0,0.0,5,0.0,0.0,5
count1,regime_conditional,observed,warehouse,record_stable,carry_minus_ewma,0.0,0.0,5,0.0,0.0,5,0.0,0.0,5,0.0,0.0,5,0.0,0.0,5,0.0,0.0,5,0.0,0.0,5,0.0,0.0,5,0.0,0.0,5,0.0,0.0,5,0.0,0.0,5,0.0,0.0,5,0.0,0.0,5,0.0,0.0,5,0.0,0.0,5,0.0,0.0,5,0.0,0.0,5,0.0,0.0,5
count1,regime_conditional,observed,warehouse,stable,carry_minus_ewma,0.0,0.0,5,0.0,0.0,5,0.0,0.0,5,0.0,0.0,5,0.0,0.0,5,0.0,0.0,5,0.0,0.0,5,0.0,0.0,5,0.0,0.0,5,0.0,0.0,5,0.0,0.0,5,0.0,0.0,5,0.0,0.0,5,0.0,0.0,5,0.0,0.0,5,0.0,0.0,5,0.0,0.0,5,0.0,0.0,5
count1,regime_marginal,clean,all,all,carry_minus_ewma,0.0,0.0,5,,,0,0.0,0.0,5,,,0,0.0,0.0,5,,,0,,,0,,,0,,,0,,,0,0.0,0.0,5,0.0,0.0,5,0.0,0.0,5,0.0,0.0,5,0.0,0.0,5,,,0,0.0,0.0,5,,,0
count1,regime_marginal,clean,all,record_stable,carry_minus_ewma,0.0,0.0,5,,,0,0.0,0.0,5,,,0,0.0,0.0,5,,,0,,,0,,,0,,,0,,,0,0.0,0.0,5,0.0,0.0,5,0.0,0.0,5,0.0,0.0,5,0.0,0.0,5,,,0,0.0,0.0,5,,,0
count1,regime_marginal,clean,all,stable,carry_minus_ewma,0.0,0.0,5,,,0,0.0,0.0,5,,,0,0.0,0.0,5,,,0,,,0,,,0,,,0,,,0,0.0,0.0,5,0.0,0.0,5,0.0,0.0,5,0.0,0.0,5,0.0,0.0,5,,,0,0.0,0.0,5,,,0
count1,regime_marginal,clean,transit_rough,all,carry_minus_ewma,0.0,0.0,5,,,0,0.0,0.0,5,,,0,0.0,0.0,5,,,0,,,0,,,0,,,0,,,0,0.0,0.0,5,0.0,0.0,5,0.0,0.0,5,0.0,0.0,5,0.0,0.0,5,,,0,0.0,0.0,5,,,0
count1,regime_marginal,clean,transit_rough,record_stable,carry_minus_ewma,0.0,0.0,5,,,0,0.0,0.0,5,,,0,0.0,0.0,5,,,0,,,0,,,0,,,0,,,0,0.0,0.0,5,0.0,0.0,5,0.0,0.0,5,0.0,0.0,5,0.0,0.0,5,,,0,0.0,0.0,5,,,0
count1,regime_marginal,clean,transit_rough,stable,carry_minus_ewma,0.0,0.0,5,,,0,0.0,0.0,5,,,0,0.0,0.0,5,,,0,,,0,,,0,,,0,,,0,0.0,0.0,5,0.0,0.0,5,0.0,0.0,5,0.0,0.0,5,0.0,0.0,5,,,0,0.0,0.0,5,,,0
count1,regime_marginal,clean,transit_smooth,all,carry_minus_ewma,0.0,0.0,4,,,0,0.0,0.0,4,,,0,0.0,0.0,5,,,0,,,0,,,0,,,0,,,0,0.0,0.0,5,0.0,0.0,5,0.0,0.0,5,0.0,0.0,5,0.0,0.0,5,,,0,0.0,0.0,4,,,0
count1,regime_marginal,clean,transit_smooth,record_stable,carry_minus_ewma,0.0,0.0,4,,,0,0.0,0.0,4,,,0,0.0,0.0,5,,,0,,,0,,,0,,,0,,,0,0.0,0.0,5,0.0,0.0,5,0.0,0.0,5,0.0,0.0,5,0.0,0.0,5,,,0,0.0,0.0,4,,,0
count1,regime_marginal,clean,transit_smooth,stable,carry_minus_ewma,0.0,0.0,4,,,0,0.0,0.0,4,,,0,0.0,0.0,5,,,0,,,0,,,0,,,0,,,0,0.0,0.0,5,0.0,0.0,5,0.0,0.0,5,0.0,0.0,5,0.0,0.0,5,,,0,0.0,0.0,4,,,0
count1,regime_marginal,clean,warehouse,all,carry_minus_ewma,0.0,0.0,5,,,0,0.0,0.0,5,,,0,0.0,0.0,5,,,0,,,0,,,0,,,0,,,0,0.0,0.0,5,0.0,0.0,5,0.0,0.0,5,0.0,0.0,5,0.0,0.0,5,,,0,0.0,0.0,5,,,0
count1,regime_marginal,clean,warehouse,record_stable,carry_minus_ewma,0.0,0.0,5,,,0,0.0,0.0,5,,,0,0.0,0.0,5,,,0,,,0,,,0,,,0,,,0,0.0,0.0,5,0.0,0.0,5,0.0,0.0,5,0.0,0.0,5,0.0,0.0,5,,,0,0.0,0.0,5,,,0
count1,regime_marginal,clean,warehouse,stable,carry_minus_ewma,0.0,0.0,5,,,0,0.0,0.0,5,,,0,0.0,0.0,5,,,0,,,0,,,0,,,0,,,0,0.0,0.0,5,0.0,0.0,5,0.0,0.0,5,0.0,0.0,5,0.0,0.0,5,,,0,0.0,0.0,5,,,0
count1,regime_marginal,observed,all,all,carry_minus_ewma,0.0,0.0,5,0.0,0.0,5,0.0,0.0,5,0.0,0.0,5,0.0,0.0,5,0.0,0.0,5,0.0,0.0,5,0.0,0.0,5,0.0,0.0,5,0.0,0.0,5,0.0,0.0,5,0.0,0.0,5,0.0,0.0,5,0.0,0.0,5,0.0,0.0,5,0.0,0.0,5,0.0,0.0,5,0.0,0.0,5
count1,regime_marginal,observed,all,record_stable,carry_minus_ewma,0.0,0.0,5,0.0,0.0,5,0.0,0.0,5,0.0,0.0,5,0.0,0.0,5,0.0,0.0,5,0.0,0.0,5,0.0,0.0,5,0.0,0.0,5,0.0,0.0,5,0.0,0.0,5,0.0,0.0,5,0.0,0.0,5,0.0,0.0,5,0.0,0.0,5,0.0,0.0,5,0.0,0.0,5,0.0,0.0,5
count1,regime_marginal,observed,all,stable,carry_minus_ewma,0.0,0.0,5,0.0,0.0,5,0.0,0.0,5,0.0,0.0,5,0.0,0.0,5,0.0,0.0,5,0.0,0.0,5,0.0,0.0,5,0.0,0.0,5,0.0,0.0,5,0.0,0.0,5,0.0,0.0,5,0.0,0.0,5,0.0,0.0,5,0.0,0.0,5,0.0,0.0,5,0.0,0.0,5,0.0,0.0,5
count1,regime_marginal,observed,transit_rough,all,carry_minus_ewma,0.0,0.0,5,0.0,0.0,5,0.0,0.0,5,0.0,0.0,5,0.0,0.0,5,0.0,0.0,5,0.0,0.0,5,0.0,0.0,5,0.0,0.0,5,0.0,0.0,5,0.0,0.0,5,0.0,0.0,5,0.0,0.0,5,0.0,0.0,5,0.0,0.0,5,0.0,0.0,5,0.0,0.0,5,0.0,0.0,5
count1,regime_marginal,observed,transit_rough,record_stable,carry_minus_ewma,0.0,0.0,5,0.0,0.0,5,0.0,0.0,5,0.0,0.0,5,0.0,0.0,5,0.0,0.0,5,0.0,0.0,5,0.0,0.0,5,0.0,0.0,5,0.0,0.0,5,0.0,0.0,5,0.0,0.0,5,0.0,0.0,5,0.0,0.0,5,0.0,0.0,5,0.0,0.0,5,0.0,0.0,5,0.0,0.0,5
count1,regime_marginal,observed,transit_rough,stable,carry_minus_ewma,0.0,0.0,5,0.0,0.0,5,0.0,0.0,5,0.0,0.0,5,0.0,0.0,5,0.0,0.0,5,0.0,0.0,5,0.0,0.0,5,0.0,0.0,5,0.0,0.0,5,0.0,0.0,5,0.0,0.0,5,0.0,0.0,5,0.0,0.0,5,0.0,0.0,5,0.0,0.0,5,0.0,0.0,5,0.0,0.0,5
count1,regime_marginal,observed,transit_smooth,all,carry_minus_ewma,0.0,0.0,5,0.0,0.0,5,0.0,0.0,5,0.0,0.0,5,0.0,0.0,5,0.0,0.0,5,0.0,0.0,5,0.0,0.0,5,0.0,0.0,5,0.0,0.0,5,0.0,0.0,5,0.0,0.0,5,0.0,0.0,5,0.0,0.0,5,0.0,0.0,5,0.0,0.0,5,0.0,0.0,5,0.0,0.0,5
count1,regime_marginal,observed,transit_smooth,record_stable,carry_minus_ewma,0.0,0.0,5,0.0,0.0,5,0.0,0.0,5,0.0,0.0,5,0.0,0.0,5,0.0,0.0,5,0.0,0.0,5,0.0,0.0,5,0.0,0.0,5,0.0,0.0,5,0.0,0.0,5,0.0,0.0,5,0.0,0.0,5,0.0,0.0,5,0.0,0.0,5,0.0,0.0,5,0.0,0.0,5,0.0,0.0,5
count1,regime_marginal,observed,transit_smooth,stable,carry_minus_ewma,0.0,0.0,5,0.0,0.0,5,0.0,0.0,5,0.0,0.0,5,0.0,0.0,5,0.0,0.0,5,0.0,0.0,5,0.0,0.0,5,0.0,0.0,5,0.0,0.0,5,0.0,0.0,5,0.0,0.0,5,0.0,0.0,5,0.0,0.0,5,0.0,0.0,5,0.0,0.0,5,0.0,0.0,5,0.0,0.0,5
count1,regime_marginal,observed,warehouse,all,carry_minus_ewma,0.0,0.0,5,0.0,0.0,5,0.0,0.0,5,0.0,0.0,5,0.0,0.0,5,0.0,0.0,5,0.0,0.0,5,0.0,0.0,5,0.0,0.0,5,0.0,0.0,5,0.0,0.0,5,0.0,0.0,5,0.0,0.0,5,0.0,0.0,5,0.0,0.0,5,0.0,0.0,5,0.0,0.0,5,0.0,0.0,5
count1,regime_marginal,observed,warehouse,record_stable,carry_minus_ewma,0.0,0.0,5,0.0,0.0,5,0.0,0.0,5,0.0,0.0,5,0.0,0.0,5,0.0,0.0,5,0.0,0.0,5,0.0,0.0,5,0.0,0.0,5,0.0,0.0,5,0.0,0.0,5,0.0,0.0,5,0.0,0.0,5,0.0,0.0,5,0.0,0.0,5,0.0,0.0,5,0.0,0.0,5,0.0,0.0,5
count1,regime_marginal,observed,warehouse,stable,carry_minus_ewma,0.0,0.0,5,0.0,0.0,5,0.0,0.0,5,0.0,0.0,5,0.0,0.0,5,0.0,0.0,5,0.0,0.0,5,0.0,0.0,5,0.0,0.0,5,0.0,0.0,5,0.0,0.0,5,0.0,0.0,5,0.0,0.0,5,0.0,0.0,5,0.0,0.0,5,0.0,0.0,5,0.0,0.0,5,0.0,0.0,5
count3,regime_conditional,clean,all,all,carry_minus_ewma,0.0,0.0,5,,,0,0.0,0.0,5,,,0,0.0,0.0,5,,,0,,,0,,,0,,,0,,,0,0.0,0.0,5,0.0,0.0,5,0.0,0.0,5,0.0,0.0,5,0.0,0.0,5,,,0,0.0,0.0,5,,,0
count3,regime_conditional,clean,all,record_stable,carry_minus_ewma,0.0,0.0,5,,,0,0.0,0.0,5,,,0,0.0,0.0,5,,,0,,,0,,,0,,,0,,,0,0.0,0.0,5,0.0,0.0,5,0.0,0.0,5,0.0,0.0,5,0.0,0.0,5,,,0,0.0,0.0,5,,,0
count3,regime_conditional,clean,all,stable,carry_minus_ewma,0.0,0.0,5,,,0,0.0,0.0,5,,,0,0.0,0.0,5,,,0,,,0,,,0,,,0,,,0,0.0,0.0,5,0.0,0.0,5,0.0,0.0,5,0.0,0.0,5,0.0,0.0,5,,,0,0.0,0.0,5,,,0
count3,regime_conditional,clean,transit_rough,all,carry_minus_ewma,0.0,0.0,5,,,0,0.0,0.0,5,,,0,0.0,0.0,5,,,0,,,0,,,0,,,0,,,0,0.0,0.0,5,0.0,0.0,5,0.0,0.0,5,0.0,0.0,5,0.0,0.0,5,,,0,0.0,0.0,5,,,0
count3,regime_conditional,clean,transit_rough,record_stable,carry_minus_ewma,0.0,0.0,5,,,0,0.0,0.0,5,,,0,0.0,0.0,5,,,0,,,0,,,0,,,0,,,0,0.0,0.0,5,0.0,0.0,5,0.0,0.0,5,0.0,0.0,5,0.0,0.0,5,,,0,0.0,0.0,5,,,0
count3,regime_conditional,clean,transit_rough,stable,carry_minus_ewma,0.0,0.0,5,,,0,0.0,0.0,5,,,0,0.0,0.0,5,,,0,,,0,,,0,,,0,,,0,0.0,0.0,5,0.0,0.0,5,0.0,0.0,5,0.0,0.0,5,0.0,0.0,5,,,0,0.0,0.0,5,,,0
count3,regime_conditional,clean,transit_smooth,all,carry_minus_ewma,0.0,0.0,5,,,0,0.0,0.0,5,,,0,0.0,0.0,5,,,0,,,0,,,0,,,0,,,0,0.0,0.0,5,0.0,0.0,5,0.0,0.0,5,0.0,0.0,5,0.0,0.0,5,,,0,0.0,0.0,5,,,0
count3,regime_conditional,clean,transit_smooth,record_stable,carry_minus_ewma,0.0,0.0,5,,,0,0.0,0.0,5,,,0,0.0,0.0,5,,,0,,,0,,,0,,,0,,,0,0.0,0.0,5,0.0,0.0,5,0.0,0.0,5,0.0,0.0,5,0.0,0.0,5,,,0,0.0,0.0,5,,,0
count3,regime_conditional,clean,transit_smooth,stable,carry_minus_ewma,0.0,0.0,5,,,0,0.0,0.0,5,,,0,0.0,0.0,5,,,0,,,0,,,0,,,0,,,0,0.0,0.0,5,0.0,0.0,5,0.0,0.0,5,0.0,0.0,5,0.0,0.0,5,,,0,0.0,0.0,5,,,0
count3,regime_conditional,clean,warehouse,all,carry_minus_ewma,0.0,0.0,5,,,0,0.0,0.0,5,,,0,0.0,0.0,5,,,0,,,0,,,0,,,0,,,0,0.0,0.0,5,0.0,0.0,5,0.0,0.0,5,0.0,0.0,5,0.0,0.0,5,,,0,0.0,0.0,5,,,0
count3,regime_conditional,clean,warehouse,record_stable,carry_minus_ewma,0.0,0.0,5,,,0,0.0,0.0,5,,,0,0.0,0.0,5,,,0,,,0,,,0,,,0,,,0,0.0,0.0,5,0.0,0.0,5,0.0,0.0,5,0.0,0.0,5,0.0,0.0,5,,,0,0.0,0.0,5,,,0
count3,regime_conditional,clean,warehouse,stable,carry_minus_ewma,0.0,0.0,5,,,0,0.0,0.0,5,,,0,0.0,0.0,5,,,0,,,0,,,0,,,0,,,0,0.0,0.0,5,0.0,0.0,5,0.0,0.0,5,0.0,0.0,5,0.0,0.0,5,,,0,0.0,0.0,5,,,0
count3,regime_conditional,observed,all,all,carry_minus_ewma,0.0,0.0,5,0.0,0.0,5,0.0,0.0,5,0.0,0.0,5,0.0,0.0,5,0.0,0.0,5,0.0,0.0,5,0.0,0.0,5,0.0,0.0,5,0.0,0.0,5,0.0,0.0,5,0.0,0.0,5,0.0,0.0,5,0.0,0.0,5,0.0,0.0,5,0.0,0.0,5,0.0,0.0,5,0.0,0.0,5
count3,regime_conditional,observed,all,record_stable,carry_minus_ewma,0.0,0.0,5,0.0,0.0,5,0.0,0.0,5,0.0,0.0,5,0.0,0.0,5,0.0,0.0,5,0.0,0.0,5,0.0,0.0,5,0.0,0.0,5,0.0,0.0,5,0.0,0.0,5,0.0,0.0,5,0.0,0.0,5,0.0,0.0,5,0.0,0.0,5,0.0,0.0,5,0.0,0.0,5,0.0,0.0,5
count3,regime_conditional,observed,all,stable,carry_minus_ewma,0.0,0.0,5,0.0,0.0,5,0.0,0.0,5,0.0,0.0,5,0.0,0.0,5,0.0,0.0,5,0.0,0.0,5,0.0,0.0,5,0.0,0.0,5,0.0,0.0,5,0.0,0.0,5,0.0,0.0,5,0.0,0.0,5,0.0,0.0,5,0.0,0.0,5,0.0,0.0,5,0.0,0.0,5,0.0,0.0,5
count3,regime_conditional,observed,transit_rough,all,carry_minus_ewma,0.0,0.0,5,0.0,0.0,5,0.0,0.0,5,0.0,0.0,5,0.0,0.0,5,0.0,0.0,5,0.0,0.0,5,0.0,0.0,5,0.0,0.0,5,0.0,0.0,5,0.0,0.0,5,0.0,0.0,5,0.0,0.0,5,0.0,0.0,5,0.0,0.0,5,0.0,0.0,5,0.0,0.0,5,0.0,0.0,5
count3,regime_conditional,observed,transit_rough,record_stable,carry_minus_ewma,0.0,0.0,5,0.0,0.0,5,0.0,0.0,5,0.0,0.0,5,0.0,0.0,5,0.0,0.0,5,0.0,0.0,5,0.0,0.0,5,0.0,0.0,5,0.0,0.0,5,0.0,0.0,5,0.0,0.0,5,0.0,0.0,5,0.0,0.0,5,0.0,0.0,5,0.0,0.0,5,0.0,0.0,5,0.0,0.0,5
count3,regime_conditional,observed,transit_rough,stable,carry_minus_ewma,0.0,0.0,5,0.0,0.0,5,0.0,0.0,5,0.0,0.0,5,0.0,0.0,5,0.0,0.0,5,0.0,0.0,5,0.0,0.0,5,0.0,0.0,5,0.0,0.0,5,0.0,0.0,5,0.0,0.0,5,0.0,0.0,5,0.0,0.0,5,0.0,0.0,5,0.0,0.0,5,0.0,0.0,5,0.0,0.0,5
count3,regime_conditional,observed,transit_smooth,all,carry_minus_ewma,0.0,0.0,5,0.0,0.0,5,0.0,0.0,5,0.0,0.0,5,0.0,0.0,5,0.0,0.0,5,0.0,0.0,5,0.0,0.0,5,0.0,0.0,5,0.0,0.0,5,0.0,0.0,5,0.0,0.0,5,0.0,0.0,5,0.0,0.0,5,0.0,0.0,5,0.0,0.0,5,0.0,0.0,5,0.0,0.0,5
count3,regime_conditional,observed,transit_smooth,record_stable,carry_minus_ewma,0.0,0.0,5,0.0,0.0,5,0.0,0.0,5,0.0,0.0,5,0.0,0.0,5,0.0,0.0,5,0.0,0.0,5,0.0,0.0,5,0.0,0.0,5,0.0,0.0,5,0.0,0.0,5,0.0,0.0,5,0.0,0.0,5,0.0,0.0,5,0.0,0.0,5,0.0,0.0,5,0.0,0.0,5,0.0,0.0,5
count3,regime_conditional,observed,transit_smooth,stable,carry_minus_ewma,0.0,0.0,5,0.0,0.0,5,0.0,0.0,5,0.0,0.0,5,0.0,0.0,5,0.0,0.0,5,0.0,0.0,5,0.0,0.0,5,0.0,0.0,5,0.0,0.0,5,0.0,0.0,5,0.0,0.0,5,0.0,0.0,5,0.0,0.0,5,0.0,0.0,5,0.0,0.0,5,0.0,0.0,5,0.0,0.0,5
count3,regime_conditional,observed,warehouse,all,carry_minus_ewma,0.0,0.0,5,0.0,0.0,5,0.0,0.0,5,0.0,0.0,5,0.0,0.0,5,0.0,0.0,5,0.0,0.0,5,0.0,0.0,5,0.0,0.0,5,0.0,0.0,5,0.0,0.0,5,0.0,0.0,5,0.0,0.0,5,0.0,0.0,5,0.0,0.0,5,0.0,0.0,5,0.0,0.0,5,0.0,0.0,5
count3,regime_conditional,observed,warehouse,record_stable,carry_minus_ewma,0.0,0.0,5,0.0,0.0,5,0.0,0.0,5,0.0,0.0,5,0.0,0.0,5,0.0,0.0,5,0.0,0.0,5,0.0,0.0,5,0.0,0.0,5,0.0,0.0,5,0.0,0.0,5,0.0,0.0,5,0.0,0.0,5,0.0,0.0,5,0.0,0.0,5,0.0,0.0,5,0.0,0.0,5,0.0,0.0,5
count3,regime_conditional,observed,warehouse,stable,carry_minus_ewma,0.0,0.0,5,0.0,0.0,5,0.0,0.0,5,0.0,0.0,5,0.0,0.0,5,0.0,0.0,5,0.0,0.0,5,0.0,0.0,5,0.0,0.0,5,0.0,0.0,5,0.0,0.0,5,0.0,0.0,5,0.0,0.0,5,0.0,0.0,5,0.0,0.0,5,0.0,0.0,5,0.0,0.0,5,0.0,0.0,5
count3,regime_marginal,clean,all,all,carry_minus_ewma,0.0,0.0,5,,,0,0.0,0.0,5,,,0,0.0,0.0,5,,,0,,,0,,,0,,,0,,,0,0.0,0.0,5,0.0,0.0,5,0.0,0.0,5,0.0,0.0,5,0.0,0.0,5,,,0,0.0,0.0,5,,,0
count3,regime_marginal,clean,all,record_stable,carry_minus_ewma,0.0,0.0,5,,,0,0.0,0.0,5,,,0,0.0,0.0,5,,,0,,,0,,,0,,,0,,,0,0.0,0.0,5,0.0,0.0,5,0.0,0.0,5,0.0,0.0,5,0.0,0.0,5,,,0,0.0,0.0,5,,,0
count3,regime_marginal,clean,all,stable,carry_minus_ewma,0.0,0.0,5,,,0,0.0,0.0,5,,,0,0.0,0.0,5,,,0,,,0,,,0,,,0,,,0,0.0,0.0,5,0.0,0.0,5,0.0,0.0,5,0.0,0.0,5,0.0,0.0,5,,,0,0.0,0.0,5,,,0
count3,regime_marginal,clean,transit_rough,all,carry_minus_ewma,0.0,0.0,5,,,0,0.0,0.0,5,,,0,0.0,0.0,5,,,0,,,0,,,0,,,0,,,0,0.0,0.0,5,0.0,0.0,5,0.0,0.0,5,0.0,0.0,5,0.0,0.0,5,,,0,0.0,0.0,5,,,0
count3,regime_marginal,clean,transit_rough,record_stable,carry_minus_ewma,0.0,0.0,5,,,0,0.0,0.0,5,,,0,0.0,0.0,5,,,0,,,0,,,0,,,0,,,0,0.0,0.0,5,0.0,0.0,5,0.0,0.0,5,0.0,0.0,5,0.0,0.0,5,,,0,0.0,0.0,5,,,0
count3,regime_marginal,clean,transit_rough,stable,carry_minus_ewma,0.0,0.0,5,,,0,0.0,0.0,5,,,0,0.0,0.0,5,,,0,,,0,,,0,,,0,,,0,0.0,0.0,5,0.0,0.0,5,0.0,0.0,5,0.0,0.0,5,0.0,0.0,5,,,0,0.0,0.0,5,,,0
count3,regime_marginal,clean,transit_smooth,all,carry_minus_ewma,0.0,0.0,4,,,0,0.0,0.0,4,,,0,0.0,0.0,5,,,0,,,0,,,0,,,0,,,0,0.0,0.0,5,0.0,0.0,5,0.0,0.0,5,0.0,0.0,5,0.0,0.0,5,,,0,0.0,0.0,4,,,0
count3,regime_marginal,clean,transit_smooth,record_stable,carry_minus_ewma,0.0,0.0,4,,,0,0.0,0.0,4,,,0,0.0,0.0,5,,,0,,,0,,,0,,,0,,,0,0.0,0.0,5,0.0,0.0,5,0.0,0.0,5,0.0,0.0,5,0.0,0.0,5,,,0,0.0,0.0,4,,,0
count3,regime_marginal,clean,transit_smooth,stable,carry_minus_ewma,0.0,0.0,4,,,0,0.0,0.0,4,,,0,0.0,0.0,5,,,0,,,0,,,0,,,0,,,0,0.0,0.0,5,0.0,0.0,5,0.0,0.0,5,0.0,0.0,5,0.0,0.0,5,,,0,0.0,0.0,4,,,0
count3,regime_marginal,clean,warehouse,all,carry_minus_ewma,0.0,0.0,5,,,0,0.0,0.0,5,,,0,0.0,0.0,5,,,0,,,0,,,0,,,0,,,0,0.0,0.0,5,0.0,0.0,5,0.0,0.0,5,0.0,0.0,5,0.0,0.0,5,,,0,0.0,0.0,5,,,0
count3,regime_marginal,clean,warehouse,record_stable,carry_minus_ewma,0.0,0.0,5,,,0,0.0,0.0,5,,,0,0.0,0.0,5,,,0,,,0,,,0,,,0,,,0,0.0,0.0,5,0.0,0.0,5,0.0,0.0,5,0.0,0.0,5,0.0,0.0,5,,,0,0.0,0.0,5,,,0
count3,regime_marginal,clean,warehouse,stable,carry_minus_ewma,0.0,0.0,5,,,0,0.0,0.0,5,,,0,0.0,0.0,5,,,0,,,0,,,0,,,0,,,0,0.0,0.0,5,0.0,0.0,5,0.0,0.0,5,0.0,0.0,5,0.0,0.0,5,,,0,0.0,0.0,5,,,0
count3,regime_marginal,observed,all,all,carry_minus_ewma,0.0,0.0,5,0.0,0.0,5,0.0,0.0,5,0.0,0.0,5,0.0,0.0,5,0.0,0.0,5,0.0,0.0,5,0.0,0.0,5,0.0,0.0,5,0.0,0.0,5,0.0,0.0,5,0.0,0.0,5,0.0,0.0,5,0.0,0.0,5,0.0,0.0,5,0.0,0.0,5,0.0,0.0,5,0.0,0.0,5
count3,regime_marginal,observed,all,record_stable,carry_minus_ewma,0.0,0.0,5,0.0,0.0,5,0.0,0.0,5,0.0,0.0,5,0.0,0.0,5,0.0,0.0,5,0.0,0.0,5,0.0,0.0,5,0.0,0.0,5,0.0,0.0,5,0.0,0.0,5,0.0,0.0,5,0.0,0.0,5,0.0,0.0,5,0.0,0.0,5,0.0,0.0,5,0.0,0.0,5,0.0,0.0,5
count3,regime_marginal,observed,all,stable,carry_minus_ewma,0.0,0.0,5,0.0,0.0,5,0.0,0.0,5,0.0,0.0,5,0.0,0.0,5,0.0,0.0,5,0.0,0.0,5,0.0,0.0,5,0.0,0.0,5,0.0,0.0,5,0.0,0.0,5,0.0,0.0,5,0.0,0.0,5,0.0,0.0,5,0.0,0.0,5,0.0,0.0,5,0.0,0.0,5,0.0,0.0,5
count3,regime_marginal,observed,transit_rough,all,carry_minus_ewma,0.0,0.0,5,0.0,0.0,5,0.0,0.0,5,0.0,0.0,5,0.0,0.0,5,0.0,0.0,5,0.0,0.0,5,0.0,0.0,5,0.0,0.0,5,0.0,0.0,5,0.0,0.0,5,0.0,0.0,5,0.0,0.0,5,0.0,0.0,5,0.0,0.0,5,0.0,0.0,5,0.0,0.0,5,0.0,0.0,5
count3,regime_marginal,observed,transit_rough,record_stable,carry_minus_ewma,0.0,0.0,5,0.0,0.0,5,0.0,0.0,5,0.0,0.0,5,0.0,0.0,5,0.0,0.0,5,0.0,0.0,5,0.0,0.0,5,0.0,0.0,5,0.0,0.0,5,0.0,0.0,5,0.0,0.0,5,0.0,0.0,5,0.0,0.0,5,0.0,0.0,5,0.0,0.0,5,0.0,0.0,5,0.0,0.0,5
count3,regime_marginal,observed,transit_rough,stable,carry_minus_ewma,0.0,0.0,5,0.0,0.0,5,0.0,0.0,5,0.0,0.0,5,0.0,0.0,5,0.0,0.0,5,0.0,0.0,5,0.0,0.0,5,0.0,0.0,5,0.0,0.0,5,0.0,0.0,5,0.0,0.0,5,0.0,0.0,5,0.0,0.0,5,0.0,0.0,5,0.0,0.0,5,0.0,0.0,5,0.0,0.0,5
count3,regime_marginal,observed,transit_smooth,all,carry_minus_ewma,0.0,0.0,5,0.0,0.0,5,0.0,0.0,5,0.0,0.0,5,0.0,0.0,5,0.0,0.0,5,0.0,0.0,5,0.0,0.0,5,0.0,0.0,5,0.0,0.0,5,0.0,0.0,5,0.0,0.0,5,0.0,0.0,5,0.0,0.0,5,0.0,0.0,5,0.0,0.0,5,0.0,0.0,5,0.0,0.0,5
count3,regime_marginal,observed,transit_smooth,record_stable,carry_minus_ewma,0.0,0.0,5,0.0,0.0,5,0.0,0.0,5,0.0,0.0,5,0.0,0.0,5,0.0,0.0,5,0.0,0.0,5,0.0,0.0,5,0.0,0.0,5,0.0,0.0,5,0.0,0.0,5,0.0,0.0,5,0.0,0.0,5,0.0,0.0,5,0.0,0.0,5,0.0,0.0,5,0.0,0.0,5,0.0,0.0,5
count3,regime_marginal,observed,transit_smooth,stable,carry_minus_ewma,0.0,0.0,5,0.0,0.0,5,0.0,0.0,5,0.0,0.0,5,0.0,0.0,5,0.0,0.0,5,0.0,0.0,5,0.0,0.0,5,0.0,0.0,5,0.0,0.0,5,0.0,0.0,5,0.0,0.0,5,0.0,0.0,5,0.0,0.0,5,0.0,0.0,5,0.0,0.0,5,0.0,0.0,5,0.0,0.0,5
count3,regime_marginal,observed,warehouse,all,carry_minus_ewma,0.0,0.0,5,0.0,0.0,5,0.0,0.0,5,0.0,0.0,5,0.0,0.0,5,0.0,0.0,5,0.0,0.0,5,0.0,0.0,5,0.0,0.0,5,0.0,0.0,5,0.0,0.0,5,0.0,0.0,5,0.0,0.0,5,0.0,0.0,5,0.0,0.0,5,0.0,0.0,5,0.0,0.0,5,0.0,0.0,5
count3,regime_marginal,observed,warehouse,record_stable,carry_minus_ewma,0.0,0.0,5,0.0,0.0,5,0.0,0.0,5,0.0,0.0,5,0.0,0.0,5,0.0,0.0,5,0.0,0.0,5,0.0,0.0,5,0.0,0.0,5,0.0,0.0,5,0.0,0.0,5,0.0,0.0,5,0.0,0.0,5,0.0,0.0,5,0.0,0.0,5,0.0,0.0,5,0.0,0.0,5,0.0,0.0,5
count3,regime_marginal,observed,warehouse,stable,carry_minus_ewma,0.0,0.0,5,0.0,0.0,5,0.0,0.0,5,0.0,0.0,5,0.0,0.0,5,0.0,0.0,5,0.0,0.0,5,0.0,0.0,5,0.0,0.0,5,0.0,0.0,5,0.0,0.0,5,0.0,0.0,5,0.0,0.0,5,0.0,0.0,5,0.0,0.0,5,0.0,0.0,5,0.0,0.0,5,0.0,0.0,5
duration24,regime_conditional,clean,all,all,carry_minus_ewma,0.0,0.0,5,,,0,0.0,0.0,5,,,0,0.0,0.0,5,,,0,,,0,,,0,,,0,,,0,0.0,0.0,5,0.0,0.0,5,0.0,0.0,5,0.0,0.0,5,0.0,0.0,5,,,0,0.0,0.0,5,,,0
duration24,regime_conditional,clean,all,record_stable,carry_minus_ewma,0.0,0.0,5,,,0,0.0,0.0,5,,,0,0.0,0.0,5,,,0,,,0,,,0,,,0,,,0,0.0,0.0,5,0.0,0.0,5,0.0,0.0,5,0.0,0.0,5,0.0,0.0,5,,,0,0.0,0.0,5,,,0
duration24,regime_conditional,clean,all,stable,carry_minus_ewma,0.0,0.0,5,,,0,0.0,0.0,5,,,0,0.0,0.0,5,,,0,,,0,,,0,,,0,,,0,0.0,0.0,5,0.0,0.0,5,0.0,0.0,5,0.0,0.0,5,0.0,0.0,5,,,0,0.0,0.0,5,,,0
duration24,regime_conditional,clean,transit_rough,all,carry_minus_ewma,0.0,0.0,5,,,0,0.0,0.0,5,,,0,0.0,0.0,5,,,0,,,0,,,0,,,0,,,0,0.0,0.0,5,0.0,0.0,5,0.0,0.0,5,0.0,0.0,5,0.0,0.0,5,,,0,0.0,0.0,5,,,0
duration24,regime_conditional,clean,transit_rough,record_stable,carry_minus_ewma,0.0,0.0,5,,,0,0.0,0.0,5,,,0,0.0,0.0,5,,,0,,,0,,,0,,,0,,,0,0.0,0.0,5,0.0,0.0,5,0.0,0.0,5,0.0,0.0,5,0.0,0.0,5,,,0,0.0,0.0,5,,,0
duration24,regime_conditional,clean,transit_rough,stable,carry_minus_ewma,0.0,0.0,5,,,0,0.0,0.0,5,,,0,0.0,0.0,5,,,0,,,0,,,0,,,0,,,0,0.0,0.0,5,0.0,0.0,5,0.0,0.0,5,0.0,0.0,5,0.0,0.0,5,,,0,0.0,0.0,5,,,0
duration24,regime_conditional,clean,transit_smooth,all,carry_minus_ewma,0.0,0.0,5,,,0,0.0,0.0,5,,,0,0.0,0.0,5,,,0,,,0,,,0,,,0,,,0,0.0,0.0,5,0.0,0.0,5,0.0,0.0,5,0.0,0.0,5,0.0,0.0,5,,,0,0.0,0.0,5,,,0
duration24,regime_conditional,clean,transit_smooth,record_stable,carry_minus_ewma,0.0,0.0,5,,,0,0.0,0.0,5,,,0,0.0,0.0,5,,,0,,,0,,,0,,,0,,,0,0.0,0.0,5,0.0,0.0,5,0.0,0.0,5,0.0,0.0,5,0.0,0.0,5,,,0,0.0,0.0,5,,,0
duration24,regime_conditional,clean,transit_smooth,stable,carry_minus_ewma,0.0,0.0,5,,,0,0.0,0.0,5,,,0,0.0,0.0,5,,,0,,,0,,,0,,,0,,,0,0.0,0.0,5,0.0,0.0,5,0.0,0.0,5,0.0,0.0,5,0.0,0.0,5,,,0,0.0,0.0,5,,,0
duration24,regime_conditional,clean,warehouse,all,carry_minus_ewma,0.0,0.0,5,,,0,0.0,0.0,5,,,0,0.0,0.0,5,,,0,,,0,,,0,,,0,,,0,0.0,0.0,5,0.0,0.0,5,0.0,0.0,5,0.0,0.0,5,0.0,0.0,5,,,0,0.0,0.0,5,,,0
duration24,regime_conditional,clean,warehouse,record_stable,carry_minus_ewma,0.0,0.0,5,,,0,0.0,0.0,5,,,0,0.0,0.0,5,,,0,,,0,,,0,,,0,,,0,0.0,0.0,5,0.0,0.0,5,0.0,0.0,5,0.0,0.0,5,0.0,0.0,5,,,0,0.0,0.0,5,,,0
duration24,regime_conditional,clean,warehouse,stable,carry_minus_ewma,0.0,0.0,5,,,0,0.0,0.0,5,,,0,0.0,0.0,5,,,0,,,0,,,0,,,0,,,0,0.0,0.0,5,0.0,0.0,5,0.0,0.0,5,0.0,0.0,5,0.0,0.0,5,,,0,0.0,0.0,5,,,0
duration24,regime_conditional,observed,all,all,carry_minus_ewma,0.0,0.0,5,0.0,0.0,5,0.0,0.0,5,0.0,0.0,5,0.0,0.0,5,0.0,0.0,5,0.0,0.0,5,0.0,0.0,5,0.0,0.0,5,0.0,0.0,5,0.0,0.0,5,0.0,0.0,5,0.0,0.0,5,0.0,0.0,5,0.0,0.0,5,0.0,0.0,5,0.0,0.0,5,0.0,0.0,5
duration24,regime_conditional,observed,all,record_stable,carry_minus_ewma,0.0,0.0,5,0.0,0.0,5,0.0,0.0,5,0.0,0.0,5,0.0,0.0,5,0.0,0.0,5,0.0,0.0,5,0.0,0.0,5,0.0,0.0,5,0.0,0.0,5,0.0,0.0,5,0.0,0.0,5,0.0,0.0,5,0.0,0.0,5,0.0,0.0,5,0.0,0.0,5,0.0,0.0,5,0.0,0.0,5
duration24,regime_conditional,observed,all,stable,carry_minus_ewma,0.0,0.0,5,0.0,0.0,5,0.0,0.0,5,0.0,0.0,5,0.0,0.0,5,0.0,0.0,5,0.0,0.0,5,0.0,0.0,5,0.0,0.0,5,0.0,0.0,5,0.0,0.0,5,0.0,0.0,5,0.0,0.0,5,0.0,0.0,5,0.0,0.0,5,0.0,0.0,5,0.0,0.0,5,0.0,0.0,5
duration24,regime_conditional,observed,transit_rough,all,carry_minus_ewma,0.0,0.0,5,0.0,0.0,5,0.0,0.0,5,0.0,0.0,5,0.0,0.0,5,0.0,0.0,5,0.0,0.0,5,0.0,0.0,5,0.0,0.0,5,0.0,0.0,5,0.0,0.0,5,0.0,0.0,5,0.0,0.0,5,0.0,0.0,5,0.0,0.0,5,0.0,0.0,5,0.0,0.0,5,0.0,0.0,5
duration24,regime_conditional,observed,transit_rough,record_stable,carry_minus_ewma,0.0,0.0,5,0.0,0.0,5,0.0,0.0,5,0.0,0.0,5,0.0,0.0,5,0.0,0.0,5,0.0,0.0,5,0.0,0.0,5,0.0,0.0,5,0.0,0.0,5,0.0,0.0,5,0.0,0.0,5,0.0,0.0,5,0.0,0.0,5,0.0,0.0,5,0.0,0.0,5,0.0,0.0,5,0.0,0.0,5
duration24,regime_conditional,observed,transit_rough,stable,carry_minus_ewma,0.0,0.0,5,0.0,0.0,5,0.0,0.0,5,0.0,0.0,5,0.0,0.0,5,0.0,0.0,5,0.0,0.0,5,0.0,0.0,5,0.0,0.0,5,0.0,0.0,5,0.0,0.0,5,0.0,0.0,5,0.0,0.0,5,0.0,0.0,5,0.0,0.0,5,0.0,0.0,5,0.0,0.0,5,0.0,0.0,5
duration24,regime_conditional,observed,transit_smooth,all,carry_minus_ewma,0.0,0.0,5,0.0,0.0,5,0.0,0.0,5,0.0,0.0,5,0.0,0.0,5,0.0,0.0,5,0.0,0.0,5,0.0,0.0,5,0.0,0.0,5,0.0,0.0,5,0.0,0.0,5,0.0,0.0,5,0.0,0.0,5,0.0,0.0,5,0.0,0.0,5,0.0,0.0,5,0.0,0.0,5,0.0,0.0,5
duration24,regime_conditional,observed,transit_smooth,record_stable,carry_minus_ewma,0.0,0.0,5,0.0,0.0,5,0.0,0.0,5,0.0,0.0,5,0.0,0.0,5,0.0,0.0,5,0.0,0.0,5,0.0,0.0,5,0.0,0.0,5,0.0,0.0,5,0.0,0.0,5,0.0,0.0,5,0.0,0.0,5,0.0,0.0,5,0.0,0.0,5,0.0,0.0,5,0.0,0.0,5,0.0,0.0,5
duration24,regime_conditional,observed,transit_smooth,stable,carry_minus_ewma,0.0,0.0,5,0.0,0.0,5,0.0,0.0,5,0.0,0.0,5,0.0,0.0,5,0.0,0.0,5,0.0,0.0,5,0.0,0.0,5,0.0,0.0,5,0.0,0.0,5,0.0,0.0,5,0.0,0.0,5,0.0,0.0,5,0.0,0.0,5,0.0,0.0,5,0.0,0.0,5,0.0,0.0,5,0.0,0.0,5
duration24,regime_conditional,observed,warehouse,all,carry_minus_ewma,0.0,0.0,5,0.0,0.0,5,0.0,0.0,5,0.0,0.0,5,0.0,0.0,5,0.0,0.0,5,0.0,0.0,5,0.0,0.0,5,0.0,0.0,5,0.0,0.0,5,0.0,0.0,5,0.0,0.0,5,0.0,0.0,5,0.0,0.0,5,0.0,0.0,5,0.0,0.0,5,0.0,0.0,5,0.0,0.0,5
duration24,regime_conditional,observed,warehouse,record_stable,carry_minus_ewma,0.0,0.0,5,0.0,0.0,5,0.0,0.0,5,0.0,0.0,5,0.0,0.0,5,0.0,0.0,5,0.0,0.0,5,0.0,0.0,5,0.0,0.0,5,0.0,0.0,5,0.0,0.0,5,0.0,0.0,5,0.0,0.0,5,0.0,0.0,5,0.0,0.0,5,0.0,0.0,5,0.0,0.0,5,0.0,0.0,5
duration24,regime_conditional,observed,warehouse,stable,carry_minus_ewma,0.0,0.0,5,0.0,0.0,5,0.0,0.0,5,0.0,0.0,5,0.0,0.0,5,0.0,0.0,5,0.0,0.0,5,0.0,0.0,5,0.0,0.0,5,0.0,0.0,5,0.0,0.0,5,0.0,0.0,5,0.0,0.0,5,0.0,0.0,5,0.0,0.0,5,0.0,0.0,5,0.0,0.0,5,0.0,0.0,5
duration24,regime_marginal,clean,all,all,carry_minus_ewma,0.0,0.0,5,,,0,0.0,0.0,5,,,0,0.0,0.0,5,,,0,,,0,,,0,,,0,,,0,0.0,0.0,5,0.0,0.0,5,0.0,0.0,5,0.0,0.0,5,0.0,0.0,5,,,0,0.0,0.0,5,,,0
duration24,regime_marginal,clean,all,record_stable,carry_minus_ewma,0.0,0.0,5,,,0,0.0,0.0,5,,,0,0.0,0.0,5,,,0,,,0,,,0,,,0,,,0,0.0,0.0,5,0.0,0.0,5,0.0,0.0,5,0.0,0.0,5,0.0,0.0,5,,,0,0.0,0.0,5,,,0
duration24,regime_marginal,clean,all,stable,carry_minus_ewma,0.0,0.0,5,,,0,0.0,0.0,5,,,0,0.0,0.0,5,,,0,,,0,,,0,,,0,,,0,0.0,0.0,5,0.0,0.0,5,0.0,0.0,5,0.0,0.0,5,0.0,0.0,5,,,0,0.0,0.0,5,,,0
duration24,regime_marginal,clean,transit_rough,all,carry_minus_ewma,0.0,0.0,5,,,0,0.0,0.0,5,,,0,0.0,0.0,5,,,0,,,0,,,0,,,0,,,0,0.0,0.0,5,0.0,0.0,5,0.0,0.0,5,0.0,0.0,5,0.0,0.0,5,,,0,0.0,0.0,5,,,0
duration24,regime_marginal,clean,transit_rough,record_stable,carry_minus_ewma,0.0,0.0,5,,,0,0.0,0.0,5,,,0,0.0,0.0,5,,,0,,,0,,,0,,,0,,,0,0.0,0.0,5,0.0,0.0,5,0.0,0.0,5,0.0,0.0,5,0.0,0.0,5,,,0,0.0,0.0,5,,,0
duration24,regime_marginal,clean,transit_rough,stable,carry_minus_ewma,0.0,0.0,5,,,0,0.0,0.0,5,,,0,0.0,0.0,5,,,0,,,0,,,0,,,0,,,0,0.0,0.0,5,0.0,0.0,5,0.0,0.0,5,0.0,0.0,5,0.0,0.0,5,,,0,0.0,0.0,5,,,0
duration24,regime_marginal,clean,transit_smooth,all,carry_minus_ewma,0.0,0.0,4,,,0,0.0,0.0,4,,,0,0.0,0.0,5,,,0,,,0,,,0,,,0,,,0,0.0,0.0,5,0.0,0.0,5,0.0,0.0,5,0.0,0.0,5,0.0,0.0,5,,,0,0.0,0.0,4,,,0
duration24,regime_marginal,clean,transit_smooth,record_stable,carry_minus_ewma,0.0,0.0,4,,,0,0.0,0.0,4,,,0,0.0,0.0,5,,,0,,,0,,,0,,,0,,,0,0.0,0.0,5,0.0,0.0,5,0.0,0.0,5,0.0,0.0,5,0.0,0.0,5,,,0,0.0,0.0,4,,,0
duration24,regime_marginal,clean,transit_smooth,stable,carry_minus_ewma,0.0,0.0,4,,,0,0.0,0.0,4,,,0,0.0,0.0,5,,,0,,,0,,,0,,,0,,,0,0.0,0.0,5,0.0,0.0,5,0.0,0.0,5,0.0,0.0,5,0.0,0.0,5,,,0,0.0,0.0,4,,,0
duration24,regime_marginal,clean,warehouse,all,carry_minus_ewma,0.0,0.0,5,,,0,0.0,0.0,5,,,0,0.0,0.0,5,,,0,,,0,,,0,,,0,,,0,0.0,0.0,5,0.0,0.0,5,0.0,0.0,5,0.0,0.0,5,0.0,0.0,5,,,0,0.0,0.0,5,,,0
duration24,regime_marginal,clean,warehouse,record_stable,carry_minus_ewma,0.0,0.0,5,,,0,0.0,0.0,5,,,0,0.0,0.0,5,,,0,,,0,,,0,,,0,,,0,0.0,0.0,5,0.0,0.0,5,0.0,0.0,5,0.0,0.0,5,0.0,0.0,5,,,0,0.0,0.0,5,,,0
duration24,regime_marginal,clean,warehouse,stable,carry_minus_ewma,0.0,0.0,5,,,0,0.0,0.0,5,,,0,0.0,0.0,5,,,0,,,0,,,0,,,0,,,0,0.0,0.0,5,0.0,0.0,5,0.0,0.0,5,0.0,0.0,5,0.0,0.0,5,,,0,0.0,0.0,5,,,0
duration24,regime_marginal,observed,all,all,carry_minus_ewma,0.0,0.0,5,0.0,0.0,5,0.0,0.0,5,0.0,0.0,5,0.0,0.0,5,0.0,0.0,5,0.0,0.0,5,0.0,0.0,5,0.0,0.0,5,0.0,0.0,5,0.0,0.0,5,0.0,0.0,5,0.0,0.0,5,0.0,0.0,5,0.0,0.0,5,0.0,0.0,5,0.0,0.0,5,0.0,0.0,5
duration24,regime_marginal,observed,all,record_stable,carry_minus_ewma,0.0,0.0,5,0.0,0.0,5,0.0,0.0,5,0.0,0.0,5,0.0,0.0,5,0.0,0.0,5,0.0,0.0,5,0.0,0.0,5,0.0,0.0,5,0.0,0.0,5,0.0,0.0,5,0.0,0.0,5,0.0,0.0,5,0.0,0.0,5,0.0,0.0,5,0.0,0.0,5,0.0,0.0,5,0.0,0.0,5
duration24,regime_marginal,observed,all,stable,carry_minus_ewma,0.0,0.0,5,0.0,0.0,5,0.0,0.0,5,0.0,0.0,5,0.0,0.0,5,0.0,0.0,5,0.0,0.0,5,0.0,0.0,5,0.0,0.0,5,0.0,0.0,5,0.0,0.0,5,0.0,0.0,5,0.0,0.0,5,0.0,0.0,5,0.0,0.0,5,0.0,0.0,5,0.0,0.0,5,0.0,0.0,5
duration24,regime_marginal,observed,transit_rough,all,carry_minus_ewma,0.0,0.0,5,0.0,0.0,5,0.0,0.0,5,0.0,0.0,5,0.0,0.0,5,0.0,0.0,5,0.0,0.0,5,0.0,0.0,5,0.0,0.0,5,0.0,0.0,5,0.0,0.0,5,0.0,0.0,5,0.0,0.0,5,0.0,0.0,5,0.0,0.0,5,0.0,0.0,5,0.0,0.0,5,0.0,0.0,5
duration24,regime_marginal,observed,transit_rough,record_stable,carry_minus_ewma,0.0,0.0,5,0.0,0.0,5,0.0,0.0,5,0.0,0.0,5,0.0,0.0,5,0.0,0.0,5,0.0,0.0,5,0.0,0.0,5,0.0,0.0,5,0.0,0.0,5,0.0,0.0,5,0.0,0.0,5,0.0,0.0,5,0.0,0.0,5,0.0,0.0,5,0.0,0.0,5,0.0,0.0,5,0.0,0.0,5
duration24,regime_marginal,observed,transit_rough,stable,carry_minus_ewma,0.0,0.0,5,0.0,0.0,5,0.0,0.0,5,0.0,0.0,5,0.0,0.0,5,0.0,0.0,5,0.0,0.0,5,0.0,0.0,5,0.0,0.0,5,0.0,0.0,5,0.0,0.0,5,0.0,0.0,5,0.0,0.0,5,0.0,0.0,5,0.0,0.0,5,0.0,0.0,5,0.0,0.0,5,0.0,0.0,5
duration24,regime_marginal,observed,transit_smooth,all,carry_minus_ewma,0.0,0.0,5,0.0,0.0,5,0.0,0.0,5,0.0,0.0,5,0.0,0.0,5,0.0,0.0,5,0.0,0.0,5,0.0,0.0,5,0.0,0.0,5,0.0,0.0,5,0.0,0.0,5,0.0,0.0,5,0.0,0.0,5,0.0,0.0,5,0.0,0.0,5,0.0,0.0,5,0.0,0.0,5,0.0,0.0,5
duration24,regime_marginal,observed,transit_smooth,record_stable,carry_minus_ewma,0.0,0.0,5,0.0,0.0,5,0.0,0.0,5,0.0,0.0,5,0.0,0.0,5,0.0,0.0,5,0.0,0.0,5,0.0,0.0,5,0.0,0.0,5,0.0,0.0,5,0.0,0.0,5,0.0,0.0,5,0.0,0.0,5,0.0,0.0,5,0.0,0.0,5,0.0,0.0,5,0.0,0.0,5,0.0,0.0,5
duration24,regime_marginal,observed,transit_smooth,stable,carry_minus_ewma,0.0,0.0,5,0.0,0.0,5,0.0,0.0,5,0.0,0.0,5,0.0,0.0,5,0.0,0.0,5,0.0,0.0,5,0.0,0.0,5,0.0,0.0,5,0.0,0.0,5,0.0,0.0,5,0.0,0.0,5,0.0,0.0,5,0.0,0.0,5,0.0,0.0,5,0.0,0.0,5,0.0,0.0,5,0.0,0.0,5
duration24,regime_marginal,observed,warehouse,all,carry_minus_ewma,0.0,0.0,5,0.0,0.0,5,0.0,0.0,5,0.0,0.0,5,0.0,0.0,5,0.0,0.0,5,0.0,0.0,5,0.0,0.0,5,0.0,0.0,5,0.0,0.0,5,0.0,0.0,5,0.0,0.0,5,0.0,0.0,5,0.0,0.0,5,0.0,0.0,5,0.0,0.0,5,0.0,0.0,5,0.0,0.0,5
duration24,regime_marginal,observed,warehouse,record_stable,carry_minus_ewma,0.0,0.0,5,0.0,0.0,5,0.0,0.0,5,0.0,0.0,5,0.0,0.0,5,0.0,0.0,5,0.0,0.0,5,0.0,0.0,5,0.0,0.0,5,0.0,0.0,5,0.0,0.0,5,0.0,0.0,5,0.0,0.0,5,0.0,0.0,5,0.0,0.0,5,0.0,0.0,5,0.0,0.0,5,0.0,0.0,5
duration24,regime_marginal,observed,warehouse,stable,carry_minus_ewma,0.0,0.0,5,0.0,0.0,5,0.0,0.0,5,0.0,0.0,5,0.0,0.0,5,0.0,0.0,5,0.0,0.0,5,0.0,0.0,5,0.0,0.0,5,0.0,0.0,5,0.0,0.0,5,0.0,0.0,5,0.0,0.0,5,0.0,0.0,5,0.0,0.0,5,0.0,0.0,5,0.0,0.0,5,0.0,0.0,5
duration4,regime_conditional,clean,all,all,carry_minus_ewma,0.0,0.0,5,,,0,0.0,0.0,5,,,0,0.0,0.0,5,,,0,,,0,,,0,,,0,,,0,0.0,0.0,5,0.0,0.0,5,0.0,0.0,5,0.0,0.0,5,0.0,0.0,5,,,0,0.0,0.0,5,,,0
duration4,regime_conditional,clean,all,record_stable,carry_minus_ewma,0.0,0.0,5,,,0,0.0,0.0,5,,,0,0.0,0.0,5,,,0,,,0,,,0,,,0,,,0,0.0,0.0,5,0.0,0.0,5,0.0,0.0,5,0.0,0.0,5,0.0,0.0,5,,,0,0.0,0.0,5,,,0
duration4,regime_conditional,clean,all,stable,carry_minus_ewma,0.0,0.0,5,,,0,0.0,0.0,5,,,0,0.0,0.0,5,,,0,,,0,,,0,,,0,,,0,0.0,0.0,5,0.0,0.0,5,0.0,0.0,5,0.0,0.0,5,0.0,0.0,5,,,0,0.0,0.0,5,,,0
duration4,regime_conditional,clean,transit_rough,all,carry_minus_ewma,0.0,0.0,5,,,0,0.0,0.0,5,,,0,0.0,0.0,5,,,0,,,0,,,0,,,0,,,0,0.0,0.0,5,0.0,0.0,5,0.0,0.0,5,0.0,0.0,5,0.0,0.0,5,,,0,0.0,0.0,5,,,0
duration4,regime_conditional,clean,transit_rough,record_stable,carry_minus_ewma,0.0,0.0,5,,,0,0.0,0.0,5,,,0,0.0,0.0,5,,,0,,,0,,,0,,,0,,,0,0.0,0.0,5,0.0,0.0,5,0.0,0.0,5,0.0,0.0,5,0.0,0.0,5,,,0,0.0,0.0,5,,,0
duration4,regime_conditional,clean,transit_rough,stable,carry_minus_ewma,0.0,0.0,5,,,0,0.0,0.0,5,,,0,0.0,0.0,5,,,0,,,0,,,0,,,0,,,0,0.0,0.0,5,0.0,0.0,5,0.0,0.0,5,0.0,0.0,5,0.0,0.0,5,,,0,0.0,0.0,5,,,0
duration4,regime_conditional,clean,transit_smooth,all,carry_minus_ewma,0.0,0.0,5,,,0,0.0,0.0,5,,,0,0.0,0.0,5,,,0,,,0,,,0,,,0,,,0,0.0,0.0,5,0.0,0.0,5,0.0,0.0,5,0.0,0.0,5,0.0,0.0,5,,,0,0.0,0.0,5,,,0
duration4,regime_conditional,clean,transit_smooth,record_stable,carry_minus_ewma,0.0,0.0,5,,,0,0.0,0.0,5,,,0,0.0,0.0,5,,,0,,,0,,,0,,,0,,,0,0.0,0.0,5,0.0,0.0,5,0.0,0.0,5,0.0,0.0,5,0.0,0.0,5,,,0,0.0,0.0,5,,,0
duration4,regime_conditional,clean,transit_smooth,stable,carry_minus_ewma,0.0,0.0,5,,,0,0.0,0.0,5,,,0,0.0,0.0,5,,,0,,,0,,,0,,,0,,,0,0.0,0.0,5,0.0,0.0,5,0.0,0.0,5,0.0,0.0,5,0.0,0.0,5,,,0,0.0,0.0,5,,,0
duration4,regime_conditional,clean,warehouse,all,carry_minus_ewma,0.0,0.0,5,,,0,0.0,0.0,5,,,0,0.0,0.0,5,,,0,,,0,,,0,,,0,,,0,0.0,0.0,5,0.0,0.0,5,0.0,0.0,5,0.0,0.0,5,0.0,0.0,5,,,0,0.0,0.0,5,,,0
duration4,regime_conditional,clean,warehouse,record_stable,carry_minus_ewma,0.0,0.0,5,,,0,0.0,0.0,5,,,0,0.0,0.0,5,,,0,,,0,,,0,,,0,,,0,0.0,0.0,5,0.0,0.0,5,0.0,0.0,5,0.0,0.0,5,0.0,0.0,5,,,0,0.0,0.0,5,,,0
duration4,regime_conditional,clean,warehouse,stable,carry_minus_ewma,0.0,0.0,5,,,0,0.0,0.0,5,,,0,0.0,0.0,5,,,0,,,0,,,0,,,0,,,0,0.0,0.0,5,0.0,0.0,5,0.0,0.0,5,0.0,0.0,5,0.0,0.0,5,,,0,0.0,0.0,5,,,0
duration4,regime_conditional,observed,all,all,carry_minus_ewma,0.0,0.0,5,0.0,0.0,5,0.0,0.0,5,0.0,0.0,5,0.0,0.0,5,0.0,0.0,5,0.0,0.0,5,0.0,0.0,5,0.0,0.0,5,0.0,0.0,5,0.0,0.0,5,0.0,0.0,5,0.0,0.0,5,0.0,0.0,5,0.0,0.0,5,0.0,0.0,5,0.0,0.0,5,0.0,0.0,5
duration4,regime_conditional,observed,all,record_stable,carry_minus_ewma,0.0,0.0,5,0.0,0.0,5,0.0,0.0,5,0.0,0.0,5,0.0,0.0,5,0.0,0.0,5,0.0,0.0,5,0.0,0.0,5,0.0,0.0,5,0.0,0.0,5,0.0,0.0,5,0.0,0.0,5,0.0,0.0,5,0.0,0.0,5,0.0,0.0,5,0.0,0.0,5,0.0,0.0,5,0.0,0.0,5
duration4,regime_conditional,observed,all,stable,carry_minus_ewma,0.0,0.0,5,0.0,0.0,5,0.0,0.0,5,0.0,0.0,5,0.0,0.0,5,0.0,0.0,5,0.0,0.0,5,0.0,0.0,5,0.0,0.0,5,0.0,0.0,5,0.0,0.0,5,0.0,0.0,5,0.0,0.0,5,0.0,0.0,5,0.0,0.0,5,0.0,0.0,5,0.0,0.0,5,0.0,0.0,5
duration4,regime_conditional,observed,transit_rough,all,carry_minus_ewma,0.0,0.0,5,0.0,0.0,5,0.0,0.0,5,0.0,0.0,5,0.0,0.0,5,0.0,0.0,5,0.0,0.0,5,0.0,0.0,5,0.0,0.0,5,0.0,0.0,5,0.0,0.0,5,0.0,0.0,5,0.0,0.0,5,0.0,0.0,5,0.0,0.0,5,0.0,0.0,5,0.0,0.0,5,0.0,0.0,5
duration4,regime_conditional,observed,transit_rough,record_stable,carry_minus_ewma,0.0,0.0,5,0.0,0.0,5,0.0,0.0,5,0.0,0.0,5,0.0,0.0,5,0.0,0.0,5,0.0,0.0,5,0.0,0.0,5,0.0,0.0,5,0.0,0.0,5,0.0,0.0,5,0.0,0.0,5,0.0,0.0,5,0.0,0.0,5,0.0,0.0,5,0.0,0.0,5,0.0,0.0,5,0.0,0.0,5
duration4,regime_conditional,observed,transit_rough,stable,carry_minus_ewma,0.0,0.0,5,0.0,0.0,5,0.0,0.0,5,0.0,0.0,5,0.0,0.0,5,0.0,0.0,5,0.0,0.0,5,0.0,0.0,5,0.0,0.0,5,0.0,0.0,5,0.0,0.0,5,0.0,0.0,5,0.0,0.0,5,0.0,0.0,5,0.0,0.0,5,0.0,0.0,5,0.0,0.0,5,0.0,0.0,5
duration4,regime_conditional,observed,transit_smooth,all,carry_minus_ewma,0.0,0.0,5,0.0,0.0,5,0.0,0.0,5,0.0,0.0,5,0.0,0.0,5,0.0,0.0,5,0.0,0.0,5,0.0,0.0,5,0.0,0.0,5,0.0,0.0,5,0.0,0.0,5,0.0,0.0,5,0.0,0.0,5,0.0,0.0,5,0.0,0.0,5,0.0,0.0,5,0.0,0.0,5,0.0,0.0,5
duration4,regime_conditional,observed,transit_smooth,record_stable,carry_minus_ewma,0.0,0.0,5,0.0,0.0,5,0.0,0.0,5,0.0,0.0,5,0.0,0.0,5,0.0,0.0,5,0.0,0.0,5,0.0,0.0,5,0.0,0.0,5,0.0,0.0,5,0.0,0.0,5,0.0,0.0,5,0.0,0.0,5,0.0,0.0,5,0.0,0.0,5,0.0,0.0,5,0.0,0.0,5,0.0,0.0,5
duration4,regime_conditional,observed,transit_smooth,stable,carry_minus_ewma,0.0,0.0,5,0.0,0.0,5,0.0,0.0,5,0.0,0.0,5,0.0,0.0,5,0.0,0.0,5,0.0,0.0,5,0.0,0.0,5,0.0,0.0,5,0.0,0.0,5,0.0,0.0,5,0.0,0.0,5,0.0,0.0,5,0.0,0.0,5,0.0,0.0,5,0.0,0.0,5,0.0,0.0,5,0.0,0.0,5
duration4,regime_conditional,observed,warehouse,all,carry_minus_ewma,0.0,0.0,5,0.0,0.0,5,0.0,0.0,5,0.0,0.0,5,0.0,0.0,5,0.0,0.0,5,0.0,0.0,5,0.0,0.0,5,0.0,0.0,5,0.0,0.0,5,0.0,0.0,5,0.0,0.0,5,0.0,0.0,5,0.0,0.0,5,0.0,0.0,5,0.0,0.0,5,0.0,0.0,5,0.0,0.0,5
duration4,regime_conditional,observed,warehouse,record_stable,carry_minus_ewma,0.0,0.0,5,0.0,0.0,5,0.0,0.0,5,0.0,0.0,5,0.0,0.0,5,0.0,0.0,5,0.0,0.0,5,0.0,0.0,5,0.0,0.0,5,0.0,0.0,5,0.0,0.0,5,0.0,0.0,5,0.0,0.0,5,0.0,0.0,5,0.0,0.0,5,0.0,0.0,5,0.0,0.0,5,0.0,0.0,5
duration4,regime_conditional,observed,warehouse,stable,carry_minus_ewma,0.0,0.0,5,0.0,0.0,5,0.0,0.0,5,0.0,0.0,5,0.0,0.0,5,0.0,0.0,5,0.0,0.0,5,0.0,0.0,5,0.0,0.0,5,0.0,0.0,5,0.0,0.0,5,0.0,0.0,5,0.0,0.0,5,0.0,0.0,5,0.0,0.0,5,0.0,0.0,5,0.0,0.0,5,0.0,0.0,5
duration4,regime_marginal,clean,all,all,carry_minus_ewma,0.0,0.0,5,,,0,0.0,0.0,5,,,0,0.0,0.0,5,,,0,,,0,,,0,,,0,,,0,0.0,0.0,5,0.0,0.0,5,0.0,0.0,5,0.0,0.0,5,0.0,0.0,5,,,0,0.0,0.0,5,,,0
duration4,regime_marginal,clean,all,record_stable,carry_minus_ewma,0.0,0.0,5,,,0,0.0,0.0,5,,,0,0.0,0.0,5,,,0,,,0,,,0,,,0,,,0,0.0,0.0,5,0.0,0.0,5,0.0,0.0,5,0.0,0.0,5,0.0,0.0,5,,,0,0.0,0.0,5,,,0
duration4,regime_marginal,clean,all,stable,carry_minus_ewma,0.0,0.0,5,,,0,0.0,0.0,5,,,0,0.0,0.0,5,,,0,,,0,,,0,,,0,,,0,0.0,0.0,5,0.0,0.0,5,0.0,0.0,5,0.0,0.0,5,0.0,0.0,5,,,0,0.0,0.0,5,,,0
duration4,regime_marginal,clean,transit_rough,all,carry_minus_ewma,0.0,0.0,5,,,0,0.0,0.0,5,,,0,0.0,0.0,5,,,0,,,0,,,0,,,0,,,0,0.0,0.0,5,0.0,0.0,5,0.0,0.0,5,0.0,0.0,5,0.0,0.0,5,,,0,0.0,0.0,5,,,0
duration4,regime_marginal,clean,transit_rough,record_stable,carry_minus_ewma,0.0,0.0,5,,,0,0.0,0.0,5,,,0,0.0,0.0,5,,,0,,,0,,,0,,,0,,,0,0.0,0.0,5,0.0,0.0,5,0.0,0.0,5,0.0,0.0,5,0.0,0.0,5,,,0,0.0,0.0,5,,,0
duration4,regime_marginal,clean,transit_rough,stable,carry_minus_ewma,0.0,0.0,5,,,0,0.0,0.0,5,,,0,0.0,0.0,5,,,0,,,0,,,0,,,0,,,0,0.0,0.0,5,0.0,0.0,5,0.0,0.0,5,0.0,0.0,5,0.0,0.0,5,,,0,0.0,0.0,5,,,0
duration4,regime_marginal,clean,transit_smooth,all,carry_minus_ewma,0.0,0.0,4,,,0,0.0,0.0,4,,,0,0.0,0.0,5,,,0,,,0,,,0,,,0,,,0,0.0,0.0,5,0.0,0.0,5,0.0,0.0,5,0.0,0.0,5,0.0,0.0,5,,,0,0.0,0.0,4,,,0
duration4,regime_marginal,clean,transit_smooth,record_stable,carry_minus_ewma,0.0,0.0,4,,,0,0.0,0.0,4,,,0,0.0,0.0,5,,,0,,,0,,,0,,,0,,,0,0.0,0.0,5,0.0,0.0,5,0.0,0.0,5,0.0,0.0,5,0.0,0.0,5,,,0,0.0,0.0,4,,,0
duration4,regime_marginal,clean,transit_smooth,stable,carry_minus_ewma,0.0,0.0,4,,,0,0.0,0.0,4,,,0,0.0,0.0,5,,,0,,,0,,,0,,,0,,,0,0.0,0.0,5,0.0,0.0,5,0.0,0.0,5,0.0,0.0,5,0.0,0.0,5,,,0,0.0,0.0,4,,,0
duration4,regime_marginal,clean,warehouse,all,carry_minus_ewma,0.0,0.0,5,,,0,0.0,0.0,5,,,0,0.0,0.0,5,,,0,,,0,,,0,,,0,,,0,0.0,0.0,5,0.0,0.0,5,0.0,0.0,5,0.0,0.0,5,0.0,0.0,5,,,0,0.0,0.0,5,,,0
duration4,regime_marginal,clean,warehouse,record_stable,carry_minus_ewma,0.0,0.0,5,,,0,0.0,0.0,5,,,0,0.0,0.0,5,,,0,,,0,,,0,,,0,,,0,0.0,0.0,5,0.0,0.0,5,0.0,0.0,5,0.0,0.0,5,0.0,0.0,5,,,0,0.0,0.0,5,,,0
duration4,regime_marginal,clean,warehouse,stable,carry_minus_ewma,0.0,0.0,5,,,0,0.0,0.0,5,,,0,0.0,0.0,5,,,0,,,0,,,0,,,0,,,0,0.0,0.0,5,0.0,0.0,5,0.0,0.0,5,0.0,0.0,5,0.0,0.0,5,,,0,0.0,0.0,5,,,0
duration4,regime_marginal,observed,all,all,carry_minus_ewma,0.0,0.0,5,0.0,0.0,5,0.0,0.0,5,0.0,0.0,5,0.0,0.0,5,0.0,0.0,5,0.0,0.0,5,0.0,0.0,5,0.0,0.0,5,0.0,0.0,5,0.0,0.0,5,0.0,0.0,5,0.0,0.0,5,0.0,0.0,5,0.0,0.0,5,0.0,0.0,5,0.0,0.0,5,0.0,0.0,5
duration4,regime_marginal,observed,all,record_stable,carry_minus_ewma,0.0,0.0,5,0.0,0.0,5,0.0,0.0,5,0.0,0.0,5,0.0,0.0,5,0.0,0.0,5,0.0,0.0,5,0.0,0.0,5,0.0,0.0,5,0.0,0.0,5,0.0,0.0,5,0.0,0.0,5,0.0,0.0,5,0.0,0.0,5,0.0,0.0,5,0.0,0.0,5,0.0,0.0,5,0.0,0.0,5
duration4,regime_marginal,observed,all,stable,carry_minus_ewma,0.0,0.0,5,0.0,0.0,5,0.0,0.0,5,0.0,0.0,5,0.0,0.0,5,0.0,0.0,5,0.0,0.0,5,0.0,0.0,5,0.0,0.0,5,0.0,0.0,5,0.0,0.0,5,0.0,0.0,5,0.0,0.0,5,0.0,0.0,5,0.0,0.0,5,0.0,0.0,5,0.0,0.0,5,0.0,0.0,5
duration4,regime_marginal,observed,transit_rough,all,carry_minus_ewma,0.0,0.0,5,0.0,0.0,5,0.0,0.0,5,0.0,0.0,5,0.0,0.0,5,0.0,0.0,5,0.0,0.0,5,0.0,0.0,5,0.0,0.0,5,0.0,0.0,5,0.0,0.0,5,0.0,0.0,5,0.0,0.0,5,0.0,0.0,5,0.0,0.0,5,0.0,0.0,5,0.0,0.0,5,0.0,0.0,5
duration4,regime_marginal,observed,transit_rough,record_stable,carry_minus_ewma,0.0,0.0,5,0.0,0.0,5,0.0,0.0,5,0.0,0.0,5,0.0,0.0,5,0.0,0.0,5,0.0,0.0,5,0.0,0.0,5,0.0,0.0,5,0.0,0.0,5,0.0,0.0,5,0.0,0.0,5,0.0,0.0,5,0.0,0.0,5,0.0,0.0,5,0.0,0.0,5,0.0,0.0,5,0.0,0.0,5
duration4,regime_marginal,observed,transit_rough,stable,carry_minus_ewma,0.0,0.0,5,0.0,0.0,5,0.0,0.0,5,0.0,0.0,5,0.0,0.0,5,0.0,0.0,5,0.0,0.0,5,0.0,0.0,5,0.0,0.0,5,0.0,0.0,5,0.0,0.0,5,0.0,0.0,5,0.0,0.0,5,0.0,0.0,5,0.0,0.0,5,0.0,0.0,5,0.0,0.0,5,0.0,0.0,5
duration4,regime_marginal,observed,transit_smooth,all,carry_minus_ewma,0.0,0.0,5,0.0,0.0,5,0.0,0.0,5,0.0,0.0,5,0.0,0.0,5,0.0,0.0,5,0.0,0.0,5,0.0,0.0,5,0.0,0.0,5,0.0,0.0,5,0.0,0.0,5,0.0,0.0,5,0.0,0.0,5,0.0,0.0,5,0.0,0.0,5,0.0,0.0,5,0.0,0.0,5,0.0,0.0,5
duration4,regime_marginal,observed,transit_smooth,record_stable,carry_minus_ewma,0.0,0.0,5,0.0,0.0,5,0.0,0.0,5,0.0,0.0,5,0.0,0.0,5,0.0,0.0,5,0.0,0.0,5,0.0,0.0,5,0.0,0.0,5,0.0,0.0,5,0.0,0.0,5,0.0,0.0,5,0.0,0.0,5,0.0,0.0,5,0.0,0.0,5,0.0,0.0,5,0.0,0.0,5,0.0,0.0,5
duration4,regime_marginal,observed,transit_smooth,stable,carry_minus_ewma,0.0,0.0,5,0.0,0.0,5,0.0,0.0,5,0.0,0.0,5,0.0,0.0,5,0.0,0.0,5,0.0,0.0,5,0.0,0.0,5,0.0,0.0,5,0.0,0.0,5,0.0,0.0,5,0.0,0.0,5,0.0,0.0,5,0.0,0.0,5,0.0,0.0,5,0.0,0.0,5,0.0,0.0,5,0.0,0.0,5
duration4,regime_marginal,observed,warehouse,all,carry_minus_ewma,0.0,0.0,5,0.0,0.0,5,0.0,0.0,5,0.0,0.0,5,0.0,0.0,5,0.0,0.0,5,0.0,0.0,5,0.0,0.0,5,0.0,0.0,5,0.0,0.0,5,0.0,0.0,5,0.0,0.0,5,0.0,0.0,5,0.0,0.0,5,0.0,0.0,5,0.0,0.0,5,0.0,0.0,5,0.0,0.0,5
duration4,regime_marginal,observed,warehouse,record_stable,carry_minus_ewma,0.0,0.0,5,0.0,0.0,5,0.0,0.0,5,0.0,0.0,5,0.0,0.0,5,0.0,0.0,5,0.0,0.0,5,0.0,0.0,5,0.0,0.0,5,0.0,0.0,5,0.0,0.0,5,0.0,0.0,5,0.0,0.0,5,0.0,0.0,5,0.0,0.0,5,0.0,0.0,5,0.0,0.0,5,0.0,0.0,5
duration4,regime_marginal,observed,warehouse,stable,carry_minus_ewma,0.0,0.0,5,0.0,0.0,5,0.0,0.0,5,0.0,0.0,5,0.0,0.0,5,0.0,0.0,5,0.0,0.0,5,0.0,0.0,5,0.0,0.0,5,0.0,0.0,5,0.0,0.0,5,0.0,0.0,5,0.0,0.0,5,0.0,0.0,5,0.0,0.0,5,0.0,0.0,5,0.0,0.0,5,0.0,0.0,5
magnitude2,regime_conditional,clean,all,all,carry_minus_ewma,0.0,0.0,5,,,0,0.0,0.0,5,,,0,0.0,0.0,5,,,0,,,0,,,0,,,0,,,0,0.0,0.0,5,0.0,0.0,5,0.0,0.0,5,0.0,0.0,5,0.0,0.0,5,,,0,0.0,0.0,5,,,0
magnitude2,regime_conditional,clean,all,record_stable,carry_minus_ewma,0.0,0.0,5,,,0,0.0,0.0,5,,,0,0.0,0.0,5,,,0,,,0,,,0,,,0,,,0,0.0,0.0,5,0.0,0.0,5,0.0,0.0,5,0.0,0.0,5,0.0,0.0,5,,,0,0.0,0.0,5,,,0
magnitude2,regime_conditional,clean,all,stable,carry_minus_ewma,0.0,0.0,5,,,0,0.0,0.0,5,,,0,0.0,0.0,5,,,0,,,0,,,0,,,0,,,0,0.0,0.0,5,0.0,0.0,5,0.0,0.0,5,0.0,0.0,5,0.0,0.0,5,,,0,0.0,0.0,5,,,0
magnitude2,regime_conditional,clean,transit_rough,all,carry_minus_ewma,0.0,0.0,5,,,0,0.0,0.0,5,,,0,0.0,0.0,5,,,0,,,0,,,0,,,0,,,0,0.0,0.0,5,0.0,0.0,5,0.0,0.0,5,0.0,0.0,5,0.0,0.0,5,,,0,0.0,0.0,5,,,0
magnitude2,regime_conditional,clean,transit_rough,record_stable,carry_minus_ewma,0.0,0.0,5,,,0,0.0,0.0,5,,,0,0.0,0.0,5,,,0,,,0,,,0,,,0,,,0,0.0,0.0,5,0.0,0.0,5,0.0,0.0,5,0.0,0.0,5,0.0,0.0,5,,,0,0.0,0.0,5,,,0
magnitude2,regime_conditional,clean,transit_rough,stable,carry_minus_ewma,0.0,0.0,5,,,0,0.0,0.0,5,,,0,0.0,0.0,5,,,0,,,0,,,0,,,0,,,0,0.0,0.0,5,0.0,0.0,5,0.0,0.0,5,0.0,0.0,5,0.0,0.0,5,,,0,0.0,0.0,5,,,0
magnitude2,regime_conditional,clean,transit_smooth,all,carry_minus_ewma,0.0,0.0,5,,,0,0.0,0.0,5,,,0,0.0,0.0,5,,,0,,,0,,,0,,,0,,,0,0.0,0.0,5,0.0,0.0,5,0.0,0.0,5,0.0,0.0,5,0.0,0.0,5,,,0,0.0,0.0,5,,,0
magnitude2,regime_conditional,clean,transit_smooth,record_stable,carry_minus_ewma,0.0,0.0,5,,,0,0.0,0.0,5,,,0,0.0,0.0,5,,,0,,,0,,,0,,,0,,,0,0.0,0.0,5,0.0,0.0,5,0.0,0.0,5,0.0,0.0,5,0.0,0.0,5,,,0,0.0,0.0,5,,,0
magnitude2,regime_conditional,clean,transit_smooth,stable,carry_minus_ewma,0.0,0.0,5,,,0,0.0,0.0,5,,,0,0.0,0.0,5,,,0,,,0,,,0,,,0,,,0,0.0,0.0,5,0.0,0.0,5,0.0,0.0,5,0.0,0.0,5,0.0,0.0,5,,,0,0.0,0.0,5,,,0
magnitude2,regime_conditional,clean,warehouse,all,carry_minus_ewma,0.0,0.0,5,,,0,0.0,0.0,5,,,0,0.0,0.0,5,,,0,,,0,,,0,,,0,,,0,0.0,0.0,5,0.0,0.0,5,0.0,0.0,5,0.0,0.0,5,0.0,0.0,5,,,0,0.0,0.0,5,,,0
magnitude2,regime_conditional,clean,warehouse,record_stable,carry_minus_ewma,0.0,0.0,5,,,0,0.0,0.0,5,,,0,0.0,0.0,5,,,0,,,0,,,0,,,0,,,0,0.0,0.0,5,0.0,0.0,5,0.0,0.0,5,0.0,0.0,5,0.0,0.0,5,,,0,0.0,0.0,5,,,0
magnitude2,regime_conditional,clean,warehouse,stable,carry_minus_ewma,0.0,0.0,5,,,0,0.0,0.0,5,,,0,0.0,0.0,5,,,0,,,0,,,0,,,0,,,0,0.0,0.0,5,0.0,0.0,5,0.0,0.0,5,0.0,0.0,5,0.0,0.0,5,,,0,0.0,0.0,5,,,0
magnitude2,regime_conditional,observed,all,all,carry_minus_ewma,0.0,0.0,5,0.0,0.0,5,0.0,0.0,5,0.0,0.0,5,0.0,0.0,5,0.0,0.0,5,0.0,0.0,5,0.0,0.0,5,0.0,0.0,5,0.0,0.0,5,0.0,0.0,5,0.0,0.0,5,0.0,0.0,5,0.0,0.0,5,0.0,0.0,5,0.0,0.0,5,0.0,0.0,5,0.0,0.0,5
magnitude2,regime_conditional,observed,all,record_stable,carry_minus_ewma,0.0,0.0,5,0.0,0.0,5,0.0,0.0,5,0.0,0.0,5,0.0,0.0,5,0.0,0.0,5,0.0,0.0,5,0.0,0.0,5,0.0,0.0,5,0.0,0.0,5,0.0,0.0,5,0.0,0.0,5,0.0,0.0,5,0.0,0.0,5,0.0,0.0,5,0.0,0.0,5,0.0,0.0,5,0.0,0.0,5
magnitude2,regime_conditional,observed,all,stable,carry_minus_ewma,0.0,0.0,5,0.0,0.0,5,0.0,0.0,5,0.0,0.0,5,0.0,0.0,5,0.0,0.0,5,0.0,0.0,5,0.0,0.0,5,0.0,0.0,5,0.0,0.0,5,0.0,0.0,5,0.0,0.0,5,0.0,0.0,5,0.0,0.0,5,0.0,0.0,5,0.0,0.0,5,0.0,0.0,5,0.0,0.0,5
magnitude2,regime_conditional,observed,transit_rough,all,carry_minus_ewma,0.0,0.0,5,0.0,0.0,5,0.0,0.0,5,0.0,0.0,5,0.0,0.0,5,0.0,0.0,5,0.0,0.0,5,0.0,0.0,5,0.0,0.0,5,0.0,0.0,5,0.0,0.0,5,0.0,0.0,5,0.0,0.0,5,0.0,0.0,5,0.0,0.0,5,0.0,0.0,5,0.0,0.0,5,0.0,0.0,5
magnitude2,regime_conditional,observed,transit_rough,record_stable,carry_minus_ewma,0.0,0.0,5,0.0,0.0,5,0.0,0.0,5,0.0,0.0,5,0.0,0.0,5,0.0,0.0,5,0.0,0.0,5,0.0,0.0,5,0.0,0.0,5,0.0,0.0,5,0.0,0.0,5,0.0,0.0,5,0.0,0.0,5,0.0,0.0,5,0.0,0.0,5,0.0,0.0,5,0.0,0.0,5,0.0,0.0,5
magnitude2,regime_conditional,observed,transit_rough,stable,carry_minus_ewma,0.0,0.0,5,0.0,0.0,5,0.0,0.0,5,0.0,0.0,5,0.0,0.0,5,0.0,0.0,5,0.0,0.0,5,0.0,0.0,5,0.0,0.0,5,0.0,0.0,5,0.0,0.0,5,0.0,0.0,5,0.0,0.0,5,0.0,0.0,5,0.0,0.0,5,0.0,0.0,5,0.0,0.0,5,0.0,0.0,5
magnitude2,regime_conditional,observed,transit_smooth,all,carry_minus_ewma,0.0,0.0,5,0.0,0.0,5,0.0,0.0,5,0.0,0.0,5,0.0,0.0,5,0.0,0.0,5,0.0,0.0,5,0.0,0.0,5,0.0,0.0,5,0.0,0.0,5,0.0,0.0,5,0.0,0.0,5,0.0,0.0,5,0.0,0.0,5,0.0,0.0,5,0.0,0.0,5,0.0,0.0,5,0.0,0.0,5
magnitude2,regime_conditional,observed,transit_smooth,record_stable,carry_minus_ewma,0.0,0.0,5,0.0,0.0,5,0.0,0.0,5,0.0,0.0,5,0.0,0.0,5,0.0,0.0,5,0.0,0.0,5,0.0,0.0,5,0.0,0.0,5,0.0,0.0,5,0.0,0.0,5,0.0,0.0,5,0.0,0.0,5,0.0,0.0,5,0.0,0.0,5,0.0,0.0,5,0.0,0.0,5,0.0,0.0,5
magnitude2,regime_conditional,observed,transit_smooth,stable,carry_minus_ewma,0.0,0.0,5,0.0,0.0,5,0.0,0.0,5,0.0,0.0,5,0.0,0.0,5,0.0,0.0,5,0.0,0.0,5,0.0,0.0,5,0.0,0.0,5,0.0,0.0,5,0.0,0.0,5,0.0,0.0,5,0.0,0.0,5,0.0,0.0,5,0.0,0.0,5,0.0,0.0,5,0.0,0.0,5,0.0,0.0,5
magnitude2,regime_conditional,observed,warehouse,all,carry_minus_ewma,0.0,0.0,5,0.0,0.0,5,0.0,0.0,5,0.0,0.0,5,0.0,0.0,5,0.0,0.0,5,0.0,0.0,5,0.0,0.0,5,0.0,0.0,5,0.0,0.0,5,0.0,0.0,5,0.0,0.0,5,0.0,0.0,5,0.0,0.0,5,0.0,0.0,5,0.0,0.0,5,0.0,0.0,5,0.0,0.0,5
magnitude2,regime_conditional,observed,warehouse,record_stable,carry_minus_ewma,0.0,0.0,5,0.0,0.0,5,0.0,0.0,5,0.0,0.0,5,0.0,0.0,5,0.0,0.0,5,0.0,0.0,5,0.0,0.0,5,0.0,0.0,5,0.0,0.0,5,0.0,0.0,5,0.0,0.0,5,0.0,0.0,5,0.0,0.0,5,0.0,0.0,5,0.0,0.0,5,0.0,0.0,5,0.0,0.0,5
magnitude2,regime_conditional,observed,warehouse,stable,carry_minus_ewma,0.0,0.0,5,0.0,0.0,5,0.0,0.0,5,0.0,0.0,5,0.0,0.0,5,0.0,0.0,5,0.0,0.0,5,0.0,0.0,5,0.0,0.0,5,0.0,0.0,5,0.0,0.0,5,0.0,0.0,5,0.0,0.0,5,0.0,0.0,5,0.0,0.0,5,0.0,0.0,5,0.0,0.0,5,0.0,0.0,5
magnitude2,regime_marginal,clean,all,all,carry_minus_ewma,0.0,0.0,5,,,0,0.0,0.0,5,,,0,0.0,0.0,5,,,0,,,0,,,0,,,0,,,0,0.0,0.0,5,0.0,0.0,5,0.0,0.0,5,0.0,0.0,5,0.0,0.0,5,,,0,0.0,0.0,5,,,0
magnitude2,regime_marginal,clean,all,record_stable,carry_minus_ewma,0.0,0.0,5,,,0,0.0,0.0,5,,,0,0.0,0.0,5,,,0,,,0,,,0,,,0,,,0,0.0,0.0,5,0.0,0.0,5,0.0,0.0,5,0.0,0.0,5,0.0,0.0,5,,,0,0.0,0.0,5,,,0
magnitude2,regime_marginal,clean,all,stable,carry_minus_ewma,0.0,0.0,5,,,0,0.0,0.0,5,,,0,0.0,0.0,5,,,0,,,0,,,0,,,0,,,0,0.0,0.0,5,0.0,0.0,5,0.0,0.0,5,0.0,0.0,5,0.0,0.0,5,,,0,0.0,0.0,5,,,0
magnitude2,regime_marginal,clean,transit_rough,all,carry_minus_ewma,0.0,0.0,5,,,0,0.0,0.0,5,,,0,0.0,0.0,5,,,0,,,0,,,0,,,0,,,0,0.0,0.0,5,0.0,0.0,5,0.0,0.0,5,0.0,0.0,5,0.0,0.0,5,,,0,0.0,0.0,5,,,0
magnitude2,regime_marginal,clean,transit_rough,record_stable,carry_minus_ewma,0.0,0.0,5,,,0,0.0,0.0,5,,,0,0.0,0.0,5,,,0,,,0,,,0,,,0,,,0,0.0,0.0,5,0.0,0.0,5,0.0,0.0,5,0.0,0.0,5,0.0,0.0,5,,,0,0.0,0.0,5,,,0
magnitude2,regime_marginal,clean,transit_rough,stable,carry_minus_ewma,0.0,0.0,5,,,0,0.0,0.0,5,,,0,0.0,0.0,5,,,0,,,0,,,0,,,0,,,0,0.0,0.0,5,0.0,0.0,5,0.0,0.0,5,0.0,0.0,5,0.0,0.0,5,,,0,0.0,0.0,5,,,0
magnitude2,regime_marginal,clean,transit_smooth,all,carry_minus_ewma,0.0,0.0,4,,,0,0.0,0.0,4,,,0,0.0,0.0,5,,,0,,,0,,,0,,,0,,,0,0.0,0.0,5,0.0,0.0,5,0.0,0.0,5,0.0,0.0,5,0.0,0.0,5,,,0,0.0,0.0,4,,,0
magnitude2,regime_marginal,clean,transit_smooth,record_stable,carry_minus_ewma,0.0,0.0,4,,,0,0.0,0.0,4,,,0,0.0,0.0,5,,,0,,,0,,,0,,,0,,,0,0.0,0.0,5,0.0,0.0,5,0.0,0.0,5,0.0,0.0,5,0.0,0.0,5,,,0,0.0,0.0,4,,,0
magnitude2,regime_marginal,clean,transit_smooth,stable,carry_minus_ewma,0.0,0.0,4,,,0,0.0,0.0,4,,,0,0.0,0.0,5,,,0,,,0,,,0,,,0,,,0,0.0,0.0,5,0.0,0.0,5,0.0,0.0,5,0.0,0.0,5,0.0,0.0,5,,,0,0.0,0.0,4,,,0
magnitude2,regime_marginal,clean,warehouse,all,carry_minus_ewma,0.0,0.0,5,,,0,0.0,0.0,5,,,0,0.0,0.0,5,,,0,,,0,,,0,,,0,,,0,0.0,0.0,5,0.0,0.0,5,0.0,0.0,5,0.0,0.0,5,0.0,0.0,5,,,0,0.0,0.0,5,,,0
magnitude2,regime_marginal,clean,warehouse,record_stable,carry_minus_ewma,0.0,0.0,5,,,0,0.0,0.0,5,,,0,0.0,0.0,5,,,0,,,0,,,0,,,0,,,0,0.0,0.0,5,0.0,0.0,5,0.0,0.0,5,0.0,0.0,5,0.0,0.0,5,,,0,0.0,0.0,5,,,0
magnitude2,regime_marginal,clean,warehouse,stable,carry_minus_ewma,0.0,0.0,5,,,0,0.0,0.0,5,,,0,0.0,0.0,5,,,0,,,0,,,0,,,0,,,0,0.0,0.0,5,0.0,0.0,5,0.0,0.0,5,0.0,0.0,5,0.0,0.0,5,,,0,0.0,0.0,5,,,0
magnitude2,regime_marginal,observed,all,all,carry_minus_ewma,0.0,0.0,5,0.0,0.0,5,0.0,0.0,5,0.0,0.0,5,0.0,0.0,5,0.0,0.0,5,0.0,0.0,5,0.0,0.0,5,0.0,0.0,5,0.0,0.0,5,0.0,0.0,5,0.0,0.0,5,0.0,0.0,5,0.0,0.0,5,0.0,0.0,5,0.0,0.0,5,0.0,0.0,5,0.0,0.0,5
magnitude2,regime_marginal,observed,all,record_stable,carry_minus_ewma,0.0,0.0,5,0.0,0.0,5,0.0,0.0,5,0.0,0.0,5,0.0,0.0,5,0.0,0.0,5,0.0,0.0,5,0.0,0.0,5,0.0,0.0,5,0.0,0.0,5,0.0,0.0,5,0.0,0.0,5,0.0,0.0,5,0.0,0.0,5,0.0,0.0,5,0.0,0.0,5,0.0,0.0,5,0.0,0.0,5
magnitude2,regime_marginal,observed,all,stable,carry_minus_ewma,0.0,0.0,5,0.0,0.0,5,0.0,0.0,5,0.0,0.0,5,0.0,0.0,5,0.0,0.0,5,0.0,0.0,5,0.0,0.0,5,0.0,0.0,5,0.0,0.0,5,0.0,0.0,5,0.0,0.0,5,0.0,0.0,5,0.0,0.0,5,0.0,0.0,5,0.0,0.0,5,0.0,0.0,5,0.0,0.0,5
magnitude2,regime_marginal,observed,transit_rough,all,carry_minus_ewma,0.0,0.0,5,0.0,0.0,5,0.0,0.0,5,0.0,0.0,5,0.0,0.0,5,0.0,0.0,5,0.0,0.0,5,0.0,0.0,5,0.0,0.0,5,0.0,0.0,5,0.0,0.0,5,0.0,0.0,5,0.0,0.0,5,0.0,0.0,5,0.0,0.0,5,0.0,0.0,5,0.0,0.0,5,0.0,0.0,5
magnitude2,regime_marginal,observed,transit_rough,record_stable,carry_minus_ewma,0.0,0.0,5,0.0,0.0,5,0.0,0.0,5,0.0,0.0,5,0.0,0.0,5,0.0,0.0,5,0.0,0.0,5,0.0,0.0,5,0.0,0.0,5,0.0,0.0,5,0.0,0.0,5,0.0,0.0,5,0.0,0.0,5,0.0,0.0,5,0.0,0.0,5,0.0,0.0,5,0.0,0.0,5,0.0,0.0,5
magnitude2,regime_marginal,observed,transit_rough,stable,carry_minus_ewma,0.0,0.0,5,0.0,0.0,5,0.0,0.0,5,0.0,0.0,5,0.0,0.0,5,0.0,0.0,5,0.0,0.0,5,0.0,0.0,5,0.0,0.0,5,0.0,0.0,5,0.0,0.0,5,0.0,0.0,5,0.0,0.0,5,0.0,0.0,5,0.0,0.0,5,0.0,0.0,5,0.0,0.0,5,0.0,0.0,5
magnitude2,regime_marginal,observed,transit_smooth,all,carry_minus_ewma,0.0,0.0,5,0.0,0.0,5,0.0,0.0,5,0.0,0.0,5,0.0,0.0,5,0.0,0.0,5,0.0,0.0,5,0.0,0.0,5,0.0,0.0,5,0.0,0.0,5,0.0,0.0,5,0.0,0.0,5,0.0,0.0,5,0.0,0.0,5,0.0,0.0,5,0.0,0.0,5,0.0,0.0,5,0.0,0.0,5
magnitude2,regime_marginal,observed,transit_smooth,record_stable,carry_minus_ewma,0.0,0.0,5,0.0,0.0,5,0.0,0.0,5,0.0,0.0,5,0.0,0.0,5,0.0,0.0,5,0.0,0.0,5,0.0,0.0,5,0.0,0.0,5,0.0,0.0,5,0.0,0.0,5,0.0,0.0,5,0.0,0.0,5,0.0,0.0,5,0.0,0.0,5,0.0,0.0,5,0.0,0.0,5,0.0,0.0,5
magnitude2,regime_marginal,observed,transit_smooth,stable,carry_minus_ewma,0.0,0.0,5,0.0,0.0,5,0.0,0.0,5,0.0,0.0,5,0.0,0.0,5,0.0,0.0,5,0.0,0.0,5,0.0,0.0,5,0.0,0.0,5,0.0,0.0,5,0.0,0.0,5,0.0,0.0,5,0.0,0.0,5,0.0,0.0,5,0.0,0.0,5,0.0,0.0,5,0.0,0.0,5,0.0,0.0,5
magnitude2,regime_marginal,observed,warehouse,all,carry_minus_ewma,0.0,0.0,5,0.0,0.0,5,0.0,0.0,5,0.0,0.0,5,0.0,0.0,5,0.0,0.0,5,0.0,0.0,5,0.0,0.0,5,0.0,0.0,5,0.0,0.0,5,0.0,0.0,5,0.0,0.0,5,0.0,0.0,5,0.0,0.0,5,0.0,0.0,5,0.0,0.0,5,0.0,0.0,5,0.0,0.0,5
magnitude2,regime_marginal,observed,warehouse,record_stable,carry_minus_ewma,0.0,0.0,5,0.0,0.0,5,0.0,0.0,5,0.0,0.0,5,0.0,0.0,5,0.0,0.0,5,0.0,0.0,5,0.0,0.0,5,0.0,0.0,5,0.0,0.0,5,0.0,0.0,5,0.0,0.0,5,0.0,0.0,5,0.0,0.0,5,0.0,0.0,5,0.0,0.0,5,0.0,0.0,5,0.0,0.0,5
magnitude2,regime_marginal,observed,warehouse,stable,carry_minus_ewma,0.0,0.0,5,0.0,0.0,5,0.0,0.0,5,0.0,0.0,5,0.0,0.0,5,0.0,0.0,5,0.0,0.0,5,0.0,0.0,5,0.0,0.0,5,0.0,0.0,5,0.0,0.0,5,0.0,0.0,5,0.0,0.0,5,0.0,0.0,5,0.0,0.0,5,0.0,0.0,5,0.0,0.0,5,0.0,0.0,5
magnitude4,regime_conditional,clean,all,all,carry_minus_ewma,0.0,0.0,5,,,0,0.0,0.0,5,,,0,0.0,0.0,5,,,0,,,0,,,0,,,0,,,0,0.0,0.0,5,0.0,0.0,5,0.0,0.0,5,0.0,0.0,5,0.0,0.0,5,,,0,0.0,0.0,5,,,0
magnitude4,regime_conditional,clean,all,record_stable,carry_minus_ewma,0.0,0.0,5,,,0,0.0,0.0,5,,,0,0.0,0.0,5,,,0,,,0,,,0,,,0,,,0,0.0,0.0,5,0.0,0.0,5,0.0,0.0,5,0.0,0.0,5,0.0,0.0,5,,,0,0.0,0.0,5,,,0
magnitude4,regime_conditional,clean,all,stable,carry_minus_ewma,0.0,0.0,5,,,0,0.0,0.0,5,,,0,0.0,0.0,5,,,0,,,0,,,0,,,0,,,0,0.0,0.0,5,0.0,0.0,5,0.0,0.0,5,0.0,0.0,5,0.0,0.0,5,,,0,0.0,0.0,5,,,0
magnitude4,regime_conditional,clean,transit_rough,all,carry_minus_ewma,0.0,0.0,5,,,0,0.0,0.0,5,,,0,0.0,0.0,5,,,0,,,0,,,0,,,0,,,0,0.0,0.0,5,0.0,0.0,5,0.0,0.0,5,0.0,0.0,5,0.0,0.0,5,,,0,0.0,0.0,5,,,0
magnitude4,regime_conditional,clean,transit_rough,record_stable,carry_minus_ewma,0.0,0.0,5,,,0,0.0,0.0,5,,,0,0.0,0.0,5,,,0,,,0,,,0,,,0,,,0,0.0,0.0,5,0.0,0.0,5,0.0,0.0,5,0.0,0.0,5,0.0,0.0,5,,,0,0.0,0.0,5,,,0
magnitude4,regime_conditional,clean,transit_rough,stable,carry_minus_ewma,0.0,0.0,5,,,0,0.0,0.0,5,,,0,0.0,0.0,5,,,0,,,0,,,0,,,0,,,0,0.0,0.0,5,0.0,0.0,5,0.0,0.0,5,0.0,0.0,5,0.0,0.0,5,,,0,0.0,0.0,5,,,0
magnitude4,regime_conditional,clean,transit_smooth,all,carry_minus_ewma,0.0,0.0,5,,,0,0.0,0.0,5,,,0,0.0,0.0,5,,,0,,,0,,,0,,,0,,,0,0.0,0.0,5,0.0,0.0,5,0.0,0.0,5,0.0,0.0,5,0.0,0.0,5,,,0,0.0,0.0,5,,,0
magnitude4,regime_conditional,clean,transit_smooth,record_stable,carry_minus_ewma,0.0,0.0,5,,,0,0.0,0.0,5,,,0,0.0,0.0,5,,,0,,,0,,,0,,,0,,,0,0.0,0.0,5,0.0,0.0,5,0.0,0.0,5,0.0,0.0,5,0.0,0.0,5,,,0,0.0,0.0,5,,,0
magnitude4,regime_conditional,clean,transit_smooth,stable,carry_minus_ewma,0.0,0.0,5,,,0,0.0,0.0,5,,,0,0.0,0.0,5,,,0,,,0,,,0,,,0,,,0,0.0,0.0,5,0.0,0.0,5,0.0,0.0,5,0.0,0.0,5,0.0,0.0,5,,,0,0.0,0.0,5,,,0
magnitude4,regime_conditional,clean,warehouse,all,carry_minus_ewma,0.0,0.0,5,,,0,0.0,0.0,5,,,0,0.0,0.0,5,,,0,,,0,,,0,,,0,,,0,0.0,0.0,5,0.0,0.0,5,0.0,0.0,5,0.0,0.0,5,0.0,0.0,5,,,0,0.0,0.0,5,,,0
magnitude4,regime_conditional,clean,warehouse,record_stable,carry_minus_ewma,0.0,0.0,5,,,0,0.0,0.0,5,,,0,0.0,0.0,5,,,0,,,0,,,0,,,0,,,0,0.0,0.0,5,0.0,0.0,5,0.0,0.0,5,0.0,0.0,5,0.0,0.0,5,,,0,0.0,0.0,5,,,0
magnitude4,regime_conditional,clean,warehouse,stable,carry_minus_ewma,0.0,0.0,5,,,0,0.0,0.0,5,,,0,0.0,0.0,5,,,0,,,0,,,0,,,0,,,0,0.0,0.0,5,0.0,0.0,5,0.0,0.0,5,0.0,0.0,5,0.0,0.0,5,,,0,0.0,0.0,5,,,0
magnitude4,regime_conditional,observed,all,all,carry_minus_ewma,0.0,0.0,5,0.0,0.0,5,0.0,0.0,5,0.0,0.0,5,0.0,0.0,5,0.0,0.0,5,0.0,0.0,5,0.0,0.0,5,0.0,0.0,5,0.0,0.0,5,0.0,0.0,5,0.0,0.0,5,0.0,0.0,5,0.0,0.0,5,0.0,0.0,5,0.0,0.0,5,0.0,0.0,5,0.0,0.0,5
magnitude4,regime_conditional,observed,all,record_stable,carry_minus_ewma,0.0,0.0,5,0.0,0.0,5,0.0,0.0,5,0.0,0.0,5,0.0,0.0,5,0.0,0.0,5,0.0,0.0,5,0.0,0.0,5,0.0,0.0,5,0.0,0.0,5,0.0,0.0,5,0.0,0.0,5,0.0,0.0,5,0.0,0.0,5,0.0,0.0,5,0.0,0.0,5,0.0,0.0,5,0.0,0.0,5
magnitude4,regime_conditional,observed,all,stable,carry_minus_ewma,0.0,0.0,5,0.0,0.0,5,0.0,0.0,5,0.0,0.0,5,0.0,0.0,5,0.0,0.0,5,0.0,0.0,5,0.0,0.0,5,0.0,0.0,5,0.0,0.0,5,0.0,0.0,5,0.0,0.0,5,0.0,0.0,5,0.0,0.0,5,0.0,0.0,5,0.0,0.0,5,0.0,0.0,5,0.0,0.0,5
magnitude4,regime_conditional,observed,transit_rough,all,carry_minus_ewma,0.0,0.0,5,0.0,0.0,5,0.0,0.0,5,0.0,0.0,5,0.0,0.0,5,0.0,0.0,5,0.0,0.0,5,0.0,0.0,5,0.0,0.0,5,0.0,0.0,5,0.0,0.0,5,0.0,0.0,5,0.0,0.0,5,0.0,0.0,5,0.0,0.0,5,0.0,0.0,5,0.0,0.0,5,0.0,0.0,5
magnitude4,regime_conditional,observed,transit_rough,record_stable,carry_minus_ewma,0.0,0.0,5,0.0,0.0,5,0.0,0.0,5,0.0,0.0,5,0.0,0.0,5,0.0,0.0,5,0.0,0.0,5,0.0,0.0,5,0.0,0.0,5,0.0,0.0,5,0.0,0.0,5,0.0,0.0,5,0.0,0.0,5,0.0,0.0,5,0.0,0.0,5,0.0,0.0,5,0.0,0.0,5,0.0,0.0,5
magnitude4,regime_conditional,observed,transit_rough,stable,carry_minus_ewma,0.0,0.0,5,0.0,0.0,5,0.0,0.0,5,0.0,0.0,5,0.0,0.0,5,0.0,0.0,5,0.0,0.0,5,0.0,0.0,5,0.0,0.0,5,0.0,0.0,5,0.0,0.0,5,0.0,0.0,5,0.0,0.0,5,0.0,0.0,5,0.0,0.0,5,0.0,0.0,5,0.0,0.0,5,0.0,0.0,5
magnitude4,regime_conditional,observed,transit_smooth,all,carry_minus_ewma,0.0,0.0,5,0.0,0.0,5,0.0,0.0,5,0.0,0.0,5,0.0,0.0,5,0.0,0.0,5,0.0,0.0,5,0.0,0.0,5,0.0,0.0,5,0.0,0.0,5,0.0,0.0,5,0.0,0.0,5,0.0,0.0,5,0.0,0.0,5,0.0,0.0,5,0.0,0.0,5,0.0,0.0,5,0.0,0.0,5
magnitude4,regime_conditional,observed,transit_smooth,record_stable,carry_minus_ewma,0.0,0.0,5,0.0,0.0,5,0.0,0.0,5,0.0,0.0,5,0.0,0.0,5,0.0,0.0,5,0.0,0.0,5,0.0,0.0,5,0.0,0.0,5,0.0,0.0,5,0.0,0.0,5,0.0,0.0,5,0.0,0.0,5,0.0,0.0,5,0.0,0.0,5,0.0,0.0,5,0.0,0.0,5,0.0,0.0,5
magnitude4,regime_conditional,observed,transit_smooth,stable,carry_minus_ewma,0.0,0.0,5,0.0,0.0,5,0.0,0.0,5,0.0,0.0,5,0.0,0.0,5,0.0,0.0,5,0.0,0.0,5,0.0,0.0,5,0.0,0.0,5,0.0,0.0,5,0.0,0.0,5,0.0,0.0,5,0.0,0.0,5,0.0,0.0,5,0.0,0.0,5,0.0,0.0,5,0.0,0.0,5,0.0,0.0,5
magnitude4,regime_conditional,observed,warehouse,all,carry_minus_ewma,0.0,0.0,5,0.0,0.0,5,0.0,0.0,5,0.0,0.0,5,0.0,0.0,5,0.0,0.0,5,0.0,0.0,5,0.0,0.0,5,0.0,0.0,5,0.0,0.0,5,0.0,0.0,5,0.0,0.0,5,0.0,0.0,5,0.0,0.0,5,0.0,0.0,5,0.0,0.0,5,0.0,0.0,5,0.0,0.0,5
magnitude4,regime_conditional,observed,warehouse,record_stable,carry_minus_ewma,0.0,0.0,5,0.0,0.0,5,0.0,0.0,5,0.0,0.0,5,0.0,0.0,5,0.0,0.0,5,0.0,0.0,5,0.0,0.0,5,0.0,0.0,5,0.0,0.0,5,0.0,0.0,5,0.0,0.0,5,0.0,0.0,5,0.0,0.0,5,0.0,0.0,5,0.0,0.0,5,0.0,0.0,5,0.0,0.0,5
magnitude4,regime_conditional,observed,warehouse,stable,carry_minus_ewma,0.0,0.0,5,0.0,0.0,5,0.0,0.0,5,0.0,0.0,5,0.0,0.0,5,0.0,0.0,5,0.0,0.0,5,0.0,0.0,5,0.0,0.0,5,0.0,0.0,5,0.0,0.0,5,0.0,0.0,5,0.0,0.0,5,0.0,0.0,5,0.0,0.0,5,0.0,0.0,5,0.0,0.0,5,0.0,0.0,5
magnitude4,regime_marginal,clean,all,all,carry_minus_ewma,0.0,0.0,5,,,0,0.0,0.0,5,,,0,0.0,0.0,5,,,0,,,0,,,0,,,0,,,0,0.0,0.0,5,0.0,0.0,5,0.0,0.0,5,0.0,0.0,5,0.0,0.0,5,,,0,0.0,0.0,5,,,0
magnitude4,regime_marginal,clean,all,record_stable,carry_minus_ewma,0.0,0.0,5,,,0,0.0,0.0,5,,,0,0.0,0.0,5,,,0,,,0,,,0,,,0,,,0,0.0,0.0,5,0.0,0.0,5,0.0,0.0,5,0.0,0.0,5,0.0,0.0,5,,,0,0.0,0.0,5,,,0
magnitude4,regime_marginal,clean,all,stable,carry_minus_ewma,0.0,0.0,5,,,0,0.0,0.0,5,,,0,0.0,0.0,5,,,0,,,0,,,0,,,0,,,0,0.0,0.0,5,0.0,0.0,5,0.0,0.0,5,0.0,0.0,5,0.0,0.0,5,,,0,0.0,0.0,5,,,0
magnitude4,regime_marginal,clean,transit_rough,all,carry_minus_ewma,0.0,0.0,5,,,0,0.0,0.0,5,,,0,0.0,0.0,5,,,0,,,0,,,0,,,0,,,0,0.0,0.0,5,0.0,0.0,5,0.0,0.0,5,0.0,0.0,5,0.0,0.0,5,,,0,0.0,0.0,5,,,0
magnitude4,regime_marginal,clean,transit_rough,record_stable,carry_minus_ewma,0.0,0.0,5,,,0,0.0,0.0,5,,,0,0.0,0.0,5,,,0,,,0,,,0,,,0,,,0,0.0,0.0,5,0.0,0.0,5,0.0,0.0,5,0.0,0.0,5,0.0,0.0,5,,,0,0.0,0.0,5,,,0
magnitude4,regime_marginal,clean,transit_rough,stable,carry_minus_ewma,0.0,0.0,5,,,0,0.0,0.0,5,,,0,0.0,0.0,5,,,0,,,0,,,0,,,0,,,0,0.0,0.0,5,0.0,0.0,5,0.0,0.0,5,0.0,0.0,5,0.0,0.0,5,,,0,0.0,0.0,5,,,0
magnitude4,regime_marginal,clean,transit_smooth,all,carry_minus_ewma,0.0,0.0,4,,,0,0.0,0.0,4,,,0,0.0,0.0,5,,,0,,,0,,,0,,,0,,,0,0.0,0.0,5,0.0,0.0,5,0.0,0.0,5,0.0,0.0,5,0.0,0.0,5,,,0,0.0,0.0,4,,,0
magnitude4,regime_marginal,clean,transit_smooth,record_stable,carry_minus_ewma,0.0,0.0,4,,,0,0.0,0.0,4,,,0,0.0,0.0,5,,,0,,,0,,,0,,,0,,,0,0.0,0.0,5,0.0,0.0,5,0.0,0.0,5,0.0,0.0,5,0.0,0.0,5,,,0,0.0,0.0,4,,,0
magnitude4,regime_marginal,clean,transit_smooth,stable,carry_minus_ewma,0.0,0.0,4,,,0,0.0,0.0,4,,,0,0.0,0.0,5,,,0,,,0,,,0,,,0,,,0,0.0,0.0,5,0.0,0.0,5,0.0,0.0,5,0.0,0.0,5,0.0,0.0,5,,,0,0.0,0.0,4,,,0
magnitude4,regime_marginal,clean,warehouse,all,carry_minus_ewma,0.0,0.0,5,,,0,0.0,0.0,5,,,0,0.0,0.0,5,,,0,,,0,,,0,,,0,,,0,0.0,0.0,5,0.0,0.0,5,0.0,0.0,5,0.0,0.0,5,0.0,0.0,5,,,0,0.0,0.0,5,,,0
magnitude4,regime_marginal,clean,warehouse,record_stable,carry_minus_ewma,0.0,0.0,5,,,0,0.0,0.0,5,,,0,0.0,0.0,5,,,0,,,0,,,0,,,0,,,0,0.0,0.0,5,0.0,0.0,5,0.0,0.0,5,0.0,0.0,5,0.0,0.0,5,,,0,0.0,0.0,5,,,0
magnitude4,regime_marginal,clean,warehouse,stable,carry_minus_ewma,0.0,0.0,5,,,0,0.0,0.0,5,,,0,0.0,0.0,5,,,0,,,0,,,0,,,0,,,0,0.0,0.0,5,0.0,0.0,5,0.0,0.0,5,0.0,0.0,5,0.0,0.0,5,,,0,0.0,0.0,5,,,0
magnitude4,regime_marginal,observed,all,all,carry_minus_ewma,0.0,0.0,5,0.0,0.0,5,0.0,0.0,5,0.0,0.0,5,0.0,0.0,5,0.0,0.0,5,0.0,0.0,5,0.0,0.0,5,0.0,0.0,5,0.0,0.0,5,0.0,0.0,5,0.0,0.0,5,0.0,0.0,5,0.0,0.0,5,0.0,0.0,5,0.0,0.0,5,0.0,0.0,5,0.0,0.0,5
magnitude4,regime_marginal,observed,all,record_stable,carry_minus_ewma,0.0,0.0,5,0.0,0.0,5,0.0,0.0,5,0.0,0.0,5,0.0,0.0,5,0.0,0.0,5,0.0,0.0,5,0.0,0.0,5,0.0,0.0,5,0.0,0.0,5,0.0,0.0,5,0.0,0.0,5,0.0,0.0,5,0.0,0.0,5,0.0,0.0,5,0.0,0.0,5,0.0,0.0,5,0.0,0.0,5
magnitude4,regime_marginal,observed,all,stable,carry_minus_ewma,0.0,0.0,5,0.0,0.0,5,0.0,0.0,5,0.0,0.0,5,0.0,0.0,5,0.0,0.0,5,0.0,0.0,5,0.0,0.0,5,0.0,0.0,5,0.0,0.0,5,0.0,0.0,5,0.0,0.0,5,0.0,0.0,5,0.0,0.0,5,0.0,0.0,5,0.0,0.0,5,0.0,0.0,5,0.0,0.0,5
magnitude4,regime_marginal,observed,transit_rough,all,carry_minus_ewma,0.0,0.0,5,0.0,0.0,5,0.0,0.0,5,0.0,0.0,5,0.0,0.0,5,0.0,0.0,5,0.0,0.0,5,0.0,0.0,5,0.0,0.0,5,0.0,0.0,5,0.0,0.0,5,0.0,0.0,5,0.0,0.0,5,0.0,0.0,5,0.0,0.0,5,0.0,0.0,5,0.0,0.0,5,0.0,0.0,5
magnitude4,regime_marginal,observed,transit_rough,record_stable,carry_minus_ewma,0.0,0.0,5,0.0,0.0,5,0.0,0.0,5,0.0,0.0,5,0.0,0.0,5,0.0,0.0,5,0.0,0.0,5,0.0,0.0,5,0.0,0.0,5,0.0,0.0,5,0.0,0.0,5,0.0,0.0,5,0.0,0.0,5,0.0,0.0,5,0.0,0.0,5,0.0,0.0,5,0.0,0.0,5,0.0,0.0,5
magnitude4,regime_marginal,observed,transit_rough,stable,carry_minus_ewma,0.0,0.0,5,0.0,0.0,5,0.0,0.0,5,0.0,0.0,5,0.0,0.0,5,0.0,0.0,5,0.0,0.0,5,0.0,0.0,5,0.0,0.0,5,0.0,0.0,5,0.0,0.0,5,0.0,0.0,5,0.0,0.0,5,0.0,0.0,5,0.0,0.0,5,0.0,0.0,5,0.0,0.0,5,0.0,0.0,5
magnitude4,regime_marginal,observed,transit_smooth,all,carry_minus_ewma,0.0,0.0,5,0.0,0.0,5,0.0,0.0,5,0.0,0.0,5,0.0,0.0,5,0.0,0.0,5,0.0,0.0,5,0.0,0.0,5,0.0,0.0,5,0.0,0.0,5,0.0,0.0,5,0.0,0.0,5,0.0,0.0,5,0.0,0.0,5,0.0,0.0,5,0.0,0.0,5,0.0,0.0,5,0.0,0.0,5
magnitude4,regime_marginal,observed,transit_smooth,record_stable,carry_minus_ewma,0.0,0.0,5,0.0,0.0,5,0.0,0.0,5,0.0,0.0,5,0.0,0.0,5,0.0,0.0,5,0.0,0.0,5,0.0,0.0,5,0.0,0.0,5,0.0,0.0,5,0.0,0.0,5,0.0,0.0,5,0.0,0.0,5,0.0,0.0,5,0.0,0.0,5,0.0,0.0,5,0.0,0.0,5,0.0,0.0,5
magnitude4,regime_marginal,observed,transit_smooth,stable,carry_minus_ewma,0.0,0.0,5,0.0,0.0,5,0.0,0.0,5,0.0,0.0,5,0.0,0.0,5,0.0,0.0,5,0.0,0.0,5,0.0,0.0,5,0.0,0.0,5,0.0,0.0,5,0.0,0.0,5,0.0,0.0,5,0.0,0.0,5,0.0,0.0,5,0.0,0.0,5,0.0,0.0,5,0.0,0.0,5,0.0,0.0,5
magnitude4,regime_marginal,observed,warehouse,all,carry_minus_ewma,0.0,0.0,5,0.0,0.0,5,0.0,0.0,5,0.0,0.0,5,0.0,0.0,5,0.0,0.0,5,0.0,0.0,5,0.0,0.0,5,0.0,0.0,5,0.0,0.0,5,0.0,0.0,5,0.0,0.0,5,0.0,0.0,5,0.0,0.0,5,0.0,0.0,5,0.0,0.0,5,0.0,0.0,5,0.0,0.0,5
magnitude4,regime_marginal,observed,warehouse,record_stable,carry_minus_ewma,0.0,0.0,5,0.0,0.0,5,0.0,0.0,5,0.0,0.0,5,0.0,0.0,5,0.0,0.0,5,0.0,0.0,5,0.0,0.0,5,0.0,0.0,5,0.0,0.0,5,0.0,0.0,5,0.0,0.0,5,0.0,0.0,5,0.0,0.0,5,0.0,0.0,5,0.0,0.0,5,0.0,0.0,5,0.0,0.0,5
magnitude4,regime_marginal,observed,warehouse,stable,carry_minus_ewma,0.0,0.0,5,0.0,0.0,5,0.0,0.0,5,0.0,0.0,5,0.0,0.0,5,0.0,0.0,5,0.0,0.0,5,0.0,0.0,5,0.0,0.0,5,0.0,0.0,5,0.0,0.0,5,0.0,0.0,5,0.0,0.0,5,0.0,0.0,5,0.0,0.0,5,0.0,0.0,5,0.0,0.0,5,0.0,0.0,5
steady_d12_n2_m1,regime_conditional,clean,all,all,carry_minus_ewma,0.0,0.0,5,,,0,0.0,0.0,5,,,0,0.0,0.0,5,,,0,,,0,,,0,,,0,,,0,0.0,0.0,5,0.0,0.0,5,0.0,0.0,5,0.0,0.0,5,0.0,0.0,5,,,0,0.0,0.0,5,,,0
steady_d12_n2_m1,regime_conditional,clean,all,record_stable,carry_minus_ewma,0.0,0.0,5,,,0,0.0,0.0,5,,,0,0.0,0.0,5,,,0,,,0,,,0,,,0,,,0,0.0,0.0,5,0.0,0.0,5,0.0,0.0,5,0.0,0.0,5,0.0,0.0,5,,,0,0.0,0.0,5,,,0
steady_d12_n2_m1,regime_conditional,clean,all,stable,carry_minus_ewma,0.0,0.0,5,,,0,0.0,0.0,5,,,0,0.0,0.0,5,,,0,,,0,,,0,,,0,,,0,0.0,0.0,5,0.0,0.0,5,0.0,0.0,5,0.0,0.0,5,0.0,0.0,5,,,0,0.0,0.0,5,,,0
steady_d12_n2_m1,regime_conditional,clean,transit_rough,all,carry_minus_ewma,0.0,0.0,5,,,0,0.0,0.0,5,,,0,0.0,0.0,5,,,0,,,0,,,0,,,0,,,0,0.0,0.0,5,0.0,0.0,5,0.0,0.0,5,0.0,0.0,5,0.0,0.0,5,,,0,0.0,0.0,5,,,0
steady_d12_n2_m1,regime_conditional,clean,transit_rough,record_stable,carry_minus_ewma,0.0,0.0,5,,,0,0.0,0.0,5,,,0,0.0,0.0,5,,,0,,,0,,,0,,,0,,,0,0.0,0.0,5,0.0,0.0,5,0.0,0.0,5,0.0,0.0,5,0.0,0.0,5,,,0,0.0,0.0,5,,,0
steady_d12_n2_m1,regime_conditional,clean,transit_rough,stable,carry_minus_ewma,0.0,0.0,5,,,0,0.0,0.0,5,,,0,0.0,0.0,5,,,0,,,0,,,0,,,0,,,0,0.0,0.0,5,0.0,0.0,5,0.0,0.0,5,0.0,0.0,5,0.0,0.0,5,,,0,0.0,0.0,5,,,0
steady_d12_n2_m1,regime_conditional,clean,transit_smooth,all,carry_minus_ewma,0.0,0.0,5,,,0,0.0,0.0,5,,,0,0.0,0.0,5,,,0,,,0,,,0,,,0,,,0,0.0,0.0,5,0.0,0.0,5,0.0,0.0,5,0.0,0.0,5,0.0,0.0,5,,,0,0.0,0.0,5,,,0
steady_d12_n2_m1,regime_conditional,clean,transit_smooth,record_stable,carry_minus_ewma,0.0,0.0,5,,,0,0.0,0.0,5,,,0,0.0,0.0,5,,,0,,,0,,,0,,,0,,,0,0.0,0.0,5,0.0,0.0,5,0.0,0.0,5,0.0,0.0,5,0.0,0.0,5,,,0,0.0,0.0,5,,,0
steady_d12_n2_m1,regime_conditional,clean,transit_smooth,stable,carry_minus_ewma,0.0,0.0,5,,,0,0.0,0.0,5,,,0,0.0,0.0,5,,,0,,,0,,,0,,,0,,,0,0.0,0.0,5,0.0,0.0,5,0.0,0.0,5,0.0,0.0,5,0.0,0.0,5,,,0,0.0,0.0,5,,,0
steady_d12_n2_m1,regime_conditional,clean,warehouse,all,carry_minus_ewma,0.0,0.0,5,,,0,0.0,0.0,5,,,0,0.0,0.0,5,,,0,,,0,,,0,,,0,,,0,0.0,0.0,5,0.0,0.0,5,0.0,0.0,5,0.0,0.0,5,0.0,0.0,5,,,0,0.0,0.0,5,,,0
steady_d12_n2_m1,regime_conditional,clean,warehouse,record_stable,carry_minus_ewma,0.0,0.0,5,,,0,0.0,0.0,5,,,0,0.0,0.0,5,,,0,,,0,,,0,,,0,,,0,0.0,0.0,5,0.0,0.0,5,0.0,0.0,5,0.0,0.0,5,0.0,0.0,5,,,0,0.0,0.0,5,,,0
steady_d12_n2_m1,regime_conditional,clean,warehouse,stable,carry_minus_ewma,0.0,0.0,5,,,0,0.0,0.0,5,,,0,0.0,0.0,5,,,0,,,0,,,0,,,0,,,0,0.0,0.0,5,0.0,0.0,5,0.0,0.0,5,0.0,0.0,5,0.0,0.0,5,,,0,0.0,0.0,5,,,0
steady_d12_n2_m1,regime_conditional,observed,all,all,carry_minus_ewma,0.0,0.0,5,0.0,0.0,5,0.0,0.0,5,0.0,0.0,5,0.0,0.0,5,0.0,0.0,5,0.0,0.0,5,0.0,0.0,5,0.0,0.0,5,0.0,0.0,5,0.0,0.0,5,0.0,0.0,5,0.0,0.0,5,0.0,0.0,5,0.0,0.0,5,0.0,0.0,5,0.0,0.0,5,0.0,0.0,5
steady_d12_n2_m1,regime_conditional,observed,all,record_stable,carry_minus_ewma,0.0,0.0,5,0.0,0.0,5,0.0,0.0,5,0.0,0.0,5,0.0,0.0,5,0.0,0.0,5,0.0,0.0,5,0.0,0.0,5,0.0,0.0,5,0.0,0.0,5,0.0,0.0,5,0.0,0.0,5,0.0,0.0,5,0.0,0.0,5,0.0,0.0,5,0.0,0.0,5,0.0,0.0,5,0.0,0.0,5
steady_d12_n2_m1,regime_conditional,observed,all,stable,carry_minus_ewma,0.0,0.0,5,0.0,0.0,5,0.0,0.0,5,0.0,0.0,5,0.0,0.0,5,0.0,0.0,5,0.0,0.0,5,0.0,0.0,5,0.0,0.0,5,0.0,0.0,5,0.0,0.0,5,0.0,0.0,5,0.0,0.0,5,0.0,0.0,5,0.0,0.0,5,0.0,0.0,5,0.0,0.0,5,0.0,0.0,5
steady_d12_n2_m1,regime_conditional,observed,transit_rough,all,carry_minus_ewma,0.0,0.0,5,0.0,0.0,5,0.0,0.0,5,0.0,0.0,5,0.0,0.0,5,0.0,0.0,5,0.0,0.0,5,0.0,0.0,5,0.0,0.0,5,0.0,0.0,5,0.0,0.0,5,0.0,0.0,5,0.0,0.0,5,0.0,0.0,5,0.0,0.0,5,0.0,0.0,5,0.0,0.0,5,0.0,0.0,5
steady_d12_n2_m1,regime_conditional,observed,transit_rough,record_stable,carry_minus_ewma,0.0,0.0,5,0.0,0.0,5,0.0,0.0,5,0.0,0.0,5,0.0,0.0,5,0.0,0.0,5,0.0,0.0,5,0.0,0.0,5,0.0,0.0,5,0.0,0.0,5,0.0,0.0,5,0.0,0.0,5,0.0,0.0,5,0.0,0.0,5,0.0,0.0,5,0.0,0.0,5,0.0,0.0,5,0.0,0.0,5
steady_d12_n2_m1,regime_conditional,observed,transit_rough,stable,carry_minus_ewma,0.0,0.0,5,0.0,0.0,5,0.0,0.0,5,0.0,0.0,5,0.0,0.0,5,0.0,0.0,5,0.0,0.0,5,0.0,0.0,5,0.0,0.0,5,0.0,0.0,5,0.0,0.0,5,0.0,0.0,5,0.0,0.0,5,0.0,0.0,5,0.0,0.0,5,0.0,0.0,5,0.0,0.0,5,0.0,0.0,5
steady_d12_n2_m1,regime_conditional,observed,transit_smooth,all,carry_minus_ewma,0.0,0.0,5,0.0,0.0,5,0.0,0.0,5,0.0,0.0,5,0.0,0.0,5,0.0,0.0,5,0.0,0.0,5,0.0,0.0,5,0.0,0.0,5,0.0,0.0,5,0.0,0.0,5,0.0,0.0,5,0.0,0.0,5,0.0,0.0,5,0.0,0.0,5,0.0,0.0,5,0.0,0.0,5,0.0,0.0,5
steady_d12_n2_m1,regime_conditional,observed,transit_smooth,record_stable,carry_minus_ewma,0.0,0.0,5,0.0,0.0,5,0.0,0.0,5,0.0,0.0,5,0.0,0.0,5,0.0,0.0,5,0.0,0.0,5,0.0,0.0,5,0.0,0.0,5,0.0,0.0,5,0.0,0.0,5,0.0,0.0,5,0.0,0.0,5,0.0,0.0,5,0.0,0.0,5,0.0,0.0,5,0.0,0.0,5,0.0,0.0,5
steady_d12_n2_m1,regime_conditional,observed,transit_smooth,stable,carry_minus_ewma,0.0,0.0,5,0.0,0.0,5,0.0,0.0,5,0.0,0.0,5,0.0,0.0,5,0.0,0.0,5,0.0,0.0,5,0.0,0.0,5,0.0,0.0,5,0.0,0.0,5,0.0,0.0,5,0.0,0.0,5,0.0,0.0,5,0.0,0.0,5,0.0,0.0,5,0.0,0.0,5,0.0,0.0,5,0.0,0.0,5
steady_d12_n2_m1,regime_conditional,observed,warehouse,all,carry_minus_ewma,0.0,0.0,5,0.0,0.0,5,0.0,0.0,5,0.0,0.0,5,0.0,0.0,5,0.0,0.0,5,0.0,0.0,5,0.0,0.0,5,0.0,0.0,5,0.0,0.0,5,0.0,0.0,5,0.0,0.0,5,0.0,0.0,5,0.0,0.0,5,0.0,0.0,5,0.0,0.0,5,0.0,0.0,5,0.0,0.0,5
steady_d12_n2_m1,regime_conditional,observed,warehouse,record_stable,carry_minus_ewma,0.0,0.0,5,0.0,0.0,5,0.0,0.0,5,0.0,0.0,5,0.0,0.0,5,0.0,0.0,5,0.0,0.0,5,0.0,0.0,5,0.0,0.0,5,0.0,0.0,5,0.0,0.0,5,0.0,0.0,5,0.0,0.0,5,0.0,0.0,5,0.0,0.0,5,0.0,0.0,5,0.0,0.0,5,0.0,0.0,5
steady_d12_n2_m1,regime_conditional,observed,warehouse,stable,carry_minus_ewma,0.0,0.0,5,0.0,0.0,5,0.0,0.0,5,0.0,0.0,5,0.0,0.0,5,0.0,0.0,5,0.0,0.0,5,0.0,0.0,5,0.0,0.0,5,0.0,0.0,5,0.0,0.0,5,0.0,0.0,5,0.0,0.0,5,0.0,0.0,5,0.0,0.0,5,0.0,0.0,5,0.0,0.0,5,0.0,0.0,5
steady_d12_n2_m1,regime_marginal,clean,all,all,carry_minus_ewma,0.0,0.0,5,,,0,0.0,0.0,5,,,0,0.0,0.0,5,,,0,,,0,,,0,,,0,,,0,0.0,0.0,5,0.0,0.0,5,0.0,0.0,5,0.0,0.0,5,0.0,0.0,5,,,0,0.0,0.0,5,,,0
steady_d12_n2_m1,regime_marginal,clean,all,record_stable,carry_minus_ewma,0.0,0.0,5,,,0,0.0,0.0,5,,,0,0.0,0.0,5,,,0,,,0,,,0,,,0,,,0,0.0,0.0,5,0.0,0.0,5,0.0,0.0,5,0.0,0.0,5,0.0,0.0,5,,,0,0.0,0.0,5,,,0
steady_d12_n2_m1,regime_marginal,clean,all,stable,carry_minus_ewma,0.0,0.0,5,,,0,0.0,0.0,5,,,0,0.0,0.0,5,,,0,,,0,,,0,,,0,,,0,0.0,0.0,5,0.0,0.0,5,0.0,0.0,5,0.0,0.0,5,0.0,0.0,5,,,0,0.0,0.0,5,,,0
steady_d12_n2_m1,regime_marginal,clean,transit_rough,all,carry_minus_ewma,0.0,0.0,5,,,0,0.0,0.0,5,,,0,0.0,0.0,5,,,0,,,0,,,0,,,0,,,0,0.0,0.0,5,0.0,0.0,5,0.0,0.0,5,0.0,0.0,5,0.0,0.0,5,,,0,0.0,0.0,5,,,0
steady_d12_n2_m1,regime_marginal,clean,transit_rough,record_stable,carry_minus_ewma,0.0,0.0,5,,,0,0.0,0.0,5,,,0,0.0,0.0,5,,,0,,,0,,,0,,,0,,,0,0.0,0.0,5,0.0,0.0,5,0.0,0.0,5,0.0,0.0,5,0.0,0.0,5,,,0,0.0,0.0,5,,,0
steady_d12_n2_m1,regime_marginal,clean,transit_rough,stable,carry_minus_ewma,0.0,0.0,5,,,0,0.0,0.0,5,,,0,0.0,0.0,5,,,0,,,0,,,0,,,0,,,0,0.0,0.0,5,0.0,0.0,5,0.0,0.0,5,0.0,0.0,5,0.0,0.0,5,,,0,0.0,0.0,5,,,0
steady_d12_n2_m1,regime_marginal,clean,transit_smooth,all,carry_minus_ewma,0.0,0.0,4,,,0,0.0,0.0,4,,,0,0.0,0.0,5,,,0,,,0,,,0,,,0,,,0,0.0,0.0,5,0.0,0.0,5,0.0,0.0,5,0.0,0.0,5,0.0,0.0,5,,,0,0.0,0.0,4,,,0
steady_d12_n2_m1,regime_marginal,clean,transit_smooth,record_stable,carry_minus_ewma,0.0,0.0,4,,,0,0.0,0.0,4,,,0,0.0,0.0,5,,,0,,,0,,,0,,,0,,,0,0.0,0.0,5,0.0,0.0,5,0.0,0.0,5,0.0,0.0,5,0.0,0.0,5,,,0,0.0,0.0,4,,,0
steady_d12_n2_m1,regime_marginal,clean,transit_smooth,stable,carry_minus_ewma,0.0,0.0,4,,,0,0.0,0.0,4,,,0,0.0,0.0,5,,,0,,,0,,,0,,,0,,,0,0.0,0.0,5,0.0,0.0,5,0.0,0.0,5,0.0,0.0,5,0.0,0.0,5,,,0,0.0,0.0,4,,,0
steady_d12_n2_m1,regime_marginal,clean,warehouse,all,carry_minus_ewma,0.0,0.0,5,,,0,0.0,0.0,5,,,0,0.0,0.0,5,,,0,,,0,,,0,,,0,,,0,0.0,0.0,5,0.0,0.0,5,0.0,0.0,5,0.0,0.0,5,0.0,0.0,5,,,0,0.0,0.0,5,,,0
steady_d12_n2_m1,regime_marginal,clean,warehouse,record_stable,carry_minus_ewma,0.0,0.0,5,,,0,0.0,0.0,5,,,0,0.0,0.0,5,,,0,,,0,,,0,,,0,,,0,0.0,0.0,5,0.0,0.0,5,0.0,0.0,5,0.0,0.0,5,0.0,0.0,5,,,0,0.0,0.0,5,,,0
steady_d12_n2_m1,regime_marginal,clean,warehouse,stable,carry_minus_ewma,0.0,0.0,5,,,0,0.0,0.0,5,,,0,0.0,0.0,5,,,0,,,0,,,0,,,0,,,0,0.0,0.0,5,0.0,0.0,5,0.0,0.0,5,0.0,0.0,5,0.0,0.0,5,,,0,0.0,0.0,5,,,0
steady_d12_n2_m1,regime_marginal,observed,all,all,carry_minus_ewma,0.0,0.0,5,0.0,0.0,5,0.0,0.0,5,0.0,0.0,5,0.0,0.0,5,0.0,0.0,5,0.0,0.0,5,0.0,0.0,5,0.0,0.0,5,0.0,0.0,5,0.0,0.0,5,0.0,0.0,5,0.0,0.0,5,0.0,0.0,5,0.0,0.0,5,0.0,0.0,5,0.0,0.0,5,0.0,0.0,5
steady_d12_n2_m1,regime_marginal,observed,all,record_stable,carry_minus_ewma,0.0,0.0,5,0.0,0.0,5,0.0,0.0,5,0.0,0.0,5,0.0,0.0,5,0.0,0.0,5,0.0,0.0,5,0.0,0.0,5,0.0,0.0,5,0.0,0.0,5,0.0,0.0,5,0.0,0.0,5,0.0,0.0,5,0.0,0.0,5,0.0,0.0,5,0.0,0.0,5,0.0,0.0,5,0.0,0.0,5
steady_d12_n2_m1,regime_marginal,observed,all,stable,carry_minus_ewma,0.0,0.0,5,0.0,0.0,5,0.0,0.0,5,0.0,0.0,5,0.0,0.0,5,0.0,0.0,5,0.0,0.0,5,0.0,0.0,5,0.0,0.0,5,0.0,0.0,5,0.0,0.0,5,0.0,0.0,5,0.0,0.0,5,0.0,0.0,5,0.0,0.0,5,0.0,0.0,5,0.0,0.0,5,0.0,0.0,5
steady_d12_n2_m1,regime_marginal,observed,transit_rough,all,carry_minus_ewma,0.0,0.0,5,0.0,0.0,5,0.0,0.0,5,0.0,0.0,5,0.0,0.0,5,0.0,0.0,5,0.0,0.0,5,0.0,0.0,5,0.0,0.0,5,0.0,0.0,5,0.0,0.0,5,0.0,0.0,5,0.0,0.0,5,0.0,0.0,5,0.0,0.0,5,0.0,0.0,5,0.0,0.0,5,0.0,0.0,5
steady_d12_n2_m1,regime_marginal,observed,transit_rough,record_stable,carry_minus_ewma,0.0,0.0,5,0.0,0.0,5,0.0,0.0,5,0.0,0.0,5,0.0,0.0,5,0.0,0.0,5,0.0,0.0,5,0.0,0.0,5,0.0,0.0,5,0.0,0.0,5,0.0,0.0,5,0.0,0.0,5,0.0,0.0,5,0.0,0.0,5,0.0,0.0,5,0.0,0.0,5,0.0,0.0,5,0.0,0.0,5
steady_d12_n2_m1,regime_marginal,observed,transit_rough,stable,carry_minus_ewma,0.0,0.0,5,0.0,0.0,5,0.0,0.0,5,0.0,0.0,5,0.0,0.0,5,0.0,0.0,5,0.0,0.0,5,0.0,0.0,5,0.0,0.0,5,0.0,0.0,5,0.0,0.0,5,0.0,0.0,5,0.0,0.0,5,0.0,0.0,5,0.0,0.0,5,0.0,0.0,5,0.0,0.0,5,0.0,0.0,5
steady_d12_n2_m1,regime_marginal,observed,transit_smooth,all,carry_minus_ewma,0.0,0.0,5,0.0,0.0,5,0.0,0.0,5,0.0,0.0,5,0.0,0.0,5,0.0,0.0,5,0.0,0.0,5,0.0,0.0,5,0.0,0.0,5,0.0,0.0,5,0.0,0.0,5,0.0,0.0,5,0.0,0.0,5,0.0,0.0,5,0.0,0.0,5,0.0,0.0,5,0.0,0.0,5,0.0,0.0,5
steady_d12_n2_m1,regime_marginal,observed,transit_smooth,record_stable,carry_minus_ewma,0.0,0.0,5,0.0,0.0,5,0.0,0.0,5,0.0,0.0,5,0.0,0.0,5,0.0,0.0,5,0.0,0.0,5,0.0,0.0,5,0.0,0.0,5,0.0,0.0,5,0.0,0.0,5,0.0,0.0,5,0.0,0.0,5,0.0,0.0,5,0.0,0.0,5,0.0,0.0,5,0.0,0.0,5,0.0,0.0,5
steady_d12_n2_m1,regime_marginal,observed,transit_smooth,stable,carry_minus_ewma,0.0,0.0,5,0.0,0.0,5,0.0,0.0,5,0.0,0.0,5,0.0,0.0,5,0.0,0.0,5,0.0,0.0,5,0.0,0.0,5,0.0,0.0,5,0.0,0.0,5,0.0,0.0,5,0.0,0.0,5,0.0,0.0,5,0.0,0.0,5,0.0,0.0,5,0.0,0.0,5,0.0,0.0,5,0.0,0.0,5
steady_d12_n2_m1,regime_marginal,observed,warehouse,all,carry_minus_ewma,0.0,0.0,5,0.0,0.0,5,0.0,0.0,5,0.0,0.0,5,0.0,0.0,5,0.0,0.0,5,0.0,0.0,5,0.0,0.0,5,0.0,0.0,5,0.0,0.0,5,0.0,0.0,5,0.0,0.0,5,0.0,0.0,5,0.0,0.0,5,0.0,0.0,5,0.0,0.0,5,0.0,0.0,5,0.0,0.0,5
steady_d12_n2_m1,regime_marginal,observed,warehouse,record_stable,carry_minus_ewma,0.0,0.0,5,0.0,0.0,5,0.0,0.0,5,0.0,0.0,5,0.0,0.0,5,0.0,0.0,5,0.0,0.0,5,0.0,0.0,5,0.0,0.0,5,0.0,0.0,5,0.0,0.0,5,0.0,0.0,5,0.0,0.0,5,0.0,0.0,5,0.0,0.0,5,0.0,0.0,5,0.0,0.0,5,0.0,0.0,5
steady_d12_n2_m1,regime_marginal,observed,warehouse,stable,carry_minus_ewma,0.0,0.0,5,0.0,0.0,5,0.0,0.0,5,0.0,0.0,5,0.0,0.0,5,0.0,0.0,5,0.0,0.0,5,0.0,0.0,5,0.0,0.0,5,0.0,0.0,5,0.0,0.0,5,0.0,0.0,5,0.0,0.0,5,0.0,0.0,5,0.0,0.0,5,0.0,0.0,5,0.0,0.0,5,0.0,0.0,5
switch_after6,regime_conditional,clean,all,all,carry_minus_ewma,0.0,0.0,5,,,0,0.0,0.0,5,,,0,0.0010802469135802468,0.0004499191276886803,5,,,0,,,0,,,0,,,0,,,0,0.0,0.0,5,-0.0006944444444444448,0.0015528249843748546,5,0.24691358024691343,0.1759529977004843,5,0.0,0.0,5,0.0,0.0,5,,,0,0.0,0.0,5,,,0
switch_after6,regime_conditional,clean,all,record_stable,carry_minus_ewma,0.0,0.0,5,,,0,0.0,0.0,5,,,0,-7.12250712250704e-05,9.752894542470793e-05,5,,,0,,,0,,,0,,,0,,,0,0.0,0.0,5,-0.0006944444444444448,0.0015528249843748546,5,-0.035612535612535544,0.0796320504807616,5,0.0,0.0,5,0.0,0.0,5,,,0,0.0,0.0,5,,,0
switch_after6,regime_conditional,clean,all,record_transition,carry_minus_ewma,0.0,0.0,5,,,0,0.0,0.0,5,,,0,0.008564814814814813,0.0034334252255072517,5,,,0,,,0,,,0,,,0,,,0,0.0,0.0,5,,,0,2.083333333333333,1.2678762905212178,5,0.0,0.0,5,0.0,0.0,5,,,0,0.0,0.0,5,,,0
switch_after6,regime_conditional,clean,all,stable,carry_minus_ewma,0.0,0.0,5,,,0,0.0,0.0,5,,,0,-7.12250712250704e-05,9.752894542470793e-05,5,,,0,,,0,,,0,,,0,,,0,0.0,0.0,5,-0.0006944444444444448,0.0015528249843748546,5,-0.035612535612535544,0.0796320504807616,5,0.0,0.0,5,0.0,0.0,5,,,0,0.0,0.0,5,,,0
switch_after6,regime_conditional,clean,all,transition,carry_minus_ewma,0.0,0.0,5,,,0,0.0,0.0,5,,,0,0.008564814814814813,0.0034334252255072517,5,,,0,,,0,,,0,,,0,,,0,0.0,0.0,5,,,0,2.083333333333333,1.2678762905212178,5,0.0,0.0,5,0.0,0.0,5,,,0,0.0,0.0,5,,,0
switch_after6,regime_conditional,clean,transit_rough,all,carry_minus_ewma,0.0,0.0,5,,,0,0.0,0.0,5,,,0,0.0006481481481481483,0.0009024809578526821,5,,,0,,,0,,,0,,,0,,,0,0.0,0.0,5,-0.002083333333333334,0.004658474953124564,5,0.46296296296296297,0.32736425054932744,5,0.0,0.0,5,0.0,0.0,5,,,0,0.0,0.0,5,,,0
switch_after6,regime_conditional,clean,transit_rough,record_stable,carry_minus_ewma,0.0,0.0,5,,,0,0.0,0.0,5,,,0,-0.00010683760683760646,0.00023889615144228438,5,,,0,,,0,,,0,,,0,,,0,0.0,0.0,5,-0.002083333333333334,0.004658474953124564,5,0.0,0.0,5,0.0,0.0,5,0.0,0.0,5,,,0,0.0,0.0,5,,,0
switch_after6,regime_conditional,clean,transit_rough,record_transition,carry_minus_ewma,0.0,0.0,4,,,0,0.0,0.0,4,,,0,0.005555555555555555,0.006307604904369774,5,,,0,,,0,,,0,,,0,,,0,0.0,0.0,5,,,0,3.4722222222222223,2.455231879119956,5,0.0,0.0,5,0.0,0.0,5,,,0,0.0,0.0,4,,,0
switch_after6,regime_conditional,clean,transit_rough,stable,carry_minus_ewma,0.0,0.0,5,,,0,0.0,0.0,5,,,0,-0.00010683760683760646,0.00023889615144228438,5,,,0,,,0,,,0,,,0,,,0,0.0,0.0,5,-0.002083333333333334,0.004658474953124564,5,0.0,0.0,5,0.0,0.0,5,0.0,0.0,5,,,0,0.0,0.0,5,,,0
switch_after6,regime_conditional,clean,transit_rough,transition,carry_minus_ewma,0.0,0.0,4,,,0,0.0,0.0,4,,,0,0.005555555555555555,0.006307604904369774,5,,,0,,,0,,,0,,,0,,,0,0.0,0.0,5,,,0,3.4722222222222223,2.455231879119956,5,0.0,0.0,5,0.0,0.0,5,,,0,0.0,0.0,4,,,0
switch_after6,regime_conditional,clean,transit_smooth,all,carry_minus_ewma,0.0,0.0,5,,,0,0.0,0.0,5,,,0,0.0003703703703703704,0.0011053089246586408,5,,,0,,,0,,,0,,,0,,,0,0.0,0.0,5,0.0,0.0,5,0.09259259259259264,0.5071505162084874,5,0.0,0.0,5,0.0,0.0,5,,,0,0.0,0.0,5,,,0
switch_after6,regime_conditional,clean,transit_smooth,record_stable,carry_minus_ewma,0.0,0.0,5,,,0,0.0,0.0,5,,,0,-0.00010683760683760681,0.00023889615144228514,5,,,0,,,0,,,0,,,0,,,0,0.0,0.0,5,0.0,0.0,5,-0.10683760683760682,0.23889615144228515,5,0.0,0.0,5,0.0,0.0,5,,,0,0.0,0.0,5,,,0
switch_after6,regime_conditional,clean,transit_smooth,record_transition,carry_minus_ewma,0.0,0.0,2,,,0,0.0,0.0,2,,,0,0.0034722222222222225,0.00776412492187427,5,,,0,,,0,,,0,,,0,,,0,0.0,0.0,5,,,0,1.3888888888888888,3.105649968749708,5,0.0,0.0,5,0.0,0.0,5,,,0,0.0,0.0,2,,,0
switch_after6,regime_conditional,clean,transit_smooth,stable,carry_minus_ewma,0.0,0.0,5,,,0,0.0,0.0,5,,,0,-0.00010683760683760681,0.00023889615144228514,5,,,0,,,0,,,0,,,0,,,0,0.0,0.0,5,0.0,0.0,5,-0.10683760683760682,0.23889615144228515,5,0.0,0.0,5,0.0,0.0,5,,,0,0.0,0.0,5,,,0
switch_after6,regime_conditional,clean,transit_smooth,transition,carry_minus_ewma,0.0,0.0,2,,,0,0.0,0.0,2,,,0,0.0034722222222222225,0.00776412492187427,5,,,0,,,0,,,0,,,0,,,0,0.0,0.0,5,,,0,1.3888888888888888,3.105649968749708,5,0.0,0.0,5,0.0,0.0,5,,,0,0.0,0.0,2,,,0
switch_after6,regime_conditional,clean,warehouse,all,carry_minus_ewma,0.0,0.0,5,,,0,0.0,0.0,5,,,0,0.002222222222222222,0.0011983499171800737,5,,,0,,,0,,,0,,,0,,,0,0.0,0.0,5,0.0,0.0,5,0.18518518518518529,0.7021180966714399,5,0.0,0.0,5,0.0,0.0,5,,,0,0.0,0.0,5,,,0
switch_after6,regime_conditional,clean,warehouse,record_stable,carry_minus_ewma,0.0,0.0,5,,,0,0.0,0.0,5,,,0,0.0,0.0,5,,,0,,,0,,,0,,,0,,,0,0.0,0.0,5,0.0,0.0,5,0.0,0.0,5,0.0,0.0,5,0.0,0.0,5,,,0,0.0,0.0,5,,,0
switch_after6,regime_conditional,clean,warehouse,record_transition,carry_minus_ewma,0.0,0.0,4,,,0,0.0,0.0,4,,,0,0.01666666666666667,0.008987624378850546,5,,,0,,,0,,,0,,,0,,,0,0.0,0.0,5,,,0,1.3888888888888888,5.265885725035799,5,0.0,0.0,5,0.0,0.0,5,,,0,0.0,0.0,4,,,0
switch_after6,regime_conditional,clean,warehouse,stable,carry_minus_ewma,0.0,0.0,5,,,0,0.0,0.0,5,,,0,0.0,0.0,5,,,0,,,0,,,0,,,0,,,0,0.0,0.0,5,0.0,0.0,5,0.0,0.0,5,0.0,0.0,5,0.0,0.0,5,,,0,0.0,0.0,5,,,0
switch_after6,regime_conditional,clean,warehouse,transition,carry_minus_ewma,0.0,0.0,4,,,0,0.0,0.0,4,,,0,0.01666666666666667,0.008987624378850546,5,,,0,,,0,,,0,,,0,,,0,0.0,0.0,5,,,0,1.3888888888888888,5.265885725035799,5,0.0,0.0,5,0.0,0.0,5,,,0,0.0,0.0,4,,,0
switch_after6,regime_conditional,observed,all,all,carry_minus_ewma,-0.002722657544683915,0.00482800868859575,5,0.003472222222222221,0.00425258635899857,5,-0.011363479019985023,0.007874894418862853,5,-0.003338496012795111,0.005042690242983305,5,0.0011950904392764854,0.0006619477238991975,5,0.002083333333333332,0.003105649968749707,5,0.004861111111111138,0.018307536564533405,5,0.0,0.0,5,0.003472222222222221,0.00425258635899857,5,0.002083333333333337,0.005265885725035784,5,0.0,0.0,5,-0.0013888888888888896,0.003105649968749709,5,0.3229974160206718,0.16149870801033606,5,0.0,0.0,5,0.0,0.0,5,0.003472222222222221,0.00425258635899857,5,-0.002722657544683915,0.00482800868859575,5,0.0,0.0,5
switch_after6,regime_conditional,observed,all,record_stable,carry_minus_ewma,-0.0010132949814359194,0.0036191036692603774,5,-0.001388888888888895,0.0031056499687497218,5,-0.0007989655770250792,0.00387478835306685,5,0.0007518293864168246,0.0027568054484800705,5,3.654970760233953e-05,0.0002710598862242569,5,0.0013888888888888896,0.0031056499687497096,5,0.001388888888888906,0.005810139073153308,5,0.0,0.0,5,-0.001388888888888895,0.0031056499687497218,5,-0.002777777777777768,0.006211299937499394,5,0.0,0.0,5,-0.0013888888888888896,0.003105649968749709,5,0.0,0.0,5,0.0,0.0,5,0.0,0.0,5,-0.001388888888888895,0.0031056499687497218,5,-0.0010132949814359194,0.0036191036692603774,5,0.0,0.0,5
switch_after6,regime_conditional,observed,all,record_transition,carry_minus_ewma,-0.0024214890210929817,0.00816336953658755,5,0.008333333333333337,0.005810139073153305,5,-0.12161153082498552,0.06733121091547606,5,-0.061511966337856064,0.013987931487492436,5,0.009999999999999998,0.004648111258522642,5,0.0027777777777777783,0.0038036288715636545,5,0.008333333333333314,0.03308647013769889,5,0.0,0.0,5,0.008333333333333337,0.005810139073153305,5,0.0069444444444444475,0.004910463758239905,5,0.0,0.0,5,,,0,2.7777777777777777,1.3888888888888893,5,0.0,0.0,5,0.0,0.0,5,0.008333333333333337,0.005810139073153305,5,-0.0024214890210929817,0.00816336953658755,5,0.0,0.0,5
switch_after6,regime_conditional,observed,all,stable,carry_minus_ewma,-0.0010132949814359194,0.0036191036692603774,5,-0.001388888888888895,0.0031056499687497218,5,-0.0007989655770250792,0.00387478835306685,5,0.0007518293864168246,0.0027568054484800705,5,3.654970760233953e-05,0.0002710598862242569,5,0.0013888888888888896,0.0031056499687497096,5,0.001388888888888906,0.005810139073153308,5,0.0,0.0,5,-0.001388888888888895,0.0031056499687497218,5,-0.002777777777777768,0.006211299937499394,5,0.0,0.0,5,-0.0013888888888888896,0.003105649968749709,5,0.0,0.0,5,0.0,0.0,5,0.0,0.0,5,-0.001388888888888895,0.0031056499687497218,5,-0.0010132949814359194,0.0036191036692603774,5,0.0,0.0,5
switch_after6,regime_conditional,observed,all,transition,carry_minus_ewma,-0.0024214890210929817,0.00816336953658755,5,0.008333333333333337,0.005810139073153305,5,-0.12161153082498552,0.06733121091547606,5,-0.061511966337856064,0.013987931487492436,5,0.009999999999999998,0.004648111258522642,5,0.0027777777777777783,0.0038036288715636545,5,0.008333333333333314,0.03308647013769889,5,0.0,0.0,5,0.008333333333333337,0.005810139073153305,5,0.0069444444444444475,0.004910463758239905,5,0.0,0.0,5,,,0,2.7777777777777777,1.3888888888888893,5,0.0,0.0,5,0.0,0.0,5,0.008333333333333337,0.005810139073153305,5,-0.0024214890210929817,0.00816336953658755,5,0.0,0.0,5
switch_after6,regime_conditional,observed,transit_rough,all,carry_minus_ewma,-0.0012671594043156987,0.01144086513946642,5,0.0020833333333333424,0.00871520860972996,5,-0.006547580170045086,0.01816320819632917,5,-0.0028155501947326857,0.008851604159567527,5,0.0005813953488372099,0.0012063856199601482,5,-0.003125,0.006987712429686843,5,0.016666666666666653,0.02160045974304975,5,0.0,0.0,5,0.0020833333333333424,0.00871520860972996,5,5.551115123125783e-18,0.0073656956373598734,5,0.0,0.0,5,0.0,0.0,5,0.4844961240310077,0.5933841431160799,5,0.0,0.0,5,0.0,0.0,5,0.0020833333333333424,0.00871520860972996,5,-0.0012671594043156987,0.01144086513946642,5,0.0,0.0,5
switch_after6,regime_conditional,observed,transit_rough,record_stable,carry_minus_ewma,0.0,0.0,5,0.0,0.0,5,0.0,0.0,5,-0.00029717413486249344,0.003508971445194457,5,0.0,0.0,5,0.0,0.0,5,-0.004166666666666652,0.009316949906249091,5,0.0,0.0,5,0.0,0.0,5,0.0,0.0,5,0.0,0.0,5,0.0,0.0,5,0.0,0.0,5,0.0,0.0,5,0.0,0.0,5,0.0,0.0,5,0.0,0.0,5,0.0,0.0,5
switch_after6,regime_conditional,observed,transit_rough,record_transition,carry_minus_ewma,-0.002867863533827181,0.030600926509822008,5,0.004166666666666657,0.017430417219459902,5,-0.09169799498746867,0.14452268823368722,5,-0.0486831546380828,0.031204477854642233,5,0.005,0.010374916331657276,5,-0.00625,0.013975424859373685,5,0.03750000000000002,0.03726779962499651,5,0.0,0.0,5,0.004166666666666657,0.017430417219459902,5,5.551115123125783e-18,0.014731391274719756,5,0.0,0.0,5,,,0,4.166666666666667,5.103103630798287,5,0.0,0.0,5,0.0,0.0,5,0.004166666666666657,0.017430417219459902,5,-0.002867863533827181,0.030600926509822008,5,0.0,0.0,5
switch_after6,regime_conditional,observed,transit_rough,stable,carry_minus_ewma,0.0,0.0,5,0.0,0.0,5,0.0,0.0,5,-0.00029717413486249344,0.003508971445194457,5,0.0,0.0,5,0.0,0.0,5,-0.004166666666666652,0.009316949906249091,5,0.0,0.0,5,0.0,0.0,5,0.0,0.0,5,0.0,0.0,5,0.0,0.0,5,0.0,0.0,5,0.0,0.0,5,0.0,0.0,5,0.0,0.0,5,0.0,0.0,5,0.0,0.0,5
switch_after6,regime_conditional,observed,transit_rough,transition,carry_minus_ewma,-0.002867863533827181,0.030600926509822008,5,0.004166666666666657,0.017430417219459902,5,-0.09169799498746867,0.14452268823368722,5,-0.0486831546380828,0.031204477854642233,5,0.005,0.010374916331657276,5,-0.00625,0.013975424859373685,5,0.03750000000000002,0.03726779962499651,5,0.0,0.0,5,0.004166666666666657,0.017430417219459902,5,5.551115123125783e-18,0.014731391274719756,5,0.0,0.0,5,,,0,4.166666666666667,5.103103630798287,5,0.0,0.0,5,0.0,0.0,5,0.004166666666666657,0.017430417219459902,5,-0.002867863533827181,0.030600926509822008,5,0.0,0.0,5
switch_after6,regime_conditional,observed,transit_smooth,all,carry_minus_ewma,-0.0018181878955357389,0.011048798444448981,5,0.002083333333333326,0.008715208609729956,5,-0.009544102114126197,0.019492117253676965,5,0.0026748137947864904,0.01124803501702981,5,0.0006782945736434111,0.0010614778246224154,5,0.002083333333333333,0.004658474953124561,5,0.004166666666666696,0.030010125606016517,5,0.0,0.0,5,0.002083333333333326,0.008715208609729956,5,0.002083333333333337,0.00871520860972997,5,0.0,0.0,5,0.0,0.0,5,0.2906976744186046,0.4333465072674011,5,0.0,0.0,5,0.0,0.0,5,0.002083333333333326,0.008715208609729956,5,-0.0018181878955357389,0.011048798444448981,5,0.0,0.0,5
switch_after6,regime_conditional,observed,transit_smooth,record_stable,carry_minus_ewma,0.0,0.0,5,0.0,0.0,5,0.0,0.0,5,0.0022632388684180604,0.004033889855806029,5,0.0,0.0,5,0.0,0.0,5,0.008333333333333326,0.01141088661469095,5,0.0,0.0,5,0.0,0.0,5,0.0,0.0,5,0.0,0.0,5,0.0,0.0,5,0.0,0.0,5,0.0,0.0,5,0.0,0.0,5,0.0,0.0,5,0.0,0.0,5,0.0,0.0,5
switch_after6,regime_conditional,observed,transit_smooth,record_transition,carry_minus_ewma,-0.0017951449094098571,0.03142161448948328,5,0.004166666666666668,0.0174304172194599,5,-0.09460761460761462,0.1608755725293955,5,-0.03458630962326117,0.04301619646663714,5,0.005833333333333334,0.009128709291752768,5,0.0041666666666666675,0.009316949906249124,5,1.1102230246251566e-17,0.05311478659992485,5,0.0,0.0,5,0.004166666666666668,0.0174304172194599,5,0.004166666666666663,0.01743041721945991,5,0.0,0.0,5,,,0,2.5,3.72677996249965,5,0.0,0.0,5,0.0,0.0,5,0.004166666666666668,0.0174304172194599,5,-0.0017951449094098571,0.03142161448948328,5,0.0,0.0,5
switch_after6,regime_conditional,observed,transit_smooth,stable,carry_minus_ewma,0.0,0.0,5,0.0,0.0,5,0.0,0.0,5,0.0022632388684180604,0.004033889855806029,5,0.0,0.0,5,0.0,0.0,5,0.008333333333333326,0.01141088661469095,5,0.0,0.0,5,0.0,0.0,5,0.0,0.0,5,0.0,0.0,5,0.0,0.0,5,0.0,0.0,5,0.0,0.0,5,0.0,0.0,5,0.0,0.0,5,0.0,0.0,5,0.0,0.0,5
switch_after6,regime_conditional,observed,transit_smooth,transition,carry_minus_ewma,-0.0017951449094098571,0.03142161448948328,5,0.004166666666666668,0.0174304172194599,5,-0.09460761460761462,0.1608755725293955,5,-0.03458630962326117,0.04301619646663714,5,0.005833333333333334,0.009128709291752768,5,0.0041666666666666675,0.009316949906249124,5,1.1102230246251566e-17,0.05311478659992485,5,0.0,0.0,5,0.004166666666666668,0.0174304172194599,5,0.004166666666666663,0.01743041721945991,5,0.0,0.0,5,,,0,2.5,3.72677996249965,5,0.0,0.0,5,0.0,0.0,5,0.004166666666666668,0.0174304172194599,5,-0.0017951449094098571,0.03142161448948328,5,0.0,0.0,5
switch_after6,regime_conditional,observed,warehouse,all,carry_minus_ewma,-0.006160786914796023,0.00868233179257827,5,0.006249999999999989,0.009316949906249128,5,-0.023218252352494605,0.016676949990718875,5,-0.010461197175121062,0.004417331258869044,5,0.002325581395348837,0.001547356533204584,5,0.007291666666666666,0.008715208609729954,5,-0.006249999999999978,0.017430417219459912,5,0.0,0.0,5,0.006249999999999989,0.009316949906249128,5,0.004166666666666652,0.013975424859373697,5,0.0,0.0,5,-0.004166666666666668,0.009316949906249128,5,0.19379844961240308,0.5524105741759389,5,0.0,0.0,5,0.0,0.0,5,0.006249999999999989,0.009316949906249128,5,-0.006160786914796023,0.00868233179257827,5,0.0,0.0,5
switch_after6,regime_conditional,observed,warehouse,record_stable,carry_minus_ewma,-0.003226658208762512,0.009656285452939777,5,-0.004166666666666663,0.009316949906249115,5,-0.002836199694638897,0.009931718281149485,5,0.0008648759994593358,0.004138462524587647,5,0.0001096491228070172,0.0008131796586727698,5,0.004166666666666666,0.009316949906249122,5,0.0,0.0,5,0.0,0.0,5,-0.004166666666666663,0.009316949906249115,5,-0.008333333333333337,0.018633899812498255,5,0.0,0.0,5,-0.004166666666666668,0.009316949906249128,5,0.0,0.0,5,0.0,0.0,5,0.0,0.0,5,-0.004166666666666663,0.009316949906249115,5,-0.003226658208762512,0.009656285452939777,5,0.0,0.0,5
switch_after6,regime_conditional,observed,warehouse,record_transition,carry_minus_ewma,-0.0007155978955947883,0.008207797076277614,5,0.01666666666666667,0.009316949906249126,5,-0.14533605283605286,0.037575567733470594,5,-0.07857859041718959,0.030099112798309628,5,0.01916666666666667,0.011257713405088583,5,0.010416666666666668,0.010416666666666668,5,-0.0125,0.03486083443891979,5,0.0,0.0,5,0.01666666666666667,0.009316949906249126,5,0.016666666666666663,0.009316949906249122,5,0.0,0.0,5,,,0,1.6666666666666665,4.750730937913075,5,0.0,0.0,5,0.0,0.0,5,0.01666666666666667,0.009316949906249126,5,-0.0007155978955947883,0.008207797076277614,5,0.0,0.0,5
switch_after6,regime_conditional,observed,warehouse,stable,carry_minus_ewma,-0.003226658208762512,0.009656285452939777,5,-0.004166666666666663,0.009316949906249115,5,-0.002836199694638897,0.009931718281149485,5,0.0008648759994593358,0.004138462524587647,5,0.0001096491228070172,0.0008131796586727698,5,0.004166666666666666,0.009316949906249122,5,0.0,0.0,5,0.0,0.0,5,-0.004166666666666663,0.009316949906249115,5,-0.008333333333333337,0.018633899812498255,5,0.0,0.0,5,-0.004166666666666668,0.009316949906249128,5,0.0,0.0,5,0.0,0.0,5,0.0,0.0,5,-0.004166666666666663,0.009316949906249115,5,-0.003226658208762512,0.009656285452939777,5,0.0,0.0,5
switch_after6,regime_conditional,observed,warehouse,transition,carry_minus_ewma,-0.0007155978955947883,0.008207797076277614,5,0.01666666666666667,0.009316949906249126,5,-0.14533605283605286,0.037575567733470594,5,-0.07857859041718959,0.030099112798309628,5,0.01916666666666667,0.011257713405088583,5,0.010416666666666668,0.010416666666666668,5,-0.0125,0.03486083443891979,5,0.0,0.0,5,0.01666666666666667,0.009316949906249126,5,0.016666666666666663,0.009316949906249122,5,0.0,0.0,5,,,0,1.6666666666666665,4.750730937913075,5,0.0,0.0,5,0.0,0.0,5,0.01666666666666667,0.009316949906249126,5,-0.0007155978955947883,0.008207797076277614,5,0.0,0.0,5
switch_after6,regime_marginal,clean,all,all,carry_minus_ewma,0.0,0.0,5,,,0,0.0,0.0,5,,,0,0.0012345679012345685,0.0006901444374999352,5,,,0,,,0,,,0,,,0,,,0,0.0,0.0,5,0.0,0.0,5,0.3086419753086423,0.21824283369955175,5,0.0,0.0,5,0.0,0.0,5,,,0,0.0,0.0,5,,,0
switch_after6,regime_marginal,clean,all,record_stable,carry_minus_ewma,0.0,0.0,5,,,0,0.0,0.0,5,,,0,-0.00010683760683760697,0.0002700454217967084,5,,,0,,,0,,,0,,,0,,,0,0.0,0.0,5,0.0,0.0,5,0.035612535612535634,0.19505789084941827,5,0.0,0.0,5,0.0,0.0,5,,,0,0.0,0.0,5,,,0
switch_after6,regime_marginal,clean,all,record_transition,carry_minus_ewma,0.0,0.0,4,,,0,0.0,0.0,4,,,0,0.009953703703703704,0.005991749585900363,5,,,0,,,0,,,0,,,0,,,0,0.0,0.0,5,,,0,2.0833333333333335,2.22631759973048,5,0.0,0.0,5,0.0,0.0,5,,,0,0.0,0.0,4,,,0
switch_after6,regime_marginal,clean,all,stable,carry_minus_ewma,0.0,0.0,5,,,0,0.0,0.0,5,,,0,-0.00010683760683760697,0.0002700454217967084,5,,,0,,,0,,,0,,,0,,,0,0.0,0.0,5,0.0,0.0,5,0.035612535612535634,0.19505789084941827,5,0.0,0.0,5,0.0,0.0,5,,,0,0.0,0.0,5,,,0
switch_after6,regime_marginal,clean,all,transition,carry_minus_ewma,0.0,0.0,4,,,0,0.0,0.0,4,,,0,0.009953703703703704,0.005991749585900363,5,,,0,,,0,,,0,,,0,,,0,0.0,0.0,5,,,0,2.0833333333333335,2.22631759973048,5,0.0,0.0,5,0.0,0.0,5,,,0,0.0,0.0,4,,,0
switch_after6,regime_marginal,clean,transit_rough,all,carry_minus_ewma,0.0,0.0,5,,,0,0.0,0.0,5,,,0,0.0006481481481481479,0.0018691323368691078,5,,,0,,,0,,,0,,,0,,,0,0.0,0.0,5,0.0,0.0,5,0.46296296296296313,0.3273642505493276,5,0.0,0.0,5,0.0,0.0,5,,,0,0.0,0.0,5,,,0
switch_after6,regime_marginal,clean,transit_rough,record_stable,carry_minus_ewma,0.0,0.0,5,,,0,0.0,0.0,5,,,0,-0.0003205128205128201,0.0007166884543268547,5,,,0,,,0,,,0,,,0,,,0,0.0,0.0,5,0.0,0.0,5,0.21367521367521364,0.47779230288457036,5,0.0,0.0,5,0.0,0.0,5,,,0,0.0,0.0,5,,,0
switch_after6,regime_marginal,clean,transit_rough,record_transition,carry_minus_ewma,0.0,0.0,2,,,0,0.0,0.0,2,,,0,0.006944444444444443,0.010980130764473538,5,,,0,,,0,,,0,,,0,,,0,0.0,0.0,5,,,0,2.0833333333333335,3.9589424482608955,5,0.0,0.0,5,0.0,0.0,5,,,0,0.0,0.0,2,,,0
switch_after6,regime_marginal,clean,transit_rough,stable,carry_minus_ewma,0.0,0.0,5,,,0,0.0,0.0,5,,,0,-0.0003205128205128201,0.0007166884543268547,5,,,0,,,0,,,0,,,0,,,0,0.0,0.0,5,0.0,0.0,5,0.21367521367521364,0.47779230288457036,5,0.0,0.0,5,0.0,0.0,5,,,0,0.0,0.0,5,,,0
switch_after6,regime_marginal,clean,transit_rough,transition,carry_minus_ewma,0.0,0.0,2,,,0,0.0,0.0,2,,,0,0.006944444444444443,0.010980130764473538,5,,,0,,,0,,,0,,,0,,,0,0.0,0.0,5,,,0,2.0833333333333335,3.9589424482608955,5,0.0,0.0,5,0.0,0.0,5,,,0,0.0,0.0,2,,,0
switch_after6,regime_marginal,clean,transit_smooth,all,carry_minus_ewma,0.0,0.0,5,,,0,0.0,0.0,5,,,0,9.259259259259238e-05,0.0005071505162084871,5,,,0,,,0,,,0,,,0,,,0,0.0,0.0,5,0.0,0.0,5,-0.0925925925925926,0.20704333124998056,5,0.0,0.0,5,0.0,0.0,5,,,0,0.0,0.0,5,,,0
switch_after6,regime_marginal,clean,transit_smooth,record_stable,carry_minus_ewma,0.0,0.0,5,,,0,0.0,0.0,5,,,0,-0.00010683760683760681,0.00023889615144228514,5,,,0,,,0,,,0,,,0,,,0,0.0,0.0,5,0.0,0.0,5,-0.10683760683760682,0.23889615144228515,5,0.0,0.0,5,0.0,0.0,5,,,0,0.0,0.0,5,,,0
switch_after6,regime_marginal,clean,transit_smooth,record_transition,carry_minus_ewma,,,0,,,0,,,0,,,0,0.0013888888888888887,0.0031056499687497074,5,,,0,,,0,,,0,,,0,,,0,0.0,0.0,5,,,0,0.0,0.0,5,0.0,0.0,5,0.0,0.0,5,,,0,,,0,,,0
switch_after6,regime_marginal,clean,transit_smooth,stable,carry_minus_ewma,0.0,0.0,5,,,0,0.0,0.0,5,,,0,-0.00010683760683760681,0.00023889615144228514,5,,,0,,,0,,,0,,,0,,,0,0.0,0.0,5,0.0,0.0,5,-0.10683760683760682,0.23889615144228515,5,0.0,0.0,5,0.0,0.0,5,,,0,0.0,0.0,5,,,0
switch_after6,regime_marginal,clean,transit_smooth,transition,carry_minus_ewma,,,0,,,0,,,0,,,0,0.0013888888888888887,0.0031056499687497074,5,,,0,,,0,,,0,,,0,,,0,0.0,0.0,5,,,0,0.0,0.0,5,0.0,0.0,5,0.0,0.0,5,,,0,,,0,,,0
switch_after6,regime_marginal,clean,warehouse,all,carry_minus_ewma,0.0,0.0,5,,,0,0.0,0.0,5,,,0,0.0029629629629629632,0.00295717026345765,5,,,0,,,0,,,0,,,0,,,0,0.0,0.0,5,0.0,0.0,5,0.5555555555555556,0.6036298523335787,5,0.0,0.0,5,0.0,0.0,5,,,0,0.0,0.0,5,,,0
switch_after6,regime_marginal,clean,warehouse,record_stable,carry_minus_ewma,0.0,0.0,5,,,0,0.0,0.0,5,,,0,0.00010683760683760646,0.00023889615144228438,5,,,0,,,0,,,0,,,0,,,0,0.0,0.0,5,0.0,0.0,5,0.0,0.0,5,0.0,0.0,5,0.0,0.0,5,,,0,0.0,0.0,5,,,0
switch_after6,regime_marginal,clean,warehouse,record_transition,carry_minus_ewma,0.0,0.0,3,,,0,0.0,0.0,3,,,0,0.021527777777777778,0.022422061515226306,5,,,0,,,0,,,0,,,0,,,0,0.0,0.0,5,,,0,4.166666666666667,4.52722389250184,5,0.0,0.0,5,0.0,0.0,5,,,0,0.0,0.0,3,,,0
switch_after6,regime_marginal,clean,warehouse,stable,carry_minus_ewma,0.0,0.0,5,,,0,0.0,0.0,5,,,0,0.00010683760683760646,0.00023889615144228438,5,,,0,,,0,,,0,,,0,,,0,0.0,0.0,5,0.0,0.0,5,0.0,0.0,5,0.0,0.0,5,0.0,0.0,5,,,0,0.0,0.0,5,,,0
switch_after6,regime_marginal,clean,warehouse,transition,carry_minus_ewma,0.0,0.0,3,,,0,0.0,0.0,3,,,0,0.021527777777777778,0.022422061515226306,5,,,0,,,0,,,0,,,0,,,0,0.0,0.0,5,,,0,4.166666666666667,4.52722389250184,5,0.0,0.0,5,0.0,0.0,5,,,0,0.0,0.0,3,,,0
switch_after6,regime_marginal,observed,all,all,carry_minus_ewma,0.006748026816647032,0.008160597563320993,5,0.008333333333333323,0.003958942448260897,5,-0.0075163992884412275,0.029368062332704323,5,-0.004050847205429498,0.005183845992207759,5,0.0012273901808785527,0.0007276408479372609,5,0.0010416666666666664,0.0015528249843748533,5,0.003472222222222254,0.011774878442925829,5,0.0,0.0,5,0.008333333333333323,0.003958942448260897,5,0.00486111111111111,0.006307604904369772,5,0.0,0.0,5,0.0,0.0,5,0.2583979328165375,0.2449249174435256,5,0.0,0.0,5,0.0,0.0,5,0.008333333333333323,0.003958942448260897,5,0.006748026816647032,0.008160597563320993,5,0.0,0.0,5
switch_after6,regime_marginal,observed,all,record_stable,carry_minus_ewma,0.004081301739982779,0.014255235220932243,5,0.0027777777777777844,0.011620278146306603,5,0.006456239195681673,0.018217433250073804,5,0.0019154447066528524,0.0036786639901484858,5,-0.00010964912280701753,0.0002771518802650432,5,-0.0013888888888888892,0.0031056499687497083,5,-0.0013888888888888618,0.009054447785003672,5,0.0,0.0,5,0.0027777777777777844,0.011620278146306603,5,0.004166666666666674,0.010531771450071595,5,0.0,0.0,5,0.0,0.0,5,0.03654970760233915,0.20019099324019216,5,0.0,0.0,5,0.0,0.0,5,0.0027777777777777844,0.011620278146306603,5,0.004081301739982779,0.014255235220932243,5,0.0,0.0,5
switch_after6,regime_marginal,observed,all,record_transition,carry_minus_ewma,0.014469043404573539,0.007085919447136594,5,0.01388888888888889,0.006944444444444445,5,-0.23998762428055137,0.09144560620829478,5,-0.09301447399078262,0.01970409346538194,5,0.01138888888888889,0.00737551002630653,5,0.003472222222222223,0.006014065304058603,5,0.008333333333333314,0.019270051285432764,5,0.0,0.0,5,0.01388888888888889,0.006944444444444445,5,0.005555555555555558,0.011410886614690963,5,0.0,0.0,5,,,0,1.9444444444444442,2.7074428735580462,5,0.0,0.0,5,0.0,0.0,5,0.01388888888888889,0.006944444444444445,5,0.014469043404573539,0.007085919447136594,5,0.0,0.0,5
switch_after6,regime_marginal,observed,all,stable,carry_minus_ewma,0.004081301739982779,0.014255235220932243,5,0.0027777777777777844,0.011620278146306603,5,0.006456239195681673,0.018217433250073804,5,0.0019154447066528524,0.0036786639901484858,5,-0.00010964912280701753,0.0002771518802650432,5,-0.0013888888888888892,0.0031056499687497083,5,-0.0013888888888888618,0.009054447785003672,5,0.0,0.0,5,0.0027777777777777844,0.011620278146306603,5,0.004166666666666674,0.010531771450071595,5,0.0,0.0,5,0.0,0.0,5,0.03654970760233915,0.20019099324019216,5,0.0,0.0,5,0.0,0.0,5,0.0027777777777777844,0.011620278146306603,5,0.004081301739982779,0.014255235220932243,5,0.0,0.0,5
switch_after6,regime_marginal,observed,all,transition,carry_minus_ewma,0.014469043404573539,0.007085919447136594,5,0.01388888888888889,0.006944444444444445,5,-0.23998762428055137,0.09144560620829478,5,-0.09301447399078262,0.01970409346538194,5,0.01138888888888889,0.00737551002630653,5,0.003472222222222223,0.006014065304058603,5,0.008333333333333314,0.019270051285432764,5,0.0,0.0,5,0.01388888888888889,0.006944444444444445,5,0.005555555555555558,0.011410886614690963,5,0.0,0.0,5,,,0,1.9444444444444442,2.7074428735580462,5,0.0,0.0,5,0.0,0.0,5,0.01388888888888889,0.006944444444444445,5,0.014469043404573539,0.007085919447136594,5,0.0,0.0,5
switch_after6,regime_marginal,observed,transit_rough,all,carry_minus_ewma,0.00036022349423045844,0.01312689595747074,5,0.002083333333333337,0.008715208609729953,5,-0.015422990469918898,0.03498222357923066,5,-0.0003079902628308873,0.010900317458935096,5,0.0005813953488372096,0.0017932902638877668,5,-0.0020833333333333337,0.007898828587553699,5,0.00625,0.015797657175107383,5,0.0,0.0,5,0.002083333333333337,0.008715208609729953,5,-0.0020833333333333316,0.011410886614690951,5,0.0,0.0,5,0.0,0.0,5,0.38759689922480617,0.4053585399874397,5,0.0,0.0,5,0.0,0.0,5,0.002083333333333337,0.008715208609729953,5,0.00036022349423045844,0.01312689595747074,5,0.0,0.0,5
switch_after6,regime_marginal,observed,transit_rough,record_stable,carry_minus_ewma,-0.0016161616161616155,0.018938308985010664,5,-0.004166666666666663,0.022821773229381902,5,0.0,0.016347092253237397,5,0.0035618854007136392,0.0068088098163784794,5,-0.00032894736842105224,0.0007355486768091406,5,-0.0041666666666666675,0.009316949906249124,5,-0.004166666666666674,0.00931694990624914,5,0.0,0.0,5,-0.004166666666666663,0.022821773229381902,5,-0.004166666666666663,0.022821773229381902,5,0.0,0.0,5,0.0,0.0,5,0.21929824561403494,0.4903657845394272,5,0.0,0.0,5,0.0,0.0,5,-0.004166666666666663,0.022821773229381902,5,-0.0016161616161616155,0.018938308985010664,5,0.0,0.0,5
switch_after6,regime_marginal,observed,transit_rough,record_transition,carry_minus_ewma,0.005173169706967148,0.006400094810365945,5,0.008333333333333335,0.011410886614690963,5,-0.008234126984126983,0.24353645331701432,4,-0.06356973578334012,0.05264642668288524,5,0.0075,0.011562030771259672,5,0.0,0.00736569563735987,5,0.016666666666666642,0.02716334335501101,5,0.0,0.0,5,0.008333333333333335,0.011410886614690963,5,0.0,0.0,5,0.0,0.0,5,,,0,1.6666666666666665,4.750730937913075,5,0.0,0.0,5,0.0,0.0,5,0.008333333333333335,0.011410886614690963,5,0.005173169706967148,0.006400094810365945,5,0.0,0.0,5
switch_after6,regime_marginal,observed,transit_rough,stable,carry_minus_ewma,-0.0016161616161616155,0.018938308985010664,5,-0.004166666666666663,0.022821773229381902,5,0.0,0.016347092253237397,5,0.0035618854007136392,0.0068088098163784794,5,-0.00032894736842105224,0.0007355486768091406,5,-0.0041666666666666675,0.009316949906249124,5,-0.004166666666666674,0.00931694990624914,5,0.0,0.0,5,-0.004166666666666663,0.022821773229381902,5,-0.004166666666666663,0.022821773229381902,5,0.0,0.0,5,0.0,0.0,5,0.21929824561403494,0.4903657845394272,5,0.0,0.0,5,0.0,0.0,5,-0.004166666666666663,0.022821773229381902,5,-0.0016161616161616155,0.018938308985010664,5,0.0,0.0,5
switch_after6,regime_marginal,observed,transit_rough,transition,carry_minus_ewma,0.005173169706967148,0.006400094810365945,5,0.008333333333333335,0.011410886614690963,5,-0.008234126984126983,0.24353645331701432,4,-0.06356973578334012,0.05264642668288524,5,0.0075,0.011562030771259672,5,0.0,0.00736569563735987,5,0.016666666666666642,0.02716334335501101,5,0.0,0.0,5,0.008333333333333335,0.011410886614690963,5,0.0,0.0,5,0.0,0.0,5,,,0,1.6666666666666665,4.750730937913075,5,0.0,0.0,5,0.0,0.0,5,0.008333333333333335,0.011410886614690963,5,0.005173169706967148,0.006400094810365945,5,0.0,0.0,5
switch_after6,regime_marginal,observed,transit_smooth,all,carry_minus_ewma,0.014132234134264784,0.015105790709442419,5,0.010416666666666661,0.010416666666666661,5,0.009900153609831052,0.024710435563502227,5,0.004035321874927689,0.009142114978673496,5,9.689922480620155e-05,0.000530738912311208,5,0.0,0.0,5,0.002083333333333348,0.024869450804819435,5,0.0,0.0,5,0.010416666666666661,0.010416666666666661,5,0.010416666666666661,0.010416666666666661,5,0.0,0.0,5,0.0,0.0,5,-0.09689922480620154,0.21667325363370055,5,0.0,0.0,5,0.0,0.0,5,0.010416666666666661,0.010416666666666661,5,0.014132234134264784,0.015105790709442419,5,0.0,0.0,5
switch_after6,regime_marginal,observed,transit_smooth,record_stable,carry_minus_ewma,0.008510322904742684,0.011822682576758385,5,0.008333333333333337,0.011410886614690967,5,0.007192118226600997,0.012372281833261563,5,0.002156493301435564,0.0031804365320486933,5,-0.00010964912280701753,0.0002451828922697138,5,0.0,0.0,5,-0.004166666666666652,0.009316949906249091,5,0.0,0.0,5,0.008333333333333337,0.011410886614690967,5,0.008333333333333337,0.011410886614690967,5,0.0,0.0,5,0.0,0.0,5,-0.10964912280701755,0.2451828922697138,5,0.0,0.0,5,0.0,0.0,5,0.008333333333333337,0.011410886614690967,5,0.008510322904742684,0.011822682576758385,5,0.0,0.0,5
switch_after6,regime_marginal,observed,transit_smooth,record_transition,carry_minus_ewma,0.019525158526268398,0.030668722623398814,5,0.0125,0.018633899812498248,5,-0.1,0.2,4,-0.04753552169808981,0.04285298726615728,5,0.0016666666666666666,0.0037267799624996494,5,0.0,0.0,5,0.008333333333333304,0.04564354645876381,5,0.0,0.0,5,0.0125,0.018633899812498248,5,0.0125,0.018633899812498248,5,0.0,0.0,5,,,0,0.0,0.0,5,0.0,0.0,5,0.0,0.0,5,0.0125,0.018633899812498248,5,0.019525158526268398,0.030668722623398814,5,0.0,0.0,5
switch_after6,regime_marginal,observed,transit_smooth,stable,carry_minus_ewma,0.008510322904742684,0.011822682576758385,5,0.008333333333333337,0.011410886614690967,5,0.007192118226600997,0.012372281833261563,5,0.002156493301435564,0.0031804365320486933,5,-0.00010964912280701753,0.0002451828922697138,5,0.0,0.0,5,-0.004166666666666652,0.009316949906249091,5,0.0,0.0,5,0.008333333333333337,0.011410886614690967,5,0.008333333333333337,0.011410886614690967,5,0.0,0.0,5,0.0,0.0,5,-0.10964912280701755,0.2451828922697138,5,0.0,0.0,5,0.0,0.0,5,0.008333333333333337,0.011410886614690967,5,0.008510322904742684,0.011822682576758385,5,0.0,0.0,5
switch_after6,regime_marginal,observed,transit_smooth,transition,carry_minus_ewma,0.019525158526268398,0.030668722623398814,5,0.0125,0.018633899812498248,5,-0.1,0.2,4,-0.04753552169808981,0.04285298726615728,5,0.0016666666666666666,0.0037267799624996494,5,0.0,0.0,5,0.008333333333333304,0.04564354645876381,5,0.0,0.0,5,0.0125,0.018633899812498248,5,0.0125,0.018633899812498248,5,0.0,0.0,5,,,0,0.0,0.0,5,0.0,0.0,5,0.0,0.0,5,0.0125,0.018633899812498248,5,0.019525158526268398,0.030668722623398814,5,0.0,0.0,5
switch_after6,regime_marginal,observed,warehouse,all,carry_minus_ewma,0.006773770056112266,0.026225169489538448,5,0.012500000000000006,0.015450413514782628,5,-0.013258049790530435,0.04333696763615676,5,-0.009714771447657661,0.017047520069577705,5,0.003003875968992248,0.003128659746310648,5,0.005208333333333334,0.011646187382811405,5,0.002083333333333348,0.00871520860972995,5,0.0,0.0,5,0.012500000000000006,0.015450413514782628,5,0.0062500000000000056,0.018922814713109318,5,0.0,0.0,5,0.0,0.0,5,0.4844961240310077,0.4844961240310077,5,0.0,0.0,5,0.0,0.0,5,0.012500000000000006,0.015450413514782628,5,0.006773770056112266,0.026225169489538448,5,0.0,0.0,5
switch_after6,regime_marginal,observed,warehouse,record_stable,carry_minus_ewma,0.00745723909721982,0.028836977231968867,5,0.004166666666666668,0.022821773229381913,5,0.010983548668295661,0.0344753623660183,5,0.0029423754576658632,0.007576880691938277,5,0.0001096491228070172,0.000245182892269713,5,0.0,0.0,5,0.004166666666666629,0.017430417219459884,5,0.0,0.0,5,0.004166666666666668,0.022821773229381913,5,0.008333333333333331,0.01863389981249824,5,0.0,0.0,5,0.0,0.0,5,0.0,0.0,5,0.0,0.0,5,0.0,0.0,5,0.004166666666666668,0.022821773229381913,5,0.00745723909721982,0.028836977231968867,5,0.0,0.0,5
switch_after6,regime_marginal,observed,warehouse,record_transition,carry_minus_ewma,0.01418613303489756,0.019413940142261908,5,0.020833333333333332,0.014731391274719742,5,-0.22240143369175627,0.053994395799842956,5,-0.09992608283499596,0.05630963946131054,5,0.024999999999999998,0.027322660517925,5,0.010416666666666668,0.02329237476562281,5,0.0,0.02551551815399145,5,0.0,0.0,5,0.020833333333333332,0.014731391274719742,5,0.004166666666666666,0.027163343355011034,5,0.0,0.0,5,,,0,4.166666666666666,4.166666666666667,5,0.0,0.0,5,0.0,0.0,5,0.020833333333333332,0.014731391274719742,5,0.01418613303489756,0.019413940142261908,5,0.0,0.0,5
switch_after6,regime_marginal,observed,warehouse,stable,carry_minus_ewma,0.00745723909721982,0.028836977231968867,5,0.004166666666666668,0.022821773229381913,5,0.010983548668295661,0.0344753623660183,5,0.0029423754576658632,0.007576880691938277,5,0.0001096491228070172,0.000245182892269713,5,0.0,0.0,5,0.004166666666666629,0.017430417219459884,5,0.0,0.0,5,0.004166666666666668,0.022821773229381913,5,0.008333333333333331,0.01863389981249824,5,0.0,0.0,5,0.0,0.0,5,0.0,0.0,5,0.0,0.0,5,0.0,0.0,5,0.004166666666666668,0.022821773229381913,5,0.00745723909721982,0.028836977231968867,5,0.0,0.0,5
switch_after6,regime_marginal,observed,warehouse,transition,carry_minus_ewma,0.01418613303489756,0.019413940142261908,5,0.020833333333333332,0.014731391274719742,5,-0.22240143369175627,0.053994395799842956,5,-0.09992608283499596,0.05630963946131054,5,0.024999999999999998,0.027322660517925,5,0.010416666666666668,0.02329237476562281,5,0.0,0.02551551815399145,5,0.0,0.0,5,0.020833333333333332,0.014731391274719742,5,0.004166666666666666,0.027163343355011034,5,0.0,0.0,5,,,0,4.166666666666666,4.166666666666667,5,0.0,0.0,5,0.0,0.0,5,0.020833333333333332,0.014731391274719742,5,0.01418613303489756,0.019413940142261908,5,0.0,0.0,5
switch_at,regime_conditional,clean,all,all,carry_minus_ewma,0.0,0.0,5,,,0,0.0,0.0,5,,,0,0.0010802469135802468,0.0004499191276886803,5,,,0,,,0,,,0,,,0,,,0,0.0,0.0,5,-0.0013888888888888887,0.0019018144357818268,5,0.24691358024691343,0.1759529977004843,5,0.0,0.0,5,0.0,0.0,5,,,0,0.0,0.0,5,,,0
switch_at,regime_conditional,clean,all,record_stable,carry_minus_ewma,0.0,0.0,5,,,0,0.0,0.0,5,,,0,-7.12250712250704e-05,9.752894542470793e-05,5,,,0,,,0,,,0,,,0,,,0,0.0,0.0,5,-0.0013888888888888887,0.0019018144357818268,5,-0.035612535612535544,0.0796320504807616,5,0.0,0.0,5,0.0,0.0,5,,,0,0.0,0.0,5,,,0
switch_at,regime_conditional,clean,all,record_transition,carry_minus_ewma,0.0,0.0,5,,,0,0.0,0.0,5,,,0,0.008564814814814813,0.0034334252255072517,5,,,0,,,0,,,0,,,0,,,0,0.0,0.0,5,,,0,2.083333333333333,1.2678762905212178,5,0.0,0.0,5,0.0,0.0,5,,,0,0.0,0.0,5,,,0
switch_at,regime_conditional,clean,all,stable,carry_minus_ewma,0.0,0.0,5,,,0,0.0,0.0,5,,,0,-7.12250712250704e-05,9.752894542470793e-05,5,,,0,,,0,,,0,,,0,,,0,0.0,0.0,5,-0.0013888888888888887,0.0019018144357818268,5,-0.035612535612535544,0.0796320504807616,5,0.0,0.0,5,0.0,0.0,5,,,0,0.0,0.0,5,,,0
switch_at,regime_conditional,clean,all,transition,carry_minus_ewma,0.0,0.0,5,,,0,0.0,0.0,5,,,0,0.008564814814814813,0.0034334252255072517,5,,,0,,,0,,,0,,,0,,,0,0.0,0.0,5,,,0,2.083333333333333,1.2678762905212178,5,0.0,0.0,5,0.0,0.0,5,,,0,0.0,0.0,5,,,0
switch_at,regime_conditional,clean,transit_rough,all,carry_minus_ewma,0.0,0.0,5,,,0,0.0,0.0,5,,,0,0.0006481481481481483,0.0009024809578526821,5,,,0,,,0,,,0,,,0,,,0,0.0,0.0,5,-0.0020833333333333337,0.004658474953124563,5,0.46296296296296297,0.32736425054932744,5,0.0,0.0,5,0.0,0.0,5,,,0,0.0,0.0,5,,,0
switch_at,regime_conditional,clean,transit_rough,record_stable,carry_minus_ewma,0.0,0.0,5,,,0,0.0,0.0,5,,,0,-0.00010683760683760646,0.00023889615144228438,5,,,0,,,0,,,0,,,0,,,0,0.0,0.0,5,-0.0020833333333333337,0.004658474953124563,5,0.0,0.0,5,0.0,0.0,5,0.0,0.0,5,,,0,0.0,0.0,5,,,0
switch_at,regime_conditional,clean,transit_rough,record_transition,carry_minus_ewma,0.0,0.0,4,,,0,0.0,0.0,4,,,0,0.005555555555555555,0.006307604904369774,5,,,0,,,0,,,0,,,0,,,0,0.0,0.0,5,,,0,3.4722222222222223,2.455231879119956,5,0.0,0.0,5,0.0,0.0,5,,,0,0.0,0.0,4,,,0
switch_at,regime_conditional,clean,transit_rough,stable,carry_minus_ewma,0.0,0.0,5,,,0,0.0,0.0,5,,,0,-0.00010683760683760646,0.00023889615144228438,5,,,0,,,0,,,0,,,0,,,0,0.0,0.0,5,-0.0020833333333333337,0.004658474953124563,5,0.0,0.0,5,0.0,0.0,5,0.0,0.0,5,,,0,0.0,0.0,5,,,0
switch_at,regime_conditional,clean,transit_rough,transition,carry_minus_ewma,0.0,0.0,4,,,0,0.0,0.0,4,,,0,0.005555555555555555,0.006307604904369774,5,,,0,,,0,,,0,,,0,,,0,0.0,0.0,5,,,0,3.4722222222222223,2.455231879119956,5,0.0,0.0,5,0.0,0.0,5,,,0,0.0,0.0,4,,,0
switch_at,regime_conditional,clean,transit_smooth,all,carry_minus_ewma,0.0,0.0,5,,,0,0.0,0.0,5,,,0,0.0003703703703703704,0.0011053089246586408,5,,,0,,,0,,,0,,,0,,,0,0.0,0.0,5,-0.0020833333333333333,0.004658474953124561,5,0.09259259259259264,0.5071505162084874,5,0.0,0.0,5,0.0,0.0,5,,,0,0.0,0.0,5,,,0
switch_at,regime_conditional,clean,transit_smooth,record_stable,carry_minus_ewma,0.0,0.0,5,,,0,0.0,0.0,5,,,0,-0.00010683760683760681,0.00023889615144228514,5,,,0,,,0,,,0,,,0,,,0,0.0,0.0,5,-0.0020833333333333333,0.004658474953124561,5,-0.10683760683760682,0.23889615144228515,5,0.0,0.0,5,0.0,0.0,5,,,0,0.0,0.0,5,,,0
switch_at,regime_conditional,clean,transit_smooth,record_transition,carry_minus_ewma,0.0,0.0,2,,,0,0.0,0.0,2,,,0,0.0034722222222222225,0.00776412492187427,5,,,0,,,0,,,0,,,0,,,0,0.0,0.0,5,,,0,1.3888888888888888,3.105649968749708,5,0.0,0.0,5,0.0,0.0,5,,,0,0.0,0.0,2,,,0
switch_at,regime_conditional,clean,transit_smooth,stable,carry_minus_ewma,0.0,0.0,5,,,0,0.0,0.0,5,,,0,-0.00010683760683760681,0.00023889615144228514,5,,,0,,,0,,,0,,,0,,,0,0.0,0.0,5,-0.0020833333333333333,0.004658474953124561,5,-0.10683760683760682,0.23889615144228515,5,0.0,0.0,5,0.0,0.0,5,,,0,0.0,0.0,5,,,0
switch_at,regime_conditional,clean,transit_smooth,transition,carry_minus_ewma,0.0,0.0,2,,,0,0.0,0.0,2,,,0,0.0034722222222222225,0.00776412492187427,5,,,0,,,0,,,0,,,0,,,0,0.0,0.0,5,,,0,1.3888888888888888,3.105649968749708,5,0.0,0.0,5,0.0,0.0,5,,,0,0.0,0.0,2,,,0
switch_at,regime_conditional,clean,warehouse,all,carry_minus_ewma,0.0,0.0,5,,,0,0.0,0.0,5,,,0,0.002222222222222222,0.0011983499171800737,5,,,0,,,0,,,0,,,0,,,0,0.0,0.0,5,0.0,0.0,5,0.18518518518518529,0.7021180966714399,5,0.0,0.0,5,0.0,0.0,5,,,0,0.0,0.0,5,,,0
switch_at,regime_conditional,clean,warehouse,record_stable,carry_minus_ewma,0.0,0.0,5,,,0,0.0,0.0,5,,,0,0.0,0.0,5,,,0,,,0,,,0,,,0,,,0,0.0,0.0,5,0.0,0.0,5,0.0,0.0,5,0.0,0.0,5,0.0,0.0,5,,,0,0.0,0.0,5,,,0
switch_at,regime_conditional,clean,warehouse,record_transition,carry_minus_ewma,0.0,0.0,4,,,0,0.0,0.0,4,,,0,0.01666666666666667,0.008987624378850546,5,,,0,,,0,,,0,,,0,,,0,0.0,0.0,5,,,0,1.3888888888888888,5.265885725035799,5,0.0,0.0,5,0.0,0.0,5,,,0,0.0,0.0,4,,,0
switch_at,regime_conditional,clean,warehouse,stable,carry_minus_ewma,0.0,0.0,5,,,0,0.0,0.0,5,,,0,0.0,0.0,5,,,0,,,0,,,0,,,0,,,0,0.0,0.0,5,0.0,0.0,5,0.0,0.0,5,0.0,0.0,5,0.0,0.0,5,,,0,0.0,0.0,5,,,0
switch_at,regime_conditional,clean,warehouse,transition,carry_minus_ewma,0.0,0.0,4,,,0,0.0,0.0,4,,,0,0.01666666666666667,0.008987624378850546,5,,,0,,,0,,,0,,,0,,,0,0.0,0.0,5,,,0,1.3888888888888888,5.265885725035799,5,0.0,0.0,5,0.0,0.0,5,,,0,0.0,0.0,4,,,0
switch_at,regime_conditional,observed,all,all,carry_minus_ewma,0.007857672681822003,0.029529656546283367,5,0.014583333333333337,0.028357662484854756,5,-0.004236498903397223,0.03238683947577692,5,0.016650947357020395,0.028124908008393824,5,0.00103359173126615,0.0011679382901656683,5,0.012847222222222222,0.012189923389959695,5,-0.04791666666666665,0.03653266232656291,5,0.0,0.0,5,0.014583333333333337,0.028357662484854756,5,0.009027777777777768,0.025820822836914177,5,0.0,0.0,5,-0.0027777777777777735,0.0045272238925018376,5,0.29069767441860445,0.38557288069487483,5,0.0,0.0,5,0.0,0.0,5,0.014583333333333337,0.028357662484854756,5,0.007857672681822003,0.029529656546283367,5,0.0,0.0,5
switch_at,regime_conditional,observed,all,record_stable,carry_minus_ewma,0.0,0.0,5,,,0,0.0,0.0,5,,,0,-0.0001780626780626786,0.0002815418144736813,5,,,0,,,0,,,0,,,0,,,0,0.0,0.0,5,-0.0027777777777777735,0.0045272238925018376,5,-0.03561253561253537,0.19505789084941802,5,0.0,0.0,5,0.0,0.0,5,,,0,0.0,0.0,5,,,0
switch_at,regime_conditional,observed,all,record_transition,carry_minus_ewma,0.005324196355115818,0.03524556283036057,5,0.014583333333333337,0.028357662484854756,5,-0.05530237509148124,0.07187299368828388,5,-0.01729116791112344,0.03076290785014316,5,0.012847222222222222,0.012189923389959695,5,0.012847222222222222,0.012189923389959695,5,-0.04791666666666665,0.03653266232656291,5,0.0,0.0,5,0.014583333333333337,0.028357662484854756,5,0.009027777777777768,0.025820822836914177,5,0.0,0.0,5,,,0,3.4722222222222214,3.472222222222222,5,0.0,0.0,5,0.0,0.0,5,0.014583333333333337,0.028357662484854756,5,0.005324196355115818,0.03524556283036057,5,0.0,0.0,5
switch_at,regime_conditional,observed,all,stable,carry_minus_ewma,0.0,0.0,5,,,0,0.0,0.0,5,,,0,-0.0001780626780626786,0.0002815418144736813,5,,,0,,,0,,,0,,,0,,,0,0.0,0.0,5,-0.0027777777777777735,0.0045272238925018376,5,-0.03561253561253537,0.19505789084941802,5,0.0,0.0,5,0.0,0.0,5,,,0,0.0,0.0,5,,,0
switch_at,regime_conditional,observed,all,transition,carry_minus_ewma,0.005324196355115818,0.03524556283036057,5,0.014583333333333337,0.028357662484854756,5,-0.05530237509148124,0.07187299368828388,5,-0.01729116791112344,0.03076290785014316,5,0.012847222222222222,0.012189923389959695,5,0.012847222222222222,0.012189923389959695,5,-0.04791666666666665,0.03653266232656291,5,0.0,0.0,5,0.014583333333333337,0.028357662484854756,5,0.009027777777777768,0.025820822836914177,5,0.0,0.0,5,,,0,3.4722222222222214,3.472222222222222,5,0.0,0.0,5,0.0,0.0,5,0.014583333333333337,0.028357662484854756,5,0.005324196355115818,0.03524556283036057,5,0.0,0.0,5
switch_at,regime_conditional,observed,transit_rough,all,carry_minus_ewma,0.009134059622636992,0.021431796278936995,5,0.012499999999999989,0.024869450804819438,5,0.005275196044982155,0.017529030008324266,5,0.022303966038704482,0.025980632165545754,5,0.0002906976744186041,0.0013090364424521597,5,0.005208333333333334,0.015625,5,-0.03333333333333337,0.02982879388182575,5,0.0,0.0,5,0.012499999999999989,0.024869450804819438,5,0.006249999999999989,0.03176656392078522,5,0.0,0.0,5,-0.006249999999999997,0.011876827344782697,5,0.38759689922480617,0.7961083684668112,5,0.0,0.0,5,0.0,0.0,5,0.012499999999999989,0.024869450804819438,5,0.009134059622636992,0.021431796278936995,5,0.0,0.0,5
switch_at,regime_conditional,observed,transit_rough,record_stable,carry_minus_ewma,0.0,0.0,5,,,0,0.0,0.0,5,,,0,-0.00021367521367521292,0.0004777923028845707,5,,,0,,,0,,,0,,,0,,,0,0.0,0.0,5,-0.006249999999999997,0.011876827344782697,5,0.10683760683760682,0.4469337748579462,5,0.0,0.0,5,0.0,0.0,5,,,0,0.0,0.0,5,,,0
switch_at,regime_conditional,observed,transit_rough,record_transition,carry_minus_ewma,0.008150285015816827,0.026539798603018194,5,0.012499999999999989,0.024869450804819438,5,-0.01725316539863351,0.06318879047921865,5,-0.005782921372952843,0.030365350108368293,5,0.005208333333333334,0.015625,5,0.005208333333333334,0.015625,5,-0.03333333333333337,0.02982879388182575,5,0.0,0.0,5,0.012499999999999989,0.024869450804819438,5,0.006249999999999989,0.03176656392078522,5,0.0,0.0,5,,,0,3.1250000000000004,4.658474953124562,5,0.0,0.0,5,0.0,0.0,5,0.012499999999999989,0.024869450804819438,5,0.008150285015816827,0.026539798603018194,5,0.0,0.0,5
switch_at,regime_conditional,observed,transit_rough,stable,carry_minus_ewma,0.0,0.0,5,,,0,0.0,0.0,5,,,0,-0.00021367521367521292,0.0004777923028845707,5,,,0,,,0,,,0,,,0,,,0,0.0,0.0,5,-0.006249999999999997,0.011876827344782697,5,0.10683760683760682,0.4469337748579462,5,0.0,0.0,5,0.0,0.0,5,,,0,0.0,0.0,5,,,0
switch_at,regime_conditional,observed,transit_rough,transition,carry_minus_ewma,0.008150285015816827,0.026539798603018194,5,0.012499999999999989,0.024869450804819438,5,-0.01725316539863351,0.06318879047921865,5,-0.005782921372952843,0.030365350108368293,5,0.005208333333333334,0.015625,5,0.005208333333333334,0.015625,5,-0.03333333333333337,0.02982879388182575,5,0.0,0.0,5,0.012499999999999989,0.024869450804819438,5,0.006249999999999989,0.03176656392078522,5,0.0,0.0,5,,,0,3.1250000000000004,4.658474953124562,5,0.0,0.0,5,0.0,0.0,5,0.012499999999999989,0.024869450804819438,5,0.008150285015816827,0.026539798603018194,5,0.0,0.0,5
switch_at,regime_conditional,observed,transit_smooth,all,carry_minus_ewma,0.020025226593898836,0.049797599923566714,5,0.027083333333333313,0.045762255492684985,5,0.004236691746374954,0.06167191183545557,5,0.02058268130876395,0.037237482167930915,5,0.0009689922480620155,0.002762052870879695,5,0.013541666666666665,0.027950849718747367,5,-0.04166666666666667,0.058463396668342854,5,0.0,0.0,5,0.027083333333333313,0.045762255492684985,5,0.018749999999999996,0.043200919486099415,5,0.0,0.0,5,-0.002083333333333333,0.004658474953124561,5,0.19379844961240308,1.0046725461883586,5,0.0,0.0,5,0.0,0.0,5,0.027083333333333313,0.045762255492684985,5,0.020025226593898836,0.049797599923566714,5,0.0,0.0,5
switch_at,regime_conditional,observed,transit_smooth,record_stable,carry_minus_ewma,0.0,0.0,5,,,0,0.0,0.0,5,,,0,-0.0003205128205128204,0.00047779230288457077,5,,,0,,,0,,,0,,,0,,,0,0.0,0.0,5,-0.002083333333333333,0.004658474953124561,5,-0.32051282051282043,0.4777923028845703,5,0.0,0.0,5,0.0,0.0,5,,,0,0.0,0.0,5,,,0
switch_at,regime_conditional,observed,transit_smooth,record_transition,carry_minus_ewma,0.01779245319900803,0.05944271868601933,5,0.027083333333333313,0.045762255492684985,5,-0.05588494926032528,0.14716767527332808,5,-0.00637645409137535,0.05367146926315992,5,0.013541666666666665,0.027950849718747367,5,0.013541666666666665,0.027950849718747367,5,-0.04166666666666667,0.058463396668342854,5,0.0,0.0,5,0.027083333333333313,0.045762255492684985,5,0.018749999999999996,0.043200919486099415,5,0.0,0.0,5,,,0,5.208333333333334,9.021097956087903,5,0.0,0.0,5,0.0,0.0,5,0.027083333333333313,0.045762255492684985,5,0.01779245319900803,0.05944271868601933,5,0.0,0.0,5
switch_at,regime_conditional,observed,transit_smooth,stable,carry_minus_ewma,0.0,0.0,5,,,0,0.0,0.0,5,,,0,-0.0003205128205128204,0.00047779230288457077,5,,,0,,,0,,,0,,,0,,,0,0.0,0.0,5,-0.002083333333333333,0.004658474953124561,5,-0.32051282051282043,0.4777923028845703,5,0.0,0.0,5,0.0,0.0,5,,,0,0.0,0.0,5,,,0
switch_at,regime_conditional,observed,transit_smooth,transition,carry_minus_ewma,0.01779245319900803,0.05944271868601933,5,0.027083333333333313,0.045762255492684985,5,-0.05588494926032528,0.14716767527332808,5,-0.00637645409137535,0.05367146926315992,5,0.013541666666666665,0.027950849718747367,5,0.013541666666666665,0.027950849718747367,5,-0.04166666666666667,0.058463396668342854,5,0.0,0.0,5,0.027083333333333313,0.045762255492684985,5,0.018749999999999996,0.043200919486099415,5,0.0,0.0,5,,,0,5.208333333333334,9.021097956087903,5,0.0,0.0,5,0.0,0.0,5,0.027083333333333313,0.045762255492684985,5,0.01779245319900803,0.05944271868601933,5,0.0,0.0,5
switch_at,regime_conditional,observed,warehouse,all,carry_minus_ewma,-0.003453824163157526,0.029389361112867947,5,0.004166666666666652,0.027163343355011013,5,-0.017861425320629176,0.0322431939669417,5,0.004234417615393948,0.028027085245912894,5,0.0018410852713178286,0.002038341469763822,5,0.019791666666666666,0.018560968417922354,5,-0.06875,0.05187458165828639,5,0.0,0.0,5,0.004166666666666652,0.027163343355011013,5,0.002083333333333337,0.024869450804819438,5,0.0,0.0,5,2.7755575615628915e-18,0.007365695637359869,5,0.2906976744186046,0.9444568163574576,5,0.0,0.0,5,0.0,0.0,5,0.004166666666666652,0.027163343355011013,5,-0.003453824163157526,0.029389361112867947,5,0.0,0.0,5
switch_at,regime_conditional,observed,warehouse,record_stable,carry_minus_ewma,0.0,0.0,5,,,0,0.0,0.0,5,,,0,3.4694469519536144e-19,0.0005341880341880327,5,,,0,,,0,,,0,,,0,,,0,0.0,0.0,5,2.7755575615628915e-18,0.007365695637359869,5,0.10683760683760717,0.44693377485794666,5,0.0,0.0,5,0.0,0.0,5,,,0,0.0,0.0,5,,,0
switch_at,regime_conditional,observed,warehouse,record_transition,carry_minus_ewma,-0.008122142108567954,0.036737549821022085,5,0.004166666666666652,0.027163343355011013,5,-0.07060098571958906,0.07058648428644912,5,-0.034020137584182895,0.027167686617023384,5,0.019791666666666666,0.018560968417922354,5,0.019791666666666666,0.018560968417922354,5,-0.06875,0.05187458165828639,5,0.0,0.0,5,0.004166666666666652,0.027163343355011013,5,0.002083333333333337,0.024869450804819438,5,0.0,0.0,5,,,0,2.083333333333333,8.715208609729954,5,0.0,0.0,5,0.0,0.0,5,0.004166666666666652,0.027163343355011013,5,-0.008122142108567954,0.036737549821022085,5,0.0,0.0,5
switch_at,regime_conditional,observed,warehouse,stable,carry_minus_ewma,0.0,0.0,5,,,0,0.0,0.0,5,,,0,3.4694469519536144e-19,0.0005341880341880327,5,,,0,,,0,,,0,,,0,,,0,0.0,0.0,5,2.7755575615628915e-18,0.007365695637359869,5,0.10683760683760717,0.44693377485794666,5,0.0,0.0,5,0.0,0.0,5,,,0,0.0,0.0,5,,,0
switch_at,regime_conditional,observed,warehouse,transition,carry_minus_ewma,-0.008122142108567954,0.036737549821022085,5,0.004166666666666652,0.027163343355011013,5,-0.07060098571958906,0.07058648428644912,5,-0.034020137584182895,0.027167686617023384,5,0.019791666666666666,0.018560968417922354,5,0.019791666666666666,0.018560968417922354,5,-0.06875,0.05187458165828639,5,0.0,0.0,5,0.004166666666666652,0.027163343355011013,5,0.002083333333333337,0.024869450804819438,5,0.0,0.0,5,,,0,2.083333333333333,8.715208609729954,5,0.0,0.0,5,0.0,0.0,5,0.004166666666666652,0.027163343355011013,5,-0.008122142108567954,0.036737549821022085,5,0.0,0.0,5
switch_at,regime_marginal,clean,all,all,carry_minus_ewma,0.0,0.0,5,,,0,0.0,0.0,5,,,0,0.0012345679012345685,0.0006901444374999352,5,,,0,,,0,,,0,,,0,,,0,0.0,0.0,5,0.0,0.0,5,0.3086419753086423,0.21824283369955175,5,0.0,0.0,5,0.0,0.0,5,,,0,0.0,0.0,5,,,0
switch_at,regime_marginal,clean,all,record_stable,carry_minus_ewma,0.0,0.0,5,,,0,0.0,0.0,5,,,0,-0.00010683760683760697,0.0002700454217967084,5,,,0,,,0,,,0,,,0,,,0,0.0,0.0,5,0.0,0.0,5,0.035612535612535634,0.19505789084941827,5,0.0,0.0,5,0.0,0.0,5,,,0,0.0,0.0,5,,,0
switch_at,regime_marginal,clean,all,record_transition,carry_minus_ewma,0.0,0.0,4,,,0,0.0,0.0,4,,,0,0.009953703703703704,0.005991749585900363,5,,,0,,,0,,,0,,,0,,,0,0.0,0.0,5,,,0,2.0833333333333335,2.22631759973048,5,0.0,0.0,5,0.0,0.0,5,,,0,0.0,0.0,4,,,0
switch_at,regime_marginal,clean,all,stable,carry_minus_ewma,0.0,0.0,5,,,0,0.0,0.0,5,,,0,-0.00010683760683760697,0.0002700454217967084,5,,,0,,,0,,,0,,,0,,,0,0.0,0.0,5,0.0,0.0,5,0.035612535612535634,0.19505789084941827,5,0.0,0.0,5,0.0,0.0,5,,,0,0.0,0.0,5,,,0
switch_at,regime_marginal,clean,all,transition,carry_minus_ewma,0.0,0.0,4,,,0,0.0,0.0,4,,,0,0.009953703703703704,0.005991749585900363,5,,,0,,,0,,,0,,,0,,,0,0.0,0.0,5,,,0,2.0833333333333335,2.22631759973048,5,0.0,0.0,5,0.0,0.0,5,,,0,0.0,0.0,4,,,0
switch_at,regime_marginal,clean,transit_rough,all,carry_minus_ewma,0.0,0.0,5,,,0,0.0,0.0,5,,,0,0.0006481481481481479,0.0018691323368691078,5,,,0,,,0,,,0,,,0,,,0,0.0,0.0,5,0.0,0.0,5,0.46296296296296313,0.3273642505493276,5,0.0,0.0,5,0.0,0.0,5,,,0,0.0,0.0,5,,,0
switch_at,regime_marginal,clean,transit_rough,record_stable,carry_minus_ewma,0.0,0.0,5,,,0,0.0,0.0,5,,,0,-0.0003205128205128201,0.0007166884543268547,5,,,0,,,0,,,0,,,0,,,0,0.0,0.0,5,0.0,0.0,5,0.21367521367521364,0.47779230288457036,5,0.0,0.0,5,0.0,0.0,5,,,0,0.0,0.0,5,,,0
switch_at,regime_marginal,clean,transit_rough,record_transition,carry_minus_ewma,0.0,0.0,2,,,0,0.0,0.0,2,,,0,0.006944444444444443,0.010980130764473538,5,,,0,,,0,,,0,,,0,,,0,0.0,0.0,5,,,0,2.0833333333333335,3.9589424482608955,5,0.0,0.0,5,0.0,0.0,5,,,0,0.0,0.0,2,,,0
switch_at,regime_marginal,clean,transit_rough,stable,carry_minus_ewma,0.0,0.0,5,,,0,0.0,0.0,5,,,0,-0.0003205128205128201,0.0007166884543268547,5,,,0,,,0,,,0,,,0,,,0,0.0,0.0,5,0.0,0.0,5,0.21367521367521364,0.47779230288457036,5,0.0,0.0,5,0.0,0.0,5,,,0,0.0,0.0,5,,,0
switch_at,regime_marginal,clean,transit_rough,transition,carry_minus_ewma,0.0,0.0,2,,,0,0.0,0.0,2,,,0,0.006944444444444443,0.010980130764473538,5,,,0,,,0,,,0,,,0,,,0,0.0,0.0,5,,,0,2.0833333333333335,3.9589424482608955,5,0.0,0.0,5,0.0,0.0,5,,,0,0.0,0.0,2,,,0
switch_at,regime_marginal,clean,transit_smooth,all,carry_minus_ewma,0.0,0.0,5,,,0,0.0,0.0,5,,,0,9.259259259259238e-05,0.0005071505162084871,5,,,0,,,0,,,0,,,0,,,0,0.0,0.0,5,0.0,0.0,5,-0.0925925925925926,0.20704333124998056,5,0.0,0.0,5,0.0,0.0,5,,,0,0.0,0.0,5,,,0
switch_at,regime_marginal,clean,transit_smooth,record_stable,carry_minus_ewma,0.0,0.0,5,,,0,0.0,0.0,5,,,0,-0.00010683760683760681,0.00023889615144228514,5,,,0,,,0,,,0,,,0,,,0,0.0,0.0,5,0.0,0.0,5,-0.10683760683760682,0.23889615144228515,5,0.0,0.0,5,0.0,0.0,5,,,0,0.0,0.0,5,,,0
switch_at,regime_marginal,clean,transit_smooth,record_transition,carry_minus_ewma,,,0,,,0,,,0,,,0,0.0013888888888888887,0.0031056499687497074,5,,,0,,,0,,,0,,,0,,,0,0.0,0.0,5,,,0,0.0,0.0,5,0.0,0.0,5,0.0,0.0,5,,,0,,,0,,,0
switch_at,regime_marginal,clean,transit_smooth,stable,carry_minus_ewma,0.0,0.0,5,,,0,0.0,0.0,5,,,0,-0.00010683760683760681,0.00023889615144228514,5,,,0,,,0,,,0,,,0,,,0,0.0,0.0,5,0.0,0.0,5,-0.10683760683760682,0.23889615144228515,5,0.0,0.0,5,0.0,0.0,5,,,0,0.0,0.0,5,,,0
switch_at,regime_marginal,clean,transit_smooth,transition,carry_minus_ewma,,,0,,,0,,,0,,,0,0.0013888888888888887,0.0031056499687497074,5,,,0,,,0,,,0,,,0,,,0,0.0,0.0,5,,,0,0.0,0.0,5,0.0,0.0,5,0.0,0.0,5,,,0,,,0,,,0
switch_at,regime_marginal,clean,warehouse,all,carry_minus_ewma,0.0,0.0,5,,,0,0.0,0.0,5,,,0,0.0029629629629629632,0.00295717026345765,5,,,0,,,0,,,0,,,0,,,0,0.0,0.0,5,0.0,0.0,5,0.5555555555555556,0.6036298523335787,5,0.0,0.0,5,0.0,0.0,5,,,0,0.0,0.0,5,,,0
switch_at,regime_marginal,clean,warehouse,record_stable,carry_minus_ewma,0.0,0.0,5,,,0,0.0,0.0,5,,,0,0.00010683760683760646,0.00023889615144228438,5,,,0,,,0,,,0,,,0,,,0,0.0,0.0,5,0.0,0.0,5,0.0,0.0,5,0.0,0.0,5,0.0,0.0,5,,,0,0.0,0.0,5,,,0
switch_at,regime_marginal,clean,warehouse,record_transition,carry_minus_ewma,0.0,0.0,3,,,0,0.0,0.0,3,,,0,0.021527777777777778,0.022422061515226306,5,,,0,,,0,,,0,,,0,,,0,0.0,0.0,5,,,0,4.166666666666667,4.52722389250184,5,0.0,0.0,5,0.0,0.0,5,,,0,0.0,0.0,3,,,0
switch_at,regime_marginal,clean,warehouse,stable,carry_minus_ewma,0.0,0.0,5,,,0,0.0,0.0,5,,,0,0.00010683760683760646,0.00023889615144228438,5,,,0,,,0,,,0,,,0,,,0,0.0,0.0,5,0.0,0.0,5,0.0,0.0,5,0.0,0.0,5,0.0,0.0,5,,,0,0.0,0.0,5,,,0
switch_at,regime_marginal,clean,warehouse,transition,carry_minus_ewma,0.0,0.0,3,,,0,0.0,0.0,3,,,0,0.021527777777777778,0.022422061515226306,5,,,0,,,0,,,0,,,0,,,0,0.0,0.0,5,,,0,4.166666666666667,4.52722389250184,5,0.0,0.0,5,0.0,0.0,5,,,0,0.0,0.0,3,,,0
switch_at,regime_marginal,observed,all,all,carry_minus_ewma,0.021381714868378223,0.01838276478626193,5,0.019444444444444448,0.016760442202982177,5,0.015941087266600585,0.02981999884330988,5,0.022689210322464747,0.014792563736103687,5,0.0008720930232558139,0.0006813637955338822,5,0.010069444444444445,0.007094728035313386,5,-0.04861111111111109,0.03086178617123467,5,0.0,0.0,5,0.019444444444444448,0.016760442202982177,5,0.01041666666666666,0.009820927516479831,5,0.0,0.0,5,0.0006944444444444426,0.00290506953657665,5,0.2260981912144703,0.3148189387858193,5,0.0,0.0,5,0.0,0.0,5,0.019444444444444448,0.016760442202982177,5,0.021381714868378223,0.01838276478626193,5,0.0,0.0,5
switch_at,regime_marginal,observed,all,record_stable,carry_minus_ewma,0.0,0.0,5,,,0,0.0,0.0,5,,,0,-7.122507122507213e-05,0.00027004542179670705,5,,,0,,,0,,,0,,,0,,,0,0.0,0.0,5,0.0006944444444444426,0.00290506953657665,5,0.071225071225071,0.15926410096152335,5,0.0,0.0,5,0.0,0.0,5,,,0,0.0,0.0,5,,,0
switch_at,regime_marginal,observed,all,record_transition,carry_minus_ewma,0.024951873835628604,0.0231418163068689,5,0.019444444444444448,0.016760442202982177,5,-0.08477797142380139,0.03899139394620722,5,-0.04569772232634406,0.02006183984202878,5,0.010069444444444445,0.007094728035313386,5,0.010069444444444445,0.007094728035313386,5,-0.04861111111111109,0.03086178617123467,5,0.0,0.0,5,0.019444444444444448,0.016760442202982177,5,0.01041666666666666,0.009820927516479831,5,0.0,0.0,5,,,0,1.7361111111111112,3.6828478186799347,5,0.0,0.0,5,0.0,0.0,5,0.019444444444444448,0.016760442202982177,5,0.024951873835628604,0.0231418163068689,5,0.0,0.0,5
switch_at,regime_marginal,observed,all,stable,carry_minus_ewma,0.0,0.0,5,,,0,0.0,0.0,5,,,0,-7.122507122507213e-05,0.00027004542179670705,5,,,0,,,0,,,0,,,0,,,0,0.0,0.0,5,0.0006944444444444426,0.00290506953657665,5,0.071225071225071,0.15926410096152335,5,0.0,0.0,5,0.0,0.0,5,,,0,0.0,0.0,5,,,0
switch_at,regime_marginal,observed,all,transition,carry_minus_ewma,0.024951873835628604,0.0231418163068689,5,0.019444444444444448,0.016760442202982177,5,-0.08477797142380139,0.03899139394620722,5,-0.04569772232634406,0.02006183984202878,5,0.010069444444444445,0.007094728035313386,5,0.010069444444444445,0.007094728035313386,5,-0.04861111111111109,0.03086178617123467,5,0.0,0.0,5,0.019444444444444448,0.016760442202982177,5,0.01041666666666666,0.009820927516479831,5,0.0,0.0,5,,,0,1.7361111111111112,3.6828478186799347,5,0.0,0.0,5,0.0,0.0,5,0.019444444444444448,0.016760442202982177,5,0.024951873835628604,0.0231418163068689,5,0.0,0.0,5
switch_at,regime_marginal,observed,transit_rough,all,carry_minus_ewma,0.020626941567880953,0.041510438686193044,5,0.02083333333333333,0.03682847818679934,5,0.00875203127578183,0.055556010127540245,5,0.024556164232048434,0.018833984289305654,5,0.00029069767441860465,0.001516712775435904,5,0.005208333333333334,0.009743899444723805,5,-0.05208333333333333,0.036084391824351573,5,0.0,0.0,5,0.02083333333333333,0.03682847818679934,5,0.008333333333333328,0.04256836821188031,5,0.0,0.0,5,0.002083333333333334,0.004658474953124564,5,0.2906976744186046,0.43334650726740104,5,0.0,0.0,5,0.0,0.0,5,0.02083333333333333,0.03682847818679934,5,0.020626941567880953,0.041510438686193044,5,0.0,0.0,5
switch_at,regime_marginal,observed,transit_rough,record_stable,carry_minus_ewma,0.0,0.0,5,,,0,0.0,0.0,5,,,0,-0.00021367521367521362,0.0008101362653901239,5,,,0,,,0,,,0,,,0,,,0,0.0,0.0,5,0.002083333333333334,0.004658474953124564,5,0.32051282051282043,0.47779230288457036,5,0.0,0.0,5,0.0,0.0,5,,,0,0.0,0.0,5,,,0
switch_at,regime_marginal,observed,transit_rough,record_transition,carry_minus_ewma,0.02633359979072094,0.05448043808197696,5,0.02083333333333333,0.03682847818679934,5,-0.02874811463046758,0.0772121765179684,5,-0.030560372999175845,0.06161446932951336,5,0.005208333333333334,0.009743899444723805,5,0.005208333333333334,0.009743899444723805,5,-0.05208333333333333,0.036084391824351573,5,0.0,0.0,5,0.02083333333333333,0.03682847818679934,5,0.008333333333333328,0.04256836821188031,5,0.0,0.0,5,,,0,3.552713678800501e-16,6.37887953849786,5,0.0,0.0,5,0.0,0.0,5,0.02083333333333333,0.03682847818679934,5,0.02633359979072094,0.05448043808197696,5,0.0,0.0,5
switch_at,regime_marginal,observed,transit_rough,stable,carry_minus_ewma,0.0,0.0,5,,,0,0.0,0.0,5,,,0,-0.00021367521367521362,0.0008101362653901239,5,,,0,,,0,,,0,,,0,,,0,0.0,0.0,5,0.002083333333333334,0.004658474953124564,5,0.32051282051282043,0.47779230288457036,5,0.0,0.0,5,0.0,0.0,5,,,0,0.0,0.0,5,,,0
switch_at,regime_marginal,observed,transit_rough,transition,carry_minus_ewma,0.02633359979072094,0.05448043808197696,5,0.02083333333333333,0.03682847818679934,5,-0.02874811463046758,0.0772121765179684,5,-0.030560372999175845,0.06161446932951336,5,0.005208333333333334,0.009743899444723805,5,0.005208333333333334,0.009743899444723805,5,-0.05208333333333333,0.036084391824351573,5,0.0,0.0,5,0.02083333333333333,0.03682847818679934,5,0.008333333333333328,0.04256836821188031,5,0.0,0.0,5,,,0,3.552713678800501e-16,6.37887953849786,5,0.0,0.0,5,0.0,0.0,5,0.02083333333333333,0.03682847818679934,5,0.02633359979072094,0.05448043808197696,5,0.0,0.0,5
switch_at,regime_marginal,observed,transit_smooth,all,carry_minus_ewma,0.02300352846857689,0.021440563253841652,5,0.01666666666666667,0.015797657175107404,5,0.03000797500797503,0.021319299297021112,5,0.02396349406722872,0.02520378218090954,5,1.7347234759768072e-19,0.0005933841431160797,5,0.0020833333333333333,0.004658474953124561,5,-0.02708333333333337,0.08640183897219882,5,0.0,0.0,5,0.01666666666666667,0.015797657175107404,5,0.01666666666666667,0.015797657175107404,5,0.0,0.0,5,-0.002083333333333334,0.004658474953124564,5,-0.09689922480620154,0.21667325363370055,5,0.0,0.0,5,0.0,0.0,5,0.01666666666666667,0.015797657175107404,5,0.02300352846857689,0.021440563253841652,5,0.0,0.0,5
switch_at,regime_marginal,observed,transit_smooth,record_stable,carry_minus_ewma,0.0,0.0,5,,,0,0.0,0.0,5,,,0,-0.0002136752136752137,0.0002925868362741272,5,,,0,,,0,,,0,,,0,,,0,0.0,0.0,5,-0.002083333333333334,0.004658474953124564,5,-0.1068376068376069,0.23889615144228538,5,0.0,0.0,5,0.0,0.0,5,,,0,0.0,0.0,5,,,0
switch_at,regime_marginal,observed,transit_smooth,record_transition,carry_minus_ewma,0.025843725569386865,0.02291646737029939,5,0.01666666666666667,0.015797657175107404,5,-0.035714285714285726,0.07142857142857145,4,-0.002602459192170681,0.05062980942117859,5,0.0020833333333333333,0.004658474953124561,5,0.0020833333333333333,0.004658474953124561,5,-0.02708333333333337,0.08640183897219882,5,0.0,0.0,5,0.01666666666666667,0.015797657175107404,5,0.01666666666666667,0.015797657175107404,5,0.0,0.0,5,,,0,0.0,0.0,5,0.0,0.0,5,0.0,0.0,5,0.01666666666666667,0.015797657175107404,5,0.025843725569386865,0.02291646737029939,5,0.0,0.0,5
switch_at,regime_marginal,observed,transit_smooth,stable,carry_minus_ewma,0.0,0.0,5,,,0,0.0,0.0,5,,,0,-0.0002136752136752137,0.0002925868362741272,5,,,0,,,0,,,0,,,0,,,0,0.0,0.0,5,-0.002083333333333334,0.004658474953124564,5,-0.1068376068376069,0.23889615144228538,5,0.0,0.0,5,0.0,0.0,5,,,0,0.0,0.0,5,,,0
switch_at,regime_marginal,observed,transit_smooth,transition,carry_minus_ewma,0.025843725569386865,0.02291646737029939,5,0.01666666666666667,0.015797657175107404,5,-0.035714285714285726,0.07142857142857145,4,-0.002602459192170681,0.05062980942117859,5,0.0020833333333333333,0.004658474953124561,5,0.0020833333333333333,0.004658474953124561,5,-0.02708333333333337,0.08640183897219882,5,0.0,0.0,5,0.01666666666666667,0.015797657175107404,5,0.01666666666666667,0.015797657175107404,5,0.0,0.0,5,,,0,0.0,0.0,5,0.0,0.0,5,0.0,0.0,5,0.01666666666666667,0.015797657175107404,5,0.025843725569386865,0.02291646737029939,5,0.0,0.0,5
switch_at,regime_marginal,observed,warehouse,all,carry_minus_ewma,0.018647418059902866,0.020666916422723638,5,0.020833333333333332,0.016470196146710307,5,0.0010905033887489868,0.028826300593581884,5,0.019437028811653035,0.019086866029245985,5,0.002325581395348837,0.0024799387387732033,5,0.02291666666666667,0.023753654689565373,5,-0.06666666666666665,0.043947964811935386,5,0.0,0.0,5,0.020833333333333332,0.016470196146710307,5,0.006249999999999996,0.028144283512721448,5,0.0,0.0,5,0.0020833333333333324,0.008715208609729953,5,0.4844961240310077,0.7660556347307119,5,0.0,0.0,5,0.0,0.0,5,0.020833333333333332,0.016470196146710307,5,0.018647418059902866,0.020666916422723638,5,0.0,0.0,5
switch_at,regime_marginal,observed,warehouse,record_stable,carry_minus_ewma,0.0,0.0,5,,,0,0.0,0.0,5,,,0,0.00021367521367521362,0.000609068068963216,5,,,0,,,0,,,0,,,0,,,0,0.0,0.0,5,0.0020833333333333324,0.008715208609729953,5,0.0,0.3777279814030702,5,0.0,0.0,5,0.0,0.0,5,,,0,0.0,0.0,5,,,0
switch_at,regime_marginal,observed,warehouse,record_transition,carry_minus_ewma,0.019814054890613962,0.024742724493336563,5,0.020833333333333332,0.016470196146710307,5,-0.12571598336304218,0.08463114409815768,5,-0.05507730367362453,0.032669855530659576,5,0.02291666666666667,0.023753654689565373,5,0.02291666666666667,0.023753654689565373,5,-0.06666666666666665,0.043947964811935386,5,0.0,0.0,5,0.020833333333333332,0.016470196146710307,5,0.006249999999999996,0.028144283512721448,5,0.0,0.0,5,,,0,5.208333333333334,5.208333333333334,5,0.0,0.0,5,0.0,0.0,5,0.020833333333333332,0.016470196146710307,5,0.019814054890613962,0.024742724493336563,5,0.0,0.0,5
switch_at,regime_marginal,observed,warehouse,stable,carry_minus_ewma,0.0,0.0,5,,,0,0.0,0.0,5,,,0,0.00021367521367521362,0.000609068068963216,5,,,0,,,0,,,0,,,0,,,0,0.0,0.0,5,0.0020833333333333324,0.008715208609729953,5,0.0,0.3777279814030702,5,0.0,0.0,5,0.0,0.0,5,,,0,0.0,0.0,5,,,0
switch_at,regime_marginal,observed,warehouse,transition,carry_minus_ewma,0.019814054890613962,0.024742724493336563,5,0.020833333333333332,0.016470196146710307,5,-0.12571598336304218,0.08463114409815768,5,-0.05507730367362453,0.032669855530659576,5,0.02291666666666667,0.023753654689565373,5,0.02291666666666667,0.023753654689565373,5,-0.06666666666666665,0.043947964811935386,5,0.0,0.0,5,0.020833333333333332,0.016470196146710307,5,0.006249999999999996,0.028144283512721448,5,0.0,0.0,5,,,0,5.208333333333334,5.208333333333334,5,0.0,0.0,5,0.0,0.0,5,0.020833333333333332,0.016470196146710307,5,0.019814054890613962,0.024742724493336563,5,0.0,0.0,5
switch_before6,regime_conditional,clean,all,all,carry_minus_ewma,0.0,0.0,5,,,0,0.0,0.0,5,,,0,0.0010802469135802468,0.0004499191276886803,5,,,0,,,0,,,0,,,0,,,0,0.0,0.0,5,-0.0006944444444444444,0.001552824984374854,5,0.24691358024691343,0.1759529977004843,5,0.0,0.0,5,0.0,0.0,5,,,0,0.0,0.0,5,,,0
switch_before6,regime_conditional,clean,all,record_stable,carry_minus_ewma,0.0,0.0,5,,,0,0.0,0.0,5,,,0,-7.12250712250704e-05,9.752894542470793e-05,5,,,0,,,0,,,0,,,0,,,0,0.0,0.0,5,-0.0013888888888888887,0.003105649968749708,5,-0.035612535612535544,0.0796320504807616,5,0.0,0.0,5,0.0,0.0,5,,,0,0.0,0.0,5,,,0
switch_before6,regime_conditional,clean,all,record_transition,carry_minus_ewma,0.0,0.0,5,,,0,0.0,0.0,5,,,0,0.008564814814814813,0.0034334252255072517,5,,,0,,,0,,,0,,,0,,,0,0.0,0.0,5,0.0,0.0,5,2.083333333333333,1.2678762905212178,5,0.0,0.0,5,0.0,0.0,5,,,0,0.0,0.0,5,,,0
switch_before6,regime_conditional,clean,all,stable,carry_minus_ewma,0.0,0.0,5,,,0,0.0,0.0,5,,,0,-7.12250712250704e-05,9.752894542470793e-05,5,,,0,,,0,,,0,,,0,,,0,0.0,0.0,5,-0.0013888888888888887,0.003105649968749708,5,-0.035612535612535544,0.0796320504807616,5,0.0,0.0,5,0.0,0.0,5,,,0,0.0,0.0,5,,,0
switch_before6,regime_conditional,clean,all,transition,carry_minus_ewma,0.0,0.0,5,,,0,0.0,0.0,5,,,0,0.008564814814814813,0.0034334252255072517,5,,,0,,,0,,,0,,,0,,,0,0.0,0.0,5,0.0,0.0,5,2.083333333333333,1.2678762905212178,5,0.0,0.0,5,0.0,0.0,5,,,0,0.0,0.0,5,,,0
switch_before6,regime_conditional,clean,transit_rough,all,carry_minus_ewma,0.0,0.0,5,,,0,0.0,0.0,5,,,0,0.0006481481481481483,0.0009024809578526821,5,,,0,,,0,,,0,,,0,,,0,0.0,0.0,5,0.0,0.0,5,0.46296296296296297,0.32736425054932744,5,0.0,0.0,5,0.0,0.0,5,,,0,0.0,0.0,5,,,0
switch_before6,regime_conditional,clean,transit_rough,record_stable,carry_minus_ewma,0.0,0.0,5,,,0,0.0,0.0,5,,,0,-0.00010683760683760646,0.00023889615144228438,5,,,0,,,0,,,0,,,0,,,0,0.0,0.0,5,0.0,0.0,5,0.0,0.0,5,0.0,0.0,5,0.0,0.0,5,,,0,0.0,0.0,5,,,0
switch_before6,regime_conditional,clean,transit_rough,record_transition,carry_minus_ewma,0.0,0.0,4,,,0,0.0,0.0,4,,,0,0.005555555555555555,0.006307604904369774,5,,,0,,,0,,,0,,,0,,,0,0.0,0.0,5,0.0,0.0,5,3.4722222222222223,2.455231879119956,5,0.0,0.0,5,0.0,0.0,5,,,0,0.0,0.0,4,,,0
switch_before6,regime_conditional,clean,transit_rough,stable,carry_minus_ewma,0.0,0.0,5,,,0,0.0,0.0,5,,,0,-0.00010683760683760646,0.00023889615144228438,5,,,0,,,0,,,0,,,0,,,0,0.0,0.0,5,0.0,0.0,5,0.0,0.0,5,0.0,0.0,5,0.0,0.0,5,,,0,0.0,0.0,5,,,0
switch_before6,regime_conditional,clean,transit_rough,transition,carry_minus_ewma,0.0,0.0,4,,,0,0.0,0.0,4,,,0,0.005555555555555555,0.006307604904369774,5,,,0,,,0,,,0,,,0,,,0,0.0,0.0,5,0.0,0.0,5,3.4722222222222223,2.455231879119956,5,0.0,0.0,5,0.0,0.0,5,,,0,0.0,0.0,4,,,0
switch_before6,regime_conditional,clean,transit_smooth,all,carry_minus_ewma,0.0,0.0,5,,,0,0.0,0.0,5,,,0,0.0003703703703703704,0.0011053089246586408,5,,,0,,,0,,,0,,,0,,,0,0.0,0.0,5,-0.0020833333333333333,0.004658474953124561,5,0.09259259259259264,0.5071505162084874,5,0.0,0.0,5,0.0,0.0,5,,,0,0.0,0.0,5,,,0
switch_before6,regime_conditional,clean,transit_smooth,record_stable,carry_minus_ewma,0.0,0.0,5,,,0,0.0,0.0,5,,,0,-0.00010683760683760681,0.00023889615144228514,5,,,0,,,0,,,0,,,0,,,0,0.0,0.0,5,-0.004166666666666667,0.009316949906249122,5,-0.10683760683760682,0.23889615144228515,5,0.0,0.0,5,0.0,0.0,5,,,0,0.0,0.0,5,,,0
switch_before6,regime_conditional,clean,transit_smooth,record_transition,carry_minus_ewma,0.0,0.0,2,,,0,0.0,0.0,2,,,0,0.0034722222222222225,0.00776412492187427,5,,,0,,,0,,,0,,,0,,,0,0.0,0.0,5,0.0,0.0,5,1.3888888888888888,3.105649968749708,5,0.0,0.0,5,0.0,0.0,5,,,0,0.0,0.0,2,,,0
switch_before6,regime_conditional,clean,transit_smooth,stable,carry_minus_ewma,0.0,0.0,5,,,0,0.0,0.0,5,,,0,-0.00010683760683760681,0.00023889615144228514,5,,,0,,,0,,,0,,,0,,,0,0.0,0.0,5,-0.004166666666666667,0.009316949906249122,5,-0.10683760683760682,0.23889615144228515,5,0.0,0.0,5,0.0,0.0,5,,,0,0.0,0.0,5,,,0
switch_before6,regime_conditional,clean,transit_smooth,transition,carry_minus_ewma,0.0,0.0,2,,,0,0.0,0.0,2,,,0,0.0034722222222222225,0.00776412492187427,5,,,0,,,0,,,0,,,0,,,0,0.0,0.0,5,0.0,0.0,5,1.3888888888888888,3.105649968749708,5,0.0,0.0,5,0.0,0.0,5,,,0,0.0,0.0,2,,,0
switch_before6,regime_conditional,clean,warehouse,all,carry_minus_ewma,0.0,0.0,5,,,0,0.0,0.0,5,,,0,0.002222222222222222,0.0011983499171800737,5,,,0,,,0,,,0,,,0,,,0,0.0,0.0,5,0.0,0.0,5,0.18518518518518529,0.7021180966714399,5,0.0,0.0,5,0.0,0.0,5,,,0,0.0,0.0,5,,,0
switch_before6,regime_conditional,clean,warehouse,record_stable,carry_minus_ewma,0.0,0.0,5,,,0,0.0,0.0,5,,,0,0.0,0.0,5,,,0,,,0,,,0,,,0,,,0,0.0,0.0,5,0.0,0.0,5,0.0,0.0,5,0.0,0.0,5,0.0,0.0,5,,,0,0.0,0.0,5,,,0
switch_before6,regime_conditional,clean,warehouse,record_transition,carry_minus_ewma,0.0,0.0,4,,,0,0.0,0.0,4,,,0,0.01666666666666667,0.008987624378850546,5,,,0,,,0,,,0,,,0,,,0,0.0,0.0,5,0.0,0.0,5,1.3888888888888888,5.265885725035799,5,0.0,0.0,5,0.0,0.0,5,,,0,0.0,0.0,4,,,0
switch_before6,regime_conditional,clean,warehouse,stable,carry_minus_ewma,0.0,0.0,5,,,0,0.0,0.0,5,,,0,0.0,0.0,5,,,0,,,0,,,0,,,0,,,0,0.0,0.0,5,0.0,0.0,5,0.0,0.0,5,0.0,0.0,5,0.0,0.0,5,,,0,0.0,0.0,5,,,0
switch_before6,regime_conditional,clean,warehouse,transition,carry_minus_ewma,0.0,0.0,4,,,0,0.0,0.0,4,,,0,0.01666666666666667,0.008987624378850546,5,,,0,,,0,,,0,,,0,,,0,0.0,0.0,5,0.0,0.0,5,1.3888888888888888,5.265885725035799,5,0.0,0.0,5,0.0,0.0,5,,,0,0.0,0.0,4,,,0
switch_before6,regime_conditional,observed,all,all,carry_minus_ewma,0.17726010249051707,0.027444036576159653,5,0.18263888888888888,0.024625865592357146,5,0.1318046843521259,0.01846119424393095,5,0.17276399799541045,0.049223025858112404,5,0.003391472868217054,0.0011922499241144528,5,0.01875,0.010226858663210516,5,0.06805555555555556,0.028590540069776228,5,0.0,0.0,5,0.18263888888888888,0.024625865592357146,5,0.1611111111111111,0.02952409954094625,5,0.0,0.0,5,0.03125,0.003472222222222218,5,0.516795865633075,0.4481407275682042,5,0.0,0.0,5,0.0,0.0,5,0.18263888888888888,0.024625865592357146,5,0.17726010249051707,0.027444036576159653,5,0.0,0.0,5
switch_before6,regime_conditional,observed,all,record_stable,carry_minus_ewma,-0.00014228237411424428,0.0008408473427604106,5,0.0,0.0,5,-0.00022346779831072805,0.0027690306353616557,5,-0.000693601484600359,0.0006429020508302607,5,3.654970760233883e-05,0.0001528983966619286,5,0.0,0.0,5,0.0,0.0,5,0.0,0.0,5,0.0,0.0,5,0.0,0.0,5,0.0,0.0,5,0.0027777777777777783,0.0038036288715636545,5,1.7763568394002506e-16,0.12922273047999794,5,0.0,0.0,5,0.0,0.0,5,0.0,0.0,5,-0.00014228237411424428,0.0008408473427604106,5,0.0,0.0,5
switch_before6,regime_conditional,observed,all,record_transition,carry_minus_ewma,0.34517129119221196,0.04347822269700419,5,0.36527777777777776,0.04925173118471429,5,0.13970788380893157,0.04351800763013988,5,0.27224276886001164,0.06723624481996077,5,0.028888888888888888,0.009642530532060989,5,0.0375,0.020453717326421032,5,0.1361111111111111,0.05718108013955248,5,0.0,0.0,5,0.36527777777777776,0.04925173118471429,5,0.32222222222222224,0.0590481990818925,5,0.0,0.0,5,0.05972222222222223,0.009316949906249122,5,4.444444444444445,3.9771725175767645,5,0.0,0.0,5,0.0,0.0,5,0.36527777777777776,0.04925173118471429,5,0.34517129119221196,0.04347822269700419,5,0.0,0.0,5
switch_before6,regime_conditional,observed,all,stable,carry_minus_ewma,-0.00014228237411424428,0.0008408473427604106,5,0.0,0.0,5,-0.00022346779831072805,0.0027690306353616557,5,-0.000693601484600359,0.0006429020508302607,5,3.654970760233883e-05,0.0001528983966619286,5,0.0,0.0,5,0.0,0.0,5,0.0,0.0,5,0.0,0.0,5,0.0,0.0,5,0.0,0.0,5,0.0027777777777777783,0.0038036288715636545,5,1.7763568394002506e-16,0.12922273047999794,5,0.0,0.0,5,0.0,0.0,5,0.0,0.0,5,-0.00014228237411424428,0.0008408473427604106,5,0.0,0.0,5
switch_before6,regime_conditional,observed,all,transition,carry_minus_ewma,0.34517129119221196,0.04347822269700419,5,0.36527777777777776,0.04925173118471429,5,0.13970788380893157,0.04351800763013988,5,0.27224276886001164,0.06723624481996077,5,0.028888888888888888,0.009642530532060989,5,0.0375,0.020453717326421032,5,0.1361111111111111,0.05718108013955248,5,0.0,0.0,5,0.36527777777777776,0.04925173118471429,5,0.32222222222222224,0.0590481990818925,5,0.0,0.0,5,0.05972222222222223,0.009316949906249122,5,4.444444444444445,3.9771725175767645,5,0.0,0.0,5,0.0,0.0,5,0.36527777777777776,0.04925173118471429,5,0.34517129119221196,0.04347822269700419,5,0.0,0.0,5
switch_before6,regime_conditional,observed,transit_rough,all,carry_minus_ewma,0.19799787760082627,0.03918284778844075,5,0.19375,0.023980967569211115,5,0.1704718354037964,0.0752531528519848,5,0.1797934459496891,0.02147454356997303,5,0.0022286821705426356,0.001004672546188359,5,0.007291666666666667,0.005938413672391344,5,0.09166666666666667,0.027950849718747374,5,0.0,0.0,5,0.19375,0.023980967569211115,5,0.18541666666666667,0.026962873136551626,5,0.0,0.0,5,0.03125,0.01275775907699572,5,0.19379844961240308,0.8107170799748793,5,0.0,0.0,5,0.0,0.0,5,0.19375,0.023980967569211115,5,0.19799787760082627,0.03918284778844075,5,0.0,0.0,5
switch_before6,regime_conditional,observed,transit_rough,record_stable,carry_minus_ewma,0.0,0.0,5,0.0,0.0,5,0.0,0.0,5,-1.6553955716797076e-05,0.0009448840078198865,5,0.0,0.0,5,0.0,0.0,5,0.0,0.0,5,0.0,0.0,5,0.0,0.0,5,0.0,0.0,5,0.0,0.0,5,0.0,0.0,5,0.0,0.0,5,0.0,0.0,5,0.0,0.0,5,0.0,0.0,5,0.0,0.0,5,0.0,0.0,5
switch_before6,regime_conditional,observed,transit_rough,record_transition,carry_minus_ewma,0.40117127445485823,0.10020323161511825,5,0.3875,0.047961935138422236,5,0.30100914242090715,0.30235162670858706,5,0.31489430003521807,0.08757378228162058,5,0.01916666666666667,0.008640183897219884,5,0.014583333333333334,0.01187682734478269,5,0.18333333333333332,0.055901699437494734,5,0.0,0.0,5,0.3875,0.047961935138422236,5,0.3708333333333333,0.05392574627310327,5,0.0,0.0,5,0.0625,0.025515518153991442,5,1.6666666666666672,6.972166887783962,5,0.0,0.0,5,0.0,0.0,5,0.3875,0.047961935138422236,5,0.40117127445485823,0.10020323161511825,5,0.0,0.0,5
switch_before6,regime_conditional,observed,transit_rough,stable,carry_minus_ewma,0.0,0.0,5,0.0,0.0,5,0.0,0.0,5,-1.6553955716797076e-05,0.0009448840078198865,5,0.0,0.0,5,0.0,0.0,5,0.0,0.0,5,0.0,0.0,5,0.0,0.0,5,0.0,0.0,5,0.0,0.0,5,0.0,0.0,5,0.0,0.0,5,0.0,0.0,5,0.0,0.0,5,0.0,0.0,5,0.0,0.0,5,0.0,0.0,5
switch_before6,regime_conditional,observed,transit_rough,transition,carry_minus_ewma,0.40117127445485823,0.10020323161511825,5,0.3875,0.047961935138422236,5,0.30100914242090715,0.30235162670858706,5,0.31489430003521807,0.08757378228162058,5,0.01916666666666667,0.008640183897219884,5,0.014583333333333334,0.01187682734478269,5,0.18333333333333332,0.055901699437494734,5,0.0,0.0,5,0.3875,0.047961935138422236,5,0.3708333333333333,0.05392574627310327,5,0.0,0.0,5,0.0625,0.025515518153991442,5,1.6666666666666672,6.972166887783962,5,0.0,0.0,5,0.0,0.0,5,0.3875,0.047961935138422236,5,0.40117127445485823,0.10020323161511825,5,0.0,0.0,5
switch_before6,regime_conditional,observed,transit_smooth,all,carry_minus_ewma,0.1611581735511291,0.08097404862585664,5,0.16666666666666669,0.06830665129481253,5,0.10603468369485629,0.08149648828356487,5,0.16794746340164238,0.0609879924206354,5,0.003585271317829458,0.003619156859880445,5,0.020833333333333336,0.027804891281331543,5,0.06250000000000003,0.059384136723913475,5,0.0,0.0,5,0.16666666666666669,0.06830665129481253,5,0.14375,0.08048518238367441,5,0.0,0.0,5,0.03125,0.01647019614671031,5,0.38759689922480617,0.40535853998743965,5,0.0,0.0,5,0.0,0.0,5,0.16666666666666669,0.06830665129481253,5,0.1611581735511291,0.08097404862585664,5,0.0,0.0,5
switch_before6,regime_conditional,observed,transit_smooth,record_stable,carry_minus_ewma,-0.0008063171677871128,0.0026714874866332326,5,0.0,0.0,5,-0.0030226244343891317,0.011234957889648324,5,-0.00045179742717259134,0.0008007363886600606,5,0.00010964912280701753,0.000458695189985787,5,0.0,0.0,5,0.0,0.0,5,0.0,0.0,5,0.0,0.0,5,0.0,0.0,5,0.0,0.0,5,0.008333333333333335,0.011410886614690963,5,0.0,0.38766819143999287,5,0.0,0.0,5,0.0,0.0,5,0.0,0.0,5,-0.0008063171677871128,0.0026714874866332326,5,0.0,0.0,5
switch_before6,regime_conditional,observed,transit_smooth,record_transition,carry_minus_ewma,0.3082589212846038,0.14797000253947695,5,0.33333333333333337,0.136613302589625,5,0.08807738216513723,0.14539799082433233,5,0.2598971845726713,0.10669404267522153,5,0.03,0.029521649306530583,5,0.04166666666666667,0.055609782562663086,5,0.125,0.11876827344782687,5,0.0,0.0,5,0.33333333333333337,0.136613302589625,5,0.28750000000000003,0.16097036476734883,5,0.0,0.0,5,0.054166666666666675,0.027950849718747367,5,3.333333333333333,3.486083443891981,5,0.0,0.0,5,0.0,0.0,5,0.33333333333333337,0.136613302589625,5,0.3082589212846038,0.14797000253947695,5,0.0,0.0,5
switch_before6,regime_conditional,observed,transit_smooth,stable,carry_minus_ewma,-0.0008063171677871128,0.0026714874866332326,5,0.0,0.0,5,-0.0030226244343891317,0.011234957889648324,5,-0.00045179742717259134,0.0008007363886600606,5,0.00010964912280701753,0.000458695189985787,5,0.0,0.0,5,0.0,0.0,5,0.0,0.0,5,0.0,0.0,5,0.0,0.0,5,0.0,0.0,5,0.008333333333333335,0.011410886614690963,5,0.0,0.38766819143999287,5,0.0,0.0,5,0.0,0.0,5,0.0,0.0,5,-0.0008063171677871128,0.0026714874866332326,5,0.0,0.0,5
switch_before6,regime_conditional,observed,transit_smooth,transition,carry_minus_ewma,0.3082589212846038,0.14797000253947695,5,0.33333333333333337,0.136613302589625,5,0.08807738216513723,0.14539799082433233,5,0.2598971845726713,0.10669404267522153,5,0.03,0.029521649306530583,5,0.04166666666666667,0.055609782562663086,5,0.125,0.11876827344782687,5,0.0,0.0,5,0.33333333333333337,0.136613302589625,5,0.28750000000000003,0.16097036476734883,5,0.0,0.0,5,0.054166666666666675,0.027950849718747367,5,3.333333333333333,3.486083443891981,5,0.0,0.0,5,0.0,0.0,5,0.33333333333333337,0.136613302589625,5,0.3082589212846038,0.14797000253947695,5,0.0,0.0,5
switch_before6,regime_conditional,observed,warehouse,all,carry_minus_ewma,0.17827865724837622,0.0467551172749617,5,0.1875,0.038975597778895234,5,0.13678157669645624,0.0602922844415466,5,0.1769344164409762,0.05503425714547416,5,0.004360465116279071,0.0013268472807780195,5,0.028125,0.014072141756360727,5,0.050000000000000024,0.034073806737075274,5,0.0,0.0,5,0.1875,0.038975597778895234,5,0.15416666666666667,0.028905076928149174,5,0.0,0.0,5,0.03125,0.0073656956373598734,5,0.9689922480620154,0.766055634730712,5,0.0,0.0,5,0.0,0.0,5,0.1875,0.038975597778895234,5,0.17827865724837622,0.0467551172749617,5,0.0,0.0,5
switch_before6,regime_conditional,observed,warehouse,record_stable,carry_minus_ewma,0.0,0.0,5,0.0,0.0,5,0.0,0.0,5,-0.0007060177726182393,0.0005081032077912436,5,0.0,0.0,5,0.0,0.0,5,0.0,0.0,5,0.0,0.0,5,0.0,0.0,5,0.0,0.0,5,0.0,0.0,5,0.0,0.0,5,0.0,0.0,5,0.0,0.0,5,0.0,0.0,5,0.0,0.0,5,0.0,0.0,5,0.0,0.0,5
switch_before6,regime_conditional,observed,warehouse,record_transition,carry_minus_ewma,0.3376091527985597,0.08039050131177755,5,0.37499999999999994,0.07795119555779044,5,0.12159033192595761,0.14384147484408855,5,0.2618713392691333,0.06146383570382877,5,0.0375,0.01141088661469096,5,0.05625,0.028144283512721444,5,0.09999999999999999,0.06814761347415053,5,0.0,0.0,5,0.37499999999999994,0.07795119555779044,5,0.3083333333333333,0.057810153856298355,5,0.0,0.0,5,0.0625,0.014731391274719747,5,8.333333333333332,6.588078458684123,5,0.0,0.0,5,0.0,0.0,5,0.37499999999999994,0.07795119555779044,5,0.3376091527985597,0.08039050131177755,5,0.0,0.0,5
switch_before6,regime_conditional,observed,warehouse,stable,carry_minus_ewma,0.0,0.0,5,0.0,0.0,5,0.0,0.0,5,-0.0007060177726182393,0.0005081032077912436,5,0.0,0.0,5,0.0,0.0,5,0.0,0.0,5,0.0,0.0,5,0.0,0.0,5,0.0,0.0,5,0.0,0.0,5,0.0,0.0,5,0.0,0.0,5,0.0,0.0,5,0.0,0.0,5,0.0,0.0,5,0.0,0.0,5,0.0,0.0,5
switch_before6,regime_conditional,observed,warehouse,transition,carry_minus_ewma,0.3376091527985597,0.08039050131177755,5,0.37499999999999994,0.07795119555779044,5,0.12159033192595761,0.14384147484408855,5,0.2618713392691333,0.06146383570382877,5,0.0375,0.01141088661469096,5,0.05625,0.028144283512721444,5,0.09999999999999999,0.06814761347415053,5,0.0,0.0,5,0.37499999999999994,0.07795119555779044,5,0.3083333333333333,0.057810153856298355,5,0.0,0.0,5,0.0625,0.014731391274719747,5,8.333333333333332,6.588078458684123,5,0.0,0.0,5,0.0,0.0,5,0.37499999999999994,0.07795119555779044,5,0.3376091527985597,0.08039050131177755,5,0.0,0.0,5
switch_before6,regime_marginal,clean,all,all,carry_minus_ewma,0.0,0.0,5,,,0,0.0,0.0,5,,,0,0.0012345679012345685,0.0006901444374999352,5,,,0,,,0,,,0,,,0,,,0,0.0,0.0,5,0.0013888888888888885,0.0019018144357818264,5,0.3086419753086423,0.21824283369955175,5,0.0,0.0,5,0.0,0.0,5,,,0,0.0,0.0,5,,,0
switch_before6,regime_marginal,clean,all,record_stable,carry_minus_ewma,0.0,0.0,5,,,0,0.0,0.0,5,,,0,-0.00010683760683760697,0.0002700454217967084,5,,,0,,,0,,,0,,,0,,,0,0.0,0.0,5,0.0,0.0,5,0.035612535612535634,0.19505789084941827,5,0.0,0.0,5,0.0,0.0,5,,,0,0.0,0.0,5,,,0
switch_before6,regime_marginal,clean,all,record_transition,carry_minus_ewma,0.0,0.0,4,,,0,0.0,0.0,4,,,0,0.009953703703703704,0.005991749585900363,5,,,0,,,0,,,0,,,0,,,0,0.0,0.0,5,0.0027777777777777775,0.0038036288715636536,5,2.0833333333333335,2.22631759973048,5,0.0,0.0,5,0.0,0.0,5,,,0,0.0,0.0,4,,,0
switch_before6,regime_marginal,clean,all,stable,carry_minus_ewma,0.0,0.0,5,,,0,0.0,0.0,5,,,0,-0.00010683760683760697,0.0002700454217967084,5,,,0,,,0,,,0,,,0,,,0,0.0,0.0,5,0.0,0.0,5,0.035612535612535634,0.19505789084941827,5,0.0,0.0,5,0.0,0.0,5,,,0,0.0,0.0,5,,,0
switch_before6,regime_marginal,clean,all,transition,carry_minus_ewma,0.0,0.0,4,,,0,0.0,0.0,4,,,0,0.009953703703703704,0.005991749585900363,5,,,0,,,0,,,0,,,0,,,0,0.0,0.0,5,0.0027777777777777775,0.0038036288715636536,5,2.0833333333333335,2.22631759973048,5,0.0,0.0,5,0.0,0.0,5,,,0,0.0,0.0,4,,,0
switch_before6,regime_marginal,clean,transit_rough,all,carry_minus_ewma,0.0,0.0,5,,,0,0.0,0.0,5,,,0,0.0006481481481481479,0.0018691323368691078,5,,,0,,,0,,,0,,,0,,,0,0.0,0.0,5,0.0020833333333333333,0.004658474953124561,5,0.46296296296296313,0.3273642505493276,5,0.0,0.0,5,0.0,0.0,5,,,0,0.0,0.0,5,,,0
switch_before6,regime_marginal,clean,transit_rough,record_stable,carry_minus_ewma,0.0,0.0,5,,,0,0.0,0.0,5,,,0,-0.0003205128205128201,0.0007166884543268547,5,,,0,,,0,,,0,,,0,,,0,0.0,0.0,5,0.0,0.0,5,0.21367521367521364,0.47779230288457036,5,0.0,0.0,5,0.0,0.0,5,,,0,0.0,0.0,5,,,0
switch_before6,regime_marginal,clean,transit_rough,record_transition,carry_minus_ewma,0.0,0.0,2,,,0,0.0,0.0,2,,,0,0.006944444444444443,0.010980130764473538,5,,,0,,,0,,,0,,,0,,,0,0.0,0.0,5,0.004166666666666667,0.009316949906249122,5,2.0833333333333335,3.9589424482608955,5,0.0,0.0,5,0.0,0.0,5,,,0,0.0,0.0,2,,,0
switch_before6,regime_marginal,clean,transit_rough,stable,carry_minus_ewma,0.0,0.0,5,,,0,0.0,0.0,5,,,0,-0.0003205128205128201,0.0007166884543268547,5,,,0,,,0,,,0,,,0,,,0,0.0,0.0,5,0.0,0.0,5,0.21367521367521364,0.47779230288457036,5,0.0,0.0,5,0.0,0.0,5,,,0,0.0,0.0,5,,,0
switch_before6,regime_marginal,clean,transit_rough,transition,carry_minus_ewma,0.0,0.0,2,,,0,0.0,0.0,2,,,0,0.006944444444444443,0.010980130764473538,5,,,0,,,0,,,0,,,0,,,0,0.0,0.0,5,0.004166666666666667,0.009316949906249122,5,2.0833333333333335,3.9589424482608955,5,0.0,0.0,5,0.0,0.0,5,,,0,0.0,0.0,2,,,0
switch_before6,regime_marginal,clean,transit_smooth,all,carry_minus_ewma,0.0,0.0,5,,,0,0.0,0.0,5,,,0,9.259259259259238e-05,0.0005071505162084871,5,,,0,,,0,,,0,,,0,,,0,0.0,0.0,5,0.0,0.0,5,-0.0925925925925926,0.20704333124998056,5,0.0,0.0,5,0.0,0.0,5,,,0,0.0,0.0,5,,,0
switch_before6,regime_marginal,clean,transit_smooth,record_stable,carry_minus_ewma,0.0,0.0,5,,,0,0.0,0.0,5,,,0,-0.00010683760683760681,0.00023889615144228514,5,,,0,,,0,,,0,,,0,,,0,0.0,0.0,5,0.0,0.0,5,-0.10683760683760682,0.23889615144228515,5,0.0,0.0,5,0.0,0.0,5,,,0,0.0,0.0,5,,,0
switch_before6,regime_marginal,clean,transit_smooth,record_transition,carry_minus_ewma,,,0,,,0,,,0,,,0,0.0013888888888888887,0.0031056499687497074,5,,,0,,,0,,,0,,,0,,,0,0.0,0.0,5,0.0,0.0,5,0.0,0.0,5,0.0,0.0,5,0.0,0.0,5,,,0,,,0,,,0
switch_before6,regime_marginal,clean,transit_smooth,stable,carry_minus_ewma,0.0,0.0,5,,,0,0.0,0.0,5,,,0,-0.00010683760683760681,0.00023889615144228514,5,,,0,,,0,,,0,,,0,,,0,0.0,0.0,5,0.0,0.0,5,-0.10683760683760682,0.23889615144228515,5,0.0,0.0,5,0.0,0.0,5,,,0,0.0,0.0,5,,,0
switch_before6,regime_marginal,clean,transit_smooth,transition,carry_minus_ewma,,,0,,,0,,,0,,,0,0.0013888888888888887,0.0031056499687497074,5,,,0,,,0,,,0,,,0,,,0,0.0,0.0,5,0.0,0.0,5,0.0,0.0,5,0.0,0.0,5,0.0,0.0,5,,,0,,,0,,,0
switch_before6,regime_marginal,clean,warehouse,all,carry_minus_ewma,0.0,0.0,5,,,0,0.0,0.0,5,,,0,0.0029629629629629632,0.00295717026345765,5,,,0,,,0,,,0,,,0,,,0,0.0,0.0,5,0.0020833333333333316,0.004658474953124558,5,0.5555555555555556,0.6036298523335787,5,0.0,0.0,5,0.0,0.0,5,,,0,0.0,0.0,5,,,0
switch_before6,regime_marginal,clean,warehouse,record_stable,carry_minus_ewma,0.0,0.0,5,,,0,0.0,0.0,5,,,0,0.00010683760683760646,0.00023889615144228438,5,,,0,,,0,,,0,,,0,,,0,0.0,0.0,5,0.0,0.0,5,0.0,0.0,5,0.0,0.0,5,0.0,0.0,5,,,0,0.0,0.0,5,,,0
switch_before6,regime_marginal,clean,warehouse,record_transition,carry_minus_ewma,0.0,0.0,3,,,0,0.0,0.0,3,,,0,0.021527777777777778,0.022422061515226306,5,,,0,,,0,,,0,,,0,,,0,0.0,0.0,5,0.004166666666666667,0.009316949906249122,5,4.166666666666667,4.52722389250184,5,0.0,0.0,5,0.0,0.0,5,,,0,0.0,0.0,3,,,0
switch_before6,regime_marginal,clean,warehouse,stable,carry_minus_ewma,0.0,0.0,5,,,0,0.0,0.0,5,,,0,0.00010683760683760646,0.00023889615144228438,5,,,0,,,0,,,0,,,0,,,0,0.0,0.0,5,0.0,0.0,5,0.0,0.0,5,0.0,0.0,5,0.0,0.0,5,,,0,0.0,0.0,5,,,0
switch_before6,regime_marginal,clean,warehouse,transition,carry_minus_ewma,0.0,0.0,3,,,0,0.0,0.0,3,,,0,0.021527777777777778,0.022422061515226306,5,,,0,,,0,,,0,,,0,,,0,0.0,0.0,5,0.004166666666666667,0.009316949906249122,5,4.166666666666667,4.52722389250184,5,0.0,0.0,5,0.0,0.0,5,,,0,0.0,0.0,3,,,0
switch_before6,regime_marginal,observed,all,all,carry_minus_ewma,0.08586027968691472,0.04046391554191125,5,0.06666666666666667,0.03306824569669202,5,0.11293812115693964,0.03657923617677504,5,0.08126914170492198,0.038340633154291724,5,0.0015503875968992259,0.0011955268425918447,5,0.008333333333333335,0.005265885725035798,5,0.06458333333333337,0.020335486756036577,5,0.0,0.0,5,0.06666666666666667,0.03306824569669202,5,0.05972222222222222,0.028988377034363605,5,0.0,0.0,5,0.014583333333333334,0.014189456070626771,5,0.09689922480620146,0.1841368580586461,5,0.0,0.0,5,0.0,0.0,5,0.06666666666666667,0.03306824569669202,5,0.08586027968691472,0.04046391554191125,5,0.0,0.0,5
switch_before6,regime_marginal,observed,all,record_stable,carry_minus_ewma,-3.400979461875286e-05,0.0007069891341614013,5,0.0,0.0,5,-0.0006242478892707418,0.003309631706148516,5,-0.0001551789192055092,0.00020167066364129514,5,-3.654970760233918e-05,0.000326910523026286,5,0.0,0.0,5,0.0,0.0,5,0.0,0.0,5,0.0,0.0,5,0.0,0.0,5,0.0,0.0,5,0.0013888888888888887,0.003105649968749708,5,0.10964912280701763,0.20836539201373147,5,0.0,0.0,5,0.0,0.0,5,0.0,0.0,5,-3.400979461875286e-05,0.0007069891341614013,5,0.0,0.0,5
switch_before6,regime_marginal,observed,all,record_transition,carry_minus_ewma,0.18697499542689383,0.07883583297729829,5,0.13333333333333336,0.06613649139338404,5,0.2127110655249075,0.11289001015526433,5,0.1925556178188525,0.046467543275246125,5,0.013611111111111112,0.009642530532060989,5,0.01666666666666667,0.010531771450071599,5,0.12916666666666665,0.0406709735120731,5,0.0,0.0,5,0.13333333333333336,0.06613649139338404,5,0.11944444444444444,0.057976754068727224,5,0.0,0.0,5,0.02777777777777778,0.02551551815399144,5,0.0,1.3888888888888893,5,0.0,0.0,5,0.0,0.0,5,0.13333333333333336,0.06613649139338404,5,0.18697499542689383,0.07883583297729829,5,0.0,0.0,5
switch_before6,regime_marginal,observed,all,stable,carry_minus_ewma,-3.400979461875286e-05,0.0007069891341614013,5,0.0,0.0,5,-0.0006242478892707418,0.003309631706148516,5,-0.0001551789192055092,0.00020167066364129514,5,-3.654970760233918e-05,0.000326910523026286,5,0.0,0.0,5,0.0,0.0,5,0.0,0.0,5,0.0,0.0,5,0.0,0.0,5,0.0,0.0,5,0.0013888888888888887,0.003105649968749708,5,0.10964912280701763,0.20836539201373147,5,0.0,0.0,5,0.0,0.0,5,0.0,0.0,5,-3.400979461875286e-05,0.0007069891341614013,5,0.0,0.0,5
switch_before6,regime_marginal,observed,all,transition,carry_minus_ewma,0.18697499542689383,0.07883583297729829,5,0.13333333333333336,0.06613649139338404,5,0.2127110655249075,0.11289001015526433,5,0.1925556178188525,0.046467543275246125,5,0.013611111111111112,0.009642530532060989,5,0.01666666666666667,0.010531771450071599,5,0.12916666666666665,0.0406709735120731,5,0.0,0.0,5,0.13333333333333336,0.06613649139338404,5,0.11944444444444444,0.057976754068727224,5,0.0,0.0,5,0.02777777777777778,0.02551551815399144,5,0.0,1.3888888888888893,5,0.0,0.0,5,0.0,0.0,5,0.13333333333333336,0.06613649139338404,5,0.18697499542689383,0.07883583297729829,5,0.0,0.0,5
switch_before6,regime_marginal,observed,transit_rough,all,carry_minus_ewma,0.0791861293049704,0.07273170922389811,5,0.0625,0.05560978256266308,5,0.09838056633396275,0.08761041480891293,5,0.0889993526894754,0.03428558972900839,5,0.0009689922480620148,0.0020267926999371993,5,0.005208333333333333,0.007365695637359871,5,0.05624999999999998,0.027163343355011037,5,0.0,0.0,5,0.0625,0.05560978256266308,5,0.05208333333333333,0.053114786599924836,5,0.0,0.0,5,0.016666666666666666,0.02030582155168534,5,0.09689922480620154,0.4053585399874397,5,0.0,0.0,5,0.0,0.0,5,0.0625,0.05560978256266308,5,0.0791861293049704,0.07273170922389811,5,0.0,0.0,5
switch_before6,regime_marginal,observed,transit_rough,record_stable,carry_minus_ewma,0.0008352127729779751,0.0022629004007217292,5,0.0,0.0,5,-0.0029505840071877786,0.012302294156280692,5,-0.0006593492505226145,0.0012504762708428986,5,-0.00021929824561403542,0.0008314556407951269,5,0.0,0.0,5,0.0,0.0,5,0.0,0.0,5,0.0,0.0,5,0.0,0.0,5,0.0,0.0,5,0.0041666666666666675,0.009316949906249126,5,0.32894736842105277,0.4903657845394279,5,0.0,0.0,5,0.0,0.0,5,0.0,0.0,5,0.0008352127729779751,0.0022629004007217292,5,0.0,0.0,5
switch_before6,regime_marginal,observed,transit_rough,record_transition,carry_minus_ewma,0.16729815883914242,0.14403986766510576,5,0.125,0.11121956512532616,5,0.126502664002664,0.1130940663986336,4,0.2297660091141731,0.09267920771700561,5,0.010000000000000002,0.012706625568314088,5,0.010416666666666666,0.014731391274719742,5,0.11250000000000002,0.05432668671002208,5,0.0,0.0,5,0.125,0.11121956512532616,5,0.10416666666666667,0.1062295731998497,5,0.0,0.0,5,0.029166666666666667,0.031595314350214794,5,-1.6666666666666667,2.282177322938192,5,0.0,0.0,5,0.0,0.0,5,0.125,0.11121956512532616,5,0.16729815883914242,0.14403986766510576,5,0.0,0.0,5
switch_before6,regime_marginal,observed,transit_rough,stable,carry_minus_ewma,0.0008352127729779751,0.0022629004007217292,5,0.0,0.0,5,-0.0029505840071877786,0.012302294156280692,5,-0.0006593492505226145,0.0012504762708428986,5,-0.00021929824561403542,0.0008314556407951269,5,0.0,0.0,5,0.0,0.0,5,0.0,0.0,5,0.0,0.0,5,0.0,0.0,5,0.0,0.0,5,0.0041666666666666675,0.009316949906249126,5,0.32894736842105277,0.4903657845394279,5,0.0,0.0,5,0.0,0.0,5,0.0,0.0,5,0.0008352127729779751,0.0022629004007217292,5,0.0,0.0,5
switch_before6,regime_marginal,observed,transit_rough,transition,carry_minus_ewma,0.16729815883914242,0.14403986766510576,5,0.125,0.11121956512532616,5,0.126502664002664,0.1130940663986336,4,0.2297660091141731,0.09267920771700561,5,0.010000000000000002,0.012706625568314088,5,0.010416666666666666,0.014731391274719742,5,0.11250000000000002,0.05432668671002208,5,0.0,0.0,5,0.125,0.11121956512532616,5,0.10416666666666667,0.1062295731998497,5,0.0,0.0,5,0.029166666666666667,0.031595314350214794,5,-1.6666666666666667,2.282177322938192,5,0.0,0.0,5,0.0,0.0,5,0.125,0.11121956512532616,5,0.16729815883914242,0.14403986766510576,5,0.0,0.0,5
switch_before6,regime_marginal,observed,transit_smooth,all,carry_minus_ewma,0.08290749120695455,0.06844802585418301,5,0.05416666666666666,0.043824341599922136,5,0.10696728676268322,0.06700620453574295,5,0.08578071105685413,0.07312214393966254,5,0.0006782945736434108,0.0012160756199623194,5,0.0020833333333333333,0.004658474953124561,5,0.06874999999999995,0.04394796481193539,5,0.0,0.0,5,0.05416666666666666,0.043824341599922136,5,0.05416666666666666,0.043824341599922136,5,0.0,0.0,5,0.0125,0.022582795196540415,5,-0.09689922480620154,0.21667325363370055,5,0.0,0.0,5,0.0,0.0,5,0.05416666666666666,0.043824341599922136,5,0.08290749120695455,0.06844802585418301,5,0.0,0.0,5
switch_before6,regime_marginal,observed,transit_smooth,record_stable,carry_minus_ewma,0.0,0.0,5,0.0,0.0,5,0.0,0.0,5,-0.00011731251185682842,0.00020976707668863905,5,-0.00010964912280701753,0.0002451828922697138,5,0.0,0.0,5,0.0,0.0,5,0.0,0.0,5,0.0,0.0,5,0.0,0.0,5,0.0,0.0,5,0.0,0.0,5,-0.1096491228070176,0.2451828922697139,5,0.0,0.0,5,0.0,0.0,5,0.0,0.0,5,0.0,0.0,5,0.0,0.0,5
switch_before6,regime_marginal,observed,transit_smooth,record_transition,carry_minus_ewma,0.1727141856322184,0.13194215385371294,5,0.10833333333333332,0.08764868319984431,5,0.25961538461538464,0.3671515979237843,2,0.240899629402755,0.1014510764439907,5,0.006666666666666666,0.00959238702768445,5,0.004166666666666667,0.009316949906249122,5,0.13750000000000004,0.08789592962387077,5,0.0,0.0,5,0.10833333333333332,0.08764868319984431,5,0.10833333333333332,0.08764868319984431,5,0.0,0.0,5,0.025,0.04516559039308083,5,0.0,0.0,5,0.0,0.0,5,0.0,0.0,5,0.10833333333333332,0.08764868319984431,5,0.1727141856322184,0.13194215385371294,5,0.0,0.0,5
switch_before6,regime_marginal,observed,transit_smooth,stable,carry_minus_ewma,0.0,0.0,5,0.0,0.0,5,0.0,0.0,5,-0.00011731251185682842,0.00020976707668863905,5,-0.00010964912280701753,0.0002451828922697138,5,0.0,0.0,5,0.0,0.0,5,0.0,0.0,5,0.0,0.0,5,0.0,0.0,5,0.0,0.0,5,0.0,0.0,5,-0.1096491228070176,0.2451828922697139,5,0.0,0.0,5,0.0,0.0,5,0.0,0.0,5,0.0,0.0,5,0.0,0.0,5
switch_before6,regime_marginal,observed,transit_smooth,transition,carry_minus_ewma,0.1727141856322184,0.13194215385371294,5,0.10833333333333332,0.08764868319984431,5,0.25961538461538464,0.3671515979237843,2,0.240899629402755,0.1014510764439907,5,0.006666666666666666,0.00959238702768445,5,0.004166666666666667,0.009316949906249122,5,0.13750000000000004,0.08789592962387077,5,0.0,0.0,5,0.10833333333333332,0.08764868319984431,5,0.10833333333333332,0.08764868319984431,5,0.0,0.0,5,0.025,0.04516559039308083,5,0.0,0.0,5,0.0,0.0,5,0.0,0.0,5,0.10833333333333332,0.08764868319984431,5,0.1727141856322184,0.13194215385371294,5,0.0,0.0,5
switch_before6,regime_marginal,observed,warehouse,all,carry_minus_ewma,0.09644339343233205,0.022771889433939405,5,0.08333333333333334,0.020833333333333336,5,0.13451419934884193,0.10308108665791134,5,0.09765925621526025,0.03816358851973974,5,0.003003875968992248,0.0020669311053974357,5,0.017708333333333333,0.015883281960392612,5,0.06875,0.01892281471310934,5,0.0,0.0,5,0.08333333333333334,0.020833333333333336,5,0.07291666666666667,0.02442924874908036,5,0.0,0.0,5,0.014583333333333332,0.009316949906249117,5,0.2906976744186046,0.2653694561556037,5,0.0,0.0,5,0.0,0.0,5,0.08333333333333334,0.020833333333333336,5,0.09644339343233205,0.022771889433939405,5,0.0,0.0,5
switch_before6,regime_marginal,observed,warehouse,record_stable,carry_minus_ewma,-0.0005075908590873284,0.0007731324953792194,5,0.0,0.0,5,-0.0010533927454659197,0.0017621714723102715,5,-0.00012952821553302503,0.00010336717573984232,5,0.0002192982456140344,0.00030028648986028746,5,0.0,0.0,5,0.0,0.0,5,0.0,0.0,5,0.0,0.0,5,0.0,0.0,5,0.0,0.0,5,0.0,0.0,5,0.10964912280701763,0.245182892269714,5,0.0,0.0,5,0.0,0.0,5,0.0,0.0,5,-0.0005075908590873284,0.0007731324953792194,5,0.0,0.0,5
switch_before6,regime_marginal,observed,warehouse,record_transition,carry_minus_ewma,0.2069959394656297,0.05125407453954291,5,0.16666666666666666,0.04166666666666665,5,0.14097516518569148,0.09709454657407078,5,0.17067625308484294,0.04313941099885897,5,0.02416666666666667,0.018726837545203528,5,0.035416666666666666,0.031766563920785224,5,0.1375,0.037845629426218635,5,0.0,0.0,5,0.16666666666666666,0.04166666666666665,5,0.14583333333333331,0.0488584974981607,5,0.0,0.0,5,0.029166666666666667,0.018633899812498245,5,1.6666666666666665,2.282177322938192,5,0.0,0.0,5,0.0,0.0,5,0.16666666666666666,0.04166666666666665,5,0.2069959394656297,0.05125407453954291,5,0.0,0.0,5
switch_before6,regime_marginal,observed,warehouse,stable,carry_minus_ewma,-0.0005075908590873284,0.0007731324953792194,5,0.0,0.0,5,-0.0010533927454659197,0.0017621714723102715,5,-0.00012952821553302503,0.00010336717573984232,5,0.0002192982456140344,0.00030028648986028746,5,0.0,0.0,5,0.0,0.0,5,0.0,0.0,5,0.0,0.0,5,0.0,0.0,5,0.0,0.0,5,0.0,0.0,5,0.10964912280701763,0.245182892269714,5,0.0,0.0,5,0.0,0.0,5,0.0,0.0,5,-0.0005075908590873284,0.0007731324953792194,5,0.0,0.0,5
switch_before6,regime_marginal,observed,warehouse,transition,carry_minus_ewma,0.2069959394656297,0.05125407453954291,5,0.16666666666666666,0.04166666666666665,5,0.14097516518569148,0.09709454657407078,5,0.17067625308484294,0.04313941099885897,5,0.02416666666666667,0.018726837545203528,5,0.035416666666666666,0.031766563920785224,5,0.1375,0.037845629426218635,5,0.0,0.0,5,0.16666666666666666,0.04166666666666665,5,0.14583333333333331,0.0488584974981607,5,0.0,0.0,5,0.029166666666666667,0.018633899812498245,5,1.6666666666666665,2.282177322938192,5,0.0,0.0,5,0.0,0.0,5,0.16666666666666666,0.04166666666666665,5,0.2069959394656297,0.05125407453954291,5,0.0,0.0,5
switch_delay12,regime_conditional,clean,all,all,carry_minus_ewma,0.0,0.0,5,,,0,0.0,0.0,5,,,0,0.05675925925925925,0.003112161173957268,5,,,0,,,0,,,0,,,0,,,0,0.0,0.0,5,0.1,0.04081892224912665,5,0.46296296296296297,0.8092660865510427,5,0.0,0.0,5,0.0,0.0,5,,,0,0.0,0.0,5,,,0
switch_delay12,regime_conditional,clean,all,record_stable,carry_minus_ewma,0.0,0.0,5,,,0,0.0,0.0,5,,,0,0.0032407407407407385,0.001507760906696332,5,,,0,,,0,,,0,,,0,,,0,0.0,0.0,5,0.006807119246109763,0.008928846669575179,5,0.10683760683760823,0.3692386280863191,5,0.0,0.0,5,0.0,0.0,5,,,0,0.0,0.0,5,,,0
switch_delay12,regime_conditional,clean,all,record_transition,carry_minus_ewma,0.0,0.0,5,,,0,0.0,0.0,5,,,0,0.4046296296296297,0.014213038363896972,5,,,0,,,0,,,0,,,0,,,0,0.0,0.0,5,0.5019968132180408,0.18909187123662935,5,2.7777777777777777,4.672830842172766,5,0.0,0.0,5,0.0,0.0,5,,,0,0.0,0.0,5,,,0
switch_delay12,regime_conditional,clean,all,stable,carry_minus_ewma,0.0,0.0,5,,,0,0.0,0.0,5,,,0,0.065491452991453,0.0035909552007199206,5,,,0,,,0,,,0,,,0,,,0,0.0,0.0,5,0.11492179413960839,0.0477853355162622,5,0.5341880341880343,0.9337685614050502,5,0.0,0.0,5,0.0,0.0,5,,,0,0.0,0.0,5,,,0
switch_delay12,regime_conditional,clean,all,transition,carry_minus_ewma,0.0,0.0,5,,,0,0.0,0.0,5,,,0,0.0,0.0,5,,,0,,,0,,,0,,,0,,,0,0.0,0.0,5,0.0,0.0,5,0.0,0.0,5,0.0,0.0,5,0.0,0.0,5,,,0,0.0,0.0,5,,,0
switch_delay12,regime_conditional,clean,transit_rough,all,carry_minus_ewma,0.0,0.0,5,,,0,0.0,0.0,5,,,0,0.047685185185185185,0.00544842698886102,5,,,0,,,0,,,0,,,0,,,0,0.0,0.0,5,0.06702735797876462,0.07738069752256671,5,0.46296296296296297,1.349757383066042,5,0.0,0.0,5,0.0,0.0,5,,,0,0.0,0.0,5,,,0
switch_delay12,regime_conditional,clean,transit_rough,record_stable,carry_minus_ewma,0.0,0.0,5,,,0,0.0,0.0,5,,,0,0.000747863247863248,0.0017956983241422645,5,,,0,,,0,,,0,,,0,,,0,0.0,0.0,5,0.0031047703907710776,0.010677676852241526,5,-0.10683760683760682,0.5851736725482543,5,0.0,0.0,5,0.0,0.0,5,,,0,0.0,0.0,5,,,0
switch_delay12,regime_conditional,clean,transit_rough,record_transition,carry_minus_ewma,0.0,0.0,4,,,0,0.0,0.0,4,,,0,0.35277777777777775,0.037283971376516976,5,,,0,,,0,,,0,,,0,,,0,0.0,0.0,5,0.32776057791537666,0.3555309663571116,5,4.166666666666666,9.942931293941912,5,0.0,0.0,5,0.0,0.0,5,,,0,0.0,0.0,4,,,0
switch_delay12,regime_conditional,clean,transit_rough,stable,carry_minus_ewma,0.0,0.0,5,,,0,0.0,0.0,5,,,0,0.05502136752136753,0.006286646525608881,5,,,0,,,0,,,0,,,0,,,0,0.0,0.0,5,0.07199704960354048,0.08384562090914882,5,0.5341880341880338,1.557412365076202,5,0.0,0.0,5,0.0,0.0,5,,,0,0.0,0.0,5,,,0
switch_delay12,regime_conditional,clean,transit_rough,transition,carry_minus_ewma,0.0,0.0,5,,,0,0.0,0.0,5,,,0,0.0,0.0,5,,,0,,,0,,,0,,,0,,,0,0.0,0.0,5,0.0,0.0,4,0.0,0.0,5,0.0,0.0,5,0.0,0.0,5,,,0,0.0,0.0,5,,,0
switch_delay12,regime_conditional,clean,transit_smooth,all,carry_minus_ewma,0.0,0.0,5,,,0,0.0,0.0,5,,,0,0.07444444444444445,0.005149097301259003,5,,,0,,,0,,,0,,,0,,,0,0.0,0.0,5,0.18968448883227684,0.1292961878063954,5,0.37037037037037057,1.9477485155520957,5,0.0,0.0,5,0.0,0.0,5,,,0,0.0,0.0,5,,,0
switch_delay12,regime_conditional,clean,transit_smooth,record_stable,carry_minus_ewma,0.0,0.0,5,,,0,0.0,0.0,5,,,0,0.006944444444444453,0.004223127217105213,5,,,0,,,0,,,0,,,0,,,0,0.0,0.0,5,0.025557299843014126,0.03418145999506764,5,0.32051282051282043,1.4919059875821514,5,0.0,0.0,5,0.0,0.0,5,,,0,0.0,0.0,5,,,0
switch_delay12,regime_conditional,clean,transit_smooth,record_transition,carry_minus_ewma,0.0,0.0,3,,,0,0.0,0.0,3,,,0,0.5131944444444445,0.028357662484854766,5,,,0,,,0,,,0,,,0,,,0,0.0,0.0,5,0.6695555555555556,0.1562239607932341,5,0.6944444444444444,8.645763609714399,5,0.0,0.0,5,0.0,0.0,5,,,0,0.0,0.0,3,,,0
switch_delay12,regime_conditional,clean,transit_smooth,stable,carry_minus_ewma,0.0,0.0,5,,,0,0.0,0.0,5,,,0,0.0858974358974359,0.0059412661168372965,5,,,0,,,0,,,0,,,0,,,0,0.0,0.0,5,0.22287811889008297,0.14632761395351476,5,0.4273504273504276,2.2474021333293406,5,0.0,0.0,5,0.0,0.0,5,,,0,0.0,0.0,5,,,0
switch_delay12,regime_conditional,clean,transit_smooth,transition,carry_minus_ewma,0.0,0.0,5,,,0,0.0,0.0,5,,,0,0.0,0.0,5,,,0,,,0,,,0,,,0,,,0,0.0,0.0,5,0.0,0.0,4,0.0,0.0,5,0.0,0.0,5,0.0,0.0,5,,,0,0.0,0.0,5,,,0
switch_delay12,regime_conditional,clean,warehouse,all,carry_minus_ewma,0.0,0.0,5,,,0,0.0,0.0,5,,,0,0.04814814814814815,0.002699514766132093,5,,,0,,,0,,,0,,,0,,,0,0.0,0.0,5,0.0524084826065024,0.05341382167163707,5,0.5555555555555557,0.68668504510145,5,0.0,0.0,5,0.0,0.0,5,,,0,0.0,0.0,5,,,0
switch_delay12,regime_conditional,clean,warehouse,record_stable,carry_minus_ewma,0.0,0.0,5,,,0,0.0,0.0,5,,,0,0.0020299145299145366,0.0006964959834618189,5,,,0,,,0,,,0,,,0,,,0,0.0,0.0,5,-0.0006349206349206351,0.009021125230719252,5,0.10683760683760682,0.5851736725482543,5,0.0,0.0,5,0.0,0.0,5,,,0,0.0,0.0,5,,,0
switch_delay12,regime_conditional,clean,warehouse,record_transition,carry_minus_ewma,0.0,0.0,4,,,0,0.0,0.0,4,,,0,0.3479166666666667,0.021460468250503406,5,,,0,,,0,,,0,,,0,,,0,0.0,0.0,5,0.25367965367965367,0.23499755876700085,5,3.4722222222222228,5.49006538223677,5,0.0,0.0,5,0.0,0.0,5,,,0,0.0,0.0,4,,,0
switch_delay12,regime_conditional,clean,warehouse,stable,carry_minus_ewma,0.0,0.0,5,,,0,0.0,0.0,5,,,0,0.05555555555555556,0.003114824730152404,5,,,0,,,0,,,0,,,0,,,0,0.0,0.0,5,0.06349819091557157,0.06844974728047942,5,0.6410256410256412,0.7923288981939813,5,0.0,0.0,5,0.0,0.0,5,,,0,0.0,0.0,5,,,0
switch_delay12,regime_conditional,clean,warehouse,transition,carry_minus_ewma,0.0,0.0,5,,,0,0.0,0.0,5,,,0,0.0,0.0,5,,,0,,,0,,,0,,,0,,,0,0.0,0.0,5,0.0,0.0,5,0.0,0.0,5,0.0,0.0,5,0.0,0.0,5,,,0,0.0,0.0,5,,,0
switch_delay12,regime_conditional,observed,all,all,carry_minus_ewma,-0.03650563446593637,0.01097786915070297,5,0.061111111111111116,0.02511067323856188,5,-0.03831293233228762,0.008215890334684466,5,-0.018585956517513533,0.008148478695420161,5,0.05571705426356588,0.003902792627130031,5,0.0736111111111111,0.0209990515475119,5,-0.04861111111111112,0.031538024521848874,5,0.0,0.0,5,0.061111111111111116,0.02511067323856188,5,-0.009027777777777773,0.040981048955057144,5,0.0,0.0,5,0.10277777777777777,0.03917614640991203,5,0.9366925064599488,1.0857710797139288,5,0.0,0.0,5,0.0,0.0,5,0.061111111111111116,0.02511067323856188,5,-0.03650563446593637,0.01097786915070297,5,0.0,0.0,5
switch_delay12,regime_conditional,observed,all,record_stable,carry_minus_ewma,-0.0025113571333942484,0.0033750966362671394,5,0.0041491596638655315,0.011931057731184002,5,-0.0026309239081780122,0.001848995735453978,5,-0.001778636532302824,0.0020799657609598026,5,0.0033835111974722444,0.00143745176961139,5,0.0037832268621610433,0.007627465667064924,5,-0.00080524924252936,0.00911404635128325,5,0.0,0.0,5,0.0041491596638655315,0.011931057731184002,5,0.0024824640615113357,0.012839286151893082,5,0.0,0.0,5,0.009549775695662765,0.012684471099415595,5,0.4832718036256118,0.7032987825176701,5,0.0,0.0,5,0.0,0.0,5,0.0041491596638655315,0.011931057731184002,5,-0.0025113571333942484,0.0033750966362671394,5,0.0,0.0,5
switch_delay12,regime_conditional,observed,all,record_transition,carry_minus_ewma,-0.23200740548819843,0.12999554225845955,5,0.32841377189173543,0.11852562139429465,5,-0.5453548074974626,0.23337209909035841,5,-0.3471799476331271,0.16201362893373641,5,0.40219840561333997,0.019915851127999405,5,0.39804823418729196,0.1209195089113489,5,-0.2629387936025474,0.16476843769109975,5,0.0,0.0,5,0.32841377189173543,0.11852562139429465,5,-0.05454401867129831,0.1653938992848024,5,0.0,0.0,5,0.5058422644420087,0.15987607773260587,5,3.9370879796983873,5.96335523666003,5,0.0,0.0,5,0.0,0.0,5,0.32841377189173543,0.11852562139429465,5,-0.23200740548819843,0.12999554225845955,5,0.0,0.0,5
switch_delay12,regime_conditional,observed,all,stable,carry_minus_ewma,-0.12691488042528792,0.03696178127508411,5,0.07570783159291553,0.031118918809241385,5,-0.2512674792022904,0.06260848903755237,5,-0.2196456086631889,0.04715288221342617,5,0.06409794374815256,0.00453564118545972,5,0.09037715621621022,0.02377837093639124,5,-0.059667171897539714,0.03782944383035872,5,0.0,0.0,5,0.07570783159291553,0.031118918809241385,5,-0.011224571615925143,0.0491589640553376,5,0.0,0.0,5,0.1183090070381263,0.047122451277562226,5,1.0776705829300433,1.249302320295716,5,0.0,0.0,5,0.0,0.0,5,0.07570783159291553,0.031118918809241385,5,-0.12691488042528792,0.03696178127508411,5,0.0,0.0,5
switch_delay12,regime_conditional,observed,all,transition,carry_minus_ewma,0.0,0.0,5,0.0,0.0,5,0.0,0.0,5,0.0,0.0,5,0.0,0.0,5,0.0,0.0,5,0.0,0.0,5,0.0,0.0,5,0.0,0.0,5,0.0,0.0,5,0.0,0.0,5,0.0,0.0,5,0.0,0.0,5,0.0,0.0,5,0.0,0.0,5,0.0,0.0,5,0.0,0.0,5,0.0,0.0,5
switch_delay12,regime_conditional,observed,transit_rough,all,carry_minus_ewma,-0.024901296443654786,0.02604423248926042,5,0.0856720217094507,0.0737456252937455,5,-0.03485059763512408,0.022627863658846017,5,-0.010838769101654214,0.024769026611142095,5,0.04479272862243935,0.007526614333341871,5,0.0846105599789572,0.043369424969318046,5,-0.038363766995754466,0.035811454146783155,5,0.0,0.0,5,0.0856720217094507,0.0737456252937455,5,0.010080358844657678,0.06597118683896974,5,0.0,0.0,5,0.05798534363240245,0.07733034713834457,5,0.8711684542005887,0.787181514170014,5,0.0,0.0,5,0.0,0.0,5,0.0856720217094507,0.0737456252937455,5,-0.024901296443654786,0.02604423248926042,5,0.0,0.0,5
switch_delay12,regime_conditional,observed,transit_rough,record_stable,carry_minus_ewma,0.0019862040931917955,0.009926150422008295,5,0.011904637314104505,0.021691224069188796,5,0.00036118947927149536,0.007320747709554974,5,-0.0012198974787356125,0.0068119257731411535,5,0.0011349120707288079,0.0018765214147185003,5,0.0,0.0,5,0.006025577963600592,0.019130980561660522,5,0.0,0.0,5,0.011904637314104505,0.021691224069188796,5,0.011955614374427371,0.021629007919358307,5,0.0,0.0,5,0.0002984395534667922,0.020349408030772,5,0.22620522216847833,0.5009668446345203,5,0.0,0.0,5,0.0,0.0,5,0.011904637314104505,0.021691224069188796,5,0.0019862040931917955,0.009926150422008295,5,0.0,0.0,5
switch_delay12,regime_conditional,observed,transit_rough,record_transition,carry_minus_ewma,-0.1299866020255546,0.12872666089593066,5,0.29168644975096586,0.1327596699492909,5,-0.3692323635015405,0.23958903327724101,5,-0.2326617107782815,0.1383880393857139,5,0.3408885389947448,0.049722544425112536,5,0.3540364653267879,0.06610457100749816,5,-0.20351655512945838,0.14163772788560994,5,0.0,0.0,5,0.29168644975096586,0.1327596699492909,5,-0.014859334214172914,0.16790889530808797,5,0.0,0.0,5,0.29225760479630447,0.3276690769998038,5,5.358919018378836,6.40478518123396,5,0.0,0.0,5,0.0,0.0,5,0.29168644975096586,0.1327596699492909,5,-0.1299866020255546,0.12872666089593066,5,0.0,0.0,5
switch_delay12,regime_conditional,observed,transit_rough,stable,carry_minus_ewma,-0.0931137077127721,0.04116715908725314,5,0.10694146694980955,0.09973684001079122,5,-0.22700416245131977,0.07107154682936148,5,-0.19130893845039193,0.07000397481189147,5,0.05155188979062847,0.008617719569828305,5,0.10430423534567028,0.05827155893789401,5,-0.045280446287120336,0.04335144463131243,5,0.0,0.0,5,0.10694146694980955,0.09973684001079122,5,0.015549853372434008,0.08560874800341146,5,0.0,0.0,5,0.06097600907177977,0.08325468720990212,5,1.0016317138832682,0.9047214549247338,5,0.0,0.0,5,0.0,0.0,5,0.10694146694980955,0.09973684001079122,5,-0.0931137077127721,0.04116715908725314,5,0.0,0.0,5
switch_delay12,regime_conditional,observed,transit_rough,transition,carry_minus_ewma,0.0,0.0,5,0.0,0.0,5,0.0,0.0,5,0.0,0.0,5,0.0,0.0,5,0.0,0.0,5,0.0,0.0,5,0.0,0.0,5,0.0,0.0,5,0.0,0.0,5,0.0,0.0,5,0.0,0.0,4,0.0,0.0,5,0.0,0.0,5,0.0,0.0,5,0.0,0.0,5,0.0,0.0,5,0.0,0.0,5
switch_delay12,regime_conditional,observed,transit_smooth,all,carry_minus_ewma,-0.03151191972567199,0.02399198845020979,5,0.09211707247001363,0.03235891767947426,5,-0.032242541407729336,0.022745226127054506,5,-0.009969534070335528,0.018494943164999188,5,0.07492584898864373,0.007703661217132167,5,0.1075320692379516,0.08081981541786376,5,-0.05825368095956329,0.08458203076852128,5,0.0,0.0,5,0.09211707247001363,0.03235891767947426,5,-0.006742225095166282,0.03618509703998145,5,0.0,0.0,5,0.20086661685590004,0.12248695609996497,5,1.1701869048600937,2.3259645753710436,5,0.0,0.0,5,0.0,0.0,5,0.09211707247001363,0.03235891767947426,5,-0.03151191972567199,0.02399198845020979,5,0.0,0.0,5
switch_delay12,regime_conditional,observed,transit_smooth,record_stable,carry_minus_ewma,-0.006723706278340258,0.009510360952255477,5,0.0023609910688562443,0.023549029436359392,5,-0.005843692212421816,0.006356743760476932,5,-0.002100990416721016,0.0021279822403899567,5,0.007926094075135035,0.004656444354706557,5,0.01274977895667551,0.015957754318171997,5,-0.0007219920722439044,0.011328736746517014,5,0.0,0.0,5,0.0023609910688562443,0.023549029436359392,5,-0.0077539514598793935,0.023678813779550556,5,0.0,0.0,5,0.03551320445880515,0.029053429668367138,5,1.0116676530526139,1.6903718932813399,5,0.0,0.0,5,0.0,0.0,5,0.0023609910688562443,0.023549029436359392,5,-0.006723706278340258,0.009510360952255477,5,0.0,0.0,5
switch_delay12,regime_conditional,observed,transit_smooth,record_transition,carry_minus_ewma,-0.025265816519951502,0.10507693345634302,5,0.6211748251748251,0.3013325516192411,5,-0.41585609777789795,0.43935512718500974,4,-0.22854346377190518,0.2608653436388247,5,0.5150009578578544,0.05233994311310065,5,0.5481118881118882,0.16042009864506804,5,-0.31046153846153846,0.4901423534313465,5,0.0,0.0,5,0.6211748251748251,0.3013325516192411,5,0.029566433566433563,0.13620825287408186,5,0.0,0.0,5,0.6673333333333333,0.18122286940411728,5,2.171316048572366,10.675191389860212,5,0.0,0.0,5,0.0,0.0,5,0.6211748251748251,0.3013325516192411,5,-0.025265816519951502,0.10507693345634302,5,0.0,0.0,5
switch_delay12,regime_conditional,observed,transit_smooth,stable,carry_minus_ewma,-0.1043857457615647,0.08859061874388938,5,0.13813717110775933,0.07221334849700162,5,-0.2310091850052384,0.1498499391338898,5,-0.16126968152619323,0.13498985259225216,5,0.08600671650241998,0.009298736861979053,5,0.1489067789508966,0.10301813230660434,5,-0.06573269649740239,0.1255025816775329,5,0.0,0.0,5,0.13813717110775933,0.07221334849700162,5,-0.006802245684598626,0.05204517620278158,5,0.0,0.0,5,0.2398552826369377,0.14558790530378987,5,1.35345960096271,2.6591751171979623,5,0.0,0.0,5,0.0,0.0,5,0.13813717110775933,0.07221334849700162,5,-0.1043857457615647,0.08859061874388938,5,0.0,0.0,5
switch_delay12,regime_conditional,observed,transit_smooth,transition,carry_minus_ewma,0.0,0.0,5,0.0,0.0,5,0.0,0.0,5,0.0,0.0,5,0.0,0.0,5,0.0,0.0,5,0.0,0.0,5,0.0,0.0,5,0.0,0.0,5,0.0,0.0,5,0.0,0.0,5,0.0,0.0,4,0.0,0.0,5,0.0,0.0,5,0.0,0.0,5,0.0,0.0,5,0.0,0.0,5,0.0,0.0,5
switch_delay12,regime_conditional,observed,warehouse,all,carry_minus_ewma,-0.044694160052094145,0.01036584291160618,5,0.019892534875113287,0.025086349723904923,5,-0.04309314618097058,0.010012472940770777,5,-0.027567496143545117,0.011459190098189551,5,0.04735340755609073,0.0028605623529400115,5,0.036764501388314906,0.053564917404186556,5,-0.04773798895245489,0.08203622685216001,5,0.0,0.0,5,0.019892534875113287,0.025086349723904923,5,-0.026452581420741934,0.0691444511703694,5,0.0,0.0,5,0.05392363412165391,0.055645651743137604,5,0.7764093945689232,1.3056275642273325,5,0.0,0.0,5,0.0,0.0,5,0.019892534875113287,0.025086349723904923,5,-0.044694160052094145,0.01036584291160618,5,0.0,0.0,5
switch_delay12,regime_conditional,observed,warehouse,record_stable,carry_minus_ewma,-0.0001627738376295762,0.002649850572426374,5,0.002298850574712641,0.005140386155171924,5,-0.00036125842420823564,0.0018400602821539162,5,-0.0017502109391243025,0.002358682222975197,5,0.0011054141289588565,0.001516585169033756,5,-0.0022705196697425946,0.0032556147397642646,5,-0.006224270096192475,0.01648960536641569,5,0.0,0.0,5,0.002298850574712641,0.005140386155171924,5,0.004022988505747127,0.0056016059452925065,5,0.0,0.0,5,-0.004126984126984129,0.023692835754978152,5,0.22210224564697115,0.8473281010498965,5,0.0,0.0,5,0.0,0.0,5,0.002298850574712641,0.005140386155171924,5,-0.0001627738376295762,0.002649850572426374,5,0.0,0.0,5
switch_delay12,regime_conditional,observed,warehouse,record_transition,carry_minus_ewma,-0.31702065003647817,0.3452258325774008,5,0.16055194805194803,0.2020308350183093,5,-0.4344540441089754,0.4377323180793247,5,-0.49273841108159877,0.3426202359471386,5,0.34890129430233197,0.017381917211933,5,0.1638068181818182,0.1882598669530107,5,-0.1292316017316017,0.3338460253316053,5,0.0,0.0,5,0.16055194805194803,0.2020308350183093,5,-0.05854978354978356,0.286959950993619,5,0.0,0.0,5,0.26025974025974025,0.26039139164465075,5,4.273805175177996,6.551780284044657,5,0.0,0.0,5,0.0,0.0,5,0.16055194805194803,0.2020308350183093,5,-0.31702065003647817,0.3452258325774008,5,0.0,0.0,5
switch_delay12,regime_conditional,observed,warehouse,stable,carry_minus_ewma,-0.14123152571712766,0.04457072621328692,5,0.025129870129870124,0.03184268868042366,5,-0.27470117348539136,0.08369522278716428,5,-0.2501980177536546,0.06643357149690696,5,0.05459151988206651,0.0033436375980542225,5,0.0406454018954019,0.05982256924894419,5,-0.05168041418041419,0.09216921904917426,5,0.0,0.0,5,0.025129870129870124,0.03184268868042366,5,-0.026969696969696977,0.08003341513683158,5,0.0,0.0,5,0.06560345407346632,0.07214119830936114,5,0.8945469156936928,1.5095197015804511,5,0.0,0.0,5,0.0,0.0,5,0.025129870129870124,0.03184268868042366,5,-0.14123152571712766,0.04457072621328692,5,0.0,0.0,5
switch_delay12,regime_conditional,observed,warehouse,transition,carry_minus_ewma,0.0,0.0,5,0.0,0.0,5,0.0,0.0,5,0.0,0.0,5,0.0,0.0,5,0.0,0.0,5,0.0,0.0,5,0.0,0.0,5,0.0,0.0,5,0.0,0.0,5,0.0,0.0,5,0.0,0.0,5,0.0,0.0,5,0.0,0.0,5,0.0,0.0,5,0.0,0.0,5,0.0,0.0,5,0.0,0.0,5
switch_delay12,regime_marginal,clean,all,all,carry_minus_ewma,0.0,0.0,5,,,0,0.0,0.0,5,,,0,0.04509259259259259,0.004036607558232532,5,,,0,,,0,,,0,,,0,,,0,0.0,0.0,5,0.0826388888888889,0.0368612000752506,5,0.40123456790123485,0.4445944534224674,5,0.0,0.0,5,0.0,0.0,5,,,0,0.0,0.0,5,,,0
switch_delay12,regime_marginal,clean,all,record_stable,carry_minus_ewma,0.0,0.0,5,,,0,0.0,0.0,5,,,0,0.001353276353276353,0.0008502376343528006,5,,,0,,,0,,,0,,,0,,,0,0.0,0.0,5,0.001727799401899635,0.006397519671487595,5,0.03561253561253537,0.1489779249526488,5,0.0,0.0,5,0.0,0.0,5,,,0,0.0,0.0,5,,,0
switch_delay12,regime_marginal,clean,all,record_transition,carry_minus_ewma,0.0,0.0,5,,,0,0.0,0.0,5,,,0,0.32939814814814816,0.026539732940521157,5,,,0,,,0,,,0,,,0,,,0,0.0,0.0,5,0.43658963585434174,0.189176446952121,5,2.7777777777777777,3.7145385499725028,5,0.0,0.0,5,0.0,0.0,5,,,0,0.0,0.0,5,,,0
switch_delay12,regime_marginal,clean,all,stable,carry_minus_ewma,0.0,0.0,5,,,0,0.0,0.0,5,,,0,0.05202991452991453,0.004657624105652922,5,,,0,,,0,,,0,,,0,,,0,0.0,0.0,5,0.0941748287183054,0.040295351095368734,5,0.4629629629629631,0.5129936001028466,5,0.0,0.0,5,0.0,0.0,5,,,0,0.0,0.0,5,,,0
switch_delay12,regime_marginal,clean,all,transition,carry_minus_ewma,0.0,0.0,5,,,0,0.0,0.0,5,,,0,0.0,0.0,5,,,0,,,0,,,0,,,0,,,0,0.0,0.0,5,0.0,0.0,5,0.0,0.0,5,0.0,0.0,5,0.0,0.0,5,,,0,0.0,0.0,5,,,0
switch_delay12,regime_marginal,clean,transit_rough,all,carry_minus_ewma,0.0,0.0,5,,,0,0.0,0.0,5,,,0,0.04027777777777778,0.009589034804262951,5,,,0,,,0,,,0,,,0,,,0,0.0,0.0,5,0.05772595520421607,0.06410792879831799,5,0.8333333333333333,0.8281733249999219,5,0.0,0.0,5,0.0,0.0,5,,,0,0.0,0.0,5,,,0
switch_delay12,regime_marginal,clean,transit_rough,record_stable,carry_minus_ewma,0.0,0.0,5,,,0,0.0,0.0,5,,,0,0.0013888888888888868,0.002253741785227454,5,,,0,,,0,,,0,,,0,,,0,0.0,0.0,5,0.0017699115044247787,0.003957642438052725,5,0.10683760683760682,0.23889615144228518,5,0.0,0.0,5,0.0,0.0,5,,,0,0.0,0.0,5,,,0
switch_delay12,regime_marginal,clean,transit_rough,record_transition,carry_minus_ewma,0.0,0.0,2,,,0,0.0,0.0,2,,,0,0.2930555555555555,0.05761169036995835,5,,,0,,,0,,,0,,,0,,,0,0.0,0.0,5,0.28383212934296526,0.3164993037740216,5,5.555555555555555,5.265885725035798,5,0.0,0.0,5,0.0,0.0,5,,,0,0.0,0.0,2,,,0
switch_delay12,regime_marginal,clean,transit_rough,stable,carry_minus_ewma,0.0,0.0,5,,,0,0.0,0.0,5,,,0,0.04647435897435897,0.01106427092799571,5,,,0,,,0,,,0,,,0,,,0,0.0,0.0,5,0.062049910873440285,0.06913054363535394,5,0.9615384615384613,0.9555846057691407,5,0.0,0.0,5,0.0,0.0,5,,,0,0.0,0.0,5,,,0
switch_delay12,regime_marginal,clean,transit_rough,transition,carry_minus_ewma,0.0,0.0,5,,,0,0.0,0.0,5,,,0,0.0,0.0,5,,,0,,,0,,,0,,,0,,,0,0.0,0.0,5,0.0,0.0,4,0.0,0.0,5,0.0,0.0,5,0.0,0.0,5,,,0,0.0,0.0,5,,,0
switch_delay12,regime_marginal,clean,transit_smooth,all,carry_minus_ewma,0.0,0.0,5,,,0,0.0,0.0,5,,,0,0.05175925925925926,0.0055690422717391014,5,,,0,,,0,,,0,,,0,,,0,0.0,0.0,5,0.15352292641194407,0.1280222625196212,5,0.2777777777777775,0.41408666249996084,5,0.0,0.0,5,0.0,0.0,5,,,0,0.0,0.0,5,,,0
switch_delay12,regime_marginal,clean,transit_smooth,record_stable,carry_minus_ewma,0.0,0.0,5,,,0,0.0,0.0,5,,,0,0.0020299145299145283,0.0020826483642754196,5,,,0,,,0,,,0,,,0,,,0,0.0,0.0,5,0.009979068550497123,0.009496412598245955,5,0.0,0.0,5,0.0,0.0,5,0.0,0.0,5,,,0,0.0,0.0,5,,,0
switch_delay12,regime_marginal,clean,transit_smooth,record_transition,carry_minus_ewma,0.0,,1,,,0,0.0,,1,,,0,0.375,0.03715440027609841,5,,,0,,,0,,,0,,,0,,,0,0.0,0.0,5,0.4844444444444445,0.321392610177246,5,2.0833333333333335,3.105649968749708,5,0.0,0.0,5,0.0,0.0,5,,,0,0.0,,1,,,0
switch_delay12,regime_marginal,clean,transit_smooth,stable,carry_minus_ewma,0.0,0.0,5,,,0,0.0,0.0,5,,,0,0.05972222222222222,0.006425818005852805,5,,,0,,,0,,,0,,,0,,,0,0.0,0.0,5,0.1788548639794901,0.14521780084655764,5,0.32051282051282054,0.47779230288457053,5,0.0,0.0,5,0.0,0.0,5,,,0,0.0,0.0,5,,,0
switch_delay12,regime_marginal,clean,transit_smooth,transition,carry_minus_ewma,0.0,0.0,5,,,0,0.0,0.0,5,,,0,0.0,0.0,5,,,0,,,0,,,0,,,0,,,0,0.0,0.0,5,0.0,0.0,4,0.0,0.0,5,0.0,0.0,5,0.0,0.0,5,,,0,0.0,0.0,5,,,0
switch_delay12,regime_marginal,clean,warehouse,all,carry_minus_ewma,0.0,0.0,5,,,0,0.0,0.0,5,,,0,0.04324074074074074,0.004682567706848254,5,,,0,,,0,,,0,,,0,,,0,0.0,0.0,5,0.047402184112545286,0.04707994579966131,5,0.09259259259259274,0.6036298523335776,5,0.0,0.0,5,0.0,0.0,5,,,0,0.0,0.0,5,,,0
switch_delay12,regime_marginal,clean,warehouse,record_stable,carry_minus_ewma,0.0,0.0,5,,,0,0.0,0.0,5,,,0,0.0006410256410256471,0.0014333769086537133,5,,,0,,,0,,,0,,,0,,,0,0.0,0.0,5,-0.005714285714285713,0.012777531299998795,5,0.0,0.3777279814030702,5,0.0,0.0,5,0.0,0.0,5,,,0,0.0,0.0,5,,,0
switch_delay12,regime_marginal,clean,warehouse,record_transition,carry_minus_ewma,0.0,0.0,2,,,0,0.0,0.0,2,,,0,0.32013888888888886,0.03603423976144336,5,,,0,,,0,,,0,,,0,,,0,0.0,0.0,5,0.43168831168831173,0.3767997795569654,5,0.6944444444444446,5.7054433073454796,5,0.0,0.0,5,0.0,0.0,5,,,0,0.0,0.0,2,,,0
switch_delay12,regime_marginal,clean,warehouse,stable,carry_minus_ewma,0.0,0.0,5,,,0,0.0,0.0,5,,,0,0.049893162393162396,0.0054029627386710626,5,,,0,,,0,,,0,,,0,,,0,0.0,0.0,5,0.0563404486170704,0.05572565964304854,5,0.10683760683760646,0.6964959834618221,5,0.0,0.0,5,0.0,0.0,5,,,0,0.0,0.0,5,,,0
switch_delay12,regime_marginal,clean,warehouse,transition,carry_minus_ewma,0.0,0.0,5,,,0,0.0,0.0,5,,,0,0.0,0.0,5,,,0,,,0,,,0,,,0,,,0,0.0,0.0,5,0.0,0.0,5,0.0,0.0,5,0.0,0.0,5,0.0,0.0,5,,,0,0.0,0.0,5,,,0
switch_delay12,regime_marginal,observed,all,all,carry_minus_ewma,-0.0006376875090067264,0.012000532711532475,5,0.07361111111111111,0.021034904487306876,5,-0.01298964970440479,0.010084231778267722,5,-0.004156379684801365,0.003092674960215466,5,0.04386304909560723,0.00493510033991158,5,0.053125,0.01802548243391307,5,-0.05208333333333333,0.04357604304864979,5,0.0,0.0,5,0.07361111111111111,0.021034904487306876,5,0.026388888888888896,0.037765903975496465,5,0.0,0.0,5,0.08680555555555555,0.042808430576173444,5,0.4844961240310074,0.570984157934874,5,0.0,0.0,5,0.0,0.0,5,0.07361111111111111,0.021034904487306876,5,-0.0006376875090067264,0.012000532711532475,5,0.0,0.0,5
switch_delay12,regime_marginal,observed,all,record_stable,carry_minus_ewma,0.00104239762162317,0.007609146814322797,5,0.004100096470123327,0.014960746815175185,5,0.0003564823576974324,0.005068710803272946,5,-0.00038778022189817627,0.0002791935274393771,5,0.0012272502578483447,0.0007957125852736434,5,0.0004184100418409997,0.0009355932960250066,5,-0.00655100361122245,0.01637516848131995,5,0.0,0.0,5,0.004100096470123327,0.014960746815175185,5,0.004100096470123315,0.014960746815175183,5,0.0,0.0,5,0.004188265069380899,0.00804162206046114,5,0.14856798176959812,0.30541275436294635,5,0.0,0.0,5,0.0,0.0,5,0.004100096470123327,0.014960746815175185,5,0.00104239762162317,0.007609146814322797,5,0.0,0.0,5
switch_delay12,regime_marginal,observed,all,record_transition,carry_minus_ewma,-0.036562529618231435,0.14405699663561555,5,0.39676688015631784,0.09219788182889249,5,-0.40350827048302795,0.2534118163912466,5,-0.1968189862091367,0.16960360493715687,5,0.32609840744484425,0.03173172191839702,5,0.29998134679403676,0.11076221987937354,5,-0.2545066037053119,0.22897532267152107,5,0.0,0.0,5,0.39676688015631784,0.09219788182889249,5,0.12739332754378346,0.17062163620014656,5,0.0,0.0,5,0.45201406649616366,0.22305177724984826,5,2.6941904477727503,3.6249156085270915,5,0.0,0.0,5,0.0,0.0,5,0.39676688015631784,0.09219788182889249,5,-0.036562529618231435,0.14405699663561555,5,0.0,0.0,5
switch_delay12,regime_marginal,observed,all,stable,carry_minus_ewma,-0.013675280690792112,0.026903577831582162,5,0.09047868938448678,0.023777763699531,5,-0.19429944215444858,0.1308768915668305,5,-0.07757632323664429,0.04580287085366789,5,0.0504615877313489,0.005709202789384382,5,0.06556003102062782,0.021748664466991054,5,-0.06382122115297387,0.052559173471470266,5,0.0,0.0,5,0.09047868938448678,0.023777763699531,5,0.032026956134630434,0.04531078886513434,5,0.0,0.0,5,0.09803828113744292,0.045225195620215035,5,0.5580138929820961,0.6567737170935444,5,0.0,0.0,5,0.0,0.0,5,0.09047868938448678,0.023777763699531,5,-0.013675280690792112,0.026903577831582162,5,0.0,0.0,5
switch_delay12,regime_marginal,observed,all,transition,carry_minus_ewma,0.0,0.0,5,0.0,0.0,5,0.0,0.0,5,-2.4204851271913963e-07,5.412369282927187e-07,5,0.0,0.0,5,0.0,0.0,5,0.0,0.0,5,0.0,0.0,5,0.0,0.0,5,0.0,0.0,5,0.0,0.0,5,0.0,0.0,5,0.0,0.0,5,0.0,0.0,5,0.0,0.0,5,0.0,0.0,5,0.0,0.0,5,0.0,0.0,5
switch_delay12,regime_marginal,observed,transit_rough,all,carry_minus_ewma,0.024711501876734567,0.0401778462983295,5,0.11445471460202479,0.09653164909741438,5,0.002092334733294349,0.03202022370736256,5,0.006812413817953153,0.025584910107858714,5,0.037035392393045166,0.01154385301020362,5,0.0577486955773434,0.019639284109949688,5,-0.03490330992704995,0.030185482767008186,5,0.0,0.0,5,0.11445471460202479,0.09653164909741438,5,0.07420152224558381,0.09829052441987081,5,0.0,0.0,5,0.054131752305665345,0.08675038428546142,5,0.978370956616272,1.0402360331945149,5,0.0,0.0,5,0.0,0.0,5,0.11445471460202479,0.09653164909741438,5,0.024711501876734567,0.0401778462983295,5,0.0,0.0,5
switch_delay12,regime_marginal,observed,transit_rough,record_stable,carry_minus_ewma,0.0011427626844745242,0.007102070263968713,5,0.006692456479690523,0.020429597801759954,5,0.00032754509882781946,0.004564696508212543,5,0.0006545840368054751,0.0016693985530987772,5,0.0007834444599297246,0.0016572913142928125,5,0.0,0.0,5,0.007894736842105265,0.017653168243419396,5,0.0,0.0,5,0.006692456479690523,0.020429597801759954,5,0.006692456479690523,0.020429597801759954,5,0.0,0.0,5,-0.0006747638326585703,0.02601999930453285,5,0.22662889518413606,0.5067576152974029,5,0.0,0.0,5,0.0,0.0,5,0.006692456479690523,0.020429597801759954,5,0.0011427626844745242,0.007102070263968713,5,0.0,0.0,5
switch_delay12,regime_marginal,observed,transit_rough,record_transition,carry_minus_ewma,0.10195905190276988,0.09717442231233259,5,0.4228073002266551,0.16160796204303457,5,-0.4853165275050527,0.3869646021836747,5,-0.1644055181362684,0.15584625810003444,5,0.2811758707366917,0.07008819280498124,5,0.2790644839031936,0.1307471246597328,5,-0.21629875500843246,0.16297679842064416,5,0.0,0.0,5,0.4228073002266551,0.16160796204303457,5,0.23247505182989053,0.2342674602926432,5,0.0,0.0,5,0.2819401444788442,0.3600685598030163,5,6.030196368131099,5.711478108223977,5,0.0,0.0,5,0.0,0.0,5,0.4228073002266551,0.16160796204303457,5,0.10195905190276988,0.09717442231233259,5,0.0,0.0,5
switch_delay12,regime_marginal,observed,transit_rough,stable,carry_minus_ewma,0.031358436433278916,0.09255491156088791,5,0.14313833552431995,0.1306852671900127,5,-0.23786872670189055,0.270966765336509,5,-0.07126439269797284,0.11215495821244151,5,0.04260466997342054,0.01315131032225769,5,0.07074598880911451,0.024423335964802992,5,-0.04096639363602652,0.03611188303295394,5,0.0,0.0,5,0.14313833552431995,0.1306852671900127,5,0.09412621768294738,0.13215447504938257,5,0.0,0.0,5,0.05754010695187166,0.094618004194884,5,1.123930637520005,1.1933202517743957,5,0.0,0.0,5,0.0,0.0,5,0.14313833552431995,0.1306852671900127,5,0.031358436433278916,0.09255491156088791,5,0.0,0.0,5
switch_delay12,regime_marginal,observed,transit_rough,transition,carry_minus_ewma,0.0,0.0,5,0.0,0.0,5,0.0,0.0,5,0.0,0.0,5,0.0,0.0,5,0.0,0.0,5,0.0,0.0,5,0.0,0.0,5,0.0,0.0,5,0.0,0.0,5,0.0,0.0,5,0.0,0.0,4,0.0,0.0,5,0.0,0.0,5,0.0,0.0,5,0.0,0.0,5,0.0,0.0,5,0.0,0.0,5
switch_delay12,regime_marginal,observed,transit_smooth,all,carry_minus_ewma,-0.00520388010213983,0.025325800298007434,5,0.09506313294548588,0.06578591663463144,5,-0.016476888660296563,0.02113346556505331,5,0.0012725127932556785,0.016260773955874643,5,0.051392549786192246,0.006617968987685203,5,0.06454700854700854,0.044118323222714306,5,-0.061028944911297824,0.08406068512999819,5,0.0,0.0,5,0.09506313294548588,0.06578591663463144,5,0.022474897651368238,0.027291879102918918,5,0.0,0.0,5,0.16032371569317383,0.1433599582993944,5,0.3877783407842902,0.4084229168963602,5,0.0,0.0,5,0.0,0.0,5,0.09506313294548588,0.06578591663463144,5,-0.00520388010213983,0.025325800298007434,5,0.0,0.0,5
switch_delay12,regime_marginal,observed,transit_smooth,record_stable,carry_minus_ewma,0.002090074336692856,0.016744748524187295,5,0.005121002592912707,0.025909717958997807,5,0.001443357756798641,0.012244765879492601,5,-0.0017142463926694634,0.0016261920188328576,5,0.002339004113884935,0.001836643350117107,5,0.0,0.0,5,-0.01672110789894593,0.013987515132367997,5,0.0,0.0,5,0.005121002592912707,0.025909717958997807,5,0.005121002592912706,0.0259097179589978,5,0.0,0.0,5,0.017373103087388802,0.026910856509358153,5,0.11037527593819015,0.24680662003309004,5,0.0,0.0,5,0.0,0.0,5,0.005121002592912707,0.025909717958997807,5,0.002090074336692856,0.016744748524187295,5,0.0,0.0,5
switch_delay12,regime_marginal,observed,transit_smooth,record_transition,carry_minus_ewma,0.10553976480190072,0.08148371175698196,5,0.5553846153846154,0.45652404228411886,5,-0.3869565217391304,0.6702142534724668,2,-0.05568321663611788,0.1985167917554806,5,0.37289481190987145,0.04089629110279949,5,0.37746853146853143,0.075492877357814,5,-0.2544615384615384,0.4460763858486956,5,0.0,0.0,5,0.5553846153846154,0.45652404228411886,5,0.1582937062937063,0.21144990112923717,5,0.0,0.0,5,0.48555555555555563,0.3386064396724527,5,2.1739699149771092,3.2481196438873523,5,0.0,0.0,5,0.0,0.0,5,0.5553846153846154,0.45652404228411886,5,0.10553976480190072,0.08148371175698196,5,0.0,0.0,5
switch_delay12,regime_marginal,observed,transit_smooth,stable,carry_minus_ewma,0.04434492278412478,0.07277128564600731,5,0.14425515334338865,0.11579327418019852,5,-0.17674762284998818,0.26687847152395616,5,-0.030022431063880438,0.09533054557732251,5,0.05899674203522576,0.007945223502763159,5,0.09143723814312049,0.05823159569517531,5,-0.0682113289760349,0.12335792160145277,5,0.0,0.0,5,0.14425515334338865,0.11579327418019852,5,0.03368124685771745,0.04194174925475254,5,0.0,0.0,5,0.18692161610406877,0.166643647417337,5,0.44708717864178454,0.4724580672388641,5,0.0,0.0,5,0.0,0.0,5,0.14425515334338865,0.11579327418019852,5,0.04434492278412478,0.07277128564600731,5,0.0,0.0,5
switch_delay12,regime_marginal,observed,transit_smooth,transition,carry_minus_ewma,0.0,0.0,5,0.0,0.0,5,0.0,0.0,5,0.0,0.0,5,0.0,0.0,5,0.0,0.0,5,0.0,0.0,5,0.0,0.0,5,0.0,0.0,5,0.0,0.0,5,0.0,0.0,5,0.0,0.0,4,0.0,0.0,5,0.0,0.0,5,0.0,0.0,5,0.0,0.0,5,0.0,0.0,5,0.0,0.0,5
switch_delay12,regime_marginal,observed,warehouse,all,carry_minus_ewma,-0.015636650633144882,0.02222480688938628,5,0.026935465911796554,0.03615173875179538,5,-0.019371694772628588,0.01839694370711316,5,-0.009766244010515077,0.003909425395546014,5,0.04321044261487321,0.004520796437835074,5,0.041159499317615374,0.037935974606800475,5,-0.05963665538674549,0.11009323315270485,5,0.0,0.0,5,0.026935465911796554,0.03615173875179538,5,-0.01087735605337431,0.0176828392977729,5,0.0,0.0,5,0.05507553386510296,0.05088901154457745,5,0.09150925096012372,0.8744519227578084,5,0.0,0.0,5,0.0,0.0,5,0.026935465911796554,0.03615173875179538,5,-0.015636650633144882,0.02222480688938628,5,0.0,0.0,5
switch_delay12,regime_marginal,observed,warehouse,record_stable,carry_minus_ewma,0.0008624805788159564,0.0024905700986860902,5,0.0017241379310344862,0.0038552896163789553,5,0.0005830366805119169,0.0017968780991460364,5,-0.0003704428705334259,0.001632636884590857,5,0.0005558125238644379,0.0008786666895154072,5,0.0013888888888888887,0.003105649968749708,5,-0.009502080343611108,0.030203851599662743,5,0.0,0.0,5,0.0017241379310344862,0.0038552896163789553,5,0.0017241379310344806,0.003855289616378943,5,0.0,0.0,5,-0.0001603665521191372,0.007576434238424267,5,0.10673357565645247,0.6091529619542383,5,0.0,0.0,5,0.0,0.0,5,0.0017241379310344862,0.0038552896163789553,5,0.0008624805788159564,0.0024905700986860902,5,0.0,0.0,5
switch_delay12,regime_marginal,observed,warehouse,record_transition,carry_minus_ewma,-0.19115054243607993,0.2377925749221646,5,0.21695346320346318,0.22207789867397748,5,-0.6882922498864527,0.23657653264392225,3,-0.42131510715504106,0.3627472250769631,5,0.3213843396654855,0.026450236871068993,5,0.24399350649350646,0.18347352037381473,5,-0.1617694805194805,0.5615184707281513,5,0.0,0.0,5,0.21695346320346318,0.22207789867397748,5,-0.09146103896103897,0.15163917504390018,5,0.0,0.0,5,0.47670995670995675,0.3655169881355114,5,-0.04588979912075768,5.117494281555949,5,0.0,0.0,5,0.0,0.0,5,0.21695346320346318,0.22207789867397748,5,-0.19115054243607993,0.2377925749221646,5,0.0,0.0,5
switch_delay12,regime_marginal,observed,warehouse,stable,carry_minus_ewma,-0.06189937053137784,0.05584716053070958,5,0.03137445887445887,0.03885775752652557,5,-0.2115778623691708,0.12457270368277933,5,-0.11615676191740532,0.06580414815686966,5,0.049801478231463345,0.005067621625793748,5,0.046547619047619046,0.03942890377854061,5,-0.06247045747045747,0.11829946224755383,5,0.0,0.0,5,0.03137445887445887,0.03885775752652557,5,-0.011818181818181811,0.019364644551175075,5,0.0,0.0,5,0.06516689756591837,0.05995620801688565,5,0.1097964142096064,1.0014297223065467,5,0.0,0.0,5,0.0,0.0,5,0.03137445887445887,0.03885775752652557,5,-0.06189937053137784,0.05584716053070958,5,0.0,0.0,5
switch_delay12,regime_marginal,observed,warehouse,transition,carry_minus_ewma,0.0,0.0,5,0.0,0.0,5,0.0,0.0,5,0.0,0.0,5,0.0,0.0,5,0.0,0.0,5,0.0,0.0,5,0.0,0.0,5,0.0,0.0,5,0.0,0.0,5,0.0,0.0,5,0.0,0.0,5,0.0,0.0,5,0.0,0.0,5,0.0,0.0,5,0.0,0.0,5,0.0,0.0,5,0.0,0.0,5
switch_random,regime_conditional,clean,all,all,carry_minus_ewma,0.0,0.0,5,,,0,0.0,0.0,5,,,0,0.0010802469135802468,0.0004499191276886803,5,,,0,,,0,,,0,,,0,,,0,0.0,0.0,5,0.0,0.0,5,0.24691358024691343,0.1759529977004843,5,0.0,0.0,5,0.0,0.0,5,,,0,0.0,0.0,5,,,0
switch_random,regime_conditional,clean,all,record_stable,carry_minus_ewma,0.0,0.0,5,,,0,0.0,0.0,5,,,0,-7.12250712250704e-05,9.752894542470793e-05,5,,,0,,,0,,,0,,,0,,,0,0.0,0.0,5,0.0,0.0,5,-0.035612535612535544,0.0796320504807616,5,0.0,0.0,5,0.0,0.0,5,,,0,0.0,0.0,5,,,0
switch_random,regime_conditional,clean,all,record_transition,carry_minus_ewma,0.0,0.0,5,,,0,0.0,0.0,5,,,0,0.008564814814814813,0.0034334252255072517,5,,,0,,,0,,,0,,,0,,,0,0.0,0.0,5,0.0,0.0,5,2.083333333333333,1.2678762905212178,5,0.0,0.0,5,0.0,0.0,5,,,0,0.0,0.0,5,,,0
switch_random,regime_conditional,clean,all,stable,carry_minus_ewma,0.0,0.0,5,,,0,0.0,0.0,5,,,0,-7.12250712250704e-05,9.752894542470793e-05,5,,,0,,,0,,,0,,,0,,,0,0.0,0.0,5,0.0,0.0,5,-0.035612535612535544,0.0796320504807616,5,0.0,0.0,5,0.0,0.0,5,,,0,0.0,0.0,5,,,0
switch_random,regime_conditional,clean,all,transition,carry_minus_ewma,0.0,0.0,5,,,0,0.0,0.0,5,,,0,0.008564814814814813,0.0034334252255072517,5,,,0,,,0,,,0,,,0,,,0,0.0,0.0,5,0.0,0.0,5,2.083333333333333,1.2678762905212178,5,0.0,0.0,5,0.0,0.0,5,,,0,0.0,0.0,5,,,0
switch_random,regime_conditional,clean,transit_rough,all,carry_minus_ewma,0.0,0.0,5,,,0,0.0,0.0,5,,,0,0.0006481481481481483,0.0009024809578526821,5,,,0,,,0,,,0,,,0,,,0,0.0,0.0,5,0.0,0.0,5,0.46296296296296297,0.32736425054932744,5,0.0,0.0,5,0.0,0.0,5,,,0,0.0,0.0,5,,,0
switch_random,regime_conditional,clean,transit_rough,record_stable,carry_minus_ewma,0.0,0.0,5,,,0,0.0,0.0,5,,,0,-0.00010683760683760646,0.00023889615144228438,5,,,0,,,0,,,0,,,0,,,0,0.0,0.0,5,0.0,0.0,5,0.0,0.0,5,0.0,0.0,5,0.0,0.0,5,,,0,0.0,0.0,5,,,0
switch_random,regime_conditional,clean,transit_rough,record_transition,carry_minus_ewma,0.0,0.0,4,,,0,0.0,0.0,4,,,0,0.005555555555555555,0.006307604904369774,5,,,0,,,0,,,0,,,0,,,0,0.0,0.0,5,0.0,0.0,4,3.4722222222222223,2.455231879119956,5,0.0,0.0,5,0.0,0.0,5,,,0,0.0,0.0,4,,,0
switch_random,regime_conditional,clean,transit_rough,stable,carry_minus_ewma,0.0,0.0,5,,,0,0.0,0.0,5,,,0,-0.00010683760683760646,0.00023889615144228438,5,,,0,,,0,,,0,,,0,,,0,0.0,0.0,5,0.0,0.0,5,0.0,0.0,5,0.0,0.0,5,0.0,0.0,5,,,0,0.0,0.0,5,,,0
switch_random,regime_conditional,clean,transit_rough,transition,carry_minus_ewma,0.0,0.0,4,,,0,0.0,0.0,4,,,0,0.005555555555555555,0.006307604904369774,5,,,0,,,0,,,0,,,0,,,0,0.0,0.0,5,0.0,0.0,4,3.4722222222222223,2.455231879119956,5,0.0,0.0,5,0.0,0.0,5,,,0,0.0,0.0,4,,,0
switch_random,regime_conditional,clean,transit_smooth,all,carry_minus_ewma,0.0,0.0,5,,,0,0.0,0.0,5,,,0,0.0003703703703703704,0.0011053089246586408,5,,,0,,,0,,,0,,,0,,,0,0.0,0.0,5,0.0,0.0,5,0.09259259259259264,0.5071505162084874,5,0.0,0.0,5,0.0,0.0,5,,,0,0.0,0.0,5,,,0
switch_random,regime_conditional,clean,transit_smooth,record_stable,carry_minus_ewma,0.0,0.0,5,,,0,0.0,0.0,5,,,0,-0.00010683760683760681,0.00023889615144228514,5,,,0,,,0,,,0,,,0,,,0,0.0,0.0,5,0.0,0.0,5,-0.10683760683760682,0.23889615144228515,5,0.0,0.0,5,0.0,0.0,5,,,0,0.0,0.0,5,,,0
switch_random,regime_conditional,clean,transit_smooth,record_transition,carry_minus_ewma,0.0,0.0,2,,,0,0.0,0.0,2,,,0,0.0034722222222222225,0.00776412492187427,5,,,0,,,0,,,0,,,0,,,0,0.0,0.0,5,0.0,0.0,4,1.3888888888888888,3.105649968749708,5,0.0,0.0,5,0.0,0.0,5,,,0,0.0,0.0,2,,,0
switch_random,regime_conditional,clean,transit_smooth,stable,carry_minus_ewma,0.0,0.0,5,,,0,0.0,0.0,5,,,0,-0.00010683760683760681,0.00023889615144228514,5,,,0,,,0,,,0,,,0,,,0,0.0,0.0,5,0.0,0.0,5,-0.10683760683760682,0.23889615144228515,5,0.0,0.0,5,0.0,0.0,5,,,0,0.0,0.0,5,,,0
switch_random,regime_conditional,clean,transit_smooth,transition,carry_minus_ewma,0.0,0.0,2,,,0,0.0,0.0,2,,,0,0.0034722222222222225,0.00776412492187427,5,,,0,,,0,,,0,,,0,,,0,0.0,0.0,5,0.0,0.0,4,1.3888888888888888,3.105649968749708,5,0.0,0.0,5,0.0,0.0,5,,,0,0.0,0.0,2,,,0
switch_random,regime_conditional,clean,warehouse,all,carry_minus_ewma,0.0,0.0,5,,,0,0.0,0.0,5,,,0,0.002222222222222222,0.0011983499171800737,5,,,0,,,0,,,0,,,0,,,0,0.0,0.0,5,0.0,0.0,5,0.18518518518518529,0.7021180966714399,5,0.0,0.0,5,0.0,0.0,5,,,0,0.0,0.0,5,,,0
switch_random,regime_conditional,clean,warehouse,record_stable,carry_minus_ewma,0.0,0.0,5,,,0,0.0,0.0,5,,,0,0.0,0.0,5,,,0,,,0,,,0,,,0,,,0,0.0,0.0,5,0.0,0.0,5,0.0,0.0,5,0.0,0.0,5,0.0,0.0,5,,,0,0.0,0.0,5,,,0
switch_random,regime_conditional,clean,warehouse,record_transition,carry_minus_ewma,0.0,0.0,4,,,0,0.0,0.0,4,,,0,0.01666666666666667,0.008987624378850546,5,,,0,,,0,,,0,,,0,,,0,0.0,0.0,5,0.0,0.0,5,1.3888888888888888,5.265885725035799,5,0.0,0.0,5,0.0,0.0,5,,,0,0.0,0.0,4,,,0
switch_random,regime_conditional,clean,warehouse,stable,carry_minus_ewma,0.0,0.0,5,,,0,0.0,0.0,5,,,0,0.0,0.0,5,,,0,,,0,,,0,,,0,,,0,0.0,0.0,5,0.0,0.0,5,0.0,0.0,5,0.0,0.0,5,0.0,0.0,5,,,0,0.0,0.0,5,,,0
switch_random,regime_conditional,clean,warehouse,transition,carry_minus_ewma,0.0,0.0,4,,,0,0.0,0.0,4,,,0,0.01666666666666667,0.008987624378850546,5,,,0,,,0,,,0,,,0,,,0,0.0,0.0,5,0.0,0.0,5,1.3888888888888888,5.265885725035799,5,0.0,0.0,5,0.0,0.0,5,,,0,0.0,0.0,4,,,0
switch_random,regime_conditional,observed,all,all,carry_minus_ewma,0.0017224715912483868,0.009218091045342852,5,0.011111111111111138,0.012373978945281573,5,-0.013236955206382673,0.00860537420793828,5,0.004863206622748184,0.010418998763736975,5,0.0018410852713178292,0.0011107072909592635,5,0.0045138888888888885,0.005001687601002753,5,-0.001388888888888906,0.01141088661469095,5,0.0,0.0,5,0.011111111111111138,0.012373978945281573,5,0.006250000000000011,0.01237397894528157,5,0.0,0.0,5,0.008333333333333335,0.015254085164228331,5,0.22609819121447056,0.3538259415408055,5,0.0,0.0,5,0.0,0.0,5,0.011111111111111138,0.012373978945281573,5,0.0017224715912483868,0.009218091045342852,5,0.0,0.0,5
switch_random,regime_conditional,observed,all,record_stable,carry_minus_ewma,0.0015383790615988713,0.0021605261493474093,5,0.0017592592592592603,0.002414519409334317,5,0.0012910114540865768,0.002146948755728847,5,-3.717205021560588e-05,0.0006905042560717232,5,-1.6534391534400728e-07,0.00013123818502266298,5,0.0,0.0,5,-0.0008802560744944233,0.004696952497160108,5,0.0,0.0,5,0.0017592592592592603,0.002414519409334317,5,0.0017592592592592493,0.0024145194093343,5,0.0,0.0,5,0.00017122066062638246,0.003010701797602028,5,-0.03720238095238067,0.08318705273436654,5,0.0,0.0,5,0.0,0.0,5,0.0017592592592592603,0.002414519409334317,5,0.0015383790615988713,0.0021605261493474093,5,0.0,0.0,5
switch_random,regime_conditional,observed,all,record_transition,carry_minus_ewma,0.011998324287067829,0.08564512226087462,5,0.05335728494296269,0.06762751429320868,5,-0.16977165966269592,0.18610780777500113,5,-0.0164008519068256,0.05977670279196447,5,0.014148775682562037,0.00816175467434552,5,0.022015182884748102,0.021642993572364228,5,-0.0005713879754800644,0.04778116944223537,5,0.0,0.0,5,0.05335728494296269,0.06762751429320868,5,0.028357284942962684,0.07819417828030314,5,0.0,0.0,5,0.048990990990990996,0.05323456888836554,5,1.9979203802733214,2.8902263636885257,5,0.0,0.0,5,0.0,0.0,5,0.05335728494296269,0.06762751429320868,5,0.011998324287067829,0.08564512226087462,5,0.0,0.0,5
switch_random,regime_conditional,observed,all,stable,carry_minus_ewma,0.0015383790615988713,0.0021605261493474093,5,0.0017592592592592603,0.002414519409334317,5,0.0012910114540865768,0.002146948755728847,5,-3.717205021560588e-05,0.0006905042560717232,5,-1.6534391534400728e-07,0.00013123818502266298,5,0.0,0.0,5,-0.0008802560744944233,0.004696952497160108,5,0.0,0.0,5,0.0017592592592592603,0.002414519409334317,5,0.0017592592592592493,0.0024145194093343,5,0.0,0.0,5,0.00017122066062638246,0.003010701797602028,5,-0.03720238095238067,0.08318705273436654,5,0.0,0.0,5,0.0,0.0,5,0.0017592592592592603,0.002414519409334317,5,0.0015383790615988713,0.0021605261493474093,5,0.0,0.0,5
switch_random,regime_conditional,observed,all,transition,carry_minus_ewma,0.011998324287067829,0.08564512226087462,5,0.05335728494296269,0.06762751429320868,5,-0.16977165966269592,0.18610780777500113,5,-0.0164008519068256,0.05977670279196447,5,0.014148775682562037,0.00816175467434552,5,0.022015182884748102,0.021642993572364228,5,-0.0005713879754800644,0.04778116944223537,5,0.0,0.0,5,0.05335728494296269,0.06762751429320868,5,0.028357284942962684,0.07819417828030314,5,0.0,0.0,5,0.048990990990990996,0.05323456888836554,5,1.9979203802733214,2.8902263636885257,5,0.0,0.0,5,0.0,0.0,5,0.05335728494296269,0.06762751429320868,5,0.011998324287067829,0.08564512226087462,5,0.0,0.0,5
switch_random,regime_conditional,observed,transit_rough,all,carry_minus_ewma,8.61084038911386e-05,0.008665385297055947,5,0.006820576683590385,0.0193982797174782,5,-0.005659230672879989,0.011476934681788679,5,0.003945087198937736,0.009230442490301884,5,0.0008658266056684495,0.0014587145069405697,5,0.005479452054794521,0.01225242727397145,5,0.0010487024528972543,0.014797889775407342,5,0.0,0.0,5,0.006820576683590385,0.0193982797174782,5,-0.004138327425998667,0.006142594016584744,5,0.0,0.0,5,0.0,0.0,5,0.3855550634180013,0.5279577273262722,5,0.0,0.0,5,0.0,0.0,5,0.006820576683590385,0.0193982797174782,5,8.61084038911386e-05,0.008665385297055947,5,0.0,0.0,5
switch_random,regime_conditional,observed,transit_rough,record_stable,carry_minus_ewma,0.004683554646490151,0.006422221851184238,5,0.0061363636363636394,0.00863935354943101,5,0.003472513149932499,0.004754962938912967,5,0.0004277735229373025,0.0025056742159568005,5,0.0,0.0,5,0.0,0.0,5,0.0,0.0,5,0.0,0.0,5,0.0061363636363636394,0.00863935354943101,5,0.006136363636363629,0.008639353549431,5,0.0,0.0,5,0.0,0.0,5,0.0,0.0,5,0.0,0.0,5,0.0,0.0,5,0.0061363636363636394,0.00863935354943101,5,0.004683554646490151,0.006422221851184238,5,0.0,0.0,5
switch_random,regime_conditional,observed,transit_rough,record_transition,carry_minus_ewma,-0.0426593014828309,0.047362335311773904,5,-6.879944960439255e-05,0.06814680120973064,5,-0.215,0.22332711434127295,5,0.002135185901494807,0.02966879499808545,5,0.0065841349060972625,0.011154797087110336,5,0.02222222222222222,0.049690399499995326,5,-0.010336134453781527,0.07811149254744494,5,0.0,0.0,5,-6.879944960439255e-05,0.06814680120973064,5,-0.04451324389404885,0.046553263358867,5,0.0,0.0,5,0.0,0.0,4,2.920330402344791,3.9995372117207344,5,0.0,0.0,5,0.0,0.0,5,-6.879944960439255e-05,0.06814680120973064,5,-0.0426593014828309,0.047362335311773904,5,0.0,0.0,5
switch_random,regime_conditional,observed,transit_rough,stable,carry_minus_ewma,0.004683554646490151,0.006422221851184238,5,0.0061363636363636394,0.00863935354943101,5,0.003472513149932499,0.004754962938912967,5,0.0004277735229373025,0.0025056742159568005,5,0.0,0.0,5,0.0,0.0,5,0.0,0.0,5,0.0,0.0,5,0.0061363636363636394,0.00863935354943101,5,0.006136363636363629,0.008639353549431,5,0.0,0.0,5,0.0,0.0,5,0.0,0.0,5,0.0,0.0,5,0.0,0.0,5,0.0061363636363636394,0.00863935354943101,5,0.004683554646490151,0.006422221851184238,5,0.0,0.0,5
switch_random,regime_conditional,observed,transit_rough,transition,carry_minus_ewma,-0.0426593014828309,0.047362335311773904,5,-6.879944960439255e-05,0.06814680120973064,5,-0.215,0.22332711434127295,5,0.002135185901494807,0.02966879499808545,5,0.0065841349060972625,0.011154797087110336,5,0.02222222222222222,0.049690399499995326,5,-0.010336134453781527,0.07811149254744494,5,0.0,0.0,5,-6.879944960439255e-05,0.06814680120973064,5,-0.04451324389404885,0.046553263358867,5,0.0,0.0,5,0.0,0.0,4,2.920330402344791,3.9995372117207344,5,0.0,0.0,5,0.0,0.0,5,-6.879944960439255e-05,0.06814680120973064,5,-0.0426593014828309,0.047362335311773904,5,0.0,0.0,5
switch_random,regime_conditional,observed,transit_smooth,all,carry_minus_ewma,0.012556863239907678,0.023996312491604825,5,0.01967578826402357,0.031176179010220212,5,0.0007500325673924114,0.025796788307929867,5,0.010700243450585506,0.017782903981536598,5,0.0010493322813805294,0.002628562875604469,5,0.008823529411764706,0.019730011566174613,5,-0.00533261509732097,0.03692010704414498,5,0.0,0.0,5,0.01967578826402357,0.031176179010220212,5,0.013793435322847086,0.02802722637680375,5,0.0,0.0,5,0.004543610547667343,0.017494620334167352,5,0.18891163128492677,0.7275994255021695,5,0.0,0.0,5,0.0,0.0,5,0.01967578826402357,0.031176179010220212,5,0.012556863239907678,0.023996312491604825,5,0.0,0.0,5
switch_random,regime_conditional,observed,transit_smooth,record_stable,carry_minus_ewma,-0.00024175790001231822,0.0020297262710648263,5,0.0,0.0,5,0.00033168211758527466,0.005415664740273037,5,0.00021095789304146907,0.0016232489188719122,5,-3.7295620002389396e-06,0.000394294261738846,5,0.0,0.0,5,-0.008687782805429856,0.02880757779047764,5,0.0,0.0,5,0.0,0.0,5,0.0,0.0,5,0.0,0.0,5,0.0005326876513317185,0.011067256027221467,5,-0.11337868480725603,0.25352244642854715,5,0.0,0.0,5,0.0,0.0,5,0.0,0.0,5,-0.00024175790001231822,0.0020297262710648263,5,0.0,0.0,5
switch_random,regime_conditional,observed,transit_smooth,record_transition,carry_minus_ewma,0.10208201485903264,0.14717410313535703,5,0.09466666666666665,0.11000953942923357,5,-0.13833333333333336,0.3331040878364199,5,0.03703085831121927,0.10994149749643667,5,0.008208955223880597,0.01835578190484902,5,0.03,0.0670820393249937,5,0.018666666666666654,0.12193754726128768,5,0.0,0.0,5,0.09466666666666665,0.11000953942923357,5,0.07466666666666666,0.10646798626237575,5,0.0,0.0,5,0.017857142857142856,0.03571428571428571,4,2.2388059701492535,5.006122337686096,5,0.0,0.0,5,0.0,0.0,5,0.09466666666666665,0.11000953942923357,5,0.10208201485903264,0.14717410313535703,5,0.0,0.0,5
switch_random,regime_conditional,observed,transit_smooth,stable,carry_minus_ewma,-0.00024175790001231822,0.0020297262710648263,5,0.0,0.0,5,0.00033168211758527466,0.005415664740273037,5,0.00021095789304146907,0.0016232489188719122,5,-3.7295620002389396e-06,0.000394294261738846,5,0.0,0.0,5,-0.008687782805429856,0.02880757779047764,5,0.0,0.0,5,0.0,0.0,5,0.0,0.0,5,0.0,0.0,5,0.0005326876513317185,0.011067256027221467,5,-0.11337868480725603,0.25352244642854715,5,0.0,0.0,5,0.0,0.0,5,0.0,0.0,5,-0.00024175790001231822,0.0020297262710648263,5,0.0,0.0,5
switch_random,regime_conditional,observed,transit_smooth,transition,carry_minus_ewma,0.10208201485903264,0.14717410313535703,5,0.09466666666666665,0.11000953942923357,5,-0.13833333333333336,0.3331040878364199,5,0.03703085831121927,0.10994149749643667,5,0.008208955223880597,0.01835578190484902,5,0.03,0.0670820393249937,5,0.018666666666666654,0.12193754726128768,5,0.0,0.0,5,0.09466666666666665,0.11000953942923357,5,0.07466666666666666,0.10646798626237575,5,0.0,0.0,5,0.017857142857142856,0.03571428571428571,4,2.2388059701492535,5.006122337686096,5,0.0,0.0,5,0.0,0.0,5,0.09466666666666665,0.11000953942923357,5,0.10208201485903264,0.14717410313535703,5,0.0,0.0,5
switch_random,regime_conditional,observed,warehouse,all,carry_minus_ewma,-0.007884709963562164,0.015089991113994427,5,0.009632735801184667,0.01486849894501337,5,-0.037338784419115964,0.03352088543372551,5,0.0024214488384035502,0.024410572149529738,5,0.0035859043991596203,0.0018377545197240898,5,0.0032452425623157354,0.003102442349251834,5,-0.007734885323735496,0.01732697543544194,5,0.0,0.0,5,0.009632735801184667,0.01486849894501337,5,0.008006719541022066,0.013202349599186028,5,0.0,0.0,5,0.017464307406350396,0.02224924985325009,5,0.10003030598693793,0.7217300490663734,5,0.0,0.0,5,0.0,0.0,5,0.009632735801184667,0.01486849894501337,5,-0.007884709963562164,0.015089991113994427,5,0.0,0.0,5
switch_random,regime_conditional,observed,warehouse,record_stable,carry_minus_ewma,0.0,0.0,5,0.0,0.0,5,0.0,0.0,5,-0.00015595542942902217,0.0003872713749958055,5,0.0,0.0,5,0.0,0.0,5,0.0,0.0,5,0.0,0.0,5,0.0,0.0,5,0.0,0.0,5,0.0,0.0,5,0.0,0.0,5,0.0,0.0,5,0.0,0.0,5,0.0,0.0,5,0.0,0.0,5,0.0,0.0,5,0.0,0.0,5
switch_random,regime_conditional,observed,warehouse,record_transition,carry_minus_ewma,0.02065953012504736,0.11953211735255448,5,0.15913419913419913,0.28970025589201787,5,-0.08900383141762451,0.14369486492937977,5,0.1879727057463339,0.37317444045534137,5,0.027238848525135112,0.014308480049816654,5,0.11194805194805195,0.2177202136115947,5,-0.23532467532467533,0.4344678981565708,5,0.0,0.0,5,0.15913419913419913,0.28970025589201787,5,0.1534199134199134,0.29178478280407605,5,0.0,0.0,5,0.10228228228228228,0.10352166320519966,5,0.8860480170965357,5.584011643373289,5,0.0,0.0,5,0.0,0.0,5,0.15913419913419913,0.28970025589201787,5,0.02065953012504736,0.11953211735255448,5,0.0,0.0,5
switch_random,regime_conditional,observed,warehouse,stable,carry_minus_ewma,0.0,0.0,5,0.0,0.0,5,0.0,0.0,5,-0.00015595542942902217,0.0003872713749958055,5,0.0,0.0,5,0.0,0.0,5,0.0,0.0,5,0.0,0.0,5,0.0,0.0,5,0.0,0.0,5,0.0,0.0,5,0.0,0.0,5,0.0,0.0,5,0.0,0.0,5,0.0,0.0,5,0.0,0.0,5,0.0,0.0,5,0.0,0.0,5
switch_random,regime_conditional,observed,warehouse,transition,carry_minus_ewma,0.02065953012504736,0.11953211735255448,5,0.15913419913419913,0.28970025589201787,5,-0.08900383141762451,0.14369486492937977,5,0.1879727057463339,0.37317444045534137,5,0.027238848525135112,0.014308480049816654,5,0.11194805194805195,0.2177202136115947,5,-0.23532467532467533,0.4344678981565708,5,0.0,0.0,5,0.15913419913419913,0.28970025589201787,5,0.1534199134199134,0.29178478280407605,5,0.0,0.0,5,0.10228228228228228,0.10352166320519966,5,0.8860480170965357,5.584011643373289,5,0.0,0.0,5,0.0,0.0,5,0.15913419913419913,0.28970025589201787,5,0.02065953012504736,0.11953211735255448,5,0.0,0.0,5
switch_random,regime_marginal,clean,all,all,carry_minus_ewma,0.0,0.0,5,,,0,0.0,0.0,5,,,0,0.0012345679012345685,0.0006901444374999352,5,,,0,,,0,,,0,,,0,,,0,0.0,0.0,5,0.0027777777777777783,0.00452722389250184,5,0.3086419753086423,0.21824283369955175,5,0.0,0.0,5,0.0,0.0,5,,,0,0.0,0.0,5,,,0
switch_random,regime_marginal,clean,all,record_stable,carry_minus_ewma,0.0,0.0,5,,,0,0.0,0.0,5,,,0,-0.00010683760683760697,0.0002700454217967084,5,,,0,,,0,,,0,,,0,,,0,0.0,0.0,5,0.0,0.0,5,0.035612535612535634,0.19505789084941827,5,0.0,0.0,5,0.0,0.0,5,,,0,0.0,0.0,5,,,0
switch_random,regime_marginal,clean,all,record_transition,carry_minus_ewma,0.0,0.0,4,,,0,0.0,0.0,4,,,0,0.009953703703703704,0.005991749585900363,5,,,0,,,0,,,0,,,0,,,0,0.0,0.0,5,0.027702702702702704,0.0547046989807737,5,2.0833333333333335,2.22631759973048,5,0.0,0.0,5,0.0,0.0,5,,,0,0.0,0.0,4,,,0
switch_random,regime_marginal,clean,all,stable,carry_minus_ewma,0.0,0.0,5,,,0,0.0,0.0,5,,,0,-0.00010683760683760697,0.0002700454217967084,5,,,0,,,0,,,0,,,0,,,0,0.0,0.0,5,0.0,0.0,5,0.035612535612535634,0.19505789084941827,5,0.0,0.0,5,0.0,0.0,5,,,0,0.0,0.0,5,,,0
switch_random,regime_marginal,clean,all,transition,carry_minus_ewma,0.0,0.0,4,,,0,0.0,0.0,4,,,0,0.009953703703703704,0.005991749585900363,5,,,0,,,0,,,0,,,0,,,0,0.0,0.0,5,0.027702702702702704,0.0547046989807737,5,2.0833333333333335,2.22631759973048,5,0.0,0.0,5,0.0,0.0,5,,,0,0.0,0.0,4,,,0
switch_random,regime_marginal,clean,transit_rough,all,carry_minus_ewma,0.0,0.0,5,,,0,0.0,0.0,5,,,0,0.0006481481481481479,0.0018691323368691078,5,,,0,,,0,,,0,,,0,,,0,0.0,0.0,5,0.0,0.0,5,0.46296296296296313,0.3273642505493276,5,0.0,0.0,5,0.0,0.0,5,,,0,0.0,0.0,5,,,0
switch_random,regime_marginal,clean,transit_rough,record_stable,carry_minus_ewma,0.0,0.0,5,,,0,0.0,0.0,5,,,0,-0.0003205128205128201,0.0007166884543268547,5,,,0,,,0,,,0,,,0,,,0,0.0,0.0,5,0.0,0.0,5,0.21367521367521364,0.47779230288457036,5,0.0,0.0,5,0.0,0.0,5,,,0,0.0,0.0,5,,,0
switch_random,regime_marginal,clean,transit_rough,record_transition,carry_minus_ewma,0.0,0.0,2,,,0,0.0,0.0,2,,,0,0.006944444444444443,0.010980130764473538,5,,,0,,,0,,,0,,,0,,,0,0.0,0.0,5,0.0,0.0,4,2.0833333333333335,3.9589424482608955,5,0.0,0.0,5,0.0,0.0,5,,,0,0.0,0.0,2,,,0
switch_random,regime_marginal,clean,transit_rough,stable,carry_minus_ewma,0.0,0.0,5,,,0,0.0,0.0,5,,,0,-0.0003205128205128201,0.0007166884543268547,5,,,0,,,0,,,0,,,0,,,0,0.0,0.0,5,0.0,0.0,5,0.21367521367521364,0.47779230288457036,5,0.0,0.0,5,0.0,0.0,5,,,0,0.0,0.0,5,,,0
switch_random,regime_marginal,clean,transit_rough,transition,carry_minus_ewma,0.0,0.0,2,,,0,0.0,0.0,2,,,0,0.006944444444444443,0.010980130764473538,5,,,0,,,0,,,0,,,0,,,0,0.0,0.0,5,0.0,0.0,4,2.0833333333333335,3.9589424482608955,5,0.0,0.0,5,0.0,0.0,5,,,0,0.0,0.0,2,,,0
switch_random,regime_marginal,clean,transit_smooth,all,carry_minus_ewma,0.0,0.0,5,,,0,0.0,0.0,5,,,0,9.259259259259238e-05,0.0005071505162084871,5,,,0,,,0,,,0,,,0,,,0,0.0,0.0,5,0.0,0.0,5,-0.0925925925925926,0.20704333124998056,5,0.0,0.0,5,0.0,0.0,5,,,0,0.0,0.0,5,,,0
switch_random,regime_marginal,clean,transit_smooth,record_stable,carry_minus_ewma,0.0,0.0,5,,,0,0.0,0.0,5,,,0,-0.00010683760683760681,0.00023889615144228514,5,,,0,,,0,,,0,,,0,,,0,0.0,0.0,5,0.0,0.0,5,-0.10683760683760682,0.23889615144228515,5,0.0,0.0,5,0.0,0.0,5,,,0,0.0,0.0,5,,,0
switch_random,regime_marginal,clean,transit_smooth,record_transition,carry_minus_ewma,,,0,,,0,,,0,,,0,0.0013888888888888887,0.0031056499687497074,5,,,0,,,0,,,0,,,0,,,0,0.0,0.0,5,0.0,0.0,4,0.0,0.0,5,0.0,0.0,5,0.0,0.0,5,,,0,,,0,,,0
switch_random,regime_marginal,clean,transit_smooth,stable,carry_minus_ewma,0.0,0.0,5,,,0,0.0,0.0,5,,,0,-0.00010683760683760681,0.00023889615144228514,5,,,0,,,0,,,0,,,0,,,0,0.0,0.0,5,0.0,0.0,5,-0.10683760683760682,0.23889615144228515,5,0.0,0.0,5,0.0,0.0,5,,,0,0.0,0.0,5,,,0
switch_random,regime_marginal,clean,transit_smooth,transition,carry_minus_ewma,,,0,,,0,,,0,,,0,0.0013888888888888887,0.0031056499687497074,5,,,0,,,0,,,0,,,0,,,0,0.0,0.0,5,0.0,0.0,4,0.0,0.0,5,0.0,0.0,5,0.0,0.0,5,,,0,,,0,,,0
switch_random,regime_marginal,clean,warehouse,all,carry_minus_ewma,0.0,0.0,5,,,0,0.0,0.0,5,,,0,0.0029629629629629632,0.00295717026345765,5,,,0,,,0,,,0,,,0,,,0,0.0,0.0,5,0.008832224685883221,0.01585749139194995,5,0.5555555555555556,0.6036298523335787,5,0.0,0.0,5,0.0,0.0,5,,,0,0.0,0.0,5,,,0
switch_random,regime_marginal,clean,warehouse,record_stable,carry_minus_ewma,0.0,0.0,5,,,0,0.0,0.0,5,,,0,0.00010683760683760646,0.00023889615144228438,5,,,0,,,0,,,0,,,0,,,0,0.0,0.0,5,0.0,0.0,5,0.0,0.0,5,0.0,0.0,5,0.0,0.0,5,,,0,0.0,0.0,5,,,0
switch_random,regime_marginal,clean,warehouse,record_transition,carry_minus_ewma,0.0,0.0,3,,,0,0.0,0.0,3,,,0,0.021527777777777778,0.022422061515226306,5,,,0,,,0,,,0,,,0,,,0,0.0,0.0,5,0.07207207207207207,0.14651762132694227,5,4.166666666666667,4.52722389250184,5,0.0,0.0,5,0.0,0.0,5,,,0,0.0,0.0,3,,,0
switch_random,regime_marginal,clean,warehouse,stable,carry_minus_ewma,0.0,0.0,5,,,0,0.0,0.0,5,,,0,0.00010683760683760646,0.00023889615144228438,5,,,0,,,0,,,0,,,0,,,0,0.0,0.0,5,0.0,0.0,5,0.0,0.0,5,0.0,0.0,5,0.0,0.0,5,,,0,0.0,0.0,5,,,0
switch_random,regime_marginal,clean,warehouse,transition,carry_minus_ewma,0.0,0.0,3,,,0,0.0,0.0,3,,,0,0.021527777777777778,0.022422061515226306,5,,,0,,,0,,,0,,,0,,,0,0.0,0.0,5,0.07207207207207207,0.14651762132694227,5,4.166666666666667,4.52722389250184,5,0.0,0.0,5,0.0,0.0,5,,,0,0.0,0.0,3,,,0
switch_random,regime_marginal,observed,all,all,carry_minus_ewma,0.004027666335405017,0.003725179023370092,5,0.0062500000000000056,0.00452722389250185,5,-0.012169423155872222,0.013176020074097967,5,0.002902293283148194,0.007689969380439697,5,0.0013565891472868213,0.0008591366975626867,5,0.003125,0.0031056499687497087,5,-0.005555555555555536,0.011410886614690988,5,0.0,0.0,5,0.0062500000000000056,0.00452722389250185,5,0.0020833333333333285,0.007993655856403704,5,0.0,0.0,5,0.00972222222222222,0.013312701050472785,5,0.193798449612403,0.28889767151160073,5,0.0,0.0,5,0.0,0.0,5,0.0062500000000000056,0.00452722389250185,5,0.004027666335405017,0.003725179023370092,5,0.0,0.0,5
switch_random,regime_marginal,observed,all,record_stable,carry_minus_ewma,0.0005482983235240435,0.0031353972409479806,5,-1.74355755483524e-05,0.002952847400501407,5,0.00229595547681784,0.0035673942522399895,5,-0.0002831867273850264,0.00041991052846448,5,-0.0001486919993469735,0.00024238797797794987,5,0.0,0.0,5,0.0008438818565400963,0.0018869771962023807,5,0.0,0.0,5,-1.74355755483524e-05,0.002952847400501407,5,-1.7435575548346848e-05,0.002952847400501417,5,0.0,0.0,5,0.0,0.0,5,0.037216162021310596,0.20360491455714913,5,0.0,0.0,5,0.0,0.0,5,-1.74355755483524e-05,0.002952847400501407,5,0.0005482983235240435,0.0031353972409479806,5,0.0,0.0,5
switch_random,regime_marginal,observed,all,record_transition,carry_minus_ewma,0.024782503660762577,0.028008545322927524,5,0.032960358056265994,0.022851584483364124,5,-0.11613871841184656,0.09717580982579259,4,-0.006777275916625183,0.025013543007486726,5,0.011377872326811287,0.007291210444510121,5,0.01687091503267974,0.01791783269782636,5,-0.030661105021718836,0.05141648970772514,5,0.0,0.0,5,0.032960358056265994,0.022851584483364124,5,0.008695652173913045,0.035300529588151344,5,0.0,0.0,5,0.07725225225225225,0.1266669149588124,5,1.2344693682599108,2.5994287661877906,5,0.0,0.0,5,0.0,0.0,5,0.032960358056265994,0.022851584483364124,5,0.024782503660762577,0.028008545322927524,5,0.0,0.0,5
switch_random,regime_marginal,observed,all,stable,carry_minus_ewma,0.0005482983235240435,0.0031353972409479806,5,-1.74355755483524e-05,0.002952847400501407,5,0.00229595547681784,0.0035673942522399895,5,-0.0002831867273850264,0.00041991052846448,5,-0.0001486919993469735,0.00024238797797794987,5,0.0,0.0,5,0.0008438818565400963,0.0018869771962023807,5,0.0,0.0,5,-1.74355755483524e-05,0.002952847400501407,5,-1.7435575548346848e-05,0.002952847400501417,5,0.0,0.0,5,0.0,0.0,5,0.037216162021310596,0.20360491455714913,5,0.0,0.0,5,0.0,0.0,5,-1.74355755483524e-05,0.002952847400501407,5,0.0005482983235240435,0.0031353972409479806,5,0.0,0.0,5
switch_random,regime_marginal,observed,all,transition,carry_minus_ewma,0.024782503660762577,0.028008545322927524,5,0.032960358056265994,0.022851584483364124,5,-0.11613871841184656,0.09717580982579259,4,-0.006777275916625183,0.025013543007486726,5,0.011377872326811287,0.007291210444510121,5,0.01687091503267974,0.01791783269782636,5,-0.030661105021718836,0.05141648970772514,5,0.0,0.0,5,0.032960358056265994,0.022851584483364124,5,0.008695652173913045,0.035300529588151344,5,0.0,0.0,5,0.07725225225225225,0.1266669149588124,5,1.2344693682599108,2.5994287661877906,5,0.0,0.0,5,0.0,0.0,5,0.032960358056265994,0.022851584483364124,5,0.024782503660762577,0.028008545322927524,5,0.0,0.0,5
switch_random,regime_marginal,observed,transit_rough,all,carry_minus_ewma,0.004190238085029249,0.00911556571736457,5,0.005479452054794521,0.01225242727397145,5,-0.022255662766635785,0.05358705074713098,5,-0.0018993897142205395,0.022607940262916057,5,0.0002861003267467857,0.0014006405678353058,5,0.00410958904109589,0.009189320455478586,5,-0.0017485003443055368,0.016292109833756795,5,0.0,0.0,5,0.005479452054794521,0.01225242727397145,5,-0.0027397260273972603,0.006126213636985725,5,0.0,0.0,5,0.0,0.0,5,0.2950655751029916,0.5521062730421527,5,0.0,0.0,5,0.0,0.0,5,0.005479452054794521,0.01225242727397145,5,0.004190238085029249,0.00911556571736457,5,0.0,0.0,5
switch_random,regime_marginal,observed,transit_rough,record_stable,carry_minus_ewma,0.0009607351712614953,0.002148269151315606,5,0.0,0.0,5,0.0020783132530120428,0.004647249712273647,5,-0.0005129672152531184,0.0012760012180106867,5,-0.00033632286995515653,0.0007520407996075517,5,0.0,0.0,5,0.002272727272727271,0.005081972676135881,5,0.0,0.0,5,0.0,0.0,5,0.0,0.0,5,0.0,0.0,5,0.0,0.0,5,0.22421524663677114,0.5013605330717014,5,0.0,0.0,5,0.0,0.0,5,0.0,0.0,5,0.0009607351712614953,0.002148269151315606,5,0.0,0.0,5
switch_random,regime_marginal,observed,transit_rough,record_transition,carry_minus_ewma,0.007229553600521343,0.013220485335455629,5,0.022222222222222233,0.04969039949999535,5,0.022934472934472965,0.11729218782951142,3,0.00022060927274527713,0.014058735068969925,5,0.004354759258078238,0.006589826386522796,5,0.01666666666666667,0.0372677996249965,5,-0.03853162317558603,0.07453044833494023,5,0.0,0.0,5,0.022222222222222233,0.04969039949999535,5,-0.011111111111111117,0.024845199749997673,5,0.0,0.0,5,0.0,0.0,4,0.672371834683621,4.7913112895821515,5,0.0,0.0,5,0.0,0.0,5,0.022222222222222233,0.04969039949999535,5,0.007229553600521343,0.013220485335455629,5,0.0,0.0,5
switch_random,regime_marginal,observed,transit_rough,stable,carry_minus_ewma,0.0009607351712614953,0.002148269151315606,5,0.0,0.0,5,0.0020783132530120428,0.004647249712273647,5,-0.0005129672152531184,0.0012760012180106867,5,-0.00033632286995515653,0.0007520407996075517,5,0.0,0.0,5,0.002272727272727271,0.005081972676135881,5,0.0,0.0,5,0.0,0.0,5,0.0,0.0,5,0.0,0.0,5,0.0,0.0,5,0.22421524663677114,0.5013605330717014,5,0.0,0.0,5,0.0,0.0,5,0.0,0.0,5,0.0009607351712614953,0.002148269151315606,5,0.0,0.0,5
switch_random,regime_marginal,observed,transit_rough,transition,carry_minus_ewma,0.007229553600521343,0.013220485335455629,5,0.022222222222222233,0.04969039949999535,5,0.022934472934472965,0.11729218782951142,3,0.00022060927274527713,0.014058735068969925,5,0.004354759258078238,0.006589826386522796,5,0.01666666666666667,0.0372677996249965,5,-0.03853162317558603,0.07453044833494023,5,0.0,0.0,5,0.022222222222222233,0.04969039949999535,5,-0.011111111111111117,0.024845199749997673,5,0.0,0.0,5,0.0,0.0,4,0.672371834683621,4.7913112895821515,5,0.0,0.0,5,0.0,0.0,5,0.022222222222222233,0.04969039949999535,5,0.007229553600521343,0.013220485335455629,5,0.0,0.0,5
switch_random,regime_marginal,observed,transit_smooth,all,carry_minus_ewma,0.0060258401376545225,0.008551904999236639,5,0.0037094017094017077,0.005105219140597087,5,0.01161438724300482,0.022115685539804898,5,0.01117926302072117,0.016468835880677477,5,9.551080900582782e-05,0.0005237606288019224,5,0.0029411764705882353,0.0065766705220582046,5,-0.005798319327731116,0.007941065314236974,5,0.0,0.0,5,0.0037094017094017077,0.005105219140597087,5,0.0037094017094017077,0.005105219140597087,5,0.0,0.0,5,0.0,0.0,5,-0.09569377990430623,0.21397779688993207,5,0.0,0.0,5,0.0,0.0,5,0.0037094017094017077,0.005105219140597087,5,0.0060258401376545225,0.008551904999236639,5,0.0,0.0,5
switch_random,regime_marginal,observed,transit_smooth,record_stable,carry_minus_ewma,0.0002506265664160401,0.0005604180394736314,5,0.0,0.0,5,0.0007905138339920958,0.0017676426699603104,5,0.0007032518508101,0.0012787805394161341,5,-0.00010881392818280731,0.00024331534031553733,5,0.0,0.0,5,0.0,0.0,5,0.0,0.0,5,0.0,0.0,5,0.0,0.0,5,0.0,0.0,5,0.0,0.0,5,-0.10881392818280737,0.24331534031553745,5,0.0,0.0,5,0.0,0.0,5,0.0,0.0,5,0.0002506265664160401,0.0005604180394736314,5,0.0,0.0,5
switch_random,regime_marginal,observed,transit_smooth,record_transition,carry_minus_ewma,0.033031674208144804,0.045406963635482724,5,0.030222222222222234,0.048422013155430585,5,0.0267857142857143,0.037880720420707926,2,0.033277793747225004,0.13048236203799835,5,0.0014925373134328358,0.003337414891790731,5,0.01,0.022360679774997897,5,-0.015555555555555555,0.02270312971300283,5,0.0,0.0,5,0.030222222222222234,0.048422013155430585,5,0.030222222222222234,0.048422013155430585,5,0.0,0.0,5,0.0,0.0,4,0.0,0.0,5,0.0,0.0,5,0.0,0.0,5,0.030222222222222234,0.048422013155430585,5,0.033031674208144804,0.045406963635482724,5,0.0,0.0,5
switch_random,regime_marginal,observed,transit_smooth,stable,carry_minus_ewma,0.0002506265664160401,0.0005604180394736314,5,0.0,0.0,5,0.0007905138339920958,0.0017676426699603104,5,0.0007032518508101,0.0012787805394161341,5,-0.00010881392818280731,0.00024331534031553733,5,0.0,0.0,5,0.0,0.0,5,0.0,0.0,5,0.0,0.0,5,0.0,0.0,5,0.0,0.0,5,0.0,0.0,5,-0.10881392818280737,0.24331534031553745,5,0.0,0.0,5,0.0,0.0,5,0.0,0.0,5,0.0002506265664160401,0.0005604180394736314,5,0.0,0.0,5
switch_random,regime_marginal,observed,transit_smooth,transition,carry_minus_ewma,0.033031674208144804,0.045406963635482724,5,0.030222222222222234,0.048422013155430585,5,0.0267857142857143,0.037880720420707926,2,0.033277793747225004,0.13048236203799835,5,0.0014925373134328358,0.003337414891790731,5,0.01,0.022360679774997897,5,-0.015555555555555555,0.02270312971300283,5,0.0,0.0,5,0.030222222222222234,0.048422013155430585,5,0.030222222222222234,0.048422013155430585,5,0.0,0.0,5,0.0,0.0,4,0.0,0.0,5,0.0,0.0,5,0.0,0.0,5,0.030222222222222234,0.048422013155430585,5,0.033031674208144804,0.045406963635482724,5,0.0,0.0,5
switch_random,regime_marginal,observed,warehouse,all,carry_minus_ewma,0.0006565806592424506,0.01602042432399146,5,0.009789721672456267,0.01964490213716487,5,-0.025032768717505822,0.014237163560637913,5,0.006889074024454678,0.016567866622158985,5,0.0036850147082739234,0.0033247712734611337,5,0.004597701149425287,0.01028077231034386,5,-0.009899283463142639,0.01246556195777253,5,0.0,0.0,5,0.009789721672456267,0.01964490213716487,5,0.0028931699483183302,0.019903996225145503,5,0.0,0.0,5,0.027679231337767923,0.03958801198938917,5,0.3874369758939437,0.40463210038082964,5,0.0,0.0,5,0.0,0.0,5,0.009789721672456267,0.01964490213716487,5,0.0006565806592424506,0.01602042432399146,5,0.0,0.0,5
switch_random,regime_marginal,observed,warehouse,record_stable,carry_minus_ewma,-0.00048300637049060734,0.009447052163573569,5,0.0001190476190476214,0.008629926047352117,5,-0.001679689981576782,0.010151182381982296,5,-0.0006540774884044587,0.000927379814806999,5,0.0,0.0,5,0.0,0.0,5,0.0,0.0,5,0.0,0.0,5,0.0001190476190476214,0.008629926047352117,5,0.0001190476190476214,0.008629926047352117,5,0.0,0.0,5,0.0,0.0,5,0.0,0.0,5,0.0,0.0,5,0.0,0.0,5,0.0001190476190476214,0.008629926047352117,5,-0.00048300637049060734,0.009447052163573569,5,0.0,0.0,5
switch_random,regime_marginal,observed,warehouse,record_transition,carry_minus_ewma,0.019209653647752383,0.1264271385829616,5,0.21627705627705626,0.44463548863385366,5,-0.2165621734587252,0.32800431565712007,4,0.13191152476147133,0.46271827297153445,5,0.027785860364160336,0.024483622766646635,5,0.13333333333333333,0.2981423969999719,5,-0.18199134199134198,0.4914536936551118,5,0.0,0.0,5,0.21627705627705626,0.44463548863385366,5,0.016277056277056272,0.07641495855651524,5,0.0,0.0,5,0.1933933933933934,0.336795857259981,5,2.9314212667899913,3.0384480997084493,5,0.0,0.0,5,0.0,0.0,5,0.21627705627705626,0.44463548863385366,5,0.019209653647752383,0.1264271385829616,5,0.0,0.0,5
switch_random,regime_marginal,observed,warehouse,stable,carry_minus_ewma,-0.00048300637049060734,0.009447052163573569,5,0.0001190476190476214,0.008629926047352117,5,-0.001679689981576782,0.010151182381982296,5,-0.0006540774884044587,0.000927379814806999,5,0.0,0.0,5,0.0,0.0,5,0.0,0.0,5,0.0,0.0,5,0.0001190476190476214,0.008629926047352117,5,0.0001190476190476214,0.008629926047352117,5,0.0,0.0,5,0.0,0.0,5,0.0,0.0,5,0.0,0.0,5,0.0,0.0,5,0.0001190476190476214,0.008629926047352117,5,-0.00048300637049060734,0.009447052163573569,5,0.0,0.0,5
switch_random,regime_marginal,observed,warehouse,transition,carry_minus_ewma,0.019209653647752383,0.1264271385829616,5,0.21627705627705626,0.44463548863385366,5,-0.2165621734587252,0.32800431565712007,4,0.13191152476147133,0.46271827297153445,5,0.027785860364160336,0.024483622766646635,5,0.13333333333333333,0.2981423969999719,5,-0.18199134199134198,0.4914536936551118,5,0.0,0.0,5,0.21627705627705626,0.44463548863385366,5,0.016277056277056272,0.07641495855651524,5,0.0,0.0,5,0.1933933933933934,0.336795857259981,5,2.9314212667899913,3.0384480997084493,5,0.0,0.0,5,0.0,0.0,5,0.21627705627705626,0.44463548863385366,5,0.019209653647752383,0.1264271385829616,5,0.0,0.0,5
