seed,scenario,method,view,regime,window,f1,recall,precision,average_precision,clean_channel_fpr,bystander_fpr,top1_localization,top1_random_baseline,all_faults_row_recall,exact_fault_set_rate,score_coverage,post_event_fpr,false_onsets_per_1000_clean_cells,native_score_coverage,common_row_fraction,all_timeline_recall,all_timeline_f1,unavailable_positive_fraction,comparison
42,count1,regime_conditional,clean,all,all,0.0,,0.0,,0.0,,,,,,0.0,0.0,0.0,0.0,0.0,,0.0,,carry_minus_ewma
42,count1,regime_conditional,clean,all,record_stable,0.0,,0.0,,0.0,,,,,,0.0,0.0,0.0,0.0,0.0,,0.0,,carry_minus_ewma
42,count1,regime_conditional,clean,all,stable,0.0,,0.0,,0.0,,,,,,0.0,0.0,0.0,0.0,0.0,,0.0,,carry_minus_ewma
42,count1,regime_conditional,clean,transit_rough,all,0.0,,0.0,,0.0,,,,,,0.0,0.0,0.0,0.0,0.0,,0.0,,carry_minus_ewma
42,count1,regime_conditional,clean,transit_rough,record_stable,0.0,,0.0,,0.0,,,,,,0.0,0.0,0.0,0.0,0.0,,0.0,,carry_minus_ewma
42,count1,regime_conditional,clean,transit_rough,stable,0.0,,0.0,,0.0,,,,,,0.0,0.0,0.0,0.0,0.0,,0.0,,carry_minus_ewma
42,count1,regime_conditional,clean,transit_smooth,all,0.0,,0.0,,0.0,,,,,,0.0,0.0,0.0,0.0,0.0,,0.0,,carry_minus_ewma
42,count1,regime_conditional,clean,transit_smooth,record_stable,0.0,,0.0,,0.0,,,,,,0.0,0.0,0.0,0.0,0.0,,0.0,,carry_minus_ewma
42,count1,regime_conditional,clean,transit_smooth,stable,0.0,,0.0,,0.0,,,,,,0.0,0.0,0.0,0.0,0.0,,0.0,,carry_minus_ewma
42,count1,regime_conditional,clean,warehouse,all,0.0,,0.0,,0.0,,,,,,0.0,0.0,0.0,0.0,0.0,,0.0,,carry_minus_ewma
42,count1,regime_conditional,clean,warehouse,record_stable,0.0,,0.0,,0.0,,,,,,0.0,0.0,0.0,0.0,0.0,,0.0,,carry_minus_ewma
42,count1,regime_conditional,clean,warehouse,stable,0.0,,0.0,,0.0,,,,,,0.0,0.0,0.0,0.0,0.0,,0.0,,carry_minus_ewma
42,count1,regime_conditional,observed,all,all,0.0,0.0,0.0,0.0,0.0,0.0,0.0,0.0,0.0,0.0,0.0,0.0,0.0,0.0,0.0,0.0,0.0,0.0,carry_minus_ewma
42,count1,regime_conditional,observed,all,record_stable,0.0,0.0,0.0,0.0,0.0,0.0,0.0,0.0,0.0,0.0,0.0,0.0,0.0,0.0,0.0,0.0,0.0,0.0,carry_minus_ewma
42,count1,regime_conditional,observed,all,stable,0.0,0.0,0.0,0.0,0.0,0.0,0.0,0.0,0.0,0.0,0.0,0.0,0.0,0.0,0.0,0.0,0.0,0.0,carry_minus_ewma
42,count1,regime_conditional,observed,transit_rough,all,0.0,0.0,0.0,0.0,0.0,0.0,0.0,0.0,0.0,0.0,0.0,0.0,0.0,0.0,0.0,0.0,0.0,0.0,carry_minus_ewma
42,count1,regime_conditional,observed,transit_rough,record_stable,0.0,0.0,0.0,0.0,0.0,0.0,0.0,0.0,0.0,0.0,0.0,0.0,0.0,0.0,0.0,0.0,0.0,0.0,carry_minus_ewma
42,count1,regime_conditional,observed,transit_rough,stable,0.0,0.0,0.0,0.0,0.0,0.0,0.0,0.0,0.0,0.0,0.0,0.0,0.0,0.0,0.0,0.0,0.0,0.0,carry_minus_ewma
42,count1,regime_conditional,observed,transit_smooth,all,0.0,0.0,0.0,0.0,0.0,0.0,0.0,0.0,0.0,0.0,0.0,0.0,0.0,0.0,0.0,0.0,0.0,0.0,carry_minus_ewma
42,count1,regime_conditional,observed,transit_smooth,record_stable,0.0,0.0,0.0,0.0,0.0,0.0,0.0,0.0,0.0,0.0,0.0,0.0,0.0,0.0,0.0,0.0,0.0,0.0,carry_minus_ewma
42,count1,regime_conditional,observed,transit_smooth,stable,0.0,0.0,0.0,0.0,0.0,0.0,0.0,0.0,0.0,0.0,0.0,0.0,0.0,0.0,0.0,0.0,0.0,0.0,carry_minus_ewma
42,count1,regime_conditional,observed,warehouse,all,0.0,0.0,0.0,0.0,0.0,0.0,0.0,0.0,0.0,0.0,0.0,0.0,0.0,0.0,0.0,0.0,0.0,0.0,carry_minus_ewma
42,count1,regime_conditional,observed,warehouse,record_stable,0.0,0.0,0.0,0.0,0.0,0.0,0.0,0.0,0.0,0.0,0.0,0.0,0.0,0.0,0.0,0.0,0.0,0.0,carry_minus_ewma
42,count1,regime_conditional,observed,warehouse,stable,0.0,0.0,0.0,0.0,0.0,0.0,0.0,0.0,0.0,0.0,0.0,0.0,0.0,0.0,0.0,0.0,0.0,0.0,carry_minus_ewma
42,count1,regime_marginal,clean,all,all,0.0,,0.0,,0.0,,,,,,0.0,0.0,0.0,0.0,0.0,,0.0,,carry_minus_ewma
42,count1,regime_marginal,clean,all,record_stable,0.0,,0.0,,0.0,,,,,,0.0,0.0,0.0,0.0,0.0,,0.0,,carry_minus_ewma
42,count1,regime_marginal,clean,all,stable,0.0,,0.0,,0.0,,,,,,0.0,0.0,0.0,0.0,0.0,,0.0,,carry_minus_ewma
42,count1,regime_marginal,clean,transit_rough,all,0.0,,0.0,,0.0,,,,,,0.0,0.0,0.0,0.0,0.0,,0.0,,carry_minus_ewma
42,count1,regime_marginal,clean,transit_rough,record_stable,0.0,,0.0,,0.0,,,,,,0.0,0.0,0.0,0.0,0.0,,0.0,,carry_minus_ewma
42,count1,regime_marginal,clean,transit_rough,stable,0.0,,0.0,,0.0,,,,,,0.0,0.0,0.0,0.0,0.0,,0.0,,carry_minus_ewma
42,count1,regime_marginal,clean,transit_smooth,all,0.0,,0.0,,0.0,,,,,,0.0,0.0,0.0,0.0,0.0,,0.0,,carry_minus_ewma
42,count1,regime_marginal,clean,transit_smooth,record_stable,0.0,,0.0,,0.0,,,,,,0.0,0.0,0.0,0.0,0.0,,0.0,,carry_minus_ewma
42,count1,regime_marginal,clean,transit_smooth,stable,0.0,,0.0,,0.0,,,,,,0.0,0.0,0.0,0.0,0.0,,0.0,,carry_minus_ewma
42,count1,regime_marginal,clean,warehouse,all,0.0,,0.0,,0.0,,,,,,0.0,0.0,0.0,0.0,0.0,,0.0,,carry_minus_ewma
42,count1,regime_marginal,clean,warehouse,record_stable,0.0,,0.0,,0.0,,,,,,0.0,0.0,0.0,0.0,0.0,,0.0,,carry_minus_ewma
42,count1,regime_marginal,clean,warehouse,stable,0.0,,0.0,,0.0,,,,,,0.0,0.0,0.0,0.0,0.0,,0.0,,carry_minus_ewma
42,count1,regime_marginal,observed,all,all,0.0,0.0,0.0,0.0,0.0,0.0,0.0,0.0,0.0,0.0,0.0,0.0,0.0,0.0,0.0,0.0,0.0,0.0,carry_minus_ewma
42,count1,regime_marginal,observed,all,record_stable,0.0,0.0,0.0,0.0,0.0,0.0,0.0,0.0,0.0,0.0,0.0,0.0,0.0,0.0,0.0,0.0,0.0,0.0,carry_minus_ewma
42,count1,regime_marginal,observed,all,stable,0.0,0.0,0.0,0.0,0.0,0.0,0.0,0.0,0.0,0.0,0.0,0.0,0.0,0.0,0.0,0.0,0.0,0.0,carry_minus_ewma
42,count1,regime_marginal,observed,transit_rough,all,0.0,0.0,0.0,0.0,0.0,0.0,0.0,0.0,0.0,0.0,0.0,0.0,0.0,0.0,0.0,0.0,0.0,0.0,carry_minus_ewma
42,count1,regime_marginal,observed,transit_rough,record_stable,0.0,0.0,0.0,0.0,0.0,0.0,0.0,0.0,0.0,0.0,0.0,0.0,0.0,0.0,0.0,0.0,0.0,0.0,carry_minus_ewma
42,count1,regime_marginal,observed,transit_rough,stable,0.0,0.0,0.0,0.0,0.0,0.0,0.0,0.0,0.0,0.0,0.0,0.0,0.0,0.0,0.0,0.0,0.0,0.0,carry_minus_ewma
42,count1,regime_marginal,observed,transit_smooth,all,0.0,0.0,0.0,0.0,0.0,0.0,0.0,0.0,0.0,0.0,0.0,0.0,0.0,0.0,0.0,0.0,0.0,0.0,carry_minus_ewma
42,count1,regime_marginal,observed,transit_smooth,record_stable,0.0,0.0,0.0,0.0,0.0,0.0,0.0,0.0,0.0,0.0,0.0,0.0,0.0,0.0,0.0,0.0,0.0,0.0,carry_minus_ewma
42,count1,regime_marginal,observed,transit_smooth,stable,0.0,0.0,0.0,0.0,0.0,0.0,0.0,0.0,0.0,0.0,0.0,0.0,0.0,0.0,0.0,0.0,0.0,0.0,carry_minus_ewma
42,count1,regime_marginal,observed,warehouse,all,0.0,0.0,0.0,0.0,0.0,0.0,0.0,0.0,0.0,0.0,0.0,0.0,0.0,0.0,0.0,0.0,0.0,0.0,carry_minus_ewma
42,count1,regime_marginal,observed,warehouse,record_stable,0.0,0.0,0.0,0.0,0.0,0.0,0.0,0.0,0.0,0.0,0.0,0.0,0.0,0.0,0.0,0.0,0.0,0.0,carry_minus_ewma
42,count1,regime_marginal,observed,warehouse,stable,0.0,0.0,0.0,0.0,0.0,0.0,0.0,0.0,0.0,0.0,0.0,0.0,0.0,0.0,0.0,0.0,0.0,0.0,carry_minus_ewma
42,count3,regime_conditional,clean,all,all,0.0,,0.0,,0.0,,,,,,0.0,0.0,0.0,0.0,0.0,,0.0,,carry_minus_ewma
42,count3,regime_conditional,clean,all,record_stable,0.0,,0.0,,0.0,,,,,,0.0,0.0,0.0,0.0,0.0,,0.0,,carry_minus_ewma
42,count3,regime_conditional,clean,all,stable,0.0,,0.0,,0.0,,,,,,0.0,0.0,0.0,0.0,0.0,,0.0,,carry_minus_ewma
42,count3,regime_conditional,clean,transit_rough,all,0.0,,0.0,,0.0,,,,,,0.0,0.0,0.0,0.0,0.0,,0.0,,carry_minus_ewma
42,count3,regime_conditional,clean,transit_rough,record_stable,0.0,,0.0,,0.0,,,,,,0.0,0.0,0.0,0.0,0.0,,0.0,,carry_minus_ewma
42,count3,regime_conditional,clean,transit_rough,stable,0.0,,0.0,,0.0,,,,,,0.0,0.0,0.0,0.0,0.0,,0.0,,carry_minus_ewma
42,count3,regime_conditional,clean,transit_smooth,all,0.0,,0.0,,0.0,,,,,,0.0,0.0,0.0,0.0,0.0,,0.0,,carry_minus_ewma
42,count3,regime_conditional,clean,transit_smooth,record_stable,0.0,,0.0,,0.0,,,,,,0.0,0.0,0.0,0.0,0.0,,0.0,,carry_minus_ewma
42,count3,regime_conditional,clean,transit_smooth,stable,0.0,,0.0,,0.0,,,,,,0.0,0.0,0.0,0.0,0.0,,0.0,,carry_minus_ewma
42,count3,regime_conditional,clean,warehouse,all,0.0,,0.0,,0.0,,,,,,0.0,0.0,0.0,0.0,0.0,,0.0,,carry_minus_ewma
42,count3,regime_conditional,clean,warehouse,record_stable,0.0,,0.0,,0.0,,,,,,0.0,0.0,0.0,0.0,0.0,,0.0,,carry_minus_ewma
42,count3,regime_conditional,clean,warehouse,stable,0.0,,0.0,,0.0,,,,,,0.0,0.0,0.0,0.0,0.0,,0.0,,carry_minus_ewma
42,count3,regime_conditional,observed,all,all,0.0,0.0,0.0,0.0,0.0,0.0,0.0,0.0,0.0,0.0,0.0,0.0,0.0,0.0,0.0,0.0,0.0,0.0,carry_minus_ewma
42,count3,regime_conditional,observed,all,record_stable,0.0,0.0,0.0,0.0,0.0,0.0,0.0,0.0,0.0,0.0,0.0,0.0,0.0,0.0,0.0,0.0,0.0,0.0,carry_minus_ewma
42,count3,regime_conditional,observed,all,stable,0.0,0.0,0.0,0.0,0.0,0.0,0.0,0.0,0.0,0.0,0.0,0.0,0.0,0.0,0.0,0.0,0.0,0.0,carry_minus_ewma
42,count3,regime_conditional,observed,transit_rough,all,0.0,0.0,0.0,0.0,0.0,0.0,0.0,0.0,0.0,0.0,0.0,0.0,0.0,0.0,0.0,0.0,0.0,0.0,carry_minus_ewma
42,count3,regime_conditional,observed,transit_rough,record_stable,0.0,0.0,0.0,0.0,0.0,0.0,0.0,0.0,0.0,0.0,0.0,0.0,0.0,0.0,0.0,0.0,0.0,0.0,carry_minus_ewma
42,count3,regime_conditional,observed,transit_rough,stable,0.0,0.0,0.0,0.0,0.0,0.0,0.0,0.0,0.0,0.0,0.0,0.0,0.0,0.0,0.0,0.0,0.0,0.0,carry_minus_ewma
42,count3,regime_conditional,observed,transit_smooth,all,0.0,0.0,0.0,0.0,0.0,0.0,0.0,0.0,0.0,0.0,0.0,0.0,0.0,0.0,0.0,0.0,0.0,0.0,carry_minus_ewma
42,count3,regime_conditional,observed,transit_smooth,record_stable,0.0,0.0,0.0,0.0,0.0,0.0,0.0,0.0,0.0,0.0,0.0,0.0,0.0,0.0,0.0,0.0,0.0,0.0,carry_minus_ewma
42,count3,regime_conditional,observed,transit_smooth,stable,0.0,0.0,0.0,0.0,0.0,0.0,0.0,0.0,0.0,0.0,0.0,0.0,0.0,0.0,0.0,0.0,0.0,0.0,carry_minus_ewma
42,count3,regime_conditional,observed,warehouse,all,0.0,0.0,0.0,0.0,0.0,0.0,0.0,0.0,0.0,0.0,0.0,0.0,0.0,0.0,0.0,0.0,0.0,0.0,carry_minus_ewma
42,count3,regime_conditional,observed,warehouse,record_stable,0.0,0.0,0.0,0.0,0.0,0.0,0.0,0.0,0.0,0.0,0.0,0.0,0.0,0.0,0.0,0.0,0.0,0.0,carry_minus_ewma
42,count3,regime_conditional,observed,warehouse,stable,0.0,0.0,0.0,0.0,0.0,0.0,0.0,0.0,0.0,0.0,0.0,0.0,0.0,0.0,0.0,0.0,0.0,0.0,carry_minus_ewma
42,count3,regime_marginal,clean,all,all,0.0,,0.0,,0.0,,,,,,0.0,0.0,0.0,0.0,0.0,,0.0,,carry_minus_ewma
42,count3,regime_marginal,clean,all,record_stable,0.0,,0.0,,0.0,,,,,,0.0,0.0,0.0,0.0,0.0,,0.0,,carry_minus_ewma
42,count3,regime_marginal,clean,all,stable,0.0,,0.0,,0.0,,,,,,0.0,0.0,0.0,0.0,0.0,,0.0,,carry_minus_ewma
42,count3,regime_marginal,clean,transit_rough,all,0.0,,0.0,,0.0,,,,,,0.0,0.0,0.0,0.0,0.0,,0.0,,carry_minus_ewma
42,count3,regime_marginal,clean,transit_rough,record_stable,0.0,,0.0,,0.0,,,,,,0.0,0.0,0.0,0.0,0.0,,0.0,,carry_minus_ewma
42,count3,regime_marginal,clean,transit_rough,stable,0.0,,0.0,,0.0,,,,,,0.0,0.0,0.0,0.0,0.0,,0.0,,carry_minus_ewma
42,count3,regime_marginal,clean,transit_smooth,all,0.0,,0.0,,0.0,,,,,,0.0,0.0,0.0,0.0,0.0,,0.0,,carry_minus_ewma
42,count3,regime_marginal,clean,transit_smooth,record_stable,0.0,,0.0,,0.0,,,,,,0.0,0.0,0.0,0.0,0.0,,0.0,,carry_minus_ewma
42,count3,regime_marginal,clean,transit_smooth,stable,0.0,,0.0,,0.0,,,,,,0.0,0.0,0.0,0.0,0.0,,0.0,,carry_minus_ewma
42,count3,regime_marginal,clean,warehouse,all,0.0,,0.0,,0.0,,,,,,0.0,0.0,0.0,0.0,0.0,,0.0,,carry_minus_ewma
42,count3,regime_marginal,clean,warehouse,record_stable,0.0,,0.0,,0.0,,,,,,0.0,0.0,0.0,0.0,0.0,,0.0,,carry_minus_ewma
42,count3,regime_marginal,clean,warehouse,stable,0.0,,0.0,,0.0,,,,,,0.0,0.0,0.0,0.0,0.0,,0.0,,carry_minus_ewma
42,count3,regime_marginal,observed,all,all,0.0,0.0,0.0,0.0,0.0,0.0,0.0,0.0,0.0,0.0,0.0,0.0,0.0,0.0,0.0,0.0,0.0,0.0,carry_minus_ewma
42,count3,regime_marginal,observed,all,record_stable,0.0,0.0,0.0,0.0,0.0,0.0,0.0,0.0,0.0,0.0,0.0,0.0,0.0,0.0,0.0,0.0,0.0,0.0,carry_minus_ewma
42,count3,regime_marginal,observed,all,stable,0.0,0.0,0.0,0.0,0.0,0.0,0.0,0.0,0.0,0.0,0.0,0.0,0.0,0.0,0.0,0.0,0.0,0.0,carry_minus_ewma
42,count3,regime_marginal,observed,transit_rough,all,0.0,0.0,0.0,0.0,0.0,0.0,0.0,0.0,0.0,0.0,0.0,0.0,0.0,0.0,0.0,0.0,0.0,0.0,carry_minus_ewma
42,count3,regime_marginal,observed,transit_rough,record_stable,0.0,0.0,0.0,0.0,0.0,0.0,0.0,0.0,0.0,0.0,0.0,0.0,0.0,0.0,0.0,0.0,0.0,0.0,carry_minus_ewma
42,count3,regime_marginal,observed,transit_rough,stable,0.0,0.0,0.0,0.0,0.0,0.0,0.0,0.0,0.0,0.0,0.0,0.0,0.0,0.0,0.0,0.0,0.0,0.0,carry_minus_ewma
42,count3,regime_marginal,observed,transit_smooth,all,0.0,0.0,0.0,0.0,0.0,0.0,0.0,0.0,0.0,0.0,0.0,0.0,0.0,0.0,0.0,0.0,0.0,0.0,carry_minus_ewma
42,count3,regime_marginal,observed,transit_smooth,record_stable,0.0,0.0,0.0,0.0,0.0,0.0,0.0,0.0,0.0,0.0,0.0,0.0,0.0,0.0,0.0,0.0,0.0,0.0,carry_minus_ewma
42,count3,regime_marginal,observed,transit_smooth,stable,0.0,0.0,0.0,0.0,0.0,0.0,0.0,0.0,0.0,0.0,0.0,0.0,0.0,0.0,0.0,0.0,0.0,0.0,carry_minus_ewma
42,count3,regime_marginal,observed,warehouse,all,0.0,0.0,0.0,0.0,0.0,0.0,0.0,0.0,0.0,0.0,0.0,0.0,0.0,0.0,0.0,0.0,0.0,0.0,carry_minus_ewma
42,count3,regime_marginal,observed,warehouse,record_stable,0.0,0.0,0.0,0.0,0.0,0.0,0.0,0.0,0.0,0.0,0.0,0.0,0.0,0.0,0.0,0.0,0.0,0.0,carry_minus_ewma
42,count3,regime_marginal,observed,warehouse,stable,0.0,0.0,0.0,0.0,0.0,0.0,0.0,0.0,0.0,0.0,0.0,0.0,0.0,0.0,0.0,0.0,0.0,0.0,carry_minus_ewma
42,duration24,regime_conditional,clean,all,all,0.0,,0.0,,0.0,,,,,,0.0,0.0,0.0,0.0,0.0,,0.0,,carry_minus_ewma
42,duration24,regime_conditional,clean,all,record_stable,0.0,,0.0,,0.0,,,,,,0.0,0.0,0.0,0.0,0.0,,0.0,,carry_minus_ewma
42,duration24,regime_conditional,clean,all,stable,0.0,,0.0,,0.0,,,,,,0.0,0.0,0.0,0.0,0.0,,0.0,,carry_minus_ewma
42,duration24,regime_conditional,clean,transit_rough,all,0.0,,0.0,,0.0,,,,,,0.0,0.0,0.0,0.0,0.0,,0.0,,carry_minus_ewma
42,duration24,regime_conditional,clean,transit_rough,record_stable,0.0,,0.0,,0.0,,,,,,0.0,0.0,0.0,0.0,0.0,,0.0,,carry_minus_ewma
42,duration24,regime_conditional,clean,transit_rough,stable,0.0,,0.0,,0.0,,,,,,0.0,0.0,0.0,0.0,0.0,,0.0,,carry_minus_ewma
42,duration24,regime_conditional,clean,transit_smooth,all,0.0,,0.0,,0.0,,,,,,0.0,0.0,0.0,0.0,0.0,,0.0,,carry_minus_ewma
42,duration24,regime_conditional,clean,transit_smooth,record_stable,0.0,,0.0,,0.0,,,,,,0.0,0.0,0.0,0.0,0.0,,0.0,,carry_minus_ewma
42,duration24,regime_conditional,clean,transit_smooth,stable,0.0,,0.0,,0.0,,,,,,0.0,0.0,0.0,0.0,0.0,,0.0,,carry_minus_ewma
42,duration24,regime_conditional,clean,warehouse,all,0.0,,0.0,,0.0,,,,,,0.0,0.0,0.0,0.0,0.0,,0.0,,carry_minus_ewma
42,duration24,regime_conditional,clean,warehouse,record_stable,0.0,,0.0,,0.0,,,,,,0.0,0.0,0.0,0.0,0.0,,0.0,,carry_minus_ewma
42,duration24,regime_conditional,clean,warehouse,stable,0.0,,0.0,,0.0,,,,,,0.0,0.0,0.0,0.0,0.0,,0.0,,carry_minus_ewma
42,duration24,regime_conditional,observed,all,all,0.0,0.0,0.0,0.0,0.0,0.0,0.0,0.0,0.0,0.0,0.0,0.0,0.0,0.0,0.0,0.0,0.0,0.0,carry_minus_ewma
42,duration24,regime_conditional,observed,all,record_stable,0.0,0.0,0.0,0.0,0.0,0.0,0.0,0.0,0.0,0.0,0.0,0.0,0.0,0.0,0.0,0.0,0.0,0.0,carry_minus_ewma
42,duration24,regime_conditional,observed,all,stable,0.0,0.0,0.0,0.0,0.0,0.0,0.0,0.0,0.0,0.0,0.0,0.0,0.0,0.0,0.0,0.0,0.0,0.0,carry_minus_ewma
42,duration24,regime_conditional,observed,transit_rough,all,0.0,0.0,0.0,0.0,0.0,0.0,0.0,0.0,0.0,0.0,0.0,0.0,0.0,0.0,0.0,0.0,0.0,0.0,carry_minus_ewma
42,duration24,regime_conditional,observed,transit_rough,record_stable,0.0,0.0,0.0,0.0,0.0,0.0,0.0,0.0,0.0,0.0,0.0,0.0,0.0,0.0,0.0,0.0,0.0,0.0,carry_minus_ewma
42,duration24,regime_conditional,observed,transit_rough,stable,0.0,0.0,0.0,0.0,0.0,0.0,0.0,0.0,0.0,0.0,0.0,0.0,0.0,0.0,0.0,0.0,0.0,0.0,carry_minus_ewma
42,duration24,regime_conditional,observed,transit_smooth,all,0.0,0.0,0.0,0.0,0.0,0.0,0.0,0.0,0.0,0.0,0.0,0.0,0.0,0.0,0.0,0.0,0.0,0.0,carry_minus_ewma
42,duration24,regime_conditional,observed,transit_smooth,record_stable,0.0,0.0,0.0,0.0,0.0,0.0,0.0,0.0,0.0,0.0,0.0,0.0,0.0,0.0,0.0,0.0,0.0,0.0,carry_minus_ewma
42,duration24,regime_conditional,observed,transit_smooth,stable,0.0,0.0,0.0,0.0,0.0,0.0,0.0,0.0,0.0,0.0,0.0,0.0,0.0,0.0,0.0,0.0,0.0,0.0,carry_minus_ewma
42,duration24,regime_conditional,observed,warehouse,all,0.0,0.0,0.0,0.0,0.0,0.0,0.0,0.0,0.0,0.0,0.0,0.0,0.0,0.0,0.0,0.0,0.0,0.0,carry_minus_ewma
42,duration24,regime_conditional,observed,warehouse,record_stable,0.0,0.0,0.0,0.0,0.0,0.0,0.0,0.0,0.0,0.0,0.0,0.0,0.0,0.0,0.0,0.0,0.0,0.0,carry_minus_ewma
42,duration24,regime_conditional,observed,warehouse,stable,0.0,0.0,0.0,0.0,0.0,0.0,0.0,0.0,0.0,0.0,0.0,0.0,0.0,0.0,0.0,0.0,0.0,0.0,carry_minus_ewma
42,duration24,regime_marginal,clean,all,all,0.0,,0.0,,0.0,,,,,,0.0,0.0,0.0,0.0,0.0,,0.0,,carry_minus_ewma
42,duration24,regime_marginal,clean,all,record_stable,0.0,,0.0,,0.0,,,,,,0.0,0.0,0.0,0.0,0.0,,0.0,,carry_minus_ewma
42,duration24,regime_marginal,clean,all,stable,0.0,,0.0,,0.0,,,,,,0.0,0.0,0.0,0.0,0.0,,0.0,,carry_minus_ewma
42,duration24,regime_marginal,clean,transit_rough,all,0.0,,0.0,,0.0,,,,,,0.0,0.0,0.0,0.0,0.0,,0.0,,carry_minus_ewma
42,duration24,regime_marginal,clean,transit_rough,record_stable,0.0,,0.0,,0.0,,,,,,0.0,0.0,0.0,0.0,0.0,,0.0,,carry_minus_ewma
42,duration24,regime_marginal,clean,transit_rough,stable,0.0,,0.0,,0.0,,,,,,0.0,0.0,0.0,0.0,0.0,,0.0,,carry_minus_ewma
42,duration24,regime_marginal,clean,transit_smooth,all,0.0,,0.0,,0.0,,,,,,0.0,0.0,0.0,0.0,0.0,,0.0,,carry_minus_ewma
42,duration24,regime_marginal,clean,transit_smooth,record_stable,0.0,,0.0,,0.0,,,,,,0.0,0.0,0.0,0.0,0.0,,0.0,,carry_minus_ewma
42,duration24,regime_marginal,clean,transit_smooth,stable,0.0,,0.0,,0.0,,,,,,0.0,0.0,0.0,0.0,0.0,,0.0,,carry_minus_ewma
42,duration24,regime_marginal,clean,warehouse,all,0.0,,0.0,,0.0,,,,,,0.0,0.0,0.0,0.0,0.0,,0.0,,carry_minus_ewma
42,duration24,regime_marginal,clean,warehouse,record_stable,0.0,,0.0,,0.0,,,,,,0.0,0.0,0.0,0.0,0.0,,0.0,,carry_minus_ewma
42,duration24,regime_marginal,clean,warehouse,stable,0.0,,0.0,,0.0,,,,,,0.0,0.0,0.0,0.0,0.0,,0.0,,carry_minus_ewma
42,duration24,regime_marginal,observed,all,all,0.0,0.0,0.0,0.0,0.0,0.0,0.0,0.0,0.0,0.0,0.0,0.0,0.0,0.0,0.0,0.0,0.0,0.0,carry_minus_ewma
42,duration24,regime_marginal,observed,all,record_stable,0.0,0.0,0.0,0.0,0.0,0.0,0.0,0.0,0.0,0.0,0.0,0.0,0.0,0.0,0.0,0.0,0.0,0.0,carry_minus_ewma
42,duration24,regime_marginal,observed,all,stable,0.0,0.0,0.0,0.0,0.0,0.0,0.0,0.0,0.0,0.0,0.0,0.0,0.0,0.0,0.0,0.0,0.0,0.0,carry_minus_ewma
42,duration24,regime_marginal,observed,transit_rough,all,0.0,0.0,0.0,0.0,0.0,0.0,0.0,0.0,0.0,0.0,0.0,0.0,0.0,0.0,0.0,0.0,0.0,0.0,carry_minus_ewma
42,duration24,regime_marginal,observed,transit_rough,record_stable,0.0,0.0,0.0,0.0,0.0,0.0,0.0,0.0,0.0,0.0,0.0,0.0,0.0,0.0,0.0,0.0,0.0,0.0,carry_minus_ewma
42,duration24,regime_marginal,observed,transit_rough,stable,0.0,0.0,0.0,0.0,0.0,0.0,0.0,0.0,0.0,0.0,0.0,0.0,0.0,0.0,0.0,0.0,0.0,0.0,carry_minus_ewma
42,duration24,regime_marginal,observed,transit_smooth,all,0.0,0.0,0.0,0.0,0.0,0.0,0.0,0.0,0.0,0.0,0.0,0.0,0.0,0.0,0.0,0.0,0.0,0.0,carry_minus_ewma
42,duration24,regime_marginal,observed,transit_smooth,record_stable,0.0,0.0,0.0,0.0,0.0,0.0,0.0,0.0,0.0,0.0,0.0,0.0,0.0,0.0,0.0,0.0,0.0,0.0,carry_minus_ewma
42,duration24,regime_marginal,observed,transit_smooth,stable,0.0,0.0,0.0,0.0,0.0,0.0,0.0,0.0,0.0,0.0,0.0,0.0,0.0,0.0,0.0,0.0,0.0,0.0,carry_minus_ewma
42,duration24,regime_marginal,observed,warehouse,all,0.0,0.0,0.0,0.0,0.0,0.0,0.0,0.0,0.0,0.0,0.0,0.0,0.0,0.0,0.0,0.0,0.0,0.0,carry_minus_ewma
42,duration24,regime_marginal,observed,warehouse,record_stable,0.0,0.0,0.0,0.0,0.0,0.0,0.0,0.0,0.0,0.0,0.0,0.0,0.0,0.0,0.0,0.0,0.0,0.0,carry_minus_ewma
42,duration24,regime_marginal,observed,warehouse,stable,0.0,0.0,0.0,0.0,0.0,0.0,0.0,0.0,0.0,0.0,0.0,0.0,0.0,0.0,0.0,0.0,0.0,0.0,carry_minus_ewma
42,duration4,regime_conditional,clean,all,all,0.0,,0.0,,0.0,,,,,,0.0,0.0,0.0,0.0,0.0,,0.0,,carry_minus_ewma
42,duration4,regime_conditional,clean,all,record_stable,0.0,,0.0,,0.0,,,,,,0.0,0.0,0.0,0.0,0.0,,0.0,,carry_minus_ewma
42,duration4,regime_conditional,clean,all,stable,0.0,,0.0,,0.0,,,,,,0.0,0.0,0.0,0.0,0.0,,0.0,,carry_minus_ewma
42,duration4,regime_conditional,clean,transit_rough,all,0.0,,0.0,,0.0,,,,,,0.0,0.0,0.0,0.0,0.0,,0.0,,carry_minus_ewma
42,duration4,regime_conditional,clean,transit_rough,record_stable,0.0,,0.0,,0.0,,,,,,0.0,0.0,0.0,0.0,0.0,,0.0,,carry_minus_ewma
42,duration4,regime_conditional,clean,transit_rough,stable,0.0,,0.0,,0.0,,,,,,0.0,0.0,0.0,0.0,0.0,,0.0,,carry_minus_ewma
42,duration4,regime_conditional,clean,transit_smooth,all,0.0,,0.0,,0.0,,,,,,0.0,0.0,0.0,0.0,0.0,,0.0,,carry_minus_ewma
42,duration4,regime_conditional,clean,transit_smooth,record_stable,0.0,,0.0,,0.0,,,,,,0.0,0.0,0.0,0.0,0.0,,0.0,,carry_minus_ewma
42,duration4,regime_conditional,clean,transit_smooth,stable,0.0,,0.0,,0.0,,,,,,0.0,0.0,0.0,0.0,0.0,,0.0,,carry_minus_ewma
42,duration4,regime_conditional,clean,warehouse,all,0.0,,0.0,,0.0,,,,,,0.0,0.0,0.0,0.0,0.0,,0.0,,carry_minus_ewma
42,duration4,regime_conditional,clean,warehouse,record_stable,0.0,,0.0,,0.0,,,,,,0.0,0.0,0.0,0.0,0.0,,0.0,,carry_minus_ewma
42,duration4,regime_conditional,clean,warehouse,stable,0.0,,0.0,,0.0,,,,,,0.0,0.0,0.0,0.0,0.0,,0.0,,carry_minus_ewma
42,duration4,regime_conditional,observed,all,all,0.0,0.0,0.0,0.0,0.0,0.0,0.0,0.0,0.0,0.0,0.0,0.0,0.0,0.0,0.0,0.0,0.0,0.0,carry_minus_ewma
42,duration4,regime_conditional,observed,all,record_stable,0.0,0.0,0.0,0.0,0.0,0.0,0.0,0.0,0.0,0.0,0.0,0.0,0.0,0.0,0.0,0.0,0.0,0.0,carry_minus_ewma
42,duration4,regime_conditional,observed,all,stable,0.0,0.0,0.0,0.0,0.0,0.0,0.0,0.0,0.0,0.0,0.0,0.0,0.0,0.0,0.0,0.0,0.0,0.0,carry_minus_ewma
42,duration4,regime_conditional,observed,transit_rough,all,0.0,0.0,0.0,0.0,0.0,0.0,0.0,0.0,0.0,0.0,0.0,0.0,0.0,0.0,0.0,0.0,0.0,0.0,carry_minus_ewma
42,duration4,regime_conditional,observed,transit_rough,record_stable,0.0,0.0,0.0,0.0,0.0,0.0,0.0,0.0,0.0,0.0,0.0,0.0,0.0,0.0,0.0,0.0,0.0,0.0,carry_minus_ewma
42,duration4,regime_conditional,observed,transit_rough,stable,0.0,0.0,0.0,0.0,0.0,0.0,0.0,0.0,0.0,0.0,0.0,0.0,0.0,0.0,0.0,0.0,0.0,0.0,carry_minus_ewma
42,duration4,regime_conditional,observed,transit_smooth,all,0.0,0.0,0.0,0.0,0.0,0.0,0.0,0.0,0.0,0.0,0.0,0.0,0.0,0.0,0.0,0.0,0.0,0.0,carry_minus_ewma
42,duration4,regime_conditional,observed,transit_smooth,record_stable,0.0,0.0,0.0,0.0,0.0,0.0,0.0,0.0,0.0,0.0,0.0,0.0,0.0,0.0,0.0,0.0,0.0,0.0,carry_minus_ewma
42,duration4,regime_conditional,observed,transit_smooth,stable,0.0,0.0,0.0,0.0,0.0,0.0,0.0,0.0,0.0,0.0,0.0,0.0,0.0,0.0,0.0,0.0,0.0,0.0,carry_minus_ewma
42,duration4,regime_conditional,observed,warehouse,all,0.0,0.0,0.0,0.0,0.0,0.0,0.0,0.0,0.0,0.0,0.0,0.0,0.0,0.0,0.0,0.0,0.0,0.0,carry_minus_ewma
42,duration4,regime_conditional,observed,warehouse,record_stable,0.0,0.0,0.0,0.0,0.0,0.0,0.0,0.0,0.0,0.0,0.0,0.0,0.0,0.0,0.0,0.0,0.0,0.0,carry_minus_ewma
42,duration4,regime_conditional,observed,warehouse,stable,0.0,0.0,0.0,0.0,0.0,0.0,0.0,0.0,0.0,0.0,0.0,0.0,0.0,0.0,0.0,0.0,0.0,0.0,carry_minus_ewma
42,duration4,regime_marginal,clean,all,all,0.0,,0.0,,0.0,,,,,,0.0,0.0,0.0,0.0,0.0,,0.0,,carry_minus_ewma
42,duration4,regime_marginal,clean,all,record_stable,0.0,,0.0,,0.0,,,,,,0.0,0.0,0.0,0.0,0.0,,0.0,,carry_minus_ewma
42,duration4,regime_marginal,clean,all,stable,0.0,,0.0,,0.0,,,,,,0.0,0.0,0.0,0.0,0.0,,0.0,,carry_minus_ewma
42,duration4,regime_marginal,clean,transit_rough,all,0.0,,0.0,,0.0,,,,,,0.0,0.0,0.0,0.0,0.0,,0.0,,carry_minus_ewma
42,duration4,regime_marginal,clean,transit_rough,record_stable,0.0,,0.0,,0.0,,,,,,0.0,0.0,0.0,0.0,0.0,,0.0,,carry_minus_ewma
42,duration4,regime_marginal,clean,transit_rough,stable,0.0,,0.0,,0.0,,,,,,0.0,0.0,0.0,0.0,0.0,,0.0,,carry_minus_ewma
42,duration4,regime_marginal,clean,transit_smooth,all,0.0,,0.0,,0.0,,,,,,0.0,0.0,0.0,0.0,0.0,,0.0,,carry_minus_ewma
42,duration4,regime_marginal,clean,transit_smooth,record_stable,0.0,,0.0,,0.0,,,,,,0.0,0.0,0.0,0.0,0.0,,0.0,,carry_minus_ewma
42,duration4,regime_marginal,clean,transit_smooth,stable,0.0,,0.0,,0.0,,,,,,0.0,0.0,0.0,0.0,0.0,,0.0,,carry_minus_ewma
42,duration4,regime_marginal,clean,warehouse,all,0.0,,0.0,,0.0,,,,,,0.0,0.0,0.0,0.0,0.0,,0.0,,carry_minus_ewma
42,duration4,regime_marginal,clean,warehouse,record_stable,0.0,,0.0,,0.0,,,,,,0.0,0.0,0.0,0.0,0.0,,0.0,,carry_minus_ewma
42,duration4,regime_marginal,clean,warehouse,stable,0.0,,0.0,,0.0,,,,,,0.0,0.0,0.0,0.0,0.0,,0.0,,carry_minus_ewma
42,duration4,regime_marginal,observed,all,all,0.0,0.0,0.0,0.0,0.0,0.0,0.0,0.0,0.0,0.0,0.0,0.0,0.0,0.0,0.0,0.0,0.0,0.0,carry_minus_ewma
42,duration4,regime_marginal,observed,all,record_stable,0.0,0.0,0.0,0.0,0.0,0.0,0.0,0.0,0.0,0.0,0.0,0.0,0.0,0.0,0.0,0.0,0.0,0.0,carry_minus_ewma
42,duration4,regime_marginal,observed,all,stable,0.0,0.0,0.0,0.0,0.0,0.0,0.0,0.0,0.0,0.0,0.0,0.0,0.0,0.0,0.0,0.0,0.0,0.0,carry_minus_ewma
42,duration4,regime_marginal,observed,transit_rough,all,0.0,0.0,0.0,0.0,0.0,0.0,0.0,0.0,0.0,0.0,0.0,0.0,0.0,0.0,0.0,0.0,0.0,0.0,carry_minus_ewma
42,duration4,regime_marginal,observed,transit_rough,record_stable,0.0,0.0,0.0,0.0,0.0,0.0,0.0,0.0,0.0,0.0,0.0,0.0,0.0,0.0,0.0,0.0,0.0,0.0,carry_minus_ewma
42,duration4,regime_marginal,observed,transit_rough,stable,0.0,0.0,0.0,0.0,0.0,0.0,0.0,0.0,0.0,0.0,0.0,0.0,0.0,0.0,0.0,0.0,0.0,0.0,carry_minus_ewma
42,duration4,regime_marginal,observed,transit_smooth,all,0.0,0.0,0.0,0.0,0.0,0.0,0.0,0.0,0.0,0.0,0.0,0.0,0.0,0.0,0.0,0.0,0.0,0.0,carry_minus_ewma
42,duration4,regime_marginal,observed,transit_smooth,record_stable,0.0,0.0,0.0,0.0,0.0,0.0,0.0,0.0,0.0,0.0,0.0,0.0,0.0,0.0,0.0,0.0,0.0,0.0,carry_minus_ewma
42,duration4,regime_marginal,observed,transit_smooth,stable,0.0,0.0,0.0,0.0,0.0,0.0,0.0,0.0,0.0,0.0,0.0,0.0,0.0,0.0,0.0,0.0,0.0,0.0,carry_minus_ewma
42,duration4,regime_marginal,observed,warehouse,all,0.0,0.0,0.0,0.0,0.0,0.0,0.0,0.0,0.0,0.0,0.0,0.0,0.0,0.0,0.0,0.0,0.0,0.0,carry_minus_ewma
42,duration4,regime_marginal,observed,warehouse,record_stable,0.0,0.0,0.0,0.0,0.0,0.0,0.0,0.0,0.0,0.0,0.0,0.0,0.0,0.0,0.0,0.0,0.0,0.0,carry_minus_ewma
42,duration4,regime_marginal,observed,warehouse,stable,0.0,0.0,0.0,0.0,0.0,0.0,0.0,0.0,0.0,0.0,0.0,0.0,0.0,0.0,0.0,0.0,0.0,0.0,carry_minus_ewma
42,magnitude2,regime_conditional,clean,all,all,0.0,,0.0,,0.0,,,,,,0.0,0.0,0.0,0.0,0.0,,0.0,,carry_minus_ewma
42,magnitude2,regime_conditional,clean,all,record_stable,0.0,,0.0,,0.0,,,,,,0.0,0.0,0.0,0.0,0.0,,0.0,,carry_minus_ewma
42,magnitude2,regime_conditional,clean,all,stable,0.0,,0.0,,0.0,,,,,,0.0,0.0,0.0,0.0,0.0,,0.0,,carry_minus_ewma
42,magnitude2,regime_conditional,clean,transit_rough,all,0.0,,0.0,,0.0,,,,,,0.0,0.0,0.0,0.0,0.0,,0.0,,carry_minus_ewma
42,magnitude2,regime_conditional,clean,transit_rough,record_stable,0.0,,0.0,,0.0,,,,,,0.0,0.0,0.0,0.0,0.0,,0.0,,carry_minus_ewma
42,magnitude2,regime_conditional,clean,transit_rough,stable,0.0,,0.0,,0.0,,,,,,0.0,0.0,0.0,0.0,0.0,,0.0,,carry_minus_ewma
42,magnitude2,regime_conditional,clean,transit_smooth,all,0.0,,0.0,,0.0,,,,,,0.0,0.0,0.0,0.0,0.0,,0.0,,carry_minus_ewma
42,magnitude2,regime_conditional,clean,transit_smooth,record_stable,0.0,,0.0,,0.0,,,,,,0.0,0.0,0.0,0.0,0.0,,0.0,,carry_minus_ewma
42,magnitude2,regime_conditional,clean,transit_smooth,stable,0.0,,0.0,,0.0,,,,,,0.0,0.0,0.0,0.0,0.0,,0.0,,carry_minus_ewma
42,magnitude2,regime_conditional,clean,warehouse,all,0.0,,0.0,,0.0,,,,,,0.0,0.0,0.0,0.0,0.0,,0.0,,carry_minus_ewma
42,magnitude2,regime_conditional,clean,warehouse,record_stable,0.0,,0.0,,0.0,,,,,,0.0,0.0,0.0,0.0,0.0,,0.0,,carry_minus_ewma
42,magnitude2,regime_conditional,clean,warehouse,stable,0.0,,0.0,,0.0,,,,,,0.0,0.0,0.0,0.0,0.0,,0.0,,carry_minus_ewma
42,magnitude2,regime_conditional,observed,all,all,0.0,0.0,0.0,0.0,0.0,0.0,0.0,0.0,0.0,0.0,0.0,0.0,0.0,0.0,0.0,0.0,0.0,0.0,carry_minus_ewma
42,magnitude2,regime_conditional,observed,all,record_stable,0.0,0.0,0.0,0.0,0.0,0.0,0.0,0.0,0.0,0.0,0.0,0.0,0.0,0.0,0.0,0.0,0.0,0.0,carry_minus_ewma
42,magnitude2,regime_conditional,observed,all,stable,0.0,0.0,0.0,0.0,0.0,0.0,0.0,0.0,0.0,0.0,0.0,0.0,0.0,0.0,0.0,0.0,0.0,0.0,carry_minus_ewma
42,magnitude2,regime_conditional,observed,transit_rough,all,0.0,0.0,0.0,0.0,0.0,0.0,0.0,0.0,0.0,0.0,0.0,0.0,0.0,0.0,0.0,0.0,0.0,0.0,carry_minus_ewma
42,magnitude2,regime_conditional,observed,transit_rough,record_stable,0.0,0.0,0.0,0.0,0.0,0.0,0.0,0.0,0.0,0.0,0.0,0.0,0.0,0.0,0.0,0.0,0.0,0.0,carry_minus_ewma
42,magnitude2,regime_conditional,observed,transit_rough,stable,0.0,0.0,0.0,0.0,0.0,0.0,0.0,0.0,0.0,0.0,0.0,0.0,0.0,0.0,0.0,0.0,0.0,0.0,carry_minus_ewma
42,magnitude2,regime_conditional,observed,transit_smooth,all,0.0,0.0,0.0,0.0,0.0,0.0,0.0,0.0,0.0,0.0,0.0,0.0,0.0,0.0,0.0,0.0,0.0,0.0,carry_minus_ewma
42,magnitude2,regime_conditional,observed,transit_smooth,record_stable,0.0,0.0,0.0,0.0,0.0,0.0,0.0,0.0,0.0,0.0,0.0,0.0,0.0,0.0,0.0,0.0,0.0,0.0,carry_minus_ewma
42,magnitude2,regime_conditional,observed,transit_smooth,stable,0.0,0.0,0.0,0.0,0.0,0.0,0.0,0.0,0.0,0.0,0.0,0.0,0.0,0.0,0.0,0.0,0.0,0.0,carry_minus_ewma
42,magnitude2,regime_conditional,observed,warehouse,all,0.0,0.0,0.0,0.0,0.0,0.0,0.0,0.0,0.0,0.0,0.0,0.0,0.0,0.0,0.0,0.0,0.0,0.0,carry_minus_ewma
42,magnitude2,regime_conditional,observed,warehouse,record_stable,0.0,0.0,0.0,0.0,0.0,0.0,0.0,0.0,0.0,0.0,0.0,0.0,0.0,0.0,0.0,0.0,0.0,0.0,carry_minus_ewma
42,magnitude2,regime_conditional,observed,warehouse,stable,0.0,0.0,0.0,0.0,0.0,0.0,0.0,0.0,0.0,0.0,0.0,0.0,0.0,0.0,0.0,0.0,0.0,0.0,carry_minus_ewma
42,magnitude2,regime_marginal,clean,all,all,0.0,,0.0,,0.0,,,,,,0.0,0.0,0.0,0.0,0.0,,0.0,,carry_minus_ewma
42,magnitude2,regime_marginal,clean,all,record_stable,0.0,,0.0,,0.0,,,,,,0.0,0.0,0.0,0.0,0.0,,0.0,,carry_minus_ewma
42,magnitude2,regime_marginal,clean,all,stable,0.0,,0.0,,0.0,,,,,,0.0,0.0,0.0,0.0,0.0,,0.0,,carry_minus_ewma
42,magnitude2,regime_marginal,clean,transit_rough,all,0.0,,0.0,,0.0,,,,,,0.0,0.0,0.0,0.0,0.0,,0.0,,carry_minus_ewma
42,magnitude2,regime_marginal,clean,transit_rough,record_stable,0.0,,0.0,,0.0,,,,,,0.0,0.0,0.0,0.0,0.0,,0.0,,carry_minus_ewma
42,magnitude2,regime_marginal,clean,transit_rough,stable,0.0,,0.0,,0.0,,,,,,0.0,0.0,0.0,0.0,0.0,,0.0,,carry_minus_ewma
42,magnitude2,regime_marginal,clean,transit_smooth,all,0.0,,0.0,,0.0,,,,,,0.0,0.0,0.0,0.0,0.0,,0.0,,carry_minus_ewma
42,magnitude2,regime_marginal,clean,transit_smooth,record_stable,0.0,,0.0,,0.0,,,,,,0.0,0.0,0.0,0.0,0.0,,0.0,,carry_minus_ewma
42,magnitude2,regime_marginal,clean,transit_smooth,stable,0.0,,0.0,,0.0,,,,,,0.0,0.0,0.0,0.0,0.0,,0.0,,carry_minus_ewma
42,magnitude2,regime_marginal,clean,warehouse,all,0.0,,0.0,,0.0,,,,,,0.0,0.0,0.0,0.0,0.0,,0.0,,carry_minus_ewma
42,magnitude2,regime_marginal,clean,warehouse,record_stable,0.0,,0.0,,0.0,,,,,,0.0,0.0,0.0,0.0,0.0,,0.0,,carry_minus_ewma
42,magnitude2,regime_marginal,clean,warehouse,stable,0.0,,0.0,,0.0,,,,,,0.0,0.0,0.0,0.0,0.0,,0.0,,carry_minus_ewma
42,magnitude2,regime_marginal,observed,all,all,0.0,0.0,0.0,0.0,0.0,0.0,0.0,0.0,0.0,0.0,0.0,0.0,0.0,0.0,0.0,0.0,0.0,0.0,carry_minus_ewma
42,magnitude2,regime_marginal,observed,all,record_stable,0.0,0.0,0.0,0.0,0.0,0.0,0.0,0.0,0.0,0.0,0.0,0.0,0.0,0.0,0.0,0.0,0.0,0.0,carry_minus_ewma
42,magnitude2,regime_marginal,observed,all,stable,0.0,0.0,0.0,0.0,0.0,0.0,0.0,0.0,0.0,0.0,0.0,0.0,0.0,0.0,0.0,0.0,0.0,0.0,carry_minus_ewma
42,magnitude2,regime_marginal,observed,transit_rough,all,0.0,0.0,0.0,0.0,0.0,0.0,0.0,0.0,0.0,0.0,0.0,0.0,0.0,0.0,0.0,0.0,0.0,0.0,carry_minus_ewma
42,magnitude2,regime_marginal,observed,transit_rough,record_stable,0.0,0.0,0.0,0.0,0.0,0.0,0.0,0.0,0.0,0.0,0.0,0.0,0.0,0.0,0.0,0.0,0.0,0.0,carry_minus_ewma
42,magnitude2,regime_marginal,observed,transit_rough,stable,0.0,0.0,0.0,0.0,0.0,0.0,0.0,0.0,0.0,0.0,0.0,0.0,0.0,0.0,0.0,0.0,0.0,0.0,carry_minus_ewma
42,magnitude2,regime_marginal,observed,transit_smooth,all,0.0,0.0,0.0,0.0,0.0,0.0,0.0,0.0,0.0,0.0,0.0,0.0,0.0,0.0,0.0,0.0,0.0,0.0,carry_minus_ewma
42,magnitude2,regime_marginal,observed,transit_smooth,record_stable,0.0,0.0,0.0,0.0,0.0,0.0,0.0,0.0,0.0,0.0,0.0,0.0,0.0,0.0,0.0,0.0,0.0,0.0,carry_minus_ewma
42,magnitude2,regime_marginal,observed,transit_smooth,stable,0.0,0.0,0.0,0.0,0.0,0.0,0.0,0.0,0.0,0.0,0.0,0.0,0.0,0.0,0.0,0.0,0.0,0.0,carry_minus_ewma
42,magnitude2,regime_marginal,observed,warehouse,all,0.0,0.0,0.0,0.0,0.0,0.0,0.0,0.0,0.0,0.0,0.0,0.0,0.0,0.0,0.0,0.0,0.0,0.0,carry_minus_ewma
42,magnitude2,regime_marginal,observed,warehouse,record_stable,0.0,0.0,0.0,0.0,0.0,0.0,0.0,0.0,0.0,0.0,0.0,0.0,0.0,0.0,0.0,0.0,0.0,0.0,carry_minus_ewma
42,magnitude2,regime_marginal,observed,warehouse,stable,0.0,0.0,0.0,0.0,0.0,0.0,0.0,0.0,0.0,0.0,0.0,0.0,0.0,0.0,0.0,0.0,0.0,0.0,carry_minus_ewma
42,magnitude4,regime_conditional,clean,all,all,0.0,,0.0,,0.0,,,,,,0.0,0.0,0.0,0.0,0.0,,0.0,,carry_minus_ewma
42,magnitude4,regime_conditional,clean,all,record_stable,0.0,,0.0,,0.0,,,,,,0.0,0.0,0.0,0.0,0.0,,0.0,,carry_minus_ewma
42,magnitude4,regime_conditional,clean,all,stable,0.0,,0.0,,0.0,,,,,,0.0,0.0,0.0,0.0,0.0,,0.0,,carry_minus_ewma
42,magnitude4,regime_conditional,clean,transit_rough,all,0.0,,0.0,,0.0,,,,,,0.0,0.0,0.0,0.0,0.0,,0.0,,carry_minus_ewma
42,magnitude4,regime_conditional,clean,transit_rough,record_stable,0.0,,0.0,,0.0,,,,,,0.0,0.0,0.0,0.0,0.0,,0.0,,carry_minus_ewma
42,magnitude4,regime_conditional,clean,transit_rough,stable,0.0,,0.0,,0.0,,,,,,0.0,0.0,0.0,0.0,0.0,,0.0,,carry_minus_ewma
42,magnitude4,regime_conditional,clean,transit_smooth,all,0.0,,0.0,,0.0,,,,,,0.0,0.0,0.0,0.0,0.0,,0.0,,carry_minus_ewma
42,magnitude4,regime_conditional,clean,transit_smooth,record_stable,0.0,,0.0,,0.0,,,,,,0.0,0.0,0.0,0.0,0.0,,0.0,,carry_minus_ewma
42,magnitude4,regime_conditional,clean,transit_smooth,stable,0.0,,0.0,,0.0,,,,,,0.0,0.0,0.0,0.0,0.0,,0.0,,carry_minus_ewma
42,magnitude4,regime_conditional,clean,warehouse,all,0.0,,0.0,,0.0,,,,,,0.0,0.0,0.0,0.0,0.0,,0.0,,carry_minus_ewma
42,magnitude4,regime_conditional,clean,warehouse,record_stable,0.0,,0.0,,0.0,,,,,,0.0,0.0,0.0,0.0,0.0,,0.0,,carry_minus_ewma
42,magnitude4,regime_conditional,clean,warehouse,stable,0.0,,0.0,,0.0,,,,,,0.0,0.0,0.0,0.0,0.0,,0.0,,carry_minus_ewma
42,magnitude4,regime_conditional,observed,all,all,0.0,0.0,0.0,0.0,0.0,0.0,0.0,0.0,0.0,0.0,0.0,0.0,0.0,0.0,0.0,0.0,0.0,0.0,carry_minus_ewma
42,magnitude4,regime_conditional,observed,all,record_stable,0.0,0.0,0.0,0.0,0.0,0.0,0.0,0.0,0.0,0.0,0.0,0.0,0.0,0.0,0.0,0.0,0.0,0.0,carry_minus_ewma
42,magnitude4,regime_conditional,observed,all,stable,0.0,0.0,0.0,0.0,0.0,0.0,0.0,0.0,0.0,0.0,0.0,0.0,0.0,0.0,0.0,0.0,0.0,0.0,carry_minus_ewma
42,magnitude4,regime_conditional,observed,transit_rough,all,0.0,0.0,0.0,0.0,0.0,0.0,0.0,0.0,0.0,0.0,0.0,0.0,0.0,0.0,0.0,0.0,0.0,0.0,carry_minus_ewma
42,magnitude4,regime_conditional,observed,transit_rough,record_stable,0.0,0.0,0.0,0.0,0.0,0.0,0.0,0.0,0.0,0.0,0.0,0.0,0.0,0.0,0.0,0.0,0.0,0.0,carry_minus_ewma
42,magnitude4,regime_conditional,observed,transit_rough,stable,0.0,0.0,0.0,0.0,0.0,0.0,0.0,0.0,0.0,0.0,0.0,0.0,0.0,0.0,0.0,0.0,0.0,0.0,carry_minus_ewma
42,magnitude4,regime_conditional,observed,transit_smooth,all,0.0,0.0,0.0,0.0,0.0,0.0,0.0,0.0,0.0,0.0,0.0,0.0,0.0,0.0,0.0,0.0,0.0,0.0,carry_minus_ewma
42,magnitude4,regime_conditional,observed,transit_smooth,record_stable,0.0,0.0,0.0,0.0,0.0,0.0,0.0,0.0,0.0,0.0,0.0,0.0,0.0,0.0,0.0,0.0,0.0,0.0,carry_minus_ewma
42,magnitude4,regime_conditional,observed,transit_smooth,stable,0.0,0.0,0.0,0.0,0.0,0.0,0.0,0.0,0.0,0.0,0.0,0.0,0.0,0.0,0.0,0.0,0.0,0.0,carry_minus_ewma
42,magnitude4,regime_conditional,observed,warehouse,all,0.0,0.0,0.0,0.0,0.0,0.0,0.0,0.0,0.0,0.0,0.0,0.0,0.0,0.0,0.0,0.0,0.0,0.0,carry_minus_ewma
42,magnitude4,regime_conditional,observed,warehouse,record_stable,0.0,0.0,0.0,0.0,0.0,0.0,0.0,0.0,0.0,0.0,0.0,0.0,0.0,0.0,0.0,0.0,0.0,0.0,carry_minus_ewma
42,magnitude4,regime_conditional,observed,warehouse,stable,0.0,0.0,0.0,0.0,0.0,0.0,0.0,0.0,0.0,0.0,0.0,0.0,0.0,0.0,0.0,0.0,0.0,0.0,carry_minus_ewma
42,magnitude4,regime_marginal,clean,all,all,0.0,,0.0,,0.0,,,,,,0.0,0.0,0.0,0.0,0.0,,0.0,,carry_minus_ewma
42,magnitude4,regime_marginal,clean,all,record_stable,0.0,,0.0,,0.0,,,,,,0.0,0.0,0.0,0.0,0.0,,0.0,,carry_minus_ewma
42,magnitude4,regime_marginal,clean,all,stable,0.0,,0.0,,0.0,,,,,,0.0,0.0,0.0,0.0,0.0,,0.0,,carry_minus_ewma
42,magnitude4,regime_marginal,clean,transit_rough,all,0.0,,0.0,,0.0,,,,,,0.0,0.0,0.0,0.0,0.0,,0.0,,carry_minus_ewma
42,magnitude4,regime_marginal,clean,transit_rough,record_stable,0.0,,0.0,,0.0,,,,,,0.0,0.0,0.0,0.0,0.0,,0.0,,carry_minus_ewma
42,magnitude4,regime_marginal,clean,transit_rough,stable,0.0,,0.0,,0.0,,,,,,0.0,0.0,0.0,0.0,0.0,,0.0,,carry_minus_ewma
42,magnitude4,regime_marginal,clean,transit_smooth,all,0.0,,0.0,,0.0,,,,,,0.0,0.0,0.0,0.0,0.0,,0.0,,carry_minus_ewma
42,magnitude4,regime_marginal,clean,transit_smooth,record_stable,0.0,,0.0,,0.0,,,,,,0.0,0.0,0.0,0.0,0.0,,0.0,,carry_minus_ewma
42,magnitude4,regime_marginal,clean,transit_smooth,stable,0.0,,0.0,,0.0,,,,,,0.0,0.0,0.0,0.0,0.0,,0.0,,carry_minus_ewma
42,magnitude4,regime_marginal,clean,warehouse,all,0.0,,0.0,,0.0,,,,,,0.0,0.0,0.0,0.0,0.0,,0.0,,carry_minus_ewma
42,magnitude4,regime_marginal,clean,warehouse,record_stable,0.0,,0.0,,0.0,,,,,,0.0,0.0,0.0,0.0,0.0,,0.0,,carry_minus_ewma
42,magnitude4,regime_marginal,clean,warehouse,stable,0.0,,0.0,,0.0,,,,,,0.0,0.0,0.0,0.0,0.0,,0.0,,carry_minus_ewma
42,magnitude4,regime_marginal,observed,all,all,0.0,0.0,0.0,0.0,0.0,0.0,0.0,0.0,0.0,0.0,0.0,0.0,0.0,0.0,0.0,0.0,0.0,0.0,carry_minus_ewma
42,magnitude4,regime_marginal,observed,all,record_stable,0.0,0.0,0.0,0.0,0.0,0.0,0.0,0.0,0.0,0.0,0.0,0.0,0.0,0.0,0.0,0.0,0.0,0.0,carry_minus_ewma
42,magnitude4,regime_marginal,observed,all,stable,0.0,0.0,0.0,0.0,0.0,0.0,0.0,0.0,0.0,0.0,0.0,0.0,0.0,0.0,0.0,0.0,0.0,0.0,carry_minus_ewma
42,magnitude4,regime_marginal,observed,transit_rough,all,0.0,0.0,0.0,0.0,0.0,0.0,0.0,0.0,0.0,0.0,0.0,0.0,0.0,0.0,0.0,0.0,0.0,0.0,carry_minus_ewma
42,magnitude4,regime_marginal,observed,transit_rough,record_stable,0.0,0.0,0.0,0.0,0.0,0.0,0.0,0.0,0.0,0.0,0.0,0.0,0.0,0.0,0.0,0.0,0.0,0.0,carry_minus_ewma
42,magnitude4,regime_marginal,observed,transit_rough,stable,0.0,0.0,0.0,0.0,0.0,0.0,0.0,0.0,0.0,0.0,0.0,0.0,0.0,0.0,0.0,0.0,0.0,0.0,carry_minus_ewma
42,magnitude4,regime_marginal,observed,transit_smooth,all,0.0,0.0,0.0,0.0,0.0,0.0,0.0,0.0,0.0,0.0,0.0,0.0,0.0,0.0,0.0,0.0,0.0,0.0,carry_minus_ewma
42,magnitude4,regime_marginal,observed,transit_smooth,record_stable,0.0,0.0,0.0,0.0,0.0,0.0,0.0,0.0,0.0,0.0,0.0,0.0,0.0,0.0,0.0,0.0,0.0,0.0,carry_minus_ewma
42,magnitude4,regime_marginal,observed,transit_smooth,stable,0.0,0.0,0.0,0.0,0.0,0.0,0.0,0.0,0.0,0.0,0.0,0.0,0.0,0.0,0.0,0.0,0.0,0.0,carry_minus_ewma
42,magnitude4,regime_marginal,observed,warehouse,all,0.0,0.0,0.0,0.0,0.0,0.0,0.0,0.0,0.0,0.0,0.0,0.0,0.0,0.0,0.0,0.0,0.0,0.0,carry_minus_ewma
42,magnitude4,regime_marginal,observed,warehouse,record_stable,0.0,0.0,0.0,0.0,0.0,0.0,0.0,0.0,0.0,0.0,0.0,0.0,0.0,0.0,0.0,0.0,0.0,0.0,carry_minus_ewma
42,magnitude4,regime_marginal,observed,warehouse,stable,0.0,0.0,0.0,0.0,0.0,0.0,0.0,0.0,0.0,0.0,0.0,0.0,0.0,0.0,0.0,0.0,0.0,0.0,carry_minus_ewma
42,steady_d12_n2_m1,regime_conditional,clean,all,all,0.0,,0.0,,0.0,,,,,,0.0,0.0,0.0,0.0,0.0,,0.0,,carry_minus_ewma
42,steady_d12_n2_m1,regime_conditional,clean,all,record_stable,0.0,,0.0,,0.0,,,,,,0.0,0.0,0.0,0.0,0.0,,0.0,,carry_minus_ewma
42,steady_d12_n2_m1,regime_conditional,clean,all,stable,0.0,,0.0,,0.0,,,,,,0.0,0.0,0.0,0.0,0.0,,0.0,,carry_minus_ewma
42,steady_d12_n2_m1,regime_conditional,clean,transit_rough,all,0.0,,0.0,,0.0,,,,,,0.0,0.0,0.0,0.0,0.0,,0.0,,carry_minus_ewma
42,steady_d12_n2_m1,regime_conditional,clean,transit_rough,record_stable,0.0,,0.0,,0.0,,,,,,0.0,0.0,0.0,0.0,0.0,,0.0,,carry_minus_ewma
42,steady_d12_n2_m1,regime_conditional,clean,transit_rough,stable,0.0,,0.0,,0.0,,,,,,0.0,0.0,0.0,0.0,0.0,,0.0,,carry_minus_ewma
42,steady_d12_n2_m1,regime_conditional,clean,transit_smooth,all,0.0,,0.0,,0.0,,,,,,0.0,0.0,0.0,0.0,0.0,,0.0,,carry_minus_ewma
42,steady_d12_n2_m1,regime_conditional,clean,transit_smooth,record_stable,0.0,,0.0,,0.0,,,,,,0.0,0.0,0.0,0.0,0.0,,0.0,,carry_minus_ewma
42,steady_d12_n2_m1,regime_conditional,clean,transit_smooth,stable,0.0,,0.0,,0.0,,,,,,0.0,0.0,0.0,0.0,0.0,,0.0,,carry_minus_ewma
42,steady_d12_n2_m1,regime_conditional,clean,warehouse,all,0.0,,0.0,,0.0,,,,,,0.0,0.0,0.0,0.0,0.0,,0.0,,carry_minus_ewma
42,steady_d12_n2_m1,regime_conditional,clean,warehouse,record_stable,0.0,,0.0,,0.0,,,,,,0.0,0.0,0.0,0.0,0.0,,0.0,,carry_minus_ewma
42,steady_d12_n2_m1,regime_conditional,clean,warehouse,stable,0.0,,0.0,,0.0,,,,,,0.0,0.0,0.0,0.0,0.0,,0.0,,carry_minus_ewma
42,steady_d12_n2_m1,regime_conditional,observed,all,all,0.0,0.0,0.0,0.0,0.0,0.0,0.0,0.0,0.0,0.0,0.0,0.0,0.0,0.0,0.0,0.0,0.0,0.0,carry_minus_ewma
42,steady_d12_n2_m1,regime_conditional,observed,all,record_stable,0.0,0.0,0.0,0.0,0.0,0.0,0.0,0.0,0.0,0.0,0.0,0.0,0.0,0.0,0.0,0.0,0.0,0.0,carry_minus_ewma
42,steady_d12_n2_m1,regime_conditional,observed,all,stable,0.0,0.0,0.0,0.0,0.0,0.0,0.0,0.0,0.0,0.0,0.0,0.0,0.0,0.0,0.0,0.0,0.0,0.0,carry_minus_ewma
42,steady_d12_n2_m1,regime_conditional,observed,transit_rough,all,0.0,0.0,0.0,0.0,0.0,0.0,0.0,0.0,0.0,0.0,0.0,0.0,0.0,0.0,0.0,0.0,0.0,0.0,carry_minus_ewma
42,steady_d12_n2_m1,regime_conditional,observed,transit_rough,record_stable,0.0,0.0,0.0,0.0,0.0,0.0,0.0,0.0,0.0,0.0,0.0,0.0,0.0,0.0,0.0,0.0,0.0,0.0,carry_minus_ewma
42,steady_d12_n2_m1,regime_conditional,observed,transit_rough,stable,0.0,0.0,0.0,0.0,0.0,0.0,0.0,0.0,0.0,0.0,0.0,0.0,0.0,0.0,0.0,0.0,0.0,0.0,carry_minus_ewma
42,steady_d12_n2_m1,regime_conditional,observed,transit_smooth,all,0.0,0.0,0.0,0.0,0.0,0.0,0.0,0.0,0.0,0.0,0.0,0.0,0.0,0.0,0.0,0.0,0.0,0.0,carry_minus_ewma
42,steady_d12_n2_m1,regime_conditional,observed,transit_smooth,record_stable,0.0,0.0,0.0,0.0,0.0,0.0,0.0,0.0,0.0,0.0,0.0,0.0,0.0,0.0,0.0,0.0,0.0,0.0,carry_minus_ewma
42,steady_d12_n2_m1,regime_conditional,observed,transit_smooth,stable,0.0,0.0,0.0,0.0,0.0,0.0,0.0,0.0,0.0,0.0,0.0,0.0,0.0,0.0,0.0,0.0,0.0,0.0,carry_minus_ewma
42,steady_d12_n2_m1,regime_conditional,observed,warehouse,all,0.0,0.0,0.0,0.0,0.0,0.0,0.0,0.0,0.0,0.0,0.0,0.0,0.0,0.0,0.0,0.0,0.0,0.0,carry_minus_ewma
42,steady_d12_n2_m1,regime_conditional,observed,warehouse,record_stable,0.0,0.0,0.0,0.0,0.0,0.0,0.0,0.0,0.0,0.0,0.0,0.0,0.0,0.0,0.0,0.0,0.0,0.0,carry_minus_ewma
42,steady_d12_n2_m1,regime_conditional,observed,warehouse,stable,0.0,0.0,0.0,0.0,0.0,0.0,0.0,0.0,0.0,0.0,0.0,0.0,0.0,0.0,0.0,0.0,0.0,0.0,carry_minus_ewma
42,steady_d12_n2_m1,regime_marginal,clean,all,all,0.0,,0.0,,0.0,,,,,,0.0,0.0,0.0,0.0,0.0,,0.0,,carry_minus_ewma
42,steady_d12_n2_m1,regime_marginal,clean,all,record_stable,0.0,,0.0,,0.0,,,,,,0.0,0.0,0.0,0.0,0.0,,0.0,,carry_minus_ewma
42,steady_d12_n2_m1,regime_marginal,clean,all,stable,0.0,,0.0,,0.0,,,,,,0.0,0.0,0.0,0.0,0.0,,0.0,,carry_minus_ewma
42,steady_d12_n2_m1,regime_marginal,clean,transit_rough,all,0.0,,0.0,,0.0,,,,,,0.0,0.0,0.0,0.0,0.0,,0.0,,carry_minus_ewma
42,steady_d12_n2_m1,regime_marginal,clean,transit_rough,record_stable,0.0,,0.0,,0.0,,,,,,0.0,0.0,0.0,0.0,0.0,,0.0,,carry_minus_ewma
42,steady_d12_n2_m1,regime_marginal,clean,transit_rough,stable,0.0,,0.0,,0.0,,,,,,0.0,0.0,0.0,0.0,0.0,,0.0,,carry_minus_ewma
42,steady_d12_n2_m1,regime_marginal,clean,transit_smooth,all,0.0,,0.0,,0.0,,,,,,0.0,0.0,0.0,0.0,0.0,,0.0,,carry_minus_ewma
42,steady_d12_n2_m1,regime_marginal,clean,transit_smooth,record_stable,0.0,,0.0,,0.0,,,,,,0.0,0.0,0.0,0.0,0.0,,0.0,,carry_minus_ewma
42,steady_d12_n2_m1,regime_marginal,clean,transit_smooth,stable,0.0,,0.0,,0.0,,,,,,0.0,0.0,0.0,0.0,0.0,,0.0,,carry_minus_ewma
42,steady_d12_n2_m1,regime_marginal,clean,warehouse,all,0.0,,0.0,,0.0,,,,,,0.0,0.0,0.0,0.0,0.0,,0.0,,carry_minus_ewma
42,steady_d12_n2_m1,regime_marginal,clean,warehouse,record_stable,0.0,,0.0,,0.0,,,,,,0.0,0.0,0.0,0.0,0.0,,0.0,,carry_minus_ewma
42,steady_d12_n2_m1,regime_marginal,clean,warehouse,stable,0.0,,0.0,,0.0,,,,,,0.0,0.0,0.0,0.0,0.0,,0.0,,carry_minus_ewma
42,steady_d12_n2_m1,regime_marginal,observed,all,all,0.0,0.0,0.0,0.0,0.0,0.0,0.0,0.0,0.0,0.0,0.0,0.0,0.0,0.0,0.0,0.0,0.0,0.0,carry_minus_ewma
42,steady_d12_n2_m1,regime_marginal,observed,all,record_stable,0.0,0.0,0.0,0.0,0.0,0.0,0.0,0.0,0.0,0.0,0.0,0.0,0.0,0.0,0.0,0.0,0.0,0.0,carry_minus_ewma
42,steady_d12_n2_m1,regime_marginal,observed,all,stable,0.0,0.0,0.0,0.0,0.0,0.0,0.0,0.0,0.0,0.0,0.0,0.0,0.0,0.0,0.0,0.0,0.0,0.0,carry_minus_ewma
42,steady_d12_n2_m1,regime_marginal,observed,transit_rough,all,0.0,0.0,0.0,0.0,0.0,0.0,0.0,0.0,0.0,0.0,0.0,0.0,0.0,0.0,0.0,0.0,0.0,0.0,carry_minus_ewma
42,steady_d12_n2_m1,regime_marginal,observed,transit_rough,record_stable,0.0,0.0,0.0,0.0,0.0,0.0,0.0,0.0,0.0,0.0,0.0,0.0,0.0,0.0,0.0,0.0,0.0,0.0,carry_minus_ewma
42,steady_d12_n2_m1,regime_marginal,observed,transit_rough,stable,0.0,0.0,0.0,0.0,0.0,0.0,0.0,0.0,0.0,0.0,0.0,0.0,0.0,0.0,0.0,0.0,0.0,0.0,carry_minus_ewma
42,steady_d12_n2_m1,regime_marginal,observed,transit_smooth,all,0.0,0.0,0.0,0.0,0.0,0.0,0.0,0.0,0.0,0.0,0.0,0.0,0.0,0.0,0.0,0.0,0.0,0.0,carry_minus_ewma
42,steady_d12_n2_m1,regime_marginal,observed,transit_smooth,record_stable,0.0,0.0,0.0,0.0,0.0,0.0,0.0,0.0,0.0,0.0,0.0,0.0,0.0,0.0,0.0,0.0,0.0,0.0,carry_minus_ewma
42,steady_d12_n2_m1,regime_marginal,observed,transit_smooth,stable,0.0,0.0,0.0,0.0,0.0,0.0,0.0,0.0,0.0,0.0,0.0,0.0,0.0,0.0,0.0,0.0,0.0,0.0,carry_minus_ewma
42,steady_d12_n2_m1,regime_marginal,observed,warehouse,all,0.0,0.0,0.0,0.0,0.0,0.0,0.0,0.0,0.0,0.0,0.0,0.0,0.0,0.0,0.0,0.0,0.0,0.0,carry_minus_ewma
42,steady_d12_n2_m1,regime_marginal,observed,warehouse,record_stable,0.0,0.0,0.0,0.0,0.0,0.0,0.0,0.0,0.0,0.0,0.0,0.0,0.0,0.0,0.0,0.0,0.0,0.0,carry_minus_ewma
42,steady_d12_n2_m1,regime_marginal,observed,warehouse,stable,0.0,0.0,0.0,0.0,0.0,0.0,0.0,0.0,0.0,0.0,0.0,0.0,0.0,0.0,0.0,0.0,0.0,0.0,carry_minus_ewma
42,switch_after6,regime_conditional,clean,all,all,0.0,,0.0,,0.0016975308641975304,,,,,,0.0,0.0,0.0,0.0,0.0,,0.0,,carry_minus_ewma
42,switch_after6,regime_conditional,clean,all,record_stable,0.0,,0.0,,0.0,,,,,,0.0,0.0,0.0,0.0,0.0,,0.0,,carry_minus_ewma
42,switch_after6,regime_conditional,clean,all,record_transition,0.0,,0.0,,0.01273148148148148,,,,,,0.0,,0.0,0.0,0.0,,0.0,,carry_minus_ewma
42,switch_after6,regime_conditional,clean,all,stable,0.0,,0.0,,0.0,,,,,,0.0,0.0,0.0,0.0,0.0,,0.0,,carry_minus_ewma
42,switch_after6,regime_conditional,clean,all,transition,0.0,,0.0,,0.01273148148148148,,,,,,0.0,,0.0,0.0,0.0,,0.0,,carry_minus_ewma
42,switch_after6,regime_conditional,clean,transit_rough,all,0.0,,0.0,,0.001851851851851851,,,,,,0.0,0.0,0.9259259259259256,0.0,0.0,,0.0,,carry_minus_ewma
42,switch_after6,regime_conditional,clean,transit_rough,record_stable,0.0,,0.0,,0.0,,,,,,0.0,0.0,0.0,0.0,0.0,,0.0,,carry_minus_ewma
42,switch_after6,regime_conditional,clean,transit_rough,record_transition,0.0,,0.0,,0.013888888888888888,,,,,,0.0,,6.944444444444443,0.0,0.0,,0.0,,carry_minus_ewma
42,switch_after6,regime_conditional,clean,transit_rough,stable,0.0,,0.0,,0.0,,,,,,0.0,0.0,0.0,0.0,0.0,,0.0,,carry_minus_ewma
42,switch_after6,regime_conditional,clean,transit_rough,transition,0.0,,0.0,,0.013888888888888888,,,,,,0.0,,6.944444444444443,0.0,0.0,,0.0,,carry_minus_ewma
42,switch_after6,regime_conditional,clean,transit_smooth,all,0.0,,0.0,,0.0,,,,,,0.0,0.0,0.0,0.0,0.0,,0.0,,carry_minus_ewma
42,switch_after6,regime_conditional,clean,transit_smooth,record_stable,0.0,,0.0,,0.0,,,,,,0.0,0.0,0.0,0.0,0.0,,0.0,,carry_minus_ewma
42,switch_after6,regime_conditional,clean,transit_smooth,record_transition,,,,,0.0,,,,,,0.0,,0.0,0.0,0.0,,,,carry_minus_ewma
42,switch_after6,regime_conditional,clean,transit_smooth,stable,0.0,,0.0,,0.0,,,,,,0.0,0.0,0.0,0.0,0.0,,0.0,,carry_minus_ewma
42,switch_after6,regime_conditional,clean,transit_smooth,transition,,,,,0.0,,,,,,0.0,,0.0,0.0,0.0,,,,carry_minus_ewma
42,switch_after6,regime_conditional,clean,warehouse,all,0.0,,0.0,,0.003240740740740742,,,,,,0.0,0.0,-0.9259259259259256,0.0,0.0,,0.0,,carry_minus_ewma
42,switch_after6,regime_conditional,clean,warehouse,record_stable,0.0,,0.0,,0.0,,,,,,0.0,0.0,0.0,0.0,0.0,,0.0,,carry_minus_ewma
42,switch_after6,regime_conditional,clean,warehouse,record_transition,0.0,,0.0,,0.024305555555555556,,,,,,0.0,,-6.944444444444445,0.0,0.0,,0.0,,carry_minus_ewma
42,switch_after6,regime_conditional,clean,warehouse,stable,0.0,,0.0,,0.0,,,,,,0.0,0.0,0.0,0.0,0.0,,0.0,,carry_minus_ewma
42,switch_after6,regime_conditional,clean,warehouse,transition,0.0,,0.0,,0.024305555555555556,,,,,,0.0,,-6.944444444444445,0.0,0.0,,0.0,,carry_minus_ewma
42,switch_after6,regime_conditional,observed,all,all,-0.003447725458898654,0.006944444444444475,-0.017996034771999292,-0.005494073546768341,0.0016149870801033563,0.003472222222222217,0.01388888888888895,0.0,0.006944444444444475,0.0034722222222222654,0.0,0.0,0.16149870801033472,0.0,0.0,0.006944444444444475,-0.003447725458898654,0.0,carry_minus_ewma
42,switch_after6,regime_conditional,observed,all,record_stable,0.0,0.0,0.0,0.0014528326121020507,0.0,0.0,0.006944444444444531,0.0,0.0,0.0,0.0,0.0,0.0,0.0,0.0,0.0,0.0,0.0,carry_minus_ewma
42,switch_after6,regime_conditional,observed,all,record_transition,-0.004751674459749777,0.013888888888888895,-0.1278019404483105,-0.061586197660324915,0.013888888888888888,0.0069444444444444475,0.02083333333333337,0.0,0.013888888888888895,0.006944444444444475,0.0,,1.3888888888888875,0.0,0.0,0.013888888888888895,-0.004751674459749777,0.0,carry_minus_ewma
42,switch_after6,regime_conditional,observed,all,stable,0.0,0.0,0.0,0.0014528326121020507,0.0,0.0,0.006944444444444531,0.0,0.0,0.0,0.0,0.0,0.0,0.0,0.0,0.0,0.0,0.0,carry_minus_ewma
42,switch_after6,regime_conditional,observed,all,transition,-0.004751674459749777,0.013888888888888895,-0.1278019404483105,-0.061586197660324915,0.013888888888888888,0.0069444444444444475,0.02083333333333337,0.0,0.013888888888888895,0.006944444444444475,0.0,,1.3888888888888875,0.0,0.0,0.013888888888888895,-0.004751674459749777,0.0,carry_minus_ewma
42,switch_after6,regime_conditional,observed,transit_rough,all,0.0006455083378160142,0.010416666666666685,-0.01727218582489576,-0.009160356315690399,0.001453488372093024,0.0,0.03125,0.0,0.010416666666666685,0.0,0.0,0.0,0.9689922480620154,0.0,0.0,0.010416666666666685,0.0006455083378160142,0.0,carry_minus_ewma
42,switch_after6,regime_conditional,observed,transit_rough,record_stable,0.0,0.0,0.0,0.0010098438722149217,0.0,0.0,0.0,0.0,0.0,0.0,0.0,0.0,0.0,0.0,0.0,0.0,0.0,0.0,carry_minus_ewma
42,switch_after6,regime_conditional,observed,transit_rough,record_transition,0.002229654403567427,0.020833333333333315,-0.1204481792717087,-0.059887729731044725,0.012499999999999999,0.0,0.0625,0.0,0.020833333333333315,0.0,0.0,,8.333333333333334,0.0,0.0,0.020833333333333315,0.002229654403567427,0.0,carry_minus_ewma
42,switch_after6,regime_conditional,observed,transit_rough,stable,0.0,0.0,0.0,0.0010098438722149217,0.0,0.0,0.0,0.0,0.0,0.0,0.0,0.0,0.0,0.0,0.0,0.0,0.0,0.0,carry_minus_ewma
42,switch_after6,regime_conditional,observed,transit_rough,transition,0.002229654403567427,0.020833333333333315,-0.1204481792717087,-0.059887729731044725,0.012499999999999999,0.0,0.0625,0.0,0.020833333333333315,0.0,0.0,,8.333333333333334,0.0,0.0,0.020833333333333315,0.002229654403567427,0.0,carry_minus_ewma
42,switch_after6,regime_conditional,observed,transit_smooth,all,0.0,0.0,0.0,0.01068448295458202,0.0,0.0,0.02083333333333337,0.0,0.0,0.0,0.0,0.0,0.0,0.0,0.0,0.0,0.0,0.0,carry_minus_ewma
42,switch_after6,regime_conditional,observed,transit_smooth,record_stable,0.0,0.0,0.0,0.0031842545733744565,0.0,0.0,0.02083333333333326,0.0,0.0,0.0,0.0,0.0,0.0,0.0,0.0,0.0,0.0,0.0,carry_minus_ewma
42,switch_after6,regime_conditional,observed,transit_smooth,record_transition,0.0,0.0,0.0,-0.004466175147435303,0.0,0.0,0.02083333333333337,0.0,0.0,0.0,0.0,,0.0,0.0,0.0,0.0,0.0,0.0,carry_minus_ewma
42,switch_after6,regime_conditional,observed,transit_smooth,stable,0.0,0.0,0.0,0.0031842545733744565,0.0,0.0,0.02083333333333326,0.0,0.0,0.0,0.0,0.0,0.0,0.0,0.0,0.0,0.0,0.0,carry_minus_ewma
42,switch_after6,regime_conditional,observed,transit_smooth,transition,0.0,0.0,0.0,-0.004466175147435303,0.0,0.0,0.02083333333333337,0.0,0.0,0.0,0.0,,0.0,0.0,0.0,0.0,0.0,0.0,carry_minus_ewma
42,switch_after6,regime_conditional,observed,warehouse,all,-0.010250665172944984,0.01041666666666663,-0.0323178501100429,-0.016287256595163002,0.003391472868217057,0.010416666666666664,-0.01041666666666663,0.0,0.01041666666666663,0.01041666666666663,0.0,0.0,-0.4844961240310077,0.0,0.0,0.01041666666666663,-0.010250665172944984,0.0,carry_minus_ewma
42,switch_after6,regime_conditional,observed,warehouse,record_stable,0.0,0.0,0.0,0.001541398650470427,0.0,0.0,0.0,0.0,0.0,0.0,0.0,0.0,0.0,0.0,0.0,0.0,0.0,0.0,carry_minus_ewma
42,switch_after6,regime_conditional,observed,warehouse,record_transition,-0.00694444444444442,0.020833333333333315,-0.16666666666666669,-0.10261760879811233,0.029166666666666667,0.020833333333333336,-0.02083333333333337,0.0,0.020833333333333315,0.020833333333333343,0.0,,-4.166666666666666,0.0,0.0,0.020833333333333315,-0.00694444444444442,0.0,carry_minus_ewma
42,switch_after6,regime_conditional,observed,warehouse,stable,0.0,0.0,0.0,0.001541398650470427,0.0,0.0,0.0,0.0,0.0,0.0,0.0,0.0,0.0,0.0,0.0,0.0,0.0,0.0,carry_minus_ewma
42,switch_after6,regime_conditional,observed,warehouse,transition,-0.00694444444444442,0.020833333333333315,-0.16666666666666669,-0.10261760879811233,0.029166666666666667,0.020833333333333336,-0.02083333333333337,0.0,0.020833333333333315,0.020833333333333343,0.0,,-4.166666666666666,0.0,0.0,0.020833333333333315,-0.00694444444444442,0.0,carry_minus_ewma
42,switch_after6,regime_marginal,clean,all,all,0.0,,0.0,,0.0015432098765432098,,,,,,0.0,0.0,0.617283950617284,0.0,0.0,,0.0,,carry_minus_ewma
42,switch_after6,regime_marginal,clean,all,record_stable,0.0,,0.0,,0.0,,,,,,0.0,0.0,0.0,0.0,0.0,,0.0,,carry_minus_ewma
42,switch_after6,regime_marginal,clean,all,record_transition,0.0,,0.0,,0.011574074074074073,,,,,,0.0,,4.62962962962963,0.0,0.0,,0.0,,carry_minus_ewma
42,switch_after6,regime_marginal,clean,all,stable,0.0,,0.0,,0.0,,,,,,0.0,0.0,0.0,0.0,0.0,,0.0,,carry_minus_ewma
42,switch_after6,regime_marginal,clean,all,transition,0.0,,0.0,,0.011574074074074073,,,,,,0.0,,4.62962962962963,0.0,0.0,,0.0,,carry_minus_ewma
42,switch_after6,regime_marginal,clean,transit_rough,all,0.0,,0.0,,0.0013888888888888892,,,,,,0.0,0.0,0.925925925925926,0.0,0.0,,0.0,,carry_minus_ewma
42,switch_after6,regime_marginal,clean,transit_rough,record_stable,0.0,,0.0,,0.0,,,,,,0.0,0.0,0.0,0.0,0.0,,0.0,,carry_minus_ewma
42,switch_after6,regime_marginal,clean,transit_rough,record_transition,0.0,,0.0,,0.010416666666666666,,,,,,0.0,,6.944444444444444,0.0,0.0,,0.0,,carry_minus_ewma
42,switch_after6,regime_marginal,clean,transit_rough,stable,0.0,,0.0,,0.0,,,,,,0.0,0.0,0.0,0.0,0.0,,0.0,,carry_minus_ewma
42,switch_after6,regime_marginal,clean,transit_rough,transition,0.0,,0.0,,0.010416666666666666,,,,,,0.0,,6.944444444444444,0.0,0.0,,0.0,,carry_minus_ewma
42,switch_after6,regime_marginal,clean,transit_smooth,all,0.0,,0.0,,0.0,,,,,,0.0,0.0,0.0,0.0,0.0,,0.0,,carry_minus_ewma
42,switch_after6,regime_marginal,clean,transit_smooth,record_stable,0.0,,0.0,,0.0,,,,,,0.0,0.0,0.0,0.0,0.0,,0.0,,carry_minus_ewma
42,switch_after6,regime_marginal,clean,transit_smooth,record_transition,,,,,0.0,,,,,,0.0,,0.0,0.0,0.0,,,,carry_minus_ewma
42,switch_after6,regime_marginal,clean,transit_smooth,stable,0.0,,0.0,,0.0,,,,,,0.0,0.0,0.0,0.0,0.0,,0.0,,carry_minus_ewma
42,switch_after6,regime_marginal,clean,transit_smooth,transition,,,,,0.0,,,,,,0.0,,0.0,0.0,0.0,,,,carry_minus_ewma
42,switch_after6,regime_marginal,clean,warehouse,all,0.0,,0.0,,0.00324074074074074,,,,,,0.0,0.0,0.9259259259259256,0.0,0.0,,0.0,,carry_minus_ewma
42,switch_after6,regime_marginal,clean,warehouse,record_stable,0.0,,0.0,,0.0,,,,,,0.0,0.0,0.0,0.0,0.0,,0.0,,carry_minus_ewma
42,switch_after6,regime_marginal,clean,warehouse,record_transition,0.0,,0.0,,0.02430555555555556,,,,,,0.0,,6.944444444444444,0.0,0.0,,0.0,,carry_minus_ewma
42,switch_after6,regime_marginal,clean,warehouse,stable,0.0,,0.0,,0.0,,,,,,0.0,0.0,0.0,0.0,0.0,,0.0,,carry_minus_ewma
42,switch_after6,regime_marginal,clean,warehouse,transition,0.0,,0.0,,0.02430555555555556,,,,,,0.0,,6.944444444444444,0.0,0.0,,0.0,,carry_minus_ewma
42,switch_after6,regime_marginal,observed,all,all,0.0019365440870626194,0.0069444444444444475,-0.04828123261764372,-0.013286846017961207,0.0016149870801033589,0.0017361111111111119,0.0,0.0,0.0069444444444444475,0.0069444444444444475,0.0,0.0,0.6459948320413438,0.0,0.0,0.0069444444444444475,0.0019365440870626194,0.0,carry_minus_ewma
42,switch_after6,regime_marginal,observed,all,record_stable,-0.008034303768900908,-0.0069444444444444475,-0.007688828584350937,-0.0029352864004233425,0.0,0.0,0.00694444444444442,0.0,-0.0069444444444444475,0.0,0.0,0.0,0.0,0.0,0.0,-0.0069444444444444475,-0.008034303768900908,0.0,carry_minus_ewma
42,switch_after6,regime_marginal,observed,all,record_transition,0.017769401628861814,0.020833333333333343,-0.21818181818181825,-0.11736100027012902,0.013888888888888888,0.0034722222222222238,-0.00694444444444442,0.0,0.020833333333333343,0.013888888888888895,0.0,,5.555555555555556,0.0,0.0,0.020833333333333343,0.017769401628861814,0.0,carry_minus_ewma
42,switch_after6,regime_marginal,observed,all,stable,-0.008034303768900908,-0.0069444444444444475,-0.007688828584350937,-0.0029352864004233425,0.0,0.0,0.00694444444444442,0.0,-0.0069444444444444475,0.0,0.0,0.0,0.0,0.0,0.0,-0.0069444444444444475,-0.008034303768900908,0.0,carry_minus_ewma
42,switch_after6,regime_marginal,observed,all,transition,0.017769401628861814,0.020833333333333343,-0.21818181818181825,-0.11736100027012902,0.013888888888888888,0.0034722222222222238,-0.00694444444444442,0.0,0.020833333333333343,0.013888888888888895,0.0,,5.555555555555556,0.0,0.0,0.020833333333333343,0.017769401628861814,0.0,carry_minus_ewma
42,switch_after6,regime_marginal,observed,transit_rough,all,0.005984907624251856,0.010416666666666685,-0.0641025641025641,-0.016308719082072265,0.0014534883720930232,0.005208333333333332,0.01041666666666663,0.0,0.010416666666666685,0.0,0.0,0.0,0.9689922480620154,0.0,0.0,0.010416666666666685,0.005984907624251856,0.0,carry_minus_ewma
42,switch_after6,regime_marginal,observed,transit_rough,record_stable,0.0,0.0,0.0,-0.0030078666030316503,0.0,0.0,0.0,0.0,0.0,0.0,0.0,0.0,0.0,0.0,0.0,0.0,0.0,0.0,carry_minus_ewma
42,switch_after6,regime_marginal,observed,transit_rough,record_transition,0.012235817575083408,0.020833333333333343,-0.18571428571428572,-0.0995390645735269,0.0125,0.010416666666666666,0.02083333333333326,0.0,0.020833333333333343,0.0,0.0,,8.333333333333332,0.0,0.0,0.020833333333333343,0.012235817575083408,0.0,carry_minus_ewma
42,switch_after6,regime_marginal,observed,transit_rough,stable,0.0,0.0,0.0,-0.0030078666030316503,0.0,0.0,0.0,0.0,0.0,0.0,0.0,0.0,0.0,0.0,0.0,0.0,0.0,0.0,carry_minus_ewma
42,switch_after6,regime_marginal,observed,transit_rough,transition,0.012235817575083408,0.020833333333333343,-0.18571428571428572,-0.0995390645735269,0.0125,0.010416666666666666,0.02083333333333326,0.0,0.020833333333333343,0.0,0.0,,8.333333333333332,0.0,0.0,0.020833333333333343,0.012235817575083408,0.0,carry_minus_ewma
42,switch_after6,regime_marginal,observed,transit_smooth,all,0.03246753246753245,0.02083333333333333,0.0357142857142857,0.01753191491620465,0.0,0.0,-0.01041666666666674,0.0,0.02083333333333333,0.02083333333333333,0.0,0.0,0.0,0.0,0.0,0.02083333333333333,0.03246753246753245,0.0,carry_minus_ewma
42,switch_after6,regime_marginal,observed,transit_smooth,record_stable,0.0,0.0,0.0,0.005534922195034403,0.0,0.0,0.0,0.0,0.0,0.0,0.0,0.0,0.0,0.0,0.0,0.0,0.0,0.0,carry_minus_ewma
42,switch_after6,regime_marginal,observed,transit_smooth,record_transition,0.06586620926243564,0.04166666666666667,0.0,-0.04221833186460111,0.0,0.0,-0.02083333333333326,0.0,0.04166666666666667,0.04166666666666667,0.0,,0.0,0.0,0.0,0.04166666666666667,0.06586620926243564,0.0,carry_minus_ewma
42,switch_after6,regime_marginal,observed,transit_smooth,stable,0.0,0.0,0.0,0.005534922195034403,0.0,0.0,0.0,0.0,0.0,0.0,0.0,0.0,0.0,0.0,0.0,0.0,0.0,0.0,carry_minus_ewma
42,switch_after6,regime_marginal,observed,transit_smooth,transition,0.06586620926243564,0.04166666666666667,0.0,-0.04221833186460111,0.0,0.0,-0.02083333333333326,0.0,0.04166666666666667,0.04166666666666667,0.0,,0.0,0.0,0.0,0.04166666666666667,0.06586620926243564,0.0,carry_minus_ewma
42,switch_after6,regime_marginal,observed,warehouse,all,-0.025302580497830574,-0.010416666666666657,-0.06716141001855286,-0.025666381158230445,0.003391472868217055,0.0,0.0,0.0,-0.010416666666666657,0.0,0.0,0.0,0.9689922480620154,0.0,0.0,-0.010416666666666657,-0.025302580497830574,0.0,carry_minus_ewma
42,switch_after6,regime_marginal,observed,warehouse,record_stable,-0.017977528089887673,-0.020833333333333315,-0.013937282229965153,-0.007201429250419222,0.0,0.0,0.02083333333333326,0.0,-0.020833333333333315,0.0,0.0,0.0,0.0,0.0,0.0,-0.020833333333333315,-0.017977528089887673,0.0,carry_minus_ewma
42,switch_after6,regime_marginal,observed,warehouse,record_transition,-0.016422287390029322,0.0,-0.2857142857142857,-0.1244833522607163,0.029166666666666664,0.0,-0.02083333333333337,0.0,0.0,0.0,0.0,,8.333333333333332,0.0,0.0,0.0,-0.016422287390029322,0.0,carry_minus_ewma
42,switch_after6,regime_marginal,observed,warehouse,stable,-0.017977528089887673,-0.020833333333333315,-0.013937282229965153,-0.007201429250419222,0.0,0.0,0.02083333333333326,0.0,-0.020833333333333315,0.0,0.0,0.0,0.0,0.0,0.0,-0.020833333333333315,-0.017977528089887673,0.0,carry_minus_ewma
42,switch_after6,regime_marginal,observed,warehouse,transition,-0.016422287390029322,0.0,-0.2857142857142857,-0.1244833522607163,0.029166666666666664,0.0,-0.02083333333333337,0.0,0.0,0.0,0.0,,8.333333333333332,0.0,0.0,0.0,-0.016422287390029322,0.0,carry_minus_ewma
42,switch_at,regime_conditional,clean,all,all,0.0,,0.0,,0.0016975308641975304,,,,,,0.0,0.0,0.0,0.0,0.0,,0.0,,carry_minus_ewma
42,switch_at,regime_conditional,clean,all,record_stable,0.0,,0.0,,0.0,,,,,,0.0,0.0,0.0,0.0,0.0,,0.0,,carry_minus_ewma
42,switch_at,regime_conditional,clean,all,record_transition,0.0,,0.0,,0.01273148148148148,,,,,,0.0,,0.0,0.0,0.0,,0.0,,carry_minus_ewma
42,switch_at,regime_conditional,clean,all,stable,0.0,,0.0,,0.0,,,,,,0.0,0.0,0.0,0.0,0.0,,0.0,,carry_minus_ewma
42,switch_at,regime_conditional,clean,all,transition,0.0,,0.0,,0.01273148148148148,,,,,,0.0,,0.0,0.0,0.0,,0.0,,carry_minus_ewma
42,switch_at,regime_conditional,clean,transit_rough,all,0.0,,0.0,,0.001851851851851851,,,,,,0.0,0.0,0.9259259259259256,0.0,0.0,,0.0,,carry_minus_ewma
42,switch_at,regime_conditional,clean,transit_rough,record_stable,0.0,,0.0,,0.0,,,,,,0.0,0.0,0.0,0.0,0.0,,0.0,,carry_minus_ewma
42,switch_at,regime_conditional,clean,transit_rough,record_transition,0.0,,0.0,,0.013888888888888888,,,,,,0.0,,6.944444444444443,0.0,0.0,,0.0,,carry_minus_ewma
42,switch_at,regime_conditional,clean,transit_rough,stable,0.0,,0.0,,0.0,,,,,,0.0,0.0,0.0,0.0,0.0,,0.0,,carry_minus_ewma
42,switch_at,regime_conditional,clean,transit_rough,transition,0.0,,0.0,,0.013888888888888888,,,,,,0.0,,6.944444444444443,0.0,0.0,,0.0,,carry_minus_ewma
42,switch_at,regime_conditional,clean,transit_smooth,all,0.0,,0.0,,0.0,,,,,,0.0,0.0,0.0,0.0,0.0,,0.0,,carry_minus_ewma
42,switch_at,regime_conditional,clean,transit_smooth,record_stable,0.0,,0.0,,0.0,,,,,,0.0,0.0,0.0,0.0,0.0,,0.0,,carry_minus_ewma
42,switch_at,regime_conditional,clean,transit_smooth,record_transition,,,,,0.0,,,,,,0.0,,0.0,0.0,0.0,,,,carry_minus_ewma
42,switch_at,regime_conditional,clean,transit_smooth,stable,0.0,,0.0,,0.0,,,,,,0.0,0.0,0.0,0.0,0.0,,0.0,,carry_minus_ewma
42,switch_at,regime_conditional,clean,transit_smooth,transition,,,,,0.0,,,,,,0.0,,0.0,0.0,0.0,,,,carry_minus_ewma
42,switch_at,regime_conditional,clean,warehouse,all,0.0,,0.0,,0.003240740740740742,,,,,,0.0,0.0,-0.9259259259259256,0.0,0.0,,0.0,,carry_minus_ewma
42,switch_at,regime_conditional,clean,warehouse,record_stable,0.0,,0.0,,0.0,,,,,,0.0,0.0,0.0,0.0,0.0,,0.0,,carry_minus_ewma
42,switch_at,regime_conditional,clean,warehouse,record_transition,0.0,,0.0,,0.024305555555555556,,,,,,0.0,,-6.944444444444445,0.0,0.0,,0.0,,carry_minus_ewma
42,switch_at,regime_conditional,clean,warehouse,stable,0.0,,0.0,,0.0,,,,,,0.0,0.0,0.0,0.0,0.0,,0.0,,carry_minus_ewma
42,switch_at,regime_conditional,clean,warehouse,transition,0.0,,0.0,,0.024305555555555556,,,,,,0.0,,-6.944444444444445,0.0,0.0,,0.0,,carry_minus_ewma
42,switch_at,regime_conditional,observed,all,all,0.02591005029552934,0.03472222222222221,0.010107721735628683,0.013669780263768028,0.0009689922480620172,0.015625000000000003,-0.0625,0.0,0.03472222222222221,0.03125,0.0,-0.006944444444444434,0.1614987080103365,0.0,0.0,0.03472222222222221,0.02591005029552934,0.0,carry_minus_ewma
42,switch_at,regime_conditional,observed,all,record_stable,0.0,,0.0,,-0.0005341880341880358,,,,,,0.0,-0.006944444444444434,0.0,0.0,0.0,,0.0,,carry_minus_ewma
42,switch_at,regime_conditional,observed,all,record_transition,0.02437877059494542,0.03472222222222221,-0.052368591823491295,-0.02546760329368547,0.015625000000000003,0.015625000000000003,-0.0625,0.0,0.03472222222222221,0.03125,0.0,,1.7361111111111107,0.0,0.0,0.03472222222222221,0.02437877059494542,0.0,carry_minus_ewma
42,switch_at,regime_conditional,observed,all,stable,0.0,,0.0,,-0.0005341880341880358,,,,,,0.0,-0.006944444444444434,0.0,0.0,0.0,,0.0,,carry_minus_ewma
42,switch_at,regime_conditional,observed,all,transition,0.02437877059494542,0.03472222222222221,-0.052368591823491295,-0.02546760329368547,0.015625000000000003,0.015625000000000003,-0.0625,0.0,0.03472222222222221,0.03125,0.0,,1.7361111111111107,0.0,0.0,0.03472222222222221,0.02437877059494542,0.0,carry_minus_ewma
42,switch_at,regime_conditional,observed,transit_rough,all,0.028956228956228958,0.03125,0.021739130434782594,0.011338473003895677,0.0,0.005208333333333334,-0.05208333333333337,0.0,0.03125,0.020833333333333315,0.0,-0.010416666666666657,0.9689922480620154,0.0,0.0,0.03125,0.028956228956228958,0.0,carry_minus_ewma
42,switch_at,regime_conditional,observed,transit_rough,record_stable,0.0,,0.0,,-0.0005341880341880358,,,,,,0.0,-0.010416666666666657,0.5341880341880341,0.0,0.0,,0.0,,carry_minus_ewma
42,switch_at,regime_conditional,observed,transit_rough,record_transition,0.029516539440203604,0.03125,-0.01978021978021971,-0.03008716343786344,0.005208333333333334,0.005208333333333334,-0.05208333333333337,0.0,0.03125,0.020833333333333315,0.0,,5.208333333333334,0.0,0.0,0.03125,0.029516539440203604,0.0,carry_minus_ewma
42,switch_at,regime_conditional,observed,transit_rough,stable,0.0,,0.0,,-0.0005341880341880358,,,,,,0.0,-0.010416666666666657,0.5341880341880341,0.0,0.0,,0.0,,carry_minus_ewma
42,switch_at,regime_conditional,observed,transit_rough,transition,0.029516539440203604,0.03125,-0.01978021978021971,-0.03008716343786344,0.005208333333333334,0.005208333333333334,-0.05208333333333337,0.0,0.03125,0.020833333333333315,0.0,,5.208333333333334,0.0,0.0,0.03125,0.029516539440203604,0.0,carry_minus_ewma
42,switch_at,regime_conditional,observed,transit_smooth,all,0.05200845665961945,0.0625,0.03089244851258588,0.03247615860211589,0.0004844961240310086,0.010416666666666668,-0.03125,0.0,0.0625,0.0625,0.0,0.0,-0.4844961240310077,0.0,0.0,0.0625,0.05200845665961945,0.0,carry_minus_ewma
42,switch_at,regime_conditional,observed,transit_smooth,record_stable,0.0,,0.0,,-0.0005341880341880323,,,,,,0.0,0.0,-1.0683760683760681,0.0,0.0,,0.0,,carry_minus_ewma
42,switch_at,regime_conditional,observed,transit_smooth,record_transition,0.05407925407925407,0.0625,-0.029459901800327426,0.01345893651537966,0.010416666666666668,0.010416666666666668,-0.03125,0.0,0.0625,0.0625,0.0,,5.208333333333334,0.0,0.0,0.0625,0.05407925407925407,0.0,carry_minus_ewma
42,switch_at,regime_conditional,observed,transit_smooth,stable,0.0,,0.0,,-0.0005341880341880323,,,,,,0.0,0.0,-1.0683760683760681,0.0,0.0,,0.0,,carry_minus_ewma
42,switch_at,regime_conditional,observed,transit_smooth,transition,0.05407925407925407,0.0625,-0.029459901800327426,0.01345893651537966,0.010416666666666668,0.010416666666666668,-0.03125,0.0,0.0625,0.0625,0.0,,5.208333333333334,0.0,0.0,0.0625,0.05407925407925407,0.0,carry_minus_ewma
42,switch_at,regime_conditional,observed,warehouse,all,-0.0017482517482517168,0.01041666666666663,-0.018023255813953476,-0.01289613703471304,0.002422480620155036,0.031249999999999993,-0.10416666666666663,0.0,0.01041666666666663,0.01041666666666663,0.0,-0.010416666666666657,0.0,0.0,0.0,0.01041666666666663,-0.0017482517482517168,0.0,carry_minus_ewma
42,switch_at,regime_conditional,observed,warehouse,record_stable,0.0,,0.0,,-0.0005341880341880323,,,,,,0.0,-0.010416666666666657,0.5341880341880341,0.0,0.0,,0.0,,carry_minus_ewma
42,switch_at,regime_conditional,observed,warehouse,record_transition,-0.01023925385239255,0.01041666666666663,-0.10010162601626016,-0.0667947816828478,0.031249999999999993,0.031249999999999993,-0.10416666666666663,0.0,0.01041666666666663,0.01041666666666663,0.0,,-5.208333333333334,0.0,0.0,0.01041666666666663,-0.01023925385239255,0.0,carry_minus_ewma
42,switch_at,regime_conditional,observed,warehouse,stable,0.0,,0.0,,-0.0005341880341880323,,,,,,0.0,-0.010416666666666657,0.5341880341880341,0.0,0.0,,0.0,,carry_minus_ewma
42,switch_at,regime_conditional,observed,warehouse,transition,-0.01023925385239255,0.01041666666666663,-0.10010162601626016,-0.0667947816828478,0.031249999999999993,0.031249999999999993,-0.10416666666666663,0.0,0.01041666666666663,0.01041666666666663,0.0,,-5.208333333333334,0.0,0.0,0.01041666666666663,-0.01023925385239255,0.0,carry_minus_ewma
42,switch_at,regime_marginal,clean,all,all,0.0,,0.0,,0.0015432098765432098,,,,,,0.0,0.0,0.617283950617284,0.0,0.0,,0.0,,carry_minus_ewma
42,switch_at,regime_marginal,clean,all,record_stable,0.0,,0.0,,0.0,,,,,,0.0,0.0,0.0,0.0,0.0,,0.0,,carry_minus_ewma
42,switch_at,regime_marginal,clean,all,record_transition,0.0,,0.0,,0.011574074074074073,,,,,,0.0,,4.62962962962963,0.0,0.0,,0.0,,carry_minus_ewma
42,switch_at,regime_marginal,clean,all,stable,0.0,,0.0,,0.0,,,,,,0.0,0.0,0.0,0.0,0.0,,0.0,,carry_minus_ewma
42,switch_at,regime_marginal,clean,all,transition,0.0,,0.0,,0.011574074074074073,,,,,,0.0,,4.62962962962963,0.0,0.0,,0.0,,carry_minus_ewma
42,switch_at,regime_marginal,clean,transit_rough,all,0.0,,0.0,,0.0013888888888888892,,,,,,0.0,0.0,0.925925925925926,0.0,0.0,,0.0,,carry_minus_ewma
42,switch_at,regime_marginal,clean,transit_rough,record_stable,0.0,,0.0,,0.0,,,,,,0.0,0.0,0.0,0.0,0.0,,0.0,,carry_minus_ewma
42,switch_at,regime_marginal,clean,transit_rough,record_transition,0.0,,0.0,,0.010416666666666666,,,,,,0.0,,6.944444444444444,0.0,0.0,,0.0,,carry_minus_ewma
42,switch_at,regime_marginal,clean,transit_rough,stable,0.0,,0.0,,0.0,,,,,,0.0,0.0,0.0,0.0,0.0,,0.0,,carry_minus_ewma
42,switch_at,regime_marginal,clean,transit_rough,transition,0.0,,0.0,,0.010416666666666666,,,,,,0.0,,6.944444444444444,0.0,0.0,,0.0,,carry_minus_ewma
42,switch_at,regime_marginal,clean,transit_smooth,all,0.0,,0.0,,0.0,,,,,,0.0,0.0,0.0,0.0,0.0,,0.0,,carry_minus_ewma
42,switch_at,regime_marginal,clean,transit_smooth,record_stable,0.0,,0.0,,0.0,,,,,,0.0,0.0,0.0,0.0,0.0,,0.0,,carry_minus_ewma
42,switch_at,regime_marginal,clean,transit_smooth,record_transition,,,,,0.0,,,,,,0.0,,0.0,0.0,0.0,,,,carry_minus_ewma
42,switch_at,regime_marginal,clean,transit_smooth,stable,0.0,,0.0,,0.0,,,,,,0.0,0.0,0.0,0.0,0.0,,0.0,,carry_minus_ewma
42,switch_at,regime_marginal,clean,transit_smooth,transition,,,,,0.0,,,,,,0.0,,0.0,0.0,0.0,,,,carry_minus_ewma
42,switch_at,regime_marginal,clean,warehouse,all,0.0,,0.0,,0.00324074074074074,,,,,,0.0,0.0,0.9259259259259256,0.0,0.0,,0.0,,carry_minus_ewma
42,switch_at,regime_marginal,clean,warehouse,record_stable,0.0,,0.0,,0.0,,,,,,0.0,0.0,0.0,0.0,0.0,,0.0,,carry_minus_ewma
42,switch_at,regime_marginal,clean,warehouse,record_transition,0.0,,0.0,,0.02430555555555556,,,,,,0.0,,6.944444444444444,0.0,0.0,,0.0,,carry_minus_ewma
42,switch_at,regime_marginal,clean,warehouse,stable,0.0,,0.0,,0.0,,,,,,0.0,0.0,0.0,0.0,0.0,,0.0,,carry_minus_ewma
42,switch_at,regime_marginal,clean,warehouse,transition,0.0,,0.0,,0.02430555555555556,,,,,,0.0,,6.944444444444444,0.0,0.0,,0.0,,carry_minus_ewma
42,switch_at,regime_marginal,observed,all,all,0.020520999468367912,0.020833333333333343,-0.018518518518518545,0.019391837074715895,0.0016149870801033589,0.017361111111111112,-0.06597222222222221,0.0,0.020833333333333343,0.010416666666666657,0.0,0.0,0.6459948320413438,0.0,0.0,0.020833333333333343,0.020520999468367912,0.0,carry_minus_ewma
42,switch_at,regime_marginal,observed,all,record_stable,0.0,,0.0,,0.0,,,,,,0.0,0.0,0.0,0.0,0.0,,0.0,,carry_minus_ewma
42,switch_at,regime_marginal,observed,all,record_transition,0.021595961622037252,0.020833333333333343,-0.1321212121212122,-0.05929097192940591,0.017361111111111112,0.017361111111111112,-0.06597222222222221,0.0,0.020833333333333343,0.010416666666666657,0.0,,6.944444444444444,0.0,0.0,0.020833333333333343,0.021595961622037252,0.0,carry_minus_ewma
42,switch_at,regime_marginal,observed,all,stable,0.0,,0.0,,0.0,,,,,,0.0,0.0,0.0,0.0,0.0,,0.0,,carry_minus_ewma
42,switch_at,regime_marginal,observed,all,transition,0.021595961622037252,0.020833333333333343,-0.1321212121212122,-0.05929097192940591,0.017361111111111112,0.017361111111111112,-0.06597222222222221,0.0,0.020833333333333343,0.010416666666666657,0.0,,6.944444444444444,0.0,0.0,0.020833333333333343,0.021595961622037252,0.0,carry_minus_ewma
42,switch_at,regime_marginal,observed,transit_rough,all,0.0075539338070546025,0.010416666666666685,-0.044205495818399054,0.021882780097724597,0.0014534883720930232,0.015625,-0.10416666666666663,0.0,0.010416666666666685,-0.020833333333333343,0.0,0.0,0.9689922480620154,0.0,0.0,0.010416666666666685,0.0075539338070546025,0.0,carry_minus_ewma
42,switch_at,regime_marginal,observed,transit_rough,record_stable,0.0,,0.0,,0.0,,,,,,0.0,0.0,0.0,0.0,0.0,,0.0,,carry_minus_ewma
42,switch_at,regime_marginal,observed,transit_rough,record_transition,0.007412449890326023,0.010416666666666685,-0.13165266106442575,-0.07538947108004102,0.015625,0.015625,-0.10416666666666663,0.0,0.010416666666666685,-0.020833333333333343,0.0,,10.416666666666668,0.0,0.0,0.010416666666666685,0.007412449890326023,0.0,carry_minus_ewma
42,switch_at,regime_marginal,observed,transit_rough,stable,0.0,,0.0,,0.0,,,,,,0.0,0.0,0.0,0.0,0.0,,0.0,,carry_minus_ewma
42,switch_at,regime_marginal,observed,transit_rough,transition,0.007412449890326023,0.010416666666666685,-0.13165266106442575,-0.07538947108004102,0.015625,0.015625,-0.10416666666666663,0.0,0.010416666666666685,-0.020833333333333343,0.0,,10.416666666666668,0.0,0.0,0.010416666666666685,0.007412449890326023,0.0,carry_minus_ewma
42,switch_at,regime_marginal,observed,transit_smooth,all,0.05707423889242069,0.041666666666666685,0.03809523809523818,0.04103728033668319,0.0,0.0,0.0,0.0,0.041666666666666685,0.041666666666666685,0.0,0.0,0.0,0.0,0.0,0.041666666666666685,0.05707423889242069,0.0,carry_minus_ewma
42,switch_at,regime_marginal,observed,transit_smooth,record_stable,0.0,,0.0,,0.0,,,,,,0.0,0.0,0.0,0.0,0.0,,0.0,,carry_minus_ewma
42,switch_at,regime_marginal,observed,transit_smooth,record_transition,0.059113300492610876,0.041666666666666685,0.0,-0.00854455248248065,0.0,0.0,0.0,0.0,0.041666666666666685,0.041666666666666685,0.0,,0.0,0.0,0.0,0.041666666666666685,0.059113300492610876,0.0,carry_minus_ewma
42,switch_at,regime_marginal,observed,transit_smooth,stable,0.0,,0.0,,0.0,,,,,,0.0,0.0,0.0,0.0,0.0,,0.0,,carry_minus_ewma
42,switch_at,regime_marginal,observed,transit_smooth,transition,0.059113300492610876,0.041666666666666685,0.0,-0.00854455248248065,0.0,0.0,0.0,0.0,0.041666666666666685,0.041666666666666685,0.0,,0.0,0.0,0.0,0.041666666666666685,0.059113300492610876,0.0,carry_minus_ewma
42,switch_at,regime_marginal,observed,warehouse,all,0.002702702702702703,0.010416666666666657,-0.02972027972027974,-0.004880327646609117,0.003391472868217055,0.036458333333333336,-0.09375,0.0,0.010416666666666657,0.010416666666666657,0.0,0.0,0.9689922480620154,0.0,0.0,0.010416666666666657,0.002702702702702703,0.0,carry_minus_ewma
42,switch_at,regime_marginal,observed,warehouse,record_stable,0.0,,0.0,,0.0,,,,,,0.0,0.0,0.0,0.0,0.0,,0.0,,carry_minus_ewma
42,switch_at,regime_marginal,observed,warehouse,record_transition,0.00014627367805164493,0.010416666666666657,-0.22352941176470587,-0.09033778529833181,0.036458333333333336,0.036458333333333336,-0.09375,0.0,0.010416666666666657,0.010416666666666657,0.0,,10.416666666666668,0.0,0.0,0.010416666666666657,0.00014627367805164493,0.0,carry_minus_ewma
42,switch_at,regime_marginal,observed,warehouse,stable,0.0,,0.0,,0.0,,,,,,0.0,0.0,0.0,0.0,0.0,,0.0,,carry_minus_ewma
42,switch_at,regime_marginal,observed,warehouse,transition,0.00014627367805164493,0.010416666666666657,-0.22352941176470587,-0.09033778529833181,0.036458333333333336,0.036458333333333336,-0.09375,0.0,0.010416666666666657,0.010416666666666657,0.0,,10.416666666666668,0.0,0.0,0.010416666666666657,0.00014627367805164493,0.0,carry_minus_ewma
42,switch_before6,regime_conditional,clean,all,all,0.0,,0.0,,0.0016975308641975304,,,,,,0.0,0.0,0.0,0.0,0.0,,0.0,,carry_minus_ewma
42,switch_before6,regime_conditional,clean,all,record_stable,0.0,,0.0,,0.0,,,,,,0.0,0.0,0.0,0.0,0.0,,0.0,,carry_minus_ewma
42,switch_before6,regime_conditional,clean,all,record_transition,0.0,,0.0,,0.01273148148148148,,,,,,0.0,0.0,0.0,0.0,0.0,,0.0,,carry_minus_ewma
42,switch_before6,regime_conditional,clean,all,stable,0.0,,0.0,,0.0,,,,,,0.0,0.0,0.0,0.0,0.0,,0.0,,carry_minus_ewma
42,switch_before6,regime_conditional,clean,all,transition,0.0,,0.0,,0.01273148148148148,,,,,,0.0,0.0,0.0,0.0,0.0,,0.0,,carry_minus_ewma
42,switch_before6,regime_conditional,clean,transit_rough,all,0.0,,0.0,,0.001851851851851851,,,,,,0.0,0.0,0.9259259259259256,0.0,0.0,,0.0,,carry_minus_ewma
42,switch_before6,regime_conditional,clean,transit_rough,record_stable,0.0,,0.0,,0.0,,,,,,0.0,0.0,0.0,0.0,0.0,,0.0,,carry_minus_ewma
42,switch_before6,regime_conditional,clean,transit_rough,record_transition,0.0,,0.0,,0.013888888888888888,,,,,,0.0,0.0,6.944444444444443,0.0,0.0,,0.0,,carry_minus_ewma
42,switch_before6,regime_conditional,clean,transit_rough,stable,0.0,,0.0,,0.0,,,,,,0.0,0.0,0.0,0.0,0.0,,0.0,,carry_minus_ewma
42,switch_before6,regime_conditional,clean,transit_rough,transition,0.0,,0.0,,0.013888888888888888,,,,,,0.0,0.0,6.944444444444443,0.0,0.0,,0.0,,carry_minus_ewma
42,switch_before6,regime_conditional,clean,transit_smooth,all,0.0,,0.0,,0.0,,,,,,0.0,0.0,0.0,0.0,0.0,,0.0,,carry_minus_ewma
42,switch_before6,regime_conditional,clean,transit_smooth,record_stable,0.0,,0.0,,0.0,,,,,,0.0,0.0,0.0,0.0,0.0,,0.0,,carry_minus_ewma
42,switch_before6,regime_conditional,clean,transit_smooth,record_transition,,,,,0.0,,,,,,0.0,0.0,0.0,0.0,0.0,,,,carry_minus_ewma
42,switch_before6,regime_conditional,clean,transit_smooth,stable,0.0,,0.0,,0.0,,,,,,0.0,0.0,0.0,0.0,0.0,,0.0,,carry_minus_ewma
42,switch_before6,regime_conditional,clean,transit_smooth,transition,,,,,0.0,,,,,,0.0,0.0,0.0,0.0,0.0,,,,carry_minus_ewma
42,switch_before6,regime_conditional,clean,warehouse,all,0.0,,0.0,,0.003240740740740742,,,,,,0.0,0.0,-0.9259259259259256,0.0,0.0,,0.0,,carry_minus_ewma
42,switch_before6,regime_conditional,clean,warehouse,record_stable,0.0,,0.0,,0.0,,,,,,0.0,0.0,0.0,0.0,0.0,,0.0,,carry_minus_ewma
42,switch_before6,regime_conditional,clean,warehouse,record_transition,0.0,,0.0,,0.024305555555555556,,,,,,0.0,0.0,-6.944444444444445,0.0,0.0,,0.0,,carry_minus_ewma
42,switch_before6,regime_conditional,clean,warehouse,stable,0.0,,0.0,,0.0,,,,,,0.0,0.0,0.0,0.0,0.0,,0.0,,carry_minus_ewma
42,switch_before6,regime_conditional,clean,warehouse,transition,0.0,,0.0,,0.024305555555555556,,,,,,0.0,0.0,-6.944444444444445,0.0,0.0,,0.0,,carry_minus_ewma
42,switch_before6,regime_conditional,observed,all,all,0.19667535671235947,0.20138888888888887,0.14760448521916414,0.19074028610436117,0.004037467700258398,0.022569444444444448,0.05208333333333326,0.0,0.20138888888888887,0.17361111111111108,0.0,0.03472222222222221,0.1614987080103365,0.0,0.0,0.20138888888888887,0.19667535671235947,0.0,carry_minus_ewma
42,switch_before6,regime_conditional,observed,all,record_stable,0.0,0.0,0.0,-0.0012672433374190384,0.0,0.0,0.0,0.0,0.0,0.0,0.0,0.0,0.0,0.0,0.0,0.0,0.0,0.0,carry_minus_ewma
42,switch_before6,regime_conditional,observed,all,record_transition,0.3586601307189543,0.4027777777777778,0.15052083333333333,0.27916616429062097,0.03472222222222222,0.04513888888888889,0.10416666666666663,0.0,0.4027777777777778,0.3472222222222222,0.0,0.06944444444444445,1.3888888888888893,0.0,0.0,0.4027777777777778,0.3586601307189543,0.0,carry_minus_ewma
42,switch_before6,regime_conditional,observed,all,stable,0.0,0.0,0.0,-0.0012672433374190384,0.0,0.0,0.0,0.0,0.0,0.0,0.0,0.0,0.0,0.0,0.0,0.0,0.0,0.0,carry_minus_ewma
42,switch_before6,regime_conditional,observed,all,transition,0.3586601307189543,0.4027777777777778,0.15052083333333333,0.27916616429062097,0.03472222222222222,0.04513888888888889,0.10416666666666663,0.0,0.4027777777777778,0.3472222222222222,0.0,0.06944444444444445,1.3888888888888893,0.0,0.0,0.4027777777777778,0.3586601307189543,0.0,carry_minus_ewma
42,switch_before6,regime_conditional,observed,transit_rough,all,0.20996168582375477,0.21874999999999997,0.15972789115646263,0.17703740378571237,0.0024224806201550396,0.005208333333333334,0.0625,0.0,0.21874999999999997,0.20833333333333334,0.0,0.03125,0.4844961240310077,0.0,0.0,0.21874999999999997,0.20996168582375477,0.0,carry_minus_ewma
42,switch_before6,regime_conditional,observed,transit_rough,record_stable,0.0,0.0,0.0,0.0015535404490408244,0.0,0.0,0.0,0.0,0.0,0.0,0.0,0.0,0.0,0.0,0.0,0.0,0.0,0.0,carry_minus_ewma
42,switch_before6,regime_conditional,observed,transit_rough,record_transition,0.37944664031620556,0.4375,0.18181818181818177,0.24036288752552515,0.020833333333333336,0.010416666666666666,0.125,0.0,0.4375,0.41666666666666663,0.0,0.0625,4.166666666666668,0.0,0.0,0.4375,0.37944664031620556,0.0,carry_minus_ewma
42,switch_before6,regime_conditional,observed,transit_rough,stable,0.0,0.0,0.0,0.0015535404490408244,0.0,0.0,0.0,0.0,0.0,0.0,0.0,0.0,0.0,0.0,0.0,0.0,0.0,0.0,carry_minus_ewma
42,switch_before6,regime_conditional,observed,transit_rough,transition,0.37944664031620556,0.4375,0.18181818181818177,0.24036288752552515,0.020833333333333336,0.010416666666666666,0.125,0.0,0.4375,0.41666666666666663,0.0,0.0625,4.166666666666668,0.0,0.0,0.4375,0.37944664031620556,0.0,carry_minus_ewma
42,switch_before6,regime_conditional,observed,transit_smooth,all,0.13289581624282196,0.13541666666666666,0.07936507936507936,0.17111786996151676,0.0038759689922480637,0.020833333333333336,0.08333333333333337,0.0,0.13541666666666666,0.13541666666666666,0.0,0.04166666666666667,0.0,0.0,0.0,0.13541666666666666,0.13289581624282196,0.0,carry_minus_ewma
42,switch_before6,regime_conditional,observed,transit_smooth,record_stable,0.0,0.0,0.0,-0.00023827463424019868,0.0,0.0,0.0,0.0,0.0,0.0,0.0,0.0,0.0,0.0,0.0,0.0,0.0,0.0,carry_minus_ewma
42,switch_before6,regime_conditional,observed,transit_smooth,record_transition,0.25612125923047024,0.27083333333333337,0.0714285714285714,0.2683617092886729,0.03333333333333333,0.041666666666666664,0.16666666666666663,0.0,0.27083333333333337,0.27083333333333337,0.0,0.08333333333333334,0.0,0.0,0.0,0.27083333333333337,0.25612125923047024,0.0,carry_minus_ewma
42,switch_before6,regime_conditional,observed,transit_smooth,stable,0.0,0.0,0.0,-0.00023827463424019868,0.0,0.0,0.0,0.0,0.0,0.0,0.0,0.0,0.0,0.0,0.0,0.0,0.0,0.0,carry_minus_ewma
42,switch_before6,regime_conditional,observed,transit_smooth,transition,0.25612125923047024,0.27083333333333337,0.0714285714285714,0.2683617092886729,0.03333333333333333,0.041666666666666664,0.16666666666666663,0.0,0.27083333333333337,0.27083333333333337,0.0,0.08333333333333334,0.0,0.0,0.0,0.27083333333333337,0.25612125923047024,0.0,carry_minus_ewma
42,switch_before6,regime_conditional,observed,warehouse,all,0.24642857142857144,0.25,0.20795454545454542,0.21397953122112953,0.005813953488372093,0.04166666666666667,0.01041666666666674,0.0,0.25,0.17708333333333331,0.0,0.03125000000000001,0.0,0.0,0.0,0.25,0.24642857142857144,0.0,carry_minus_ewma
42,switch_before6,regime_conditional,observed,warehouse,record_stable,0.0,0.0,0.0,-0.0006939897921874605,0.0,0.0,0.0,0.0,0.0,0.0,0.0,0.0,0.0,0.0,0.0,0.0,0.0,0.0,carry_minus_ewma
42,switch_before6,regime_conditional,observed,warehouse,record_transition,0.43400371810038874,0.49999999999999994,0.2072213500784929,0.3057275061686603,0.049999999999999996,0.08333333333333333,0.02083333333333337,0.0,0.49999999999999994,0.35416666666666663,0.0,0.0625,0.0,0.0,0.0,0.49999999999999994,0.43400371810038874,0.0,carry_minus_ewma
42,switch_before6,regime_conditional,observed,warehouse,stable,0.0,0.0,0.0,-0.0006939897921874605,0.0,0.0,0.0,0.0,0.0,0.0,0.0,0.0,0.0,0.0,0.0,0.0,0.0,0.0,carry_minus_ewma
42,switch_before6,regime_conditional,observed,warehouse,transition,0.43400371810038874,0.49999999999999994,0.2072213500784929,0.3057275061686603,0.049999999999999996,0.08333333333333333,0.02083333333333337,0.0,0.49999999999999994,0.35416666666666663,0.0,0.0625,0.0,0.0,0.0,0.49999999999999994,0.43400371810038874,0.0,carry_minus_ewma
42,switch_before6,regime_marginal,clean,all,all,0.0,,0.0,,0.0015432098765432098,,,,,,0.0,0.0,0.617283950617284,0.0,0.0,,0.0,,carry_minus_ewma
42,switch_before6,regime_marginal,clean,all,record_stable,0.0,,0.0,,0.0,,,,,,0.0,0.0,0.0,0.0,0.0,,0.0,,carry_minus_ewma
42,switch_before6,regime_marginal,clean,all,record_transition,0.0,,0.0,,0.011574074074074073,,,,,,0.0,0.0,4.62962962962963,0.0,0.0,,0.0,,carry_minus_ewma
42,switch_before6,regime_marginal,clean,all,stable,0.0,,0.0,,0.0,,,,,,0.0,0.0,0.0,0.0,0.0,,0.0,,carry_minus_ewma
42,switch_before6,regime_marginal,clean,all,transition,0.0,,0.0,,0.011574074074074073,,,,,,0.0,0.0,4.62962962962963,0.0,0.0,,0.0,,carry_minus_ewma
42,switch_before6,regime_marginal,clean,transit_rough,all,0.0,,0.0,,0.0013888888888888892,,,,,,0.0,0.0,0.925925925925926,0.0,0.0,,0.0,,carry_minus_ewma
42,switch_before6,regime_marginal,clean,transit_rough,record_stable,0.0,,0.0,,0.0,,,,,,0.0,0.0,0.0,0.0,0.0,,0.0,,carry_minus_ewma
42,switch_before6,regime_marginal,clean,transit_rough,record_transition,0.0,,0.0,,0.010416666666666666,,,,,,0.0,0.0,6.944444444444444,0.0,0.0,,0.0,,carry_minus_ewma
42,switch_before6,regime_marginal,clean,transit_rough,stable,0.0,,0.0,,0.0,,,,,,0.0,0.0,0.0,0.0,0.0,,0.0,,carry_minus_ewma
42,switch_before6,regime_marginal,clean,transit_rough,transition,0.0,,0.0,,0.010416666666666666,,,,,,0.0,0.0,6.944444444444444,0.0,0.0,,0.0,,carry_minus_ewma
42,switch_before6,regime_marginal,clean,transit_smooth,all,0.0,,0.0,,0.0,,,,,,0.0,0.0,0.0,0.0,0.0,,0.0,,carry_minus_ewma
42,switch_before6,regime_marginal,clean,transit_smooth,record_stable,0.0,,0.0,,0.0,,,,,,0.0,0.0,0.0,0.0,0.0,,0.0,,carry_minus_ewma
42,switch_before6,regime_marginal,clean,transit_smooth,record_transition,,,,,0.0,,,,,,0.0,0.0,0.0,0.0,0.0,,,,carry_minus_ewma
42,switch_before6,regime_marginal,clean,transit_smooth,stable,0.0,,0.0,,0.0,,,,,,0.0,0.0,0.0,0.0,0.0,,0.0,,carry_minus_ewma
42,switch_before6,regime_marginal,clean,transit_smooth,transition,,,,,0.0,,,,,,0.0,0.0,0.0,0.0,0.0,,,,carry_minus_ewma
42,switch_before6,regime_marginal,clean,warehouse,all,0.0,,0.0,,0.00324074074074074,,,,,,0.0,0.0,0.9259259259259256,0.0,0.0,,0.0,,carry_minus_ewma
42,switch_before6,regime_marginal,clean,warehouse,record_stable,0.0,,0.0,,0.0,,,,,,0.0,0.0,0.0,0.0,0.0,,0.0,,carry_minus_ewma
42,switch_before6,regime_marginal,clean,warehouse,record_transition,0.0,,0.0,,0.02430555555555556,,,,,,0.0,0.0,6.944444444444444,0.0,0.0,,0.0,,carry_minus_ewma
42,switch_before6,regime_marginal,clean,warehouse,stable,0.0,,0.0,,0.0,,,,,,0.0,0.0,0.0,0.0,0.0,,0.0,,carry_minus_ewma
42,switch_before6,regime_marginal,clean,warehouse,transition,0.0,,0.0,,0.02430555555555556,,,,,,0.0,0.0,6.944444444444444,0.0,0.0,,0.0,,carry_minus_ewma
42,switch_before6,regime_marginal,observed,all,all,0.1365620986974867,0.10069444444444445,0.15625512379078538,0.10059917802927786,0.003391472868217055,0.015624999999999998,0.07291666666666674,0.0,0.10069444444444445,0.09374999999999999,0.0,0.03819444444444445,0.32299741602067167,0.0,0.0,0.10069444444444445,0.1365620986974867,0.0,carry_minus_ewma
42,switch_before6,regime_marginal,observed,all,record_stable,-0.000562872903298442,0.0,-0.005050505050505055,-0.0004881169854197981,0.0001827485380116959,0.0,0.0,0.0,0.0,0.0,0.0,0.006944444444444444,0.18274853801169577,0.0,0.0,0.0,-0.000562872903298442,0.0,carry_minus_ewma
42,switch_before6,regime_marginal,observed,all,record_transition,0.2694329355018243,0.2013888888888889,0.2245657568238213,0.1757595740204015,0.02777777777777778,0.03125,0.14583333333333337,0.0,0.2013888888888889,0.1875,0.0,0.06944444444444445,1.3888888888888893,0.0,0.0,0.2013888888888889,0.2694329355018243,0.0,carry_minus_ewma
42,switch_before6,regime_marginal,observed,all,stable,-0.000562872903298442,0.0,-0.005050505050505055,-0.0004881169854197981,0.0001827485380116959,0.0,0.0,0.0,0.0,0.0,0.0,0.006944444444444444,0.18274853801169577,0.0,0.0,0.0,-0.000562872903298442,0.0,carry_minus_ewma
42,switch_before6,regime_marginal,observed,all,transition,0.2694329355018243,0.2013888888888889,0.2245657568238213,0.1757595740204015,0.02777777777777778,0.03125,0.14583333333333337,0.0,0.2013888888888889,0.1875,0.0,0.06944444444444445,1.3888888888888893,0.0,0.0,0.2013888888888889,0.2694329355018243,0.0,carry_minus_ewma
42,switch_before6,regime_marginal,observed,transit_rough,all,0.1775122679752507,0.125,0.22377622377622375,0.09252293807394804,0.003875968992248062,0.010416666666666666,0.04166666666666663,0.0,0.125,0.10416666666666666,0.0,0.05208333333333333,0.4844961240310077,0.0,0.0,0.125,0.1775122679752507,0.0,carry_minus_ewma
42,switch_before6,regime_marginal,observed,transit_rough,record_stable,-0.0006734006734006731,0.0,-0.023809523809523808,-0.0028523192338816145,0.0005482456140350877,0.0,0.0,0.0,0.0,0.0,0.0,0.020833333333333336,0.5482456140350875,0.0,0.0,0.0,-0.0006734006734006731,0.0,carry_minus_ewma
42,switch_before6,regime_marginal,observed,transit_rough,record_transition,0.30565110565110565,0.25,0.25274725274725274,0.12254600336571836,0.02916666666666667,0.020833333333333332,0.08333333333333337,0.0,0.25,0.20833333333333334,0.0,0.08333333333333333,0.0,0.0,0.0,0.25,0.30565110565110565,0.0,carry_minus_ewma
42,switch_before6,regime_marginal,observed,transit_rough,stable,-0.0006734006734006731,0.0,-0.023809523809523808,-0.0028523192338816145,0.0005482456140350877,0.0,0.0,0.0,0.0,0.0,0.0,0.020833333333333336,0.5482456140350875,0.0,0.0,0.0,-0.0006734006734006731,0.0,carry_minus_ewma
42,switch_before6,regime_marginal,observed,transit_rough,transition,0.30565110565110565,0.25,0.25274725274725274,0.12254600336571836,0.02916666666666667,0.020833333333333332,0.08333333333333337,0.0,0.25,0.20833333333333334,0.0,0.08333333333333333,0.0,0.0,0.0,0.25,0.30565110565110565,0.0,carry_minus_ewma
42,switch_before6,regime_marginal,observed,transit_smooth,all,0.16208655586638143,0.10416666666666666,0.1623376623376624,0.11684473078746381,0.0024224806201550387,0.0,0.125,0.0,0.10416666666666666,0.10416666666666666,0.0,0.052083333333333336,0.0,0.0,0.0,0.10416666666666666,0.16208655586638143,0.0,carry_minus_ewma
42,switch_before6,regime_marginal,observed,transit_smooth,record_stable,0.0,0.0,0.0,-6.236922977677362e-05,0.0,0.0,0.0,0.0,0.0,0.0,0.0,0.0,0.0,0.0,0.0,0.0,0.0,0.0,carry_minus_ewma
42,switch_before6,regime_marginal,observed,transit_smooth,record_transition,0.31746031746031744,0.20833333333333334,,0.22968257858854016,0.020833333333333332,0.0,0.25,0.0,0.20833333333333334,0.20833333333333334,0.0,0.10416666666666667,0.0,0.0,0.0,0.20833333333333334,0.31746031746031744,0.0,carry_minus_ewma
42,switch_before6,regime_marginal,observed,transit_smooth,stable,0.0,0.0,0.0,-6.236922977677362e-05,0.0,0.0,0.0,0.0,0.0,0.0,0.0,0.0,0.0,0.0,0.0,0.0,0.0,0.0,carry_minus_ewma
42,switch_before6,regime_marginal,observed,transit_smooth,transition,0.31746031746031744,0.20833333333333334,,0.22968257858854016,0.020833333333333332,0.0,0.25,0.0,0.20833333333333334,0.20833333333333334,0.0,0.10416666666666667,0.0,0.0,0.0,0.20833333333333334,0.31746031746031744,0.0,carry_minus_ewma
42,switch_before6,regime_marginal,observed,warehouse,all,0.08240195082300347,0.07291666666666667,0.07224532224532221,0.08710784447329453,0.003875968992248062,0.036458333333333336,0.05208333333333326,0.0,0.07291666666666667,0.07291666666666666,0.0,0.010416666666666666,0.4844961240310077,0.0,0.0,0.07291666666666667,0.08240195082300347,0.0,carry_minus_ewma
42,switch_before6,regime_marginal,observed,warehouse,record_stable,0.0,0.0,0.0,-7.827076822640444e-05,0.0,0.0,0.0,0.0,0.0,0.0,0.0,0.0,0.0,0.0,0.0,0.0,0.0,0.0,carry_minus_ewma
42,switch_before6,regime_marginal,observed,warehouse,record_transition,0.18679549114331723,0.14583333333333334,0.09523809523809523,0.1701698999571583,0.03333333333333334,0.07291666666666667,0.10416666666666669,0.0,0.14583333333333334,0.14583333333333334,0.0,0.020833333333333332,4.166666666666666,0.0,0.0,0.14583333333333334,0.18679549114331723,0.0,carry_minus_ewma
42,switch_before6,regime_marginal,observed,warehouse,stable,0.0,0.0,0.0,-7.827076822640444e-05,0.0,0.0,0.0,0.0,0.0,0.0,0.0,0.0,0.0,0.0,0.0,0.0,0.0,0.0,carry_minus_ewma
42,switch_before6,regime_marginal,observed,warehouse,transition,0.18679549114331723,0.14583333333333334,0.09523809523809523,0.1701698999571583,0.03333333333333334,0.07291666666666667,0.10416666666666669,0.0,0.14583333333333334,0.14583333333333334,0.0,0.020833333333333332,4.166666666666666,0.0,0.0,0.14583333333333334,0.18679549114331723,0.0,carry_minus_ewma
42,switch_delay12,regime_conditional,clean,all,all,0.0,,0.0,,0.05354938271604938,,,,,,0.0,0.10069444444444445,0.4629629629629619,0.0,0.0,,0.0,,carry_minus_ewma
42,switch_delay12,regime_conditional,clean,all,record_stable,0.0,,0.0,,0.002136752136752143,,,,,,0.0,0.008264462809917356,0.1780626780626804,0.0,0.0,,0.0,,carry_minus_ewma
42,switch_delay12,regime_conditional,clean,all,record_transition,0.0,,0.0,,0.3877314814814815,,,,,,0.0,0.5869565217391305,2.314814814814815,0.0,0.0,,0.0,,carry_minus_ewma
42,switch_delay12,regime_conditional,clean,all,stable,0.0,,0.0,,0.061787749287749286,,,,,,0.0,0.11026615969581749,0.5341880341880341,0.0,0.0,,0.0,,carry_minus_ewma
42,switch_delay12,regime_conditional,clean,all,transition,0.0,,0.0,,0.0,,,,,,0.0,0.0,0.0,0.0,0.0,,0.0,,carry_minus_ewma
42,switch_delay12,regime_conditional,clean,transit_rough,all,0.0,,0.0,,0.044907407407407424,,,,,,0.0,-0.009803921568627458,-0.4629629629629619,0.0,0.0,,0.0,,carry_minus_ewma
42,switch_delay12,regime_conditional,clean,transit_rough,record_stable,0.0,,0.0,,-0.0016025641025640969,,,,,,0.0,-0.010869565217391311,-1.0683760683760681,0.0,0.0,,0.0,,carry_minus_ewma
42,switch_delay12,regime_conditional,clean,transit_rough,record_transition,0.0,,0.0,,0.3472222222222222,,,,,,0.0,0.0,3.4722222222222223,0.0,0.0,,0.0,,carry_minus_ewma
42,switch_delay12,regime_conditional,clean,transit_rough,stable,0.0,,0.0,,0.05181623931623931,,,,,,0.0,-0.011494252873563218,-0.5341880341880341,0.0,0.0,,0.0,,carry_minus_ewma
42,switch_delay12,regime_conditional,clean,transit_rough,transition,0.0,,0.0,,0.0,,,,,,0.0,0.0,0.0,0.0,0.0,,0.0,,carry_minus_ewma
42,switch_delay12,regime_conditional,clean,transit_smooth,all,0.0,,0.0,,0.07175925925925926,,,,,,0.0,0.29411764705882354,2.314814814814815,0.0,0.0,,0.0,,carry_minus_ewma
42,switch_delay12,regime_conditional,clean,transit_smooth,record_stable,0.0,,0.0,,0.005341880341880351,,,,,,0.0,0.03333333333333333,2.1367521367521363,0.0,0.0,,0.0,,carry_minus_ewma
42,switch_delay12,regime_conditional,clean,transit_smooth,record_transition,0.0,,0.0,,0.5034722222222222,,,,,,0.0,0.92,3.4722222222222223,0.0,0.0,,0.0,,carry_minus_ewma
42,switch_delay12,regime_conditional,clean,transit_smooth,stable,0.0,,0.0,,0.08279914529914531,,,,,,0.0,0.29411764705882354,2.670940170940171,0.0,0.0,,0.0,,carry_minus_ewma
42,switch_delay12,regime_conditional,clean,transit_smooth,transition,0.0,,0.0,,0.0,,,,,,0.0,,0.0,0.0,0.0,,0.0,,carry_minus_ewma
42,switch_delay12,regime_conditional,clean,warehouse,all,0.0,,0.0,,0.04398148148148147,,,,,,0.0,0.04950495049504951,-0.4629629629629619,0.0,0.0,,0.0,,carry_minus_ewma
42,switch_delay12,regime_conditional,clean,warehouse,record_stable,0.0,,0.0,,0.0026709401709401753,,,,,,0.0,0.011111111111111112,-0.5341880341880341,0.0,0.0,,0.0,,carry_minus_ewma
42,switch_delay12,regime_conditional,clean,warehouse,record_transition,0.0,,0.0,,0.3125,,,,,,0.0,0.36363636363636365,0.0,0.0,0.0,,0.0,,carry_minus_ewma
42,switch_delay12,regime_conditional,clean,warehouse,stable,0.0,,0.0,,0.05074786324786325,,,,,,0.0,0.054945054945054944,-0.5341880341880341,0.0,0.0,,0.0,,carry_minus_ewma
42,switch_delay12,regime_conditional,clean,warehouse,transition,0.0,,0.0,,0.0,,,,,,0.0,0.0,0.0,0.0,0.0,,0.0,,carry_minus_ewma
42,switch_delay12,regime_conditional,observed,all,all,-0.046930241630702446,0.045138888888888895,-0.047403381642512066,-0.015662585465755247,0.0513565891472868,0.06944444444444443,-0.06944444444444442,0.0,0.045138888888888895,-0.048611111111111105,0.0,0.09722222222222224,0.645994832041346,0.0,0.0,0.045138888888888895,-0.046930241630702446,0.0,carry_minus_ewma
42,switch_delay12,regime_conditional,observed,all,record_stable,-0.005252914611794501,-0.004464285714285754,-0.004183404405500246,-0.00025950064931984373,0.00241097922848664,0.0,0.004464285714285698,0.0,-0.004464285714285754,-0.004464285714285698,0.0,0.008264462809917356,0.3709198813056389,0.0,0.0,-0.004464285714285754,-0.005252914611794501,0.0,carry_minus_ewma
42,switch_delay12,regime_conditional,observed,all,record_transition,-0.3821683998069413,0.21875,-0.617114223307208,-0.5568968092216753,0.38125000000000003,0.3125,-0.328125,0.0,0.21875,-0.203125,0.0,0.5652173913043479,2.5,0.0,0.0,0.21875,-0.3821683998069413,0.0,carry_minus_ewma
42,switch_delay12,regime_conditional,observed,all,stable,-0.16614877741529116,0.05371900826446285,-0.331051013854482,-0.28358513303762367,0.05917379977670264,0.08264462809917356,-0.0826446280991735,0.0,0.05371900826446285,-0.05785123966942146,0.0,0.10646387832699619,0.7443245254931146,0.0,0.0,0.05371900826446285,-0.16614877741529116,0.0,carry_minus_ewma
42,switch_delay12,regime_conditional,observed,all,transition,0.0,0.0,0.0,0.0,0.0,0.0,0.0,0.0,0.0,0.0,0.0,0.0,0.0,0.0,0.0,0.0,0.0,0.0,carry_minus_ewma
42,switch_delay12,regime_conditional,observed,transit_rough,all,-0.02524450744153084,0.05154639175257736,-0.029398028022833422,-0.011692480568082503,0.042656325739214754,0.056701030927835044,-0.04123711340206182,0.0,0.05154639175257736,0.0,0.0,-0.009803921568627472,0.0,0.0,0.0,0.05154639175257736,-0.02524450744153084,0.0,carry_minus_ewma
42,switch_delay12,regime_conditional,observed,transit_rough,record_stable,0.012646733111849384,0.02631578947368418,0.00831349206349205,0.0053819995715742724,-0.0005567928730512289,0.0,0.03947368421052633,0.0,0.02631578947368418,0.026315789473684237,0.0,-0.010869565217391297,-0.5567928730512257,0.0,0.0,0.02631578947368418,0.012646733111849384,0.0,carry_minus_ewma
42,switch_delay12,regime_conditional,observed,transit_rough,record_transition,-0.3225806451612903,0.1428571428571429,-0.620476610767873,-0.42926991022308025,0.33333333333333337,0.2619047619047619,-0.33333333333333337,0.0,0.1428571428571429,-0.09523809523809523,0.0,0.0,3.745318352059925,0.0,0.0,0.1428571428571429,-0.3225806451612903,0.0,carry_minus_ewma
42,switch_delay12,regime_conditional,observed,transit_rough,stable,-0.12008281573498969,0.05747126436781608,-0.3198529411764707,-0.24821302744990506,0.04929971988795519,0.06321839080459771,-0.04597701149425282,0.0,0.05747126436781608,0.0,0.0,-0.011494252873563218,0.0,0.0,0.0,0.05747126436781608,-0.12008281573498969,0.0,carry_minus_ewma
42,switch_delay12,regime_conditional,observed,transit_rough,transition,0.0,0.0,0.0,0.0,0.0,0.0,0.0,0.0,0.0,0.0,0.0,0.0,0.0,0.0,0.0,0.0,0.0,0.0,carry_minus_ewma
42,switch_delay12,regime_conditional,observed,transit_smooth,all,-0.07179996218566839,0.05999999999999994,-0.06979759116761458,-0.018024385432844292,0.06893203883495146,0.04000000000000001,-0.010000000000000009,0.0,0.05999999999999994,-0.020000000000000018,0.0,0.2823529411764706,2.9126213592233032,0.0,0.0,0.05999999999999994,-0.07179996218566839,0.0,carry_minus_ewma
42,switch_delay12,regime_conditional,observed,transit_smooth,record_stable,-0.02270465852555409,-0.0337078651685393,-0.016664979927807577,-0.0047396472300211545,0.004486819966348851,0.0,-0.011235955056179803,0.0,-0.0337078651685393,-0.0337078651685393,0.0,0.016666666666666663,2.243409983174425,0.0,0.0,-0.0337078651685393,-0.02270465852555409,0.0,carry_minus_ewma
42,switch_delay12,regime_conditional,observed,transit_smooth,record_transition,-0.14558689717925385,0.8181818181818181,-0.591324200913242,-0.4240998873505257,0.48375451263537905,0.36363636363636365,0.0,0.0,0.8181818181818181,0.09090909090909088,0.0,0.92,7.2202166064981945,0.0,0.0,0.8181818181818181,-0.14558689717925385,0.0,carry_minus_ewma
42,switch_delay12,regime_conditional,observed,transit_smooth,stable,-0.1900274833137024,0.07999999999999996,-0.3269230769230769,-0.24332269142878077,0.0790205898720089,0.05333333333333334,-0.013333333333333308,0.0,0.07999999999999996,-0.026666666666666672,0.0,0.2823529411764706,3.33889816360601,0.0,0.0,0.07999999999999996,-0.1900274833137024,0.0,carry_minus_ewma
42,switch_delay12,regime_conditional,observed,transit_smooth,transition,0.0,0.0,0.0,0.0,0.0,0.0,0.0,0.0,0.0,0.0,0.0,,0.0,0.0,0.0,0.0,0.0,0.0,carry_minus_ewma
42,switch_delay12,regime_conditional,observed,warehouse,all,-0.046268005237887405,0.02197802197802201,-0.04444444444444445,-0.012722603185430711,0.04253262445625906,0.11538461538461538,-0.1648351648351648,0.0,0.02197802197802201,-0.13186813186813184,0.0,0.04950495049504949,-0.9666505558240708,0.0,0.0,0.02197802197802201,-0.046268005237887405,0.0,carry_minus_ewma
42,switch_delay12,regime_conditional,observed,warehouse,record_stable,-0.0032454361054766734,0.0,-0.002727823802788451,-0.0016180473792352656,0.0033094318808604556,0.0,-0.016949152542372947,0.0,0.0,0.0,0.0,0.022222222222222227,-0.5515719801434074,0.0,0.0,0.0,-0.0032454361054766734,0.0,carry_minus_ewma
42,switch_delay12,regime_conditional,observed,warehouse,record_transition,-0.3902769926512154,0.0625,-0.5462313091241989,-0.6160555677886419,0.3203125,0.328125,-0.4375,0.0,0.0625,-0.375,0.0,0.2727272727272727,-3.90625,0.0,0.0,0.0625,-0.3902769926512154,0.0,carry_minus_ewma
42,switch_delay12,regime_conditional,observed,warehouse,stable,-0.17945604662457504,0.024999999999999967,-0.3306451612903226,-0.33489996169195535,0.04910714285714285,0.13125,-0.1875,0.0,0.024999999999999967,-0.15000000000000002,0.0,0.054945054945054944,-1.1160714285714288,0.0,0.0,0.024999999999999967,-0.17945604662457504,0.0,carry_minus_ewma
42,switch_delay12,regime_conditional,observed,warehouse,transition,0.0,0.0,0.0,0.0,0.0,0.0,0.0,0.0,0.0,0.0,0.0,0.0,0.0,0.0,0.0,0.0,0.0,0.0,carry_minus_ewma
42,switch_delay12,regime_marginal,clean,all,all,0.0,,0.0,,0.04104938271604938,,,,,,0.0,0.08333333333333333,0.0,0.0,0.0,,0.0,,carry_minus_ewma
42,switch_delay12,regime_marginal,clean,all,record_stable,0.0,,0.0,,0.0007122507122507005,,,,,,0.0,0.004132231404958678,0.17806267806267861,0.0,0.0,,0.0,,carry_minus_ewma
42,switch_delay12,regime_marginal,clean,all,record_transition,0.0,,0.0,,0.30324074074074076,,,,,,0.0,0.5,-1.1574074074074074,0.0,0.0,,0.0,,carry_minus_ewma
42,switch_delay12,regime_marginal,clean,all,stable,0.0,,0.0,,0.047364672364672365,,,,,,0.0,0.09125475285171103,0.0,0.0,0.0,,0.0,,carry_minus_ewma
42,switch_delay12,regime_marginal,clean,all,transition,0.0,,0.0,,0.0,,,,,,0.0,0.0,0.0,0.0,0.0,,0.0,,carry_minus_ewma
42,switch_delay12,regime_marginal,clean,transit_rough,all,0.0,,0.0,,0.03333333333333334,,,,,,0.0,0.0,0.0,0.0,0.0,,0.0,,carry_minus_ewma
42,switch_delay12,regime_marginal,clean,transit_rough,record_stable,0.0,,0.0,,0.0,,,,,,0.0,0.0,0.0,0.0,0.0,,0.0,,carry_minus_ewma
42,switch_delay12,regime_marginal,clean,transit_rough,record_transition,,,,,0.25,,,,,,0.0,0.0,0.0,0.0,0.0,,,,carry_minus_ewma
42,switch_delay12,regime_marginal,clean,transit_rough,stable,0.0,,0.0,,0.038461538461538464,,,,,,0.0,0.0,0.0,0.0,0.0,,0.0,,carry_minus_ewma
42,switch_delay12,regime_marginal,clean,transit_rough,transition,0.0,,0.0,,0.0,,,,,,0.0,0.0,0.0,0.0,0.0,,0.0,,carry_minus_ewma
42,switch_delay12,regime_marginal,clean,transit_smooth,all,0.0,,0.0,,0.05138888888888889,,,,,,0.0,0.24705882352941178,0.0,0.0,0.0,,0.0,,carry_minus_ewma
42,switch_delay12,regime_marginal,clean,transit_smooth,record_stable,0.0,,0.0,,0.0005341880341880323,,,,,,0.0,0.016666666666666666,0.0,0.0,0.0,,0.0,,carry_minus_ewma
42,switch_delay12,regime_marginal,clean,transit_smooth,record_transition,,,,,0.3819444444444444,,,,,,0.0,0.8,0.0,0.0,0.0,,,,carry_minus_ewma
42,switch_delay12,regime_marginal,clean,transit_smooth,stable,0.0,,0.0,,0.05929487179487179,,,,,,0.0,0.24705882352941178,0.0,0.0,0.0,,0.0,,carry_minus_ewma
42,switch_delay12,regime_marginal,clean,transit_smooth,transition,0.0,,0.0,,0.0,,,,,,0.0,,0.0,0.0,0.0,,0.0,,carry_minus_ewma
42,switch_delay12,regime_marginal,clean,warehouse,all,0.0,,0.0,,0.03842592592592593,,,,,,0.0,0.0297029702970297,0.0,0.0,0.0,,0.0,,carry_minus_ewma
42,switch_delay12,regime_marginal,clean,warehouse,record_stable,0.0,,0.0,,0.0016025641025641107,,,,,,0.0,0.0,0.5341880341880341,0.0,0.0,,0.0,,carry_minus_ewma
42,switch_delay12,regime_marginal,clean,warehouse,record_transition,0.0,,0.0,,0.2777777777777778,,,,,,0.0,0.2727272727272727,-3.4722222222222223,0.0,0.0,,0.0,,carry_minus_ewma
42,switch_delay12,regime_marginal,clean,warehouse,stable,0.0,,0.0,,0.04433760683760684,,,,,,0.0,0.03296703296703297,0.0,0.0,0.0,,0.0,,carry_minus_ewma
42,switch_delay12,regime_marginal,clean,warehouse,transition,0.0,,0.0,,0.0,,,,,,0.0,0.0,0.0,0.0,0.0,,0.0,,carry_minus_ewma
42,switch_delay12,regime_marginal,observed,all,all,-0.00799507995079951,0.05902777777777776,-0.019737576772752646,-0.003913697804891703,0.03859819121447029,0.04513888888888888,-0.0625,0.0,0.05902777777777776,0.020833333333333343,0.0,0.08680555555555555,0.1614987080103365,0.0,0.0,0.05902777777777776,-0.00799507995079951,0.0,carry_minus_ewma
42,switch_delay12,regime_marginal,observed,all,record_stable,-0.005376344086021501,-0.008928571428571425,-0.0038461538461538464,-0.0006680607283977708,0.0003709198813056369,0.0,0.013392857142857095,0.0,-0.008928571428571425,-0.008928571428571425,0.0,-0.004132231404958678,0.37091988130563713,0.0,0.0,-0.008928571428571425,-0.005376344086021501,0.0,carry_minus_ewma
42,switch_delay12,regime_marginal,observed,all,record_transition,-0.21092436974789913,0.296875,-0.7659420289855072,-0.4507005694441012,0.29625,0.203125,-0.328125,0.0,0.296875,0.125,0.0,0.5652173913043478,-1.25,0.0,0.0,0.296875,-0.21092436974789913,0.0,carry_minus_ewma
42,switch_delay12,regime_marginal,observed,all,stable,-0.051264427069908636,0.07024793388429751,-0.3968855413335798,-0.1580185841552807,0.04447339039821362,0.05371900826446281,-0.07438016528925617,0.0,0.07024793388429751,0.024793388429752067,0.0,0.09505703422053231,0.18608113137327909,0.0,0.0,0.07024793388429751,-0.051264427069908636,0.0,carry_minus_ewma
42,switch_delay12,regime_marginal,observed,all,transition,0.0,0.0,0.0,0.0,0.0,0.0,0.0,0.0,0.0,0.0,0.0,0.0,0.0,0.0,0.0,0.0,0.0,0.0,carry_minus_ewma
42,switch_delay12,regime_marginal,observed,transit_rough,all,0.04555913483663139,0.09278350515463918,0.027604846791581886,-0.0015549991814635122,0.030538051381483272,0.04123711340206185,-0.05154639175257725,0.0,0.09278350515463918,0.05154639175257732,0.0,0.0,0.0,0.0,0.0,0.09278350515463918,0.04555913483663139,0.0,carry_minus_ewma
42,switch_delay12,regime_marginal,observed,transit_rough,record_stable,0.0,0.0,0.0,0.0015603241949417035,0.0,0.0,0.03947368421052633,0.0,0.0,0.0,0.0,0.0,0.0,0.0,0.0,0.0,0.0,0.0,carry_minus_ewma
42,switch_delay12,regime_marginal,observed,transit_rough,record_transition,0.057665903890160186,0.4285714285714286,-0.8513513513513513,-0.38810185546737686,0.23595505617977527,0.19047619047619047,-0.38095238095238093,0.0,0.4285714285714286,0.23809523809523808,0.0,0.0,0.0,0.0,0.0,0.4285714285714286,0.057665903890160186,0.0,carry_minus_ewma
42,switch_delay12,regime_marginal,observed,transit_rough,stable,0.07158006362672323,0.10344827586206898,-0.6311688311688313,-0.15740156903798125,0.03529411764705882,0.04597701149425287,-0.05747126436781602,0.0,0.10344827586206898,0.05747126436781609,0.0,0.0,0.0,0.0,0.0,0.10344827586206898,0.07158006362672323,0.0,carry_minus_ewma
42,switch_delay12,regime_marginal,observed,transit_rough,transition,0.0,0.0,0.0,0.0,0.0,0.0,0.0,0.0,0.0,0.0,0.0,0.0,0.0,0.0,0.0,0.0,0.0,0.0,carry_minus_ewma
42,switch_delay12,regime_marginal,observed,transit_smooth,all,-0.01972602739726026,0.09000000000000002,-0.03562499999999999,-0.003434813034836004,0.048058252427184464,0.03,-0.010000000000000009,0.0,0.09000000000000002,0.03,0.0,0.23529411764705885,0.0,0.0,0.0,0.09000000000000002,-0.01972602739726026,0.0,carry_minus_ewma
42,switch_delay12,regime_marginal,observed,transit_smooth,record_stable,-0.012551180499751263,-0.02247191011235955,-0.008607456140350855,-0.004538783762822407,0.0,0.0,-0.011235955056179803,0.0,-0.02247191011235955,-0.02247191011235955,0.0,0.0,0.0,0.0,0.0,-0.02247191011235955,-0.012551180499751263,0.0,carry_minus_ewma
42,switch_delay12,regime_marginal,observed,transit_smooth,record_transition,0.18181818181818182,1.0,,-0.1215560198253674,0.3574007220216607,0.2727272727272727,0.0,0.0,1.0,0.45454545454545453,0.0,0.8,0.0,0.0,0.0,1.0,0.18181818181818182,0.0,carry_minus_ewma
42,switch_delay12,regime_marginal,observed,transit_smooth,stable,-0.02882544591087305,0.12000000000000002,-0.4717741935483871,-0.16054384679569625,0.05509181969949917,0.04,-0.01333333333333342,0.0,0.12000000000000002,0.04000000000000001,0.0,0.23529411764705885,0.0,0.0,0.0,0.12000000000000002,-0.02882544591087305,0.0,carry_minus_ewma
42,switch_delay12,regime_marginal,observed,transit_smooth,transition,0.0,0.0,0.0,0.0,0.0,0.0,0.0,0.0,0.0,0.0,0.0,,0.0,0.0,0.0,0.0,0.0,0.0,carry_minus_ewma
42,switch_delay12,regime_marginal,observed,warehouse,all,-0.04556246466930469,-0.010989010989011005,-0.04252169940612152,-0.00643439279811768,0.03721604639922668,0.06593406593406592,-0.13186813186813184,0.0,-0.010989010989011005,-0.021978021978021955,0.0,0.04950495049504951,0.4833252779120354,0.0,0.0,-0.010989010989011005,-0.04556246466930469,0.0,carry_minus_ewma
42,switch_delay12,regime_marginal,observed,warehouse,record_stable,-0.0008264462809917383,0.0,-0.0007245720496331792,5.587993353925458e-05,0.0011031439602868232,0.0,0.016949152542372836,0.0,0.0,0.0,0.0,-0.011111111111111113,1.1031439602868183,0.0,0.0,0.0,-0.0008264462809917383,0.0,carry_minus_ewma
42,switch_delay12,regime_marginal,observed,warehouse,record_transition,-0.39806451612903226,-0.03125,-0.7258454106280192,-0.5449588167344646,0.29296875,0.1875,-0.40625,0.0,-0.03125,-0.0625,0.0,0.5454545454545454,-3.90625,0.0,0.0,-0.03125,-0.39806451612903226,0.0,carry_minus_ewma
42,switch_delay12,regime_marginal,observed,warehouse,stable,-0.1532296086751532,-0.012500000000000011,-0.3332145402708482,-0.225370923293082,0.04296875,0.075,-0.15000000000000002,0.0,-0.012500000000000011,-0.024999999999999967,0.0,0.05494505494505494,0.5580357142857135,0.0,0.0,-0.012500000000000011,-0.1532296086751532,0.0,carry_minus_ewma
42,switch_delay12,regime_marginal,observed,warehouse,transition,0.0,0.0,0.0,0.0,0.0,0.0,0.0,0.0,0.0,0.0,0.0,0.0,0.0,0.0,0.0,0.0,0.0,0.0,carry_minus_ewma
42,switch_random,regime_conditional,clean,all,all,0.0,,0.0,,0.0016975308641975304,,,,,,0.0,0.0,0.0,0.0,0.0,,0.0,,carry_minus_ewma
42,switch_random,regime_conditional,clean,all,record_stable,0.0,,0.0,,0.0,,,,,,0.0,0.0,0.0,0.0,0.0,,0.0,,carry_minus_ewma
42,switch_random,regime_conditional,clean,all,record_transition,0.0,,0.0,,0.01273148148148148,,,,,,0.0,0.0,0.0,0.0,0.0,,0.0,,carry_minus_ewma
42,switch_random,regime_conditional,clean,all,stable,0.0,,0.0,,0.0,,,,,,0.0,0.0,0.0,0.0,0.0,,0.0,,carry_minus_ewma
42,switch_random,regime_conditional,clean,all,transition,0.0,,0.0,,0.01273148148148148,,,,,,0.0,0.0,0.0,0.0,0.0,,0.0,,carry_minus_ewma
42,switch_random,regime_conditional,clean,transit_rough,all,0.0,,0.0,,0.001851851851851851,,,,,,0.0,0.0,0.9259259259259256,0.0,0.0,,0.0,,carry_minus_ewma
42,switch_random,regime_conditional,clean,transit_rough,record_stable,0.0,,0.0,,0.0,,,,,,0.0,0.0,0.0,0.0,0.0,,0.0,,carry_minus_ewma
42,switch_random,regime_conditional,clean,transit_rough,record_transition,0.0,,0.0,,0.013888888888888888,,,,,,0.0,0.0,6.944444444444443,0.0,0.0,,0.0,,carry_minus_ewma
42,switch_random,regime_conditional,clean,transit_rough,stable,0.0,,0.0,,0.0,,,,,,0.0,0.0,0.0,0.0,0.0,,0.0,,carry_minus_ewma
42,switch_random,regime_conditional,clean,transit_rough,transition,0.0,,0.0,,0.013888888888888888,,,,,,0.0,0.0,6.944444444444443,0.0,0.0,,0.0,,carry_minus_ewma
42,switch_random,regime_conditional,clean,transit_smooth,all,0.0,,0.0,,0.0,,,,,,0.0,0.0,0.0,0.0,0.0,,0.0,,carry_minus_ewma
42,switch_random,regime_conditional,clean,transit_smooth,record_stable,0.0,,0.0,,0.0,,,,,,0.0,0.0,0.0,0.0,0.0,,0.0,,carry_minus_ewma
42,switch_random,regime_conditional,clean,transit_smooth,record_transition,,,,,0.0,,,,,,0.0,,0.0,0.0,0.0,,,,carry_minus_ewma
42,switch_random,regime_conditional,clean,transit_smooth,stable,0.0,,0.0,,0.0,,,,,,0.0,0.0,0.0,0.0,0.0,,0.0,,carry_minus_ewma
42,switch_random,regime_conditional,clean,transit_smooth,transition,,,,,0.0,,,,,,0.0,,0.0,0.0,0.0,,,,carry_minus_ewma
42,switch_random,regime_conditional,clean,warehouse,all,0.0,,0.0,,0.003240740740740742,,,,,,0.0,0.0,-0.9259259259259256,0.0,0.0,,0.0,,carry_minus_ewma
42,switch_random,regime_conditional,clean,warehouse,record_stable,0.0,,0.0,,0.0,,,,,,0.0,0.0,0.0,0.0,0.0,,0.0,,carry_minus_ewma
42,switch_random,regime_conditional,clean,warehouse,record_transition,0.0,,0.0,,0.024305555555555556,,,,,,0.0,0.0,-6.944444444444445,0.0,0.0,,0.0,,carry_minus_ewma
42,switch_random,regime_conditional,clean,warehouse,stable,0.0,,0.0,,0.0,,,,,,0.0,0.0,0.0,0.0,0.0,,0.0,,carry_minus_ewma
42,switch_random,regime_conditional,clean,warehouse,transition,0.0,,0.0,,0.024305555555555556,,,,,,0.0,0.0,-6.944444444444445,0.0,0.0,,0.0,,carry_minus_ewma
42,switch_random,regime_conditional,observed,all,all,0.011084362649147694,0.02430555555555558,-0.010321936993975656,0.005815910428319138,0.001937984496124031,0.0017361111111111119,0.00694444444444442,0.0,0.02430555555555558,0.02430555555555558,0.0,0.0034722222222222238,0.0,0.0,0.0,0.02430555555555558,0.011084362649147694,0.0,carry_minus_ewma
42,switch_random,regime_conditional,observed,all,record_stable,0.0,0.0,0.0,0.00039936580237986963,0.0,0.0,0.0,0.0,0.0,0.0,0.0,0.0,0.0,0.0,0.0,0.0,0.0,0.0,carry_minus_ewma
42,switch_random,regime_conditional,observed,all,record_transition,0.13882783882783883,0.15217391304347827,0.07894736842105265,0.006506610098943849,0.014669926650366746,0.010869565217391304,0.04347826086956519,0.0,0.15217391304347827,0.15217391304347827,0.0,0.04,0.0,0.0,0.0,0.15217391304347827,0.13882783882783883,0.0,carry_minus_ewma
42,switch_random,regime_conditional,observed,all,stable,0.0,0.0,0.0,0.00039936580237986963,0.0,0.0,0.0,0.0,0.0,0.0,0.0,0.0,0.0,0.0,0.0,0.0,0.0,0.0,carry_minus_ewma
42,switch_random,regime_conditional,observed,all,transition,0.13882783882783883,0.15217391304347827,0.07894736842105265,0.006506610098943849,0.014669926650366746,0.010869565217391304,0.04347826086956519,0.0,0.15217391304347827,0.15217391304347827,0.0,0.04,0.0,0.0,0.0,0.15217391304347827,0.13882783882783883,0.0,carry_minus_ewma
42,switch_random,regime_conditional,observed,transit_rough,all,-0.008228940891223724,0.0,-0.024242424242424232,-0.002058040222064128,0.0019389238972370333,0.0,-0.010309278350515427,0.0,0.0,0.0,0.0,0.0,0.9694619486185161,0.0,0.0,0.0,-0.008228940891223724,0.0,carry_minus_ewma
42,switch_random,regime_conditional,observed,transit_rough,record_stable,0.0,0.0,0.0,0.002159283800882539,0.0,0.0,0.0,0.0,0.0,0.0,0.0,0.0,0.0,0.0,0.0,0.0,0.0,0.0,carry_minus_ewma
42,switch_random,regime_conditional,observed,transit_rough,record_transition,0.0,0.0,0.0,0.004777153826074881,0.014388489208633094,0.0,-0.1,0.0,0.0,0.0,0.0,0.0,7.194244604316548,0.0,0.0,0.0,0.0,0.0,carry_minus_ewma
42,switch_random,regime_conditional,observed,transit_rough,stable,0.0,0.0,0.0,0.002159283800882539,0.0,0.0,0.0,0.0,0.0,0.0,0.0,0.0,0.0,0.0,0.0,0.0,0.0,0.0,carry_minus_ewma
42,switch_random,regime_conditional,observed,transit_rough,transition,0.0,0.0,0.0,0.004777153826074881,0.014388489208633094,0.0,-0.1,0.0,0.0,0.0,0.0,0.0,7.194244604316548,0.0,0.0,0.0,0.0,0.0,carry_minus_ewma
42,switch_random,regime_conditional,observed,transit_smooth,all,0.05173765351450227,0.06,0.03418803418803418,0.020730045482579285,0.0,0.0,0.040000000000000036,0.0,0.06,0.06,0.0,0.0,0.0,0.0,0.0,0.06,0.05173765351450227,0.0,carry_minus_ewma
42,switch_random,regime_conditional,observed,transit_smooth,record_stable,0.0,0.0,0.0,0.0009979548054299126,0.0,0.0,0.0,0.0,0.0,0.0,0.0,0.0,0.0,0.0,0.0,0.0,0.0,0.0,carry_minus_ewma
42,switch_random,regime_conditional,observed,transit_smooth,record_transition,0.3367003367003367,0.24,0.0,0.07257999989982766,0.0,0.0,0.15999999999999992,0.0,0.24,0.24,0.0,,0.0,0.0,0.0,0.24,0.3367003367003367,0.0,carry_minus_ewma
42,switch_random,regime_conditional,observed,transit_smooth,stable,0.0,0.0,0.0,0.0009979548054299126,0.0,0.0,0.0,0.0,0.0,0.0,0.0,0.0,0.0,0.0,0.0,0.0,0.0,0.0,carry_minus_ewma
42,switch_random,regime_conditional,observed,transit_smooth,transition,0.3367003367003367,0.24,0.0,0.07257999989982766,0.0,0.0,0.15999999999999992,0.0,0.24,0.24,0.0,,0.0,0.0,0.0,0.24,0.3367003367003367,0.0,carry_minus_ewma
42,switch_random,regime_conditional,observed,warehouse,all,-0.012655788256456413,0.010989010989011005,-0.03950617283950619,0.0073054555581031355,0.0038666022232962775,0.005494505494505496,-0.01098901098901095,0.0,0.010989010989011005,0.010989010989011005,0.0,0.00990099009900991,-0.966650555824069,0.0,0.0,0.010989010989011005,-0.012655788256456413,0.0,carry_minus_ewma
42,switch_random,regime_conditional,observed,warehouse,record_stable,0.0,0.0,0.0,-0.0001495794941774875,0.0,0.0,0.0,0.0,0.0,0.0,0.0,0.0,0.0,0.0,0.0,0.0,0.0,0.0,carry_minus_ewma
42,switch_random,regime_conditional,observed,warehouse,record_transition,0.006896551724137917,0.09090909090909088,-0.05555555555555555,0.08413538327629247,0.02888086642599278,0.045454545454545456,-0.09090909090909083,0.0,0.09090909090909088,0.09090909090909088,0.0,0.1,-7.220216606498196,0.0,0.0,0.09090909090909088,0.006896551724137917,0.0,carry_minus_ewma
42,switch_random,regime_conditional,observed,warehouse,stable,0.0,0.0,0.0,-0.0001495794941774875,0.0,0.0,0.0,0.0,0.0,0.0,0.0,0.0,0.0,0.0,0.0,0.0,0.0,0.0,carry_minus_ewma
42,switch_random,regime_conditional,observed,warehouse,transition,0.006896551724137917,0.09090909090909088,-0.05555555555555555,0.08413538327629247,0.02888086642599278,0.045454545454545456,-0.09090909090909083,0.0,0.09090909090909088,0.09090909090909088,0.0,0.1,-7.220216606498196,0.0,0.0,0.09090909090909088,0.006896551724137917,0.0,carry_minus_ewma
42,switch_random,regime_marginal,clean,all,all,0.0,,0.0,,0.0015432098765432098,,,,,,0.0,0.0,0.617283950617284,0.0,0.0,,0.0,,carry_minus_ewma
42,switch_random,regime_marginal,clean,all,record_stable,0.0,,0.0,,0.0,,,,,,0.0,0.0,0.0,0.0,0.0,,0.0,,carry_minus_ewma
42,switch_random,regime_marginal,clean,all,record_transition,0.0,,0.0,,0.011574074074074073,,,,,,0.0,0.0,4.62962962962963,0.0,0.0,,0.0,,carry_minus_ewma
42,switch_random,regime_marginal,clean,all,stable,0.0,,0.0,,0.0,,,,,,0.0,0.0,0.0,0.0,0.0,,0.0,,carry_minus_ewma
42,switch_random,regime_marginal,clean,all,transition,0.0,,0.0,,0.011574074074074073,,,,,,0.0,0.0,4.62962962962963,0.0,0.0,,0.0,,carry_minus_ewma
42,switch_random,regime_marginal,clean,transit_rough,all,0.0,,0.0,,0.0013888888888888892,,,,,,0.0,0.0,0.925925925925926,0.0,0.0,,0.0,,carry_minus_ewma
42,switch_random,regime_marginal,clean,transit_rough,record_stable,0.0,,0.0,,0.0,,,,,,0.0,0.0,0.0,0.0,0.0,,0.0,,carry_minus_ewma
42,switch_random,regime_marginal,clean,transit_rough,record_transition,0.0,,0.0,,0.010416666666666666,,,,,,0.0,0.0,6.944444444444444,0.0,0.0,,0.0,,carry_minus_ewma
42,switch_random,regime_marginal,clean,transit_rough,stable,0.0,,0.0,,0.0,,,,,,0.0,0.0,0.0,0.0,0.0,,0.0,,carry_minus_ewma
42,switch_random,regime_marginal,clean,transit_rough,transition,0.0,,0.0,,0.010416666666666666,,,,,,0.0,0.0,6.944444444444444,0.0,0.0,,0.0,,carry_minus_ewma
42,switch_random,regime_marginal,clean,transit_smooth,all,0.0,,0.0,,0.0,,,,,,0.0,0.0,0.0,0.0,0.0,,0.0,,carry_minus_ewma
42,switch_random,regime_marginal,clean,transit_smooth,record_stable,0.0,,0.0,,0.0,,,,,,0.0,0.0,0.0,0.0,0.0,,0.0,,carry_minus_ewma
42,switch_random,regime_marginal,clean,transit_smooth,record_transition,,,,,0.0,,,,,,0.0,,0.0,0.0,0.0,,,,carry_minus_ewma
42,switch_random,regime_marginal,clean,transit_smooth,stable,0.0,,0.0,,0.0,,,,,,0.0,0.0,0.0,0.0,0.0,,0.0,,carry_minus_ewma
42,switch_random,regime_marginal,clean,transit_smooth,transition,,,,,0.0,,,,,,0.0,,0.0,0.0,0.0,,,,carry_minus_ewma
42,switch_random,regime_marginal,clean,warehouse,all,0.0,,0.0,,0.00324074074074074,,,,,,0.0,0.0,0.9259259259259256,0.0,0.0,,0.0,,carry_minus_ewma
42,switch_random,regime_marginal,clean,warehouse,record_stable,0.0,,0.0,,0.0,,,,,,0.0,0.0,0.0,0.0,0.0,,0.0,,carry_minus_ewma
42,switch_random,regime_marginal,clean,warehouse,record_transition,0.0,,0.0,,0.02430555555555556,,,,,,0.0,0.0,6.944444444444444,0.0,0.0,,0.0,,carry_minus_ewma
42,switch_random,regime_marginal,clean,warehouse,stable,0.0,,0.0,,0.0,,,,,,0.0,0.0,0.0,0.0,0.0,,0.0,,carry_minus_ewma
42,switch_random,regime_marginal,clean,warehouse,transition,0.0,,0.0,,0.02430555555555556,,,,,,0.0,0.0,6.944444444444444,0.0,0.0,,0.0,,carry_minus_ewma
42,switch_random,regime_marginal,observed,all,all,0.008142407906558846,0.010416666666666685,-0.0356425702811245,-0.004499755164878938,0.0016149870801033597,0.0,-0.00694444444444442,0.0,0.010416666666666685,0.010416666666666657,0.0,0.0,0.6459948320413438,0.0,0.0,0.010416666666666685,0.008142407906558846,0.0,carry_minus_ewma
42,switch_random,regime_marginal,observed,all,record_stable,0.005451713395638602,0.004132231404958664,0.006166828951639114,-0.0010185492043671696,0.0,0.0,0.0,0.0,0.004132231404958664,0.004132231404958692,0.0,0.0,0.0,0.0,0.0,0.004132231404958664,0.005451713395638602,0.0,carry_minus_ewma
42,switch_random,regime_marginal,observed,all,record_transition,0.05602240896358543,0.043478260869565216,-0.023529411764705882,-0.007592543148708164,0.012224938875305623,0.0,-0.04347826086956519,0.0,0.043478260869565216,0.043478260869565216,0.0,0.0,4.889975550122249,0.0,0.0,0.043478260869565216,0.05602240896358543,0.0,carry_minus_ewma
42,switch_random,regime_marginal,observed,all,stable,0.005451713395638602,0.004132231404958664,0.006166828951639114,-0.0010185492043671696,0.0,0.0,0.0,0.0,0.004132231404958664,0.004132231404958692,0.0,0.0,0.0,0.0,0.0,0.004132231404958664,0.005451713395638602,0.0,carry_minus_ewma
42,switch_random,regime_marginal,observed,all,transition,0.05602240896358543,0.043478260869565216,-0.023529411764705882,-0.007592543148708164,0.012224938875305623,0.0,-0.04347826086956519,0.0,0.043478260869565216,0.043478260869565216,0.0,0.0,4.889975550122249,0.0,0.0,0.043478260869565216,0.05602240896358543,0.0,carry_minus_ewma
42,switch_random,regime_marginal,observed,transit_rough,all,-0.0025488530161427297,0.0,-0.11538461538461536,-0.03247610812935178,0.0014541929229277754,0.0,-0.010309278350515427,0.0,0.0,0.0,0.0,0.0,0.969461948618517,0.0,0.0,0.0,-0.0025488530161427297,0.0,carry_minus_ewma
42,switch_random,regime_marginal,observed,transit_rough,record_stable,0.0,0.0,0.0,-0.00256859389252595,0.0,0.0,0.0,0.0,0.0,0.0,0.0,0.0,0.0,0.0,0.0,0.0,0.0,0.0,carry_minus_ewma
42,switch_random,regime_marginal,observed,transit_rough,record_transition,0.0,0.0,0.0,-0.0013939082394023167,0.01079136690647482,0.0,-0.1,0.0,0.0,0.0,0.0,0.0,7.194244604316547,0.0,0.0,0.0,0.0,0.0,carry_minus_ewma
42,switch_random,regime_marginal,observed,transit_rough,stable,0.0,0.0,0.0,-0.00256859389252595,0.0,0.0,0.0,0.0,0.0,0.0,0.0,0.0,0.0,0.0,0.0,0.0,0.0,0.0,carry_minus_ewma
42,switch_random,regime_marginal,observed,transit_rough,transition,0.0,0.0,0.0,-0.0013939082394023167,0.01079136690647482,0.0,-0.1,0.0,0.0,0.0,0.0,0.0,7.194244604316547,0.0,0.0,0.0,0.0,0.0,carry_minus_ewma
42,switch_random,regime_marginal,observed,transit_smooth,all,0.015620394930739745,0.009999999999999995,0.022058823529411797,0.03491734884265374,0.0,0.0,0.0,0.0,0.009999999999999995,0.009999999999999995,0.0,0.0,0.0,0.0,0.0,0.009999999999999995,0.015620394930739745,0.0,carry_minus_ewma
42,switch_random,regime_marginal,observed,transit_smooth,record_stable,0.0,0.0,0.0,0.0028605627638731423,0.0,0.0,0.0,0.0,0.0,0.0,0.0,0.0,0.0,0.0,0.0,0.0,0.0,0.0,carry_minus_ewma
42,switch_random,regime_marginal,observed,transit_smooth,record_transition,0.07692307692307693,0.04,,0.034810839954517614,0.0,0.0,0.0,0.0,0.04,0.04,0.0,,0.0,0.0,0.0,0.04,0.07692307692307693,0.0,carry_minus_ewma
42,switch_random,regime_marginal,observed,transit_smooth,stable,0.0,0.0,0.0,0.0028605627638731423,0.0,0.0,0.0,0.0,0.0,0.0,0.0,0.0,0.0,0.0,0.0,0.0,0.0,0.0,carry_minus_ewma
42,switch_random,regime_marginal,observed,transit_smooth,transition,0.07692307692307693,0.04,,0.034810839954517614,0.0,0.0,0.0,0.0,0.04,0.04,0.0,,0.0,0.0,0.0,0.04,0.07692307692307693,0.0,carry_minus_ewma
42,switch_random,regime_marginal,observed,warehouse,all,0.00533654673782058,0.02197802197802201,-0.0318979266347687,-0.002903391078044326,0.0033832769453842424,0.0,-0.010989010989011061,0.0,0.02197802197802201,0.021978021978021955,0.0,0.0,0.9666505558240699,0.0,0.0,0.02197802197802201,0.00533654673782058,0.0,carry_minus_ewma
42,switch_random,regime_marginal,observed,warehouse,record_stable,0.012119851868477194,0.012500000000000011,0.009783368273934279,-0.002267950640079175,0.0,0.0,0.0,0.0,0.012500000000000011,0.012500000000000011,0.0,0.0,0.0,0.0,0.0,0.012500000000000011,0.012119851868477194,0.0,carry_minus_ewma
42,switch_random,regime_marginal,observed,warehouse,record_transition,0.04057971014492753,0.09090909090909091,-0.08333333333333334,-0.030298456092763576,0.02527075812274368,0.0,-0.09090909090909094,0.0,0.09090909090909091,0.09090909090909091,0.0,0.0,7.2202166064981945,0.0,0.0,0.09090909090909091,0.04057971014492753,0.0,carry_minus_ewma
42,switch_random,regime_marginal,observed,warehouse,stable,0.012119851868477194,0.012500000000000011,0.009783368273934279,-0.002267950640079175,0.0,0.0,0.0,0.0,0.012500000000000011,0.012500000000000011,0.0,0.0,0.0,0.0,0.0,0.012500000000000011,0.012119851868477194,0.0,carry_minus_ewma
42,switch_random,regime_marginal,observed,warehouse,transition,0.04057971014492753,0.09090909090909091,-0.08333333333333334,-0.030298456092763576,0.02527075812274368,0.0,-0.09090909090909094,0.0,0.09090909090909091,0.09090909090909091,0.0,0.0,7.2202166064981945,0.0,0.0,0.09090909090909091,0.04057971014492753,0.0,carry_minus_ewma
43,count1,regime_conditional,clean,all,all,0.0,,0.0,,0.0,,,,,,0.0,0.0,0.0,0.0,0.0,,0.0,,carry_minus_ewma
43,count1,regime_conditional,clean,all,record_stable,0.0,,0.0,,0.0,,,,,,0.0,0.0,0.0,0.0,0.0,,0.0,,carry_minus_ewma
43,count1,regime_conditional,clean,all,stable,0.0,,0.0,,0.0,,,,,,0.0,0.0,0.0,0.0,0.0,,0.0,,carry_minus_ewma
43,count1,regime_conditional,clean,transit_rough,all,0.0,,0.0,,0.0,,,,,,0.0,0.0,0.0,0.0,0.0,,0.0,,carry_minus_ewma
43,count1,regime_conditional,clean,transit_rough,record_stable,0.0,,0.0,,0.0,,,,,,0.0,0.0,0.0,0.0,0.0,,0.0,,carry_minus_ewma
43,count1,regime_conditional,clean,transit_rough,stable,0.0,,0.0,,0.0,,,,,,0.0,0.0,0.0,0.0,0.0,,0.0,,carry_minus_ewma
43,count1,regime_conditional,clean,transit_smooth,all,0.0,,0.0,,0.0,,,,,,0.0,0.0,0.0,0.0,0.0,,0.0,,carry_minus_ewma
43,count1,regime_conditional,clean,transit_smooth,record_stable,0.0,,0.0,,0.0,,,,,,0.0,0.0,0.0,0.0,0.0,,0.0,,carry_minus_ewma
43,count1,regime_conditional,clean,transit_smooth,stable,0.0,,0.0,,0.0,,,,,,0.0,0.0,0.0,0.0,0.0,,0.0,,carry_minus_ewma
43,count1,regime_conditional,clean,warehouse,all,0.0,,0.0,,0.0,,,,,,0.0,0.0,0.0,0.0,0.0,,0.0,,carry_minus_ewma
43,count1,regime_conditional,clean,warehouse,record_stable,0.0,,0.0,,0.0,,,,,,0.0,0.0,0.0,0.0,0.0,,0.0,,carry_minus_ewma
43,count1,regime_conditional,clean,warehouse,stable,0.0,,0.0,,0.0,,,,,,0.0,0.0,0.0,0.0,0.0,,0.0,,carry_minus_ewma
43,count1,regime_conditional,observed,all,all,0.0,0.0,0.0,0.0,0.0,0.0,0.0,0.0,0.0,0.0,0.0,0.0,0.0,0.0,0.0,0.0,0.0,0.0,carry_minus_ewma
43,count1,regime_conditional,observed,all,record_stable,0.0,0.0,0.0,0.0,0.0,0.0,0.0,0.0,0.0,0.0,0.0,0.0,0.0,0.0,0.0,0.0,0.0,0.0,carry_minus_ewma
43,count1,regime_conditional,observed,all,stable,0.0,0.0,0.0,0.0,0.0,0.0,0.0,0.0,0.0,0.0,0.0,0.0,0.0,0.0,0.0,0.0,0.0,0.0,carry_minus_ewma
43,count1,regime_conditional,observed,transit_rough,all,0.0,0.0,0.0,0.0,0.0,0.0,0.0,0.0,0.0,0.0,0.0,0.0,0.0,0.0,0.0,0.0,0.0,0.0,carry_minus_ewma
43,count1,regime_conditional,observed,transit_rough,record_stable,0.0,0.0,0.0,0.0,0.0,0.0,0.0,0.0,0.0,0.0,0.0,0.0,0.0,0.0,0.0,0.0,0.0,0.0,carry_minus_ewma
43,count1,regime_conditional,observed,transit_rough,stable,0.0,0.0,0.0,0.0,0.0,0.0,0.0,0.0,0.0,0.0,0.0,0.0,0.0,0.0,0.0,0.0,0.0,0.0,carry_minus_ewma
43,count1,regime_conditional,observed,transit_smooth,all,0.0,0.0,0.0,0.0,0.0,0.0,0.0,0.0,0.0,0.0,0.0,0.0,0.0,0.0,0.0,0.0,0.0,0.0,carry_minus_ewma
43,count1,regime_conditional,observed,transit_smooth,record_stable,0.0,0.0,0.0,0.0,0.0,0.0,0.0,0.0,0.0,0.0,0.0,0.0,0.0,0.0,0.0,0.0,0.0,0.0,carry_minus_ewma
43,count1,regime_conditional,observed,transit_smooth,stable,0.0,0.0,0.0,0.0,0.0,0.0,0.0,0.0,0.0,0.0,0.0,0.0,0.0,0.0,0.0,0.0,0.0,0.0,carry_minus_ewma
43,count1,regime_conditional,observed,warehouse,all,0.0,0.0,0.0,0.0,0.0,0.0,0.0,0.0,0.0,0.0,0.0,0.0,0.0,0.0,0.0,0.0,0.0,0.0,carry_minus_ewma
43,count1,regime_conditional,observed,warehouse,record_stable,0.0,0.0,0.0,0.0,0.0,0.0,0.0,0.0,0.0,0.0,0.0,0.0,0.0,0.0,0.0,0.0,0.0,0.0,carry_minus_ewma
43,count1,regime_conditional,observed,warehouse,stable,0.0,0.0,0.0,0.0,0.0,0.0,0.0,0.0,0.0,0.0,0.0,0.0,0.0,0.0,0.0,0.0,0.0,0.0,carry_minus_ewma
43,count1,regime_marginal,clean,all,all,0.0,,0.0,,0.0,,,,,,0.0,0.0,0.0,0.0,0.0,,0.0,,carry_minus_ewma
43,count1,regime_marginal,clean,all,record_stable,0.0,,0.0,,0.0,,,,,,0.0,0.0,0.0,0.0,0.0,,0.0,,carry_minus_ewma
43,count1,regime_marginal,clean,all,stable,0.0,,0.0,,0.0,,,,,,0.0,0.0,0.0,0.0,0.0,,0.0,,carry_minus_ewma
43,count1,regime_marginal,clean,transit_rough,all,0.0,,0.0,,0.0,,,,,,0.0,0.0,0.0,0.0,0.0,,0.0,,carry_minus_ewma
43,count1,regime_marginal,clean,transit_rough,record_stable,0.0,,0.0,,0.0,,,,,,0.0,0.0,0.0,0.0,0.0,,0.0,,carry_minus_ewma
43,count1,regime_marginal,clean,transit_rough,stable,0.0,,0.0,,0.0,,,,,,0.0,0.0,0.0,0.0,0.0,,0.0,,carry_minus_ewma
43,count1,regime_marginal,clean,transit_smooth,all,0.0,,0.0,,0.0,,,,,,0.0,0.0,0.0,0.0,0.0,,0.0,,carry_minus_ewma
43,count1,regime_marginal,clean,transit_smooth,record_stable,0.0,,0.0,,0.0,,,,,,0.0,0.0,0.0,0.0,0.0,,0.0,,carry_minus_ewma
43,count1,regime_marginal,clean,transit_smooth,stable,0.0,,0.0,,0.0,,,,,,0.0,0.0,0.0,0.0,0.0,,0.0,,carry_minus_ewma
43,count1,regime_marginal,clean,warehouse,all,0.0,,0.0,,0.0,,,,,,0.0,0.0,0.0,0.0,0.0,,0.0,,carry_minus_ewma
43,count1,regime_marginal,clean,warehouse,record_stable,0.0,,0.0,,0.0,,,,,,0.0,0.0,0.0,0.0,0.0,,0.0,,carry_minus_ewma
43,count1,regime_marginal,clean,warehouse,stable,0.0,,0.0,,0.0,,,,,,0.0,0.0,0.0,0.0,0.0,,0.0,,carry_minus_ewma
43,count1,regime_marginal,observed,all,all,0.0,0.0,0.0,0.0,0.0,0.0,0.0,0.0,0.0,0.0,0.0,0.0,0.0,0.0,0.0,0.0,0.0,0.0,carry_minus_ewma
43,count1,regime_marginal,observed,all,record_stable,0.0,0.0,0.0,0.0,0.0,0.0,0.0,0.0,0.0,0.0,0.0,0.0,0.0,0.0,0.0,0.0,0.0,0.0,carry_minus_ewma
43,count1,regime_marginal,observed,all,stable,0.0,0.0,0.0,0.0,0.0,0.0,0.0,0.0,0.0,0.0,0.0,0.0,0.0,0.0,0.0,0.0,0.0,0.0,carry_minus_ewma
43,count1,regime_marginal,observed,transit_rough,all,0.0,0.0,0.0,0.0,0.0,0.0,0.0,0.0,0.0,0.0,0.0,0.0,0.0,0.0,0.0,0.0,0.0,0.0,carry_minus_ewma
43,count1,regime_marginal,observed,transit_rough,record_stable,0.0,0.0,0.0,0.0,0.0,0.0,0.0,0.0,0.0,0.0,0.0,0.0,0.0,0.0,0.0,0.0,0.0,0.0,carry_minus_ewma
43,count1,regime_marginal,observed,transit_rough,stable,0.0,0.0,0.0,0.0,0.0,0.0,0.0,0.0,0.0,0.0,0.0,0.0,0.0,0.0,0.0,0.0,0.0,0.0,carry_minus_ewma
43,count1,regime_marginal,observed,transit_smooth,all,0.0,0.0,0.0,0.0,0.0,0.0,0.0,0.0,0.0,0.0,0.0,0.0,0.0,0.0,0.0,0.0,0.0,0.0,carry_minus_ewma
43,count1,regime_marginal,observed,transit_smooth,record_stable,0.0,0.0,0.0,0.0,0.0,0.0,0.0,0.0,0.0,0.0,0.0,0.0,0.0,0.0,0.0,0.0,0.0,0.0,carry_minus_ewma
43,count1,regime_marginal,observed,transit_smooth,stable,0.0,0.0,0.0,0.0,0.0,0.0,0.0,0.0,0.0,0.0,0.0,0.0,0.0,0.0,0.0,0.0,0.0,0.0,carry_minus_ewma
43,count1,regime_marginal,observed,warehouse,all,0.0,0.0,0.0,0.0,0.0,0.0,0.0,0.0,0.0,0.0,0.0,0.0,0.0,0.0,0.0,0.0,0.0,0.0,carry_minus_ewma
43,count1,regime_marginal,observed,warehouse,record_stable,0.0,0.0,0.0,0.0,0.0,0.0,0.0,0.0,0.0,0.0,0.0,0.0,0.0,0.0,0.0,0.0,0.0,0.0,carry_minus_ewma
43,count1,regime_marginal,observed,warehouse,stable,0.0,0.0,0.0,0.0,0.0,0.0,0.0,0.0,0.0,0.0,0.0,0.0,0.0,0.0,0.0,0.0,0.0,0.0,carry_minus_ewma
43,count3,regime_conditional,clean,all,all,0.0,,0.0,,0.0,,,,,,0.0,0.0,0.0,0.0,0.0,,0.0,,carry_minus_ewma
43,count3,regime_conditional,clean,all,record_stable,0.0,,0.0,,0.0,,,,,,0.0,0.0,0.0,0.0,0.0,,0.0,,carry_minus_ewma
43,count3,regime_conditional,clean,all,stable,0.0,,0.0,,0.0,,,,,,0.0,0.0,0.0,0.0,0.0,,0.0,,carry_minus_ewma
43,count3,regime_conditional,clean,transit_rough,all,0.0,,0.0,,0.0,,,,,,0.0,0.0,0.0,0.0,0.0,,0.0,,carry_minus_ewma
43,count3,regime_conditional,clean,transit_rough,record_stable,0.0,,0.0,,0.0,,,,,,0.0,0.0,0.0,0.0,0.0,,0.0,,carry_minus_ewma
43,count3,regime_conditional,clean,transit_rough,stable,0.0,,0.0,,0.0,,,,,,0.0,0.0,0.0,0.0,0.0,,0.0,,carry_minus_ewma
43,count3,regime_conditional,clean,transit_smooth,all,0.0,,0.0,,0.0,,,,,,0.0,0.0,0.0,0.0,0.0,,0.0,,carry_minus_ewma
43,count3,regime_conditional,clean,transit_smooth,record_stable,0.0,,0.0,,0.0,,,,,,0.0,0.0,0.0,0.0,0.0,,0.0,,carry_minus_ewma
43,count3,regime_conditional,clean,transit_smooth,stable,0.0,,0.0,,0.0,,,,,,0.0,0.0,0.0,0.0,0.0,,0.0,,carry_minus_ewma
43,count3,regime_conditional,clean,warehouse,all,0.0,,0.0,,0.0,,,,,,0.0,0.0,0.0,0.0,0.0,,0.0,,carry_minus_ewma
43,count3,regime_conditional,clean,warehouse,record_stable,0.0,,0.0,,0.0,,,,,,0.0,0.0,0.0,0.0,0.0,,0.0,,carry_minus_ewma
43,count3,regime_conditional,clean,warehouse,stable,0.0,,0.0,,0.0,,,,,,0.0,0.0,0.0,0.0,0.0,,0.0,,carry_minus_ewma
43,count3,regime_conditional,observed,all,all,0.0,0.0,0.0,0.0,0.0,0.0,0.0,0.0,0.0,0.0,0.0,0.0,0.0,0.0,0.0,0.0,0.0,0.0,carry_minus_ewma
43,count3,regime_conditional,observed,all,record_stable,0.0,0.0,0.0,0.0,0.0,0.0,0.0,0.0,0.0,0.0,0.0,0.0,0.0,0.0,0.0,0.0,0.0,0.0,carry_minus_ewma
43,count3,regime_conditional,observed,all,stable,0.0,0.0,0.0,0.0,0.0,0.0,0.0,0.0,0.0,0.0,0.0,0.0,0.0,0.0,0.0,0.0,0.0,0.0,carry_minus_ewma
43,count3,regime_conditional,observed,transit_rough,all,0.0,0.0,0.0,0.0,0.0,0.0,0.0,0.0,0.0,0.0,0.0,0.0,0.0,0.0,0.0,0.0,0.0,0.0,carry_minus_ewma
43,count3,regime_conditional,observed,transit_rough,record_stable,0.0,0.0,0.0,0.0,0.0,0.0,0.0,0.0,0.0,0.0,0.0,0.0,0.0,0.0,0.0,0.0,0.0,0.0,carry_minus_ewma
43,count3,regime_conditional,observed,transit_rough,stable,0.0,0.0,0.0,0.0,0.0,0.0,0.0,0.0,0.0,0.0,0.0,0.0,0.0,0.0,0.0,0.0,0.0,0.0,carry_minus_ewma
43,count3,regime_conditional,observed,transit_smooth,all,0.0,0.0,0.0,0.0,0.0,0.0,0.0,0.0,0.0,0.0,0.0,0.0,0.0,0.0,0.0,0.0,0.0,0.0,carry_minus_ewma
43,count3,regime_conditional,observed,transit_smooth,record_stable,0.0,0.0,0.0,0.0,0.0,0.0,0.0,0.0,0.0,0.0,0.0,0.0,0.0,0.0,0.0,0.0,0.0,0.0,carry_minus_ewma
43,count3,regime_conditional,observed,transit_smooth,stable,0.0,0.0,0.0,0.0,0.0,0.0,0.0,0.0,0.0,0.0,0.0,0.0,0.0,0.0,0.0,0.0,0.0,0.0,carry_minus_ewma
43,count3,regime_conditional,observed,warehouse,all,0.0,0.0,0.0,0.0,0.0,0.0,0.0,0.0,0.0,0.0,0.0,0.0,0.0,0.0,0.0,0.0,0.0,0.0,carry_minus_ewma
43,count3,regime_conditional,observed,warehouse,record_stable,0.0,0.0,0.0,0.0,0.0,0.0,0.0,0.0,0.0,0.0,0.0,0.0,0.0,0.0,0.0,0.0,0.0,0.0,carry_minus_ewma
43,count3,regime_conditional,observed,warehouse,stable,0.0,0.0,0.0,0.0,0.0,0.0,0.0,0.0,0.0,0.0,0.0,0.0,0.0,0.0,0.0,0.0,0.0,0.0,carry_minus_ewma
43,count3,regime_marginal,clean,all,all,0.0,,0.0,,0.0,,,,,,0.0,0.0,0.0,0.0,0.0,,0.0,,carry_minus_ewma
43,count3,regime_marginal,clean,all,record_stable,0.0,,0.0,,0.0,,,,,,0.0,0.0,0.0,0.0,0.0,,0.0,,carry_minus_ewma
43,count3,regime_marginal,clean,all,stable,0.0,,0.0,,0.0,,,,,,0.0,0.0,0.0,0.0,0.0,,0.0,,carry_minus_ewma
43,count3,regime_marginal,clean,transit_rough,all,0.0,,0.0,,0.0,,,,,,0.0,0.0,0.0,0.0,0.0,,0.0,,carry_minus_ewma
43,count3,regime_marginal,clean,transit_rough,record_stable,0.0,,0.0,,0.0,,,,,,0.0,0.0,0.0,0.0,0.0,,0.0,,carry_minus_ewma
43,count3,regime_marginal,clean,transit_rough,stable,0.0,,0.0,,0.0,,,,,,0.0,0.0,0.0,0.0,0.0,,0.0,,carry_minus_ewma
43,count3,regime_marginal,clean,transit_smooth,all,0.0,,0.0,,0.0,,,,,,0.0,0.0,0.0,0.0,0.0,,0.0,,carry_minus_ewma
43,count3,regime_marginal,clean,transit_smooth,record_stable,0.0,,0.0,,0.0,,,,,,0.0,0.0,0.0,0.0,0.0,,0.0,,carry_minus_ewma
43,count3,regime_marginal,clean,transit_smooth,stable,0.0,,0.0,,0.0,,,,,,0.0,0.0,0.0,0.0,0.0,,0.0,,carry_minus_ewma
43,count3,regime_marginal,clean,warehouse,all,0.0,,0.0,,0.0,,,,,,0.0,0.0,0.0,0.0,0.0,,0.0,,carry_minus_ewma
43,count3,regime_marginal,clean,warehouse,record_stable,0.0,,0.0,,0.0,,,,,,0.0,0.0,0.0,0.0,0.0,,0.0,,carry_minus_ewma
43,count3,regime_marginal,clean,warehouse,stable,0.0,,0.0,,0.0,,,,,,0.0,0.0,0.0,0.0,0.0,,0.0,,carry_minus_ewma
43,count3,regime_marginal,observed,all,all,0.0,0.0,0.0,0.0,0.0,0.0,0.0,0.0,0.0,0.0,0.0,0.0,0.0,0.0,0.0,0.0,0.0,0.0,carry_minus_ewma
43,count3,regime_marginal,observed,all,record_stable,0.0,0.0,0.0,0.0,0.0,0.0,0.0,0.0,0.0,0.0,0.0,0.0,0.0,0.0,0.0,0.0,0.0,0.0,carry_minus_ewma
43,count3,regime_marginal,observed,all,stable,0.0,0.0,0.0,0.0,0.0,0.0,0.0,0.0,0.0,0.0,0.0,0.0,0.0,0.0,0.0,0.0,0.0,0.0,carry_minus_ewma
43,count3,regime_marginal,observed,transit_rough,all,0.0,0.0,0.0,0.0,0.0,0.0,0.0,0.0,0.0,0.0,0.0,0.0,0.0,0.0,0.0,0.0,0.0,0.0,carry_minus_ewma
43,count3,regime_marginal,observed,transit_rough,record_stable,0.0,0.0,0.0,0.0,0.0,0.0,0.0,0.0,0.0,0.0,0.0,0.0,0.0,0.0,0.0,0.0,0.0,0.0,carry_minus_ewma
43,count3,regime_marginal,observed,transit_rough,stable,0.0,0.0,0.0,0.0,0.0,0.0,0.0,0.0,0.0,0.0,0.0,0.0,0.0,0.0,0.0,0.0,0.0,0.0,carry_minus_ewma
43,count3,regime_marginal,observed,transit_smooth,all,0.0,0.0,0.0,0.0,0.0,0.0,0.0,0.0,0.0,0.0,0.0,0.0,0.0,0.0,0.0,0.0,0.0,0.0,carry_minus_ewma
43,count3,regime_marginal,observed,transit_smooth,record_stable,0.0,0.0,0.0,0.0,0.0,0.0,0.0,0.0,0.0,0.0,0.0,0.0,0.0,0.0,0.0,0.0,0.0,0.0,carry_minus_ewma
43,count3,regime_marginal,observed,transit_smooth,stable,0.0,0.0,0.0,0.0,0.0,0.0,0.0,0.0,0.0,0.0,0.0,0.0,0.0,0.0,0.0,0.0,0.0,0.0,carry_minus_ewma
43,count3,regime_marginal,observed,warehouse,all,0.0,0.0,0.0,0.0,0.0,0.0,0.0,0.0,0.0,0.0,0.0,0.0,0.0,0.0,0.0,0.0,0.0,0.0,carry_minus_ewma
43,count3,regime_marginal,observed,warehouse,record_stable,0.0,0.0,0.0,0.0,0.0,0.0,0.0,0.0,0.0,0.0,0.0,0.0,0.0,0.0,0.0,0.0,0.0,0.0,carry_minus_ewma
43,count3,regime_marginal,observed,warehouse,stable,0.0,0.0,0.0,0.0,0.0,0.0,0.0,0.0,0.0,0.0,0.0,0.0,0.0,0.0,0.0,0.0,0.0,0.0,carry_minus_ewma
43,duration24,regime_conditional,clean,all,all,0.0,,0.0,,0.0,,,,,,0.0,0.0,0.0,0.0,0.0,,0.0,,carry_minus_ewma
43,duration24,regime_conditional,clean,all,record_stable,0.0,,0.0,,0.0,,,,,,0.0,0.0,0.0,0.0,0.0,,0.0,,carry_minus_ewma
43,duration24,regime_conditional,clean,all,stable,0.0,,0.0,,0.0,,,,,,0.0,0.0,0.0,0.0,0.0,,0.0,,carry_minus_ewma
43,duration24,regime_conditional,clean,transit_rough,all,0.0,,0.0,,0.0,,,,,,0.0,0.0,0.0,0.0,0.0,,0.0,,carry_minus_ewma
43,duration24,regime_conditional,clean,transit_rough,record_stable,0.0,,0.0,,0.0,,,,,,0.0,0.0,0.0,0.0,0.0,,0.0,,carry_minus_ewma
43,duration24,regime_conditional,clean,transit_rough,stable,0.0,,0.0,,0.0,,,,,,0.0,0.0,0.0,0.0,0.0,,0.0,,carry_minus_ewma
43,duration24,regime_conditional,clean,transit_smooth,all,0.0,,0.0,,0.0,,,,,,0.0,0.0,0.0,0.0,0.0,,0.0,,carry_minus_ewma
43,duration24,regime_conditional,clean,transit_smooth,record_stable,0.0,,0.0,,0.0,,,,,,0.0,0.0,0.0,0.0,0.0,,0.0,,carry_minus_ewma
43,duration24,regime_conditional,clean,transit_smooth,stable,0.0,,0.0,,0.0,,,,,,0.0,0.0,0.0,0.0,0.0,,0.0,,carry_minus_ewma
43,duration24,regime_conditional,clean,warehouse,all,0.0,,0.0,,0.0,,,,,,0.0,0.0,0.0,0.0,0.0,,0.0,,carry_minus_ewma
43,duration24,regime_conditional,clean,warehouse,record_stable,0.0,,0.0,,0.0,,,,,,0.0,0.0,0.0,0.0,0.0,,0.0,,carry_minus_ewma
43,duration24,regime_conditional,clean,warehouse,stable,0.0,,0.0,,0.0,,,,,,0.0,0.0,0.0,0.0,0.0,,0.0,,carry_minus_ewma
43,duration24,regime_conditional,observed,all,all,0.0,0.0,0.0,0.0,0.0,0.0,0.0,0.0,0.0,0.0,0.0,0.0,0.0,0.0,0.0,0.0,0.0,0.0,carry_minus_ewma
43,duration24,regime_conditional,observed,all,record_stable,0.0,0.0,0.0,0.0,0.0,0.0,0.0,0.0,0.0,0.0,0.0,0.0,0.0,0.0,0.0,0.0,0.0,0.0,carry_minus_ewma
43,duration24,regime_conditional,observed,all,stable,0.0,0.0,0.0,0.0,0.0,0.0,0.0,0.0,0.0,0.0,0.0,0.0,0.0,0.0,0.0,0.0,0.0,0.0,carry_minus_ewma
43,duration24,regime_conditional,observed,transit_rough,all,0.0,0.0,0.0,0.0,0.0,0.0,0.0,0.0,0.0,0.0,0.0,0.0,0.0,0.0,0.0,0.0,0.0,0.0,carry_minus_ewma
43,duration24,regime_conditional,observed,transit_rough,record_stable,0.0,0.0,0.0,0.0,0.0,0.0,0.0,0.0,0.0,0.0,0.0,0.0,0.0,0.0,0.0,0.0,0.0,0.0,carry_minus_ewma
43,duration24,regime_conditional,observed,transit_rough,stable,0.0,0.0,0.0,0.0,0.0,0.0,0.0,0.0,0.0,0.0,0.0,0.0,0.0,0.0,0.0,0.0,0.0,0.0,carry_minus_ewma
43,duration24,regime_conditional,observed,transit_smooth,all,0.0,0.0,0.0,0.0,0.0,0.0,0.0,0.0,0.0,0.0,0.0,0.0,0.0,0.0,0.0,0.0,0.0,0.0,carry_minus_ewma
43,duration24,regime_conditional,observed,transit_smooth,record_stable,0.0,0.0,0.0,0.0,0.0,0.0,0.0,0.0,0.0,0.0,0.0,0.0,0.0,0.0,0.0,0.0,0.0,0.0,carry_minus_ewma
43,duration24,regime_conditional,observed,transit_smooth,stable,0.0,0.0,0.0,0.0,0.0,0.0,0.0,0.0,0.0,0.0,0.0,0.0,0.0,0.0,0.0,0.0,0.0,0.0,carry_minus_ewma
43,duration24,regime_conditional,observed,warehouse,all,0.0,0.0,0.0,0.0,0.0,0.0,0.0,0.0,0.0,0.0,0.0,0.0,0.0,0.0,0.0,0.0,0.0,0.0,carry_minus_ewma
43,duration24,regime_conditional,observed,warehouse,record_stable,0.0,0.0,0.0,0.0,0.0,0.0,0.0,0.0,0.0,0.0,0.0,0.0,0.0,0.0,0.0,0.0,0.0,0.0,carry_minus_ewma
43,duration24,regime_conditional,observed,warehouse,stable,0.0,0.0,0.0,0.0,0.0,0.0,0.0,0.0,0.0,0.0,0.0,0.0,0.0,0.0,0.0,0.0,0.0,0.0,carry_minus_ewma
43,duration24,regime_marginal,clean,all,all,0.0,,0.0,,0.0,,,,,,0.0,0.0,0.0,0.0,0.0,,0.0,,carry_minus_ewma
43,duration24,regime_marginal,clean,all,record_stable,0.0,,0.0,,0.0,,,,,,0.0,0.0,0.0,0.0,0.0,,0.0,,carry_minus_ewma
43,duration24,regime_marginal,clean,all,stable,0.0,,0.0,,0.0,,,,,,0.0,0.0,0.0,0.0,0.0,,0.0,,carry_minus_ewma
43,duration24,regime_marginal,clean,transit_rough,all,0.0,,0.0,,0.0,,,,,,0.0,0.0,0.0,0.0,0.0,,0.0,,carry_minus_ewma
43,duration24,regime_marginal,clean,transit_rough,record_stable,0.0,,0.0,,0.0,,,,,,0.0,0.0,0.0,0.0,0.0,,0.0,,carry_minus_ewma
43,duration24,regime_marginal,clean,transit_rough,stable,0.0,,0.0,,0.0,,,,,,0.0,0.0,0.0,0.0,0.0,,0.0,,carry_minus_ewma
43,duration24,regime_marginal,clean,transit_smooth,all,0.0,,0.0,,0.0,,,,,,0.0,0.0,0.0,0.0,0.0,,0.0,,carry_minus_ewma
43,duration24,regime_marginal,clean,transit_smooth,record_stable,0.0,,0.0,,0.0,,,,,,0.0,0.0,0.0,0.0,0.0,,0.0,,carry_minus_ewma
43,duration24,regime_marginal,clean,transit_smooth,stable,0.0,,0.0,,0.0,,,,,,0.0,0.0,0.0,0.0,0.0,,0.0,,carry_minus_ewma
43,duration24,regime_marginal,clean,warehouse,all,0.0,,0.0,,0.0,,,,,,0.0,0.0,0.0,0.0,0.0,,0.0,,carry_minus_ewma
43,duration24,regime_marginal,clean,warehouse,record_stable,0.0,,0.0,,0.0,,,,,,0.0,0.0,0.0,0.0,0.0,,0.0,,carry_minus_ewma
43,duration24,regime_marginal,clean,warehouse,stable,0.0,,0.0,,0.0,,,,,,0.0,0.0,0.0,0.0,0.0,,0.0,,carry_minus_ewma
43,duration24,regime_marginal,observed,all,all,0.0,0.0,0.0,0.0,0.0,0.0,0.0,0.0,0.0,0.0,0.0,0.0,0.0,0.0,0.0,0.0,0.0,0.0,carry_minus_ewma
43,duration24,regime_marginal,observed,all,record_stable,0.0,0.0,0.0,0.0,0.0,0.0,0.0,0.0,0.0,0.0,0.0,0.0,0.0,0.0,0.0,0.0,0.0,0.0,carry_minus_ewma
43,duration24,regime_marginal,observed,all,stable,0.0,0.0,0.0,0.0,0.0,0.0,0.0,0.0,0.0,0.0,0.0,0.0,0.0,0.0,0.0,0.0,0.0,0.0,carry_minus_ewma
43,duration24,regime_marginal,observed,transit_rough,all,0.0,0.0,0.0,0.0,0.0,0.0,0.0,0.0,0.0,0.0,0.0,0.0,0.0,0.0,0.0,0.0,0.0,0.0,carry_minus_ewma
43,duration24,regime_marginal,observed,transit_rough,record_stable,0.0,0.0,0.0,0.0,0.0,0.0,0.0,0.0,0.0,0.0,0.0,0.0,0.0,0.0,0.0,0.0,0.0,0.0,carry_minus_ewma
43,duration24,regime_marginal,observed,transit_rough,stable,0.0,0.0,0.0,0.0,0.0,0.0,0.0,0.0,0.0,0.0,0.0,0.0,0.0,0.0,0.0,0.0,0.0,0.0,carry_minus_ewma
43,duration24,regime_marginal,observed,transit_smooth,all,0.0,0.0,0.0,0.0,0.0,0.0,0.0,0.0,0.0,0.0,0.0,0.0,0.0,0.0,0.0,0.0,0.0,0.0,carry_minus_ewma
43,duration24,regime_marginal,observed,transit_smooth,record_stable,0.0,0.0,0.0,0.0,0.0,0.0,0.0,0.0,0.0,0.0,0.0,0.0,0.0,0.0,0.0,0.0,0.0,0.0,carry_minus_ewma
43,duration24,regime_marginal,observed,transit_smooth,stable,0.0,0.0,0.0,0.0,0.0,0.0,0.0,0.0,0.0,0.0,0.0,0.0,0.0,0.0,0.0,0.0,0.0,0.0,carry_minus_ewma
43,duration24,regime_marginal,observed,warehouse,all,0.0,0.0,0.0,0.0,0.0,0.0,0.0,0.0,0.0,0.0,0.0,0.0,0.0,0.0,0.0,0.0,0.0,0.0,carry_minus_ewma
43,duration24,regime_marginal,observed,warehouse,record_stable,0.0,0.0,0.0,0.0,0.0,0.0,0.0,0.0,0.0,0.0,0.0,0.0,0.0,0.0,0.0,0.0,0.0,0.0,carry_minus_ewma
43,duration24,regime_marginal,observed,warehouse,stable,0.0,0.0,0.0,0.0,0.0,0.0,0.0,0.0,0.0,0.0,0.0,0.0,0.0,0.0,0.0,0.0,0.0,0.0,carry_minus_ewma
43,duration4,regime_conditional,clean,all,all,0.0,,0.0,,0.0,,,,,,0.0,0.0,0.0,0.0,0.0,,0.0,,carry_minus_ewma
43,duration4,regime_conditional,clean,all,record_stable,0.0,,0.0,,0.0,,,,,,0.0,0.0,0.0,0.0,0.0,,0.0,,carry_minus_ewma
43,duration4,regime_conditional,clean,all,stable,0.0,,0.0,,0.0,,,,,,0.0,0.0,0.0,0.0,0.0,,0.0,,carry_minus_ewma
43,duration4,regime_conditional,clean,transit_rough,all,0.0,,0.0,,0.0,,,,,,0.0,0.0,0.0,0.0,0.0,,0.0,,carry_minus_ewma
43,duration4,regime_conditional,clean,transit_rough,record_stable,0.0,,0.0,,0.0,,,,,,0.0,0.0,0.0,0.0,0.0,,0.0,,carry_minus_ewma
43,duration4,regime_conditional,clean,transit_rough,stable,0.0,,0.0,,0.0,,,,,,0.0,0.0,0.0,0.0,0.0,,0.0,,carry_minus_ewma
43,duration4,regime_conditional,clean,transit_smooth,all,0.0,,0.0,,0.0,,,,,,0.0,0.0,0.0,0.0,0.0,,0.0,,carry_minus_ewma
43,duration4,regime_conditional,clean,transit_smooth,record_stable,0.0,,0.0,,0.0,,,,,,0.0,0.0,0.0,0.0,0.0,,0.0,,carry_minus_ewma
43,duration4,regime_conditional,clean,transit_smooth,stable,0.0,,0.0,,0.0,,,,,,0.0,0.0,0.0,0.0,0.0,,0.0,,carry_minus_ewma
43,duration4,regime_conditional,clean,warehouse,all,0.0,,0.0,,0.0,,,,,,0.0,0.0,0.0,0.0,0.0,,0.0,,carry_minus_ewma
43,duration4,regime_conditional,clean,warehouse,record_stable,0.0,,0.0,,0.0,,,,,,0.0,0.0,0.0,0.0,0.0,,0.0,,carry_minus_ewma
43,duration4,regime_conditional,clean,warehouse,stable,0.0,,0.0,,0.0,,,,,,0.0,0.0,0.0,0.0,0.0,,0.0,,carry_minus_ewma
43,duration4,regime_conditional,observed,all,all,0.0,0.0,0.0,0.0,0.0,0.0,0.0,0.0,0.0,0.0,0.0,0.0,0.0,0.0,0.0,0.0,0.0,0.0,carry_minus_ewma
43,duration4,regime_conditional,observed,all,record_stable,0.0,0.0,0.0,0.0,0.0,0.0,0.0,0.0,0.0,0.0,0.0,0.0,0.0,0.0,0.0,0.0,0.0,0.0,carry_minus_ewma
43,duration4,regime_conditional,observed,all,stable,0.0,0.0,0.0,0.0,0.0,0.0,0.0,0.0,0.0,0.0,0.0,0.0,0.0,0.0,0.0,0.0,0.0,0.0,carry_minus_ewma
43,duration4,regime_conditional,observed,transit_rough,all,0.0,0.0,0.0,0.0,0.0,0.0,0.0,0.0,0.0,0.0,0.0,0.0,0.0,0.0,0.0,0.0,0.0,0.0,carry_minus_ewma
43,duration4,regime_conditional,observed,transit_rough,record_stable,0.0,0.0,0.0,0.0,0.0,0.0,0.0,0.0,0.0,0.0,0.0,0.0,0.0,0.0,0.0,0.0,0.0,0.0,carry_minus_ewma
43,duration4,regime_conditional,observed,transit_rough,stable,0.0,0.0,0.0,0.0,0.0,0.0,0.0,0.0,0.0,0.0,0.0,0.0,0.0,0.0,0.0,0.0,0.0,0.0,carry_minus_ewma
43,duration4,regime_conditional,observed,transit_smooth,all,0.0,0.0,0.0,0.0,0.0,0.0,0.0,0.0,0.0,0.0,0.0,0.0,0.0,0.0,0.0,0.0,0.0,0.0,carry_minus_ewma
43,duration4,regime_conditional,observed,transit_smooth,record_stable,0.0,0.0,0.0,0.0,0.0,0.0,0.0,0.0,0.0,0.0,0.0,0.0,0.0,0.0,0.0,0.0,0.0,0.0,carry_minus_ewma
43,duration4,regime_conditional,observed,transit_smooth,stable,0.0,0.0,0.0,0.0,0.0,0.0,0.0,0.0,0.0,0.0,0.0,0.0,0.0,0.0,0.0,0.0,0.0,0.0,carry_minus_ewma
43,duration4,regime_conditional,observed,warehouse,all,0.0,0.0,0.0,0.0,0.0,0.0,0.0,0.0,0.0,0.0,0.0,0.0,0.0,0.0,0.0,0.0,0.0,0.0,carry_minus_ewma
43,duration4,regime_conditional,observed,warehouse,record_stable,0.0,0.0,0.0,0.0,0.0,0.0,0.0,0.0,0.0,0.0,0.0,0.0,0.0,0.0,0.0,0.0,0.0,0.0,carry_minus_ewma
43,duration4,regime_conditional,observed,warehouse,stable,0.0,0.0,0.0,0.0,0.0,0.0,0.0,0.0,0.0,0.0,0.0,0.0,0.0,0.0,0.0,0.0,0.0,0.0,carry_minus_ewma
43,duration4,regime_marginal,clean,all,all,0.0,,0.0,,0.0,,,,,,0.0,0.0,0.0,0.0,0.0,,0.0,,carry_minus_ewma
43,duration4,regime_marginal,clean,all,record_stable,0.0,,0.0,,0.0,,,,,,0.0,0.0,0.0,0.0,0.0,,0.0,,carry_minus_ewma
43,duration4,regime_marginal,clean,all,stable,0.0,,0.0,,0.0,,,,,,0.0,0.0,0.0,0.0,0.0,,0.0,,carry_minus_ewma
43,duration4,regime_marginal,clean,transit_rough,all,0.0,,0.0,,0.0,,,,,,0.0,0.0,0.0,0.0,0.0,,0.0,,carry_minus_ewma
43,duration4,regime_marginal,clean,transit_rough,record_stable,0.0,,0.0,,0.0,,,,,,0.0,0.0,0.0,0.0,0.0,,0.0,,carry_minus_ewma
43,duration4,regime_marginal,clean,transit_rough,stable,0.0,,0.0,,0.0,,,,,,0.0,0.0,0.0,0.0,0.0,,0.0,,carry_minus_ewma
43,duration4,regime_marginal,clean,transit_smooth,all,0.0,,0.0,,0.0,,,,,,0.0,0.0,0.0,0.0,0.0,,0.0,,carry_minus_ewma
43,duration4,regime_marginal,clean,transit_smooth,record_stable,0.0,,0.0,,0.0,,,,,,0.0,0.0,0.0,0.0,0.0,,0.0,,carry_minus_ewma
43,duration4,regime_marginal,clean,transit_smooth,stable,0.0,,0.0,,0.0,,,,,,0.0,0.0,0.0,0.0,0.0,,0.0,,carry_minus_ewma
43,duration4,regime_marginal,clean,warehouse,all,0.0,,0.0,,0.0,,,,,,0.0,0.0,0.0,0.0,0.0,,0.0,,carry_minus_ewma
43,duration4,regime_marginal,clean,warehouse,record_stable,0.0,,0.0,,0.0,,,,,,0.0,0.0,0.0,0.0,0.0,,0.0,,carry_minus_ewma
43,duration4,regime_marginal,clean,warehouse,stable,0.0,,0.0,,0.0,,,,,,0.0,0.0,0.0,0.0,0.0,,0.0,,carry_minus_ewma
43,duration4,regime_marginal,observed,all,all,0.0,0.0,0.0,0.0,0.0,0.0,0.0,0.0,0.0,0.0,0.0,0.0,0.0,0.0,0.0,0.0,0.0,0.0,carry_minus_ewma
43,duration4,regime_marginal,observed,all,record_stable,0.0,0.0,0.0,0.0,0.0,0.0,0.0,0.0,0.0,0.0,0.0,0.0,0.0,0.0,0.0,0.0,0.0,0.0,carry_minus_ewma
43,duration4,regime_marginal,observed,all,stable,0.0,0.0,0.0,0.0,0.0,0.0,0.0,0.0,0.0,0.0,0.0,0.0,0.0,0.0,0.0,0.0,0.0,0.0,carry_minus_ewma
43,duration4,regime_marginal,observed,transit_rough,all,0.0,0.0,0.0,0.0,0.0,0.0,0.0,0.0,0.0,0.0,0.0,0.0,0.0,0.0,0.0,0.0,0.0,0.0,carry_minus_ewma
43,duration4,regime_marginal,observed,transit_rough,record_stable,0.0,0.0,0.0,0.0,0.0,0.0,0.0,0.0,0.0,0.0,0.0,0.0,0.0,0.0,0.0,0.0,0.0,0.0,carry_minus_ewma
43,duration4,regime_marginal,observed,transit_rough,stable,0.0,0.0,0.0,0.0,0.0,0.0,0.0,0.0,0.0,0.0,0.0,0.0,0.0,0.0,0.0,0.0,0.0,0.0,carry_minus_ewma
43,duration4,regime_marginal,observed,transit_smooth,all,0.0,0.0,0.0,0.0,0.0,0.0,0.0,0.0,0.0,0.0,0.0,0.0,0.0,0.0,0.0,0.0,0.0,0.0,carry_minus_ewma
43,duration4,regime_marginal,observed,transit_smooth,record_stable,0.0,0.0,0.0,0.0,0.0,0.0,0.0,0.0,0.0,0.0,0.0,0.0,0.0,0.0,0.0,0.0,0.0,0.0,carry_minus_ewma
43,duration4,regime_marginal,observed,transit_smooth,stable,0.0,0.0,0.0,0.0,0.0,0.0,0.0,0.0,0.0,0.0,0.0,0.0,0.0,0.0,0.0,0.0,0.0,0.0,carry_minus_ewma
43,duration4,regime_marginal,observed,warehouse,all,0.0,0.0,0.0,0.0,0.0,0.0,0.0,0.0,0.0,0.0,0.0,0.0,0.0,0.0,0.0,0.0,0.0,0.0,carry_minus_ewma
43,duration4,regime_marginal,observed,warehouse,record_stable,0.0,0.0,0.0,0.0,0.0,0.0,0.0,0.0,0.0,0.0,0.0,0.0,0.0,0.0,0.0,0.0,0.0,0.0,carry_minus_ewma
43,duration4,regime_marginal,observed,warehouse,stable,0.0,0.0,0.0,0.0,0.0,0.0,0.0,0.0,0.0,0.0,0.0,0.0,0.0,0.0,0.0,0.0,0.0,0.0,carry_minus_ewma
43,magnitude2,regime_conditional,clean,all,all,0.0,,0.0,,0.0,,,,,,0.0,0.0,0.0,0.0,0.0,,0.0,,carry_minus_ewma
43,magnitude2,regime_conditional,clean,all,record_stable,0.0,,0.0,,0.0,,,,,,0.0,0.0,0.0,0.0,0.0,,0.0,,carry_minus_ewma
43,magnitude2,regime_conditional,clean,all,stable,0.0,,0.0,,0.0,,,,,,0.0,0.0,0.0,0.0,0.0,,0.0,,carry_minus_ewma
43,magnitude2,regime_conditional,clean,transit_rough,all,0.0,,0.0,,0.0,,,,,,0.0,0.0,0.0,0.0,0.0,,0.0,,carry_minus_ewma
43,magnitude2,regime_conditional,clean,transit_rough,record_stable,0.0,,0.0,,0.0,,,,,,0.0,0.0,0.0,0.0,0.0,,0.0,,carry_minus_ewma
43,magnitude2,regime_conditional,clean,transit_rough,stable,0.0,,0.0,,0.0,,,,,,0.0,0.0,0.0,0.0,0.0,,0.0,,carry_minus_ewma
43,magnitude2,regime_conditional,clean,transit_smooth,all,0.0,,0.0,,0.0,,,,,,0.0,0.0,0.0,0.0,0.0,,0.0,,carry_minus_ewma
43,magnitude2,regime_conditional,clean,transit_smooth,record_stable,0.0,,0.0,,0.0,,,,,,0.0,0.0,0.0,0.0,0.0,,0.0,,carry_minus_ewma
43,magnitude2,regime_conditional,clean,transit_smooth,stable,0.0,,0.0,,0.0,,,,,,0.0,0.0,0.0,0.0,0.0,,0.0,,carry_minus_ewma
43,magnitude2,regime_conditional,clean,warehouse,all,0.0,,0.0,,0.0,,,,,,0.0,0.0,0.0,0.0,0.0,,0.0,,carry_minus_ewma
43,magnitude2,regime_conditional,clean,warehouse,record_stable,0.0,,0.0,,0.0,,,,,,0.0,0.0,0.0,0.0,0.0,,0.0,,carry_minus_ewma
43,magnitude2,regime_conditional,clean,warehouse,stable,0.0,,0.0,,0.0,,,,,,0.0,0.0,0.0,0.0,0.0,,0.0,,carry_minus_ewma
43,magnitude2,regime_conditional,observed,all,all,0.0,0.0,0.0,0.0,0.0,0.0,0.0,0.0,0.0,0.0,0.0,0.0,0.0,0.0,0.0,0.0,0.0,0.0,carry_minus_ewma
43,magnitude2,regime_conditional,observed,all,record_stable,0.0,0.0,0.0,0.0,0.0,0.0,0.0,0.0,0.0,0.0,0.0,0.0,0.0,0.0,0.0,0.0,0.0,0.0,carry_minus_ewma
43,magnitude2,regime_conditional,observed,all,stable,0.0,0.0,0.0,0.0,0.0,0.0,0.0,0.0,0.0,0.0,0.0,0.0,0.0,0.0,0.0,0.0,0.0,0.0,carry_minus_ewma
43,magnitude2,regime_conditional,observed,transit_rough,all,0.0,0.0,0.0,0.0,0.0,0.0,0.0,0.0,0.0,0.0,0.0,0.0,0.0,0.0,0.0,0.0,0.0,0.0,carry_minus_ewma
43,magnitude2,regime_conditional,observed,transit_rough,record_stable,0.0,0.0,0.0,0.0,0.0,0.0,0.0,0.0,0.0,0.0,0.0,0.0,0.0,0.0,0.0,0.0,0.0,0.0,carry_minus_ewma
43,magnitude2,regime_conditional,observed,transit_rough,stable,0.0,0.0,0.0,0.0,0.0,0.0,0.0,0.0,0.0,0.0,0.0,0.0,0.0,0.0,0.0,0.0,0.0,0.0,carry_minus_ewma
43,magnitude2,regime_conditional,observed,transit_smooth,all,0.0,0.0,0.0,0.0,0.0,0.0,0.0,0.0,0.0,0.0,0.0,0.0,0.0,0.0,0.0,0.0,0.0,0.0,carry_minus_ewma
43,magnitude2,regime_conditional,observed,transit_smooth,record_stable,0.0,0.0,0.0,0.0,0.0,0.0,0.0,0.0,0.0,0.0,0.0,0.0,0.0,0.0,0.0,0.0,0.0,0.0,carry_minus_ewma
43,magnitude2,regime_conditional,observed,transit_smooth,stable,0.0,0.0,0.0,0.0,0.0,0.0,0.0,0.0,0.0,0.0,0.0,0.0,0.0,0.0,0.0,0.0,0.0,0.0,carry_minus_ewma
43,magnitude2,regime_conditional,observed,warehouse,all,0.0,0.0,0.0,0.0,0.0,0.0,0.0,0.0,0.0,0.0,0.0,0.0,0.0,0.0,0.0,0.0,0.0,0.0,carry_minus_ewma
43,magnitude2,regime_conditional,observed,warehouse,record_stable,0.0,0.0,0.0,0.0,0.0,0.0,0.0,0.0,0.0,0.0,0.0,0.0,0.0,0.0,0.0,0.0,0.0,0.0,carry_minus_ewma
43,magnitude2,regime_conditional,observed,warehouse,stable,0.0,0.0,0.0,0.0,0.0,0.0,0.0,0.0,0.0,0.0,0.0,0.0,0.0,0.0,0.0,0.0,0.0,0.0,carry_minus_ewma
43,magnitude2,regime_marginal,clean,all,all,0.0,,0.0,,0.0,,,,,,0.0,0.0,0.0,0.0,0.0,,0.0,,carry_minus_ewma
43,magnitude2,regime_marginal,clean,all,record_stable,0.0,,0.0,,0.0,,,,,,0.0,0.0,0.0,0.0,0.0,,0.0,,carry_minus_ewma
43,magnitude2,regime_marginal,clean,all,stable,0.0,,0.0,,0.0,,,,,,0.0,0.0,0.0,0.0,0.0,,0.0,,carry_minus_ewma
43,magnitude2,regime_marginal,clean,transit_rough,all,0.0,,0.0,,0.0,,,,,,0.0,0.0,0.0,0.0,0.0,,0.0,,carry_minus_ewma
43,magnitude2,regime_marginal,clean,transit_rough,record_stable,0.0,,0.0,,0.0,,,,,,0.0,0.0,0.0,0.0,0.0,,0.0,,carry_minus_ewma
43,magnitude2,regime_marginal,clean,transit_rough,stable,0.0,,0.0,,0.0,,,,,,0.0,0.0,0.0,0.0,0.0,,0.0,,carry_minus_ewma
43,magnitude2,regime_marginal,clean,transit_smooth,all,0.0,,0.0,,0.0,,,,,,0.0,0.0,0.0,0.0,0.0,,0.0,,carry_minus_ewma
43,magnitude2,regime_marginal,clean,transit_smooth,record_stable,0.0,,0.0,,0.0,,,,,,0.0,0.0,0.0,0.0,0.0,,0.0,,carry_minus_ewma
43,magnitude2,regime_marginal,clean,transit_smooth,stable,0.0,,0.0,,0.0,,,,,,0.0,0.0,0.0,0.0,0.0,,0.0,,carry_minus_ewma
43,magnitude2,regime_marginal,clean,warehouse,all,0.0,,0.0,,0.0,,,,,,0.0,0.0,0.0,0.0,0.0,,0.0,,carry_minus_ewma
43,magnitude2,regime_marginal,clean,warehouse,record_stable,0.0,,0.0,,0.0,,,,,,0.0,0.0,0.0,0.0,0.0,,0.0,,carry_minus_ewma
43,magnitude2,regime_marginal,clean,warehouse,stable,0.0,,0.0,,0.0,,,,,,0.0,0.0,0.0,0.0,0.0,,0.0,,carry_minus_ewma
43,magnitude2,regime_marginal,observed,all,all,0.0,0.0,0.0,0.0,0.0,0.0,0.0,0.0,0.0,0.0,0.0,0.0,0.0,0.0,0.0,0.0,0.0,0.0,carry_minus_ewma
43,magnitude2,regime_marginal,observed,all,record_stable,0.0,0.0,0.0,0.0,0.0,0.0,0.0,0.0,0.0,0.0,0.0,0.0,0.0,0.0,0.0,0.0,0.0,0.0,carry_minus_ewma
43,magnitude2,regime_marginal,observed,all,stable,0.0,0.0,0.0,0.0,0.0,0.0,0.0,0.0,0.0,0.0,0.0,0.0,0.0,0.0,0.0,0.0,0.0,0.0,carry_minus_ewma
43,magnitude2,regime_marginal,observed,transit_rough,all,0.0,0.0,0.0,0.0,0.0,0.0,0.0,0.0,0.0,0.0,0.0,0.0,0.0,0.0,0.0,0.0,0.0,0.0,carry_minus_ewma
43,magnitude2,regime_marginal,observed,transit_rough,record_stable,0.0,0.0,0.0,0.0,0.0,0.0,0.0,0.0,0.0,0.0,0.0,0.0,0.0,0.0,0.0,0.0,0.0,0.0,carry_minus_ewma
43,magnitude2,regime_marginal,observed,transit_rough,stable,0.0,0.0,0.0,0.0,0.0,0.0,0.0,0.0,0.0,0.0,0.0,0.0,0.0,0.0,0.0,0.0,0.0,0.0,carry_minus_ewma
43,magnitude2,regime_marginal,observed,transit_smooth,all,0.0,0.0,0.0,0.0,0.0,0.0,0.0,0.0,0.0,0.0,0.0,0.0,0.0,0.0,0.0,0.0,0.0,0.0,carry_minus_ewma
43,magnitude2,regime_marginal,observed,transit_smooth,record_stable,0.0,0.0,0.0,0.0,0.0,0.0,0.0,0.0,0.0,0.0,0.0,0.0,0.0,0.0,0.0,0.0,0.0,0.0,carry_minus_ewma
43,magnitude2,regime_marginal,observed,transit_smooth,stable,0.0,0.0,0.0,0.0,0.0,0.0,0.0,0.0,0.0,0.0,0.0,0.0,0.0,0.0,0.0,0.0,0.0,0.0,carry_minus_ewma
43,magnitude2,regime_marginal,observed,warehouse,all,0.0,0.0,0.0,0.0,0.0,0.0,0.0,0.0,0.0,0.0,0.0,0.0,0.0,0.0,0.0,0.0,0.0,0.0,carry_minus_ewma
43,magnitude2,regime_marginal,observed,warehouse,record_stable,0.0,0.0,0.0,0.0,0.0,0.0,0.0,0.0,0.0,0.0,0.0,0.0,0.0,0.0,0.0,0.0,0.0,0.0,carry_minus_ewma
43,magnitude2,regime_marginal,observed,warehouse,stable,0.0,0.0,0.0,0.0,0.0,0.0,0.0,0.0,0.0,0.0,0.0,0.0,0.0,0.0,0.0,0.0,0.0,0.0,carry_minus_ewma
43,magnitude4,regime_conditional,clean,all,all,0.0,,0.0,,0.0,,,,,,0.0,0.0,0.0,0.0,0.0,,0.0,,carry_minus_ewma
43,magnitude4,regime_conditional,clean,all,record_stable,0.0,,0.0,,0.0,,,,,,0.0,0.0,0.0,0.0,0.0,,0.0,,carry_minus_ewma
43,magnitude4,regime_conditional,clean,all,stable,0.0,,0.0,,0.0,,,,,,0.0,0.0,0.0,0.0,0.0,,0.0,,carry_minus_ewma
43,magnitude4,regime_conditional,clean,transit_rough,all,0.0,,0.0,,0.0,,,,,,0.0,0.0,0.0,0.0,0.0,,0.0,,carry_minus_ewma
43,magnitude4,regime_conditional,clean,transit_rough,record_stable,0.0,,0.0,,0.0,,,,,,0.0,0.0,0.0,0.0,0.0,,0.0,,carry_minus_ewma
43,magnitude4,regime_conditional,clean,transit_rough,stable,0.0,,0.0,,0.0,,,,,,0.0,0.0,0.0,0.0,0.0,,0.0,,carry_minus_ewma
43,magnitude4,regime_conditional,clean,transit_smooth,all,0.0,,0.0,,0.0,,,,,,0.0,0.0,0.0,0.0,0.0,,0.0,,carry_minus_ewma
43,magnitude4,regime_conditional,clean,transit_smooth,record_stable,0.0,,0.0,,0.0,,,,,,0.0,0.0,0.0,0.0,0.0,,0.0,,carry_minus_ewma
43,magnitude4,regime_conditional,clean,transit_smooth,stable,0.0,,0.0,,0.0,,,,,,0.0,0.0,0.0,0.0,0.0,,0.0,,carry_minus_ewma
43,magnitude4,regime_conditional,clean,warehouse,all,0.0,,0.0,,0.0,,,,,,0.0,0.0,0.0,0.0,0.0,,0.0,,carry_minus_ewma
43,magnitude4,regime_conditional,clean,warehouse,record_stable,0.0,,0.0,,0.0,,,,,,0.0,0.0,0.0,0.0,0.0,,0.0,,carry_minus_ewma
43,magnitude4,regime_conditional,clean,warehouse,stable,0.0,,0.0,,0.0,,,,,,0.0,0.0,0.0,0.0,0.0,,0.0,,carry_minus_ewma
43,magnitude4,regime_conditional,observed,all,all,0.0,0.0,0.0,0.0,0.0,0.0,0.0,0.0,0.0,0.0,0.0,0.0,0.0,0.0,0.0,0.0,0.0,0.0,carry_minus_ewma
43,magnitude4,regime_conditional,observed,all,record_stable,0.0,0.0,0.0,0.0,0.0,0.0,0.0,0.0,0.0,0.0,0.0,0.0,0.0,0.0,0.0,0.0,0.0,0.0,carry_minus_ewma
43,magnitude4,regime_conditional,observed,all,stable,0.0,0.0,0.0,0.0,0.0,0.0,0.0,0.0,0.0,0.0,0.0,0.0,0.0,0.0,0.0,0.0,0.0,0.0,carry_minus_ewma
43,magnitude4,regime_conditional,observed,transit_rough,all,0.0,0.0,0.0,0.0,0.0,0.0,0.0,0.0,0.0,0.0,0.0,0.0,0.0,0.0,0.0,0.0,0.0,0.0,carry_minus_ewma
43,magnitude4,regime_conditional,observed,transit_rough,record_stable,0.0,0.0,0.0,0.0,0.0,0.0,0.0,0.0,0.0,0.0,0.0,0.0,0.0,0.0,0.0,0.0,0.0,0.0,carry_minus_ewma
43,magnitude4,regime_conditional,observed,transit_rough,stable,0.0,0.0,0.0,0.0,0.0,0.0,0.0,0.0,0.0,0.0,0.0,0.0,0.0,0.0,0.0,0.0,0.0,0.0,carry_minus_ewma
43,magnitude4,regime_conditional,observed,transit_smooth,all,0.0,0.0,0.0,0.0,0.0,0.0,0.0,0.0,0.0,0.0,0.0,0.0,0.0,0.0,0.0,0.0,0.0,0.0,carry_minus_ewma
43,magnitude4,regime_conditional,observed,transit_smooth,record_stable,0.0,0.0,0.0,0.0,0.0,0.0,0.0,0.0,0.0,0.0,0.0,0.0,0.0,0.0,0.0,0.0,0.0,0.0,carry_minus_ewma
43,magnitude4,regime_conditional,observed,transit_smooth,stable,0.0,0.0,0.0,0.0,0.0,0.0,0.0,0.0,0.0,0.0,0.0,0.0,0.0,0.0,0.0,0.0,0.0,0.0,carry_minus_ewma
43,magnitude4,regime_conditional,observed,warehouse,all,0.0,0.0,0.0,0.0,0.0,0.0,0.0,0.0,0.0,0.0,0.0,0.0,0.0,0.0,0.0,0.0,0.0,0.0,carry_minus_ewma
43,magnitude4,regime_conditional,observed,warehouse,record_stable,0.0,0.0,0.0,0.0,0.0,0.0,0.0,0.0,0.0,0.0,0.0,0.0,0.0,0.0,0.0,0.0,0.0,0.0,carry_minus_ewma
43,magnitude4,regime_conditional,observed,warehouse,stable,0.0,0.0,0.0,0.0,0.0,0.0,0.0,0.0,0.0,0.0,0.0,0.0,0.0,0.0,0.0,0.0,0.0,0.0,carry_minus_ewma
43,magnitude4,regime_marginal,clean,all,all,0.0,,0.0,,0.0,,,,,,0.0,0.0,0.0,0.0,0.0,,0.0,,carry_minus_ewma
43,magnitude4,regime_marginal,clean,all,record_stable,0.0,,0.0,,0.0,,,,,,0.0,0.0,0.0,0.0,0.0,,0.0,,carry_minus_ewma
43,magnitude4,regime_marginal,clean,all,stable,0.0,,0.0,,0.0,,,,,,0.0,0.0,0.0,0.0,0.0,,0.0,,carry_minus_ewma
43,magnitude4,regime_marginal,clean,transit_rough,all,0.0,,0.0,,0.0,,,,,,0.0,0.0,0.0,0.0,0.0,,0.0,,carry_minus_ewma
43,magnitude4,regime_marginal,clean,transit_rough,record_stable,0.0,,0.0,,0.0,,,,,,0.0,0.0,0.0,0.0,0.0,,0.0,,carry_minus_ewma
43,magnitude4,regime_marginal,clean,transit_rough,stable,0.0,,0.0,,0.0,,,,,,0.0,0.0,0.0,0.0,0.0,,0.0,,carry_minus_ewma
43,magnitude4,regime_marginal,clean,transit_smooth,all,0.0,,0.0,,0.0,,,,,,0.0,0.0,0.0,0.0,0.0,,0.0,,carry_minus_ewma
43,magnitude4,regime_marginal,clean,transit_smooth,record_stable,0.0,,0.0,,0.0,,,,,,0.0,0.0,0.0,0.0,0.0,,0.0,,carry_minus_ewma
43,magnitude4,regime_marginal,clean,transit_smooth,stable,0.0,,0.0,,0.0,,,,,,0.0,0.0,0.0,0.0,0.0,,0.0,,carry_minus_ewma
43,magnitude4,regime_marginal,clean,warehouse,all,0.0,,0.0,,0.0,,,,,,0.0,0.0,0.0,0.0,0.0,,0.0,,carry_minus_ewma
43,magnitude4,regime_marginal,clean,warehouse,record_stable,0.0,,0.0,,0.0,,,,,,0.0,0.0,0.0,0.0,0.0,,0.0,,carry_minus_ewma
43,magnitude4,regime_marginal,clean,warehouse,stable,0.0,,0.0,,0.0,,,,,,0.0,0.0,0.0,0.0,0.0,,0.0,,carry_minus_ewma
43,magnitude4,regime_marginal,observed,all,all,0.0,0.0,0.0,0.0,0.0,0.0,0.0,0.0,0.0,0.0,0.0,0.0,0.0,0.0,0.0,0.0,0.0,0.0,carry_minus_ewma
43,magnitude4,regime_marginal,observed,all,record_stable,0.0,0.0,0.0,0.0,0.0,0.0,0.0,0.0,0.0,0.0,0.0,0.0,0.0,0.0,0.0,0.0,0.0,0.0,carry_minus_ewma
43,magnitude4,regime_marginal,observed,all,stable,0.0,0.0,0.0,0.0,0.0,0.0,0.0,0.0,0.0,0.0,0.0,0.0,0.0,0.0,0.0,0.0,0.0,0.0,carry_minus_ewma
43,magnitude4,regime_marginal,observed,transit_rough,all,0.0,0.0,0.0,0.0,0.0,0.0,0.0,0.0,0.0,0.0,0.0,0.0,0.0,0.0,0.0,0.0,0.0,0.0,carry_minus_ewma
43,magnitude4,regime_marginal,observed,transit_rough,record_stable,0.0,0.0,0.0,0.0,0.0,0.0,0.0,0.0,0.0,0.0,0.0,0.0,0.0,0.0,0.0,0.0,0.0,0.0,carry_minus_ewma
43,magnitude4,regime_marginal,observed,transit_rough,stable,0.0,0.0,0.0,0.0,0.0,0.0,0.0,0.0,0.0,0.0,0.0,0.0,0.0,0.0,0.0,0.0,0.0,0.0,carry_minus_ewma
43,magnitude4,regime_marginal,observed,transit_smooth,all,0.0,0.0,0.0,0.0,0.0,0.0,0.0,0.0,0.0,0.0,0.0,0.0,0.0,0.0,0.0,0.0,0.0,0.0,carry_minus_ewma
43,magnitude4,regime_marginal,observed,transit_smooth,record_stable,0.0,0.0,0.0,0.0,0.0,0.0,0.0,0.0,0.0,0.0,0.0,0.0,0.0,0.0,0.0,0.0,0.0,0.0,carry_minus_ewma
43,magnitude4,regime_marginal,observed,transit_smooth,stable,0.0,0.0,0.0,0.0,0.0,0.0,0.0,0.0,0.0,0.0,0.0,0.0,0.0,0.0,0.0,0.0,0.0,0.0,carry_minus_ewma
43,magnitude4,regime_marginal,observed,warehouse,all,0.0,0.0,0.0,0.0,0.0,0.0,0.0,0.0,0.0,0.0,0.0,0.0,0.0,0.0,0.0,0.0,0.0,0.0,carry_minus_ewma
43,magnitude4,regime_marginal,observed,warehouse,record_stable,0.0,0.0,0.0,0.0,0.0,0.0,0.0,0.0,0.0,0.0,0.0,0.0,0.0,0.0,0.0,0.0,0.0,0.0,carry_minus_ewma
43,magnitude4,regime_marginal,observed,warehouse,stable,0.0,0.0,0.0,0.0,0.0,0.0,0.0,0.0,0.0,0.0,0.0,0.0,0.0,0.0,0.0,0.0,0.0,0.0,carry_minus_ewma
43,steady_d12_n2_m1,regime_conditional,clean,all,all,0.0,,0.0,,0.0,,,,,,0.0,0.0,0.0,0.0,0.0,,0.0,,carry_minus_ewma
43,steady_d12_n2_m1,regime_conditional,clean,all,record_stable,0.0,,0.0,,0.0,,,,,,0.0,0.0,0.0,0.0,0.0,,0.0,,carry_minus_ewma
43,steady_d12_n2_m1,regime_conditional,clean,all,stable,0.0,,0.0,,0.0,,,,,,0.0,0.0,0.0,0.0,0.0,,0.0,,carry_minus_ewma
43,steady_d12_n2_m1,regime_conditional,clean,transit_rough,all,0.0,,0.0,,0.0,,,,,,0.0,0.0,0.0,0.0,0.0,,0.0,,carry_minus_ewma
43,steady_d12_n2_m1,regime_conditional,clean,transit_rough,record_stable,0.0,,0.0,,0.0,,,,,,0.0,0.0,0.0,0.0,0.0,,0.0,,carry_minus_ewma
43,steady_d12_n2_m1,regime_conditional,clean,transit_rough,stable,0.0,,0.0,,0.0,,,,,,0.0,0.0,0.0,0.0,0.0,,0.0,,carry_minus_ewma
43,steady_d12_n2_m1,regime_conditional,clean,transit_smooth,all,0.0,,0.0,,0.0,,,,,,0.0,0.0,0.0,0.0,0.0,,0.0,,carry_minus_ewma
43,steady_d12_n2_m1,regime_conditional,clean,transit_smooth,record_stable,0.0,,0.0,,0.0,,,,,,0.0,0.0,0.0,0.0,0.0,,0.0,,carry_minus_ewma
43,steady_d12_n2_m1,regime_conditional,clean,transit_smooth,stable,0.0,,0.0,,0.0,,,,,,0.0,0.0,0.0,0.0,0.0,,0.0,,carry_minus_ewma
43,steady_d12_n2_m1,regime_conditional,clean,warehouse,all,0.0,,0.0,,0.0,,,,,,0.0,0.0,0.0,0.0,0.0,,0.0,,carry_minus_ewma
43,steady_d12_n2_m1,regime_conditional,clean,warehouse,record_stable,0.0,,0.0,,0.0,,,,,,0.0,0.0,0.0,0.0,0.0,,0.0,,carry_minus_ewma
43,steady_d12_n2_m1,regime_conditional,clean,warehouse,stable,0.0,,0.0,,0.0,,,,,,0.0,0.0,0.0,0.0,0.0,,0.0,,carry_minus_ewma
43,steady_d12_n2_m1,regime_conditional,observed,all,all,0.0,0.0,0.0,0.0,0.0,0.0,0.0,0.0,0.0,0.0,0.0,0.0,0.0,0.0,0.0,0.0,0.0,0.0,carry_minus_ewma
43,steady_d12_n2_m1,regime_conditional,observed,all,record_stable,0.0,0.0,0.0,0.0,0.0,0.0,0.0,0.0,0.0,0.0,0.0,0.0,0.0,0.0,0.0,0.0,0.0,0.0,carry_minus_ewma
43,steady_d12_n2_m1,regime_conditional,observed,all,stable,0.0,0.0,0.0,0.0,0.0,0.0,0.0,0.0,0.0,0.0,0.0,0.0,0.0,0.0,0.0,0.0,0.0,0.0,carry_minus_ewma
43,steady_d12_n2_m1,regime_conditional,observed,transit_rough,all,0.0,0.0,0.0,0.0,0.0,0.0,0.0,0.0,0.0,0.0,0.0,0.0,0.0,0.0,0.0,0.0,0.0,0.0,carry_minus_ewma
43,steady_d12_n2_m1,regime_conditional,observed,transit_rough,record_stable,0.0,0.0,0.0,0.0,0.0,0.0,0.0,0.0,0.0,0.0,0.0,0.0,0.0,0.0,0.0,0.0,0.0,0.0,carry_minus_ewma
43,steady_d12_n2_m1,regime_conditional,observed,transit_rough,stable,0.0,0.0,0.0,0.0,0.0,0.0,0.0,0.0,0.0,0.0,0.0,0.0,0.0,0.0,0.0,0.0,0.0,0.0,carry_minus_ewma
43,steady_d12_n2_m1,regime_conditional,observed,transit_smooth,all,0.0,0.0,0.0,0.0,0.0,0.0,0.0,0.0,0.0,0.0,0.0,0.0,0.0,0.0,0.0,0.0,0.0,0.0,carry_minus_ewma
43,steady_d12_n2_m1,regime_conditional,observed,transit_smooth,record_stable,0.0,0.0,0.0,0.0,0.0,0.0,0.0,0.0,0.0,0.0,0.0,0.0,0.0,0.0,0.0,0.0,0.0,0.0,carry_minus_ewma
43,steady_d12_n2_m1,regime_conditional,observed,transit_smooth,stable,0.0,0.0,0.0,0.0,0.0,0.0,0.0,0.0,0.0,0.0,0.0,0.0,0.0,0.0,0.0,0.0,0.0,0.0,carry_minus_ewma
43,steady_d12_n2_m1,regime_conditional,observed,warehouse,all,0.0,0.0,0.0,0.0,0.0,0.0,0.0,0.0,0.0,0.0,0.0,0.0,0.0,0.0,0.0,0.0,0.0,0.0,carry_minus_ewma
43,steady_d12_n2_m1,regime_conditional,observed,warehouse,record_stable,0.0,0.0,0.0,0.0,0.0,0.0,0.0,0.0,0.0,0.0,0.0,0.0,0.0,0.0,0.0,0.0,0.0,0.0,carry_minus_ewma
43,steady_d12_n2_m1,regime_conditional,observed,warehouse,stable,0.0,0.0,0.0,0.0,0.0,0.0,0.0,0.0,0.0,0.0,0.0,0.0,0.0,0.0,0.0,0.0,0.0,0.0,carry_minus_ewma
43,steady_d12_n2_m1,regime_marginal,clean,all,all,0.0,,0.0,,0.0,,,,,,0.0,0.0,0.0,0.0,0.0,,0.0,,carry_minus_ewma
43,steady_d12_n2_m1,regime_marginal,clean,all,record_stable,0.0,,0.0,,0.0,,,,,,0.0,0.0,0.0,0.0,0.0,,0.0,,carry_minus_ewma
43,steady_d12_n2_m1,regime_marginal,clean,all,stable,0.0,,0.0,,0.0,,,,,,0.0,0.0,0.0,0.0,0.0,,0.0,,carry_minus_ewma
43,steady_d12_n2_m1,regime_marginal,clean,transit_rough,all,0.0,,0.0,,0.0,,,,,,0.0,0.0,0.0,0.0,0.0,,0.0,,carry_minus_ewma
43,steady_d12_n2_m1,regime_marginal,clean,transit_rough,record_stable,0.0,,0.0,,0.0,,,,,,0.0,0.0,0.0,0.0,0.0,,0.0,,carry_minus_ewma
43,steady_d12_n2_m1,regime_marginal,clean,transit_rough,stable,0.0,,0.0,,0.0,,,,,,0.0,0.0,0.0,0.0,0.0,,0.0,,carry_minus_ewma
43,steady_d12_n2_m1,regime_marginal,clean,transit_smooth,all,0.0,,0.0,,0.0,,,,,,0.0,0.0,0.0,0.0,0.0,,0.0,,carry_minus_ewma
43,steady_d12_n2_m1,regime_marginal,clean,transit_smooth,record_stable,0.0,,0.0,,0.0,,,,,,0.0,0.0,0.0,0.0,0.0,,0.0,,carry_minus_ewma
43,steady_d12_n2_m1,regime_marginal,clean,transit_smooth,stable,0.0,,0.0,,0.0,,,,,,0.0,0.0,0.0,0.0,0.0,,0.0,,carry_minus_ewma
43,steady_d12_n2_m1,regime_marginal,clean,warehouse,all,0.0,,0.0,,0.0,,,,,,0.0,0.0,0.0,0.0,0.0,,0.0,,carry_minus_ewma
43,steady_d12_n2_m1,regime_marginal,clean,warehouse,record_stable,0.0,,0.0,,0.0,,,,,,0.0,0.0,0.0,0.0,0.0,,0.0,,carry_minus_ewma
43,steady_d12_n2_m1,regime_marginal,clean,warehouse,stable,0.0,,0.0,,0.0,,,,,,0.0,0.0,0.0,0.0,0.0,,0.0,,carry_minus_ewma
43,steady_d12_n2_m1,regime_marginal,observed,all,all,0.0,0.0,0.0,0.0,0.0,0.0,0.0,0.0,0.0,0.0,0.0,0.0,0.0,0.0,0.0,0.0,0.0,0.0,carry_minus_ewma
43,steady_d12_n2_m1,regime_marginal,observed,all,record_stable,0.0,0.0,0.0,0.0,0.0,0.0,0.0,0.0,0.0,0.0,0.0,0.0,0.0,0.0,0.0,0.0,0.0,0.0,carry_minus_ewma
43,steady_d12_n2_m1,regime_marginal,observed,all,stable,0.0,0.0,0.0,0.0,0.0,0.0,0.0,0.0,0.0,0.0,0.0,0.0,0.0,0.0,0.0,0.0,0.0,0.0,carry_minus_ewma
43,steady_d12_n2_m1,regime_marginal,observed,transit_rough,all,0.0,0.0,0.0,0.0,0.0,0.0,0.0,0.0,0.0,0.0,0.0,0.0,0.0,0.0,0.0,0.0,0.0,0.0,carry_minus_ewma
43,steady_d12_n2_m1,regime_marginal,observed,transit_rough,record_stable,0.0,0.0,0.0,0.0,0.0,0.0,0.0,0.0,0.0,0.0,0.0,0.0,0.0,0.0,0.0,0.0,0.0,0.0,carry_minus_ewma
43,steady_d12_n2_m1,regime_marginal,observed,transit_rough,stable,0.0,0.0,0.0,0.0,0.0,0.0,0.0,0.0,0.0,0.0,0.0,0.0,0.0,0.0,0.0,0.0,0.0,0.0,carry_minus_ewma
43,steady_d12_n2_m1,regime_marginal,observed,transit_smooth,all,0.0,0.0,0.0,0.0,0.0,0.0,0.0,0.0,0.0,0.0,0.0,0.0,0.0,0.0,0.0,0.0,0.0,0.0,carry_minus_ewma
43,steady_d12_n2_m1,regime_marginal,observed,transit_smooth,record_stable,0.0,0.0,0.0,0.0,0.0,0.0,0.0,0.0,0.0,0.0,0.0,0.0,0.0,0.0,0.0,0.0,0.0,0.0,carry_minus_ewma
43,steady_d12_n2_m1,regime_marginal,observed,transit_smooth,stable,0.0,0.0,0.0,0.0,0.0,0.0,0.0,0.0,0.0,0.0,0.0,0.0,0.0,0.0,0.0,0.0,0.0,0.0,carry_minus_ewma
43,steady_d12_n2_m1,regime_marginal,observed,warehouse,all,0.0,0.0,0.0,0.0,0.0,0.0,0.0,0.0,0.0,0.0,0.0,0.0,0.0,0.0,0.0,0.0,0.0,0.0,carry_minus_ewma
43,steady_d12_n2_m1,regime_marginal,observed,warehouse,record_stable,0.0,0.0,0.0,0.0,0.0,0.0,0.0,0.0,0.0,0.0,0.0,0.0,0.0,0.0,0.0,0.0,0.0,0.0,carry_minus_ewma
43,steady_d12_n2_m1,regime_marginal,observed,warehouse,stable,0.0,0.0,0.0,0.0,0.0,0.0,0.0,0.0,0.0,0.0,0.0,0.0,0.0,0.0,0.0,0.0,0.0,0.0,carry_minus_ewma
43,switch_after6,regime_conditional,clean,all,all,0.0,,0.0,,0.0009259259259259255,,,,,,0.0,0.0,0.15432098765432034,0.0,0.0,,0.0,,carry_minus_ewma
43,switch_after6,regime_conditional,clean,all,record_stable,0.0,,0.0,,-0.00017806267806267685,,,,,,0.0,0.0,-0.17806267806267773,0.0,0.0,,0.0,,carry_minus_ewma
43,switch_after6,regime_conditional,clean,all,record_transition,0.0,,0.0,,0.008101851851851851,,,,,,0.0,,2.314814814814815,0.0,0.0,,0.0,,carry_minus_ewma
43,switch_after6,regime_conditional,clean,all,stable,0.0,,0.0,,-0.00017806267806267685,,,,,,0.0,0.0,-0.17806267806267773,0.0,0.0,,0.0,,carry_minus_ewma
43,switch_after6,regime_conditional,clean,all,transition,0.0,,0.0,,0.008101851851851851,,,,,,0.0,,2.314814814814815,0.0,0.0,,0.0,,carry_minus_ewma
43,switch_after6,regime_conditional,clean,transit_rough,all,0.0,,0.0,,0.001388888888888891,,,,,,0.0,0.0,0.4629629629629628,0.0,0.0,,0.0,,carry_minus_ewma
43,switch_after6,regime_conditional,clean,transit_rough,record_stable,0.0,,0.0,,0.0,,,,,,0.0,0.0,0.0,0.0,0.0,,0.0,,carry_minus_ewma
43,switch_after6,regime_conditional,clean,transit_rough,record_transition,0.0,,0.0,,0.010416666666666664,,,,,,0.0,,3.4722222222222223,0.0,0.0,,0.0,,carry_minus_ewma
43,switch_after6,regime_conditional,clean,transit_rough,stable,0.0,,0.0,,0.0,,,,,,0.0,0.0,0.0,0.0,0.0,,0.0,,carry_minus_ewma
43,switch_after6,regime_conditional,clean,transit_rough,transition,0.0,,0.0,,0.010416666666666664,,,,,,0.0,,3.4722222222222223,0.0,0.0,,0.0,,carry_minus_ewma
43,switch_after6,regime_conditional,clean,transit_smooth,all,0.0,,0.0,,-0.00046296296296296276,,,,,,0.0,0.0,-0.46296296296296324,0.0,0.0,,0.0,,carry_minus_ewma
43,switch_after6,regime_conditional,clean,transit_smooth,record_stable,0.0,,0.0,,-0.000534188034188034,,,,,,0.0,0.0,-0.5341880341880341,0.0,0.0,,0.0,,carry_minus_ewma
43,switch_after6,regime_conditional,clean,transit_smooth,record_transition,,,,,0.0,,,,,,0.0,,0.0,0.0,0.0,,,,carry_minus_ewma
43,switch_after6,regime_conditional,clean,transit_smooth,stable,0.0,,0.0,,-0.000534188034188034,,,,,,0.0,0.0,-0.5341880341880341,0.0,0.0,,0.0,,carry_minus_ewma
43,switch_after6,regime_conditional,clean,transit_smooth,transition,,,,,0.0,,,,,,0.0,,0.0,0.0,0.0,,,,carry_minus_ewma
43,switch_after6,regime_conditional,clean,warehouse,all,0.0,,0.0,,0.001851851851851851,,,,,,0.0,0.0,0.4629629629629628,0.0,0.0,,0.0,,carry_minus_ewma
43,switch_after6,regime_conditional,clean,warehouse,record_stable,0.0,,0.0,,0.0,,,,,,0.0,0.0,0.0,0.0,0.0,,0.0,,carry_minus_ewma
43,switch_after6,regime_conditional,clean,warehouse,record_transition,,,,,0.013888888888888888,,,,,,0.0,,3.4722222222222223,0.0,0.0,,,,carry_minus_ewma
43,switch_after6,regime_conditional,clean,warehouse,stable,0.0,,0.0,,0.0,,,,,,0.0,0.0,0.0,0.0,0.0,,0.0,,carry_minus_ewma
43,switch_after6,regime_conditional,clean,warehouse,transition,,,,,0.013888888888888888,,,,,,0.0,,3.4722222222222223,0.0,0.0,,,,carry_minus_ewma
43,switch_after6,regime_conditional,observed,all,all,0.0022994652406417293,0.00694444444444442,-0.0034589694656488312,-0.0005046650071309222,0.0006459948320413425,0.0,0.02430555555555558,0.0,0.00694444444444442,0.00694444444444442,0.0,-0.0069444444444444475,0.1614987080103365,0.0,0.0,0.00694444444444442,0.0022994652406417293,0.0,carry_minus_ewma
43,switch_after6,regime_conditional,observed,all,record_stable,0.002888338729130968,0.0,0.004088050314465408,0.001275877201636355,-0.0003654970760233918,0.0,0.00694444444444442,0.0,0.0,0.0,0.0,-0.0069444444444444475,0.0,0.0,0.0,0.0,0.002888338729130968,0.0,carry_minus_ewma
43,switch_after6,regime_conditional,observed,all,record_transition,0.006079027355623101,0.013888888888888895,-0.07692307692307687,-0.05075496545787517,0.008333333333333333,0.0,0.04166666666666663,0.0,0.013888888888888895,0.013888888888888867,0.0,,1.3888888888888893,0.0,0.0,0.013888888888888895,0.006079027355623101,0.0,carry_minus_ewma
43,switch_after6,regime_conditional,observed,all,stable,0.002888338729130968,0.0,0.004088050314465408,0.001275877201636355,-0.0003654970760233918,0.0,0.00694444444444442,0.0,0.0,0.0,0.0,-0.0069444444444444475,0.0,0.0,0.0,0.0,0.002888338729130968,0.0,carry_minus_ewma
43,switch_after6,regime_conditional,observed,all,transition,0.006079027355623101,0.013888888888888895,-0.07692307692307687,-0.05075496545787517,0.008333333333333333,0.0,0.04166666666666663,0.0,0.013888888888888895,0.013888888888888867,0.0,,1.3888888888888893,0.0,0.0,0.013888888888888895,0.006079027355623101,0.0,carry_minus_ewma
43,switch_after6,regime_conditional,observed,transit_rough,all,-0.007532051282051255,0.0,-0.014835858585858563,-0.004669172219043283,0.0014534883720930224,0.0,0.02083333333333326,0.0,0.0,0.0,0.0,0.0,0.4844961240310077,0.0,0.0,0.0,-0.007532051282051255,0.0,carry_minus_ewma
43,switch_after6,regime_conditional,observed,transit_rough,record_stable,0.0,0.0,0.0,-0.001783080654745639,0.0,0.0,0.0,0.0,0.0,0.0,0.0,0.0,0.0,0.0,0.0,0.0,0.0,0.0,carry_minus_ewma
43,switch_after6,regime_conditional,observed,transit_rough,record_transition,-0.015391791044776115,0.0,-0.10855263157894735,-0.0810035797835198,0.0125,0.0,0.04166666666666674,0.0,0.0,0.0,0.0,,4.166666666666667,0.0,0.0,0.0,-0.015391791044776115,0.0,carry_minus_ewma
43,switch_after6,regime_conditional,observed,transit_rough,stable,0.0,0.0,0.0,-0.001783080654745639,0.0,0.0,0.0,0.0,0.0,0.0,0.0,0.0,0.0,0.0,0.0,0.0,0.0,0.0,carry_minus_ewma
43,switch_after6,regime_conditional,observed,transit_rough,transition,-0.015391791044776115,0.0,-0.10855263157894735,-0.0810035797835198,0.0125,0.0,0.04166666666666674,0.0,0.0,0.0,0.0,,4.166666666666667,0.0,0.0,0.0,-0.015391791044776115,0.0,carry_minus_ewma
43,switch_after6,regime_conditional,observed,transit_smooth,all,0.009378832696053663,0.010416666666666685,0.006841046277666019,0.01274833191970215,0.0,0.0,0.03125,0.0,0.010416666666666685,0.010416666666666685,0.0,0.0,0.0,0.0,0.0,0.010416666666666685,0.009378832696053663,0.0,carry_minus_ewma
43,switch_after6,regime_conditional,observed,transit_smooth,record_stable,0.0,0.0,0.0,0.004716162958638304,0.0,0.0,0.02083333333333337,0.0,0.0,0.0,0.0,0.0,0.0,0.0,0.0,0.0,0.0,0.0,carry_minus_ewma
43,switch_after6,regime_conditional,observed,transit_smooth,record_transition,0.030391583869082417,0.020833333333333343,0.036363636363636376,2.5649753217393823e-05,0.0,0.0,0.04166666666666674,0.0,0.020833333333333343,0.020833333333333343,0.0,,0.0,0.0,0.0,0.020833333333333343,0.030391583869082417,0.0,carry_minus_ewma
43,switch_after6,regime_conditional,observed,transit_smooth,stable,0.0,0.0,0.0,0.004716162958638304,0.0,0.0,0.02083333333333337,0.0,0.0,0.0,0.0,0.0,0.0,0.0,0.0,0.0,0.0,0.0,carry_minus_ewma
43,switch_after6,regime_conditional,observed,transit_smooth,transition,0.030391583869082417,0.020833333333333343,0.036363636363636376,2.5649753217393823e-05,0.0,0.0,0.04166666666666674,0.0,0.020833333333333343,0.020833333333333343,0.0,,0.0,0.0,0.0,0.020833333333333343,0.030391583869082417,0.0,carry_minus_ewma
43,switch_after6,regime_conditional,observed,warehouse,all,0.005948295584534413,0.010416666666666685,0.0009661835748792091,-0.008335427647930105,0.0004844961240310086,0.0,0.02083333333333337,0.0,0.010416666666666685,0.010416666666666685,0.0,-0.020833333333333343,0.0,0.0,0.0,0.010416666666666685,0.005948295584534413,0.0,carry_minus_ewma
43,switch_after6,regime_conditional,observed,warehouse,record_stable,0.00706214689265533,0.0,0.009920634920634941,0.000400543327201186,-0.0010964912280701754,0.0,0.0,0.0,0.0,0.0,0.0,-0.020833333333333343,0.0,0.0,0.0,0.0,0.00706214689265533,0.0,carry_minus_ewma
43,switch_after6,regime_conditional,observed,warehouse,record_transition,0.0008658008658008476,0.02083333333333337,-0.11616161616161613,-0.05484730646317226,0.012499999999999999,0.0,0.04166666666666663,0.0,0.02083333333333337,0.020833333333333315,0.0,,0.0,0.0,0.0,0.02083333333333337,0.0008658008658008476,0.0,carry_minus_ewma
43,switch_after6,regime_conditional,observed,warehouse,stable,0.00706214689265533,0.0,0.009920634920634941,0.000400543327201186,-0.0010964912280701754,0.0,0.0,0.0,0.0,0.0,0.0,-0.020833333333333343,0.0,0.0,0.0,0.0,0.00706214689265533,0.0,carry_minus_ewma
43,switch_after6,regime_conditional,observed,warehouse,transition,0.0008658008658008476,0.02083333333333337,-0.11616161616161613,-0.05484730646317226,0.012499999999999999,0.0,0.04166666666666663,0.0,0.02083333333333337,0.020833333333333315,0.0,,0.0,0.0,0.0,0.02083333333333337,0.0008658008658008476,0.0,carry_minus_ewma
43,switch_after6,regime_marginal,clean,all,all,0.0,,0.0,,0.0013888888888888892,,,,,,0.0,0.0,0.15432098765432123,0.0,0.0,,0.0,,carry_minus_ewma
43,switch_after6,regime_marginal,clean,all,record_stable,0.0,,0.0,,0.0,,,,,,0.0,0.0,0.0,0.0,0.0,,0.0,,carry_minus_ewma
43,switch_after6,regime_marginal,clean,all,record_transition,0.0,,0.0,,0.010416666666666666,,,,,,0.0,,1.1574074074074074,0.0,0.0,,0.0,,carry_minus_ewma
43,switch_after6,regime_marginal,clean,all,stable,0.0,,0.0,,0.0,,,,,,0.0,0.0,0.0,0.0,0.0,,0.0,,carry_minus_ewma
43,switch_after6,regime_marginal,clean,all,transition,0.0,,0.0,,0.010416666666666666,,,,,,0.0,,1.1574074074074074,0.0,0.0,,0.0,,carry_minus_ewma
43,switch_after6,regime_marginal,clean,transit_rough,all,0.0,,0.0,,0.003240740740740742,,,,,,0.0,0.0,0.4629629629629628,0.0,0.0,,0.0,,carry_minus_ewma
43,switch_after6,regime_marginal,clean,transit_rough,record_stable,0.0,,0.0,,0.0,,,,,,0.0,0.0,0.0,0.0,0.0,,0.0,,carry_minus_ewma
43,switch_after6,regime_marginal,clean,transit_rough,record_transition,0.0,,0.0,,0.024305555555555552,,,,,,0.0,,3.472222222222223,0.0,0.0,,0.0,,carry_minus_ewma
43,switch_after6,regime_marginal,clean,transit_rough,stable,0.0,,0.0,,0.0,,,,,,0.0,0.0,0.0,0.0,0.0,,0.0,,carry_minus_ewma
43,switch_after6,regime_marginal,clean,transit_rough,transition,0.0,,0.0,,0.024305555555555552,,,,,,0.0,,3.472222222222223,0.0,0.0,,0.0,,carry_minus_ewma
43,switch_after6,regime_marginal,clean,transit_smooth,all,0.0,,0.0,,0.0,,,,,,0.0,0.0,0.0,0.0,0.0,,0.0,,carry_minus_ewma
43,switch_after6,regime_marginal,clean,transit_smooth,record_stable,0.0,,0.0,,0.0,,,,,,0.0,0.0,0.0,0.0,0.0,,0.0,,carry_minus_ewma
43,switch_after6,regime_marginal,clean,transit_smooth,record_transition,,,,,0.0,,,,,,0.0,,0.0,0.0,0.0,,,,carry_minus_ewma
43,switch_after6,regime_marginal,clean,transit_smooth,stable,0.0,,0.0,,0.0,,,,,,0.0,0.0,0.0,0.0,0.0,,0.0,,carry_minus_ewma
43,switch_after6,regime_marginal,clean,transit_smooth,transition,,,,,0.0,,,,,,0.0,,0.0,0.0,0.0,,,,carry_minus_ewma
43,switch_after6,regime_marginal,clean,warehouse,all,0.0,,0.0,,0.0009259259259259273,,,,,,0.0,0.0,0.0,0.0,0.0,,0.0,,carry_minus_ewma
43,switch_after6,regime_marginal,clean,warehouse,record_stable,0.0,,0.0,,0.0,,,,,,0.0,0.0,0.0,0.0,0.0,,0.0,,carry_minus_ewma
43,switch_after6,regime_marginal,clean,warehouse,record_transition,,,,,0.006944444444444444,,,,,,0.0,,0.0,0.0,0.0,,,,carry_minus_ewma
43,switch_after6,regime_marginal,clean,warehouse,stable,0.0,,0.0,,0.0,,,,,,0.0,0.0,0.0,0.0,0.0,,0.0,,carry_minus_ewma
43,switch_after6,regime_marginal,clean,warehouse,transition,,,,,0.006944444444444444,,,,,,0.0,,0.0,0.0,0.0,,,,carry_minus_ewma
43,switch_after6,regime_marginal,observed,all,all,0.0026006071496219585,0.00694444444444442,-0.013591659279895307,-0.001888795853898062,0.0012919896640826867,0.0,0.01388888888888895,0.0,0.00694444444444442,0.00347222222222221,0.0,0.0,0.0,0.0,0.0,0.00694444444444442,0.0026006071496219585,0.0,carry_minus_ewma
43,switch_after6,regime_marginal,observed,all,record_stable,-0.006025215660252159,-0.00694444444444442,-0.004873752201996484,0.0066054159034704685,0.0,0.0,0.0,0.0,-0.00694444444444442,-0.00694444444444442,0.0,0.0,0.0,0.0,0.0,-0.00694444444444442,-0.006025215660252159,0.0,carry_minus_ewma
43,switch_after6,regime_marginal,observed,all,record_transition,0.023692285734674967,0.02083333333333333,-0.1915708812260537,-0.08781927270544976,0.01111111111111111,0.0,0.02777777777777768,0.0,0.02083333333333333,0.013888888888888895,0.0,,0.0,0.0,0.0,0.02083333333333333,0.023692285734674967,0.0,carry_minus_ewma
43,switch_after6,regime_marginal,observed,all,stable,-0.006025215660252159,-0.00694444444444442,-0.004873752201996484,0.0066054159034704685,0.0,0.0,0.0,0.0,-0.00694444444444442,-0.00694444444444442,0.0,0.0,0.0,0.0,0.0,-0.00694444444444442,-0.006025215660252159,0.0,carry_minus_ewma
43,switch_after6,regime_marginal,observed,all,transition,0.023692285734674967,0.02083333333333333,-0.1915708812260537,-0.08781927270544976,0.01111111111111111,0.0,0.02777777777777768,0.0,0.02083333333333333,0.013888888888888895,0.0,,0.0,0.0,0.0,0.02083333333333333,0.023692285734674967,0.0,carry_minus_ewma
43,switch_after6,regime_marginal,observed,transit_rough,all,-0.019983289235482538,-0.010416666666666657,-0.03539659006671608,0.008423273305566192,0.002906976744186048,0.0,0.0,0.0,-0.010416666666666657,-0.020833333333333315,0.0,0.0,0.0,0.0,0.0,-0.010416666666666657,-0.019983289235482538,0.0,carry_minus_ewma
43,switch_after6,regime_marginal,observed,transit_rough,record_stable,-0.030639730639730633,-0.04166666666666663,-0.023118279569892486,0.013551798362343936,0.0,0.0,0.0,0.0,-0.04166666666666663,-0.04166666666666663,0.0,0.0,0.0,0.0,0.0,-0.04166666666666663,-0.030639730639730633,0.0,carry_minus_ewma
43,switch_after6,regime_marginal,observed,transit_rough,record_transition,0.01206140350877194,0.02083333333333333,-0.18055555555555558,-0.05739588781697247,0.024999999999999998,0.0,0.0,0.0,0.02083333333333333,0.0,0.0,,0.0,0.0,0.0,0.02083333333333333,0.01206140350877194,0.0,carry_minus_ewma
43,switch_after6,regime_marginal,observed,transit_rough,stable,-0.030639730639730633,-0.04166666666666663,-0.023118279569892486,0.013551798362343936,0.0,0.0,0.0,0.0,-0.04166666666666663,-0.04166666666666663,0.0,0.0,0.0,0.0,0.0,-0.04166666666666663,-0.030639730639730633,0.0,carry_minus_ewma
43,switch_after6,regime_marginal,observed,transit_rough,transition,0.01206140350877194,0.02083333333333333,-0.18055555555555558,-0.05739588781697247,0.024999999999999998,0.0,0.0,0.0,0.02083333333333333,0.0,0.0,,0.0,0.0,0.0,0.02083333333333333,0.01206140350877194,0.0,carry_minus_ewma
43,switch_after6,regime_marginal,observed,transit_smooth,all,0.024903863761215894,0.020833333333333315,0.011730205278592476,0.006513321574205588,0.0,0.0,0.04166666666666674,0.0,0.020833333333333315,0.020833333333333315,0.0,0.0,0.0,0.0,0.0,0.020833333333333315,0.024903863761215894,0.0,carry_minus_ewma
43,switch_after6,regime_marginal,observed,transit_smooth,record_stable,0.018455228981544725,0.02083333333333337,0.007389162561576401,0.004993556735589211,0.0,0.0,0.0,0.0,0.02083333333333337,0.02083333333333337,0.0,0.0,0.0,0.0,0.0,0.02083333333333337,0.018455228981544725,0.0,carry_minus_ewma
43,switch_after6,regime_marginal,observed,transit_smooth,record_transition,0.036199095022624445,0.02083333333333333,0.0,-0.02431686935839722,0.0,0.0,0.08333333333333326,0.0,0.02083333333333333,0.02083333333333333,0.0,,0.0,0.0,0.0,0.02083333333333333,0.036199095022624445,0.0,carry_minus_ewma
43,switch_after6,regime_marginal,observed,transit_smooth,stable,0.018455228981544725,0.02083333333333337,0.007389162561576401,0.004993556735589211,0.0,0.0,0.0,0.0,0.02083333333333337,0.02083333333333337,0.0,0.0,0.0,0.0,0.0,0.02083333333333337,0.018455228981544725,0.0,carry_minus_ewma
43,switch_after6,regime_marginal,observed,transit_smooth,transition,0.036199095022624445,0.02083333333333333,0.0,-0.02431686935839722,0.0,0.0,0.08333333333333326,0.0,0.02083333333333333,0.02083333333333333,0.0,,0.0,0.0,0.0,0.02083333333333333,0.036199095022624445,0.0,carry_minus_ewma
43,switch_after6,regime_marginal,observed,warehouse,all,0.009962640099626385,0.010416666666666685,0.003404255319148952,-0.009108780217281176,0.0009689922480620138,0.0,0.0,0.0,0.010416666666666685,0.010416666666666685,0.0,0.0,0.0,0.0,0.0,0.010416666666666685,0.009962640099626385,0.0,carry_minus_ewma
43,switch_after6,regime_marginal,observed,warehouse,record_stable,0.0,0.0,0.0,0.0006785503761896627,0.0,0.0,0.0,0.0,0.0,0.0,0.0,0.0,0.0,0.0,0.0,0.0,0.0,0.0,carry_minus_ewma
43,switch_after6,regime_marginal,observed,warehouse,record_transition,0.023391812865497075,0.020833333333333343,-0.2222222222222222,-0.1818258283139108,0.008333333333333333,0.0,0.0,0.0,0.020833333333333343,0.020833333333333343,0.0,,0.0,0.0,0.0,0.020833333333333343,0.023391812865497075,0.0,carry_minus_ewma
43,switch_after6,regime_marginal,observed,warehouse,stable,0.0,0.0,0.0,0.0006785503761896627,0.0,0.0,0.0,0.0,0.0,0.0,0.0,0.0,0.0,0.0,0.0,0.0,0.0,0.0,carry_minus_ewma
43,switch_after6,regime_marginal,observed,warehouse,transition,0.023391812865497075,0.020833333333333343,-0.2222222222222222,-0.1818258283139108,0.008333333333333333,0.0,0.0,0.0,0.020833333333333343,0.020833333333333343,0.0,,0.0,0.0,0.0,0.020833333333333343,0.023391812865497075,0.0,carry_minus_ewma
43,switch_at,regime_conditional,clean,all,all,0.0,,0.0,,0.0009259259259259255,,,,,,0.0,-0.003472222222222222,0.15432098765432034,0.0,0.0,,0.0,,carry_minus_ewma
43,switch_at,regime_conditional,clean,all,record_stable,0.0,,0.0,,-0.00017806267806267685,,,,,,0.0,-0.003472222222222222,-0.17806267806267773,0.0,0.0,,0.0,,carry_minus_ewma
43,switch_at,regime_conditional,clean,all,record_transition,0.0,,0.0,,0.008101851851851851,,,,,,0.0,,2.314814814814815,0.0,0.0,,0.0,,carry_minus_ewma
43,switch_at,regime_conditional,clean,all,stable,0.0,,0.0,,-0.00017806267806267685,,,,,,0.0,-0.003472222222222222,-0.17806267806267773,0.0,0.0,,0.0,,carry_minus_ewma
43,switch_at,regime_conditional,clean,all,transition,0.0,,0.0,,0.008101851851851851,,,,,,0.0,,2.314814814814815,0.0,0.0,,0.0,,carry_minus_ewma
43,switch_at,regime_conditional,clean,transit_rough,all,0.0,,0.0,,0.001388888888888891,,,,,,0.0,0.0,0.4629629629629628,0.0,0.0,,0.0,,carry_minus_ewma
43,switch_at,regime_conditional,clean,transit_rough,record_stable,0.0,,0.0,,0.0,,,,,,0.0,0.0,0.0,0.0,0.0,,0.0,,carry_minus_ewma
43,switch_at,regime_conditional,clean,transit_rough,record_transition,0.0,,0.0,,0.010416666666666664,,,,,,0.0,,3.4722222222222223,0.0,0.0,,0.0,,carry_minus_ewma
43,switch_at,regime_conditional,clean,transit_rough,stable,0.0,,0.0,,0.0,,,,,,0.0,0.0,0.0,0.0,0.0,,0.0,,carry_minus_ewma
43,switch_at,regime_conditional,clean,transit_rough,transition,0.0,,0.0,,0.010416666666666664,,,,,,0.0,,3.4722222222222223,0.0,0.0,,0.0,,carry_minus_ewma
43,switch_at,regime_conditional,clean,transit_smooth,all,0.0,,0.0,,-0.00046296296296296276,,,,,,0.0,-0.010416666666666666,-0.46296296296296324,0.0,0.0,,0.0,,carry_minus_ewma
43,switch_at,regime_conditional,clean,transit_smooth,record_stable,0.0,,0.0,,-0.000534188034188034,,,,,,0.0,-0.010416666666666666,-0.5341880341880341,0.0,0.0,,0.0,,carry_minus_ewma
43,switch_at,regime_conditional,clean,transit_smooth,record_transition,,,,,0.0,,,,,,0.0,,0.0,0.0,0.0,,,,carry_minus_ewma
43,switch_at,regime_conditional,clean,transit_smooth,stable,0.0,,0.0,,-0.000534188034188034,,,,,,0.0,-0.010416666666666666,-0.5341880341880341,0.0,0.0,,0.0,,carry_minus_ewma
43,switch_at,regime_conditional,clean,transit_smooth,transition,,,,,0.0,,,,,,0.0,,0.0,0.0,0.0,,,,carry_minus_ewma
43,switch_at,regime_conditional,clean,warehouse,all,0.0,,0.0,,0.001851851851851851,,,,,,0.0,0.0,0.4629629629629628,0.0,0.0,,0.0,,carry_minus_ewma
43,switch_at,regime_conditional,clean,warehouse,record_stable,0.0,,0.0,,0.0,,,,,,0.0,0.0,0.0,0.0,0.0,,0.0,,carry_minus_ewma
43,switch_at,regime_conditional,clean,warehouse,record_transition,,,,,0.013888888888888888,,,,,,0.0,,3.4722222222222223,0.0,0.0,,,,carry_minus_ewma
43,switch_at,regime_conditional,clean,warehouse,stable,0.0,,0.0,,0.0,,,,,,0.0,0.0,0.0,0.0,0.0,,0.0,,carry_minus_ewma
43,switch_at,regime_conditional,clean,warehouse,transition,,,,,0.013888888888888888,,,,,,0.0,,3.4722222222222223,0.0,0.0,,,,carry_minus_ewma
43,switch_at,regime_conditional,observed,all,all,0.02400465578035671,0.03125,0.014342654489533313,0.036449453138479526,0.00032299741602067125,0.006944444444444441,0.006944444444444531,0.0,0.03125,0.01041666666666663,0.0,-0.0069444444444444475,0.16149870801033472,0.0,0.0,0.03125,0.02400465578035671,0.0,carry_minus_ewma
43,switch_at,regime_conditional,observed,all,record_stable,0.0,,0.0,,-0.0003561253561253572,,,,,,0.0,-0.0069444444444444475,0.0,0.0,0.0,,0.0,,carry_minus_ewma
43,switch_at,regime_conditional,observed,all,record_transition,0.02442409985801175,0.03125,-0.013398692810457469,0.012589747154391095,0.006944444444444441,0.006944444444444441,0.006944444444444531,0.0,0.03125,0.01041666666666663,0.0,,1.7361111111111107,0.0,0.0,0.03125,0.02442409985801175,0.0,carry_minus_ewma
43,switch_at,regime_conditional,observed,all,stable,0.0,,0.0,,-0.0003561253561253572,,,,,,0.0,-0.0069444444444444475,0.0,0.0,0.0,,0.0,,carry_minus_ewma
43,switch_at,regime_conditional,observed,all,transition,0.02442409985801175,0.03125,-0.013398692810457469,0.012589747154391095,0.006944444444444441,0.006944444444444441,0.006944444444444531,0.0,0.03125,0.01041666666666663,0.0,,1.7361111111111107,0.0,0.0,0.03125,0.02442409985801175,0.0,carry_minus_ewma
43,switch_at,regime_conditional,observed,transit_rough,all,-0.0025970104182394538,0.01041666666666663,-0.018816840395289025,0.018714445250449074,0.002422480620155036,0.03125,0.0,0.0,0.01041666666666663,-0.03125,0.0,-0.020833333333333343,1.4534883720930232,0.0,0.0,0.01041666666666663,-0.0025970104182394538,0.0,carry_minus_ewma
43,switch_at,regime_conditional,observed,transit_rough,record_stable,0.0,,0.0,,-0.0005341880341880323,,,,,,0.0,-0.020833333333333343,0.5341880341880341,0.0,0.0,,0.0,,carry_minus_ewma
43,switch_at,regime_conditional,observed,transit_rough,record_transition,-0.012936880542514406,0.01041666666666663,-0.12263099219620954,-0.01267877421562924,0.03125,0.03125,0.0,0.0,0.01041666666666663,-0.03125,0.0,,10.416666666666668,0.0,0.0,0.01041666666666663,-0.012936880542514406,0.0,carry_minus_ewma
43,switch_at,regime_conditional,observed,transit_rough,stable,0.0,,0.0,,-0.0005341880341880323,,,,,,0.0,-0.020833333333333343,0.5341880341880341,0.0,0.0,,0.0,,carry_minus_ewma
43,switch_at,regime_conditional,observed,transit_rough,transition,-0.012936880542514406,0.01041666666666663,-0.12263099219620954,-0.01267877421562924,0.03125,0.03125,0.0,0.0,0.01041666666666663,-0.03125,0.0,,10.416666666666668,0.0,0.0,0.01041666666666663,-0.012936880542514406,0.0,carry_minus_ewma
43,switch_at,regime_conditional,observed,transit_smooth,all,0.06434988508949091,0.07291666666666663,0.04675324675324671,0.06266713837426408,0.0,0.0,0.02083333333333337,0.0,0.07291666666666663,0.04166666666666663,0.0,0.0,0.0,0.0,0.0,0.07291666666666663,0.06434988508949091,0.0,carry_minus_ewma
43,switch_at,regime_conditional,observed,transit_smooth,record_stable,0.0,,0.0,,0.0,,,,,,0.0,0.0,0.0,0.0,0.0,,0.0,,carry_minus_ewma
43,switch_at,regime_conditional,observed,transit_smooth,record_transition,0.07146233103317895,0.07291666666666663,0.03445447087776876,0.04531368153151427,0.0,0.0,0.02083333333333337,0.0,0.07291666666666663,0.04166666666666663,0.0,,0.0,0.0,0.0,0.07291666666666663,0.07146233103317895,0.0,carry_minus_ewma
43,switch_at,regime_conditional,observed,transit_smooth,stable,0.0,,0.0,,0.0,,,,,,0.0,0.0,0.0,0.0,0.0,,0.0,,carry_minus_ewma
43,switch_at,regime_conditional,observed,transit_smooth,transition,0.07146233103317895,0.07291666666666663,0.03445447087776876,0.04531368153151427,0.0,0.0,0.02083333333333337,0.0,0.07291666666666663,0.04166666666666663,0.0,,0.0,0.0,0.0,0.07291666666666663,0.07146233103317895,0.0,carry_minus_ewma
43,switch_at,regime_conditional,observed,warehouse,all,0.016013437849944023,0.01041666666666663,0.02197039777983356,0.02858037719671358,-0.0014534883720930258,-0.010416666666666668,0.0,0.0,0.01041666666666663,0.02083333333333337,0.0,0.0,-0.9689922480620154,0.0,0.0,0.01041666666666663,0.016013437849944023,0.0,carry_minus_ewma
43,switch_at,regime_conditional,observed,warehouse,record_stable,0.0,,0.0,,-0.0005341880341880323,,,,,,0.0,0.0,-0.5341880341880341,0.0,0.0,,0.0,,carry_minus_ewma
43,switch_at,regime_conditional,observed,warehouse,record_transition,0.017571743929359784,0.01041666666666663,0.034680134680134755,0.008192968803677703,-0.010416666666666668,-0.010416666666666668,0.0,0.0,0.01041666666666663,0.02083333333333337,0.0,,-5.208333333333336,0.0,0.0,0.01041666666666663,0.017571743929359784,0.0,carry_minus_ewma
43,switch_at,regime_conditional,observed,warehouse,stable,0.0,,0.0,,-0.0005341880341880323,,,,,,0.0,0.0,-0.5341880341880341,0.0,0.0,,0.0,,carry_minus_ewma
43,switch_at,regime_conditional,observed,warehouse,transition,0.017571743929359784,0.01041666666666663,0.034680134680134755,0.008192968803677703,-0.010416666666666668,-0.010416666666666668,0.0,0.0,0.01041666666666663,0.02083333333333337,0.0,,-5.208333333333336,0.0,0.0,0.01041666666666663,0.017571743929359784,0.0,carry_minus_ewma
43,switch_at,regime_marginal,clean,all,all,0.0,,0.0,,0.0013888888888888892,,,,,,0.0,0.0,0.15432098765432123,0.0,0.0,,0.0,,carry_minus_ewma
43,switch_at,regime_marginal,clean,all,record_stable,0.0,,0.0,,0.0,,,,,,0.0,0.0,0.0,0.0,0.0,,0.0,,carry_minus_ewma
43,switch_at,regime_marginal,clean,all,record_transition,0.0,,0.0,,0.010416666666666666,,,,,,0.0,,1.1574074074074074,0.0,0.0,,0.0,,carry_minus_ewma
43,switch_at,regime_marginal,clean,all,stable,0.0,,0.0,,0.0,,,,,,0.0,0.0,0.0,0.0,0.0,,0.0,,carry_minus_ewma
43,switch_at,regime_marginal,clean,all,transition,0.0,,0.0,,0.010416666666666666,,,,,,0.0,,1.1574074074074074,0.0,0.0,,0.0,,carry_minus_ewma
43,switch_at,regime_marginal,clean,transit_rough,all,0.0,,0.0,,0.003240740740740742,,,,,,0.0,0.0,0.4629629629629628,0.0,0.0,,0.0,,carry_minus_ewma
43,switch_at,regime_marginal,clean,transit_rough,record_stable,0.0,,0.0,,0.0,,,,,,0.0,0.0,0.0,0.0,0.0,,0.0,,carry_minus_ewma
43,switch_at,regime_marginal,clean,transit_rough,record_transition,0.0,,0.0,,0.024305555555555552,,,,,,0.0,,3.472222222222223,0.0,0.0,,0.0,,carry_minus_ewma
43,switch_at,regime_marginal,clean,transit_rough,stable,0.0,,0.0,,0.0,,,,,,0.0,0.0,0.0,0.0,0.0,,0.0,,carry_minus_ewma
43,switch_at,regime_marginal,clean,transit_rough,transition,0.0,,0.0,,0.024305555555555552,,,,,,0.0,,3.472222222222223,0.0,0.0,,0.0,,carry_minus_ewma
43,switch_at,regime_marginal,clean,transit_smooth,all,0.0,,0.0,,0.0,,,,,,0.0,0.0,0.0,0.0,0.0,,0.0,,carry_minus_ewma
43,switch_at,regime_marginal,clean,transit_smooth,record_stable,0.0,,0.0,,0.0,,,,,,0.0,0.0,0.0,0.0,0.0,,0.0,,carry_minus_ewma
43,switch_at,regime_marginal,clean,transit_smooth,record_transition,,,,,0.0,,,,,,0.0,,0.0,0.0,0.0,,,,carry_minus_ewma
43,switch_at,regime_marginal,clean,transit_smooth,stable,0.0,,0.0,,0.0,,,,,,0.0,0.0,0.0,0.0,0.0,,0.0,,carry_minus_ewma
43,switch_at,regime_marginal,clean,transit_smooth,transition,,,,,0.0,,,,,,0.0,,0.0,0.0,0.0,,,,carry_minus_ewma
43,switch_at,regime_marginal,clean,warehouse,all,0.0,,0.0,,0.0009259259259259273,,,,,,0.0,0.0,0.0,0.0,0.0,,0.0,,carry_minus_ewma
43,switch_at,regime_marginal,clean,warehouse,record_stable,0.0,,0.0,,0.0,,,,,,0.0,0.0,0.0,0.0,0.0,,0.0,,carry_minus_ewma
43,switch_at,regime_marginal,clean,warehouse,record_transition,,,,,0.006944444444444444,,,,,,0.0,,0.0,0.0,0.0,,,,carry_minus_ewma
43,switch_at,regime_marginal,clean,warehouse,stable,0.0,,0.0,,0.0,,,,,,0.0,0.0,0.0,0.0,0.0,,0.0,,carry_minus_ewma
43,switch_at,regime_marginal,clean,warehouse,transition,,,,,0.006944444444444444,,,,,,0.0,,0.0,0.0,0.0,,,,carry_minus_ewma
43,switch_at,regime_marginal,observed,all,all,0.023896926509753114,0.020833333333333343,0.02292966458699941,0.038028165777301615,0.00032299741602067125,0.005208333333333334,0.00347222222222221,0.0,0.020833333333333343,0.010416666666666657,0.0,-0.0034722222222222238,0.0,0.0,0.0,0.020833333333333343,0.023896926509753114,0.0,carry_minus_ewma
43,switch_at,regime_marginal,observed,all,record_stable,0.0,,0.0,,-0.0001780626780626786,,,,,,0.0,-0.0034722222222222238,0.17806267806267773,0.0,0.0,,0.0,,carry_minus_ewma
43,switch_at,regime_marginal,observed,all,record_transition,0.0275224664495336,0.020833333333333343,-0.038644067796610226,-0.012264161884698366,0.005208333333333334,0.005208333333333334,0.00347222222222221,0.0,0.020833333333333343,0.010416666666666657,0.0,,-1.7361111111111112,0.0,0.0,0.020833333333333343,0.0275224664495336,0.0,carry_minus_ewma
43,switch_at,regime_marginal,observed,all,stable,0.0,,0.0,,-0.0001780626780626786,,,,,,0.0,-0.0034722222222222238,0.17806267806267773,0.0,0.0,,0.0,,carry_minus_ewma
43,switch_at,regime_marginal,observed,all,transition,0.0275224664495336,0.020833333333333343,-0.038644067796610226,-0.012264161884698366,0.005208333333333334,0.005208333333333334,0.00347222222222221,0.0,0.020833333333333343,0.010416666666666657,0.0,,-1.7361111111111112,0.0,0.0,0.020833333333333343,0.0275224664495336,0.0,carry_minus_ewma
43,switch_at,regime_marginal,observed,transit_rough,all,0.01672077922077922,0.020833333333333315,0.003771551724137956,0.028390325313247256,0.001937984496124031,0.015625000000000003,-0.02083333333333337,0.0,0.020833333333333315,-0.010416666666666657,0.0,0.010416666666666671,0.0,0.0,0.0,0.020833333333333315,0.01672077922077922,0.0,carry_minus_ewma
43,switch_at,regime_marginal,observed,transit_rough,record_stable,0.0,,0.0,,0.0005341880341880358,,,,,,0.0,0.010416666666666671,0.5341880341880341,0.0,0.0,,0.0,,carry_minus_ewma
43,switch_at,regime_marginal,observed,transit_rough,record_transition,0.020877119237774966,0.020833333333333315,-0.07875457875457881,-0.022184419049383175,0.015625000000000003,0.015625000000000003,-0.02083333333333337,0.0,0.020833333333333315,-0.010416666666666657,0.0,,-5.208333333333333,0.0,0.0,0.020833333333333315,0.020877119237774966,0.0,carry_minus_ewma
43,switch_at,regime_marginal,observed,transit_rough,stable,0.0,,0.0,,0.0005341880341880358,,,,,,0.0,0.010416666666666671,0.5341880341880341,0.0,0.0,,0.0,,carry_minus_ewma
43,switch_at,regime_marginal,observed,transit_rough,transition,0.020877119237774966,0.020833333333333315,-0.07875457875457881,-0.022184419049383175,0.015625000000000003,0.015625000000000003,-0.02083333333333337,0.0,0.020833333333333315,-0.010416666666666657,0.0,,-5.208333333333333,0.0,0.0,0.020833333333333315,0.020877119237774966,0.0,carry_minus_ewma
43,switch_at,regime_marginal,observed,transit_smooth,all,0.001146601146601145,0.0,0.033333333333333326,0.056557353151275774,-0.00048449612403100775,0.0,0.08333333333333326,0.0,0.0,0.0,0.0,-0.010416666666666671,0.0,0.0,0.0,0.0,0.001146601146601145,0.0,carry_minus_ewma
43,switch_at,regime_marginal,observed,transit_smooth,record_stable,0.0,,0.0,,-0.0005341880341880345,,,,,,0.0,-0.010416666666666671,0.0,0.0,0.0,,0.0,,carry_minus_ewma
43,switch_at,regime_marginal,observed,transit_smooth,record_transition,0.0,0.0,0.0,0.05996196278424326,0.0,0.0,0.08333333333333326,0.0,0.0,0.0,0.0,,0.0,0.0,0.0,0.0,0.0,0.0,carry_minus_ewma
43,switch_at,regime_marginal,observed,transit_smooth,stable,0.0,,0.0,,-0.0005341880341880345,,,,,,0.0,-0.010416666666666671,0.0,0.0,0.0,,0.0,,carry_minus_ewma
43,switch_at,regime_marginal,observed,transit_smooth,transition,0.0,0.0,0.0,0.05996196278424326,0.0,0.0,0.08333333333333326,0.0,0.0,0.0,0.0,,0.0,0.0,0.0,0.0,0.0,0.0,carry_minus_ewma
43,switch_at,regime_marginal,observed,warehouse,all,0.04499274310595064,0.04166666666666666,0.046031746031746035,0.044675366253498716,-0.0004844961240310086,0.0,-0.05208333333333326,0.0,0.04166666666666666,0.04166666666666666,0.0,-0.010416666666666666,0.0,0.0,0.0,0.04166666666666666,0.04499274310595064,0.0,carry_minus_ewma
43,switch_at,regime_marginal,observed,warehouse,record_stable,0.0,,0.0,,-0.0005341880341880358,,,,,,0.0,-0.010416666666666666,0.0,0.0,0.0,,0.0,,carry_minus_ewma
43,switch_at,regime_marginal,observed,warehouse,record_transition,0.05334815226451789,0.04166666666666666,0.0,-0.04026166305838019,0.0,0.0,-0.05208333333333326,0.0,0.04166666666666666,0.04166666666666666,0.0,,0.0,0.0,0.0,0.04166666666666666,0.05334815226451789,0.0,carry_minus_ewma
43,switch_at,regime_marginal,observed,warehouse,stable,0.0,,0.0,,-0.0005341880341880358,,,,,,0.0,-0.010416666666666666,0.0,0.0,0.0,,0.0,,carry_minus_ewma
43,switch_at,regime_marginal,observed,warehouse,transition,0.05334815226451789,0.04166666666666666,0.0,-0.04026166305838019,0.0,0.0,-0.05208333333333326,0.0,0.04166666666666666,0.04166666666666666,0.0,,0.0,0.0,0.0,0.04166666666666666,0.05334815226451789,0.0,carry_minus_ewma
43,switch_before6,regime_conditional,clean,all,all,0.0,,0.0,,0.0009259259259259255,,,,,,0.0,-0.003472222222222222,0.15432098765432034,0.0,0.0,,0.0,,carry_minus_ewma
43,switch_before6,regime_conditional,clean,all,record_stable,0.0,,0.0,,-0.00017806267806267685,,,,,,0.0,-0.006944444444444444,-0.17806267806267773,0.0,0.0,,0.0,,carry_minus_ewma
43,switch_before6,regime_conditional,clean,all,record_transition,0.0,,0.0,,0.008101851851851851,,,,,,0.0,0.0,2.314814814814815,0.0,0.0,,0.0,,carry_minus_ewma
43,switch_before6,regime_conditional,clean,all,stable,0.0,,0.0,,-0.00017806267806267685,,,,,,0.0,-0.006944444444444444,-0.17806267806267773,0.0,0.0,,0.0,,carry_minus_ewma
43,switch_before6,regime_conditional,clean,all,transition,0.0,,0.0,,0.008101851851851851,,,,,,0.0,0.0,2.314814814814815,0.0,0.0,,0.0,,carry_minus_ewma
43,switch_before6,regime_conditional,clean,transit_rough,all,0.0,,0.0,,0.001388888888888891,,,,,,0.0,0.0,0.4629629629629628,0.0,0.0,,0.0,,carry_minus_ewma
43,switch_before6,regime_conditional,clean,transit_rough,record_stable,0.0,,0.0,,0.0,,,,,,0.0,0.0,0.0,0.0,0.0,,0.0,,carry_minus_ewma
43,switch_before6,regime_conditional,clean,transit_rough,record_transition,0.0,,0.0,,0.010416666666666664,,,,,,0.0,0.0,3.4722222222222223,0.0,0.0,,0.0,,carry_minus_ewma
43,switch_before6,regime_conditional,clean,transit_rough,stable,0.0,,0.0,,0.0,,,,,,0.0,0.0,0.0,0.0,0.0,,0.0,,carry_minus_ewma
43,switch_before6,regime_conditional,clean,transit_rough,transition,0.0,,0.0,,0.010416666666666664,,,,,,0.0,0.0,3.4722222222222223,0.0,0.0,,0.0,,carry_minus_ewma
43,switch_before6,regime_conditional,clean,transit_smooth,all,0.0,,0.0,,-0.00046296296296296276,,,,,,0.0,-0.010416666666666666,-0.46296296296296324,0.0,0.0,,0.0,,carry_minus_ewma
43,switch_before6,regime_conditional,clean,transit_smooth,record_stable,0.0,,0.0,,-0.000534188034188034,,,,,,0.0,-0.020833333333333332,-0.5341880341880341,0.0,0.0,,0.0,,carry_minus_ewma
43,switch_before6,regime_conditional,clean,transit_smooth,record_transition,,,,,0.0,,,,,,0.0,0.0,0.0,0.0,0.0,,,,carry_minus_ewma
43,switch_before6,regime_conditional,clean,transit_smooth,stable,0.0,,0.0,,-0.000534188034188034,,,,,,0.0,-0.020833333333333332,-0.5341880341880341,0.0,0.0,,0.0,,carry_minus_ewma
43,switch_before6,regime_conditional,clean,transit_smooth,transition,,,,,0.0,,,,,,0.0,0.0,0.0,0.0,0.0,,,,carry_minus_ewma
43,switch_before6,regime_conditional,clean,warehouse,all,0.0,,0.0,,0.001851851851851851,,,,,,0.0,0.0,0.4629629629629628,0.0,0.0,,0.0,,carry_minus_ewma
43,switch_before6,regime_conditional,clean,warehouse,record_stable,0.0,,0.0,,0.0,,,,,,0.0,0.0,0.0,0.0,0.0,,0.0,,carry_minus_ewma
43,switch_before6,regime_conditional,clean,warehouse,record_transition,,,,,0.013888888888888888,,,,,,0.0,0.0,3.4722222222222223,0.0,0.0,,,,carry_minus_ewma
43,switch_before6,regime_conditional,clean,warehouse,stable,0.0,,0.0,,0.0,,,,,,0.0,0.0,0.0,0.0,0.0,,0.0,,carry_minus_ewma
43,switch_before6,regime_conditional,clean,warehouse,transition,,,,,0.013888888888888888,,,,,,0.0,0.0,3.4722222222222223,0.0,0.0,,,,carry_minus_ewma
43,switch_before6,regime_conditional,observed,all,all,0.17758874643750489,0.19791666666666666,0.11107994389901826,0.20166825615149964,0.0029069767441860465,0.015625,0.10416666666666663,0.0,0.19791666666666666,0.17708333333333331,0.0,0.027777777777777776,0.4844961240310077,0.0,0.0,0.19791666666666666,0.17758874643750489,0.0,carry_minus_ewma
43,switch_before6,regime_conditional,observed,all,record_stable,-0.0011709601873536313,0.0,-0.0034653465346534684,-0.0015102302964085101,0.0001827485380116959,0.0,0.0,0.0,0.0,0.0,0.0,0.0069444444444444475,0.0,0.0,0.0,0.0,-0.0011709601873536313,0.0,carry_minus_ewma
43,switch_before6,regime_conditional,observed,all,record_transition,0.33585509967419513,0.39583333333333326,0.12896405919661735,0.317372119395597,0.02361111111111111,0.03125,0.20833333333333326,0.0,0.39583333333333326,0.3541666666666667,0.0,0.04861111111111112,4.166666666666668,0.0,0.0,0.39583333333333326,0.33585509967419513,0.0,carry_minus_ewma
43,switch_before6,regime_conditional,observed,all,stable,-0.0011709601873536313,0.0,-0.0034653465346534684,-0.0015102302964085101,0.0001827485380116959,0.0,0.0,0.0,0.0,0.0,0.0,0.0069444444444444475,0.0,0.0,0.0,0.0,-0.0011709601873536313,0.0,carry_minus_ewma
43,switch_before6,regime_conditional,observed,all,transition,0.33585509967419513,0.39583333333333326,0.12896405919661735,0.317372119395597,0.02361111111111111,0.03125,0.20833333333333326,0.0,0.39583333333333326,0.3541666666666667,0.0,0.04861111111111112,4.166666666666668,0.0,0.0,0.39583333333333326,0.33585509967419513,0.0,carry_minus_ewma
43,switch_before6,regime_conditional,observed,transit_rough,all,0.17055994503607005,0.16666666666666666,0.1438618925831202,0.17256264950031014,0.0029069767441860447,0.015625,0.125,0.0,0.16666666666666666,0.15625000000000003,0.0,0.031249999999999993,-0.4844961240310077,0.0,0.0,0.16666666666666666,0.17055994503607005,0.0,carry_minus_ewma
43,switch_before6,regime_conditional,observed,transit_rough,record_stable,0.0,0.0,0.0,-0.0007029016933225718,0.0,0.0,0.0,0.0,0.0,0.0,0.0,0.0,0.0,0.0,0.0,0.0,0.0,0.0,carry_minus_ewma
43,switch_before6,regime_conditional,observed,transit_rough,record_transition,0.327170868347339,0.3333333333333333,0.1945945945945946,0.2954192867985918,0.025,0.03125,0.25,0.0,0.3333333333333333,0.3125,0.0,0.062499999999999986,-4.166666666666664,0.0,0.0,0.3333333333333333,0.327170868347339,0.0,carry_minus_ewma
43,switch_before6,regime_conditional,observed,transit_rough,stable,0.0,0.0,0.0,-0.0007029016933225718,0.0,0.0,0.0,0.0,0.0,0.0,0.0,0.0,0.0,0.0,0.0,0.0,0.0,0.0,carry_minus_ewma
43,switch_before6,regime_conditional,observed,transit_rough,transition,0.327170868347339,0.3333333333333333,0.1945945945945946,0.2954192867985918,0.025,0.03125,0.25,0.0,0.3333333333333333,0.3125,0.0,0.062499999999999986,-4.166666666666664,0.0,0.0,0.3333333333333333,0.327170868347339,0.0,carry_minus_ewma
43,switch_before6,regime_conditional,observed,transit_smooth,all,0.22761260459319926,0.23958333333333334,0.12517934002869435,0.22001698039266443,0.001937984496124031,0.0,0.08333333333333337,0.0,0.23958333333333334,0.22916666666666669,0.0,0.03125,0.4844961240310077,0.0,0.0,0.23958333333333334,0.22761260459319926,0.0,carry_minus_ewma
43,switch_before6,regime_conditional,observed,transit_smooth,record_stable,-0.0045662100456621,0.0,-0.020000000000000018,-0.0018627690024467514,0.0005482456140350877,0.0,0.0,0.0,0.0,0.0,0.0,0.020833333333333343,0.0,0.0,0.0,0.0,-0.0045662100456621,0.0,carry_minus_ewma
43,switch_before6,regime_conditional,observed,transit_smooth,record_transition,0.41758241758241754,0.47916666666666663,0.17920656634746923,0.3326778363216995,0.012499999999999997,0.0,0.16666666666666663,0.0,0.47916666666666663,0.45833333333333337,0.0,0.04166666666666667,4.166666666666666,0.0,0.0,0.47916666666666663,0.41758241758241754,0.0,carry_minus_ewma
43,switch_before6,regime_conditional,observed,transit_smooth,stable,-0.0045662100456621,0.0,-0.020000000000000018,-0.0018627690024467514,0.0005482456140350877,0.0,0.0,0.0,0.0,0.0,0.0,0.020833333333333343,0.0,0.0,0.0,0.0,-0.0045662100456621,0.0,carry_minus_ewma
43,switch_before6,regime_conditional,observed,transit_smooth,transition,0.41758241758241754,0.47916666666666663,0.17920656634746923,0.3326778363216995,0.012499999999999997,0.0,0.16666666666666663,0.0,0.47916666666666663,0.45833333333333337,0.0,0.04166666666666667,4.166666666666666,0.0,0.0,0.47916666666666663,0.41758241758241754,0.0,carry_minus_ewma
43,switch_before6,regime_conditional,observed,warehouse,all,0.1394094993581515,0.1875,0.0694618272841051,0.21409006222151028,0.003875968992248062,0.03125,0.10416666666666674,0.0,0.1875,0.14583333333333337,0.0,0.02083333333333333,1.4534883720930232,0.0,0.0,0.1875,0.1394094993581515,0.0,carry_minus_ewma
43,switch_before6,regime_conditional,observed,warehouse,record_stable,0.0,0.0,0.0,-0.0012187491068729739,0.0,0.0,0.0,0.0,0.0,0.0,0.0,0.0,0.0,0.0,0.0,0.0,0.0,0.0,carry_minus_ewma
43,switch_before6,regime_conditional,observed,warehouse,record_transition,0.2654276172498911,0.37499999999999994,0.044365572315882784,0.3116258687748291,0.03333333333333333,0.0625,0.20833333333333337,0.0,0.37499999999999994,0.2916666666666667,0.0,0.04166666666666666,12.499999999999998,0.0,0.0,0.37499999999999994,0.2654276172498911,0.0,carry_minus_ewma
43,switch_before6,regime_conditional,observed,warehouse,stable,0.0,0.0,0.0,-0.0012187491068729739,0.0,0.0,0.0,0.0,0.0,0.0,0.0,0.0,0.0,0.0,0.0,0.0,0.0,0.0,carry_minus_ewma
43,switch_before6,regime_conditional,observed,warehouse,transition,0.2654276172498911,0.37499999999999994,0.044365572315882784,0.3116258687748291,0.03333333333333333,0.0625,0.20833333333333337,0.0,0.37499999999999994,0.2916666666666667,0.0,0.04166666666666666,12.499999999999998,0.0,0.0,0.37499999999999994,0.2654276172498911,0.0,carry_minus_ewma
43,switch_before6,regime_marginal,clean,all,all,0.0,,0.0,,0.0013888888888888892,,,,,,0.0,0.003472222222222222,0.15432098765432123,0.0,0.0,,0.0,,carry_minus_ewma
43,switch_before6,regime_marginal,clean,all,record_stable,0.0,,0.0,,0.0,,,,,,0.0,0.0,0.0,0.0,0.0,,0.0,,carry_minus_ewma
43,switch_before6,regime_marginal,clean,all,record_transition,0.0,,0.0,,0.010416666666666666,,,,,,0.0,0.006944444444444444,1.1574074074074074,0.0,0.0,,0.0,,carry_minus_ewma
43,switch_before6,regime_marginal,clean,all,stable,0.0,,0.0,,0.0,,,,,,0.0,0.0,0.0,0.0,0.0,,0.0,,carry_minus_ewma
43,switch_before6,regime_marginal,clean,all,transition,0.0,,0.0,,0.010416666666666666,,,,,,0.0,0.006944444444444444,1.1574074074074074,0.0,0.0,,0.0,,carry_minus_ewma
43,switch_before6,regime_marginal,clean,transit_rough,all,0.0,,0.0,,0.003240740740740742,,,,,,0.0,0.010416666666666666,0.4629629629629628,0.0,0.0,,0.0,,carry_minus_ewma
43,switch_before6,regime_marginal,clean,transit_rough,record_stable,0.0,,0.0,,0.0,,,,,,0.0,0.0,0.0,0.0,0.0,,0.0,,carry_minus_ewma
43,switch_before6,regime_marginal,clean,transit_rough,record_transition,0.0,,0.0,,0.024305555555555552,,,,,,0.0,0.020833333333333332,3.472222222222223,0.0,0.0,,0.0,,carry_minus_ewma
43,switch_before6,regime_marginal,clean,transit_rough,stable,0.0,,0.0,,0.0,,,,,,0.0,0.0,0.0,0.0,0.0,,0.0,,carry_minus_ewma
43,switch_before6,regime_marginal,clean,transit_rough,transition,0.0,,0.0,,0.024305555555555552,,,,,,0.0,0.020833333333333332,3.472222222222223,0.0,0.0,,0.0,,carry_minus_ewma
43,switch_before6,regime_marginal,clean,transit_smooth,all,0.0,,0.0,,0.0,,,,,,0.0,0.0,0.0,0.0,0.0,,0.0,,carry_minus_ewma
43,switch_before6,regime_marginal,clean,transit_smooth,record_stable,0.0,,0.0,,0.0,,,,,,0.0,0.0,0.0,0.0,0.0,,0.0,,carry_minus_ewma
43,switch_before6,regime_marginal,clean,transit_smooth,record_transition,,,,,0.0,,,,,,0.0,0.0,0.0,0.0,0.0,,,,carry_minus_ewma
43,switch_before6,regime_marginal,clean,transit_smooth,stable,0.0,,0.0,,0.0,,,,,,0.0,0.0,0.0,0.0,0.0,,0.0,,carry_minus_ewma
43,switch_before6,regime_marginal,clean,transit_smooth,transition,,,,,0.0,,,,,,0.0,0.0,0.0,0.0,0.0,,,,carry_minus_ewma
43,switch_before6,regime_marginal,clean,warehouse,all,0.0,,0.0,,0.0009259259259259273,,,,,,0.0,0.0,0.0,0.0,0.0,,0.0,,carry_minus_ewma
43,switch_before6,regime_marginal,clean,warehouse,record_stable,0.0,,0.0,,0.0,,,,,,0.0,0.0,0.0,0.0,0.0,,0.0,,carry_minus_ewma
43,switch_before6,regime_marginal,clean,warehouse,record_transition,,,,,0.006944444444444444,,,,,,0.0,0.0,0.0,0.0,0.0,,,,carry_minus_ewma
43,switch_before6,regime_marginal,clean,warehouse,stable,0.0,,0.0,,0.0,,,,,,0.0,0.0,0.0,0.0,0.0,,0.0,,carry_minus_ewma
43,switch_before6,regime_marginal,clean,warehouse,transition,,,,,0.006944444444444444,,,,,,0.0,0.0,0.0,0.0,0.0,,,,carry_minus_ewma
43,switch_before6,regime_marginal,observed,all,all,0.10609608970264708,0.08680555555555554,0.11790567545963226,0.126756740054766,0.0009689922480620155,0.005208333333333334,0.09027777777777779,0.0,0.08680555555555554,0.07638888888888888,0.0,0.0069444444444444475,0.0,0.0,0.0,0.08680555555555554,0.10609608970264708,0.0,carry_minus_ewma
43,switch_before6,regime_marginal,observed,all,record_stable,-0.0007278020378456984,0.0,-0.0026610644257702987,-0.0001818319588332007,0.0001827485380116959,0.0,0.0,0.0,0.0,0.0,0.0,0.0,0.18274853801169577,0.0,0.0,0.0,-0.0007278020378456984,0.0,carry_minus_ewma
43,switch_before6,regime_marginal,observed,all,record_transition,0.2326839826839827,0.1736111111111111,0.20833333333333331,0.25513583657766037,0.0069444444444444475,0.010416666666666666,0.18055555555555547,0.0,0.1736111111111111,0.15277777777777776,0.0,0.013888888888888895,-1.3888888888888893,0.0,0.0,0.1736111111111111,0.2326839826839827,0.0,carry_minus_ewma
43,switch_before6,regime_marginal,observed,all,stable,-0.0007278020378456984,0.0,-0.0026610644257702987,-0.0001818319588332007,0.0001827485380116959,0.0,0.0,0.0,0.0,0.0,0.0,0.0,0.18274853801169577,0.0,0.0,0.0,-0.0007278020378456984,0.0,carry_minus_ewma
43,switch_before6,regime_marginal,observed,all,transition,0.2326839826839827,0.1736111111111111,0.20833333333333331,0.25513583657766037,0.0069444444444444475,0.010416666666666666,0.18055555555555547,0.0,0.1736111111111111,0.15277777777777776,0.0,0.013888888888888895,-1.3888888888888893,0.0,0.0,0.1736111111111111,0.2326839826839827,0.0,carry_minus_ewma
43,switch_before6,regime_marginal,observed,transit_rough,all,0.056068069861173325,0.05208333333333333,0.05137227304714989,0.09065720227684945,0.001937984496124031,0.015625,0.10416666666666663,0.0,0.05208333333333333,0.020833333333333336,0.0,0.010416666666666671,-0.4844961240310077,0.0,0.0,0.05208333333333333,0.056068069861173325,0.0,carry_minus_ewma
43,switch_before6,regime_marginal,observed,transit_rough,record_stable,0.0,0.0,0.0,-0.00045772665272184043,0.0,0.0,0.0,0.0,0.0,0.0,0.0,0.0,0.0,0.0,0.0,0.0,0.0,0.0,carry_minus_ewma
43,switch_before6,regime_marginal,observed,transit_rough,record_transition,0.12177985948477751,0.10416666666666667,0.0699300699300699,0.22582234394833828,0.01666666666666667,0.03125,0.20833333333333337,0.0,0.10416666666666667,0.04166666666666667,0.0,0.020833333333333343,-4.166666666666667,0.0,0.0,0.10416666666666667,0.12177985948477751,0.0,carry_minus_ewma
43,switch_before6,regime_marginal,observed,transit_rough,stable,0.0,0.0,0.0,-0.00045772665272184043,0.0,0.0,0.0,0.0,0.0,0.0,0.0,0.0,0.0,0.0,0.0,0.0,0.0,0.0,carry_minus_ewma
43,switch_before6,regime_marginal,observed,transit_rough,transition,0.12177985948477751,0.10416666666666667,0.0699300699300699,0.22582234394833828,0.01666666666666667,0.03125,0.20833333333333337,0.0,0.10416666666666667,0.04166666666666667,0.0,0.020833333333333343,-4.166666666666667,0.0,0.0,0.10416666666666667,0.12177985948477751,0.0,carry_minus_ewma
43,switch_before6,regime_marginal,observed,transit_smooth,all,0.14502094747019015,0.09374999999999999,0.1636363636363637,0.19513265244427164,0.0,0.0,0.08333333333333326,0.0,0.09374999999999999,0.09374999999999999,0.0,0.0,0.0,0.0,0.0,0.09374999999999999,0.14502094747019015,0.0,carry_minus_ewma
43,switch_before6,regime_marginal,observed,transit_smooth,record_stable,0.0,0.0,0.0,-0.0004899943693093822,0.0,0.0,0.0,0.0,0.0,0.0,0.0,0.0,0.0,0.0,0.0,0.0,0.0,0.0,carry_minus_ewma
43,switch_before6,regime_marginal,observed,transit_smooth,record_transition,0.2894073139974779,0.1875,0.5192307692307693,0.3017114039636004,0.0,0.0,0.16666666666666674,0.0,0.1875,0.1875,0.0,0.0,0.0,0.0,0.0,0.1875,0.2894073139974779,0.0,carry_minus_ewma
43,switch_before6,regime_marginal,observed,transit_smooth,stable,0.0,0.0,0.0,-0.0004899943693093822,0.0,0.0,0.0,0.0,0.0,0.0,0.0,0.0,0.0,0.0,0.0,0.0,0.0,0.0,carry_minus_ewma
43,switch_before6,regime_marginal,observed,transit_smooth,transition,0.2894073139974779,0.1875,0.5192307692307693,0.3017114039636004,0.0,0.0,0.16666666666666674,0.0,0.1875,0.1875,0.0,0.0,0.0,0.0,0.0,0.1875,0.2894073139974779,0.0,carry_minus_ewma
43,switch_before6,regime_marginal,observed,warehouse,all,0.12632696390658174,0.11458333333333334,0.12704918032786883,0.16328996353645361,0.0009689922480620172,0.0,0.08333333333333337,0.0,0.11458333333333334,0.11458333333333334,0.0,0.010416666666666668,0.4844961240310077,0.0,0.0,0.11458333333333334,0.12632696390658174,0.0,carry_minus_ewma
43,switch_before6,regime_marginal,observed,warehouse,record_stable,-0.0017478152309612915,0.0,-0.004065040650406526,-3.8822238114258334e-05,0.0005482456140350894,0.0,0.0,0.0,0.0,0.0,0.0,0.0,0.5482456140350882,0.0,0.0,0.0,-0.0017478152309612915,0.0,carry_minus_ewma
43,switch_before6,regime_marginal,observed,warehouse,record_transition,0.29579375848032563,0.22916666666666663,0.1278195488721804,0.24186543327468535,0.0041666666666666675,0.0,0.16666666666666674,0.0,0.22916666666666663,0.22916666666666663,0.0,0.020833333333333336,0.0,0.0,0.0,0.22916666666666663,0.29579375848032563,0.0,carry_minus_ewma
43,switch_before6,regime_marginal,observed,warehouse,stable,-0.0017478152309612915,0.0,-0.004065040650406526,-3.8822238114258334e-05,0.0005482456140350894,0.0,0.0,0.0,0.0,0.0,0.0,0.0,0.5482456140350882,0.0,0.0,0.0,-0.0017478152309612915,0.0,carry_minus_ewma
43,switch_before6,regime_marginal,observed,warehouse,transition,0.29579375848032563,0.22916666666666663,0.1278195488721804,0.24186543327468535,0.0041666666666666675,0.0,0.16666666666666674,0.0,0.22916666666666663,0.22916666666666663,0.0,0.020833333333333336,0.0,0.0,0.0,0.22916666666666663,0.29579375848032563,0.0,carry_minus_ewma
43,switch_delay12,regime_conditional,clean,all,all,0.0,,0.0,,0.06172839506172839,,,,,,0.0,0.09375,1.3888888888888893,0.0,0.0,,0.0,,carry_minus_ewma
43,switch_delay12,regime_conditional,clean,all,record_stable,0.0,,0.0,,0.005876068376068369,,,,,,0.0,0.0,0.35612535612535723,0.0,0.0,,0.0,,carry_minus_ewma
43,switch_delay12,regime_conditional,clean,all,record_transition,0.0,,0.0,,0.4247685185185185,,,,,,0.0,0.5625,8.101851851851851,0.0,0.0,,0.0,,carry_minus_ewma
43,switch_delay12,regime_conditional,clean,all,stable,0.0,,0.0,,0.07122507122507121,,,,,,0.0,0.10227272727272727,1.602564102564103,0.0,0.0,,0.0,,carry_minus_ewma
43,switch_delay12,regime_conditional,clean,all,transition,0.0,,0.0,,0.0,,,,,,0.0,0.0,0.0,0.0,0.0,,0.0,,carry_minus_ewma
43,switch_delay12,regime_conditional,clean,transit_rough,all,0.0,,0.0,,0.05324074074074073,,,,,,0.0,0.17333333333333334,2.7777777777777786,0.0,0.0,,0.0,,carry_minus_ewma
43,switch_delay12,regime_conditional,clean,transit_rough,record_stable,0.0,,0.0,,0.0005341880341880323,,,,,,0.0,0.017543859649122806,0.0,0.0,0.0,,0.0,,carry_minus_ewma
43,switch_delay12,regime_conditional,clean,transit_rough,record_transition,,,,,0.3958333333333333,,,,,,0.0,0.6666666666666666,20.833333333333332,0.0,0.0,,,,carry_minus_ewma
43,switch_delay12,regime_conditional,clean,transit_rough,stable,0.0,,0.0,,0.061431623931623935,,,,,,0.0,0.19117647058823528,3.2051282051282044,0.0,0.0,,0.0,,carry_minus_ewma
43,switch_delay12,regime_conditional,clean,transit_rough,transition,0.0,,0.0,,0.0,,,,,,0.0,0.0,0.0,0.0,0.0,,0.0,,carry_minus_ewma
43,switch_delay12,regime_conditional,clean,transit_smooth,all,0.0,,0.0,,0.08055555555555557,,,,,,0.0,0.04098360655737705,0.9259259259259274,0.0,0.0,,0.0,,carry_minus_ewma
43,switch_delay12,regime_conditional,clean,transit_smooth,record_stable,0.0,,0.0,,0.014423076923076941,,,,,,0.0,0.0,0.0,0.0,0.0,,0.0,,carry_minus_ewma
43,switch_delay12,regime_conditional,clean,transit_smooth,record_transition,,,,,0.5104166666666666,,,,,,0.0,0.5555555555555556,6.944444444444445,0.0,0.0,,,,carry_minus_ewma
43,switch_delay12,regime_conditional,clean,transit_smooth,stable,0.0,,0.0,,0.09294871794871795,,,,,,0.0,0.045454545454545456,1.0683760683760681,0.0,0.0,,0.0,,carry_minus_ewma
43,switch_delay12,regime_conditional,clean,transit_smooth,transition,0.0,,0.0,,0.0,,,,,,0.0,0.0,0.0,0.0,0.0,,0.0,,carry_minus_ewma
43,switch_delay12,regime_conditional,clean,warehouse,all,0.0,,0.0,,0.0513888888888889,,,,,,0.0,0.09890109890109888,0.4629629629629637,0.0,0.0,,0.0,,carry_minus_ewma
43,switch_delay12,regime_conditional,clean,warehouse,record_stable,0.0,,0.0,,0.0026709401709401753,,,,,,0.0,-0.014285714285714287,1.0683760683760681,0.0,0.0,,0.0,,carry_minus_ewma
43,switch_delay12,regime_conditional,clean,warehouse,record_transition,0.0,,0.0,,0.3680555555555556,,,,,,0.0,0.4761904761904762,-3.4722222222222223,0.0,0.0,,0.0,,carry_minus_ewma
43,switch_delay12,regime_conditional,clean,warehouse,stable,0.0,,0.0,,0.05929487179487179,,,,,,0.0,0.10465116279069767,0.5341880341880341,0.0,0.0,,0.0,,carry_minus_ewma
43,switch_delay12,regime_conditional,clean,warehouse,transition,0.0,,0.0,,0.0,,,,,,0.0,0.0,0.0,0.0,0.0,,0.0,,carry_minus_ewma
43,switch_delay12,regime_conditional,observed,all,all,-0.02558688313526572,0.09722222222222227,-0.030803321159287578,-0.022017757048565484,0.060400516795865625,0.0798611111111111,-0.03125,0.0,0.09722222222222227,0.05902777777777779,0.0,0.09027777777777779,1.937984496124031,0.0,0.0,0.09722222222222227,-0.02558688313526572,0.0,carry_minus_ewma
43,switch_delay12,regime_conditional,observed,all,record_stable,0.003273500585109057,0.02521008403361341,0.00042481870529861854,-0.0014798805071530585,0.0057642246188173984,0.016806722689075654,-0.012605042016806789,0.0,0.02521008403361341,0.02521008403361341,0.0,-0.004166666666666652,1.1156563778356272,0.0,0.0,0.02521008403361341,0.003273500585109057,0.0,carry_minus_ewma
43,switch_delay12,regime_conditional,observed,all,record_transition,-0.08670820353063344,0.43999999999999995,-0.4617419617419617,-0.3104313266483839,0.4213759213759214,0.38,-0.12,0.0,0.43999999999999995,0.22,0.0,0.5625,7.37100737100737,0.0,0.0,0.43999999999999995,-0.08670820353063344,0.0,carry_minus_ewma
43,switch_delay12,regime_conditional,observed,all,stable,-0.10733848800648621,0.11666666666666664,-0.23349645460900828,-0.22378942451186384,0.06956845238095238,0.09583333333333334,-0.03749999999999998,0.0,0.11666666666666664,0.0708333333333333,0.0,0.0984848484848485,2.232142857142856,0.0,0.0,0.11666666666666664,-0.10733848800648621,0.0,carry_minus_ewma
43,switch_delay12,regime_conditional,observed,all,transition,0.0,0.0,0.0,0.0,0.0,0.0,0.0,0.0,0.0,0.0,0.0,0.0,0.0,0.0,0.0,0.0,0.0,0.0,carry_minus_ewma
43,switch_delay12,regime_conditional,observed,transit_rough,all,0.003122591618166831,0.20547945205479456,-0.008727420336919034,0.019825133682639745,0.04983229516051749,0.14383561643835616,0.013698630136986245,0.0,0.20547945205479456,0.1232876712328767,0.0,0.16,1.9166267369429804,0.0,0.0,0.20547945205479456,0.003122591618166831,0.0,carry_minus_ewma
43,switch_delay12,regime_conditional,observed,transit_rough,record_stable,0.011170515299738365,0.04255319148936165,0.006377714946664947,0.003157090186512279,0.000547945205479447,0.0,0.0,0.0,0.04255319148936165,0.04255319148936171,0.0,0.017543859649122806,0.0,0.0,0.0,0.04255319148936165,0.011170515299738365,0.0,carry_minus_ewma
43,switch_delay12,regime_conditional,observed,transit_rough,record_transition,-0.10868079289131921,0.5,-0.42708333333333337,-0.19846382770637208,0.39312977099236646,0.40384615384615385,0.038461538461538436,0.0,0.5,0.2692307692307693,0.0,0.6111111111111112,15.267175572519083,0.0,0.0,0.5,-0.10868079289131921,0.0,carry_minus_ewma
43,switch_delay12,regime_conditional,observed,transit_rough,stable,-0.05193845326883023,0.2727272727272727,-0.12566844919786097,-0.10354405177393947,0.05723720418271877,0.1909090909090909,0.018181818181818188,0.0,0.2727272727272727,0.16363636363636364,0.0,0.17647058823529413,2.2014309301045696,0.0,0.0,0.2727272727272727,-0.05193845326883023,0.0,carry_minus_ewma
43,switch_delay12,regime_conditional,observed,transit_rough,transition,0.0,0.0,0.0,0.0,0.0,0.0,0.0,0.0,0.0,0.0,0.0,0.0,0.0,0.0,0.0,0.0,0.0,0.0,carry_minus_ewma
43,switch_delay12,regime_conditional,observed,transit_smooth,all,-0.03542143527410174,0.05982905982905984,-0.037912842604732475,-0.025825680283369304,0.08223201174743025,0.0982905982905983,-0.08547008547008544,0.0,0.05982905982905984,0.03418803418803418,0.0,0.04098360655737704,2.4473813020068533,0.0,0.0,0.05982905982905984,-0.03542143527410174,0.0,carry_minus_ewma
43,switch_delay12,regime_conditional,observed,transit_smooth,record_stable,-0.000674325674325682,0.028846153846153855,-0.004174650971804,-0.003242009831000009,0.01583710407239819,0.03846153846153845,-0.009615384615384581,0.0,0.028846153846153855,0.0288461538461538,0.0,0.00884955752212388,2.262443438914026,0.0,0.0,0.028846153846153855,-0.000674325674325682,0.0,carry_minus_ewma
43,switch_delay12,regime_conditional,observed,transit_smooth,record_transition,0.050955414012738856,0.3076923076923077,,-0.33752699352655563,0.509090909090909,0.5769230769230769,-0.6923076923076923,0.0,0.3076923076923077,0.07692307692307693,0.0,0.4444444444444444,3.6363636363636362,0.0,0.0,0.3076923076923077,0.050955414012738856,0.0,carry_minus_ewma
43,switch_delay12,regime_conditional,observed,transit_smooth,stable,-0.15195403880555938,0.06481481481481483,-0.35933592664629066,-0.262263630513092,0.09523809523809525,0.10648148148148148,-0.09259259259259267,0.0,0.06481481481481483,0.037037037037037035,0.0,0.045454545454545456,2.8344671201814062,0.0,0.0,0.06481481481481483,-0.15195403880555938,0.0,carry_minus_ewma
43,switch_delay12,regime_conditional,observed,transit_smooth,transition,0.0,0.0,0.0,0.0,0.0,0.0,0.0,0.0,0.0,0.0,0.0,0.0,0.0,0.0,0.0,0.0,0.0,0.0,carry_minus_ewma
43,switch_delay12,regime_conditional,observed,warehouse,all,-0.03893488476169166,0.06122448979591838,-0.04337535374324672,-0.03976898379182604,0.04946653734238603,0.010204081632653059,0.0,0.0,0.06122448979591838,0.040816326530612235,0.0,0.09890109890109888,1.4548981571290014,0.0,0.0,0.06122448979591838,-0.03893488476169166,0.0,carry_minus_ewma
43,switch_delay12,regime_conditional,observed,warehouse,record_stable,0.0036506487837784096,0.011494252873563204,0.00182577925011293,-0.005384860264092323,0.0011204481792717047,0.0,-0.02298850574712641,0.0,0.011494252873563204,0.011494252873563204,0.0,-0.04285714285714287,1.1204481792717083,0.0,0.0,0.011494252873563204,0.0036506487837784096,0.0,carry_minus_ewma
43,switch_delay12,regime_conditional,observed,warehouse,record_transition,0.08547008547008547,0.45454545454545453,0.04716981132075472,-0.2793637952710775,0.36101083032490977,0.09090909090909091,0.18181818181818188,0.0,0.45454545454545453,0.2727272727272727,0.0,0.5714285714285714,3.6101083032490973,0.0,0.0,0.45454545454545453,0.08547008547008547,0.0,carry_minus_ewma
43,switch_delay12,regime_conditional,observed,warehouse,stable,-0.10205761316872428,0.07792207792207795,-0.22185292895720815,-0.2467800648485122,0.05682451253481895,0.012987012987012988,0.0,0.0,0.07792207792207795,0.051948051948051965,0.0,0.1046511627906977,1.6713091922005567,0.0,0.0,0.07792207792207795,-0.10205761316872428,0.0,carry_minus_ewma
43,switch_delay12,regime_conditional,observed,warehouse,transition,0.0,0.0,0.0,0.0,0.0,0.0,0.0,0.0,0.0,0.0,0.0,0.0,0.0,0.0,0.0,0.0,0.0,0.0,carry_minus_ewma
43,switch_delay12,regime_marginal,clean,all,all,0.0,,0.0,,0.04845679012345677,,,,,,0.0,0.07291666666666669,0.7716049382716061,0.0,0.0,,0.0,,carry_minus_ewma
43,switch_delay12,regime_marginal,clean,all,record_stable,0.0,,0.0,,0.0014245014245014287,,,,,,0.0,-0.008333333333333345,-0.17806267806267861,0.0,0.0,,0.0,,carry_minus_ewma
43,switch_delay12,regime_marginal,clean,all,record_transition,0.0,,0.0,,0.3541666666666667,,,,,,0.0,0.4791666666666667,6.944444444444444,0.0,0.0,,0.0,,carry_minus_ewma
43,switch_delay12,regime_marginal,clean,all,stable,0.0,,0.0,,0.05591168091168091,,,,,,0.0,0.07954545454545456,0.8903133903133904,0.0,0.0,,0.0,,carry_minus_ewma
43,switch_delay12,regime_marginal,clean,all,transition,0.0,,0.0,,0.0,,,,,,0.0,0.0,0.0,0.0,0.0,,0.0,,carry_minus_ewma
43,switch_delay12,regime_marginal,clean,transit_rough,all,0.0,,0.0,,0.038888888888888876,,,,,,0.0,0.14666666666666667,0.9259259259259256,0.0,0.0,,0.0,,carry_minus_ewma
43,switch_delay12,regime_marginal,clean,transit_rough,record_stable,0.0,,0.0,,0.0010683760683760646,,,,,,0.0,0.0,0.0,0.0,0.0,,0.0,,carry_minus_ewma
43,switch_delay12,regime_marginal,clean,transit_rough,record_transition,0.0,,0.0,,0.2847222222222222,,,,,,0.0,0.6111111111111112,6.944444444444444,0.0,0.0,,0.0,,carry_minus_ewma
43,switch_delay12,regime_marginal,clean,transit_rough,stable,0.0,,0.0,,0.044871794871794865,,,,,,0.0,0.16176470588235295,1.0683760683760681,0.0,0.0,,0.0,,carry_minus_ewma
43,switch_delay12,regime_marginal,clean,transit_rough,transition,0.0,,0.0,,0.0,,,,,,0.0,0.0,0.0,0.0,0.0,,0.0,,carry_minus_ewma
43,switch_delay12,regime_marginal,clean,transit_smooth,all,0.0,,0.0,,0.061111111111111116,,,,,,0.0,0.0,0.9259259259259256,0.0,0.0,,0.0,,carry_minus_ewma
43,switch_delay12,regime_marginal,clean,transit_smooth,record_stable,0.0,,0.0,,0.0048076923076923045,,,,,,0.0,0.0,0.0,0.0,0.0,,0.0,,carry_minus_ewma
43,switch_delay12,regime_marginal,clean,transit_smooth,record_transition,,,,,0.4270833333333333,,,,,,0.0,0.0,6.944444444444445,0.0,0.0,,,,carry_minus_ewma
43,switch_delay12,regime_marginal,clean,transit_smooth,stable,0.0,,0.0,,0.07051282051282051,,,,,,0.0,0.0,1.0683760683760686,0.0,0.0,,0.0,,carry_minus_ewma
43,switch_delay12,regime_marginal,clean,transit_smooth,transition,0.0,,0.0,,0.0,,,,,,0.0,0.0,0.0,0.0,0.0,,0.0,,carry_minus_ewma
43,switch_delay12,regime_marginal,clean,warehouse,all,0.0,,0.0,,0.045370370370370366,,,,,,0.0,0.10989010989010987,0.4629629629629619,0.0,0.0,,0.0,,carry_minus_ewma
43,switch_delay12,regime_marginal,clean,warehouse,record_stable,0.0,,0.0,,-0.0016025641025640969,,,,,,0.0,-0.028571428571428567,-0.5341880341880341,0.0,0.0,,0.0,,carry_minus_ewma
43,switch_delay12,regime_marginal,clean,warehouse,record_transition,,,,,0.3506944444444444,,,,,,0.0,0.5714285714285714,6.944444444444445,0.0,0.0,,,,carry_minus_ewma
43,switch_delay12,regime_marginal,clean,warehouse,stable,0.0,,0.0,,0.05235042735042735,,,,,,0.0,0.11627906976744186,0.5341880341880341,0.0,0.0,,0.0,,carry_minus_ewma
43,switch_delay12,regime_marginal,clean,warehouse,transition,0.0,,0.0,,0.0,,,,,,0.0,0.0,0.0,0.0,0.0,,0.0,,carry_minus_ewma
43,switch_delay12,regime_marginal,observed,all,all,0.01765312947921642,0.10416666666666663,0.0011200834527838877,-0.006406395988579824,0.04699612403100774,0.045138888888888895,-0.03125,0.0,0.10416666666666663,0.08680555555555557,0.0,0.08680555555555557,0.807493540051679,0.0,0.0,0.10416666666666663,0.01765312947921642,0.0,carry_minus_ewma
43,switch_delay12,regime_marginal,observed,all,record_stable,0.013942205584684092,0.02941176470588236,0.00895522388059701,-0.00021644272516031793,0.002045370026031973,0.0,-0.025210084033613467,0.0,0.02941176470588236,0.029411764705882346,0.0,0.008333333333333331,0.0,0.0,0.0,0.02941176470588236,0.013942205584684092,0.0,carry_minus_ewma
43,switch_delay12,regime_marginal,observed,all,record_transition,0.09674972914409533,0.45999999999999996,-0.42131147540983604,-0.13684692095905074,0.343980343980344,0.26,-0.05999999999999994,0.0,0.45999999999999996,0.36,0.0,0.4791666666666667,6.142506142506143,0.0,0.0,0.45999999999999996,0.09674972914409533,0.0,carry_minus_ewma
43,switch_delay12,regime_marginal,observed,all,stable,0.02475509782618454,0.12499999999999999,-0.10820223077297747,-0.05610641298340917,0.05412946428571428,0.05416666666666667,-0.03750000000000009,0.0,0.12499999999999999,0.10416666666666669,0.0,0.0946969696969697,0.9300595238095237,0.0,0.0,0.12499999999999999,0.02475509782618454,0.0,carry_minus_ewma
43,switch_delay12,regime_marginal,observed,all,transition,0.0,0.0,0.0,0.0,0.0,0.0,0.0,0.0,0.0,0.0,0.0,0.0,0.0,0.0,0.0,0.0,0.0,0.0,carry_minus_ewma
43,switch_delay12,regime_marginal,observed,transit_rough,all,0.0747862065913642,0.273972602739726,0.037400654511453954,0.04969188227362442,0.033540967896502155,0.06164383561643838,0.013698630136986356,0.0,0.273972602739726,0.2465753424657534,0.0,0.18666666666666668,0.9583133684714902,0.0,0.0,0.273972602739726,0.0747862065913642,0.0,carry_minus_ewma
43,switch_delay12,regime_marginal,observed,transit_rough,record_stable,0.012713025371253212,0.04255319148936171,0.007265446224256289,0.0027722997930492155,0.002191780821917802,0.0,0.0,0.0,0.04255319148936171,0.04255319148936171,0.0,0.03508771929824561,0.0,0.0,0.0,0.04255319148936171,0.012713025371253212,0.0,carry_minus_ewma
43,switch_delay12,regime_marginal,observed,transit_rough,record_transition,0.2678571428571429,0.6923076923076923,-0.27906976744186046,-0.02309858252318492,0.25190839694656486,0.17307692307692307,0.038461538461538436,0.0,0.6923076923076923,0.6153846153846154,0.0,0.6666666666666666,7.633587786259541,0.0,0.0,0.6923076923076923,0.2678571428571429,0.0,carry_minus_ewma
43,switch_delay12,regime_marginal,observed,transit_rough,stable,0.1443001443001443,0.36363636363636365,0.042401628222523746,0.0905464248014918,0.03852504127682994,0.08181818181818182,0.018181818181818188,0.0,0.36363636363636365,0.32727272727272727,0.0,0.20588235294117646,1.100715465052284,0.0,0.0,0.36363636363636365,0.1443001443001443,0.0,carry_minus_ewma
43,switch_delay12,regime_marginal,observed,transit_rough,transition,0.0,0.0,0.0,0.0,0.0,0.0,0.0,0.0,0.0,0.0,0.0,0.0,0.0,0.0,0.0,0.0,0.0,0.0,carry_minus_ewma
43,switch_delay12,regime_marginal,observed,transit_smooth,all,0.01313895161168109,0.05128205128205127,0.0027871621621621614,-0.017185278258411027,0.0631424375917768,0.042735042735042736,-0.1111111111111111,0.0,0.05128205128205127,0.05128205128205128,0.0,0.0,0.978952520802741,0.0,0.0,0.05128205128205127,0.01313895161168109,0.0,carry_minus_ewma
43,switch_delay12,regime_marginal,observed,transit_smooth,record_stable,0.03102729210110223,0.04807692307692309,0.022768222768222768,-0.0011454256217470343,0.004524886877828052,0.0,-0.038461538461538436,0.0,0.04807692307692309,0.04807692307692308,0.0,0.0,0.0,0.0,0.0,0.04807692307692309,0.03102729210110223,0.0,carry_minus_ewma
43,switch_delay12,regime_marginal,observed,transit_smooth,record_transition,0.014814814814814815,0.07692307692307693,,-0.12260327679521116,0.44,0.38461538461538464,-0.6923076923076923,0.0,0.07692307692307693,0.07692307692307693,0.0,0.0,7.2727272727272725,0.0,0.0,0.07692307692307693,0.014814814814814815,0.0,carry_minus_ewma
43,switch_delay12,regime_marginal,observed,transit_smooth,stable,0.03896103896103896,0.05555555555555555,-0.4489051094890511,-0.07754683676735091,0.07312925170068027,0.046296296296296294,-0.1203703703703704,0.0,0.05555555555555555,0.05555555555555555,0.0,0.0,1.1337868480725621,0.0,0.0,0.05555555555555555,0.03896103896103896,0.0,carry_minus_ewma
43,switch_delay12,regime_marginal,observed,transit_smooth,transition,0.0,0.0,0.0,0.0,0.0,0.0,0.0,0.0,0.0,0.0,0.0,0.0,0.0,0.0,0.0,0.0,0.0,0.0,carry_minus_ewma
43,switch_delay12,regime_marginal,observed,warehouse,all,-0.019263632126767127,0.040816326530612235,-0.024216524216524205,-0.01494897461963031,0.0446168768186227,0.0357142857142857,0.030612244897959218,0.0,0.040816326530612235,0.010204081632653073,0.0,0.12087912087912087,0.4849660523763326,0.0,0.0,0.040816326530612235,-0.019263632126767127,0.0,carry_minus_ewma
43,switch_delay12,regime_marginal,observed,warehouse,record_stable,0.0005682687474045378,0.0,0.0005598621877691695,-0.0030424001963159225,-0.0005602240896358524,0.0,-0.02298850574712641,0.0,0.0,0.0,0.0,0.0,0.0,0.0,0.0,0.0,0.0005682687474045378,0.0,carry_minus_ewma
43,switch_delay12,regime_marginal,observed,warehouse,record_transition,0.07407407407407407,0.36363636363636365,,-0.053481418021921925,0.33574007220216606,0.3181818181818182,0.4545454545454546,0.0,0.36363636363636365,0.09090909090909091,0.0,0.5238095238095238,3.6101083032490973,0.0,0.0,0.36363636363636365,0.07407407407407407,0.0,carry_minus_ewma
43,switch_delay12,regime_marginal,observed,warehouse,stable,-0.06366925064599482,0.05194805194805194,-0.16008316008316006,-0.11895516218000901,0.051253481894150424,0.04545454545454545,0.038961038961038974,0.0,0.05194805194805194,0.012987012987012991,0.0,0.12790697674418605,0.557103064066852,0.0,0.0,0.05194805194805194,-0.06366925064599482,0.0,carry_minus_ewma
43,switch_delay12,regime_marginal,observed,warehouse,transition,0.0,0.0,0.0,0.0,0.0,0.0,0.0,0.0,0.0,0.0,0.0,0.0,0.0,0.0,0.0,0.0,0.0,0.0,carry_minus_ewma
43,switch_random,regime_conditional,clean,all,all,0.0,,0.0,,0.0009259259259259255,,,,,,0.0,0.0,0.15432098765432034,0.0,0.0,,0.0,,carry_minus_ewma
43,switch_random,regime_conditional,clean,all,record_stable,0.0,,0.0,,-0.00017806267806267685,,,,,,0.0,0.0,-0.17806267806267773,0.0,0.0,,0.0,,carry_minus_ewma
43,switch_random,regime_conditional,clean,all,record_transition,0.0,,0.0,,0.008101851851851851,,,,,,0.0,0.0,2.314814814814815,0.0,0.0,,0.0,,carry_minus_ewma
43,switch_random,regime_conditional,clean,all,stable,0.0,,0.0,,-0.00017806267806267685,,,,,,0.0,0.0,-0.17806267806267773,0.0,0.0,,0.0,,carry_minus_ewma
43,switch_random,regime_conditional,clean,all,transition,0.0,,0.0,,0.008101851851851851,,,,,,0.0,0.0,2.314814814814815,0.0,0.0,,0.0,,carry_minus_ewma
43,switch_random,regime_conditional,clean,transit_rough,all,0.0,,0.0,,0.001388888888888891,,,,,,0.0,0.0,0.4629629629629628,0.0,0.0,,0.0,,carry_minus_ewma
43,switch_random,regime_conditional,clean,transit_rough,record_stable,0.0,,0.0,,0.0,,,,,,0.0,0.0,0.0,0.0,0.0,,0.0,,carry_minus_ewma
43,switch_random,regime_conditional,clean,transit_rough,record_transition,0.0,,0.0,,0.010416666666666664,,,,,,0.0,0.0,3.4722222222222223,0.0,0.0,,0.0,,carry_minus_ewma
43,switch_random,regime_conditional,clean,transit_rough,stable,0.0,,0.0,,0.0,,,,,,0.0,0.0,0.0,0.0,0.0,,0.0,,carry_minus_ewma
43,switch_random,regime_conditional,clean,transit_rough,transition,0.0,,0.0,,0.010416666666666664,,,,,,0.0,0.0,3.4722222222222223,0.0,0.0,,0.0,,carry_minus_ewma
43,switch_random,regime_conditional,clean,transit_smooth,all,0.0,,0.0,,-0.00046296296296296276,,,,,,0.0,0.0,-0.46296296296296324,0.0,0.0,,0.0,,carry_minus_ewma
43,switch_random,regime_conditional,clean,transit_smooth,record_stable,0.0,,0.0,,-0.000534188034188034,,,,,,0.0,0.0,-0.5341880341880341,0.0,0.0,,0.0,,carry_minus_ewma
43,switch_random,regime_conditional,clean,transit_smooth,record_transition,,,,,0.0,,,,,,0.0,0.0,0.0,0.0,0.0,,,,carry_minus_ewma
43,switch_random,regime_conditional,clean,transit_smooth,stable,0.0,,0.0,,-0.000534188034188034,,,,,,0.0,0.0,-0.5341880341880341,0.0,0.0,,0.0,,carry_minus_ewma
43,switch_random,regime_conditional,clean,transit_smooth,transition,,,,,0.0,,,,,,0.0,0.0,0.0,0.0,0.0,,,,carry_minus_ewma
43,switch_random,regime_conditional,clean,warehouse,all,0.0,,0.0,,0.001851851851851851,,,,,,0.0,0.0,0.4629629629629628,0.0,0.0,,0.0,,carry_minus_ewma
43,switch_random,regime_conditional,clean,warehouse,record_stable,0.0,,0.0,,0.0,,,,,,0.0,0.0,0.0,0.0,0.0,,0.0,,carry_minus_ewma
43,switch_random,regime_conditional,clean,warehouse,record_transition,,,,,0.013888888888888888,,,,,,0.0,0.0,3.4722222222222223,0.0,0.0,,,,carry_minus_ewma
43,switch_random,regime_conditional,clean,warehouse,stable,0.0,,0.0,,0.0,,,,,,0.0,0.0,0.0,0.0,0.0,,0.0,,carry_minus_ewma
43,switch_random,regime_conditional,clean,warehouse,transition,,,,,0.013888888888888888,,,,,,0.0,0.0,3.4722222222222223,0.0,0.0,,,,carry_minus_ewma
43,switch_random,regime_conditional,observed,all,all,0.0017501341409398297,0.010416666666666685,-0.010878514495927138,0.004981200735430236,0.0014534883720930224,0.006944444444444441,-0.00694444444444442,0.0,0.010416666666666685,-0.00347222222222221,0.0,0.0,0.3229974160206721,0.0,0.0,0.010416666666666685,0.0017501341409398297,0.0,carry_minus_ewma
43,switch_random,regime_conditional,observed,all,record_stable,0.004524886877828038,0.004166666666666652,0.004950495049504899,-0.0005396269499060025,-0.0001860119047619041,0.0,0.0,0.0,0.004166666666666652,0.004166666666666652,0.0,0.0,-0.18601190476190332,0.0,0.0,0.004166666666666652,0.004524886877828038,0.0,carry_minus_ewma
43,switch_random,regime_conditional,observed,all,record_transition,-0.04952010015301156,0.04166666666666663,-0.2055513878469617,0.007734116940287694,0.012254901960784312,0.041666666666666664,-0.04166666666666663,0.0,0.04166666666666663,-0.04166666666666674,0.0,0.0,3.676470588235294,0.0,0.0,0.04166666666666663,-0.04952010015301156,0.0,carry_minus_ewma
43,switch_random,regime_conditional,observed,all,stable,0.004524886877828038,0.004166666666666652,0.004950495049504899,-0.0005396269499060025,-0.0001860119047619041,0.0,0.0,0.0,0.004166666666666652,0.004166666666666652,0.0,0.0,-0.18601190476190332,0.0,0.0,0.004166666666666652,0.004524886877828038,0.0,carry_minus_ewma
43,switch_random,regime_conditional,observed,all,transition,-0.04952010015301156,0.04166666666666663,-0.2055513878469617,0.007734116940287694,0.012254901960784312,0.041666666666666664,-0.04166666666666663,0.0,0.04166666666666663,-0.04166666666666674,0.0,0.0,3.676470588235294,0.0,0.0,0.04166666666666663,-0.04952010015301156,0.0,carry_minus_ewma
43,switch_random,regime_conditional,observed,transit_rough,all,0.013416205563556438,0.0410958904109589,-0.0052565707133917505,0.019863255898407817,0.0028749401054144717,0.0273972602739726,0.0,0.0,0.0410958904109589,-0.0136986301369863,0.0,0.0,0.9583133684714902,0.0,0.0,0.0410958904109589,0.013416205563556438,0.0,carry_minus_ewma
43,switch_random,regime_conditional,observed,transit_rough,record_stable,0.01218956482114375,0.018181818181818188,0.008658008658008642,-0.0032078874863142315,0.0,0.0,0.0,0.0,0.018181818181818188,0.018181818181818188,0.0,0.0,0.0,0.0,0.0,0.018181818181818188,0.01218956482114375,0.0,carry_minus_ewma
43,switch_random,regime_conditional,observed,transit_rough,record_transition,-0.02714932126696834,0.11111111111111116,-0.375,0.042996040828053084,0.022222222222222223,0.1111111111111111,0.0,0.0,0.11111111111111116,-0.1111111111111111,0.0,0.0,7.407407407407407,0.0,0.0,0.11111111111111116,-0.02714932126696834,0.0,carry_minus_ewma
43,switch_random,regime_conditional,observed,transit_rough,stable,0.01218956482114375,0.018181818181818188,0.008658008658008642,-0.0032078874863142315,0.0,0.0,0.0,0.0,0.018181818181818188,0.018181818181818188,0.0,0.0,0.0,0.0,0.0,0.018181818181818188,0.01218956482114375,0.0,carry_minus_ewma
43,switch_random,regime_conditional,observed,transit_rough,transition,-0.02714932126696834,0.11111111111111116,-0.375,0.042996040828053084,0.022222222222222223,0.1111111111111111,0.0,0.0,0.11111111111111116,-0.1111111111111111,0.0,0.0,7.407407407407407,0.0,0.0,0.11111111111111116,-0.02714932126696834,0.0,carry_minus_ewma
43,switch_random,regime_conditional,observed,transit_smooth,all,0.010695187165775388,0.008547008547008572,0.014285714285714235,0.019829122566620005,-0.0004894762604013697,0.0,0.008547008547008517,0.0,0.008547008547008572,0.008547008547008517,0.0,0.0,-0.4894762604013705,0.0,0.0,0.008547008547008572,0.010695187165775388,0.0,carry_minus_ewma
43,switch_random,regime_conditional,observed,transit_smooth,record_stable,0.0022276366167768846,0.0,0.008461131676361755,0.0003045851692366486,-0.0005668934240362841,0.0,0.0,0.0,0.0,0.0,0.0,0.0,-0.5668934240362802,0.0,0.0,0.0,0.0022276366167768846,0.0,carry_minus_ewma
43,switch_random,regime_conditional,observed,transit_smooth,record_transition,0.07843137254901955,0.11111111111111105,0.04166666666666663,0.20556742781513426,0.0,0.0,0.11111111111111116,0.0,0.11111111111111105,0.11111111111111105,0.0,0.0,0.0,0.0,0.0,0.11111111111111105,0.07843137254901955,0.0,carry_minus_ewma
43,switch_random,regime_conditional,observed,transit_smooth,stable,0.0022276366167768846,0.0,0.008461131676361755,0.0003045851692366486,-0.0005668934240362841,0.0,0.0,0.0,0.0,0.0,0.0,0.0,-0.5668934240362802,0.0,0.0,0.0,0.0022276366167768846,0.0,carry_minus_ewma
43,switch_random,regime_conditional,observed,transit_smooth,transition,0.07843137254901955,0.11111111111111105,0.04166666666666663,0.20556742781513426,0.0,0.0,0.11111111111111116,0.0,0.11111111111111105,0.11111111111111105,0.0,0.0,0.0,0.0,0.0,0.11111111111111105,0.07843137254901955,0.0,carry_minus_ewma
43,switch_random,regime_conditional,observed,warehouse,all,-0.018791264601320468,-0.010204081632653073,-0.03133903133903132,-0.01640113926332143,0.0019398642095053327,0.0,-0.030612244897959218,0.0,-0.010204081632653073,-0.010204081632653073,0.0,0.0,0.4849660523763335,0.0,0.0,-0.010204081632653073,-0.018791264601320468,0.0,carry_minus_ewma
43,switch_random,regime_conditional,observed,warehouse,record_stable,0.0,0.0,0.0,-0.0007190088586507826,0.0,0.0,0.0,0.0,0.0,0.0,0.0,0.0,0.0,0.0,0.0,0.0,0.0,0.0,carry_minus_ewma
43,switch_random,regime_conditional,observed,warehouse,record_transition,-0.11538461538461542,-0.04761904761904767,-0.2222222222222222,-0.08650721659940219,0.0149812734082397,0.0,-0.1428571428571429,0.0,-0.04761904761904767,-0.04761904761904767,0.0,0.0,3.745318352059925,0.0,0.0,-0.04761904761904767,-0.11538461538461542,0.0,carry_minus_ewma
43,switch_random,regime_conditional,observed,warehouse,stable,0.0,0.0,0.0,-0.0007190088586507826,0.0,0.0,0.0,0.0,0.0,0.0,0.0,0.0,0.0,0.0,0.0,0.0,0.0,0.0,carry_minus_ewma
43,switch_random,regime_conditional,observed,warehouse,transition,-0.11538461538461542,-0.04761904761904767,-0.2222222222222222,-0.08650721659940219,0.0149812734082397,0.0,-0.1428571428571429,0.0,-0.04761904761904767,-0.04761904761904767,0.0,0.0,3.745318352059925,0.0,0.0,-0.04761904761904767,-0.11538461538461542,0.0,carry_minus_ewma
43,switch_random,regime_marginal,clean,all,all,0.0,,0.0,,0.0013888888888888892,,,,,,0.0,0.0,0.15432098765432123,0.0,0.0,,0.0,,carry_minus_ewma
43,switch_random,regime_marginal,clean,all,record_stable,0.0,,0.0,,0.0,,,,,,0.0,0.0,0.0,0.0,0.0,,0.0,,carry_minus_ewma
43,switch_random,regime_marginal,clean,all,record_transition,0.0,,0.0,,0.010416666666666666,,,,,,0.0,0.0,1.1574074074074074,0.0,0.0,,0.0,,carry_minus_ewma
43,switch_random,regime_marginal,clean,all,stable,0.0,,0.0,,0.0,,,,,,0.0,0.0,0.0,0.0,0.0,,0.0,,carry_minus_ewma
43,switch_random,regime_marginal,clean,all,transition,0.0,,0.0,,0.010416666666666666,,,,,,0.0,0.0,1.1574074074074074,0.0,0.0,,0.0,,carry_minus_ewma
43,switch_random,regime_marginal,clean,transit_rough,all,0.0,,0.0,,0.003240740740740742,,,,,,0.0,0.0,0.4629629629629628,0.0,0.0,,0.0,,carry_minus_ewma
43,switch_random,regime_marginal,clean,transit_rough,record_stable,0.0,,0.0,,0.0,,,,,,0.0,0.0,0.0,0.0,0.0,,0.0,,carry_minus_ewma
43,switch_random,regime_marginal,clean,transit_rough,record_transition,0.0,,0.0,,0.024305555555555552,,,,,,0.0,0.0,3.472222222222223,0.0,0.0,,0.0,,carry_minus_ewma
43,switch_random,regime_marginal,clean,transit_rough,stable,0.0,,0.0,,0.0,,,,,,0.0,0.0,0.0,0.0,0.0,,0.0,,carry_minus_ewma
43,switch_random,regime_marginal,clean,transit_rough,transition,0.0,,0.0,,0.024305555555555552,,,,,,0.0,0.0,3.472222222222223,0.0,0.0,,0.0,,carry_minus_ewma
43,switch_random,regime_marginal,clean,transit_smooth,all,0.0,,0.0,,0.0,,,,,,0.0,0.0,0.0,0.0,0.0,,0.0,,carry_minus_ewma
43,switch_random,regime_marginal,clean,transit_smooth,record_stable,0.0,,0.0,,0.0,,,,,,0.0,0.0,0.0,0.0,0.0,,0.0,,carry_minus_ewma
43,switch_random,regime_marginal,clean,transit_smooth,record_transition,,,,,0.0,,,,,,0.0,0.0,0.0,0.0,0.0,,,,carry_minus_ewma
43,switch_random,regime_marginal,clean,transit_smooth,stable,0.0,,0.0,,0.0,,,,,,0.0,0.0,0.0,0.0,0.0,,0.0,,carry_minus_ewma
43,switch_random,regime_marginal,clean,transit_smooth,transition,,,,,0.0,,,,,,0.0,0.0,0.0,0.0,0.0,,,,carry_minus_ewma
43,switch_random,regime_marginal,clean,warehouse,all,0.0,,0.0,,0.0009259259259259273,,,,,,0.0,0.0,0.0,0.0,0.0,,0.0,,carry_minus_ewma
43,switch_random,regime_marginal,clean,warehouse,record_stable,0.0,,0.0,,0.0,,,,,,0.0,0.0,0.0,0.0,0.0,,0.0,,carry_minus_ewma
43,switch_random,regime_marginal,clean,warehouse,record_transition,,,,,0.006944444444444444,,,,,,0.0,0.0,0.0,0.0,0.0,,,,carry_minus_ewma
43,switch_random,regime_marginal,clean,warehouse,stable,0.0,,0.0,,0.0,,,,,,0.0,0.0,0.0,0.0,0.0,,0.0,,carry_minus_ewma
43,switch_random,regime_marginal,clean,warehouse,transition,,,,,0.006944444444444444,,,,,,0.0,0.0,0.0,0.0,0.0,,,,carry_minus_ewma
43,switch_random,regime_marginal,observed,all,all,0.0020032624559997714,0.00347222222222221,-0.006689953229530532,0.01124781474388073,0.0008074935400516781,0.005208333333333334,-0.00694444444444442,0.0,0.00347222222222221,-0.0069444444444444475,0.0,0.0,-0.1614987080103356,0.0,0.0,0.00347222222222221,0.0020032624559997714,0.0,carry_minus_ewma
43,switch_random,regime_marginal,observed,all,record_stable,0.0,0.0,0.0,-0.00012341275731364565,0.0,0.0,0.0,0.0,0.0,0.0,0.0,0.0,0.0,0.0,0.0,0.0,0.0,0.0,carry_minus_ewma
43,switch_random,regime_marginal,observed,all,record_transition,-0.009145783793671147,0.02083333333333337,-0.10944527736131937,0.0008951828565193498,0.006127450980392156,0.03125000000000001,-0.04166666666666674,0.0,0.02083333333333337,-0.04166666666666666,0.0,0.0,-1.2254901960784315,0.0,0.0,0.02083333333333337,-0.009145783793671147,0.0,carry_minus_ewma
43,switch_random,regime_marginal,observed,all,stable,0.0,0.0,0.0,-0.00012341275731364565,0.0,0.0,0.0,0.0,0.0,0.0,0.0,0.0,0.0,0.0,0.0,0.0,0.0,0.0,carry_minus_ewma
43,switch_random,regime_marginal,observed,all,transition,-0.009145783793671147,0.02083333333333337,-0.10944527736131937,0.0008951828565193498,0.006127450980392156,0.03125000000000001,-0.04166666666666674,0.0,0.02083333333333337,-0.04166666666666666,0.0,0.0,-1.2254901960784315,0.0,0.0,0.02083333333333337,-0.009145783793671147,0.0,carry_minus_ewma
43,switch_random,regime_marginal,observed,transit_rough,all,0.019649951680446698,0.0273972602739726,0.00919026328862399,0.02924191185543301,0.0014374700527072341,0.02054794520547945,0.0,0.0,0.0273972602739726,-0.0136986301369863,0.0,0.0,-0.4791566842357451,0.0,0.0,0.0273972602739726,0.019649951680446698,0.0,carry_minus_ewma
43,switch_random,regime_marginal,observed,transit_rough,record_stable,0.0,0.0,0.0,-0.0008991424594238517,0.0,0.0,0.0,0.0,0.0,0.0,0.0,0.0,0.0,0.0,0.0,0.0,0.0,0.0,carry_minus_ewma
43,switch_random,regime_marginal,observed,transit_rough,record_transition,0.03046594982078854,0.11111111111111116,-0.08119658119658113,0.02130846089541305,0.01111111111111111,0.08333333333333334,0.0,0.0,0.11111111111111116,-0.05555555555555558,0.0,0.0,-3.7037037037037037,0.0,0.0,0.11111111111111116,0.03046594982078854,0.0,carry_minus_ewma
43,switch_random,regime_marginal,observed,transit_rough,stable,0.0,0.0,0.0,-0.0008991424594238517,0.0,0.0,0.0,0.0,0.0,0.0,0.0,0.0,0.0,0.0,0.0,0.0,0.0,0.0,carry_minus_ewma
43,switch_random,regime_marginal,observed,transit_rough,transition,0.03046594982078854,0.11111111111111116,-0.08119658119658113,0.02130846089541305,0.01111111111111111,0.08333333333333334,0.0,0.0,0.11111111111111116,-0.05555555555555558,0.0,0.0,-3.7037037037037037,0.0,0.0,0.11111111111111116,0.03046594982078854,0.0,carry_minus_ewma
43,switch_random,regime_marginal,observed,transit_smooth,all,0.01512310961129859,0.008547008547008544,0.0444444444444444,0.021229948762493817,0.0,0.0,0.0,0.0,0.008547008547008544,0.008547008547008544,0.0,0.0,0.0,0.0,0.0,0.008547008547008544,0.01512310961129859,0.0,carry_minus_ewma
43,switch_random,regime_marginal,observed,transit_smooth,record_stable,0.0,0.0,0.0,0.0005938368208191769,0.0,0.0,0.0,0.0,0.0,0.0,0.0,0.0,0.0,0.0,0.0,0.0,0.0,0.0,carry_minus_ewma
43,switch_random,regime_marginal,observed,transit_smooth,record_transition,0.08823529411764708,0.11111111111111116,0.0535714285714286,0.24310941758858423,0.0,0.0,0.0,0.0,0.11111111111111116,0.11111111111111116,0.0,0.0,0.0,0.0,0.0,0.11111111111111116,0.08823529411764708,0.0,carry_minus_ewma
43,switch_random,regime_marginal,observed,transit_smooth,stable,0.0,0.0,0.0,0.0005938368208191769,0.0,0.0,0.0,0.0,0.0,0.0,0.0,0.0,0.0,0.0,0.0,0.0,0.0,0.0,carry_minus_ewma
43,switch_random,regime_marginal,observed,transit_smooth,transition,0.08823529411764708,0.11111111111111116,0.0535714285714286,0.24310941758858423,0.0,0.0,0.0,0.0,0.11111111111111116,0.11111111111111116,0.0,0.0,0.0,0.0,0.0,0.11111111111111116,0.08823529411764708,0.0,carry_minus_ewma
43,switch_random,regime_marginal,observed,warehouse,all,-0.025806451612903236,-0.020408163265306145,-0.03508771929824561,-0.007472416668187903,0.0009699321047526681,0.0,-0.020408163265306145,0.0,-0.020408163265306145,-0.020408163265306117,0.0,0.0,0.0,0.0,0.0,-0.020408163265306145,-0.025806451612903236,0.0,carry_minus_ewma
43,switch_random,regime_marginal,observed,warehouse,record_stable,0.0,0.0,0.0,-0.00032855866202369244,0.0,0.0,0.0,0.0,0.0,0.0,0.0,0.0,0.0,0.0,0.0,0.0,0.0,0.0,carry_minus_ewma
43,switch_random,regime_marginal,observed,warehouse,record_transition,-0.16666666666666669,-0.09523809523809523,-0.6666666666666667,-0.27165360429450236,0.00749063670411985,0.0,-0.09523809523809523,0.0,-0.09523809523809523,-0.09523809523809523,0.0,0.0,0.0,0.0,0.0,-0.09523809523809523,-0.16666666666666669,0.0,carry_minus_ewma
43,switch_random,regime_marginal,observed,warehouse,stable,0.0,0.0,0.0,-0.00032855866202369244,0.0,0.0,0.0,0.0,0.0,0.0,0.0,0.0,0.0,0.0,0.0,0.0,0.0,0.0,carry_minus_ewma
43,switch_random,regime_marginal,observed,warehouse,transition,-0.16666666666666669,-0.09523809523809523,-0.6666666666666667,-0.27165360429450236,0.00749063670411985,0.0,-0.09523809523809523,0.0,-0.09523809523809523,-0.09523809523809523,0.0,0.0,0.0,0.0,0.0,-0.09523809523809523,-0.16666666666666669,0.0,carry_minus_ewma
44,count1,regime_conditional,clean,all,all,0.0,,0.0,,0.0,,,,,,0.0,0.0,0.0,0.0,0.0,,0.0,,carry_minus_ewma
44,count1,regime_conditional,clean,all,record_stable,0.0,,0.0,,0.0,,,,,,0.0,0.0,0.0,0.0,0.0,,0.0,,carry_minus_ewma
44,count1,regime_conditional,clean,all,stable,0.0,,0.0,,0.0,,,,,,0.0,0.0,0.0,0.0,0.0,,0.0,,carry_minus_ewma
44,count1,regime_conditional,clean,transit_rough,all,0.0,,0.0,,0.0,,,,,,0.0,0.0,0.0,0.0,0.0,,0.0,,carry_minus_ewma
44,count1,regime_conditional,clean,transit_rough,record_stable,0.0,,0.0,,0.0,,,,,,0.0,0.0,0.0,0.0,0.0,,0.0,,carry_minus_ewma
44,count1,regime_conditional,clean,transit_rough,stable,0.0,,0.0,,0.0,,,,,,0.0,0.0,0.0,0.0,0.0,,0.0,,carry_minus_ewma
44,count1,regime_conditional,clean,transit_smooth,all,0.0,,0.0,,0.0,,,,,,0.0,0.0,0.0,0.0,0.0,,0.0,,carry_minus_ewma
44,count1,regime_conditional,clean,transit_smooth,record_stable,0.0,,0.0,,0.0,,,,,,0.0,0.0,0.0,0.0,0.0,,0.0,,carry_minus_ewma
44,count1,regime_conditional,clean,transit_smooth,stable,0.0,,0.0,,0.0,,,,,,0.0,0.0,0.0,0.0,0.0,,0.0,,carry_minus_ewma
44,count1,regime_conditional,clean,warehouse,all,0.0,,0.0,,0.0,,,,,,0.0,0.0,0.0,0.0,0.0,,0.0,,carry_minus_ewma
44,count1,regime_conditional,clean,warehouse,record_stable,0.0,,0.0,,0.0,,,,,,0.0,0.0,0.0,0.0,0.0,,0.0,,carry_minus_ewma
44,count1,regime_conditional,clean,warehouse,stable,0.0,,0.0,,0.0,,,,,,0.0,0.0,0.0,0.0,0.0,,0.0,,carry_minus_ewma
44,count1,regime_conditional,observed,all,all,0.0,0.0,0.0,0.0,0.0,0.0,0.0,0.0,0.0,0.0,0.0,0.0,0.0,0.0,0.0,0.0,0.0,0.0,carry_minus_ewma
44,count1,regime_conditional,observed,all,record_stable,0.0,0.0,0.0,0.0,0.0,0.0,0.0,0.0,0.0,0.0,0.0,0.0,0.0,0.0,0.0,0.0,0.0,0.0,carry_minus_ewma
44,count1,regime_conditional,observed,all,stable,0.0,0.0,0.0,0.0,0.0,0.0,0.0,0.0,0.0,0.0,0.0,0.0,0.0,0.0,0.0,0.0,0.0,0.0,carry_minus_ewma
44,count1,regime_conditional,observed,transit_rough,all,0.0,0.0,0.0,0.0,0.0,0.0,0.0,0.0,0.0,0.0,0.0,0.0,0.0,0.0,0.0,0.0,0.0,0.0,carry_minus_ewma
44,count1,regime_conditional,observed,transit_rough,record_stable,0.0,0.0,0.0,0.0,0.0,0.0,0.0,0.0,0.0,0.0,0.0,0.0,0.0,0.0,0.0,0.0,0.0,0.0,carry_minus_ewma
44,count1,regime_conditional,observed,transit_rough,stable,0.0,0.0,0.0,0.0,0.0,0.0,0.0,0.0,0.0,0.0,0.0,0.0,0.0,0.0,0.0,0.0,0.0,0.0,carry_minus_ewma
44,count1,regime_conditional,observed,transit_smooth,all,0.0,0.0,0.0,0.0,0.0,0.0,0.0,0.0,0.0,0.0,0.0,0.0,0.0,0.0,0.0,0.0,0.0,0.0,carry_minus_ewma
44,count1,regime_conditional,observed,transit_smooth,record_stable,0.0,0.0,0.0,0.0,0.0,0.0,0.0,0.0,0.0,0.0,0.0,0.0,0.0,0.0,0.0,0.0,0.0,0.0,carry_minus_ewma
44,count1,regime_conditional,observed,transit_smooth,stable,0.0,0.0,0.0,0.0,0.0,0.0,0.0,0.0,0.0,0.0,0.0,0.0,0.0,0.0,0.0,0.0,0.0,0.0,carry_minus_ewma
44,count1,regime_conditional,observed,warehouse,all,0.0,0.0,0.0,0.0,0.0,0.0,0.0,0.0,0.0,0.0,0.0,0.0,0.0,0.0,0.0,0.0,0.0,0.0,carry_minus_ewma
44,count1,regime_conditional,observed,warehouse,record_stable,0.0,0.0,0.0,0.0,0.0,0.0,0.0,0.0,0.0,0.0,0.0,0.0,0.0,0.0,0.0,0.0,0.0,0.0,carry_minus_ewma
44,count1,regime_conditional,observed,warehouse,stable,0.0,0.0,0.0,0.0,0.0,0.0,0.0,0.0,0.0,0.0,0.0,0.0,0.0,0.0,0.0,0.0,0.0,0.0,carry_minus_ewma
44,count1,regime_marginal,clean,all,all,0.0,,0.0,,0.0,,,,,,0.0,0.0,0.0,0.0,0.0,,0.0,,carry_minus_ewma
44,count1,regime_marginal,clean,all,record_stable,0.0,,0.0,,0.0,,,,,,0.0,0.0,0.0,0.0,0.0,,0.0,,carry_minus_ewma
44,count1,regime_marginal,clean,all,stable,0.0,,0.0,,0.0,,,,,,0.0,0.0,0.0,0.0,0.0,,0.0,,carry_minus_ewma
44,count1,regime_marginal,clean,transit_rough,all,0.0,,0.0,,0.0,,,,,,0.0,0.0,0.0,0.0,0.0,,0.0,,carry_minus_ewma
44,count1,regime_marginal,clean,transit_rough,record_stable,0.0,,0.0,,0.0,,,,,,0.0,0.0,0.0,0.0,0.0,,0.0,,carry_minus_ewma
44,count1,regime_marginal,clean,transit_rough,stable,0.0,,0.0,,0.0,,,,,,0.0,0.0,0.0,0.0,0.0,,0.0,,carry_minus_ewma
44,count1,regime_marginal,clean,transit_smooth,all,,,,,0.0,,,,,,0.0,0.0,0.0,0.0,0.0,,,,carry_minus_ewma
44,count1,regime_marginal,clean,transit_smooth,record_stable,,,,,0.0,,,,,,0.0,0.0,0.0,0.0,0.0,,,,carry_minus_ewma
44,count1,regime_marginal,clean,transit_smooth,stable,,,,,0.0,,,,,,0.0,0.0,0.0,0.0,0.0,,,,carry_minus_ewma
44,count1,regime_marginal,clean,warehouse,all,0.0,,0.0,,0.0,,,,,,0.0,0.0,0.0,0.0,0.0,,0.0,,carry_minus_ewma
44,count1,regime_marginal,clean,warehouse,record_stable,0.0,,0.0,,0.0,,,,,,0.0,0.0,0.0,0.0,0.0,,0.0,,carry_minus_ewma
44,count1,regime_marginal,clean,warehouse,stable,0.0,,0.0,,0.0,,,,,,0.0,0.0,0.0,0.0,0.0,,0.0,,carry_minus_ewma
44,count1,regime_marginal,observed,all,all,0.0,0.0,0.0,0.0,0.0,0.0,0.0,0.0,0.0,0.0,0.0,0.0,0.0,0.0,0.0,0.0,0.0,0.0,carry_minus_ewma
44,count1,regime_marginal,observed,all,record_stable,0.0,0.0,0.0,0.0,0.0,0.0,0.0,0.0,0.0,0.0,0.0,0.0,0.0,0.0,0.0,0.0,0.0,0.0,carry_minus_ewma
44,count1,regime_marginal,observed,all,stable,0.0,0.0,0.0,0.0,0.0,0.0,0.0,0.0,0.0,0.0,0.0,0.0,0.0,0.0,0.0,0.0,0.0,0.0,carry_minus_ewma
44,count1,regime_marginal,observed,transit_rough,all,0.0,0.0,0.0,0.0,0.0,0.0,0.0,0.0,0.0,0.0,0.0,0.0,0.0,0.0,0.0,0.0,0.0,0.0,carry_minus_ewma
44,count1,regime_marginal,observed,transit_rough,record_stable,0.0,0.0,0.0,0.0,0.0,0.0,0.0,0.0,0.0,0.0,0.0,0.0,0.0,0.0,0.0,0.0,0.0,0.0,carry_minus_ewma
44,count1,regime_marginal,observed,transit_rough,stable,0.0,0.0,0.0,0.0,0.0,0.0,0.0,0.0,0.0,0.0,0.0,0.0,0.0,0.0,0.0,0.0,0.0,0.0,carry_minus_ewma
44,count1,regime_marginal,observed,transit_smooth,all,0.0,0.0,0.0,0.0,0.0,0.0,0.0,0.0,0.0,0.0,0.0,0.0,0.0,0.0,0.0,0.0,0.0,0.0,carry_minus_ewma
44,count1,regime_marginal,observed,transit_smooth,record_stable,0.0,0.0,0.0,0.0,0.0,0.0,0.0,0.0,0.0,0.0,0.0,0.0,0.0,0.0,0.0,0.0,0.0,0.0,carry_minus_ewma
44,count1,regime_marginal,observed,transit_smooth,stable,0.0,0.0,0.0,0.0,0.0,0.0,0.0,0.0,0.0,0.0,0.0,0.0,0.0,0.0,0.0,0.0,0.0,0.0,carry_minus_ewma
44,count1,regime_marginal,observed,warehouse,all,0.0,0.0,0.0,0.0,0.0,0.0,0.0,0.0,0.0,0.0,0.0,0.0,0.0,0.0,0.0,0.0,0.0,0.0,carry_minus_ewma
44,count1,regime_marginal,observed,warehouse,record_stable,0.0,0.0,0.0,0.0,0.0,0.0,0.0,0.0,0.0,0.0,0.0,0.0,0.0,0.0,0.0,0.0,0.0,0.0,carry_minus_ewma
44,count1,regime_marginal,observed,warehouse,stable,0.0,0.0,0.0,0.0,0.0,0.0,0.0,0.0,0.0,0.0,0.0,0.0,0.0,0.0,0.0,0.0,0.0,0.0,carry_minus_ewma
44,count3,regime_conditional,clean,all,all,0.0,,0.0,,0.0,,,,,,0.0,0.0,0.0,0.0,0.0,,0.0,,carry_minus_ewma
44,count3,regime_conditional,clean,all,record_stable,0.0,,0.0,,0.0,,,,,,0.0,0.0,0.0,0.0,0.0,,0.0,,carry_minus_ewma
44,count3,regime_conditional,clean,all,stable,0.0,,0.0,,0.0,,,,,,0.0,0.0,0.0,0.0,0.0,,0.0,,carry_minus_ewma
44,count3,regime_conditional,clean,transit_rough,all,0.0,,0.0,,0.0,,,,,,0.0,0.0,0.0,0.0,0.0,,0.0,,carry_minus_ewma
44,count3,regime_conditional,clean,transit_rough,record_stable,0.0,,0.0,,0.0,,,,,,0.0,0.0,0.0,0.0,0.0,,0.0,,carry_minus_ewma
44,count3,regime_conditional,clean,transit_rough,stable,0.0,,0.0,,0.0,,,,,,0.0,0.0,0.0,0.0,0.0,,0.0,,carry_minus_ewma
44,count3,regime_conditional,clean,transit_smooth,all,0.0,,0.0,,0.0,,,,,,0.0,0.0,0.0,0.0,0.0,,0.0,,carry_minus_ewma
44,count3,regime_conditional,clean,transit_smooth,record_stable,0.0,,0.0,,0.0,,,,,,0.0,0.0,0.0,0.0,0.0,,0.0,,carry_minus_ewma
44,count3,regime_conditional,clean,transit_smooth,stable,0.0,,0.0,,0.0,,,,,,0.0,0.0,0.0,0.0,0.0,,0.0,,carry_minus_ewma
44,count3,regime_conditional,clean,warehouse,all,0.0,,0.0,,0.0,,,,,,0.0,0.0,0.0,0.0,0.0,,0.0,,carry_minus_ewma
44,count3,regime_conditional,clean,warehouse,record_stable,0.0,,0.0,,0.0,,,,,,0.0,0.0,0.0,0.0,0.0,,0.0,,carry_minus_ewma
44,count3,regime_conditional,clean,warehouse,stable,0.0,,0.0,,0.0,,,,,,0.0,0.0,0.0,0.0,0.0,,0.0,,carry_minus_ewma
44,count3,regime_conditional,observed,all,all,0.0,0.0,0.0,0.0,0.0,0.0,0.0,0.0,0.0,0.0,0.0,0.0,0.0,0.0,0.0,0.0,0.0,0.0,carry_minus_ewma
44,count3,regime_conditional,observed,all,record_stable,0.0,0.0,0.0,0.0,0.0,0.0,0.0,0.0,0.0,0.0,0.0,0.0,0.0,0.0,0.0,0.0,0.0,0.0,carry_minus_ewma
44,count3,regime_conditional,observed,all,stable,0.0,0.0,0.0,0.0,0.0,0.0,0.0,0.0,0.0,0.0,0.0,0.0,0.0,0.0,0.0,0.0,0.0,0.0,carry_minus_ewma
44,count3,regime_conditional,observed,transit_rough,all,0.0,0.0,0.0,0.0,0.0,0.0,0.0,0.0,0.0,0.0,0.0,0.0,0.0,0.0,0.0,0.0,0.0,0.0,carry_minus_ewma
44,count3,regime_conditional,observed,transit_rough,record_stable,0.0,0.0,0.0,0.0,0.0,0.0,0.0,0.0,0.0,0.0,0.0,0.0,0.0,0.0,0.0,0.0,0.0,0.0,carry_minus_ewma
44,count3,regime_conditional,observed,transit_rough,stable,0.0,0.0,0.0,0.0,0.0,0.0,0.0,0.0,0.0,0.0,0.0,0.0,0.0,0.0,0.0,0.0,0.0,0.0,carry_minus_ewma
44,count3,regime_conditional,observed,transit_smooth,all,0.0,0.0,0.0,0.0,0.0,0.0,0.0,0.0,0.0,0.0,0.0,0.0,0.0,0.0,0.0,0.0,0.0,0.0,carry_minus_ewma
44,count3,regime_conditional,observed,transit_smooth,record_stable,0.0,0.0,0.0,0.0,0.0,0.0,0.0,0.0,0.0,0.0,0.0,0.0,0.0,0.0,0.0,0.0,0.0,0.0,carry_minus_ewma
44,count3,regime_conditional,observed,transit_smooth,stable,0.0,0.0,0.0,0.0,0.0,0.0,0.0,0.0,0.0,0.0,0.0,0.0,0.0,0.0,0.0,0.0,0.0,0.0,carry_minus_ewma
44,count3,regime_conditional,observed,warehouse,all,0.0,0.0,0.0,0.0,0.0,0.0,0.0,0.0,0.0,0.0,0.0,0.0,0.0,0.0,0.0,0.0,0.0,0.0,carry_minus_ewma
44,count3,regime_conditional,observed,warehouse,record_stable,0.0,0.0,0.0,0.0,0.0,0.0,0.0,0.0,0.0,0.0,0.0,0.0,0.0,0.0,0.0,0.0,0.0,0.0,carry_minus_ewma
44,count3,regime_conditional,observed,warehouse,stable,0.0,0.0,0.0,0.0,0.0,0.0,0.0,0.0,0.0,0.0,0.0,0.0,0.0,0.0,0.0,0.0,0.0,0.0,carry_minus_ewma
44,count3,regime_marginal,clean,all,all,0.0,,0.0,,0.0,,,,,,0.0,0.0,0.0,0.0,0.0,,0.0,,carry_minus_ewma
44,count3,regime_marginal,clean,all,record_stable,0.0,,0.0,,0.0,,,,,,0.0,0.0,0.0,0.0,0.0,,0.0,,carry_minus_ewma
44,count3,regime_marginal,clean,all,stable,0.0,,0.0,,0.0,,,,,,0.0,0.0,0.0,0.0,0.0,,0.0,,carry_minus_ewma
44,count3,regime_marginal,clean,transit_rough,all,0.0,,0.0,,0.0,,,,,,0.0,0.0,0.0,0.0,0.0,,0.0,,carry_minus_ewma
44,count3,regime_marginal,clean,transit_rough,record_stable,0.0,,0.0,,0.0,,,,,,0.0,0.0,0.0,0.0,0.0,,0.0,,carry_minus_ewma
44,count3,regime_marginal,clean,transit_rough,stable,0.0,,0.0,,0.0,,,,,,0.0,0.0,0.0,0.0,0.0,,0.0,,carry_minus_ewma
44,count3,regime_marginal,clean,transit_smooth,all,,,,,0.0,,,,,,0.0,0.0,0.0,0.0,0.0,,,,carry_minus_ewma
44,count3,regime_marginal,clean,transit_smooth,record_stable,,,,,0.0,,,,,,0.0,0.0,0.0,0.0,0.0,,,,carry_minus_ewma
44,count3,regime_marginal,clean,transit_smooth,stable,,,,,0.0,,,,,,0.0,0.0,0.0,0.0,0.0,,,,carry_minus_ewma
44,count3,regime_marginal,clean,warehouse,all,0.0,,0.0,,0.0,,,,,,0.0,0.0,0.0,0.0,0.0,,0.0,,carry_minus_ewma
44,count3,regime_marginal,clean,warehouse,record_stable,0.0,,0.0,,0.0,,,,,,0.0,0.0,0.0,0.0,0.0,,0.0,,carry_minus_ewma
44,count3,regime_marginal,clean,warehouse,stable,0.0,,0.0,,0.0,,,,,,0.0,0.0,0.0,0.0,0.0,,0.0,,carry_minus_ewma
44,count3,regime_marginal,observed,all,all,0.0,0.0,0.0,0.0,0.0,0.0,0.0,0.0,0.0,0.0,0.0,0.0,0.0,0.0,0.0,0.0,0.0,0.0,carry_minus_ewma
44,count3,regime_marginal,observed,all,record_stable,0.0,0.0,0.0,0.0,0.0,0.0,0.0,0.0,0.0,0.0,0.0,0.0,0.0,0.0,0.0,0.0,0.0,0.0,carry_minus_ewma
44,count3,regime_marginal,observed,all,stable,0.0,0.0,0.0,0.0,0.0,0.0,0.0,0.0,0.0,0.0,0.0,0.0,0.0,0.0,0.0,0.0,0.0,0.0,carry_minus_ewma
44,count3,regime_marginal,observed,transit_rough,all,0.0,0.0,0.0,0.0,0.0,0.0,0.0,0.0,0.0,0.0,0.0,0.0,0.0,0.0,0.0,0.0,0.0,0.0,carry_minus_ewma
44,count3,regime_marginal,observed,transit_rough,record_stable,0.0,0.0,0.0,0.0,0.0,0.0,0.0,0.0,0.0,0.0,0.0,0.0,0.0,0.0,0.0,0.0,0.0,0.0,carry_minus_ewma
44,count3,regime_marginal,observed,transit_rough,stable,0.0,0.0,0.0,0.0,0.0,0.0,0.0,0.0,0.0,0.0,0.0,0.0,0.0,0.0,0.0,0.0,0.0,0.0,carry_minus_ewma
44,count3,regime_marginal,observed,transit_smooth,all,0.0,0.0,0.0,0.0,0.0,0.0,0.0,0.0,0.0,0.0,0.0,0.0,0.0,0.0,0.0,0.0,0.0,0.0,carry_minus_ewma
44,count3,regime_marginal,observed,transit_smooth,record_stable,0.0,0.0,0.0,0.0,0.0,0.0,0.0,0.0,0.0,0.0,0.0,0.0,0.0,0.0,0.0,0.0,0.0,0.0,carry_minus_ewma
44,count3,regime_marginal,observed,transit_smooth,stable,0.0,0.0,0.0,0.0,0.0,0.0,0.0,0.0,0.0,0.0,0.0,0.0,0.0,0.0,0.0,0.0,0.0,0.0,carry_minus_ewma
44,count3,regime_marginal,observed,warehouse,all,0.0,0.0,0.0,0.0,0.0,0.0,0.0,0.0,0.0,0.0,0.0,0.0,0.0,0.0,0.0,0.0,0.0,0.0,carry_minus_ewma
44,count3,regime_marginal,observed,warehouse,record_stable,0.0,0.0,0.0,0.0,0.0,0.0,0.0,0.0,0.0,0.0,0.0,0.0,0.0,0.0,0.0,0.0,0.0,0.0,carry_minus_ewma
44,count3,regime_marginal,observed,warehouse,stable,0.0,0.0,0.0,0.0,0.0,0.0,0.0,0.0,0.0,0.0,0.0,0.0,0.0,0.0,0.0,0.0,0.0,0.0,carry_minus_ewma
44,duration24,regime_conditional,clean,all,all,0.0,,0.0,,0.0,,,,,,0.0,0.0,0.0,0.0,0.0,,0.0,,carry_minus_ewma
44,duration24,regime_conditional,clean,all,record_stable,0.0,,0.0,,0.0,,,,,,0.0,0.0,0.0,0.0,0.0,,0.0,,carry_minus_ewma
44,duration24,regime_conditional,clean,all,stable,0.0,,0.0,,0.0,,,,,,0.0,0.0,0.0,0.0,0.0,,0.0,,carry_minus_ewma
44,duration24,regime_conditional,clean,transit_rough,all,0.0,,0.0,,0.0,,,,,,0.0,0.0,0.0,0.0,0.0,,0.0,,carry_minus_ewma
44,duration24,regime_conditional,clean,transit_rough,record_stable,0.0,,0.0,,0.0,,,,,,0.0,0.0,0.0,0.0,0.0,,0.0,,carry_minus_ewma
44,duration24,regime_conditional,clean,transit_rough,stable,0.0,,0.0,,0.0,,,,,,0.0,0.0,0.0,0.0,0.0,,0.0,,carry_minus_ewma
44,duration24,regime_conditional,clean,transit_smooth,all,0.0,,0.0,,0.0,,,,,,0.0,0.0,0.0,0.0,0.0,,0.0,,carry_minus_ewma
44,duration24,regime_conditional,clean,transit_smooth,record_stable,0.0,,0.0,,0.0,,,,,,0.0,0.0,0.0,0.0,0.0,,0.0,,carry_minus_ewma
44,duration24,regime_conditional,clean,transit_smooth,stable,0.0,,0.0,,0.0,,,,,,0.0,0.0,0.0,0.0,0.0,,0.0,,carry_minus_ewma
44,duration24,regime_conditional,clean,warehouse,all,0.0,,0.0,,0.0,,,,,,0.0,0.0,0.0,0.0,0.0,,0.0,,carry_minus_ewma
44,duration24,regime_conditional,clean,warehouse,record_stable,0.0,,0.0,,0.0,,,,,,0.0,0.0,0.0,0.0,0.0,,0.0,,carry_minus_ewma
44,duration24,regime_conditional,clean,warehouse,stable,0.0,,0.0,,0.0,,,,,,0.0,0.0,0.0,0.0,0.0,,0.0,,carry_minus_ewma
44,duration24,regime_conditional,observed,all,all,0.0,0.0,0.0,0.0,0.0,0.0,0.0,0.0,0.0,0.0,0.0,0.0,0.0,0.0,0.0,0.0,0.0,0.0,carry_minus_ewma
44,duration24,regime_conditional,observed,all,record_stable,0.0,0.0,0.0,0.0,0.0,0.0,0.0,0.0,0.0,0.0,0.0,0.0,0.0,0.0,0.0,0.0,0.0,0.0,carry_minus_ewma
44,duration24,regime_conditional,observed,all,stable,0.0,0.0,0.0,0.0,0.0,0.0,0.0,0.0,0.0,0.0,0.0,0.0,0.0,0.0,0.0,0.0,0.0,0.0,carry_minus_ewma
44,duration24,regime_conditional,observed,transit_rough,all,0.0,0.0,0.0,0.0,0.0,0.0,0.0,0.0,0.0,0.0,0.0,0.0,0.0,0.0,0.0,0.0,0.0,0.0,carry_minus_ewma
44,duration24,regime_conditional,observed,transit_rough,record_stable,0.0,0.0,0.0,0.0,0.0,0.0,0.0,0.0,0.0,0.0,0.0,0.0,0.0,0.0,0.0,0.0,0.0,0.0,carry_minus_ewma
44,duration24,regime_conditional,observed,transit_rough,stable,0.0,0.0,0.0,0.0,0.0,0.0,0.0,0.0,0.0,0.0,0.0,0.0,0.0,0.0,0.0,0.0,0.0,0.0,carry_minus_ewma
44,duration24,regime_conditional,observed,transit_smooth,all,0.0,0.0,0.0,0.0,0.0,0.0,0.0,0.0,0.0,0.0,0.0,0.0,0.0,0.0,0.0,0.0,0.0,0.0,carry_minus_ewma
44,duration24,regime_conditional,observed,transit_smooth,record_stable,0.0,0.0,0.0,0.0,0.0,0.0,0.0,0.0,0.0,0.0,0.0,0.0,0.0,0.0,0.0,0.0,0.0,0.0,carry_minus_ewma
44,duration24,regime_conditional,observed,transit_smooth,stable,0.0,0.0,0.0,0.0,0.0,0.0,0.0,0.0,0.0,0.0,0.0,0.0,0.0,0.0,0.0,0.0,0.0,0.0,carry_minus_ewma
44,duration24,regime_conditional,observed,warehouse,all,0.0,0.0,0.0,0.0,0.0,0.0,0.0,0.0,0.0,0.0,0.0,0.0,0.0,0.0,0.0,0.0,0.0,0.0,carry_minus_ewma
44,duration24,regime_conditional,observed,warehouse,record_stable,0.0,0.0,0.0,0.0,0.0,0.0,0.0,0.0,0.0,0.0,0.0,0.0,0.0,0.0,0.0,0.0,0.0,0.0,carry_minus_ewma
44,duration24,regime_conditional,observed,warehouse,stable,0.0,0.0,0.0,0.0,0.0,0.0,0.0,0.0,0.0,0.0,0.0,0.0,0.0,0.0,0.0,0.0,0.0,0.0,carry_minus_ewma
44,duration24,regime_marginal,clean,all,all,0.0,,0.0,,0.0,,,,,,0.0,0.0,0.0,0.0,0.0,,0.0,,carry_minus_ewma
44,duration24,regime_marginal,clean,all,record_stable,0.0,,0.0,,0.0,,,,,,0.0,0.0,0.0,0.0,0.0,,0.0,,carry_minus_ewma
44,duration24,regime_marginal,clean,all,stable,0.0,,0.0,,0.0,,,,,,0.0,0.0,0.0,0.0,0.0,,0.0,,carry_minus_ewma
44,duration24,regime_marginal,clean,transit_rough,all,0.0,,0.0,,0.0,,,,,,0.0,0.0,0.0,0.0,0.0,,0.0,,carry_minus_ewma
44,duration24,regime_marginal,clean,transit_rough,record_stable,0.0,,0.0,,0.0,,,,,,0.0,0.0,0.0,0.0,0.0,,0.0,,carry_minus_ewma
44,duration24,regime_marginal,clean,transit_rough,stable,0.0,,0.0,,0.0,,,,,,0.0,0.0,0.0,0.0,0.0,,0.0,,carry_minus_ewma
44,duration24,regime_marginal,clean,transit_smooth,all,,,,,0.0,,,,,,0.0,0.0,0.0,0.0,0.0,,,,carry_minus_ewma
44,duration24,regime_marginal,clean,transit_smooth,record_stable,,,,,0.0,,,,,,0.0,0.0,0.0,0.0,0.0,,,,carry_minus_ewma
44,duration24,regime_marginal,clean,transit_smooth,stable,,,,,0.0,,,,,,0.0,0.0,0.0,0.0,0.0,,,,carry_minus_ewma
44,duration24,regime_marginal,clean,warehouse,all,0.0,,0.0,,0.0,,,,,,0.0,0.0,0.0,0.0,0.0,,0.0,,carry_minus_ewma
44,duration24,regime_marginal,clean,warehouse,record_stable,0.0,,0.0,,0.0,,,,,,0.0,0.0,0.0,0.0,0.0,,0.0,,carry_minus_ewma
44,duration24,regime_marginal,clean,warehouse,stable,0.0,,0.0,,0.0,,,,,,0.0,0.0,0.0,0.0,0.0,,0.0,,carry_minus_ewma
44,duration24,regime_marginal,observed,all,all,0.0,0.0,0.0,0.0,0.0,0.0,0.0,0.0,0.0,0.0,0.0,0.0,0.0,0.0,0.0,0.0,0.0,0.0,carry_minus_ewma
44,duration24,regime_marginal,observed,all,record_stable,0.0,0.0,0.0,0.0,0.0,0.0,0.0,0.0,0.0,0.0,0.0,0.0,0.0,0.0,0.0,0.0,0.0,0.0,carry_minus_ewma
44,duration24,regime_marginal,observed,all,stable,0.0,0.0,0.0,0.0,0.0,0.0,0.0,0.0,0.0,0.0,0.0,0.0,0.0,0.0,0.0,0.0,0.0,0.0,carry_minus_ewma
44,duration24,regime_marginal,observed,transit_rough,all,0.0,0.0,0.0,0.0,0.0,0.0,0.0,0.0,0.0,0.0,0.0,0.0,0.0,0.0,0.0,0.0,0.0,0.0,carry_minus_ewma
44,duration24,regime_marginal,observed,transit_rough,record_stable,0.0,0.0,0.0,0.0,0.0,0.0,0.0,0.0,0.0,0.0,0.0,0.0,0.0,0.0,0.0,0.0,0.0,0.0,carry_minus_ewma
44,duration24,regime_marginal,observed,transit_rough,stable,0.0,0.0,0.0,0.0,0.0,0.0,0.0,0.0,0.0,0.0,0.0,0.0,0.0,0.0,0.0,0.0,0.0,0.0,carry_minus_ewma
44,duration24,regime_marginal,observed,transit_smooth,all,0.0,0.0,0.0,0.0,0.0,0.0,0.0,0.0,0.0,0.0,0.0,0.0,0.0,0.0,0.0,0.0,0.0,0.0,carry_minus_ewma
44,duration24,regime_marginal,observed,transit_smooth,record_stable,0.0,0.0,0.0,0.0,0.0,0.0,0.0,0.0,0.0,0.0,0.0,0.0,0.0,0.0,0.0,0.0,0.0,0.0,carry_minus_ewma
44,duration24,regime_marginal,observed,transit_smooth,stable,0.0,0.0,0.0,0.0,0.0,0.0,0.0,0.0,0.0,0.0,0.0,0.0,0.0,0.0,0.0,0.0,0.0,0.0,carry_minus_ewma
44,duration24,regime_marginal,observed,warehouse,all,0.0,0.0,0.0,0.0,0.0,0.0,0.0,0.0,0.0,0.0,0.0,0.0,0.0,0.0,0.0,0.0,0.0,0.0,carry_minus_ewma
44,duration24,regime_marginal,observed,warehouse,record_stable,0.0,0.0,0.0,0.0,0.0,0.0,0.0,0.0,0.0,0.0,0.0,0.0,0.0,0.0,0.0,0.0,0.0,0.0,carry_minus_ewma
44,duration24,regime_marginal,observed,warehouse,stable,0.0,0.0,0.0,0.0,0.0,0.0,0.0,0.0,0.0,0.0,0.0,0.0,0.0,0.0,0.0,0.0,0.0,0.0,carry_minus_ewma
44,duration4,regime_conditional,clean,all,all,0.0,,0.0,,0.0,,,,,,0.0,0.0,0.0,0.0,0.0,,0.0,,carry_minus_ewma
44,duration4,regime_conditional,clean,all,record_stable,0.0,,0.0,,0.0,,,,,,0.0,0.0,0.0,0.0,0.0,,0.0,,carry_minus_ewma
44,duration4,regime_conditional,clean,all,stable,0.0,,0.0,,0.0,,,,,,0.0,0.0,0.0,0.0,0.0,,0.0,,carry_minus_ewma
44,duration4,regime_conditional,clean,transit_rough,all,0.0,,0.0,,0.0,,,,,,0.0,0.0,0.0,0.0,0.0,,0.0,,carry_minus_ewma
44,duration4,regime_conditional,clean,transit_rough,record_stable,0.0,,0.0,,0.0,,,,,,0.0,0.0,0.0,0.0,0.0,,0.0,,carry_minus_ewma
44,duration4,regime_conditional,clean,transit_rough,stable,0.0,,0.0,,0.0,,,,,,0.0,0.0,0.0,0.0,0.0,,0.0,,carry_minus_ewma
44,duration4,regime_conditional,clean,transit_smooth,all,0.0,,0.0,,0.0,,,,,,0.0,0.0,0.0,0.0,0.0,,0.0,,carry_minus_ewma
44,duration4,regime_conditional,clean,transit_smooth,record_stable,0.0,,0.0,,0.0,,,,,,0.0,0.0,0.0,0.0,0.0,,0.0,,carry_minus_ewma
44,duration4,regime_conditional,clean,transit_smooth,stable,0.0,,0.0,,0.0,,,,,,0.0,0.0,0.0,0.0,0.0,,0.0,,carry_minus_ewma
44,duration4,regime_conditional,clean,warehouse,all,0.0,,0.0,,0.0,,,,,,0.0,0.0,0.0,0.0,0.0,,0.0,,carry_minus_ewma
44,duration4,regime_conditional,clean,warehouse,record_stable,0.0,,0.0,,0.0,,,,,,0.0,0.0,0.0,0.0,0.0,,0.0,,carry_minus_ewma
44,duration4,regime_conditional,clean,warehouse,stable,0.0,,0.0,,0.0,,,,,,0.0,0.0,0.0,0.0,0.0,,0.0,,carry_minus_ewma
44,duration4,regime_conditional,observed,all,all,0.0,0.0,0.0,0.0,0.0,0.0,0.0,0.0,0.0,0.0,0.0,0.0,0.0,0.0,0.0,0.0,0.0,0.0,carry_minus_ewma
44,duration4,regime_conditional,observed,all,record_stable,0.0,0.0,0.0,0.0,0.0,0.0,0.0,0.0,0.0,0.0,0.0,0.0,0.0,0.0,0.0,0.0,0.0,0.0,carry_minus_ewma
44,duration4,regime_conditional,observed,all,stable,0.0,0.0,0.0,0.0,0.0,0.0,0.0,0.0,0.0,0.0,0.0,0.0,0.0,0.0,0.0,0.0,0.0,0.0,carry_minus_ewma
44,duration4,regime_conditional,observed,transit_rough,all,0.0,0.0,0.0,0.0,0.0,0.0,0.0,0.0,0.0,0.0,0.0,0.0,0.0,0.0,0.0,0.0,0.0,0.0,carry_minus_ewma
44,duration4,regime_conditional,observed,transit_rough,record_stable,0.0,0.0,0.0,0.0,0.0,0.0,0.0,0.0,0.0,0.0,0.0,0.0,0.0,0.0,0.0,0.0,0.0,0.0,carry_minus_ewma
44,duration4,regime_conditional,observed,transit_rough,stable,0.0,0.0,0.0,0.0,0.0,0.0,0.0,0.0,0.0,0.0,0.0,0.0,0.0,0.0,0.0,0.0,0.0,0.0,carry_minus_ewma
44,duration4,regime_conditional,observed,transit_smooth,all,0.0,0.0,0.0,0.0,0.0,0.0,0.0,0.0,0.0,0.0,0.0,0.0,0.0,0.0,0.0,0.0,0.0,0.0,carry_minus_ewma
44,duration4,regime_conditional,observed,transit_smooth,record_stable,0.0,0.0,0.0,0.0,0.0,0.0,0.0,0.0,0.0,0.0,0.0,0.0,0.0,0.0,0.0,0.0,0.0,0.0,carry_minus_ewma
44,duration4,regime_conditional,observed,transit_smooth,stable,0.0,0.0,0.0,0.0,0.0,0.0,0.0,0.0,0.0,0.0,0.0,0.0,0.0,0.0,0.0,0.0,0.0,0.0,carry_minus_ewma
44,duration4,regime_conditional,observed,warehouse,all,0.0,0.0,0.0,0.0,0.0,0.0,0.0,0.0,0.0,0.0,0.0,0.0,0.0,0.0,0.0,0.0,0.0,0.0,carry_minus_ewma
44,duration4,regime_conditional,observed,warehouse,record_stable,0.0,0.0,0.0,0.0,0.0,0.0,0.0,0.0,0.0,0.0,0.0,0.0,0.0,0.0,0.0,0.0,0.0,0.0,carry_minus_ewma
44,duration4,regime_conditional,observed,warehouse,stable,0.0,0.0,0.0,0.0,0.0,0.0,0.0,0.0,0.0,0.0,0.0,0.0,0.0,0.0,0.0,0.0,0.0,0.0,carry_minus_ewma
44,duration4,regime_marginal,clean,all,all,0.0,,0.0,,0.0,,,,,,0.0,0.0,0.0,0.0,0.0,,0.0,,carry_minus_ewma
44,duration4,regime_marginal,clean,all,record_stable,0.0,,0.0,,0.0,,,,,,0.0,0.0,0.0,0.0,0.0,,0.0,,carry_minus_ewma
44,duration4,regime_marginal,clean,all,stable,0.0,,0.0,,0.0,,,,,,0.0,0.0,0.0,0.0,0.0,,0.0,,carry_minus_ewma
44,duration4,regime_marginal,clean,transit_rough,all,0.0,,0.0,,0.0,,,,,,0.0,0.0,0.0,0.0,0.0,,0.0,,carry_minus_ewma
44,duration4,regime_marginal,clean,transit_rough,record_stable,0.0,,0.0,,0.0,,,,,,0.0,0.0,0.0,0.0,0.0,,0.0,,carry_minus_ewma
44,duration4,regime_marginal,clean,transit_rough,stable,0.0,,0.0,,0.0,,,,,,0.0,0.0,0.0,0.0,0.0,,0.0,,carry_minus_ewma
44,duration4,regime_marginal,clean,transit_smooth,all,,,,,0.0,,,,,,0.0,0.0,0.0,0.0,0.0,,,,carry_minus_ewma
44,duration4,regime_marginal,clean,transit_smooth,record_stable,,,,,0.0,,,,,,0.0,0.0,0.0,0.0,0.0,,,,carry_minus_ewma
44,duration4,regime_marginal,clean,transit_smooth,stable,,,,,0.0,,,,,,0.0,0.0,0.0,0.0,0.0,,,,carry_minus_ewma
44,duration4,regime_marginal,clean,warehouse,all,0.0,,0.0,,0.0,,,,,,0.0,0.0,0.0,0.0,0.0,,0.0,,carry_minus_ewma
44,duration4,regime_marginal,clean,warehouse,record_stable,0.0,,0.0,,0.0,,,,,,0.0,0.0,0.0,0.0,0.0,,0.0,,carry_minus_ewma
44,duration4,regime_marginal,clean,warehouse,stable,0.0,,0.0,,0.0,,,,,,0.0,0.0,0.0,0.0,0.0,,0.0,,carry_minus_ewma
44,duration4,regime_marginal,observed,all,all,0.0,0.0,0.0,0.0,0.0,0.0,0.0,0.0,0.0,0.0,0.0,0.0,0.0,0.0,0.0,0.0,0.0,0.0,carry_minus_ewma
44,duration4,regime_marginal,observed,all,record_stable,0.0,0.0,0.0,0.0,0.0,0.0,0.0,0.0,0.0,0.0,0.0,0.0,0.0,0.0,0.0,0.0,0.0,0.0,carry_minus_ewma
44,duration4,regime_marginal,observed,all,stable,0.0,0.0,0.0,0.0,0.0,0.0,0.0,0.0,0.0,0.0,0.0,0.0,0.0,0.0,0.0,0.0,0.0,0.0,carry_minus_ewma
44,duration4,regime_marginal,observed,transit_rough,all,0.0,0.0,0.0,0.0,0.0,0.0,0.0,0.0,0.0,0.0,0.0,0.0,0.0,0.0,0.0,0.0,0.0,0.0,carry_minus_ewma
44,duration4,regime_marginal,observed,transit_rough,record_stable,0.0,0.0,0.0,0.0,0.0,0.0,0.0,0.0,0.0,0.0,0.0,0.0,0.0,0.0,0.0,0.0,0.0,0.0,carry_minus_ewma
44,duration4,regime_marginal,observed,transit_rough,stable,0.0,0.0,0.0,0.0,0.0,0.0,0.0,0.0,0.0,0.0,0.0,0.0,0.0,0.0,0.0,0.0,0.0,0.0,carry_minus_ewma
44,duration4,regime_marginal,observed,transit_smooth,all,0.0,0.0,0.0,0.0,0.0,0.0,0.0,0.0,0.0,0.0,0.0,0.0,0.0,0.0,0.0,0.0,0.0,0.0,carry_minus_ewma
44,duration4,regime_marginal,observed,transit_smooth,record_stable,0.0,0.0,0.0,0.0,0.0,0.0,0.0,0.0,0.0,0.0,0.0,0.0,0.0,0.0,0.0,0.0,0.0,0.0,carry_minus_ewma
44,duration4,regime_marginal,observed,transit_smooth,stable,0.0,0.0,0.0,0.0,0.0,0.0,0.0,0.0,0.0,0.0,0.0,0.0,0.0,0.0,0.0,0.0,0.0,0.0,carry_minus_ewma
44,duration4,regime_marginal,observed,warehouse,all,0.0,0.0,0.0,0.0,0.0,0.0,0.0,0.0,0.0,0.0,0.0,0.0,0.0,0.0,0.0,0.0,0.0,0.0,carry_minus_ewma
44,duration4,regime_marginal,observed,warehouse,record_stable,0.0,0.0,0.0,0.0,0.0,0.0,0.0,0.0,0.0,0.0,0.0,0.0,0.0,0.0,0.0,0.0,0.0,0.0,carry_minus_ewma
44,duration4,regime_marginal,observed,warehouse,stable,0.0,0.0,0.0,0.0,0.0,0.0,0.0,0.0,0.0,0.0,0.0,0.0,0.0,0.0,0.0,0.0,0.0,0.0,carry_minus_ewma
44,magnitude2,regime_conditional,clean,all,all,0.0,,0.0,,0.0,,,,,,0.0,0.0,0.0,0.0,0.0,,0.0,,carry_minus_ewma
44,magnitude2,regime_conditional,clean,all,record_stable,0.0,,0.0,,0.0,,,,,,0.0,0.0,0.0,0.0,0.0,,0.0,,carry_minus_ewma
44,magnitude2,regime_conditional,clean,all,stable,0.0,,0.0,,0.0,,,,,,0.0,0.0,0.0,0.0,0.0,,0.0,,carry_minus_ewma
44,magnitude2,regime_conditional,clean,transit_rough,all,0.0,,0.0,,0.0,,,,,,0.0,0.0,0.0,0.0,0.0,,0.0,,carry_minus_ewma
44,magnitude2,regime_conditional,clean,transit_rough,record_stable,0.0,,0.0,,0.0,,,,,,0.0,0.0,0.0,0.0,0.0,,0.0,,carry_minus_ewma
44,magnitude2,regime_conditional,clean,transit_rough,stable,0.0,,0.0,,0.0,,,,,,0.0,0.0,0.0,0.0,0.0,,0.0,,carry_minus_ewma
44,magnitude2,regime_conditional,clean,transit_smooth,all,0.0,,0.0,,0.0,,,,,,0.0,0.0,0.0,0.0,0.0,,0.0,,carry_minus_ewma
44,magnitude2,regime_conditional,clean,transit_smooth,record_stable,0.0,,0.0,,0.0,,,,,,0.0,0.0,0.0,0.0,0.0,,0.0,,carry_minus_ewma
44,magnitude2,regime_conditional,clean,transit_smooth,stable,0.0,,0.0,,0.0,,,,,,0.0,0.0,0.0,0.0,0.0,,0.0,,carry_minus_ewma
44,magnitude2,regime_conditional,clean,warehouse,all,0.0,,0.0,,0.0,,,,,,0.0,0.0,0.0,0.0,0.0,,0.0,,carry_minus_ewma
44,magnitude2,regime_conditional,clean,warehouse,record_stable,0.0,,0.0,,0.0,,,,,,0.0,0.0,0.0,0.0,0.0,,0.0,,carry_minus_ewma
44,magnitude2,regime_conditional,clean,warehouse,stable,0.0,,0.0,,0.0,,,,,,0.0,0.0,0.0,0.0,0.0,,0.0,,carry_minus_ewma
44,magnitude2,regime_conditional,observed,all,all,0.0,0.0,0.0,0.0,0.0,0.0,0.0,0.0,0.0,0.0,0.0,0.0,0.0,0.0,0.0,0.0,0.0,0.0,carry_minus_ewma
44,magnitude2,regime_conditional,observed,all,record_stable,0.0,0.0,0.0,0.0,0.0,0.0,0.0,0.0,0.0,0.0,0.0,0.0,0.0,0.0,0.0,0.0,0.0,0.0,carry_minus_ewma
44,magnitude2,regime_conditional,observed,all,stable,0.0,0.0,0.0,0.0,0.0,0.0,0.0,0.0,0.0,0.0,0.0,0.0,0.0,0.0,0.0,0.0,0.0,0.0,carry_minus_ewma
44,magnitude2,regime_conditional,observed,transit_rough,all,0.0,0.0,0.0,0.0,0.0,0.0,0.0,0.0,0.0,0.0,0.0,0.0,0.0,0.0,0.0,0.0,0.0,0.0,carry_minus_ewma
44,magnitude2,regime_conditional,observed,transit_rough,record_stable,0.0,0.0,0.0,0.0,0.0,0.0,0.0,0.0,0.0,0.0,0.0,0.0,0.0,0.0,0.0,0.0,0.0,0.0,carry_minus_ewma
44,magnitude2,regime_conditional,observed,transit_rough,stable,0.0,0.0,0.0,0.0,0.0,0.0,0.0,0.0,0.0,0.0,0.0,0.0,0.0,0.0,0.0,0.0,0.0,0.0,carry_minus_ewma
44,magnitude2,regime_conditional,observed,transit_smooth,all,0.0,0.0,0.0,0.0,0.0,0.0,0.0,0.0,0.0,0.0,0.0,0.0,0.0,0.0,0.0,0.0,0.0,0.0,carry_minus_ewma
44,magnitude2,regime_conditional,observed,transit_smooth,record_stable,0.0,0.0,0.0,0.0,0.0,0.0,0.0,0.0,0.0,0.0,0.0,0.0,0.0,0.0,0.0,0.0,0.0,0.0,carry_minus_ewma
44,magnitude2,regime_conditional,observed,transit_smooth,stable,0.0,0.0,0.0,0.0,0.0,0.0,0.0,0.0,0.0,0.0,0.0,0.0,0.0,0.0,0.0,0.0,0.0,0.0,carry_minus_ewma
44,magnitude2,regime_conditional,observed,warehouse,all,0.0,0.0,0.0,0.0,0.0,0.0,0.0,0.0,0.0,0.0,0.0,0.0,0.0,0.0,0.0,0.0,0.0,0.0,carry_minus_ewma
44,magnitude2,regime_conditional,observed,warehouse,record_stable,0.0,0.0,0.0,0.0,0.0,0.0,0.0,0.0,0.0,0.0,0.0,0.0,0.0,0.0,0.0,0.0,0.0,0.0,carry_minus_ewma
44,magnitude2,regime_conditional,observed,warehouse,stable,0.0,0.0,0.0,0.0,0.0,0.0,0.0,0.0,0.0,0.0,0.0,0.0,0.0,0.0,0.0,0.0,0.0,0.0,carry_minus_ewma
44,magnitude2,regime_marginal,clean,all,all,0.0,,0.0,,0.0,,,,,,0.0,0.0,0.0,0.0,0.0,,0.0,,carry_minus_ewma
44,magnitude2,regime_marginal,clean,all,record_stable,0.0,,0.0,,0.0,,,,,,0.0,0.0,0.0,0.0,0.0,,0.0,,carry_minus_ewma
44,magnitude2,regime_marginal,clean,all,stable,0.0,,0.0,,0.0,,,,,,0.0,0.0,0.0,0.0,0.0,,0.0,,carry_minus_ewma
44,magnitude2,regime_marginal,clean,transit_rough,all,0.0,,0.0,,0.0,,,,,,0.0,0.0,0.0,0.0,0.0,,0.0,,carry_minus_ewma
44,magnitude2,regime_marginal,clean,transit_rough,record_stable,0.0,,0.0,,0.0,,,,,,0.0,0.0,0.0,0.0,0.0,,0.0,,carry_minus_ewma
44,magnitude2,regime_marginal,clean,transit_rough,stable,0.0,,0.0,,0.0,,,,,,0.0,0.0,0.0,0.0,0.0,,0.0,,carry_minus_ewma
44,magnitude2,regime_marginal,clean,transit_smooth,all,,,,,0.0,,,,,,0.0,0.0,0.0,0.0,0.0,,,,carry_minus_ewma
44,magnitude2,regime_marginal,clean,transit_smooth,record_stable,,,,,0.0,,,,,,0.0,0.0,0.0,0.0,0.0,,,,carry_minus_ewma
44,magnitude2,regime_marginal,clean,transit_smooth,stable,,,,,0.0,,,,,,0.0,0.0,0.0,0.0,0.0,,,,carry_minus_ewma
44,magnitude2,regime_marginal,clean,warehouse,all,0.0,,0.0,,0.0,,,,,,0.0,0.0,0.0,0.0,0.0,,0.0,,carry_minus_ewma
44,magnitude2,regime_marginal,clean,warehouse,record_stable,0.0,,0.0,,0.0,,,,,,0.0,0.0,0.0,0.0,0.0,,0.0,,carry_minus_ewma
44,magnitude2,regime_marginal,clean,warehouse,stable,0.0,,0.0,,0.0,,,,,,0.0,0.0,0.0,0.0,0.0,,0.0,,carry_minus_ewma
44,magnitude2,regime_marginal,observed,all,all,0.0,0.0,0.0,0.0,0.0,0.0,0.0,0.0,0.0,0.0,0.0,0.0,0.0,0.0,0.0,0.0,0.0,0.0,carry_minus_ewma
44,magnitude2,regime_marginal,observed,all,record_stable,0.0,0.0,0.0,0.0,0.0,0.0,0.0,0.0,0.0,0.0,0.0,0.0,0.0,0.0,0.0,0.0,0.0,0.0,carry_minus_ewma
44,magnitude2,regime_marginal,observed,all,stable,0.0,0.0,0.0,0.0,0.0,0.0,0.0,0.0,0.0,0.0,0.0,0.0,0.0,0.0,0.0,0.0,0.0,0.0,carry_minus_ewma
44,magnitude2,regime_marginal,observed,transit_rough,all,0.0,0.0,0.0,0.0,0.0,0.0,0.0,0.0,0.0,0.0,0.0,0.0,0.0,0.0,0.0,0.0,0.0,0.0,carry_minus_ewma
44,magnitude2,regime_marginal,observed,transit_rough,record_stable,0.0,0.0,0.0,0.0,0.0,0.0,0.0,0.0,0.0,0.0,0.0,0.0,0.0,0.0,0.0,0.0,0.0,0.0,carry_minus_ewma
44,magnitude2,regime_marginal,observed,transit_rough,stable,0.0,0.0,0.0,0.0,0.0,0.0,0.0,0.0,0.0,0.0,0.0,0.0,0.0,0.0,0.0,0.0,0.0,0.0,carry_minus_ewma
44,magnitude2,regime_marginal,observed,transit_smooth,all,0.0,0.0,0.0,0.0,0.0,0.0,0.0,0.0,0.0,0.0,0.0,0.0,0.0,0.0,0.0,0.0,0.0,0.0,carry_minus_ewma
44,magnitude2,regime_marginal,observed,transit_smooth,record_stable,0.0,0.0,0.0,0.0,0.0,0.0,0.0,0.0,0.0,0.0,0.0,0.0,0.0,0.0,0.0,0.0,0.0,0.0,carry_minus_ewma
44,magnitude2,regime_marginal,observed,transit_smooth,stable,0.0,0.0,0.0,0.0,0.0,0.0,0.0,0.0,0.0,0.0,0.0,0.0,0.0,0.0,0.0,0.0,0.0,0.0,carry_minus_ewma
44,magnitude2,regime_marginal,observed,warehouse,all,0.0,0.0,0.0,0.0,0.0,0.0,0.0,0.0,0.0,0.0,0.0,0.0,0.0,0.0,0.0,0.0,0.0,0.0,carry_minus_ewma
44,magnitude2,regime_marginal,observed,warehouse,record_stable,0.0,0.0,0.0,0.0,0.0,0.0,0.0,0.0,0.0,0.0,0.0,0.0,0.0,0.0,0.0,0.0,0.0,0.0,carry_minus_ewma
44,magnitude2,regime_marginal,observed,warehouse,stable,0.0,0.0,0.0,0.0,0.0,0.0,0.0,0.0,0.0,0.0,0.0,0.0,0.0,0.0,0.0,0.0,0.0,0.0,carry_minus_ewma
44,magnitude4,regime_conditional,clean,all,all,0.0,,0.0,,0.0,,,,,,0.0,0.0,0.0,0.0,0.0,,0.0,,carry_minus_ewma
44,magnitude4,regime_conditional,clean,all,record_stable,0.0,,0.0,,0.0,,,,,,0.0,0.0,0.0,0.0,0.0,,0.0,,carry_minus_ewma
44,magnitude4,regime_conditional,clean,all,stable,0.0,,0.0,,0.0,,,,,,0.0,0.0,0.0,0.0,0.0,,0.0,,carry_minus_ewma
44,magnitude4,regime_conditional,clean,transit_rough,all,0.0,,0.0,,0.0,,,,,,0.0,0.0,0.0,0.0,0.0,,0.0,,carry_minus_ewma
44,magnitude4,regime_conditional,clean,transit_rough,record_stable,0.0,,0.0,,0.0,,,,,,0.0,0.0,0.0,0.0,0.0,,0.0,,carry_minus_ewma
44,magnitude4,regime_conditional,clean,transit_rough,stable,0.0,,0.0,,0.0,,,,,,0.0,0.0,0.0,0.0,0.0,,0.0,,carry_minus_ewma
44,magnitude4,regime_conditional,clean,transit_smooth,all,0.0,,0.0,,0.0,,,,,,0.0,0.0,0.0,0.0,0.0,,0.0,,carry_minus_ewma
44,magnitude4,regime_conditional,clean,transit_smooth,record_stable,0.0,,0.0,,0.0,,,,,,0.0,0.0,0.0,0.0,0.0,,0.0,,carry_minus_ewma
44,magnitude4,regime_conditional,clean,transit_smooth,stable,0.0,,0.0,,0.0,,,,,,0.0,0.0,0.0,0.0,0.0,,0.0,,carry_minus_ewma
44,magnitude4,regime_conditional,clean,warehouse,all,0.0,,0.0,,0.0,,,,,,0.0,0.0,0.0,0.0,0.0,,0.0,,carry_minus_ewma
44,magnitude4,regime_conditional,clean,warehouse,record_stable,0.0,,0.0,,0.0,,,,,,0.0,0.0,0.0,0.0,0.0,,0.0,,carry_minus_ewma
44,magnitude4,regime_conditional,clean,warehouse,stable,0.0,,0.0,,0.0,,,,,,0.0,0.0,0.0,0.0,0.0,,0.0,,carry_minus_ewma
44,magnitude4,regime_conditional,observed,all,all,0.0,0.0,0.0,0.0,0.0,0.0,0.0,0.0,0.0,0.0,0.0,0.0,0.0,0.0,0.0,0.0,0.0,0.0,carry_minus_ewma
44,magnitude4,regime_conditional,observed,all,record_stable,0.0,0.0,0.0,0.0,0.0,0.0,0.0,0.0,0.0,0.0,0.0,0.0,0.0,0.0,0.0,0.0,0.0,0.0,carry_minus_ewma
44,magnitude4,regime_conditional,observed,all,stable,0.0,0.0,0.0,0.0,0.0,0.0,0.0,0.0,0.0,0.0,0.0,0.0,0.0,0.0,0.0,0.0,0.0,0.0,carry_minus_ewma
44,magnitude4,regime_conditional,observed,transit_rough,all,0.0,0.0,0.0,0.0,0.0,0.0,0.0,0.0,0.0,0.0,0.0,0.0,0.0,0.0,0.0,0.0,0.0,0.0,carry_minus_ewma
44,magnitude4,regime_conditional,observed,transit_rough,record_stable,0.0,0.0,0.0,0.0,0.0,0.0,0.0,0.0,0.0,0.0,0.0,0.0,0.0,0.0,0.0,0.0,0.0,0.0,carry_minus_ewma
44,magnitude4,regime_conditional,observed,transit_rough,stable,0.0,0.0,0.0,0.0,0.0,0.0,0.0,0.0,0.0,0.0,0.0,0.0,0.0,0.0,0.0,0.0,0.0,0.0,carry_minus_ewma
44,magnitude4,regime_conditional,observed,transit_smooth,all,0.0,0.0,0.0,0.0,0.0,0.0,0.0,0.0,0.0,0.0,0.0,0.0,0.0,0.0,0.0,0.0,0.0,0.0,carry_minus_ewma
44,magnitude4,regime_conditional,observed,transit_smooth,record_stable,0.0,0.0,0.0,0.0,0.0,0.0,0.0,0.0,0.0,0.0,0.0,0.0,0.0,0.0,0.0,0.0,0.0,0.0,carry_minus_ewma
44,magnitude4,regime_conditional,observed,transit_smooth,stable,0.0,0.0,0.0,0.0,0.0,0.0,0.0,0.0,0.0,0.0,0.0,0.0,0.0,0.0,0.0,0.0,0.0,0.0,carry_minus_ewma
44,magnitude4,regime_conditional,observed,warehouse,all,0.0,0.0,0.0,0.0,0.0,0.0,0.0,0.0,0.0,0.0,0.0,0.0,0.0,0.0,0.0,0.0,0.0,0.0,carry_minus_ewma
44,magnitude4,regime_conditional,observed,warehouse,record_stable,0.0,0.0,0.0,0.0,0.0,0.0,0.0,0.0,0.0,0.0,0.0,0.0,0.0,0.0,0.0,0.0,0.0,0.0,carry_minus_ewma
44,magnitude4,regime_conditional,observed,warehouse,stable,0.0,0.0,0.0,0.0,0.0,0.0,0.0,0.0,0.0,0.0,0.0,0.0,0.0,0.0,0.0,0.0,0.0,0.0,carry_minus_ewma
44,magnitude4,regime_marginal,clean,all,all,0.0,,0.0,,0.0,,,,,,0.0,0.0,0.0,0.0,0.0,,0.0,,carry_minus_ewma
44,magnitude4,regime_marginal,clean,all,record_stable,0.0,,0.0,,0.0,,,,,,0.0,0.0,0.0,0.0,0.0,,0.0,,carry_minus_ewma
44,magnitude4,regime_marginal,clean,all,stable,0.0,,0.0,,0.0,,,,,,0.0,0.0,0.0,0.0,0.0,,0.0,,carry_minus_ewma
44,magnitude4,regime_marginal,clean,transit_rough,all,0.0,,0.0,,0.0,,,,,,0.0,0.0,0.0,0.0,0.0,,0.0,,carry_minus_ewma
44,magnitude4,regime_marginal,clean,transit_rough,record_stable,0.0,,0.0,,0.0,,,,,,0.0,0.0,0.0,0.0,0.0,,0.0,,carry_minus_ewma
44,magnitude4,regime_marginal,clean,transit_rough,stable,0.0,,0.0,,0.0,,,,,,0.0,0.0,0.0,0.0,0.0,,0.0,,carry_minus_ewma
44,magnitude4,regime_marginal,clean,transit_smooth,all,,,,,0.0,,,,,,0.0,0.0,0.0,0.0,0.0,,,,carry_minus_ewma
44,magnitude4,regime_marginal,clean,transit_smooth,record_stable,,,,,0.0,,,,,,0.0,0.0,0.0,0.0,0.0,,,,carry_minus_ewma
44,magnitude4,regime_marginal,clean,transit_smooth,stable,,,,,0.0,,,,,,0.0,0.0,0.0,0.0,0.0,,,,carry_minus_ewma
44,magnitude4,regime_marginal,clean,warehouse,all,0.0,,0.0,,0.0,,,,,,0.0,0.0,0.0,0.0,0.0,,0.0,,carry_minus_ewma
44,magnitude4,regime_marginal,clean,warehouse,record_stable,0.0,,0.0,,0.0,,,,,,0.0,0.0,0.0,0.0,0.0,,0.0,,carry_minus_ewma
44,magnitude4,regime_marginal,clean,warehouse,stable,0.0,,0.0,,0.0,,,,,,0.0,0.0,0.0,0.0,0.0,,0.0,,carry_minus_ewma
44,magnitude4,regime_marginal,observed,all,all,0.0,0.0,0.0,0.0,0.0,0.0,0.0,0.0,0.0,0.0,0.0,0.0,0.0,0.0,0.0,0.0,0.0,0.0,carry_minus_ewma
44,magnitude4,regime_marginal,observed,all,record_stable,0.0,0.0,0.0,0.0,0.0,0.0,0.0,0.0,0.0,0.0,0.0,0.0,0.0,0.0,0.0,0.0,0.0,0.0,carry_minus_ewma
44,magnitude4,regime_marginal,observed,all,stable,0.0,0.0,0.0,0.0,0.0,0.0,0.0,0.0,0.0,0.0,0.0,0.0,0.0,0.0,0.0,0.0,0.0,0.0,carry_minus_ewma
44,magnitude4,regime_marginal,observed,transit_rough,all,0.0,0.0,0.0,0.0,0.0,0.0,0.0,0.0,0.0,0.0,0.0,0.0,0.0,0.0,0.0,0.0,0.0,0.0,carry_minus_ewma
44,magnitude4,regime_marginal,observed,transit_rough,record_stable,0.0,0.0,0.0,0.0,0.0,0.0,0.0,0.0,0.0,0.0,0.0,0.0,0.0,0.0,0.0,0.0,0.0,0.0,carry_minus_ewma
44,magnitude4,regime_marginal,observed,transit_rough,stable,0.0,0.0,0.0,0.0,0.0,0.0,0.0,0.0,0.0,0.0,0.0,0.0,0.0,0.0,0.0,0.0,0.0,0.0,carry_minus_ewma
44,magnitude4,regime_marginal,observed,transit_smooth,all,0.0,0.0,0.0,0.0,0.0,0.0,0.0,0.0,0.0,0.0,0.0,0.0,0.0,0.0,0.0,0.0,0.0,0.0,carry_minus_ewma
44,magnitude4,regime_marginal,observed,transit_smooth,record_stable,0.0,0.0,0.0,0.0,0.0,0.0,0.0,0.0,0.0,0.0,0.0,0.0,0.0,0.0,0.0,0.0,0.0,0.0,carry_minus_ewma
44,magnitude4,regime_marginal,observed,transit_smooth,stable,0.0,0.0,0.0,0.0,0.0,0.0,0.0,0.0,0.0,0.0,0.0,0.0,0.0,0.0,0.0,0.0,0.0,0.0,carry_minus_ewma
44,magnitude4,regime_marginal,observed,warehouse,all,0.0,0.0,0.0,0.0,0.0,0.0,0.0,0.0,0.0,0.0,0.0,0.0,0.0,0.0,0.0,0.0,0.0,0.0,carry_minus_ewma
44,magnitude4,regime_marginal,observed,warehouse,record_stable,0.0,0.0,0.0,0.0,0.0,0.0,0.0,0.0,0.0,0.0,0.0,0.0,0.0,0.0,0.0,0.0,0.0,0.0,carry_minus_ewma
44,magnitude4,regime_marginal,observed,warehouse,stable,0.0,0.0,0.0,0.0,0.0,0.0,0.0,0.0,0.0,0.0,0.0,0.0,0.0,0.0,0.0,0.0,0.0,0.0,carry_minus_ewma
44,steady_d12_n2_m1,regime_conditional,clean,all,all,0.0,,0.0,,0.0,,,,,,0.0,0.0,0.0,0.0,0.0,,0.0,,carry_minus_ewma
44,steady_d12_n2_m1,regime_conditional,clean,all,record_stable,0.0,,0.0,,0.0,,,,,,0.0,0.0,0.0,0.0,0.0,,0.0,,carry_minus_ewma
44,steady_d12_n2_m1,regime_conditional,clean,all,stable,0.0,,0.0,,0.0,,,,,,0.0,0.0,0.0,0.0,0.0,,0.0,,carry_minus_ewma
44,steady_d12_n2_m1,regime_conditional,clean,transit_rough,all,0.0,,0.0,,0.0,,,,,,0.0,0.0,0.0,0.0,0.0,,0.0,,carry_minus_ewma
44,steady_d12_n2_m1,regime_conditional,clean,transit_rough,record_stable,0.0,,0.0,,0.0,,,,,,0.0,0.0,0.0,0.0,0.0,,0.0,,carry_minus_ewma
44,steady_d12_n2_m1,regime_conditional,clean,transit_rough,stable,0.0,,0.0,,0.0,,,,,,0.0,0.0,0.0,0.0,0.0,,0.0,,carry_minus_ewma
44,steady_d12_n2_m1,regime_conditional,clean,transit_smooth,all,0.0,,0.0,,0.0,,,,,,0.0,0.0,0.0,0.0,0.0,,0.0,,carry_minus_ewma
44,steady_d12_n2_m1,regime_conditional,clean,transit_smooth,record_stable,0.0,,0.0,,0.0,,,,,,0.0,0.0,0.0,0.0,0.0,,0.0,,carry_minus_ewma
44,steady_d12_n2_m1,regime_conditional,clean,transit_smooth,stable,0.0,,0.0,,0.0,,,,,,0.0,0.0,0.0,0.0,0.0,,0.0,,carry_minus_ewma
44,steady_d12_n2_m1,regime_conditional,clean,warehouse,all,0.0,,0.0,,0.0,,,,,,0.0,0.0,0.0,0.0,0.0,,0.0,,carry_minus_ewma
44,steady_d12_n2_m1,regime_conditional,clean,warehouse,record_stable,0.0,,0.0,,0.0,,,,,,0.0,0.0,0.0,0.0,0.0,,0.0,,carry_minus_ewma
44,steady_d12_n2_m1,regime_conditional,clean,warehouse,stable,0.0,,0.0,,0.0,,,,,,0.0,0.0,0.0,0.0,0.0,,0.0,,carry_minus_ewma
44,steady_d12_n2_m1,regime_conditional,observed,all,all,0.0,0.0,0.0,0.0,0.0,0.0,0.0,0.0,0.0,0.0,0.0,0.0,0.0,0.0,0.0,0.0,0.0,0.0,carry_minus_ewma
44,steady_d12_n2_m1,regime_conditional,observed,all,record_stable,0.0,0.0,0.0,0.0,0.0,0.0,0.0,0.0,0.0,0.0,0.0,0.0,0.0,0.0,0.0,0.0,0.0,0.0,carry_minus_ewma
44,steady_d12_n2_m1,regime_conditional,observed,all,stable,0.0,0.0,0.0,0.0,0.0,0.0,0.0,0.0,0.0,0.0,0.0,0.0,0.0,0.0,0.0,0.0,0.0,0.0,carry_minus_ewma
44,steady_d12_n2_m1,regime_conditional,observed,transit_rough,all,0.0,0.0,0.0,0.0,0.0,0.0,0.0,0.0,0.0,0.0,0.0,0.0,0.0,0.0,0.0,0.0,0.0,0.0,carry_minus_ewma
44,steady_d12_n2_m1,regime_conditional,observed,transit_rough,record_stable,0.0,0.0,0.0,0.0,0.0,0.0,0.0,0.0,0.0,0.0,0.0,0.0,0.0,0.0,0.0,0.0,0.0,0.0,carry_minus_ewma
44,steady_d12_n2_m1,regime_conditional,observed,transit_rough,stable,0.0,0.0,0.0,0.0,0.0,0.0,0.0,0.0,0.0,0.0,0.0,0.0,0.0,0.0,0.0,0.0,0.0,0.0,carry_minus_ewma
44,steady_d12_n2_m1,regime_conditional,observed,transit_smooth,all,0.0,0.0,0.0,0.0,0.0,0.0,0.0,0.0,0.0,0.0,0.0,0.0,0.0,0.0,0.0,0.0,0.0,0.0,carry_minus_ewma
44,steady_d12_n2_m1,regime_conditional,observed,transit_smooth,record_stable,0.0,0.0,0.0,0.0,0.0,0.0,0.0,0.0,0.0,0.0,0.0,0.0,0.0,0.0,0.0,0.0,0.0,0.0,carry_minus_ewma
44,steady_d12_n2_m1,regime_conditional,observed,transit_smooth,stable,0.0,0.0,0.0,0.0,0.0,0.0,0.0,0.0,0.0,0.0,0.0,0.0,0.0,0.0,0.0,0.0,0.0,0.0,carry_minus_ewma
44,steady_d12_n2_m1,regime_conditional,observed,warehouse,all,0.0,0.0,0.0,0.0,0.0,0.0,0.0,0.0,0.0,0.0,0.0,0.0,0.0,0.0,0.0,0.0,0.0,0.0,carry_minus_ewma
44,steady_d12_n2_m1,regime_conditional,observed,warehouse,record_stable,0.0,0.0,0.0,0.0,0.0,0.0,0.0,0.0,0.0,0.0,0.0,0.0,0.0,0.0,0.0,0.0,0.0,0.0,carry_minus_ewma
44,steady_d12_n2_m1,regime_conditional,observed,warehouse,stable,0.0,0.0,0.0,0.0,0.0,0.0,0.0,0.0,0.0,0.0,0.0,0.0,0.0,0.0,0.0,0.0,0.0,0.0,carry_minus_ewma
44,steady_d12_n2_m1,regime_marginal,clean,all,all,0.0,,0.0,,0.0,,,,,,0.0,0.0,0.0,0.0,0.0,,0.0,,carry_minus_ewma
44,steady_d12_n2_m1,regime_marginal,clean,all,record_stable,0.0,,0.0,,0.0,,,,,,0.0,0.0,0.0,0.0,0.0,,0.0,,carry_minus_ewma
44,steady_d12_n2_m1,regime_marginal,clean,all,stable,0.0,,0.0,,0.0,,,,,,0.0,0.0,0.0,0.0,0.0,,0.0,,carry_minus_ewma
44,steady_d12_n2_m1,regime_marginal,clean,transit_rough,all,0.0,,0.0,,0.0,,,,,,0.0,0.0,0.0,0.0,0.0,,0.0,,carry_minus_ewma
44,steady_d12_n2_m1,regime_marginal,clean,transit_rough,record_stable,0.0,,0.0,,0.0,,,,,,0.0,0.0,0.0,0.0,0.0,,0.0,,carry_minus_ewma
44,steady_d12_n2_m1,regime_marginal,clean,transit_rough,stable,0.0,,0.0,,0.0,,,,,,0.0,0.0,0.0,0.0,0.0,,0.0,,carry_minus_ewma
44,steady_d12_n2_m1,regime_marginal,clean,transit_smooth,all,,,,,0.0,,,,,,0.0,0.0,0.0,0.0,0.0,,,,carry_minus_ewma
44,steady_d12_n2_m1,regime_marginal,clean,transit_smooth,record_stable,,,,,0.0,,,,,,0.0,0.0,0.0,0.0,0.0,,,,carry_minus_ewma
44,steady_d12_n2_m1,regime_marginal,clean,transit_smooth,stable,,,,,0.0,,,,,,0.0,0.0,0.0,0.0,0.0,,,,carry_minus_ewma
44,steady_d12_n2_m1,regime_marginal,clean,warehouse,all,0.0,,0.0,,0.0,,,,,,0.0,0.0,0.0,0.0,0.0,,0.0,,carry_minus_ewma
44,steady_d12_n2_m1,regime_marginal,clean,warehouse,record_stable,0.0,,0.0,,0.0,,,,,,0.0,0.0,0.0,0.0,0.0,,0.0,,carry_minus_ewma
44,steady_d12_n2_m1,regime_marginal,clean,warehouse,stable,0.0,,0.0,,0.0,,,,,,0.0,0.0,0.0,0.0,0.0,,0.0,,carry_minus_ewma
44,steady_d12_n2_m1,regime_marginal,observed,all,all,0.0,0.0,0.0,0.0,0.0,0.0,0.0,0.0,0.0,0.0,0.0,0.0,0.0,0.0,0.0,0.0,0.0,0.0,carry_minus_ewma
44,steady_d12_n2_m1,regime_marginal,observed,all,record_stable,0.0,0.0,0.0,0.0,0.0,0.0,0.0,0.0,0.0,0.0,0.0,0.0,0.0,0.0,0.0,0.0,0.0,0.0,carry_minus_ewma
44,steady_d12_n2_m1,regime_marginal,observed,all,stable,0.0,0.0,0.0,0.0,0.0,0.0,0.0,0.0,0.0,0.0,0.0,0.0,0.0,0.0,0.0,0.0,0.0,0.0,carry_minus_ewma
44,steady_d12_n2_m1,regime_marginal,observed,transit_rough,all,0.0,0.0,0.0,0.0,0.0,0.0,0.0,0.0,0.0,0.0,0.0,0.0,0.0,0.0,0.0,0.0,0.0,0.0,carry_minus_ewma
44,steady_d12_n2_m1,regime_marginal,observed,transit_rough,record_stable,0.0,0.0,0.0,0.0,0.0,0.0,0.0,0.0,0.0,0.0,0.0,0.0,0.0,0.0,0.0,0.0,0.0,0.0,carry_minus_ewma
44,steady_d12_n2_m1,regime_marginal,observed,transit_rough,stable,0.0,0.0,0.0,0.0,0.0,0.0,0.0,0.0,0.0,0.0,0.0,0.0,0.0,0.0,0.0,0.0,0.0,0.0,carry_minus_ewma
44,steady_d12_n2_m1,regime_marginal,observed,transit_smooth,all,0.0,0.0,0.0,0.0,0.0,0.0,0.0,0.0,0.0,0.0,0.0,0.0,0.0,0.0,0.0,0.0,0.0,0.0,carry_minus_ewma
44,steady_d12_n2_m1,regime_marginal,observed,transit_smooth,record_stable,0.0,0.0,0.0,0.0,0.0,0.0,0.0,0.0,0.0,0.0,0.0,0.0,0.0,0.0,0.0,0.0,0.0,0.0,carry_minus_ewma
44,steady_d12_n2_m1,regime_marginal,observed,transit_smooth,stable,0.0,0.0,0.0,0.0,0.0,0.0,0.0,0.0,0.0,0.0,0.0,0.0,0.0,0.0,0.0,0.0,0.0,0.0,carry_minus_ewma
44,steady_d12_n2_m1,regime_marginal,observed,warehouse,all,0.0,0.0,0.0,0.0,0.0,0.0,0.0,0.0,0.0,0.0,0.0,0.0,0.0,0.0,0.0,0.0,0.0,0.0,carry_minus_ewma
44,steady_d12_n2_m1,regime_marginal,observed,warehouse,record_stable,0.0,0.0,0.0,0.0,0.0,0.0,0.0,0.0,0.0,0.0,0.0,0.0,0.0,0.0,0.0,0.0,0.0,0.0,carry_minus_ewma
44,steady_d12_n2_m1,regime_marginal,observed,warehouse,stable,0.0,0.0,0.0,0.0,0.0,0.0,0.0,0.0,0.0,0.0,0.0,0.0,0.0,0.0,0.0,0.0,0.0,0.0,carry_minus_ewma
44,switch_after6,regime_conditional,clean,all,all,0.0,,0.0,,0.0012345679012345685,,,,,,0.0,-0.0034722222222222238,0.30864197530864246,0.0,0.0,,0.0,,carry_minus_ewma
44,switch_after6,regime_conditional,clean,all,record_stable,0.0,,0.0,,-0.00017806267806267512,,,,,,0.0,-0.0034722222222222238,0.0,0.0,0.0,,0.0,,carry_minus_ewma
44,switch_after6,regime_conditional,clean,all,record_transition,0.0,,0.0,,0.010416666666666666,,,,,,0.0,,2.314814814814815,0.0,0.0,,0.0,,carry_minus_ewma
44,switch_after6,regime_conditional,clean,all,stable,0.0,,0.0,,-0.00017806267806267512,,,,,,0.0,-0.0034722222222222238,0.0,0.0,0.0,,0.0,,carry_minus_ewma
44,switch_after6,regime_conditional,clean,all,transition,0.0,,0.0,,0.010416666666666666,,,,,,0.0,,2.314814814814815,0.0,0.0,,0.0,,carry_minus_ewma
44,switch_after6,regime_conditional,clean,transit_rough,all,0.0,,0.0,,0.0,,,,,,0.0,-0.010416666666666671,0.4629629629629637,0.0,0.0,,0.0,,carry_minus_ewma
44,switch_after6,regime_conditional,clean,transit_rough,record_stable,0.0,,0.0,,-0.0005341880341880323,,,,,,0.0,-0.010416666666666671,0.0,0.0,0.0,,0.0,,carry_minus_ewma
44,switch_after6,regime_conditional,clean,transit_rough,record_transition,0.0,,0.0,,0.003472222222222222,,,,,,0.0,,3.4722222222222223,0.0,0.0,,0.0,,carry_minus_ewma
44,switch_after6,regime_conditional,clean,transit_rough,stable,0.0,,0.0,,-0.0005341880341880323,,,,,,0.0,-0.010416666666666671,0.0,0.0,0.0,,0.0,,carry_minus_ewma
44,switch_after6,regime_conditional,clean,transit_rough,transition,0.0,,0.0,,0.003472222222222222,,,,,,0.0,,3.4722222222222223,0.0,0.0,,0.0,,carry_minus_ewma
44,switch_after6,regime_conditional,clean,transit_smooth,all,0.0,,0.0,,0.0,,,,,,0.0,0.0,0.0,0.0,0.0,,0.0,,carry_minus_ewma
44,switch_after6,regime_conditional,clean,transit_smooth,record_stable,0.0,,0.0,,0.0,,,,,,0.0,0.0,0.0,0.0,0.0,,0.0,,carry_minus_ewma
44,switch_after6,regime_conditional,clean,transit_smooth,record_transition,0.0,,0.0,,0.0,,,,,,0.0,,0.0,0.0,0.0,,0.0,,carry_minus_ewma
44,switch_after6,regime_conditional,clean,transit_smooth,stable,0.0,,0.0,,0.0,,,,,,0.0,0.0,0.0,0.0,0.0,,0.0,,carry_minus_ewma
44,switch_after6,regime_conditional,clean,transit_smooth,transition,0.0,,0.0,,0.0,,,,,,0.0,,0.0,0.0,0.0,,0.0,,carry_minus_ewma
44,switch_after6,regime_conditional,clean,warehouse,all,0.0,,0.0,,0.003703703703703704,,,,,,0.0,0.0,0.4629629629629628,0.0,0.0,,0.0,,carry_minus_ewma
44,switch_after6,regime_conditional,clean,warehouse,record_stable,0.0,,0.0,,0.0,,,,,,0.0,0.0,0.0,0.0,0.0,,0.0,,carry_minus_ewma
44,switch_after6,regime_conditional,clean,warehouse,record_transition,0.0,,0.0,,0.02777777777777778,,,,,,0.0,,3.4722222222222223,0.0,0.0,,0.0,,carry_minus_ewma
44,switch_after6,regime_conditional,clean,warehouse,stable,0.0,,0.0,,0.0,,,,,,0.0,0.0,0.0,0.0,0.0,,0.0,,carry_minus_ewma
44,switch_after6,regime_conditional,clean,warehouse,transition,0.0,,0.0,,0.02777777777777778,,,,,,0.0,,3.4722222222222223,0.0,0.0,,0.0,,carry_minus_ewma
44,switch_after6,regime_conditional,observed,all,all,-0.00366300366300365,0.00347222222222221,-0.012951408583853297,-0.009840651329679706,0.0017764857881136936,0.0,-0.00694444444444442,0.0,0.00347222222222221,0.00347222222222221,0.0,0.0,0.4844961240310077,0.0,0.0,0.00347222222222221,-0.00366300366300365,0.0,carry_minus_ewma
44,switch_after6,regime_conditional,observed,all,record_stable,-0.0010156971375807622,0.0,-0.0014080901177675464,-0.003636176137824687,0.00018274853801169763,0.0,-0.00694444444444442,0.0,0.0,0.0,0.0,0.0,0.0,0.0,0.0,0.0,-0.0010156971375807622,0.0,carry_minus_ewma
44,switch_after6,regime_conditional,observed,all,record_transition,-0.004908356632494559,0.0069444444444444475,-0.18130081300813017,-0.08197888223761718,0.013888888888888888,0.0,-0.006944444444444531,0.0,0.0069444444444444475,0.0069444444444444475,0.0,,4.166666666666667,0.0,0.0,0.0069444444444444475,-0.004908356632494559,0.0,carry_minus_ewma
44,switch_after6,regime_conditional,observed,all,stable,-0.0010156971375807622,0.0,-0.0014080901177675464,-0.003636176137824687,0.00018274853801169763,0.0,-0.00694444444444442,0.0,0.0,0.0,0.0,0.0,0.0,0.0,0.0,0.0,-0.0010156971375807622,0.0,carry_minus_ewma
44,switch_after6,regime_conditional,observed,all,transition,-0.004908356632494559,0.0069444444444444475,-0.18130081300813017,-0.08197888223761718,0.013888888888888888,0.0,-0.006944444444444531,0.0,0.0069444444444444475,0.0069444444444444475,0.0,,4.166666666666667,0.0,0.0,0.0069444444444444475,-0.004908356632494559,0.0,carry_minus_ewma
44,switch_after6,regime_conditional,observed,transit_rough,all,-0.013936226615163194,-0.010416666666666657,-0.019900497512437776,-0.0117861313413134,0.0009689922480620172,0.0,-0.01041666666666674,0.0,-0.010416666666666657,-0.010416666666666657,0.0,0.0,0.9689922480620154,0.0,0.0,-0.010416666666666657,-0.013936226615163194,0.0,carry_minus_ewma
44,switch_after6,regime_conditional,observed,transit_rough,record_stable,0.0,0.0,0.0,-0.005708164694099044,0.0,0.0,-0.02083333333333326,0.0,0.0,0.0,0.0,0.0,0.0,0.0,0.0,0.0,0.0,0.0,carry_minus_ewma
44,switch_after6,regime_conditional,observed,transit_rough,record_transition,-0.040259740259740245,-0.020833333333333343,-0.25,-0.0629604564791389,0.008333333333333333,0.0,0.0,0.0,-0.020833333333333343,-0.020833333333333343,0.0,,8.333333333333334,0.0,0.0,-0.020833333333333343,-0.040259740259740245,0.0,carry_minus_ewma
44,switch_after6,regime_conditional,observed,transit_rough,stable,0.0,0.0,0.0,-0.005708164694099044,0.0,0.0,-0.02083333333333326,0.0,0.0,0.0,0.0,0.0,0.0,0.0,0.0,0.0,0.0,0.0,carry_minus_ewma
44,switch_after6,regime_conditional,observed,transit_rough,transition,-0.040259740259740245,-0.020833333333333343,-0.25,-0.0629604564791389,0.008333333333333333,0.0,0.0,0.0,-0.020833333333333343,-0.020833333333333343,0.0,,8.333333333333334,0.0,0.0,-0.020833333333333343,-0.040259740259740245,0.0,carry_minus_ewma
44,switch_after6,regime_conditional,observed,transit_smooth,all,0.007867132867132864,0.01041666666666663,0.0059260429835651385,-0.009139522992506699,0.0,0.0,-0.01041666666666663,0.0,0.01041666666666663,0.010416666666666685,0.0,0.0,0.0,0.0,0.0,0.01041666666666663,0.007867132867132864,0.0,carry_minus_ewma
44,switch_after6,regime_conditional,observed,transit_smooth,record_stable,0.0,0.0,0.0,-0.004847248910726298,0.0,0.0,0.0,0.0,0.0,0.0,0.0,0.0,0.0,0.0,0.0,0.0,0.0,0.0,carry_minus_ewma
44,switch_after6,regime_conditional,observed,transit_smooth,record_transition,0.02732240437158473,0.020833333333333315,0.012820512820512775,-0.04753649647042779,0.0,0.0,-0.02083333333333337,0.0,0.020833333333333315,0.020833333333333315,0.0,,0.0,0.0,0.0,0.020833333333333315,0.02732240437158473,0.0,carry_minus_ewma
44,switch_after6,regime_conditional,observed,transit_smooth,stable,0.0,0.0,0.0,-0.004847248910726298,0.0,0.0,0.0,0.0,0.0,0.0,0.0,0.0,0.0,0.0,0.0,0.0,0.0,0.0,carry_minus_ewma
44,switch_after6,regime_conditional,observed,transit_smooth,transition,0.02732240437158473,0.020833333333333315,0.012820512820512775,-0.04753649647042779,0.0,0.0,-0.02083333333333337,0.0,0.020833333333333315,0.020833333333333315,0.0,,0.0,0.0,0.0,0.020833333333333315,0.02732240437158473,0.0,carry_minus_ewma
44,switch_after6,regime_conditional,observed,warehouse,all,-0.009531819456125579,0.010416666666666685,-0.04374057315233787,-0.009657498214884874,0.004360465116279067,0.0,0.0,0.0,0.010416666666666685,0.010416666666666685,0.0,0.0,0.4844961240310077,0.0,0.0,0.010416666666666685,-0.009531819456125579,0.0,carry_minus_ewma
44,switch_after6,regime_conditional,observed,warehouse,record_stable,-0.004312668463611835,0.0,-0.007259528130671489,-0.0015309935920492235,0.000548245614035086,0.0,0.0,0.0,0.0,0.0,0.0,0.0,0.0,0.0,0.0,0.0,-0.004312668463611835,0.0,carry_minus_ewma
44,switch_after6,regime_conditional,observed,warehouse,record_transition,0.0024925224327018713,0.020833333333333343,-0.19545454545454544,-0.08216113255624113,0.03333333333333334,0.0,0.0,0.0,0.020833333333333343,0.020833333333333343,0.0,,4.166666666666666,0.0,0.0,0.020833333333333343,0.0024925224327018713,0.0,carry_minus_ewma
44,switch_after6,regime_conditional,observed,warehouse,stable,-0.004312668463611835,0.0,-0.007259528130671489,-0.0015309935920492235,0.000548245614035086,0.0,0.0,0.0,0.0,0.0,0.0,0.0,0.0,0.0,0.0,0.0,-0.004312668463611835,0.0,carry_minus_ewma
44,switch_after6,regime_conditional,observed,warehouse,transition,0.0024925224327018713,0.020833333333333343,-0.19545454545454544,-0.08216113255624113,0.03333333333333334,0.0,0.0,0.0,0.020833333333333343,0.020833333333333343,0.0,,4.166666666666666,0.0,0.0,0.020833333333333343,0.0024925224327018713,0.0,carry_minus_ewma
44,switch_after6,regime_marginal,clean,all,all,0.0,,0.0,,0.00015432098765432063,,,,,,0.0,0.0,0.15432098765432123,0.0,0.0,,0.0,,carry_minus_ewma
44,switch_after6,regime_marginal,clean,all,record_stable,0.0,,0.0,,-0.00017806267806267772,,,,,,0.0,0.0,-0.17806267806267817,0.0,0.0,,0.0,,carry_minus_ewma
44,switch_after6,regime_marginal,clean,all,record_transition,,,,,0.0023148148148148147,,,,,,0.0,,2.314814814814815,0.0,0.0,,,,carry_minus_ewma
44,switch_after6,regime_marginal,clean,all,stable,0.0,,0.0,,-0.00017806267806267772,,,,,,0.0,0.0,-0.17806267806267817,0.0,0.0,,0.0,,carry_minus_ewma
44,switch_after6,regime_marginal,clean,all,transition,,,,,0.0023148148148148147,,,,,,0.0,,2.314814814814815,0.0,0.0,,,,carry_minus_ewma
44,switch_after6,regime_marginal,clean,transit_rough,all,0.0,,0.0,,0.00046296296296296276,,,,,,0.0,0.0,0.46296296296296324,0.0,0.0,,0.0,,carry_minus_ewma
44,switch_after6,regime_marginal,clean,transit_rough,record_stable,0.0,,0.0,,0.0,,,,,,0.0,0.0,0.0,0.0,0.0,,0.0,,carry_minus_ewma
44,switch_after6,regime_marginal,clean,transit_rough,record_transition,,,,,0.003472222222222222,,,,,,0.0,,3.4722222222222223,0.0,0.0,,,,carry_minus_ewma
44,switch_after6,regime_marginal,clean,transit_rough,stable,0.0,,0.0,,0.0,,,,,,0.0,0.0,0.0,0.0,0.0,,0.0,,carry_minus_ewma
44,switch_after6,regime_marginal,clean,transit_rough,transition,,,,,0.003472222222222222,,,,,,0.0,,3.4722222222222223,0.0,0.0,,,,carry_minus_ewma
44,switch_after6,regime_marginal,clean,transit_smooth,all,0.0,,0.0,,-0.00046296296296296363,,,,,,0.0,0.0,-0.462962962962963,0.0,0.0,,0.0,,carry_minus_ewma
44,switch_after6,regime_marginal,clean,transit_smooth,record_stable,0.0,,0.0,,-0.000534188034188034,,,,,,0.0,0.0,-0.5341880341880341,0.0,0.0,,0.0,,carry_minus_ewma
44,switch_after6,regime_marginal,clean,transit_smooth,record_transition,,,,,0.0,,,,,,0.0,,0.0,0.0,0.0,,,,carry_minus_ewma
44,switch_after6,regime_marginal,clean,transit_smooth,stable,0.0,,0.0,,-0.000534188034188034,,,,,,0.0,0.0,-0.5341880341880341,0.0,0.0,,0.0,,carry_minus_ewma
44,switch_after6,regime_marginal,clean,transit_smooth,transition,,,,,0.0,,,,,,0.0,,0.0,0.0,0.0,,,,carry_minus_ewma
44,switch_after6,regime_marginal,clean,warehouse,all,0.0,,0.0,,0.0004629629629629632,,,,,,0.0,0.0,0.462962962962963,0.0,0.0,,0.0,,carry_minus_ewma
44,switch_after6,regime_marginal,clean,warehouse,record_stable,0.0,,0.0,,0.0,,,,,,0.0,0.0,0.0,0.0,0.0,,0.0,,carry_minus_ewma
44,switch_after6,regime_marginal,clean,warehouse,record_transition,,,,,0.003472222222222222,,,,,,0.0,,3.4722222222222223,0.0,0.0,,,,carry_minus_ewma
44,switch_after6,regime_marginal,clean,warehouse,stable,0.0,,0.0,,0.0,,,,,,0.0,0.0,0.0,0.0,0.0,,0.0,,carry_minus_ewma
44,switch_after6,regime_marginal,clean,warehouse,transition,,,,,0.003472222222222222,,,,,,0.0,,3.4722222222222223,0.0,0.0,,,,carry_minus_ewma
44,switch_after6,regime_marginal,observed,all,all,0.02068463449760234,0.013888888888888881,0.034065934065934056,-0.002163749502870016,0.00016149870801033563,0.0,-0.00347222222222221,0.0,0.013888888888888881,0.013888888888888881,0.0,0.0,0.16149870801033606,0.0,0.0,0.013888888888888881,0.02068463449760234,0.0,carry_minus_ewma
44,switch_after6,regime_marginal,observed,all,record_stable,0.026951436562420522,0.020833333333333343,0.03687423687423691,0.0016671022828321225,-0.0001827485380116959,0.0,-0.01388888888888884,0.0,0.020833333333333343,0.020833333333333343,0.0,0.0,-0.18274853801169577,0.0,0.0,0.020833333333333343,0.026951436562420522,0.0,carry_minus_ewma
44,switch_after6,regime_marginal,observed,all,record_transition,0.012871196101866322,0.006944444444444444,-0.4,-0.10801803199905463,0.002777777777777778,0.0,0.00694444444444442,0.0,0.006944444444444444,0.006944444444444444,0.0,,2.7777777777777777,0.0,0.0,0.006944444444444444,0.012871196101866322,0.0,carry_minus_ewma
44,switch_after6,regime_marginal,observed,all,stable,0.026951436562420522,0.020833333333333343,0.03687423687423691,0.0016671022828321225,-0.0001827485380116959,0.0,-0.01388888888888884,0.0,0.020833333333333343,0.020833333333333343,0.0,0.0,-0.18274853801169577,0.0,0.0,0.020833333333333343,0.026951436562420522,0.0,carry_minus_ewma
44,switch_after6,regime_marginal,observed,all,transition,0.012871196101866322,0.006944444444444444,-0.4,-0.10801803199905463,0.002777777777777778,0.0,0.00694444444444442,0.0,0.006944444444444444,0.006944444444444444,0.0,,2.7777777777777777,0.0,0.0,0.006944444444444444,0.012871196101866322,0.0,carry_minus_ewma
44,switch_after6,regime_marginal,observed,transit_rough,all,-0.0001608751608751617,0.0,-0.004166666666666666,-0.00574648456216359,0.00048449612403100775,0.0,-0.01041666666666663,0.0,0.0,0.0,0.0,0.0,0.4844961240310077,0.0,0.0,0.0,-0.0001608751608751617,0.0,carry_minus_ewma
44,switch_after6,regime_marginal,observed,transit_rough,record_stable,0.0,0.0,0.0,-0.0014342845838373683,0.0,0.0,-0.02083333333333337,0.0,0.0,0.0,0.0,0.0,0.0,0.0,0.0,0.0,0.0,0.0,carry_minus_ewma
44,switch_after6,regime_marginal,observed,transit_rough,record_transition,0.0,0.0,,-0.13270442241025454,0.004166666666666667,0.0,0.0,0.0,0.0,0.0,0.0,,4.166666666666667,0.0,0.0,0.0,0.0,0.0,carry_minus_ewma
44,switch_after6,regime_marginal,observed,transit_rough,stable,0.0,0.0,0.0,-0.0014342845838373683,0.0,0.0,-0.02083333333333337,0.0,0.0,0.0,0.0,0.0,0.0,0.0,0.0,0.0,0.0,0.0,carry_minus_ewma
44,switch_after6,regime_marginal,observed,transit_rough,transition,0.0,0.0,,-0.13270442241025454,0.004166666666666667,0.0,0.0,0.0,0.0,0.0,0.0,,4.166666666666667,0.0,0.0,0.0,0.0,0.0,carry_minus_ewma
44,switch_after6,regime_marginal,observed,transit_smooth,all,0.015267175572519082,0.010416666666666657,0.02857142857142858,-0.0027658075909471336,-0.0004844961240310086,0.0,-0.01041666666666663,0.0,0.010416666666666657,0.010416666666666657,0.0,0.0,-0.4844961240310077,0.0,0.0,0.010416666666666657,0.015267175572519082,0.0,carry_minus_ewma
44,switch_after6,regime_marginal,observed,transit_smooth,record_stable,0.024096385542168697,0.020833333333333315,0.02857142857142858,-0.0016088819172608848,-0.0005482456140350877,0.0,0.0,0.0,0.020833333333333315,0.020833333333333315,0.0,0.0,-0.5482456140350878,0.0,0.0,0.020833333333333315,0.024096385542168697,0.0,carry_minus_ewma
44,switch_after6,regime_marginal,observed,transit_smooth,record_transition,0.0,0.0,,-0.08708337104465064,0.0,0.0,-0.02083333333333337,0.0,0.0,0.0,0.0,,0.0,0.0,0.0,0.0,0.0,0.0,carry_minus_ewma
44,switch_after6,regime_marginal,observed,transit_smooth,stable,0.024096385542168697,0.020833333333333315,0.02857142857142858,-0.0016088819172608848,-0.0005482456140350877,0.0,0.0,0.0,0.020833333333333315,0.020833333333333315,0.0,0.0,-0.5482456140350878,0.0,0.0,0.020833333333333315,0.024096385542168697,0.0,carry_minus_ewma
44,switch_after6,regime_marginal,observed,transit_smooth,transition,0.0,0.0,,-0.08708337104465064,0.0,0.0,-0.02083333333333337,0.0,0.0,0.0,0.0,,0.0,0.0,0.0,0.0,0.0,0.0,carry_minus_ewma
44,switch_after6,regime_marginal,observed,warehouse,all,0.04716020368194282,0.03125,0.04561403508771933,0.0066208005510306756,0.00048449612403100775,0.0,0.01041666666666674,0.0,0.03125,0.03125,0.0,0.0,0.4844961240310077,0.0,0.0,0.03125,0.04716020368194282,0.0,carry_minus_ewma
44,switch_after6,regime_marginal,observed,warehouse,record_stable,0.05724694249284412,0.04166666666666666,0.07179487179487176,0.0139115585336968,0.0,0.0,-0.02083333333333337,0.0,0.04166666666666666,0.04166666666666666,0.0,0.0,0.0,0.0,0.0,0.04166666666666666,0.05724694249284412,0.0,carry_minus_ewma
44,switch_after6,regime_marginal,observed,warehouse,record_transition,0.03538461538461539,0.020833333333333336,-0.25,-0.054267270379146804,0.004166666666666667,0.0,0.041666666666666685,0.0,0.020833333333333336,0.020833333333333336,0.0,,4.166666666666667,0.0,0.0,0.020833333333333336,0.03538461538461539,0.0,carry_minus_ewma
44,switch_after6,regime_marginal,observed,warehouse,stable,0.05724694249284412,0.04166666666666666,0.07179487179487176,0.0139115585336968,0.0,0.0,-0.02083333333333337,0.0,0.04166666666666666,0.04166666666666666,0.0,0.0,0.0,0.0,0.0,0.04166666666666666,0.05724694249284412,0.0,carry_minus_ewma
44,switch_after6,regime_marginal,observed,warehouse,transition,0.03538461538461539,0.020833333333333336,-0.25,-0.054267270379146804,0.004166666666666667,0.0,0.041666666666666685,0.0,0.020833333333333336,0.020833333333333336,0.0,,4.166666666666667,0.0,0.0,0.020833333333333336,0.03538461538461539,0.0,carry_minus_ewma
44,switch_at,regime_conditional,clean,all,all,0.0,,0.0,,0.0012345679012345685,,,,,,0.0,-0.003472222222222222,0.30864197530864246,0.0,0.0,,0.0,,carry_minus_ewma
44,switch_at,regime_conditional,clean,all,record_stable,0.0,,0.0,,-0.00017806267806267512,,,,,,0.0,-0.003472222222222222,0.0,0.0,0.0,,0.0,,carry_minus_ewma
44,switch_at,regime_conditional,clean,all,record_transition,0.0,,0.0,,0.010416666666666666,,,,,,0.0,,2.314814814814815,0.0,0.0,,0.0,,carry_minus_ewma
44,switch_at,regime_conditional,clean,all,stable,0.0,,0.0,,-0.00017806267806267512,,,,,,0.0,-0.003472222222222222,0.0,0.0,0.0,,0.0,,carry_minus_ewma
44,switch_at,regime_conditional,clean,all,transition,0.0,,0.0,,0.010416666666666666,,,,,,0.0,,2.314814814814815,0.0,0.0,,0.0,,carry_minus_ewma
44,switch_at,regime_conditional,clean,transit_rough,all,0.0,,0.0,,0.0,,,,,,0.0,-0.010416666666666668,0.4629629629629637,0.0,0.0,,0.0,,carry_minus_ewma
44,switch_at,regime_conditional,clean,transit_rough,record_stable,0.0,,0.0,,-0.0005341880341880323,,,,,,0.0,-0.010416666666666668,0.0,0.0,0.0,,0.0,,carry_minus_ewma
44,switch_at,regime_conditional,clean,transit_rough,record_transition,0.0,,0.0,,0.003472222222222222,,,,,,0.0,,3.4722222222222223,0.0,0.0,,0.0,,carry_minus_ewma
44,switch_at,regime_conditional,clean,transit_rough,stable,0.0,,0.0,,-0.0005341880341880323,,,,,,0.0,-0.010416666666666668,0.0,0.0,0.0,,0.0,,carry_minus_ewma
44,switch_at,regime_conditional,clean,transit_rough,transition,0.0,,0.0,,0.003472222222222222,,,,,,0.0,,3.4722222222222223,0.0,0.0,,0.0,,carry_minus_ewma
44,switch_at,regime_conditional,clean,transit_smooth,all,0.0,,0.0,,0.0,,,,,,0.0,0.0,0.0,0.0,0.0,,0.0,,carry_minus_ewma
44,switch_at,regime_conditional,clean,transit_smooth,record_stable,0.0,,0.0,,0.0,,,,,,0.0,0.0,0.0,0.0,0.0,,0.0,,carry_minus_ewma
44,switch_at,regime_conditional,clean,transit_smooth,record_transition,0.0,,0.0,,0.0,,,,,,0.0,,0.0,0.0,0.0,,0.0,,carry_minus_ewma
44,switch_at,regime_conditional,clean,transit_smooth,stable,0.0,,0.0,,0.0,,,,,,0.0,0.0,0.0,0.0,0.0,,0.0,,carry_minus_ewma
44,switch_at,regime_conditional,clean,transit_smooth,transition,0.0,,0.0,,0.0,,,,,,0.0,,0.0,0.0,0.0,,0.0,,carry_minus_ewma
44,switch_at,regime_conditional,clean,warehouse,all,0.0,,0.0,,0.003703703703703704,,,,,,0.0,0.0,0.4629629629629628,0.0,0.0,,0.0,,carry_minus_ewma
44,switch_at,regime_conditional,clean,warehouse,record_stable,0.0,,0.0,,0.0,,,,,,0.0,0.0,0.0,0.0,0.0,,0.0,,carry_minus_ewma
44,switch_at,regime_conditional,clean,warehouse,record_transition,0.0,,0.0,,0.02777777777777778,,,,,,0.0,,3.4722222222222223,0.0,0.0,,0.0,,carry_minus_ewma
44,switch_at,regime_conditional,clean,warehouse,stable,0.0,,0.0,,0.0,,,,,,0.0,0.0,0.0,0.0,0.0,,0.0,,carry_minus_ewma
44,switch_at,regime_conditional,clean,warehouse,transition,0.0,,0.0,,0.02777777777777778,,,,,,0.0,,3.4722222222222223,0.0,0.0,,0.0,,carry_minus_ewma
44,switch_at,regime_conditional,observed,all,all,-0.008057984257855477,-0.00694444444444442,-0.009445783132530139,-0.01616155410268566,0.0004844961240310086,0.0034722222222222238,-0.04513888888888884,0.0,-0.00694444444444442,-0.00347222222222221,0.0,0.0034722222222222238,0.0,0.0,0.0,-0.00694444444444442,-0.008057984257855477,0.0,carry_minus_ewma
44,switch_at,regime_conditional,observed,all,record_stable,0.0,,0.0,,0.0001780626780626786,,,,,,0.0,0.0034722222222222238,0.0,0.0,0.0,,0.0,,carry_minus_ewma
44,switch_at,regime_conditional,observed,all,record_transition,-0.00992555831265507,-0.00694444444444442,-0.017391304347826098,-0.044044461565299176,0.0034722222222222238,0.0034722222222222238,-0.04513888888888884,0.0,-0.00694444444444442,-0.00347222222222221,0.0,,0.0,0.0,0.0,-0.00694444444444442,-0.00992555831265507,0.0,carry_minus_ewma
44,switch_at,regime_conditional,observed,all,stable,0.0,,0.0,,0.0001780626780626786,,,,,,0.0,0.0034722222222222238,0.0,0.0,0.0,,0.0,,carry_minus_ewma
44,switch_at,regime_conditional,observed,all,transition,-0.00992555831265507,-0.00694444444444442,-0.017391304347826098,-0.044044461565299176,0.0034722222222222238,0.0034722222222222238,-0.04513888888888884,0.0,-0.00694444444444442,-0.00347222222222221,0.0,,0.0,0.0,0.0,-0.00694444444444442,-0.00992555831265507,0.0,carry_minus_ewma
44,switch_at,regime_conditional,observed,transit_rough,all,-0.016412572934312086,-0.02083333333333337,-0.005797101449275366,-0.008339976415056238,-0.0009689922480620172,-0.010416666666666668,-0.03125,0.0,-0.02083333333333337,-0.010416666666666685,0.0,0.0,0.0,0.0,0.0,-0.02083333333333337,-0.016412572934312086,0.0,carry_minus_ewma
44,switch_at,regime_conditional,observed,transit_rough,record_stable,0.0,,0.0,,0.0,,,,,,0.0,0.0,0.0,0.0,0.0,,0.0,,carry_minus_ewma
44,switch_at,regime_conditional,observed,transit_rough,record_transition,-0.018070818070818118,-0.02083333333333337,0.04313725490196085,-0.027826167180583727,-0.010416666666666668,-0.010416666666666668,-0.03125,0.0,-0.02083333333333337,-0.010416666666666685,0.0,,0.0,0.0,0.0,-0.02083333333333337,-0.018070818070818118,0.0,carry_minus_ewma
44,switch_at,regime_conditional,observed,transit_rough,stable,0.0,,0.0,,0.0,,,,,,0.0,0.0,0.0,0.0,0.0,,0.0,,carry_minus_ewma
44,switch_at,regime_conditional,observed,transit_rough,transition,-0.018070818070818118,-0.02083333333333337,0.04313725490196085,-0.027826167180583727,-0.010416666666666668,-0.010416666666666668,-0.03125,0.0,-0.02083333333333337,-0.010416666666666685,0.0,,0.0,0.0,0.0,-0.02083333333333337,-0.018070818070818118,0.0,carry_minus_ewma
44,switch_at,regime_conditional,observed,transit_smooth,all,-0.006534727408513796,-0.010416666666666685,-0.0035714285714285587,-0.018463102708639934,-0.0004844961240310086,-0.005208333333333332,-0.07291666666666674,0.0,-0.010416666666666685,-0.010416666666666685,0.0,0.0,0.0,0.0,0.0,-0.010416666666666685,-0.006534727408513796,0.0,carry_minus_ewma
44,switch_at,regime_conditional,observed,transit_smooth,record_stable,0.0,,0.0,,0.0,,,,,,0.0,0.0,0.0,0.0,0.0,,0.0,,carry_minus_ewma
44,switch_at,regime_conditional,observed,transit_smooth,record_transition,-0.007462686567164201,-0.010416666666666685,0.021929824561403466,-0.03321527803714386,-0.005208333333333332,-0.005208333333333332,-0.07291666666666674,0.0,-0.010416666666666685,-0.010416666666666685,0.0,,0.0,0.0,0.0,-0.010416666666666685,-0.007462686567164201,0.0,carry_minus_ewma
44,switch_at,regime_conditional,observed,transit_smooth,stable,0.0,,0.0,,0.0,,,,,,0.0,0.0,0.0,0.0,0.0,,0.0,,carry_minus_ewma
44,switch_at,regime_conditional,observed,transit_smooth,transition,-0.007462686567164201,-0.010416666666666685,0.021929824561403466,-0.03321527803714386,-0.005208333333333332,-0.005208333333333332,-0.07291666666666674,0.0,-0.010416666666666685,-0.010416666666666685,0.0,,0.0,0.0,0.0,-0.010416666666666685,-0.007462686567164201,0.0,carry_minus_ewma
44,switch_at,regime_conditional,observed,warehouse,all,-0.0022821280844387837,0.01041666666666663,-0.025098039215686263,-0.018587484662854592,0.002906976744186048,0.02604166666666667,-0.03125,0.0,0.01041666666666663,0.010416666666666685,0.0,0.010416666666666671,0.0,0.0,0.0,0.01041666666666663,-0.0022821280844387837,0.0,carry_minus_ewma
44,switch_at,regime_conditional,observed,warehouse,record_stable,0.0,,0.0,,0.000534188034188034,,,,,,0.0,0.010416666666666671,0.0,0.0,0.0,,0.0,,carry_minus_ewma
44,switch_at,regime_conditional,observed,warehouse,record_transition,-0.0028776978417265897,0.01041666666666663,-0.05932605600379692,-0.036570082424177586,0.02604166666666667,0.02604166666666667,-0.03125,0.0,0.01041666666666663,0.010416666666666685,0.0,,0.0,0.0,0.0,0.01041666666666663,-0.0028776978417265897,0.0,carry_minus_ewma
44,switch_at,regime_conditional,observed,warehouse,stable,0.0,,0.0,,0.000534188034188034,,,,,,0.0,0.010416666666666671,0.0,0.0,0.0,,0.0,,carry_minus_ewma
44,switch_at,regime_conditional,observed,warehouse,transition,-0.0028776978417265897,0.01041666666666663,-0.05932605600379692,-0.036570082424177586,0.02604166666666667,0.02604166666666667,-0.03125,0.0,0.01041666666666663,0.010416666666666685,0.0,,0.0,0.0,0.0,0.01041666666666663,-0.0028776978417265897,0.0,carry_minus_ewma
44,switch_at,regime_marginal,clean,all,all,0.0,,0.0,,0.00015432098765432063,,,,,,0.0,0.0,0.15432098765432123,0.0,0.0,,0.0,,carry_minus_ewma
44,switch_at,regime_marginal,clean,all,record_stable,0.0,,0.0,,-0.00017806267806267772,,,,,,0.0,0.0,-0.17806267806267817,0.0,0.0,,0.0,,carry_minus_ewma
44,switch_at,regime_marginal,clean,all,record_transition,,,,,0.0023148148148148147,,,,,,0.0,,2.314814814814815,0.0,0.0,,,,carry_minus_ewma
44,switch_at,regime_marginal,clean,all,stable,0.0,,0.0,,-0.00017806267806267772,,,,,,0.0,0.0,-0.17806267806267817,0.0,0.0,,0.0,,carry_minus_ewma
44,switch_at,regime_marginal,clean,all,transition,,,,,0.0023148148148148147,,,,,,0.0,,2.314814814814815,0.0,0.0,,,,carry_minus_ewma
44,switch_at,regime_marginal,clean,transit_rough,all,0.0,,0.0,,0.00046296296296296276,,,,,,0.0,0.0,0.46296296296296324,0.0,0.0,,0.0,,carry_minus_ewma
44,switch_at,regime_marginal,clean,transit_rough,record_stable,0.0,,0.0,,0.0,,,,,,0.0,0.0,0.0,0.0,0.0,,0.0,,carry_minus_ewma
44,switch_at,regime_marginal,clean,transit_rough,record_transition,,,,,0.003472222222222222,,,,,,0.0,,3.4722222222222223,0.0,0.0,,,,carry_minus_ewma
44,switch_at,regime_marginal,clean,transit_rough,stable,0.0,,0.0,,0.0,,,,,,0.0,0.0,0.0,0.0,0.0,,0.0,,carry_minus_ewma
44,switch_at,regime_marginal,clean,transit_rough,transition,,,,,0.003472222222222222,,,,,,0.0,,3.4722222222222223,0.0,0.0,,,,carry_minus_ewma
44,switch_at,regime_marginal,clean,transit_smooth,all,0.0,,0.0,,-0.00046296296296296363,,,,,,0.0,0.0,-0.462962962962963,0.0,0.0,,0.0,,carry_minus_ewma
44,switch_at,regime_marginal,clean,transit_smooth,record_stable,0.0,,0.0,,-0.000534188034188034,,,,,,0.0,0.0,-0.5341880341880341,0.0,0.0,,0.0,,carry_minus_ewma
44,switch_at,regime_marginal,clean,transit_smooth,record_transition,,,,,0.0,,,,,,0.0,,0.0,0.0,0.0,,,,carry_minus_ewma
44,switch_at,regime_marginal,clean,transit_smooth,stable,0.0,,0.0,,-0.000534188034188034,,,,,,0.0,0.0,-0.5341880341880341,0.0,0.0,,0.0,,carry_minus_ewma
44,switch_at,regime_marginal,clean,transit_smooth,transition,,,,,0.0,,,,,,0.0,,0.0,0.0,0.0,,,,carry_minus_ewma
44,switch_at,regime_marginal,clean,warehouse,all,0.0,,0.0,,0.0004629629629629632,,,,,,0.0,0.0,0.462962962962963,0.0,0.0,,0.0,,carry_minus_ewma
44,switch_at,regime_marginal,clean,warehouse,record_stable,0.0,,0.0,,0.0,,,,,,0.0,0.0,0.0,0.0,0.0,,0.0,,carry_minus_ewma
44,switch_at,regime_marginal,clean,warehouse,record_transition,,,,,0.003472222222222222,,,,,,0.0,,3.4722222222222223,0.0,0.0,,,,carry_minus_ewma
44,switch_at,regime_marginal,clean,warehouse,stable,0.0,,0.0,,0.0,,,,,,0.0,0.0,0.0,0.0,0.0,,0.0,,carry_minus_ewma
44,switch_at,regime_marginal,clean,warehouse,transition,,,,,0.003472222222222222,,,,,,0.0,,3.4722222222222223,0.0,0.0,,,,carry_minus_ewma
44,switch_at,regime_marginal,observed,all,all,0.01668379986181094,0.010416666666666664,0.03949843260188088,0.006468622905650617,0.0,0.001736111111111111,-0.0625,0.0,0.010416666666666664,0.010416666666666664,0.0,0.0,0.0,0.0,0.0,0.010416666666666664,0.01668379986181094,0.0,carry_minus_ewma
44,switch_at,regime_marginal,observed,all,record_stable,0.0,,0.0,,-0.0001780626780626786,,,,,,0.0,0.0,-0.17806267806267817,0.0,0.0,,0.0,,carry_minus_ewma
44,switch_at,regime_marginal,observed,all,record_transition,0.01853929524535701,0.010416666666666664,-0.05882352941176472,-0.06313884340238984,0.001736111111111111,0.001736111111111111,-0.0625,0.0,0.010416666666666664,0.010416666666666664,0.0,,1.7361111111111112,0.0,0.0,0.010416666666666664,0.01853929524535701,0.0,carry_minus_ewma
44,switch_at,regime_marginal,observed,all,stable,0.0,,0.0,,-0.0001780626780626786,,,,,,0.0,0.0,-0.17806267806267817,0.0,0.0,,0.0,,carry_minus_ewma
44,switch_at,regime_marginal,observed,all,transition,0.01853929524535701,0.010416666666666664,-0.05882352941176472,-0.06313884340238984,0.001736111111111111,0.001736111111111111,-0.0625,0.0,0.010416666666666664,0.010416666666666664,0.0,,1.7361111111111112,0.0,0.0,0.010416666666666664,0.01853929524535701,0.0,carry_minus_ewma
44,switch_at,regime_marginal,observed,transit_rough,all,0.0,0.0,0.0,0.006050749220636295,0.0,0.0,-0.07291666666666663,0.0,0.0,0.0,0.0,0.0,0.0,0.0,0.0,0.0,0.0,0.0,carry_minus_ewma
44,switch_at,regime_marginal,observed,transit_rough,record_stable,0.0,,0.0,,0.0,,,,,,0.0,0.0,0.0,0.0,0.0,,0.0,,carry_minus_ewma
44,switch_at,regime_marginal,observed,transit_rough,record_transition,0.0,0.0,0.0,-0.11004477939990609,0.0,0.0,-0.07291666666666663,0.0,0.0,0.0,0.0,,0.0,0.0,0.0,0.0,0.0,0.0,carry_minus_ewma
44,switch_at,regime_marginal,observed,transit_rough,stable,0.0,,0.0,,0.0,,,,,,0.0,0.0,0.0,0.0,0.0,,0.0,,carry_minus_ewma
44,switch_at,regime_marginal,observed,transit_rough,transition,0.0,0.0,0.0,-0.11004477939990609,0.0,0.0,-0.07291666666666663,0.0,0.0,0.0,0.0,,0.0,0.0,0.0,0.0,0.0,0.0,carry_minus_ewma
44,switch_at,regime_marginal,observed,transit_smooth,all,0.016666666666666666,0.010416666666666666,0.041666666666666664,-0.003204846906542644,-0.0004844961240310069,0.0,-0.10416666666666674,0.0,0.010416666666666666,0.010416666666666666,0.0,0.0,-0.4844961240310077,0.0,0.0,0.010416666666666666,0.016666666666666666,0.0,carry_minus_ewma
44,switch_at,regime_marginal,observed,transit_smooth,record_stable,0.0,,0.0,,-0.000534188034188034,,,,,,0.0,0.0,-0.5341880341880345,0.0,0.0,,0.0,,carry_minus_ewma
44,switch_at,regime_marginal,observed,transit_smooth,record_transition,0.020618556701030927,0.010416666666666666,,-0.02784342938506912,0.0,0.0,-0.10416666666666674,0.0,0.010416666666666666,0.010416666666666666,0.0,,0.0,0.0,0.0,0.010416666666666666,0.020618556701030927,0.0,carry_minus_ewma
44,switch_at,regime_marginal,observed,transit_smooth,stable,0.0,,0.0,,-0.000534188034188034,,,,,,0.0,0.0,-0.5341880341880345,0.0,0.0,,0.0,,carry_minus_ewma
44,switch_at,regime_marginal,observed,transit_smooth,transition,0.020618556701030927,0.010416666666666666,,-0.02784342938506912,0.0,0.0,-0.10416666666666674,0.0,0.010416666666666666,0.010416666666666666,0.0,,0.0,0.0,0.0,0.010416666666666666,0.020618556701030927,0.0,carry_minus_ewma
44,switch_at,regime_marginal,observed,warehouse,all,0.031782437745740494,0.020833333333333343,0.009615384615384581,0.029939446648056978,0.00048449612403100775,0.005208333333333333,-0.010416666666666685,0.0,0.020833333333333343,0.020833333333333343,0.0,0.0,0.4844961240310077,0.0,0.0,0.020833333333333343,0.031782437745740494,0.0,carry_minus_ewma
44,switch_at,regime_marginal,observed,warehouse,record_stable,0.0,,0.0,,0.0,,,,,,0.0,0.0,0.0,0.0,0.0,,0.0,,carry_minus_ewma
44,switch_at,regime_marginal,observed,warehouse,record_transition,0.03306973400431343,0.020833333333333343,-0.09090909090909094,-0.01353154518809796,0.005208333333333333,0.005208333333333333,-0.010416666666666685,0.0,0.020833333333333343,0.020833333333333343,0.0,,5.208333333333333,0.0,0.0,0.020833333333333343,0.03306973400431343,0.0,carry_minus_ewma
44,switch_at,regime_marginal,observed,warehouse,stable,0.0,,0.0,,0.0,,,,,,0.0,0.0,0.0,0.0,0.0,,0.0,,carry_minus_ewma
44,switch_at,regime_marginal,observed,warehouse,transition,0.03306973400431343,0.020833333333333343,-0.09090909090909094,-0.01353154518809796,0.005208333333333333,0.005208333333333333,-0.010416666666666685,0.0,0.020833333333333343,0.020833333333333343,0.0,,5.208333333333333,0.0,0.0,0.020833333333333343,0.03306973400431343,0.0,carry_minus_ewma
44,switch_before6,regime_conditional,clean,all,all,0.0,,0.0,,0.0012345679012345685,,,,,,0.0,0.0,0.30864197530864246,0.0,0.0,,0.0,,carry_minus_ewma
44,switch_before6,regime_conditional,clean,all,record_stable,0.0,,0.0,,-0.00017806267806267512,,,,,,0.0,0.0,0.0,0.0,0.0,,0.0,,carry_minus_ewma
44,switch_before6,regime_conditional,clean,all,record_transition,0.0,,0.0,,0.010416666666666666,,,,,,0.0,0.0,2.314814814814815,0.0,0.0,,0.0,,carry_minus_ewma
44,switch_before6,regime_conditional,clean,all,stable,0.0,,0.0,,-0.00017806267806267512,,,,,,0.0,0.0,0.0,0.0,0.0,,0.0,,carry_minus_ewma
44,switch_before6,regime_conditional,clean,all,transition,0.0,,0.0,,0.010416666666666666,,,,,,0.0,0.0,2.314814814814815,0.0,0.0,,0.0,,carry_minus_ewma
44,switch_before6,regime_conditional,clean,transit_rough,all,0.0,,0.0,,0.0,,,,,,0.0,0.0,0.4629629629629637,0.0,0.0,,0.0,,carry_minus_ewma
44,switch_before6,regime_conditional,clean,transit_rough,record_stable,0.0,,0.0,,-0.0005341880341880323,,,,,,0.0,0.0,0.0,0.0,0.0,,0.0,,carry_minus_ewma
44,switch_before6,regime_conditional,clean,transit_rough,record_transition,0.0,,0.0,,0.003472222222222222,,,,,,0.0,0.0,3.4722222222222223,0.0,0.0,,0.0,,carry_minus_ewma
44,switch_before6,regime_conditional,clean,transit_rough,stable,0.0,,0.0,,-0.0005341880341880323,,,,,,0.0,0.0,0.0,0.0,0.0,,0.0,,carry_minus_ewma
44,switch_before6,regime_conditional,clean,transit_rough,transition,0.0,,0.0,,0.003472222222222222,,,,,,0.0,0.0,3.4722222222222223,0.0,0.0,,0.0,,carry_minus_ewma
44,switch_before6,regime_conditional,clean,transit_smooth,all,0.0,,0.0,,0.0,,,,,,0.0,0.0,0.0,0.0,0.0,,0.0,,carry_minus_ewma
44,switch_before6,regime_conditional,clean,transit_smooth,record_stable,0.0,,0.0,,0.0,,,,,,0.0,0.0,0.0,0.0,0.0,,0.0,,carry_minus_ewma
44,switch_before6,regime_conditional,clean,transit_smooth,record_transition,0.0,,0.0,,0.0,,,,,,0.0,0.0,0.0,0.0,0.0,,0.0,,carry_minus_ewma
44,switch_before6,regime_conditional,clean,transit_smooth,stable,0.0,,0.0,,0.0,,,,,,0.0,0.0,0.0,0.0,0.0,,0.0,,carry_minus_ewma
44,switch_before6,regime_conditional,clean,transit_smooth,transition,0.0,,0.0,,0.0,,,,,,0.0,0.0,0.0,0.0,0.0,,0.0,,carry_minus_ewma
44,switch_before6,regime_conditional,clean,warehouse,all,0.0,,0.0,,0.003703703703703704,,,,,,0.0,0.0,0.4629629629629628,0.0,0.0,,0.0,,carry_minus_ewma
44,switch_before6,regime_conditional,clean,warehouse,record_stable,0.0,,0.0,,0.0,,,,,,0.0,0.0,0.0,0.0,0.0,,0.0,,carry_minus_ewma
44,switch_before6,regime_conditional,clean,warehouse,record_transition,0.0,,0.0,,0.02777777777777778,,,,,,0.0,0.0,3.4722222222222223,0.0,0.0,,0.0,,carry_minus_ewma
44,switch_before6,regime_conditional,clean,warehouse,stable,0.0,,0.0,,0.0,,,,,,0.0,0.0,0.0,0.0,0.0,,0.0,,carry_minus_ewma
44,switch_before6,regime_conditional,clean,warehouse,transition,0.0,,0.0,,0.02777777777777778,,,,,,0.0,0.0,3.4722222222222223,0.0,0.0,,0.0,,carry_minus_ewma
44,switch_before6,regime_conditional,observed,all,all,0.1441811734364926,0.14930555555555552,0.12605311355311355,0.09861026596897107,0.0024224806201550396,0.010416666666666664,0.04513888888888895,0.0,0.14930555555555552,0.125,0.0,0.027777777777777783,0.0,0.0,0.0,0.14930555555555552,0.1441811734364926,0.0,carry_minus_ewma
44,switch_before6,regime_conditional,observed,all,record_stable,0.0,0.0,0.0,-0.00014312222881204817,0.0,0.0,0.0,0.0,0.0,0.0,0.0,0.0,0.0,0.0,0.0,0.0,0.0,0.0,carry_minus_ewma
44,switch_before6,regime_conditional,observed,all,record_transition,0.311563546624361,0.2986111111111111,0.20904761904761904,0.17751559628147073,0.020833333333333336,0.02083333333333333,0.09027777777777779,0.0,0.2986111111111111,0.25,0.0,0.05555555555555555,0.0,0.0,0.0,0.2986111111111111,0.311563546624361,0.0,carry_minus_ewma
44,switch_before6,regime_conditional,observed,all,stable,0.0,0.0,0.0,-0.00014312222881204817,0.0,0.0,0.0,0.0,0.0,0.0,0.0,0.0,0.0,0.0,0.0,0.0,0.0,0.0,carry_minus_ewma
44,switch_before6,regime_conditional,observed,all,transition,0.311563546624361,0.2986111111111111,0.20904761904761904,0.17751559628147073,0.020833333333333336,0.02083333333333333,0.09027777777777779,0.0,0.2986111111111111,0.25,0.0,0.05555555555555555,0.0,0.0,0.0,0.2986111111111111,0.311563546624361,0.0,carry_minus_ewma
44,switch_before6,regime_conditional,observed,transit_rough,all,0.16744515215852795,0.18749999999999997,0.12451209992193601,0.1494360156603147,0.0024224806201550396,0.005208333333333336,0.0625,0.0,0.18749999999999997,0.16666666666666669,0.0,0.04166666666666667,-0.4844961240310077,0.0,0.0,0.18749999999999997,0.16744515215852795,0.0,carry_minus_ewma
44,switch_before6,regime_conditional,observed,transit_rough,record_stable,0.0,0.0,0.0,3.890279854273926e-05,0.0,0.0,0.0,0.0,0.0,0.0,0.0,0.0,0.0,0.0,0.0,0.0,0.0,0.0,carry_minus_ewma
44,switch_before6,regime_conditional,observed,transit_rough,record_transition,0.38197602315006196,0.375,0.1604278074866311,0.2493165617890099,0.020833333333333332,0.010416666666666671,0.125,0.0,0.375,0.3333333333333333,0.0,0.08333333333333334,-4.166666666666667,0.0,0.0,0.375,0.38197602315006196,0.0,carry_minus_ewma
44,switch_before6,regime_conditional,observed,transit_rough,stable,0.0,0.0,0.0,3.890279854273926e-05,0.0,0.0,0.0,0.0,0.0,0.0,0.0,0.0,0.0,0.0,0.0,0.0,0.0,0.0,carry_minus_ewma
44,switch_before6,regime_conditional,observed,transit_rough,transition,0.38197602315006196,0.375,0.1604278074866311,0.2493165617890099,0.020833333333333332,0.010416666666666671,0.125,0.0,0.375,0.3333333333333333,0.0,0.08333333333333334,-4.166666666666667,0.0,0.0,0.375,0.38197602315006196,0.0,carry_minus_ewma
44,switch_before6,regime_conditional,observed,transit_smooth,all,0.08696166238065678,0.09375,0.07863712916180854,0.08947606364206848,0.0004844961240310086,0.0,0.03125,0.0,0.09375,0.09375,0.0,0.010416666666666671,0.0,0.0,0.0,0.09375,0.08696166238065678,0.0,carry_minus_ewma
44,switch_before6,regime_conditional,observed,transit_smooth,record_stable,0.0,0.0,0.0,-6.74696092143115e-05,0.0,0.0,0.0,0.0,0.0,0.0,0.0,0.0,0.0,0.0,0.0,0.0,0.0,0.0,carry_minus_ewma
44,switch_before6,regime_conditional,observed,transit_smooth,record_transition,0.21178517068928027,0.18750000000000003,0.14666666666666672,0.19959534761876607,0.004166666666666666,0.0,0.0625,0.0,0.18750000000000003,0.18750000000000003,0.0,0.020833333333333343,0.0,0.0,0.0,0.18750000000000003,0.21178517068928027,0.0,carry_minus_ewma
44,switch_before6,regime_conditional,observed,transit_smooth,stable,0.0,0.0,0.0,-6.74696092143115e-05,0.0,0.0,0.0,0.0,0.0,0.0,0.0,0.0,0.0,0.0,0.0,0.0,0.0,0.0,carry_minus_ewma
44,switch_before6,regime_conditional,observed,transit_smooth,transition,0.21178517068928027,0.18750000000000003,0.14666666666666672,0.19959534761876607,0.004166666666666666,0.0,0.0625,0.0,0.18750000000000003,0.18750000000000003,0.0,0.020833333333333343,0.0,0.0,0.0,0.18750000000000003,0.21178517068928027,0.0,carry_minus_ewma
44,switch_before6,regime_conditional,observed,warehouse,all,0.18717732094245754,0.16666666666666666,0.19131161236424393,0.1050777831930074,0.004360465116279071,0.026041666666666664,0.041666666666666685,0.0,0.16666666666666666,0.11458333333333334,0.0,0.03125,0.4844961240310077,0.0,0.0,0.16666666666666666,0.18717732094245754,0.0,carry_minus_ewma
44,switch_before6,regime_conditional,observed,warehouse,record_stable,0.0,0.0,0.0,-0.00025948425317523505,0.0,0.0,0.0,0.0,0.0,0.0,0.0,0.0,0.0,0.0,0.0,0.0,0.0,0.0,carry_minus_ewma
44,switch_before6,regime_conditional,observed,warehouse,record_transition,0.3419943820224719,0.3333333333333333,0.31402439024390244,0.1782608162113646,0.037500000000000006,0.05208333333333333,0.08333333333333331,0.0,0.3333333333333333,0.22916666666666666,0.0,0.0625,4.166666666666668,0.0,0.0,0.3333333333333333,0.3419943820224719,0.0,carry_minus_ewma
44,switch_before6,regime_conditional,observed,warehouse,stable,0.0,0.0,0.0,-0.00025948425317523505,0.0,0.0,0.0,0.0,0.0,0.0,0.0,0.0,0.0,0.0,0.0,0.0,0.0,0.0,carry_minus_ewma
44,switch_before6,regime_conditional,observed,warehouse,transition,0.3419943820224719,0.3333333333333333,0.31402439024390244,0.1782608162113646,0.037500000000000006,0.05208333333333333,0.08333333333333331,0.0,0.3333333333333333,0.22916666666666666,0.0,0.0625,4.166666666666668,0.0,0.0,0.3333333333333333,0.3419943820224719,0.0,carry_minus_ewma
44,switch_before6,regime_marginal,clean,all,all,0.0,,0.0,,0.00015432098765432063,,,,,,0.0,0.0,0.15432098765432123,0.0,0.0,,0.0,,carry_minus_ewma
44,switch_before6,regime_marginal,clean,all,record_stable,0.0,,0.0,,-0.00017806267806267772,,,,,,0.0,0.0,-0.17806267806267817,0.0,0.0,,0.0,,carry_minus_ewma
44,switch_before6,regime_marginal,clean,all,record_transition,,,,,0.0023148148148148147,,,,,,0.0,0.0,2.314814814814815,0.0,0.0,,,,carry_minus_ewma
44,switch_before6,regime_marginal,clean,all,stable,0.0,,0.0,,-0.00017806267806267772,,,,,,0.0,0.0,-0.17806267806267817,0.0,0.0,,0.0,,carry_minus_ewma
44,switch_before6,regime_marginal,clean,all,transition,,,,,0.0023148148148148147,,,,,,0.0,0.0,2.314814814814815,0.0,0.0,,,,carry_minus_ewma
44,switch_before6,regime_marginal,clean,transit_rough,all,0.0,,0.0,,0.00046296296296296276,,,,,,0.0,0.0,0.46296296296296324,0.0,0.0,,0.0,,carry_minus_ewma
44,switch_before6,regime_marginal,clean,transit_rough,record_stable,0.0,,0.0,,0.0,,,,,,0.0,0.0,0.0,0.0,0.0,,0.0,,carry_minus_ewma
44,switch_before6,regime_marginal,clean,transit_rough,record_transition,,,,,0.003472222222222222,,,,,,0.0,0.0,3.4722222222222223,0.0,0.0,,,,carry_minus_ewma
44,switch_before6,regime_marginal,clean,transit_rough,stable,0.0,,0.0,,0.0,,,,,,0.0,0.0,0.0,0.0,0.0,,0.0,,carry_minus_ewma
44,switch_before6,regime_marginal,clean,transit_rough,transition,,,,,0.003472222222222222,,,,,,0.0,0.0,3.4722222222222223,0.0,0.0,,,,carry_minus_ewma
44,switch_before6,regime_marginal,clean,transit_smooth,all,0.0,,0.0,,-0.00046296296296296363,,,,,,0.0,0.0,-0.462962962962963,0.0,0.0,,0.0,,carry_minus_ewma
44,switch_before6,regime_marginal,clean,transit_smooth,record_stable,0.0,,0.0,,-0.000534188034188034,,,,,,0.0,0.0,-0.5341880341880341,0.0,0.0,,0.0,,carry_minus_ewma
44,switch_before6,regime_marginal,clean,transit_smooth,record_transition,,,,,0.0,,,,,,0.0,0.0,0.0,0.0,0.0,,,,carry_minus_ewma
44,switch_before6,regime_marginal,clean,transit_smooth,stable,0.0,,0.0,,-0.000534188034188034,,,,,,0.0,0.0,-0.5341880341880341,0.0,0.0,,0.0,,carry_minus_ewma
44,switch_before6,regime_marginal,clean,transit_smooth,transition,,,,,0.0,,,,,,0.0,0.0,0.0,0.0,0.0,,,,carry_minus_ewma
44,switch_before6,regime_marginal,clean,warehouse,all,0.0,,0.0,,0.0004629629629629632,,,,,,0.0,0.0,0.462962962962963,0.0,0.0,,0.0,,carry_minus_ewma
44,switch_before6,regime_marginal,clean,warehouse,record_stable,0.0,,0.0,,0.0,,,,,,0.0,0.0,0.0,0.0,0.0,,0.0,,carry_minus_ewma
44,switch_before6,regime_marginal,clean,warehouse,record_transition,,,,,0.003472222222222222,,,,,,0.0,0.0,3.4722222222222223,0.0,0.0,,,,carry_minus_ewma
44,switch_before6,regime_marginal,clean,warehouse,stable,0.0,,0.0,,0.0,,,,,,0.0,0.0,0.0,0.0,0.0,,0.0,,carry_minus_ewma
44,switch_before6,regime_marginal,clean,warehouse,transition,,,,,0.003472222222222222,,,,,,0.0,0.0,3.4722222222222223,0.0,0.0,,,,carry_minus_ewma
44,switch_before6,regime_marginal,observed,all,all,0.045574453314821246,0.02777777777777778,0.1223404255319149,0.04131988868643172,0.00016149870801033563,0.001736111111111111,0.05902777777777779,0.0,0.02777777777777778,0.027777777777777776,0.0,0.003472222222222222,-0.1614987080103356,0.0,0.0,0.02777777777777778,0.045574453314821246,0.0,carry_minus_ewma
44,switch_before6,regime_marginal,observed,all,record_stable,0.00028444646717487587,0.0,0.0026427061310782263,-3.704906037794997e-05,-0.0001827485380116959,0.0,0.0,0.0,0.0,0.0,0.0,0.0,-0.18274853801169577,0.0,0.0,0.0,0.00028444646717487587,0.0,carry_minus_ewma
44,switch_before6,regime_marginal,observed,all,record_transition,0.10104423935179167,0.05555555555555555,0.358974358974359,0.15253088394265168,0.002777777777777778,0.003472222222222222,0.11805555555555558,0.0,0.05555555555555555,0.05555555555555555,0.0,0.006944444444444444,0.0,0.0,0.0,0.05555555555555555,0.10104423935179167,0.0,carry_minus_ewma
44,switch_before6,regime_marginal,observed,all,stable,0.00028444646717487587,0.0,0.0026427061310782263,-3.704906037794997e-05,-0.0001827485380116959,0.0,0.0,0.0,0.0,0.0,0.0,0.0,-0.18274853801169577,0.0,0.0,0.0,0.00028444646717487587,0.0,carry_minus_ewma
44,switch_before6,regime_marginal,observed,all,transition,0.10104423935179167,0.05555555555555555,0.358974358974359,0.15253088394265168,0.002777777777777778,0.003472222222222222,0.11805555555555558,0.0,0.05555555555555555,0.05555555555555555,0.0,0.006944444444444444,0.0,0.0,0.0,0.05555555555555555,0.10104423935179167,0.0,carry_minus_ewma
44,switch_before6,regime_marginal,observed,transit_rough,all,0.03297035692679977,0.020833333333333336,0.07222222222222219,0.05900142331731183,0.0,0.0,0.04166666666666663,0.0,0.020833333333333336,0.020833333333333336,0.0,0.0,0.0,0.0,0.0,0.020833333333333336,0.03297035692679977,0.0,carry_minus_ewma
44,switch_before6,regime_marginal,observed,transit_rough,record_stable,0.0,0.0,0.0,-0.0001517139775426002,0.0,0.0,0.0,0.0,0.0,0.0,0.0,0.0,0.0,0.0,0.0,0.0,0.0,0.0,carry_minus_ewma
44,switch_before6,regime_marginal,observed,transit_rough,record_transition,0.08,0.041666666666666664,,0.15980314058143397,0.0,0.0,0.08333333333333337,0.0,0.041666666666666664,0.041666666666666664,0.0,0.0,0.0,0.0,0.0,0.041666666666666664,0.08,0.0,carry_minus_ewma
44,switch_before6,regime_marginal,observed,transit_rough,stable,0.0,0.0,0.0,-0.0001517139775426002,0.0,0.0,0.0,0.0,0.0,0.0,0.0,0.0,0.0,0.0,0.0,0.0,0.0,0.0,carry_minus_ewma
44,switch_before6,regime_marginal,observed,transit_rough,transition,0.08,0.041666666666666664,,0.15980314058143397,0.0,0.0,0.08333333333333337,0.0,0.041666666666666664,0.041666666666666664,0.0,0.0,0.0,0.0,0.0,0.041666666666666664,0.08,0.0,carry_minus_ewma
44,switch_before6,regime_marginal,observed,transit_smooth,all,0.0,0.0,0.0,0.011623782322546038,-0.0004844961240310086,0.0,0.04166666666666663,0.0,0.0,0.0,0.0,0.0,-0.4844961240310077,0.0,0.0,0.0,0.0,0.0,carry_minus_ewma
44,switch_before6,regime_marginal,observed,transit_smooth,record_stable,0.0,0.0,0.0,-7.626905719433641e-06,-0.0005482456140350877,0.0,0.0,0.0,0.0,0.0,0.0,0.0,-0.548245614035088,0.0,0.0,0.0,0.0,0.0,carry_minus_ewma
44,switch_before6,regime_marginal,observed,transit_smooth,record_transition,0.0,0.0,,0.19168785445089348,0.0,0.0,0.08333333333333337,0.0,0.0,0.0,0.0,0.0,0.0,0.0,0.0,0.0,0.0,0.0,carry_minus_ewma
44,switch_before6,regime_marginal,observed,transit_smooth,stable,0.0,0.0,0.0,-7.626905719433641e-06,-0.0005482456140350877,0.0,0.0,0.0,0.0,0.0,0.0,0.0,-0.548245614035088,0.0,0.0,0.0,0.0,0.0,carry_minus_ewma
44,switch_before6,regime_marginal,observed,transit_smooth,transition,0.0,0.0,,0.19168785445089348,0.0,0.0,0.08333333333333337,0.0,0.0,0.0,0.0,0.0,0.0,0.0,0.0,0.0,0.0,0.0,carry_minus_ewma
44,switch_before6,regime_marginal,observed,warehouse,all,0.10576923076923077,0.0625,0.3125,0.07182753146072704,0.0009689922480620155,0.005208333333333333,0.09375,0.0,0.0625,0.0625,0.0,0.010416666666666668,0.0,0.0,0.0,0.0625,0.10576923076923077,0.0,carry_minus_ewma
44,switch_before6,regime_marginal,observed,warehouse,record_stable,0.0,0.0,0.0,-4.73366127423068e-05,0.0,0.0,0.0,0.0,0.0,0.0,0.0,0.0,0.0,0.0,0.0,0.0,0.0,0.0,carry_minus_ewma
44,switch_before6,regime_marginal,observed,warehouse,record_transition,0.19807244931871054,0.125,0.30303030303030304,0.16091007129907092,0.008333333333333333,0.010416666666666666,0.18749999999999994,0.0,0.125,0.125,0.0,0.020833333333333336,0.0,0.0,0.0,0.125,0.19807244931871054,0.0,carry_minus_ewma
44,switch_before6,regime_marginal,observed,warehouse,stable,0.0,0.0,0.0,-4.73366127423068e-05,0.0,0.0,0.0,0.0,0.0,0.0,0.0,0.0,0.0,0.0,0.0,0.0,0.0,0.0,carry_minus_ewma
44,switch_before6,regime_marginal,observed,warehouse,transition,0.19807244931871054,0.125,0.30303030303030304,0.16091007129907092,0.008333333333333333,0.010416666666666666,0.18749999999999994,0.0,0.125,0.125,0.0,0.020833333333333336,0.0,0.0,0.0,0.125,0.19807244931871054,0.0,carry_minus_ewma
44,switch_delay12,regime_conditional,clean,all,all,0.0,,0.0,,0.05601851851851852,,,,,,0.0,0.15625,-0.7716049382716044,0.0,0.0,,0.0,,carry_minus_ewma
44,switch_delay12,regime_conditional,clean,all,record_stable,0.0,,0.0,,0.0024928774928774933,,,,,,0.0,0.021551724137931036,-0.17806267806267684,0.0,0.0,,0.0,,carry_minus_ewma
44,switch_delay12,regime_conditional,clean,all,record_transition,0.0,,0.0,,0.40393518518518523,,,,,,0.0,0.7142857142857143,-4.62962962962963,0.0,0.0,,0.0,,carry_minus_ewma
44,switch_delay12,regime_conditional,clean,all,stable,0.0,,0.0,,0.06463675213675214,,,,,,0.0,0.17175572519083968,-0.8903133903133913,0.0,0.0,,0.0,,carry_minus_ewma
44,switch_delay12,regime_conditional,clean,all,transition,0.0,,0.0,,0.0,,,,,,0.0,0.0,0.0,0.0,0.0,,0.0,,carry_minus_ewma
44,switch_delay12,regime_conditional,clean,transit_rough,all,0.0,,0.0,,0.05185185185185184,,,,,,0.0,0.11363636363636363,0.0,0.0,0.0,,0.0,,carry_minus_ewma
44,switch_delay12,regime_conditional,clean,transit_rough,record_stable,0.0,,0.0,,0.0016025641025640969,,,,,,0.0,0.008849557522123894,0.5341880341880341,0.0,0.0,,0.0,,carry_minus_ewma
44,switch_delay12,regime_conditional,clean,transit_rough,record_transition,0.0,,0.0,,0.3784722222222222,,,,,,0.0,0.7368421052631579,-3.4722222222222214,0.0,0.0,,0.0,,carry_minus_ewma
44,switch_delay12,regime_conditional,clean,transit_rough,stable,0.0,,0.0,,0.05982905982905983,,,,,,0.0,0.11363636363636363,0.0,0.0,0.0,,0.0,,carry_minus_ewma
44,switch_delay12,regime_conditional,clean,transit_rough,transition,0.0,,0.0,,0.0,,,,,,0.0,,0.0,0.0,0.0,,0.0,,carry_minus_ewma
44,switch_delay12,regime_conditional,clean,transit_smooth,all,0.0,,0.0,,0.06712962962962962,,,,,,0.0,0.35294117647058826,-2.7777777777777786,0.0,0.0,,0.0,,carry_minus_ewma
44,switch_delay12,regime_conditional,clean,transit_smooth,record_stable,0.0,,0.0,,0.004807692307692318,,,,,,0.0,0.08163265306122447,-1.0683760683760681,0.0,0.0,,0.0,,carry_minus_ewma
44,switch_delay12,regime_conditional,clean,transit_smooth,record_transition,0.0,,0.0,,0.4722222222222222,,,,,,0.0,0.7222222222222222,-13.88888888888889,0.0,0.0,,0.0,,carry_minus_ewma
44,switch_delay12,regime_conditional,clean,transit_smooth,stable,0.0,,0.0,,0.07745726495726496,,,,,,0.0,0.42857142857142855,-3.2051282051282044,0.0,0.0,,0.0,,carry_minus_ewma
44,switch_delay12,regime_conditional,clean,transit_smooth,transition,0.0,,0.0,,0.0,,,,,,0.0,0.0,0.0,0.0,0.0,,0.0,,carry_minus_ewma
44,switch_delay12,regime_conditional,clean,warehouse,all,0.0,,0.0,,0.04907407407407409,,,,,,0.0,0.0,0.4629629629629619,0.0,0.0,,0.0,,carry_minus_ewma
44,switch_delay12,regime_conditional,clean,warehouse,record_stable,0.0,,0.0,,0.0010683760683760785,,,,,,0.0,0.0,0.0,0.0,0.0,,0.0,,carry_minus_ewma
44,switch_delay12,regime_conditional,clean,warehouse,record_transition,0.0,,0.0,,0.36111111111111116,,,,,,0.0,0.0,3.4722222222222223,0.0,0.0,,0.0,,carry_minus_ewma
44,switch_delay12,regime_conditional,clean,warehouse,stable,0.0,,0.0,,0.05662393162393163,,,,,,0.0,0.0,0.5341880341880341,0.0,0.0,,0.0,,carry_minus_ewma
44,switch_delay12,regime_conditional,clean,warehouse,transition,0.0,,0.0,,0.0,,,,,,0.0,0.0,0.0,0.0,0.0,,0.0,,carry_minus_ewma
44,switch_delay12,regime_conditional,observed,all,all,-0.02854689139822561,0.0625,-0.03177064870613258,-0.007974786549534596,0.054748062015503876,0.0625,-0.01041666666666663,0.0,0.0625,-0.013888888888888895,0.0,0.1597222222222222,-0.8074935400516807,0.0,0.0,0.0625,-0.02854689139822561,0.0,carry_minus_ewma
44,switch_delay12,regime_conditional,observed,all,record_stable,-0.0030663774616786765,0.0,-0.0027606966936029043,-0.0020962195417264795,0.002604651162790697,-0.0020746887966804906,0.004149377593360981,0.0,0.0,-0.004149377593361009,0.0,0.030172413793103453,-0.1860465116279073,0.0,0.0,0.0,-0.0030663774616786765,0.0,carry_minus_ewma
44,switch_delay12,regime_conditional,observed,all,record_transition,-0.1051948051948052,0.3829787234042554,-0.22761394101876675,-0.10827737357755982,0.397796817625459,0.3936170212765957,-0.08510638297872342,0.0,0.3829787234042554,-0.06382978723404255,0.0,0.6964285714285714,-4.8959608323133414,0.0,0.0,0.3829787234042554,-0.1051948051948052,0.0,carry_minus_ewma
44,switch_delay12,regime_conditional,observed,all,stable,-0.09199421041748904,0.07758620689655177,-0.19223633509347796,-0.1706524452808177,0.06296433878157504,0.07758620689655173,-0.012931034482758563,0.0,0.07758620689655177,-0.017241379310344834,0.0,0.17557251908396945,-0.9286775631500745,0.0,0.0,0.07758620689655177,-0.09199421041748904,0.0,carry_minus_ewma
44,switch_delay12,regime_conditional,observed,all,transition,0.0,0.0,0.0,0.0,0.0,0.0,0.0,0.0,0.0,0.0,0.0,0.0,0.0,0.0,0.0,0.0,0.0,0.0,carry_minus_ewma
44,switch_delay12,regime_conditional,observed,transit_rough,all,-0.029680122814301324,0.06993006993006995,-0.04669292971179764,-0.01744497700585565,0.050074367873078826,0.0944055944055944,-0.05594405594405594,0.0,0.06993006993006995,-0.041958041958041925,0.0,0.12121212121212122,0.49578582052553344,0.0,0.0,0.06993006993006995,-0.029680122814301324,0.0,carry_minus_ewma
44,switch_delay12,regime_conditional,observed,transit_rough,record_stable,-0.0043767507002800965,0.0,-0.004600662495399338,-0.0023943372266611307,0.0028376844494892167,0.0,0.0,0.0,0.0,-0.009090909090909094,0.0,0.02654867256637168,0.5675368898978412,0.0,0.0,0.0,-0.0043767507002800965,0.0,carry_minus_ewma
44,switch_delay12,regime_conditional,observed,transit_rough,record_transition,-0.1109029599100787,0.3030303030303031,-0.3467741935483871,-0.23642265959436737,0.3764705882352941,0.4090909090909091,-0.2424242424242425,0.0,0.3030303030303031,-0.15151515151515152,0.0,0.6842105263157895,0.0,0.0,0.0,0.3030303030303031,-0.1109029599100787,0.0,carry_minus_ewma
44,switch_delay12,regime_conditional,observed,transit_rough,stable,-0.08589230084557187,0.08064516129032256,-0.24406799669460516,-0.23207968930200584,0.057780320366132724,0.1088709677419355,-0.06451612903225801,0.0,0.08064516129032256,-0.04838709677419356,0.0,0.12121212121212122,0.5720823798626995,0.0,0.0,0.08064516129032256,-0.08589230084557187,0.0,carry_minus_ewma
44,switch_delay12,regime_conditional,observed,transit_rough,transition,0.0,0.0,0.0,0.0,0.0,0.0,0.0,0.0,0.0,0.0,0.0,,0.0,0.0,0.0,0.0,0.0,0.0,carry_minus_ewma
44,switch_delay12,regime_conditional,observed,transit_smooth,all,-0.015289081811056843,0.11428571428571421,-0.016194188518781003,0.021929217468580342,0.06459330143540672,0.07142857142857145,0.05714285714285716,0.0,0.11428571428571421,0.02857142857142857,0.0,0.3529411764705882,-2.8708133971291865,0.0,0.0,0.11428571428571421,-0.015289081811056843,0.0,carry_minus_ewma
44,switch_delay12,regime_conditional,observed,transit_smooth,record_stable,-0.004699914207915268,0.0,-0.0035227018564079615,-0.0013394161788121417,0.004966887417218541,0.0,0.0,0.0,0.0,0.0,0.0,0.0816326530612245,-1.1037527593818979,0.0,0.0,0.0,-0.004699914207915268,0.0,carry_minus_ewma
44,switch_delay12,regime_conditional,observed,transit_smooth,record_transition,0.10457516339869281,0.8,0.055944055944055944,0.22975216180354058,0.4532374100719424,0.5,0.4,0.0,0.8,0.2,0.0,0.7222222222222222,-14.388489208633093,0.0,0.0,0.8,0.10457516339869281,0.0,carry_minus_ewma
44,switch_delay12,regime_conditional,observed,transit_smooth,stable,0.042096219931271474,0.23529411764705882,0.016797657574356605,0.06988725906404741,0.07344940152339499,0.14705882352941177,0.11764705882352944,0.0,0.23529411764705882,0.058823529411764705,0.0,0.42857142857142855,-3.264417845484221,0.0,0.0,0.23529411764705882,0.042096219931271474,0.0,carry_minus_ewma
44,switch_delay12,regime_conditional,observed,transit_smooth,transition,0.0,0.0,0.0,0.0,0.0,0.0,0.0,0.0,0.0,0.0,0.0,0.0,0.0,0.0,0.0,0.0,0.0,0.0,carry_minus_ewma
44,switch_delay12,regime_conditional,observed,warehouse,all,-0.0304872032677546,0.0,-0.0263633881646304,-0.01843945929249767,0.04940047961630695,-0.006666666666666668,0.013333333333333308,0.0,0.0,0.0,0.0,0.0,0.0,0.0,0.0,0.0,-0.0304872032677546,0.0,carry_minus_ewma
44,switch_delay12,regime_conditional,observed,warehouse,record_stable,0.0,0.0,0.0,-0.0015520449920232021,0.0,-0.007042253521126758,0.014084507042253502,0.0,0.0,0.0,0.0,0.0,0.0,0.0,0.0,0.0,0.0,0.0,carry_minus_ewma
44,switch_delay12,regime_conditional,observed,warehouse,record_transition,0.0,0.0,0.0,-0.0069223891332264795,0.3626760563380282,0.0,0.0,0.0,0.0,0.0,0.0,0.0,0.0,0.0,0.0,0.0,0.0,0.0,carry_minus_ewma
44,switch_delay12,regime_conditional,observed,warehouse,stable,-0.13751668891855806,0.0,-0.3442513368983957,-0.20914324536635465,0.05728587319243603,-0.006756756756756757,0.013513513513513542,0.0,0.0,0.0,0.0,0.0,0.0,0.0,0.0,0.0,-0.13751668891855806,0.0,carry_minus_ewma
44,switch_delay12,regime_conditional,observed,warehouse,transition,0.0,0.0,0.0,0.0,0.0,0.0,0.0,0.0,0.0,0.0,0.0,0.0,0.0,0.0,0.0,0.0,0.0,0.0,carry_minus_ewma
44,switch_delay12,regime_marginal,clean,all,all,0.0,,0.0,,0.04290123456790122,,,,,,0.0,0.14236111111111113,0.6172839506172849,0.0,0.0,,0.0,,carry_minus_ewma
44,switch_delay12,regime_marginal,clean,all,record_stable,0.0,,0.0,,0.0003561253561253641,,,,,,0.0,0.008620689655172417,0.0,0.0,0.0,,0.0,,carry_minus_ewma
44,switch_delay12,regime_marginal,clean,all,record_transition,0.0,,0.0,,0.3194444444444444,,,,,,0.0,0.6964285714285714,4.62962962962963,0.0,0.0,,0.0,,carry_minus_ewma
44,switch_delay12,regime_marginal,clean,all,stable,0.0,,0.0,,0.0495014245014245,,,,,,0.0,0.15648854961832062,0.7122507122507122,0.0,0.0,,0.0,,carry_minus_ewma
44,switch_delay12,regime_marginal,clean,all,transition,0.0,,0.0,,0.0,,,,,,0.0,0.0,0.0,0.0,0.0,,0.0,,carry_minus_ewma
44,switch_delay12,regime_marginal,clean,transit_rough,all,0.0,,0.0,,0.03981481481481482,,,,,,0.0,0.09848484848484848,1.3888888888888893,0.0,0.0,,0.0,,carry_minus_ewma
44,switch_delay12,regime_marginal,clean,transit_rough,record_stable,0.0,,0.0,,0.0005341880341880323,,,,,,0.0,0.008849557522123894,0.0,0.0,0.0,,0.0,,carry_minus_ewma
44,switch_delay12,regime_marginal,clean,transit_rough,record_transition,,,,,0.2951388888888889,,,,,,0.0,0.631578947368421,10.416666666666666,0.0,0.0,,,,carry_minus_ewma
44,switch_delay12,regime_marginal,clean,transit_rough,stable,0.0,,0.0,,0.045940170940170943,,,,,,0.0,0.09848484848484848,1.6025641025641022,0.0,0.0,,0.0,,carry_minus_ewma
44,switch_delay12,regime_marginal,clean,transit_rough,transition,0.0,,0.0,,0.0,,,,,,0.0,,0.0,0.0,0.0,,0.0,,carry_minus_ewma
44,switch_delay12,regime_marginal,clean,transit_smooth,all,0.0,,0.0,,0.05046296296296296,,,,,,0.0,0.3176470588235294,0.0,0.0,0.0,,0.0,,carry_minus_ewma
44,switch_delay12,regime_marginal,clean,transit_smooth,record_stable,0.0,,0.0,,0.0005341880341880323,,,,,,0.0,0.020408163265306124,0.0,0.0,0.0,,0.0,,carry_minus_ewma
44,switch_delay12,regime_marginal,clean,transit_smooth,record_transition,0.0,,0.0,,0.375,,,,,,0.0,0.7222222222222222,0.0,0.0,0.0,,0.0,,carry_minus_ewma
44,switch_delay12,regime_marginal,clean,transit_smooth,stable,0.0,,0.0,,0.05822649572649573,,,,,,0.0,0.38571428571428573,0.0,0.0,0.0,,0.0,,carry_minus_ewma
44,switch_delay12,regime_marginal,clean,transit_smooth,transition,0.0,,0.0,,0.0,,,,,,0.0,0.0,0.0,0.0,0.0,,0.0,,carry_minus_ewma
44,switch_delay12,regime_marginal,clean,warehouse,all,0.0,,0.0,,0.03842592592592592,,,,,,0.0,0.014084507042253502,0.4629629629629637,0.0,0.0,,0.0,,carry_minus_ewma
44,switch_delay12,regime_marginal,clean,warehouse,record_stable,0.0,,0.0,,0.0,,,,,,0.0,0.0,0.0,0.0,0.0,,0.0,,carry_minus_ewma
44,switch_delay12,regime_marginal,clean,warehouse,record_transition,,,,,0.2881944444444444,,,,,,0.0,1.0,3.4722222222222223,0.0,0.0,,,,carry_minus_ewma
44,switch_delay12,regime_marginal,clean,warehouse,stable,0.0,,0.0,,0.04433760683760684,,,,,,0.0,0.016666666666666666,0.5341880341880341,0.0,0.0,,0.0,,carry_minus_ewma
44,switch_delay12,regime_marginal,clean,warehouse,transition,0.0,,0.0,,0.0,,,,,,0.0,0.0,0.0,0.0,0.0,,0.0,,carry_minus_ewma
44,switch_delay12,regime_marginal,observed,all,all,-0.01173251441957518,0.0625,-0.02393888639241798,0.0010347873914472866,0.04247416020671835,0.04166666666666667,-0.00694444444444442,0.0,0.0625,0.03125,0.0,0.15625,0.6459948320413424,0.0,0.0,0.0625,-0.01173251441957518,0.0,carry_minus_ewma
44,switch_delay12,regime_marginal,observed,all,record_stable,-0.0030547093435713546,-0.004149377593360981,-0.0023725042944439945,-0.0007160559535960842,0.0005581395348837198,0.0,0.004149377593360981,0.0,-0.004149377593360981,-0.004149377593361009,0.0,0.012931034482758612,0.0,0.0,0.0,-0.004149377593360981,-0.0030547093435713546,0.0,carry_minus_ewma
44,switch_delay12,regime_marginal,observed,all,record_transition,0.08274607865423961,0.4042553191489362,-0.09649122807017543,0.01070800447754594,0.3182374541003672,0.2553191489361702,-0.06382978723404253,0.0,0.4042553191489362,0.2127659574468085,0.0,0.75,4.8959608323133414,0.0,0.0,0.4042553191489362,0.08274607865423961,0.0,carry_minus_ewma
44,switch_delay12,regime_marginal,observed,all,stable,-0.014139444173573879,0.07758620689655171,-0.25716613939219635,-0.06919477764301542,0.04884843982169391,0.05172413793103448,-0.008620689655172376,0.0,0.07758620689655171,0.038793103448275856,0.0,0.1717557251908397,0.7429420505200595,0.0,0.0,0.07758620689655171,-0.014139444173573879,0.0,carry_minus_ewma
44,switch_delay12,regime_marginal,observed,all,transition,0.0,0.0,0.0,0.0,0.0,0.0,0.0,0.0,0.0,0.0,0.0,0.0,0.0,0.0,0.0,0.0,0.0,0.0,carry_minus_ewma
44,switch_delay12,regime_marginal,observed,transit_rough,all,-0.004941454506391663,0.05594405594405594,-0.03131541846456187,-0.009058706547426465,0.03817550818046604,0.05944055944055944,-0.04895104895104885,0.0,0.05594405594405594,0.04195804195804195,0.0,0.09848484848484848,1.4873574615766003,0.0,0.0,0.05594405594405594,-0.004941454506391663,0.0,carry_minus_ewma
44,switch_delay12,regime_marginal,observed,transit_rough,record_stable,-0.006188933018201309,-0.009090909090909094,-0.0046224961479198745,-0.0014777416108688601,0.0,0.0,0.0,0.0,-0.009090909090909094,-0.009090909090909094,0.0,0.0,0.0,0.0,0.0,-0.009090909090909094,-0.006188933018201309,0.0,carry_minus_ewma
44,switch_delay12,regime_marginal,observed,transit_rough,record_transition,0.10784313725490195,0.2727272727272727,-0.8850574712643678,-0.2203789161132546,0.30196078431372547,0.25757575757575757,-0.21212121212121215,0.0,0.2727272727272727,0.21212121212121213,0.0,0.6842105263157895,11.764705882352942,0.0,0.0,0.2727272727272727,0.10784313725490195,0.0,carry_minus_ewma
44,switch_delay12,regime_marginal,observed,transit_rough,stable,-0.020161290322580627,0.06451612903225806,-0.3801446051167965,-0.15326618250788182,0.04405034324942792,0.06854838709677419,-0.056451612903225756,0.0,0.06451612903225806,0.04838709677419353,0.0,0.09848484848484848,1.7162471395881012,0.0,0.0,0.06451612903225806,-0.020161290322580627,0.0,carry_minus_ewma
44,switch_delay12,regime_marginal,observed,transit_rough,transition,0.0,0.0,0.0,0.0,0.0,0.0,0.0,0.0,0.0,0.0,0.0,,0.0,0.0,0.0,0.0,0.0,0.0,carry_minus_ewma
44,switch_delay12,regime_marginal,observed,transit_smooth,all,-0.029998446825977965,0.14285714285714285,-0.03925920257136298,0.0256139125780894,0.049282296650717705,0.04999999999999996,0.05714285714285716,0.0,0.14285714285714285,0.042857142857142844,0.0,0.3647058823529412,0.0,0.0,0.0,0.14285714285714285,-0.029998446825977965,0.0,carry_minus_ewma
44,switch_delay12,regime_marginal,observed,transit_smooth,record_stable,-0.0036784593746619354,0.0,-0.003311903370348729,-0.00041439378781521485,0.0016556291390728423,0.0,0.0,0.0,0.0,0.0,0.0,0.06122448979591837,0.0,0.0,0.0,0.0,-0.0036784593746619354,0.0,carry_minus_ewma
44,switch_delay12,regime_marginal,observed,transit_smooth,record_transition,0.16,1.0,0.08695652173913043,0.2676650999998279,0.3597122302158273,0.35,0.4,0.0,1.0,0.3,0.0,0.7777777777777778,0.0,0.0,0.0,1.0,0.16,0.0,carry_minus_ewma
44,switch_delay12,regime_marginal,observed,transit_smooth,stable,0.11976047904191617,0.29411764705882354,0.07518796992481203,0.08923628458869456,0.05603917301414581,0.10294117647058823,0.11764705882352944,0.0,0.29411764705882354,0.08823529411764706,0.0,0.44285714285714284,0.0,0.0,0.0,0.29411764705882354,0.11976047904191617,0.0,carry_minus_ewma
44,switch_delay12,regime_marginal,observed,transit_smooth,transition,0.0,0.0,0.0,0.0,0.0,0.0,0.0,0.0,0.0,0.0,0.0,0.0,0.0,0.0,0.0,0.0,0.0,0.0,carry_minus_ewma
44,switch_delay12,regime_marginal,observed,warehouse,all,-0.00765117994100295,0.0,-0.006947932362297002,-0.0053423829504037415,0.03980815347721822,0.0,0.013333333333333308,0.0,0.0,0.0,0.0,0.014084507042253502,0.47961630695443525,0.0,0.0,0.0,-0.00765117994100295,0.0,carry_minus_ewma
44,switch_delay12,regime_marginal,observed,warehouse,record_stable,0.0,0.0,0.0,0.00038734917908958555,0.0,0.0,0.014084507042253613,0.0,0.0,0.0,0.0,0.0,0.0,0.0,0.0,0.0,0.0,0.0,carry_minus_ewma
44,switch_delay12,regime_marginal,observed,warehouse,record_transition,0.0,0.0,,-0.016118413679754848,0.29225352112676056,0.0,0.0,0.0,0.0,0.0,0.0,1.0,3.5211267605633805,0.0,0.0,0.0,0.0,0.0,carry_minus_ewma
44,switch_delay12,regime_marginal,observed,warehouse,stable,-0.04733390362132876,0.0,-0.35698924731182796,-0.08228326703693471,0.046162402669632924,0.0,0.013513513513513487,0.0,0.0,0.0,0.0,0.016666666666666666,0.5561735261401557,0.0,0.0,0.0,-0.04733390362132876,0.0,carry_minus_ewma
44,switch_delay12,regime_marginal,observed,warehouse,transition,0.0,0.0,0.0,0.0,0.0,0.0,0.0,0.0,0.0,0.0,0.0,0.0,0.0,0.0,0.0,0.0,0.0,0.0,carry_minus_ewma
44,switch_random,regime_conditional,clean,all,all,0.0,,0.0,,0.0012345679012345685,,,,,,0.0,0.0,0.30864197530864246,0.0,0.0,,0.0,,carry_minus_ewma
44,switch_random,regime_conditional,clean,all,record_stable,0.0,,0.0,,-0.00017806267806267512,,,,,,0.0,0.0,0.0,0.0,0.0,,0.0,,carry_minus_ewma
44,switch_random,regime_conditional,clean,all,record_transition,0.0,,0.0,,0.010416666666666666,,,,,,0.0,0.0,2.314814814814815,0.0,0.0,,0.0,,carry_minus_ewma
44,switch_random,regime_conditional,clean,all,stable,0.0,,0.0,,-0.00017806267806267512,,,,,,0.0,0.0,0.0,0.0,0.0,,0.0,,carry_minus_ewma
44,switch_random,regime_conditional,clean,all,transition,0.0,,0.0,,0.010416666666666666,,,,,,0.0,0.0,2.314814814814815,0.0,0.0,,0.0,,carry_minus_ewma
44,switch_random,regime_conditional,clean,transit_rough,all,0.0,,0.0,,0.0,,,,,,0.0,0.0,0.4629629629629637,0.0,0.0,,0.0,,carry_minus_ewma
44,switch_random,regime_conditional,clean,transit_rough,record_stable,0.0,,0.0,,-0.0005341880341880323,,,,,,0.0,0.0,0.0,0.0,0.0,,0.0,,carry_minus_ewma
44,switch_random,regime_conditional,clean,transit_rough,record_transition,0.0,,0.0,,0.003472222222222222,,,,,,0.0,,3.4722222222222223,0.0,0.0,,0.0,,carry_minus_ewma
44,switch_random,regime_conditional,clean,transit_rough,stable,0.0,,0.0,,-0.0005341880341880323,,,,,,0.0,0.0,0.0,0.0,0.0,,0.0,,carry_minus_ewma
44,switch_random,regime_conditional,clean,transit_rough,transition,0.0,,0.0,,0.003472222222222222,,,,,,0.0,,3.4722222222222223,0.0,0.0,,0.0,,carry_minus_ewma
44,switch_random,regime_conditional,clean,transit_smooth,all,0.0,,0.0,,0.0,,,,,,0.0,0.0,0.0,0.0,0.0,,0.0,,carry_minus_ewma
44,switch_random,regime_conditional,clean,transit_smooth,record_stable,0.0,,0.0,,0.0,,,,,,0.0,0.0,0.0,0.0,0.0,,0.0,,carry_minus_ewma
44,switch_random,regime_conditional,clean,transit_smooth,record_transition,0.0,,0.0,,0.0,,,,,,0.0,0.0,0.0,0.0,0.0,,0.0,,carry_minus_ewma
44,switch_random,regime_conditional,clean,transit_smooth,stable,0.0,,0.0,,0.0,,,,,,0.0,0.0,0.0,0.0,0.0,,0.0,,carry_minus_ewma
44,switch_random,regime_conditional,clean,transit_smooth,transition,0.0,,0.0,,0.0,,,,,,0.0,0.0,0.0,0.0,0.0,,0.0,,carry_minus_ewma
44,switch_random,regime_conditional,clean,warehouse,all,0.0,,0.0,,0.003703703703703704,,,,,,0.0,0.0,0.4629629629629628,0.0,0.0,,0.0,,carry_minus_ewma
44,switch_random,regime_conditional,clean,warehouse,record_stable,0.0,,0.0,,0.0,,,,,,0.0,0.0,0.0,0.0,0.0,,0.0,,carry_minus_ewma
44,switch_random,regime_conditional,clean,warehouse,record_transition,0.0,,0.0,,0.02777777777777778,,,,,,0.0,0.0,3.4722222222222223,0.0,0.0,,0.0,,carry_minus_ewma
44,switch_random,regime_conditional,clean,warehouse,stable,0.0,,0.0,,0.0,,,,,,0.0,0.0,0.0,0.0,0.0,,0.0,,carry_minus_ewma
44,switch_random,regime_conditional,clean,warehouse,transition,0.0,,0.0,,0.02777777777777778,,,,,,0.0,0.0,3.4722222222222223,0.0,0.0,,0.0,,carry_minus_ewma
44,switch_random,regime_conditional,observed,all,all,-0.013568444275635805,-0.00694444444444442,-0.025142466377934825,-0.011147592508378157,0.0017764857881136936,0.0017361111111111119,-0.01388888888888895,0.0,-0.00694444444444442,-0.00694444444444442,0.0,-0.003472222222222217,0.0,0.0,0.0,-0.00694444444444442,-0.013568444275635805,0.0,carry_minus_ewma
44,switch_random,regime_conditional,observed,all,record_stable,0.0,0.0,0.0,-0.0008581846128995485,0.0,0.0,-0.008620689655172487,0.0,0.0,0.0,0.0,-0.0038167938931297704,0.0,0.0,0.0,0.0,0.0,0.0,carry_minus_ewma
44,switch_random,regime_conditional,observed,all,record_transition,-0.08288770053475936,-0.035714285714285726,-0.4166666666666667,-0.11706316878407869,0.013613861386138616,0.008928571428571428,-0.0357142857142857,0.0,-0.035714285714285726,-0.035714285714285726,0.0,0.0,0.0,0.0,0.0,-0.035714285714285726,-0.08288770053475936,0.0,carry_minus_ewma
44,switch_random,regime_conditional,observed,all,stable,0.0,0.0,0.0,-0.0008581846128995485,0.0,0.0,-0.008620689655172487,0.0,0.0,0.0,0.0,-0.0038167938931297704,0.0,0.0,0.0,0.0,0.0,0.0,carry_minus_ewma
44,switch_random,regime_conditional,observed,all,transition,-0.08288770053475936,-0.035714285714285726,-0.4166666666666667,-0.11706316878407869,0.013613861386138616,0.008928571428571428,-0.0357142857142857,0.0,-0.035714285714285726,-0.035714285714285726,0.0,0.0,0.0,0.0,0.0,-0.035714285714285726,-0.08288770053475936,0.0,carry_minus_ewma
44,switch_random,regime_conditional,observed,transit_rough,all,-0.006926406926406892,-0.006993006993006978,-0.005355276907000994,-0.0025887488972101136,0.0,0.0,0.0,0.0,-0.006993006993006978,-0.006993006993007034,0.0,0.0,0.0,0.0,0.0,-0.006993006993006978,-0.006926406926406892,0.0,carry_minus_ewma
44,switch_random,regime_conditional,observed,transit_rough,record_stable,0.0,0.0,0.0,-0.00018196182343754863,0.0,0.0,0.0,0.0,0.0,0.0,0.0,0.0,0.0,0.0,0.0,0.0,0.0,0.0,carry_minus_ewma
44,switch_random,regime_conditional,observed,transit_rough,record_transition,-0.09523809523809523,-0.05263157894736842,-0.5,-0.032061745433349886,0.0,0.0,0.0,0.0,-0.05263157894736842,-0.05263157894736842,0.0,,0.0,0.0,0.0,-0.05263157894736842,-0.09523809523809523,0.0,carry_minus_ewma
44,switch_random,regime_conditional,observed,transit_rough,stable,0.0,0.0,0.0,-0.00018196182343754863,0.0,0.0,0.0,0.0,0.0,0.0,0.0,0.0,0.0,0.0,0.0,0.0,0.0,0.0,carry_minus_ewma
44,switch_random,regime_conditional,observed,transit_rough,transition,-0.09523809523809523,-0.05263157894736842,-0.5,-0.032061745433349886,0.0,0.0,0.0,0.0,-0.05263157894736842,-0.05263157894736842,0.0,,0.0,0.0,0.0,-0.05263157894736842,-0.09523809523809523,0.0,carry_minus_ewma
44,switch_random,regime_conditional,observed,transit_smooth,all,-0.012080536912751683,-0.014285714285714263,-0.010284810126582278,-0.007124883444702718,0.0,0.0,-0.042857142857142816,0.0,-0.014285714285714263,-0.014285714285714263,0.0,-0.011764705882352941,0.0,0.0,0.0,-0.014285714285714263,-0.012080536912751683,0.0,carry_minus_ewma
44,switch_random,regime_conditional,observed,transit_smooth,record_stable,0.0,0.0,0.0,-0.0024858512139387112,0.0,0.0,-0.05882352941176472,0.0,0.0,0.0,0.0,-0.014285714285714285,0.0,0.0,0.0,0.0,0.0,0.0,carry_minus_ewma
44,switch_random,regime_conditional,observed,transit_smooth,record_transition,-0.038054968287526414,-0.027777777777777762,0.0,-0.06018381730031841,0.0,0.0,-0.02777777777777779,0.0,-0.027777777777777762,-0.027777777777777762,0.0,0.0,0.0,0.0,0.0,-0.027777777777777762,-0.038054968287526414,0.0,carry_minus_ewma
44,switch_random,regime_conditional,observed,transit_smooth,stable,0.0,0.0,0.0,-0.0024858512139387112,0.0,0.0,-0.05882352941176472,0.0,0.0,0.0,0.0,-0.014285714285714285,0.0,0.0,0.0,0.0,0.0,0.0,carry_minus_ewma
44,switch_random,regime_conditional,observed,transit_smooth,transition,-0.038054968287526414,-0.027777777777777762,0.0,-0.06018381730031841,0.0,0.0,-0.02777777777777779,0.0,-0.027777777777777762,-0.027777777777777762,0.0,0.0,0.0,0.0,0.0,-0.027777777777777762,-0.038054968287526414,0.0,carry_minus_ewma
44,switch_random,regime_conditional,observed,warehouse,all,-0.02395470383275261,0.0,-0.09290540540540543,-0.02875383551547339,0.0052757793764988,0.006666666666666668,-0.013333333333333308,0.0,0.0,0.0,0.0,0.0,0.0,0.0,0.0,0.0,-0.02395470383275261,0.0,carry_minus_ewma
44,switch_random,regime_conditional,observed,warehouse,record_stable,0.0,0.0,0.0,-0.00019410183059931363,0.0,0.0,0.0,0.0,0.0,0.0,0.0,0.0,0.0,0.0,0.0,0.0,0.0,0.0,carry_minus_ewma
44,switch_random,regime_conditional,observed,warehouse,record_transition,0.0,0.0,0.0,0.05088702147525677,0.038327526132404185,0.5,-1.0,0.0,0.0,0.0,0.0,0.0,0.0,0.0,0.0,0.0,0.0,0.0,carry_minus_ewma
44,switch_random,regime_conditional,observed,warehouse,stable,0.0,0.0,0.0,-0.00019410183059931363,0.0,0.0,0.0,0.0,0.0,0.0,0.0,0.0,0.0,0.0,0.0,0.0,0.0,0.0,carry_minus_ewma
44,switch_random,regime_conditional,observed,warehouse,transition,0.0,0.0,0.0,0.05088702147525677,0.038327526132404185,0.5,-1.0,0.0,0.0,0.0,0.0,0.0,0.0,0.0,0.0,0.0,0.0,0.0,carry_minus_ewma
44,switch_random,regime_marginal,clean,all,all,0.0,,0.0,,0.00015432098765432063,,,,,,0.0,0.0,0.15432098765432123,0.0,0.0,,0.0,,carry_minus_ewma
44,switch_random,regime_marginal,clean,all,record_stable,0.0,,0.0,,-0.00017806267806267772,,,,,,0.0,0.0,-0.17806267806267817,0.0,0.0,,0.0,,carry_minus_ewma
44,switch_random,regime_marginal,clean,all,record_transition,,,,,0.0023148148148148147,,,,,,0.0,0.0,2.314814814814815,0.0,0.0,,,,carry_minus_ewma
44,switch_random,regime_marginal,clean,all,stable,0.0,,0.0,,-0.00017806267806267772,,,,,,0.0,0.0,-0.17806267806267817,0.0,0.0,,0.0,,carry_minus_ewma
44,switch_random,regime_marginal,clean,all,transition,,,,,0.0023148148148148147,,,,,,0.0,0.0,2.314814814814815,0.0,0.0,,,,carry_minus_ewma
44,switch_random,regime_marginal,clean,transit_rough,all,0.0,,0.0,,0.00046296296296296276,,,,,,0.0,0.0,0.46296296296296324,0.0,0.0,,0.0,,carry_minus_ewma
44,switch_random,regime_marginal,clean,transit_rough,record_stable,0.0,,0.0,,0.0,,,,,,0.0,0.0,0.0,0.0,0.0,,0.0,,carry_minus_ewma
44,switch_random,regime_marginal,clean,transit_rough,record_transition,,,,,0.003472222222222222,,,,,,0.0,,3.4722222222222223,0.0,0.0,,,,carry_minus_ewma
44,switch_random,regime_marginal,clean,transit_rough,stable,0.0,,0.0,,0.0,,,,,,0.0,0.0,0.0,0.0,0.0,,0.0,,carry_minus_ewma
44,switch_random,regime_marginal,clean,transit_rough,transition,,,,,0.003472222222222222,,,,,,0.0,,3.4722222222222223,0.0,0.0,,,,carry_minus_ewma
44,switch_random,regime_marginal,clean,transit_smooth,all,0.0,,0.0,,-0.00046296296296296363,,,,,,0.0,0.0,-0.462962962962963,0.0,0.0,,0.0,,carry_minus_ewma
44,switch_random,regime_marginal,clean,transit_smooth,record_stable,0.0,,0.0,,-0.000534188034188034,,,,,,0.0,0.0,-0.5341880341880341,0.0,0.0,,0.0,,carry_minus_ewma
44,switch_random,regime_marginal,clean,transit_smooth,record_transition,,,,,0.0,,,,,,0.0,0.0,0.0,0.0,0.0,,,,carry_minus_ewma
44,switch_random,regime_marginal,clean,transit_smooth,stable,0.0,,0.0,,-0.000534188034188034,,,,,,0.0,0.0,-0.5341880341880341,0.0,0.0,,0.0,,carry_minus_ewma
44,switch_random,regime_marginal,clean,transit_smooth,transition,,,,,0.0,,,,,,0.0,0.0,0.0,0.0,0.0,,,,carry_minus_ewma
44,switch_random,regime_marginal,clean,warehouse,all,0.0,,0.0,,0.0004629629629629632,,,,,,0.0,0.0,0.462962962962963,0.0,0.0,,0.0,,carry_minus_ewma
44,switch_random,regime_marginal,clean,warehouse,record_stable,0.0,,0.0,,0.0,,,,,,0.0,0.0,0.0,0.0,0.0,,0.0,,carry_minus_ewma
44,switch_random,regime_marginal,clean,warehouse,record_transition,,,,,0.003472222222222222,,,,,,0.0,0.0,3.4722222222222223,0.0,0.0,,,,carry_minus_ewma
44,switch_random,regime_marginal,clean,warehouse,stable,0.0,,0.0,,0.0,,,,,,0.0,0.0,0.0,0.0,0.0,,0.0,,carry_minus_ewma
44,switch_random,regime_marginal,clean,warehouse,transition,,,,,0.003472222222222222,,,,,,0.0,0.0,3.4722222222222223,0.0,0.0,,,,carry_minus_ewma
44,switch_random,regime_marginal,observed,all,all,-0.0004023950553695699,0.0,-0.006009615384615363,-0.00486869906017795,0.00016149870801033563,0.0,-0.01388888888888895,0.0,0.0,0.0,0.0,0.0,0.1614987080103356,0.0,0.0,0.0,-0.0004023950553695699,0.0,carry_minus_ewma
44,switch_random,regime_marginal,observed,all,record_stable,0.0005726065048098916,0.0,0.006200396825396803,-0.00017089235269834857,-0.00018573551263001507,0.0,0.0,0.0,0.0,0.0,0.0,0.0,-0.1857355126300151,0.0,0.0,0.0,0.0005726065048098916,0.0,carry_minus_ewma
44,switch_random,regime_marginal,observed,all,record_transition,0.0,0.0,,-0.04736488803481091,0.0024752475247524753,0.0,-0.0714285714285714,0.0,0.0,0.0,0.0,0.0,2.4752475247524752,0.0,0.0,0.0,0.0,0.0,carry_minus_ewma
44,switch_random,regime_marginal,observed,all,stable,0.0005726065048098916,0.0,0.006200396825396803,-0.00017089235269834857,-0.00018573551263001507,0.0,0.0,0.0,0.0,0.0,0.0,0.0,-0.1857355126300151,0.0,0.0,0.0,0.0005726065048098916,0.0,carry_minus_ewma
44,switch_random,regime_marginal,observed,all,transition,0.0,0.0,,-0.04736488803481091,0.0024752475247524753,0.0,-0.0714285714285714,0.0,0.0,0.0,0.0,0.0,2.4752475247524752,0.0,0.0,0.0,0.0,0.0,carry_minus_ewma
44,switch_random,regime_marginal,observed,transit_rough,all,-0.0012479474548440228,0.0,-0.019153225806451624,-0.011294522022875897,0.0004957858205255333,0.0,-0.013986013986013957,0.0,0.0,0.0,0.0,0.0,0.495785820525533,0.0,0.0,0.0,-0.0012479474548440228,0.0,carry_minus_ewma
44,switch_random,regime_marginal,observed,transit_rough,record_stable,0.0,0.0,0.0,9.808592661636473e-05,0.0,0.0,0.0,0.0,0.0,0.0,0.0,0.0,0.0,0.0,0.0,0.0,0.0,0.0,carry_minus_ewma
44,switch_random,regime_marginal,observed,transit_rough,record_transition,0.0,0.0,,-0.007217869263410372,0.0037174721189591076,0.0,-0.10526315789473684,0.0,0.0,0.0,0.0,,3.717472118959108,0.0,0.0,0.0,0.0,0.0,carry_minus_ewma
44,switch_random,regime_marginal,observed,transit_rough,stable,0.0,0.0,0.0,9.808592661636473e-05,0.0,0.0,0.0,0.0,0.0,0.0,0.0,0.0,0.0,0.0,0.0,0.0,0.0,0.0,carry_minus_ewma
44,switch_random,regime_marginal,observed,transit_rough,transition,0.0,0.0,,-0.007217869263410372,0.0037174721189591076,0.0,-0.10526315789473684,0.0,0.0,0.0,0.0,,3.717472118959108,0.0,0.0,0.0,0.0,0.0,carry_minus_ewma
44,switch_random,regime_marginal,observed,transit_smooth,all,0.00046750818139316974,0.0,0.003952569169960479,-0.0027571478637032076,-0.00047846889952153117,0.0,-0.014285714285714346,0.0,0.0,0.0,0.0,0.0,-0.47846889952153115,0.0,0.0,0.0,0.00046750818139316974,0.0,carry_minus_ewma
44,switch_random,regime_marginal,observed,transit_smooth,record_stable,0.0012531328320802004,0.0,0.003952569169960479,-0.0005366371401918889,-0.0005440696409140366,0.0,0.0,0.0,0.0,0.0,0.0,0.0,-0.5440696409140369,0.0,0.0,0.0,0.0012531328320802004,0.0,carry_minus_ewma
44,switch_random,regime_marginal,observed,transit_smooth,record_transition,0.0,0.0,,-0.10881299722055637,0.0,0.0,-0.02777777777777779,0.0,0.0,0.0,0.0,0.0,0.0,0.0,0.0,0.0,0.0,0.0,carry_minus_ewma
44,switch_random,regime_marginal,observed,transit_smooth,stable,0.0012531328320802004,0.0,0.003952569169960479,-0.0005366371401918889,-0.0005440696409140366,0.0,0.0,0.0,0.0,0.0,0.0,0.0,-0.5440696409140369,0.0,0.0,0.0,0.0012531328320802004,0.0,carry_minus_ewma
44,switch_random,regime_marginal,observed,transit_smooth,transition,0.0,0.0,,-0.10881299722055637,0.0,0.0,-0.02777777777777779,0.0,0.0,0.0,0.0,0.0,0.0,0.0,0.0,0.0,0.0,0.0,carry_minus_ewma
44,switch_random,regime_marginal,observed,warehouse,all,-0.001094391244870041,0.0,-0.036363636363636376,-0.005079583569895185,0.00047961630695443624,0.0,-0.013333333333333308,0.0,0.0,0.0,0.0,0.0,0.47961630695443613,0.0,0.0,0.0,-0.001094391244870041,0.0,carry_minus_ewma
44,switch_random,regime_marginal,observed,warehouse,record_stable,0.0,0.0,0.0,-0.00019077409938117462,0.0,0.0,0.0,0.0,0.0,0.0,0.0,0.0,0.0,0.0,0.0,0.0,0.0,0.0,carry_minus_ewma
44,switch_random,regime_marginal,observed,warehouse,record_transition,0.0,0.0,,0.0037999037999037998,0.003484320557491289,0.0,-1.0,0.0,0.0,0.0,0.0,0.0,3.484320557491289,0.0,0.0,0.0,0.0,0.0,carry_minus_ewma
44,switch_random,regime_marginal,observed,warehouse,stable,0.0,0.0,0.0,-0.00019077409938117462,0.0,0.0,0.0,0.0,0.0,0.0,0.0,0.0,0.0,0.0,0.0,0.0,0.0,0.0,carry_minus_ewma
44,switch_random,regime_marginal,observed,warehouse,transition,0.0,0.0,,0.0037999037999037998,0.003484320557491289,0.0,-1.0,0.0,0.0,0.0,0.0,0.0,3.484320557491289,0.0,0.0,0.0,0.0,0.0,carry_minus_ewma
45,count1,regime_conditional,clean,all,all,0.0,,0.0,,0.0,,,,,,0.0,0.0,0.0,0.0,0.0,,0.0,,carry_minus_ewma
45,count1,regime_conditional,clean,all,record_stable,0.0,,0.0,,0.0,,,,,,0.0,0.0,0.0,0.0,0.0,,0.0,,carry_minus_ewma
45,count1,regime_conditional,clean,all,stable,0.0,,0.0,,0.0,,,,,,0.0,0.0,0.0,0.0,0.0,,0.0,,carry_minus_ewma
45,count1,regime_conditional,clean,transit_rough,all,0.0,,0.0,,0.0,,,,,,0.0,0.0,0.0,0.0,0.0,,0.0,,carry_minus_ewma
45,count1,regime_conditional,clean,transit_rough,record_stable,0.0,,0.0,,0.0,,,,,,0.0,0.0,0.0,0.0,0.0,,0.0,,carry_minus_ewma
45,count1,regime_conditional,clean,transit_rough,stable,0.0,,0.0,,0.0,,,,,,0.0,0.0,0.0,0.0,0.0,,0.0,,carry_minus_ewma
45,count1,regime_conditional,clean,transit_smooth,all,0.0,,0.0,,0.0,,,,,,0.0,0.0,0.0,0.0,0.0,,0.0,,carry_minus_ewma
45,count1,regime_conditional,clean,transit_smooth,record_stable,0.0,,0.0,,0.0,,,,,,0.0,0.0,0.0,0.0,0.0,,0.0,,carry_minus_ewma
45,count1,regime_conditional,clean,transit_smooth,stable,0.0,,0.0,,0.0,,,,,,0.0,0.0,0.0,0.0,0.0,,0.0,,carry_minus_ewma
45,count1,regime_conditional,clean,warehouse,all,0.0,,0.0,,0.0,,,,,,0.0,0.0,0.0,0.0,0.0,,0.0,,carry_minus_ewma
45,count1,regime_conditional,clean,warehouse,record_stable,0.0,,0.0,,0.0,,,,,,0.0,0.0,0.0,0.0,0.0,,0.0,,carry_minus_ewma
45,count1,regime_conditional,clean,warehouse,stable,0.0,,0.0,,0.0,,,,,,0.0,0.0,0.0,0.0,0.0,,0.0,,carry_minus_ewma
45,count1,regime_conditional,observed,all,all,0.0,0.0,0.0,0.0,0.0,0.0,0.0,0.0,0.0,0.0,0.0,0.0,0.0,0.0,0.0,0.0,0.0,0.0,carry_minus_ewma
45,count1,regime_conditional,observed,all,record_stable,0.0,0.0,0.0,0.0,0.0,0.0,0.0,0.0,0.0,0.0,0.0,0.0,0.0,0.0,0.0,0.0,0.0,0.0,carry_minus_ewma
45,count1,regime_conditional,observed,all,stable,0.0,0.0,0.0,0.0,0.0,0.0,0.0,0.0,0.0,0.0,0.0,0.0,0.0,0.0,0.0,0.0,0.0,0.0,carry_minus_ewma
45,count1,regime_conditional,observed,transit_rough,all,0.0,0.0,0.0,0.0,0.0,0.0,0.0,0.0,0.0,0.0,0.0,0.0,0.0,0.0,0.0,0.0,0.0,0.0,carry_minus_ewma
45,count1,regime_conditional,observed,transit_rough,record_stable,0.0,0.0,0.0,0.0,0.0,0.0,0.0,0.0,0.0,0.0,0.0,0.0,0.0,0.0,0.0,0.0,0.0,0.0,carry_minus_ewma
45,count1,regime_conditional,observed,transit_rough,stable,0.0,0.0,0.0,0.0,0.0,0.0,0.0,0.0,0.0,0.0,0.0,0.0,0.0,0.0,0.0,0.0,0.0,0.0,carry_minus_ewma
45,count1,regime_conditional,observed,transit_smooth,all,0.0,0.0,0.0,0.0,0.0,0.0,0.0,0.0,0.0,0.0,0.0,0.0,0.0,0.0,0.0,0.0,0.0,0.0,carry_minus_ewma
45,count1,regime_conditional,observed,transit_smooth,record_stable,0.0,0.0,0.0,0.0,0.0,0.0,0.0,0.0,0.0,0.0,0.0,0.0,0.0,0.0,0.0,0.0,0.0,0.0,carry_minus_ewma
45,count1,regime_conditional,observed,transit_smooth,stable,0.0,0.0,0.0,0.0,0.0,0.0,0.0,0.0,0.0,0.0,0.0,0.0,0.0,0.0,0.0,0.0,0.0,0.0,carry_minus_ewma
45,count1,regime_conditional,observed,warehouse,all,0.0,0.0,0.0,0.0,0.0,0.0,0.0,0.0,0.0,0.0,0.0,0.0,0.0,0.0,0.0,0.0,0.0,0.0,carry_minus_ewma
45,count1,regime_conditional,observed,warehouse,record_stable,0.0,0.0,0.0,0.0,0.0,0.0,0.0,0.0,0.0,0.0,0.0,0.0,0.0,0.0,0.0,0.0,0.0,0.0,carry_minus_ewma
45,count1,regime_conditional,observed,warehouse,stable,0.0,0.0,0.0,0.0,0.0,0.0,0.0,0.0,0.0,0.0,0.0,0.0,0.0,0.0,0.0,0.0,0.0,0.0,carry_minus_ewma
45,count1,regime_marginal,clean,all,all,0.0,,0.0,,0.0,,,,,,0.0,0.0,0.0,0.0,0.0,,0.0,,carry_minus_ewma
45,count1,regime_marginal,clean,all,record_stable,0.0,,0.0,,0.0,,,,,,0.0,0.0,0.0,0.0,0.0,,0.0,,carry_minus_ewma
45,count1,regime_marginal,clean,all,stable,0.0,,0.0,,0.0,,,,,,0.0,0.0,0.0,0.0,0.0,,0.0,,carry_minus_ewma
45,count1,regime_marginal,clean,transit_rough,all,0.0,,0.0,,0.0,,,,,,0.0,0.0,0.0,0.0,0.0,,0.0,,carry_minus_ewma
45,count1,regime_marginal,clean,transit_rough,record_stable,0.0,,0.0,,0.0,,,,,,0.0,0.0,0.0,0.0,0.0,,0.0,,carry_minus_ewma
45,count1,regime_marginal,clean,transit_rough,stable,0.0,,0.0,,0.0,,,,,,0.0,0.0,0.0,0.0,0.0,,0.0,,carry_minus_ewma
45,count1,regime_marginal,clean,transit_smooth,all,0.0,,0.0,,0.0,,,,,,0.0,0.0,0.0,0.0,0.0,,0.0,,carry_minus_ewma
45,count1,regime_marginal,clean,transit_smooth,record_stable,0.0,,0.0,,0.0,,,,,,0.0,0.0,0.0,0.0,0.0,,0.0,,carry_minus_ewma
45,count1,regime_marginal,clean,transit_smooth,stable,0.0,,0.0,,0.0,,,,,,0.0,0.0,0.0,0.0,0.0,,0.0,,carry_minus_ewma
45,count1,regime_marginal,clean,warehouse,all,0.0,,0.0,,0.0,,,,,,0.0,0.0,0.0,0.0,0.0,,0.0,,carry_minus_ewma
45,count1,regime_marginal,clean,warehouse,record_stable,0.0,,0.0,,0.0,,,,,,0.0,0.0,0.0,0.0,0.0,,0.0,,carry_minus_ewma
45,count1,regime_marginal,clean,warehouse,stable,0.0,,0.0,,0.0,,,,,,0.0,0.0,0.0,0.0,0.0,,0.0,,carry_minus_ewma
45,count1,regime_marginal,observed,all,all,0.0,0.0,0.0,0.0,0.0,0.0,0.0,0.0,0.0,0.0,0.0,0.0,0.0,0.0,0.0,0.0,0.0,0.0,carry_minus_ewma
45,count1,regime_marginal,observed,all,record_stable,0.0,0.0,0.0,0.0,0.0,0.0,0.0,0.0,0.0,0.0,0.0,0.0,0.0,0.0,0.0,0.0,0.0,0.0,carry_minus_ewma
45,count1,regime_marginal,observed,all,stable,0.0,0.0,0.0,0.0,0.0,0.0,0.0,0.0,0.0,0.0,0.0,0.0,0.0,0.0,0.0,0.0,0.0,0.0,carry_minus_ewma
45,count1,regime_marginal,observed,transit_rough,all,0.0,0.0,0.0,0.0,0.0,0.0,0.0,0.0,0.0,0.0,0.0,0.0,0.0,0.0,0.0,0.0,0.0,0.0,carry_minus_ewma
45,count1,regime_marginal,observed,transit_rough,record_stable,0.0,0.0,0.0,0.0,0.0,0.0,0.0,0.0,0.0,0.0,0.0,0.0,0.0,0.0,0.0,0.0,0.0,0.0,carry_minus_ewma
45,count1,regime_marginal,observed,transit_rough,stable,0.0,0.0,0.0,0.0,0.0,0.0,0.0,0.0,0.0,0.0,0.0,0.0,0.0,0.0,0.0,0.0,0.0,0.0,carry_minus_ewma
45,count1,regime_marginal,observed,transit_smooth,all,0.0,0.0,0.0,0.0,0.0,0.0,0.0,0.0,0.0,0.0,0.0,0.0,0.0,0.0,0.0,0.0,0.0,0.0,carry_minus_ewma
45,count1,regime_marginal,observed,transit_smooth,record_stable,0.0,0.0,0.0,0.0,0.0,0.0,0.0,0.0,0.0,0.0,0.0,0.0,0.0,0.0,0.0,0.0,0.0,0.0,carry_minus_ewma
45,count1,regime_marginal,observed,transit_smooth,stable,0.0,0.0,0.0,0.0,0.0,0.0,0.0,0.0,0.0,0.0,0.0,0.0,0.0,0.0,0.0,0.0,0.0,0.0,carry_minus_ewma
45,count1,regime_marginal,observed,warehouse,all,0.0,0.0,0.0,0.0,0.0,0.0,0.0,0.0,0.0,0.0,0.0,0.0,0.0,0.0,0.0,0.0,0.0,0.0,carry_minus_ewma
45,count1,regime_marginal,observed,warehouse,record_stable,0.0,0.0,0.0,0.0,0.0,0.0,0.0,0.0,0.0,0.0,0.0,0.0,0.0,0.0,0.0,0.0,0.0,0.0,carry_minus_ewma
45,count1,regime_marginal,observed,warehouse,stable,0.0,0.0,0.0,0.0,0.0,0.0,0.0,0.0,0.0,0.0,0.0,0.0,0.0,0.0,0.0,0.0,0.0,0.0,carry_minus_ewma
45,count3,regime_conditional,clean,all,all,0.0,,0.0,,0.0,,,,,,0.0,0.0,0.0,0.0,0.0,,0.0,,carry_minus_ewma
45,count3,regime_conditional,clean,all,record_stable,0.0,,0.0,,0.0,,,,,,0.0,0.0,0.0,0.0,0.0,,0.0,,carry_minus_ewma
45,count3,regime_conditional,clean,all,stable,0.0,,0.0,,0.0,,,,,,0.0,0.0,0.0,0.0,0.0,,0.0,,carry_minus_ewma
45,count3,regime_conditional,clean,transit_rough,all,0.0,,0.0,,0.0,,,,,,0.0,0.0,0.0,0.0,0.0,,0.0,,carry_minus_ewma
45,count3,regime_conditional,clean,transit_rough,record_stable,0.0,,0.0,,0.0,,,,,,0.0,0.0,0.0,0.0,0.0,,0.0,,carry_minus_ewma
45,count3,regime_conditional,clean,transit_rough,stable,0.0,,0.0,,0.0,,,,,,0.0,0.0,0.0,0.0,0.0,,0.0,,carry_minus_ewma
45,count3,regime_conditional,clean,transit_smooth,all,0.0,,0.0,,0.0,,,,,,0.0,0.0,0.0,0.0,0.0,,0.0,,carry_minus_ewma
45,count3,regime_conditional,clean,transit_smooth,record_stable,0.0,,0.0,,0.0,,,,,,0.0,0.0,0.0,0.0,0.0,,0.0,,carry_minus_ewma
45,count3,regime_conditional,clean,transit_smooth,stable,0.0,,0.0,,0.0,,,,,,0.0,0.0,0.0,0.0,0.0,,0.0,,carry_minus_ewma
45,count3,regime_conditional,clean,warehouse,all,0.0,,0.0,,0.0,,,,,,0.0,0.0,0.0,0.0,0.0,,0.0,,carry_minus_ewma
45,count3,regime_conditional,clean,warehouse,record_stable,0.0,,0.0,,0.0,,,,,,0.0,0.0,0.0,0.0,0.0,,0.0,,carry_minus_ewma
45,count3,regime_conditional,clean,warehouse,stable,0.0,,0.0,,0.0,,,,,,0.0,0.0,0.0,0.0,0.0,,0.0,,carry_minus_ewma
45,count3,regime_conditional,observed,all,all,0.0,0.0,0.0,0.0,0.0,0.0,0.0,0.0,0.0,0.0,0.0,0.0,0.0,0.0,0.0,0.0,0.0,0.0,carry_minus_ewma
45,count3,regime_conditional,observed,all,record_stable,0.0,0.0,0.0,0.0,0.0,0.0,0.0,0.0,0.0,0.0,0.0,0.0,0.0,0.0,0.0,0.0,0.0,0.0,carry_minus_ewma
45,count3,regime_conditional,observed,all,stable,0.0,0.0,0.0,0.0,0.0,0.0,0.0,0.0,0.0,0.0,0.0,0.0,0.0,0.0,0.0,0.0,0.0,0.0,carry_minus_ewma
45,count3,regime_conditional,observed,transit_rough,all,0.0,0.0,0.0,0.0,0.0,0.0,0.0,0.0,0.0,0.0,0.0,0.0,0.0,0.0,0.0,0.0,0.0,0.0,carry_minus_ewma
45,count3,regime_conditional,observed,transit_rough,record_stable,0.0,0.0,0.0,0.0,0.0,0.0,0.0,0.0,0.0,0.0,0.0,0.0,0.0,0.0,0.0,0.0,0.0,0.0,carry_minus_ewma
45,count3,regime_conditional,observed,transit_rough,stable,0.0,0.0,0.0,0.0,0.0,0.0,0.0,0.0,0.0,0.0,0.0,0.0,0.0,0.0,0.0,0.0,0.0,0.0,carry_minus_ewma
45,count3,regime_conditional,observed,transit_smooth,all,0.0,0.0,0.0,0.0,0.0,0.0,0.0,0.0,0.0,0.0,0.0,0.0,0.0,0.0,0.0,0.0,0.0,0.0,carry_minus_ewma
45,count3,regime_conditional,observed,transit_smooth,record_stable,0.0,0.0,0.0,0.0,0.0,0.0,0.0,0.0,0.0,0.0,0.0,0.0,0.0,0.0,0.0,0.0,0.0,0.0,carry_minus_ewma
45,count3,regime_conditional,observed,transit_smooth,stable,0.0,0.0,0.0,0.0,0.0,0.0,0.0,0.0,0.0,0.0,0.0,0.0,0.0,0.0,0.0,0.0,0.0,0.0,carry_minus_ewma
45,count3,regime_conditional,observed,warehouse,all,0.0,0.0,0.0,0.0,0.0,0.0,0.0,0.0,0.0,0.0,0.0,0.0,0.0,0.0,0.0,0.0,0.0,0.0,carry_minus_ewma
45,count3,regime_conditional,observed,warehouse,record_stable,0.0,0.0,0.0,0.0,0.0,0.0,0.0,0.0,0.0,0.0,0.0,0.0,0.0,0.0,0.0,0.0,0.0,0.0,carry_minus_ewma
45,count3,regime_conditional,observed,warehouse,stable,0.0,0.0,0.0,0.0,0.0,0.0,0.0,0.0,0.0,0.0,0.0,0.0,0.0,0.0,0.0,0.0,0.0,0.0,carry_minus_ewma
45,count3,regime_marginal,clean,all,all,0.0,,0.0,,0.0,,,,,,0.0,0.0,0.0,0.0,0.0,,0.0,,carry_minus_ewma
45,count3,regime_marginal,clean,all,record_stable,0.0,,0.0,,0.0,,,,,,0.0,0.0,0.0,0.0,0.0,,0.0,,carry_minus_ewma
45,count3,regime_marginal,clean,all,stable,0.0,,0.0,,0.0,,,,,,0.0,0.0,0.0,0.0,0.0,,0.0,,carry_minus_ewma
45,count3,regime_marginal,clean,transit_rough,all,0.0,,0.0,,0.0,,,,,,0.0,0.0,0.0,0.0,0.0,,0.0,,carry_minus_ewma
45,count3,regime_marginal,clean,transit_rough,record_stable,0.0,,0.0,,0.0,,,,,,0.0,0.0,0.0,0.0,0.0,,0.0,,carry_minus_ewma
45,count3,regime_marginal,clean,transit_rough,stable,0.0,,0.0,,0.0,,,,,,0.0,0.0,0.0,0.0,0.0,,0.0,,carry_minus_ewma
45,count3,regime_marginal,clean,transit_smooth,all,0.0,,0.0,,0.0,,,,,,0.0,0.0,0.0,0.0,0.0,,0.0,,carry_minus_ewma
45,count3,regime_marginal,clean,transit_smooth,record_stable,0.0,,0.0,,0.0,,,,,,0.0,0.0,0.0,0.0,0.0,,0.0,,carry_minus_ewma
45,count3,regime_marginal,clean,transit_smooth,stable,0.0,,0.0,,0.0,,,,,,0.0,0.0,0.0,0.0,0.0,,0.0,,carry_minus_ewma
45,count3,regime_marginal,clean,warehouse,all,0.0,,0.0,,0.0,,,,,,0.0,0.0,0.0,0.0,0.0,,0.0,,carry_minus_ewma
45,count3,regime_marginal,clean,warehouse,record_stable,0.0,,0.0,,0.0,,,,,,0.0,0.0,0.0,0.0,0.0,,0.0,,carry_minus_ewma
45,count3,regime_marginal,clean,warehouse,stable,0.0,,0.0,,0.0,,,,,,0.0,0.0,0.0,0.0,0.0,,0.0,,carry_minus_ewma
45,count3,regime_marginal,observed,all,all,0.0,0.0,0.0,0.0,0.0,0.0,0.0,0.0,0.0,0.0,0.0,0.0,0.0,0.0,0.0,0.0,0.0,0.0,carry_minus_ewma
45,count3,regime_marginal,observed,all,record_stable,0.0,0.0,0.0,0.0,0.0,0.0,0.0,0.0,0.0,0.0,0.0,0.0,0.0,0.0,0.0,0.0,0.0,0.0,carry_minus_ewma
45,count3,regime_marginal,observed,all,stable,0.0,0.0,0.0,0.0,0.0,0.0,0.0,0.0,0.0,0.0,0.0,0.0,0.0,0.0,0.0,0.0,0.0,0.0,carry_minus_ewma
45,count3,regime_marginal,observed,transit_rough,all,0.0,0.0,0.0,0.0,0.0,0.0,0.0,0.0,0.0,0.0,0.0,0.0,0.0,0.0,0.0,0.0,0.0,0.0,carry_minus_ewma
45,count3,regime_marginal,observed,transit_rough,record_stable,0.0,0.0,0.0,0.0,0.0,0.0,0.0,0.0,0.0,0.0,0.0,0.0,0.0,0.0,0.0,0.0,0.0,0.0,carry_minus_ewma
45,count3,regime_marginal,observed,transit_rough,stable,0.0,0.0,0.0,0.0,0.0,0.0,0.0,0.0,0.0,0.0,0.0,0.0,0.0,0.0,0.0,0.0,0.0,0.0,carry_minus_ewma
45,count3,regime_marginal,observed,transit_smooth,all,0.0,0.0,0.0,0.0,0.0,0.0,0.0,0.0,0.0,0.0,0.0,0.0,0.0,0.0,0.0,0.0,0.0,0.0,carry_minus_ewma
45,count3,regime_marginal,observed,transit_smooth,record_stable,0.0,0.0,0.0,0.0,0.0,0.0,0.0,0.0,0.0,0.0,0.0,0.0,0.0,0.0,0.0,0.0,0.0,0.0,carry_minus_ewma
45,count3,regime_marginal,observed,transit_smooth,stable,0.0,0.0,0.0,0.0,0.0,0.0,0.0,0.0,0.0,0.0,0.0,0.0,0.0,0.0,0.0,0.0,0.0,0.0,carry_minus_ewma
45,count3,regime_marginal,observed,warehouse,all,0.0,0.0,0.0,0.0,0.0,0.0,0.0,0.0,0.0,0.0,0.0,0.0,0.0,0.0,0.0,0.0,0.0,0.0,carry_minus_ewma
45,count3,regime_marginal,observed,warehouse,record_stable,0.0,0.0,0.0,0.0,0.0,0.0,0.0,0.0,0.0,0.0,0.0,0.0,0.0,0.0,0.0,0.0,0.0,0.0,carry_minus_ewma
45,count3,regime_marginal,observed,warehouse,stable,0.0,0.0,0.0,0.0,0.0,0.0,0.0,0.0,0.0,0.0,0.0,0.0,0.0,0.0,0.0,0.0,0.0,0.0,carry_minus_ewma
45,duration24,regime_conditional,clean,all,all,0.0,,0.0,,0.0,,,,,,0.0,0.0,0.0,0.0,0.0,,0.0,,carry_minus_ewma
45,duration24,regime_conditional,clean,all,record_stable,0.0,,0.0,,0.0,,,,,,0.0,0.0,0.0,0.0,0.0,,0.0,,carry_minus_ewma
45,duration24,regime_conditional,clean,all,stable,0.0,,0.0,,0.0,,,,,,0.0,0.0,0.0,0.0,0.0,,0.0,,carry_minus_ewma
45,duration24,regime_conditional,clean,transit_rough,all,0.0,,0.0,,0.0,,,,,,0.0,0.0,0.0,0.0,0.0,,0.0,,carry_minus_ewma
45,duration24,regime_conditional,clean,transit_rough,record_stable,0.0,,0.0,,0.0,,,,,,0.0,0.0,0.0,0.0,0.0,,0.0,,carry_minus_ewma
45,duration24,regime_conditional,clean,transit_rough,stable,0.0,,0.0,,0.0,,,,,,0.0,0.0,0.0,0.0,0.0,,0.0,,carry_minus_ewma
45,duration24,regime_conditional,clean,transit_smooth,all,0.0,,0.0,,0.0,,,,,,0.0,0.0,0.0,0.0,0.0,,0.0,,carry_minus_ewma
45,duration24,regime_conditional,clean,transit_smooth,record_stable,0.0,,0.0,,0.0,,,,,,0.0,0.0,0.0,0.0,0.0,,0.0,,carry_minus_ewma
45,duration24,regime_conditional,clean,transit_smooth,stable,0.0,,0.0,,0.0,,,,,,0.0,0.0,0.0,0.0,0.0,,0.0,,carry_minus_ewma
45,duration24,regime_conditional,clean,warehouse,all,0.0,,0.0,,0.0,,,,,,0.0,0.0,0.0,0.0,0.0,,0.0,,carry_minus_ewma
45,duration24,regime_conditional,clean,warehouse,record_stable,0.0,,0.0,,0.0,,,,,,0.0,0.0,0.0,0.0,0.0,,0.0,,carry_minus_ewma
45,duration24,regime_conditional,clean,warehouse,stable,0.0,,0.0,,0.0,,,,,,0.0,0.0,0.0,0.0,0.0,,0.0,,carry_minus_ewma
45,duration24,regime_conditional,observed,all,all,0.0,0.0,0.0,0.0,0.0,0.0,0.0,0.0,0.0,0.0,0.0,0.0,0.0,0.0,0.0,0.0,0.0,0.0,carry_minus_ewma
45,duration24,regime_conditional,observed,all,record_stable,0.0,0.0,0.0,0.0,0.0,0.0,0.0,0.0,0.0,0.0,0.0,0.0,0.0,0.0,0.0,0.0,0.0,0.0,carry_minus_ewma
45,duration24,regime_conditional,observed,all,stable,0.0,0.0,0.0,0.0,0.0,0.0,0.0,0.0,0.0,0.0,0.0,0.0,0.0,0.0,0.0,0.0,0.0,0.0,carry_minus_ewma
45,duration24,regime_conditional,observed,transit_rough,all,0.0,0.0,0.0,0.0,0.0,0.0,0.0,0.0,0.0,0.0,0.0,0.0,0.0,0.0,0.0,0.0,0.0,0.0,carry_minus_ewma
45,duration24,regime_conditional,observed,transit_rough,record_stable,0.0,0.0,0.0,0.0,0.0,0.0,0.0,0.0,0.0,0.0,0.0,0.0,0.0,0.0,0.0,0.0,0.0,0.0,carry_minus_ewma
45,duration24,regime_conditional,observed,transit_rough,stable,0.0,0.0,0.0,0.0,0.0,0.0,0.0,0.0,0.0,0.0,0.0,0.0,0.0,0.0,0.0,0.0,0.0,0.0,carry_minus_ewma
45,duration24,regime_conditional,observed,transit_smooth,all,0.0,0.0,0.0,0.0,0.0,0.0,0.0,0.0,0.0,0.0,0.0,0.0,0.0,0.0,0.0,0.0,0.0,0.0,carry_minus_ewma
45,duration24,regime_conditional,observed,transit_smooth,record_stable,0.0,0.0,0.0,0.0,0.0,0.0,0.0,0.0,0.0,0.0,0.0,0.0,0.0,0.0,0.0,0.0,0.0,0.0,carry_minus_ewma
45,duration24,regime_conditional,observed,transit_smooth,stable,0.0,0.0,0.0,0.0,0.0,0.0,0.0,0.0,0.0,0.0,0.0,0.0,0.0,0.0,0.0,0.0,0.0,0.0,carry_minus_ewma
45,duration24,regime_conditional,observed,warehouse,all,0.0,0.0,0.0,0.0,0.0,0.0,0.0,0.0,0.0,0.0,0.0,0.0,0.0,0.0,0.0,0.0,0.0,0.0,carry_minus_ewma
45,duration24,regime_conditional,observed,warehouse,record_stable,0.0,0.0,0.0,0.0,0.0,0.0,0.0,0.0,0.0,0.0,0.0,0.0,0.0,0.0,0.0,0.0,0.0,0.0,carry_minus_ewma
45,duration24,regime_conditional,observed,warehouse,stable,0.0,0.0,0.0,0.0,0.0,0.0,0.0,0.0,0.0,0.0,0.0,0.0,0.0,0.0,0.0,0.0,0.0,0.0,carry_minus_ewma
45,duration24,regime_marginal,clean,all,all,0.0,,0.0,,0.0,,,,,,0.0,0.0,0.0,0.0,0.0,,0.0,,carry_minus_ewma
45,duration24,regime_marginal,clean,all,record_stable,0.0,,0.0,,0.0,,,,,,0.0,0.0,0.0,0.0,0.0,,0.0,,carry_minus_ewma
45,duration24,regime_marginal,clean,all,stable,0.0,,0.0,,0.0,,,,,,0.0,0.0,0.0,0.0,0.0,,0.0,,carry_minus_ewma
45,duration24,regime_marginal,clean,transit_rough,all,0.0,,0.0,,0.0,,,,,,0.0,0.0,0.0,0.0,0.0,,0.0,,carry_minus_ewma
45,duration24,regime_marginal,clean,transit_rough,record_stable,0.0,,0.0,,0.0,,,,,,0.0,0.0,0.0,0.0,0.0,,0.0,,carry_minus_ewma
45,duration24,regime_marginal,clean,transit_rough,stable,0.0,,0.0,,0.0,,,,,,0.0,0.0,0.0,0.0,0.0,,0.0,,carry_minus_ewma
45,duration24,regime_marginal,clean,transit_smooth,all,0.0,,0.0,,0.0,,,,,,0.0,0.0,0.0,0.0,0.0,,0.0,,carry_minus_ewma
45,duration24,regime_marginal,clean,transit_smooth,record_stable,0.0,,0.0,,0.0,,,,,,0.0,0.0,0.0,0.0,0.0,,0.0,,carry_minus_ewma
45,duration24,regime_marginal,clean,transit_smooth,stable,0.0,,0.0,,0.0,,,,,,0.0,0.0,0.0,0.0,0.0,,0.0,,carry_minus_ewma
45,duration24,regime_marginal,clean,warehouse,all,0.0,,0.0,,0.0,,,,,,0.0,0.0,0.0,0.0,0.0,,0.0,,carry_minus_ewma
45,duration24,regime_marginal,clean,warehouse,record_stable,0.0,,0.0,,0.0,,,,,,0.0,0.0,0.0,0.0,0.0,,0.0,,carry_minus_ewma
45,duration24,regime_marginal,clean,warehouse,stable,0.0,,0.0,,0.0,,,,,,0.0,0.0,0.0,0.0,0.0,,0.0,,carry_minus_ewma
45,duration24,regime_marginal,observed,all,all,0.0,0.0,0.0,0.0,0.0,0.0,0.0,0.0,0.0,0.0,0.0,0.0,0.0,0.0,0.0,0.0,0.0,0.0,carry_minus_ewma
45,duration24,regime_marginal,observed,all,record_stable,0.0,0.0,0.0,0.0,0.0,0.0,0.0,0.0,0.0,0.0,0.0,0.0,0.0,0.0,0.0,0.0,0.0,0.0,carry_minus_ewma
45,duration24,regime_marginal,observed,all,stable,0.0,0.0,0.0,0.0,0.0,0.0,0.0,0.0,0.0,0.0,0.0,0.0,0.0,0.0,0.0,0.0,0.0,0.0,carry_minus_ewma
45,duration24,regime_marginal,observed,transit_rough,all,0.0,0.0,0.0,0.0,0.0,0.0,0.0,0.0,0.0,0.0,0.0,0.0,0.0,0.0,0.0,0.0,0.0,0.0,carry_minus_ewma
45,duration24,regime_marginal,observed,transit_rough,record_stable,0.0,0.0,0.0,0.0,0.0,0.0,0.0,0.0,0.0,0.0,0.0,0.0,0.0,0.0,0.0,0.0,0.0,0.0,carry_minus_ewma
45,duration24,regime_marginal,observed,transit_rough,stable,0.0,0.0,0.0,0.0,0.0,0.0,0.0,0.0,0.0,0.0,0.0,0.0,0.0,0.0,0.0,0.0,0.0,0.0,carry_minus_ewma
45,duration24,regime_marginal,observed,transit_smooth,all,0.0,0.0,0.0,0.0,0.0,0.0,0.0,0.0,0.0,0.0,0.0,0.0,0.0,0.0,0.0,0.0,0.0,0.0,carry_minus_ewma
45,duration24,regime_marginal,observed,transit_smooth,record_stable,0.0,0.0,0.0,0.0,0.0,0.0,0.0,0.0,0.0,0.0,0.0,0.0,0.0,0.0,0.0,0.0,0.0,0.0,carry_minus_ewma
45,duration24,regime_marginal,observed,transit_smooth,stable,0.0,0.0,0.0,0.0,0.0,0.0,0.0,0.0,0.0,0.0,0.0,0.0,0.0,0.0,0.0,0.0,0.0,0.0,carry_minus_ewma
45,duration24,regime_marginal,observed,warehouse,all,0.0,0.0,0.0,0.0,0.0,0.0,0.0,0.0,0.0,0.0,0.0,0.0,0.0,0.0,0.0,0.0,0.0,0.0,carry_minus_ewma
45,duration24,regime_marginal,observed,warehouse,record_stable,0.0,0.0,0.0,0.0,0.0,0.0,0.0,0.0,0.0,0.0,0.0,0.0,0.0,0.0,0.0,0.0,0.0,0.0,carry_minus_ewma
45,duration24,regime_marginal,observed,warehouse,stable,0.0,0.0,0.0,0.0,0.0,0.0,0.0,0.0,0.0,0.0,0.0,0.0,0.0,0.0,0.0,0.0,0.0,0.0,carry_minus_ewma
45,duration4,regime_conditional,clean,all,all,0.0,,0.0,,0.0,,,,,,0.0,0.0,0.0,0.0,0.0,,0.0,,carry_minus_ewma
45,duration4,regime_conditional,clean,all,record_stable,0.0,,0.0,,0.0,,,,,,0.0,0.0,0.0,0.0,0.0,,0.0,,carry_minus_ewma
45,duration4,regime_conditional,clean,all,stable,0.0,,0.0,,0.0,,,,,,0.0,0.0,0.0,0.0,0.0,,0.0,,carry_minus_ewma
45,duration4,regime_conditional,clean,transit_rough,all,0.0,,0.0,,0.0,,,,,,0.0,0.0,0.0,0.0,0.0,,0.0,,carry_minus_ewma
45,duration4,regime_conditional,clean,transit_rough,record_stable,0.0,,0.0,,0.0,,,,,,0.0,0.0,0.0,0.0,0.0,,0.0,,carry_minus_ewma
45,duration4,regime_conditional,clean,transit_rough,stable,0.0,,0.0,,0.0,,,,,,0.0,0.0,0.0,0.0,0.0,,0.0,,carry_minus_ewma
45,duration4,regime_conditional,clean,transit_smooth,all,0.0,,0.0,,0.0,,,,,,0.0,0.0,0.0,0.0,0.0,,0.0,,carry_minus_ewma
45,duration4,regime_conditional,clean,transit_smooth,record_stable,0.0,,0.0,,0.0,,,,,,0.0,0.0,0.0,0.0,0.0,,0.0,,carry_minus_ewma
45,duration4,regime_conditional,clean,transit_smooth,stable,0.0,,0.0,,0.0,,,,,,0.0,0.0,0.0,0.0,0.0,,0.0,,carry_minus_ewma
45,duration4,regime_conditional,clean,warehouse,all,0.0,,0.0,,0.0,,,,,,0.0,0.0,0.0,0.0,0.0,,0.0,,carry_minus_ewma
45,duration4,regime_conditional,clean,warehouse,record_stable,0.0,,0.0,,0.0,,,,,,0.0,0.0,0.0,0.0,0.0,,0.0,,carry_minus_ewma
45,duration4,regime_conditional,clean,warehouse,stable,0.0,,0.0,,0.0,,,,,,0.0,0.0,0.0,0.0,0.0,,0.0,,carry_minus_ewma
45,duration4,regime_conditional,observed,all,all,0.0,0.0,0.0,0.0,0.0,0.0,0.0,0.0,0.0,0.0,0.0,0.0,0.0,0.0,0.0,0.0,0.0,0.0,carry_minus_ewma
45,duration4,regime_conditional,observed,all,record_stable,0.0,0.0,0.0,0.0,0.0,0.0,0.0,0.0,0.0,0.0,0.0,0.0,0.0,0.0,0.0,0.0,0.0,0.0,carry_minus_ewma
45,duration4,regime_conditional,observed,all,stable,0.0,0.0,0.0,0.0,0.0,0.0,0.0,0.0,0.0,0.0,0.0,0.0,0.0,0.0,0.0,0.0,0.0,0.0,carry_minus_ewma
45,duration4,regime_conditional,observed,transit_rough,all,0.0,0.0,0.0,0.0,0.0,0.0,0.0,0.0,0.0,0.0,0.0,0.0,0.0,0.0,0.0,0.0,0.0,0.0,carry_minus_ewma
45,duration4,regime_conditional,observed,transit_rough,record_stable,0.0,0.0,0.0,0.0,0.0,0.0,0.0,0.0,0.0,0.0,0.0,0.0,0.0,0.0,0.0,0.0,0.0,0.0,carry_minus_ewma
45,duration4,regime_conditional,observed,transit_rough,stable,0.0,0.0,0.0,0.0,0.0,0.0,0.0,0.0,0.0,0.0,0.0,0.0,0.0,0.0,0.0,0.0,0.0,0.0,carry_minus_ewma
45,duration4,regime_conditional,observed,transit_smooth,all,0.0,0.0,0.0,0.0,0.0,0.0,0.0,0.0,0.0,0.0,0.0,0.0,0.0,0.0,0.0,0.0,0.0,0.0,carry_minus_ewma
45,duration4,regime_conditional,observed,transit_smooth,record_stable,0.0,0.0,0.0,0.0,0.0,0.0,0.0,0.0,0.0,0.0,0.0,0.0,0.0,0.0,0.0,0.0,0.0,0.0,carry_minus_ewma
45,duration4,regime_conditional,observed,transit_smooth,stable,0.0,0.0,0.0,0.0,0.0,0.0,0.0,0.0,0.0,0.0,0.0,0.0,0.0,0.0,0.0,0.0,0.0,0.0,carry_minus_ewma
45,duration4,regime_conditional,observed,warehouse,all,0.0,0.0,0.0,0.0,0.0,0.0,0.0,0.0,0.0,0.0,0.0,0.0,0.0,0.0,0.0,0.0,0.0,0.0,carry_minus_ewma
45,duration4,regime_conditional,observed,warehouse,record_stable,0.0,0.0,0.0,0.0,0.0,0.0,0.0,0.0,0.0,0.0,0.0,0.0,0.0,0.0,0.0,0.0,0.0,0.0,carry_minus_ewma
45,duration4,regime_conditional,observed,warehouse,stable,0.0,0.0,0.0,0.0,0.0,0.0,0.0,0.0,0.0,0.0,0.0,0.0,0.0,0.0,0.0,0.0,0.0,0.0,carry_minus_ewma
45,duration4,regime_marginal,clean,all,all,0.0,,0.0,,0.0,,,,,,0.0,0.0,0.0,0.0,0.0,,0.0,,carry_minus_ewma
45,duration4,regime_marginal,clean,all,record_stable,0.0,,0.0,,0.0,,,,,,0.0,0.0,0.0,0.0,0.0,,0.0,,carry_minus_ewma
45,duration4,regime_marginal,clean,all,stable,0.0,,0.0,,0.0,,,,,,0.0,0.0,0.0,0.0,0.0,,0.0,,carry_minus_ewma
45,duration4,regime_marginal,clean,transit_rough,all,0.0,,0.0,,0.0,,,,,,0.0,0.0,0.0,0.0,0.0,,0.0,,carry_minus_ewma
45,duration4,regime_marginal,clean,transit_rough,record_stable,0.0,,0.0,,0.0,,,,,,0.0,0.0,0.0,0.0,0.0,,0.0,,carry_minus_ewma
45,duration4,regime_marginal,clean,transit_rough,stable,0.0,,0.0,,0.0,,,,,,0.0,0.0,0.0,0.0,0.0,,0.0,,carry_minus_ewma
45,duration4,regime_marginal,clean,transit_smooth,all,0.0,,0.0,,0.0,,,,,,0.0,0.0,0.0,0.0,0.0,,0.0,,carry_minus_ewma
45,duration4,regime_marginal,clean,transit_smooth,record_stable,0.0,,0.0,,0.0,,,,,,0.0,0.0,0.0,0.0,0.0,,0.0,,carry_minus_ewma
45,duration4,regime_marginal,clean,transit_smooth,stable,0.0,,0.0,,0.0,,,,,,0.0,0.0,0.0,0.0,0.0,,0.0,,carry_minus_ewma
45,duration4,regime_marginal,clean,warehouse,all,0.0,,0.0,,0.0,,,,,,0.0,0.0,0.0,0.0,0.0,,0.0,,carry_minus_ewma
45,duration4,regime_marginal,clean,warehouse,record_stable,0.0,,0.0,,0.0,,,,,,0.0,0.0,0.0,0.0,0.0,,0.0,,carry_minus_ewma
45,duration4,regime_marginal,clean,warehouse,stable,0.0,,0.0,,0.0,,,,,,0.0,0.0,0.0,0.0,0.0,,0.0,,carry_minus_ewma
45,duration4,regime_marginal,observed,all,all,0.0,0.0,0.0,0.0,0.0,0.0,0.0,0.0,0.0,0.0,0.0,0.0,0.0,0.0,0.0,0.0,0.0,0.0,carry_minus_ewma
45,duration4,regime_marginal,observed,all,record_stable,0.0,0.0,0.0,0.0,0.0,0.0,0.0,0.0,0.0,0.0,0.0,0.0,0.0,0.0,0.0,0.0,0.0,0.0,carry_minus_ewma
45,duration4,regime_marginal,observed,all,stable,0.0,0.0,0.0,0.0,0.0,0.0,0.0,0.0,0.0,0.0,0.0,0.0,0.0,0.0,0.0,0.0,0.0,0.0,carry_minus_ewma
45,duration4,regime_marginal,observed,transit_rough,all,0.0,0.0,0.0,0.0,0.0,0.0,0.0,0.0,0.0,0.0,0.0,0.0,0.0,0.0,0.0,0.0,0.0,0.0,carry_minus_ewma
45,duration4,regime_marginal,observed,transit_rough,record_stable,0.0,0.0,0.0,0.0,0.0,0.0,0.0,0.0,0.0,0.0,0.0,0.0,0.0,0.0,0.0,0.0,0.0,0.0,carry_minus_ewma
45,duration4,regime_marginal,observed,transit_rough,stable,0.0,0.0,0.0,0.0,0.0,0.0,0.0,0.0,0.0,0.0,0.0,0.0,0.0,0.0,0.0,0.0,0.0,0.0,carry_minus_ewma
45,duration4,regime_marginal,observed,transit_smooth,all,0.0,0.0,0.0,0.0,0.0,0.0,0.0,0.0,0.0,0.0,0.0,0.0,0.0,0.0,0.0,0.0,0.0,0.0,carry_minus_ewma
45,duration4,regime_marginal,observed,transit_smooth,record_stable,0.0,0.0,0.0,0.0,0.0,0.0,0.0,0.0,0.0,0.0,0.0,0.0,0.0,0.0,0.0,0.0,0.0,0.0,carry_minus_ewma
45,duration4,regime_marginal,observed,transit_smooth,stable,0.0,0.0,0.0,0.0,0.0,0.0,0.0,0.0,0.0,0.0,0.0,0.0,0.0,0.0,0.0,0.0,0.0,0.0,carry_minus_ewma
45,duration4,regime_marginal,observed,warehouse,all,0.0,0.0,0.0,0.0,0.0,0.0,0.0,0.0,0.0,0.0,0.0,0.0,0.0,0.0,0.0,0.0,0.0,0.0,carry_minus_ewma
45,duration4,regime_marginal,observed,warehouse,record_stable,0.0,0.0,0.0,0.0,0.0,0.0,0.0,0.0,0.0,0.0,0.0,0.0,0.0,0.0,0.0,0.0,0.0,0.0,carry_minus_ewma
45,duration4,regime_marginal,observed,warehouse,stable,0.0,0.0,0.0,0.0,0.0,0.0,0.0,0.0,0.0,0.0,0.0,0.0,0.0,0.0,0.0,0.0,0.0,0.0,carry_minus_ewma
45,magnitude2,regime_conditional,clean,all,all,0.0,,0.0,,0.0,,,,,,0.0,0.0,0.0,0.0,0.0,,0.0,,carry_minus_ewma
45,magnitude2,regime_conditional,clean,all,record_stable,0.0,,0.0,,0.0,,,,,,0.0,0.0,0.0,0.0,0.0,,0.0,,carry_minus_ewma
45,magnitude2,regime_conditional,clean,all,stable,0.0,,0.0,,0.0,,,,,,0.0,0.0,0.0,0.0,0.0,,0.0,,carry_minus_ewma
45,magnitude2,regime_conditional,clean,transit_rough,all,0.0,,0.0,,0.0,,,,,,0.0,0.0,0.0,0.0,0.0,,0.0,,carry_minus_ewma
45,magnitude2,regime_conditional,clean,transit_rough,record_stable,0.0,,0.0,,0.0,,,,,,0.0,0.0,0.0,0.0,0.0,,0.0,,carry_minus_ewma
45,magnitude2,regime_conditional,clean,transit_rough,stable,0.0,,0.0,,0.0,,,,,,0.0,0.0,0.0,0.0,0.0,,0.0,,carry_minus_ewma
45,magnitude2,regime_conditional,clean,transit_smooth,all,0.0,,0.0,,0.0,,,,,,0.0,0.0,0.0,0.0,0.0,,0.0,,carry_minus_ewma
45,magnitude2,regime_conditional,clean,transit_smooth,record_stable,0.0,,0.0,,0.0,,,,,,0.0,0.0,0.0,0.0,0.0,,0.0,,carry_minus_ewma
45,magnitude2,regime_conditional,clean,transit_smooth,stable,0.0,,0.0,,0.0,,,,,,0.0,0.0,0.0,0.0,0.0,,0.0,,carry_minus_ewma
45,magnitude2,regime_conditional,clean,warehouse,all,0.0,,0.0,,0.0,,,,,,0.0,0.0,0.0,0.0,0.0,,0.0,,carry_minus_ewma
45,magnitude2,regime_conditional,clean,warehouse,record_stable,0.0,,0.0,,0.0,,,,,,0.0,0.0,0.0,0.0,0.0,,0.0,,carry_minus_ewma
45,magnitude2,regime_conditional,clean,warehouse,stable,0.0,,0.0,,0.0,,,,,,0.0,0.0,0.0,0.0,0.0,,0.0,,carry_minus_ewma
45,magnitude2,regime_conditional,observed,all,all,0.0,0.0,0.0,0.0,0.0,0.0,0.0,0.0,0.0,0.0,0.0,0.0,0.0,0.0,0.0,0.0,0.0,0.0,carry_minus_ewma
45,magnitude2,regime_conditional,observed,all,record_stable,0.0,0.0,0.0,0.0,0.0,0.0,0.0,0.0,0.0,0.0,0.0,0.0,0.0,0.0,0.0,0.0,0.0,0.0,carry_minus_ewma
45,magnitude2,regime_conditional,observed,all,stable,0.0,0.0,0.0,0.0,0.0,0.0,0.0,0.0,0.0,0.0,0.0,0.0,0.0,0.0,0.0,0.0,0.0,0.0,carry_minus_ewma
45,magnitude2,regime_conditional,observed,transit_rough,all,0.0,0.0,0.0,0.0,0.0,0.0,0.0,0.0,0.0,0.0,0.0,0.0,0.0,0.0,0.0,0.0,0.0,0.0,carry_minus_ewma
45,magnitude2,regime_conditional,observed,transit_rough,record_stable,0.0,0.0,0.0,0.0,0.0,0.0,0.0,0.0,0.0,0.0,0.0,0.0,0.0,0.0,0.0,0.0,0.0,0.0,carry_minus_ewma
45,magnitude2,regime_conditional,observed,transit_rough,stable,0.0,0.0,0.0,0.0,0.0,0.0,0.0,0.0,0.0,0.0,0.0,0.0,0.0,0.0,0.0,0.0,0.0,0.0,carry_minus_ewma
45,magnitude2,regime_conditional,observed,transit_smooth,all,0.0,0.0,0.0,0.0,0.0,0.0,0.0,0.0,0.0,0.0,0.0,0.0,0.0,0.0,0.0,0.0,0.0,0.0,carry_minus_ewma
45,magnitude2,regime_conditional,observed,transit_smooth,record_stable,0.0,0.0,0.0,0.0,0.0,0.0,0.0,0.0,0.0,0.0,0.0,0.0,0.0,0.0,0.0,0.0,0.0,0.0,carry_minus_ewma
45,magnitude2,regime_conditional,observed,transit_smooth,stable,0.0,0.0,0.0,0.0,0.0,0.0,0.0,0.0,0.0,0.0,0.0,0.0,0.0,0.0,0.0,0.0,0.0,0.0,carry_minus_ewma
45,magnitude2,regime_conditional,observed,warehouse,all,0.0,0.0,0.0,0.0,0.0,0.0,0.0,0.0,0.0,0.0,0.0,0.0,0.0,0.0,0.0,0.0,0.0,0.0,carry_minus_ewma
45,magnitude2,regime_conditional,observed,warehouse,record_stable,0.0,0.0,0.0,0.0,0.0,0.0,0.0,0.0,0.0,0.0,0.0,0.0,0.0,0.0,0.0,0.0,0.0,0.0,carry_minus_ewma
45,magnitude2,regime_conditional,observed,warehouse,stable,0.0,0.0,0.0,0.0,0.0,0.0,0.0,0.0,0.0,0.0,0.0,0.0,0.0,0.0,0.0,0.0,0.0,0.0,carry_minus_ewma
45,magnitude2,regime_marginal,clean,all,all,0.0,,0.0,,0.0,,,,,,0.0,0.0,0.0,0.0,0.0,,0.0,,carry_minus_ewma
45,magnitude2,regime_marginal,clean,all,record_stable,0.0,,0.0,,0.0,,,,,,0.0,0.0,0.0,0.0,0.0,,0.0,,carry_minus_ewma
45,magnitude2,regime_marginal,clean,all,stable,0.0,,0.0,,0.0,,,,,,0.0,0.0,0.0,0.0,0.0,,0.0,,carry_minus_ewma
45,magnitude2,regime_marginal,clean,transit_rough,all,0.0,,0.0,,0.0,,,,,,0.0,0.0,0.0,0.0,0.0,,0.0,,carry_minus_ewma
45,magnitude2,regime_marginal,clean,transit_rough,record_stable,0.0,,0.0,,0.0,,,,,,0.0,0.0,0.0,0.0,0.0,,0.0,,carry_minus_ewma
45,magnitude2,regime_marginal,clean,transit_rough,stable,0.0,,0.0,,0.0,,,,,,0.0,0.0,0.0,0.0,0.0,,0.0,,carry_minus_ewma
45,magnitude2,regime_marginal,clean,transit_smooth,all,0.0,,0.0,,0.0,,,,,,0.0,0.0,0.0,0.0,0.0,,0.0,,carry_minus_ewma
45,magnitude2,regime_marginal,clean,transit_smooth,record_stable,0.0,,0.0,,0.0,,,,,,0.0,0.0,0.0,0.0,0.0,,0.0,,carry_minus_ewma
45,magnitude2,regime_marginal,clean,transit_smooth,stable,0.0,,0.0,,0.0,,,,,,0.0,0.0,0.0,0.0,0.0,,0.0,,carry_minus_ewma
45,magnitude2,regime_marginal,clean,warehouse,all,0.0,,0.0,,0.0,,,,,,0.0,0.0,0.0,0.0,0.0,,0.0,,carry_minus_ewma
45,magnitude2,regime_marginal,clean,warehouse,record_stable,0.0,,0.0,,0.0,,,,,,0.0,0.0,0.0,0.0,0.0,,0.0,,carry_minus_ewma
45,magnitude2,regime_marginal,clean,warehouse,stable,0.0,,0.0,,0.0,,,,,,0.0,0.0,0.0,0.0,0.0,,0.0,,carry_minus_ewma
45,magnitude2,regime_marginal,observed,all,all,0.0,0.0,0.0,0.0,0.0,0.0,0.0,0.0,0.0,0.0,0.0,0.0,0.0,0.0,0.0,0.0,0.0,0.0,carry_minus_ewma
45,magnitude2,regime_marginal,observed,all,record_stable,0.0,0.0,0.0,0.0,0.0,0.0,0.0,0.0,0.0,0.0,0.0,0.0,0.0,0.0,0.0,0.0,0.0,0.0,carry_minus_ewma
45,magnitude2,regime_marginal,observed,all,stable,0.0,0.0,0.0,0.0,0.0,0.0,0.0,0.0,0.0,0.0,0.0,0.0,0.0,0.0,0.0,0.0,0.0,0.0,carry_minus_ewma
45,magnitude2,regime_marginal,observed,transit_rough,all,0.0,0.0,0.0,0.0,0.0,0.0,0.0,0.0,0.0,0.0,0.0,0.0,0.0,0.0,0.0,0.0,0.0,0.0,carry_minus_ewma
45,magnitude2,regime_marginal,observed,transit_rough,record_stable,0.0,0.0,0.0,0.0,0.0,0.0,0.0,0.0,0.0,0.0,0.0,0.0,0.0,0.0,0.0,0.0,0.0,0.0,carry_minus_ewma
45,magnitude2,regime_marginal,observed,transit_rough,stable,0.0,0.0,0.0,0.0,0.0,0.0,0.0,0.0,0.0,0.0,0.0,0.0,0.0,0.0,0.0,0.0,0.0,0.0,carry_minus_ewma
45,magnitude2,regime_marginal,observed,transit_smooth,all,0.0,0.0,0.0,0.0,0.0,0.0,0.0,0.0,0.0,0.0,0.0,0.0,0.0,0.0,0.0,0.0,0.0,0.0,carry_minus_ewma
45,magnitude2,regime_marginal,observed,transit_smooth,record_stable,0.0,0.0,0.0,0.0,0.0,0.0,0.0,0.0,0.0,0.0,0.0,0.0,0.0,0.0,0.0,0.0,0.0,0.0,carry_minus_ewma
45,magnitude2,regime_marginal,observed,transit_smooth,stable,0.0,0.0,0.0,0.0,0.0,0.0,0.0,0.0,0.0,0.0,0.0,0.0,0.0,0.0,0.0,0.0,0.0,0.0,carry_minus_ewma
45,magnitude2,regime_marginal,observed,warehouse,all,0.0,0.0,0.0,0.0,0.0,0.0,0.0,0.0,0.0,0.0,0.0,0.0,0.0,0.0,0.0,0.0,0.0,0.0,carry_minus_ewma
45,magnitude2,regime_marginal,observed,warehouse,record_stable,0.0,0.0,0.0,0.0,0.0,0.0,0.0,0.0,0.0,0.0,0.0,0.0,0.0,0.0,0.0,0.0,0.0,0.0,carry_minus_ewma
45,magnitude2,regime_marginal,observed,warehouse,stable,0.0,0.0,0.0,0.0,0.0,0.0,0.0,0.0,0.0,0.0,0.0,0.0,0.0,0.0,0.0,0.0,0.0,0.0,carry_minus_ewma
45,magnitude4,regime_conditional,clean,all,all,0.0,,0.0,,0.0,,,,,,0.0,0.0,0.0,0.0,0.0,,0.0,,carry_minus_ewma
45,magnitude4,regime_conditional,clean,all,record_stable,0.0,,0.0,,0.0,,,,,,0.0,0.0,0.0,0.0,0.0,,0.0,,carry_minus_ewma
45,magnitude4,regime_conditional,clean,all,stable,0.0,,0.0,,0.0,,,,,,0.0,0.0,0.0,0.0,0.0,,0.0,,carry_minus_ewma
45,magnitude4,regime_conditional,clean,transit_rough,all,0.0,,0.0,,0.0,,,,,,0.0,0.0,0.0,0.0,0.0,,0.0,,carry_minus_ewma
45,magnitude4,regime_conditional,clean,transit_rough,record_stable,0.0,,0.0,,0.0,,,,,,0.0,0.0,0.0,0.0,0.0,,0.0,,carry_minus_ewma
45,magnitude4,regime_conditional,clean,transit_rough,stable,0.0,,0.0,,0.0,,,,,,0.0,0.0,0.0,0.0,0.0,,0.0,,carry_minus_ewma
45,magnitude4,regime_conditional,clean,transit_smooth,all,0.0,,0.0,,0.0,,,,,,0.0,0.0,0.0,0.0,0.0,,0.0,,carry_minus_ewma
45,magnitude4,regime_conditional,clean,transit_smooth,record_stable,0.0,,0.0,,0.0,,,,,,0.0,0.0,0.0,0.0,0.0,,0.0,,carry_minus_ewma
45,magnitude4,regime_conditional,clean,transit_smooth,stable,0.0,,0.0,,0.0,,,,,,0.0,0.0,0.0,0.0,0.0,,0.0,,carry_minus_ewma
45,magnitude4,regime_conditional,clean,warehouse,all,0.0,,0.0,,0.0,,,,,,0.0,0.0,0.0,0.0,0.0,,0.0,,carry_minus_ewma
45,magnitude4,regime_conditional,clean,warehouse,record_stable,0.0,,0.0,,0.0,,,,,,0.0,0.0,0.0,0.0,0.0,,0.0,,carry_minus_ewma
45,magnitude4,regime_conditional,clean,warehouse,stable,0.0,,0.0,,0.0,,,,,,0.0,0.0,0.0,0.0,0.0,,0.0,,carry_minus_ewma
45,magnitude4,regime_conditional,observed,all,all,0.0,0.0,0.0,0.0,0.0,0.0,0.0,0.0,0.0,0.0,0.0,0.0,0.0,0.0,0.0,0.0,0.0,0.0,carry_minus_ewma
45,magnitude4,regime_conditional,observed,all,record_stable,0.0,0.0,0.0,0.0,0.0,0.0,0.0,0.0,0.0,0.0,0.0,0.0,0.0,0.0,0.0,0.0,0.0,0.0,carry_minus_ewma
45,magnitude4,regime_conditional,observed,all,stable,0.0,0.0,0.0,0.0,0.0,0.0,0.0,0.0,0.0,0.0,0.0,0.0,0.0,0.0,0.0,0.0,0.0,0.0,carry_minus_ewma
45,magnitude4,regime_conditional,observed,transit_rough,all,0.0,0.0,0.0,0.0,0.0,0.0,0.0,0.0,0.0,0.0,0.0,0.0,0.0,0.0,0.0,0.0,0.0,0.0,carry_minus_ewma
45,magnitude4,regime_conditional,observed,transit_rough,record_stable,0.0,0.0,0.0,0.0,0.0,0.0,0.0,0.0,0.0,0.0,0.0,0.0,0.0,0.0,0.0,0.0,0.0,0.0,carry_minus_ewma
45,magnitude4,regime_conditional,observed,transit_rough,stable,0.0,0.0,0.0,0.0,0.0,0.0,0.0,0.0,0.0,0.0,0.0,0.0,0.0,0.0,0.0,0.0,0.0,0.0,carry_minus_ewma
45,magnitude4,regime_conditional,observed,transit_smooth,all,0.0,0.0,0.0,0.0,0.0,0.0,0.0,0.0,0.0,0.0,0.0,0.0,0.0,0.0,0.0,0.0,0.0,0.0,carry_minus_ewma
45,magnitude4,regime_conditional,observed,transit_smooth,record_stable,0.0,0.0,0.0,0.0,0.0,0.0,0.0,0.0,0.0,0.0,0.0,0.0,0.0,0.0,0.0,0.0,0.0,0.0,carry_minus_ewma
45,magnitude4,regime_conditional,observed,transit_smooth,stable,0.0,0.0,0.0,0.0,0.0,0.0,0.0,0.0,0.0,0.0,0.0,0.0,0.0,0.0,0.0,0.0,0.0,0.0,carry_minus_ewma
45,magnitude4,regime_conditional,observed,warehouse,all,0.0,0.0,0.0,0.0,0.0,0.0,0.0,0.0,0.0,0.0,0.0,0.0,0.0,0.0,0.0,0.0,0.0,0.0,carry_minus_ewma
45,magnitude4,regime_conditional,observed,warehouse,record_stable,0.0,0.0,0.0,0.0,0.0,0.0,0.0,0.0,0.0,0.0,0.0,0.0,0.0,0.0,0.0,0.0,0.0,0.0,carry_minus_ewma
45,magnitude4,regime_conditional,observed,warehouse,stable,0.0,0.0,0.0,0.0,0.0,0.0,0.0,0.0,0.0,0.0,0.0,0.0,0.0,0.0,0.0,0.0,0.0,0.0,carry_minus_ewma
45,magnitude4,regime_marginal,clean,all,all,0.0,,0.0,,0.0,,,,,,0.0,0.0,0.0,0.0,0.0,,0.0,,carry_minus_ewma
45,magnitude4,regime_marginal,clean,all,record_stable,0.0,,0.0,,0.0,,,,,,0.0,0.0,0.0,0.0,0.0,,0.0,,carry_minus_ewma
45,magnitude4,regime_marginal,clean,all,stable,0.0,,0.0,,0.0,,,,,,0.0,0.0,0.0,0.0,0.0,,0.0,,carry_minus_ewma
45,magnitude4,regime_marginal,clean,transit_rough,all,0.0,,0.0,,0.0,,,,,,0.0,0.0,0.0,0.0,0.0,,0.0,,carry_minus_ewma
45,magnitude4,regime_marginal,clean,transit_rough,record_stable,0.0,,0.0,,0.0,,,,,,0.0,0.0,0.0,0.0,0.0,,0.0,,carry_minus_ewma
45,magnitude4,regime_marginal,clean,transit_rough,stable,0.0,,0.0,,0.0,,,,,,0.0,0.0,0.0,0.0,0.0,,0.0,,carry_minus_ewma
45,magnitude4,regime_marginal,clean,transit_smooth,all,0.0,,0.0,,0.0,,,,,,0.0,0.0,0.0,0.0,0.0,,0.0,,carry_minus_ewma
45,magnitude4,regime_marginal,clean,transit_smooth,record_stable,0.0,,0.0,,0.0,,,,,,0.0,0.0,0.0,0.0,0.0,,0.0,,carry_minus_ewma
45,magnitude4,regime_marginal,clean,transit_smooth,stable,0.0,,0.0,,0.0,,,,,,0.0,0.0,0.0,0.0,0.0,,0.0,,carry_minus_ewma
45,magnitude4,regime_marginal,clean,warehouse,all,0.0,,0.0,,0.0,,,,,,0.0,0.0,0.0,0.0,0.0,,0.0,,carry_minus_ewma
45,magnitude4,regime_marginal,clean,warehouse,record_stable,0.0,,0.0,,0.0,,,,,,0.0,0.0,0.0,0.0,0.0,,0.0,,carry_minus_ewma
45,magnitude4,regime_marginal,clean,warehouse,stable,0.0,,0.0,,0.0,,,,,,0.0,0.0,0.0,0.0,0.0,,0.0,,carry_minus_ewma
45,magnitude4,regime_marginal,observed,all,all,0.0,0.0,0.0,0.0,0.0,0.0,0.0,0.0,0.0,0.0,0.0,0.0,0.0,0.0,0.0,0.0,0.0,0.0,carry_minus_ewma
45,magnitude4,regime_marginal,observed,all,record_stable,0.0,0.0,0.0,0.0,0.0,0.0,0.0,0.0,0.0,0.0,0.0,0.0,0.0,0.0,0.0,0.0,0.0,0.0,carry_minus_ewma
45,magnitude4,regime_marginal,observed,all,stable,0.0,0.0,0.0,0.0,0.0,0.0,0.0,0.0,0.0,0.0,0.0,0.0,0.0,0.0,0.0,0.0,0.0,0.0,carry_minus_ewma
45,magnitude4,regime_marginal,observed,transit_rough,all,0.0,0.0,0.0,0.0,0.0,0.0,0.0,0.0,0.0,0.0,0.0,0.0,0.0,0.0,0.0,0.0,0.0,0.0,carry_minus_ewma
45,magnitude4,regime_marginal,observed,transit_rough,record_stable,0.0,0.0,0.0,0.0,0.0,0.0,0.0,0.0,0.0,0.0,0.0,0.0,0.0,0.0,0.0,0.0,0.0,0.0,carry_minus_ewma
45,magnitude4,regime_marginal,observed,transit_rough,stable,0.0,0.0,0.0,0.0,0.0,0.0,0.0,0.0,0.0,0.0,0.0,0.0,0.0,0.0,0.0,0.0,0.0,0.0,carry_minus_ewma
45,magnitude4,regime_marginal,observed,transit_smooth,all,0.0,0.0,0.0,0.0,0.0,0.0,0.0,0.0,0.0,0.0,0.0,0.0,0.0,0.0,0.0,0.0,0.0,0.0,carry_minus_ewma
45,magnitude4,regime_marginal,observed,transit_smooth,record_stable,0.0,0.0,0.0,0.0,0.0,0.0,0.0,0.0,0.0,0.0,0.0,0.0,0.0,0.0,0.0,0.0,0.0,0.0,carry_minus_ewma
45,magnitude4,regime_marginal,observed,transit_smooth,stable,0.0,0.0,0.0,0.0,0.0,0.0,0.0,0.0,0.0,0.0,0.0,0.0,0.0,0.0,0.0,0.0,0.0,0.0,carry_minus_ewma
45,magnitude4,regime_marginal,observed,warehouse,all,0.0,0.0,0.0,0.0,0.0,0.0,0.0,0.0,0.0,0.0,0.0,0.0,0.0,0.0,0.0,0.0,0.0,0.0,carry_minus_ewma
45,magnitude4,regime_marginal,observed,warehouse,record_stable,0.0,0.0,0.0,0.0,0.0,0.0,0.0,0.0,0.0,0.0,0.0,0.0,0.0,0.0,0.0,0.0,0.0,0.0,carry_minus_ewma
45,magnitude4,regime_marginal,observed,warehouse,stable,0.0,0.0,0.0,0.0,0.0,0.0,0.0,0.0,0.0,0.0,0.0,0.0,0.0,0.0,0.0,0.0,0.0,0.0,carry_minus_ewma
45,steady_d12_n2_m1,regime_conditional,clean,all,all,0.0,,0.0,,0.0,,,,,,0.0,0.0,0.0,0.0,0.0,,0.0,,carry_minus_ewma
45,steady_d12_n2_m1,regime_conditional,clean,all,record_stable,0.0,,0.0,,0.0,,,,,,0.0,0.0,0.0,0.0,0.0,,0.0,,carry_minus_ewma
45,steady_d12_n2_m1,regime_conditional,clean,all,stable,0.0,,0.0,,0.0,,,,,,0.0,0.0,0.0,0.0,0.0,,0.0,,carry_minus_ewma
45,steady_d12_n2_m1,regime_conditional,clean,transit_rough,all,0.0,,0.0,,0.0,,,,,,0.0,0.0,0.0,0.0,0.0,,0.0,,carry_minus_ewma
45,steady_d12_n2_m1,regime_conditional,clean,transit_rough,record_stable,0.0,,0.0,,0.0,,,,,,0.0,0.0,0.0,0.0,0.0,,0.0,,carry_minus_ewma
45,steady_d12_n2_m1,regime_conditional,clean,transit_rough,stable,0.0,,0.0,,0.0,,,,,,0.0,0.0,0.0,0.0,0.0,,0.0,,carry_minus_ewma
45,steady_d12_n2_m1,regime_conditional,clean,transit_smooth,all,0.0,,0.0,,0.0,,,,,,0.0,0.0,0.0,0.0,0.0,,0.0,,carry_minus_ewma
45,steady_d12_n2_m1,regime_conditional,clean,transit_smooth,record_stable,0.0,,0.0,,0.0,,,,,,0.0,0.0,0.0,0.0,0.0,,0.0,,carry_minus_ewma
45,steady_d12_n2_m1,regime_conditional,clean,transit_smooth,stable,0.0,,0.0,,0.0,,,,,,0.0,0.0,0.0,0.0,0.0,,0.0,,carry_minus_ewma
45,steady_d12_n2_m1,regime_conditional,clean,warehouse,all,0.0,,0.0,,0.0,,,,,,0.0,0.0,0.0,0.0,0.0,,0.0,,carry_minus_ewma
45,steady_d12_n2_m1,regime_conditional,clean,warehouse,record_stable,0.0,,0.0,,0.0,,,,,,0.0,0.0,0.0,0.0,0.0,,0.0,,carry_minus_ewma
45,steady_d12_n2_m1,regime_conditional,clean,warehouse,stable,0.0,,0.0,,0.0,,,,,,0.0,0.0,0.0,0.0,0.0,,0.0,,carry_minus_ewma
45,steady_d12_n2_m1,regime_conditional,observed,all,all,0.0,0.0,0.0,0.0,0.0,0.0,0.0,0.0,0.0,0.0,0.0,0.0,0.0,0.0,0.0,0.0,0.0,0.0,carry_minus_ewma
45,steady_d12_n2_m1,regime_conditional,observed,all,record_stable,0.0,0.0,0.0,0.0,0.0,0.0,0.0,0.0,0.0,0.0,0.0,0.0,0.0,0.0,0.0,0.0,0.0,0.0,carry_minus_ewma
45,steady_d12_n2_m1,regime_conditional,observed,all,stable,0.0,0.0,0.0,0.0,0.0,0.0,0.0,0.0,0.0,0.0,0.0,0.0,0.0,0.0,0.0,0.0,0.0,0.0,carry_minus_ewma
45,steady_d12_n2_m1,regime_conditional,observed,transit_rough,all,0.0,0.0,0.0,0.0,0.0,0.0,0.0,0.0,0.0,0.0,0.0,0.0,0.0,0.0,0.0,0.0,0.0,0.0,carry_minus_ewma
45,steady_d12_n2_m1,regime_conditional,observed,transit_rough,record_stable,0.0,0.0,0.0,0.0,0.0,0.0,0.0,0.0,0.0,0.0,0.0,0.0,0.0,0.0,0.0,0.0,0.0,0.0,carry_minus_ewma
45,steady_d12_n2_m1,regime_conditional,observed,transit_rough,stable,0.0,0.0,0.0,0.0,0.0,0.0,0.0,0.0,0.0,0.0,0.0,0.0,0.0,0.0,0.0,0.0,0.0,0.0,carry_minus_ewma
45,steady_d12_n2_m1,regime_conditional,observed,transit_smooth,all,0.0,0.0,0.0,0.0,0.0,0.0,0.0,0.0,0.0,0.0,0.0,0.0,0.0,0.0,0.0,0.0,0.0,0.0,carry_minus_ewma
45,steady_d12_n2_m1,regime_conditional,observed,transit_smooth,record_stable,0.0,0.0,0.0,0.0,0.0,0.0,0.0,0.0,0.0,0.0,0.0,0.0,0.0,0.0,0.0,0.0,0.0,0.0,carry_minus_ewma
45,steady_d12_n2_m1,regime_conditional,observed,transit_smooth,stable,0.0,0.0,0.0,0.0,0.0,0.0,0.0,0.0,0.0,0.0,0.0,0.0,0.0,0.0,0.0,0.0,0.0,0.0,carry_minus_ewma
45,steady_d12_n2_m1,regime_conditional,observed,warehouse,all,0.0,0.0,0.0,0.0,0.0,0.0,0.0,0.0,0.0,0.0,0.0,0.0,0.0,0.0,0.0,0.0,0.0,0.0,carry_minus_ewma
45,steady_d12_n2_m1,regime_conditional,observed,warehouse,record_stable,0.0,0.0,0.0,0.0,0.0,0.0,0.0,0.0,0.0,0.0,0.0,0.0,0.0,0.0,0.0,0.0,0.0,0.0,carry_minus_ewma
45,steady_d12_n2_m1,regime_conditional,observed,warehouse,stable,0.0,0.0,0.0,0.0,0.0,0.0,0.0,0.0,0.0,0.0,0.0,0.0,0.0,0.0,0.0,0.0,0.0,0.0,carry_minus_ewma
45,steady_d12_n2_m1,regime_marginal,clean,all,all,0.0,,0.0,,0.0,,,,,,0.0,0.0,0.0,0.0,0.0,,0.0,,carry_minus_ewma
45,steady_d12_n2_m1,regime_marginal,clean,all,record_stable,0.0,,0.0,,0.0,,,,,,0.0,0.0,0.0,0.0,0.0,,0.0,,carry_minus_ewma
45,steady_d12_n2_m1,regime_marginal,clean,all,stable,0.0,,0.0,,0.0,,,,,,0.0,0.0,0.0,0.0,0.0,,0.0,,carry_minus_ewma
45,steady_d12_n2_m1,regime_marginal,clean,transit_rough,all,0.0,,0.0,,0.0,,,,,,0.0,0.0,0.0,0.0,0.0,,0.0,,carry_minus_ewma
45,steady_d12_n2_m1,regime_marginal,clean,transit_rough,record_stable,0.0,,0.0,,0.0,,,,,,0.0,0.0,0.0,0.0,0.0,,0.0,,carry_minus_ewma
45,steady_d12_n2_m1,regime_marginal,clean,transit_rough,stable,0.0,,0.0,,0.0,,,,,,0.0,0.0,0.0,0.0,0.0,,0.0,,carry_minus_ewma
45,steady_d12_n2_m1,regime_marginal,clean,transit_smooth,all,0.0,,0.0,,0.0,,,,,,0.0,0.0,0.0,0.0,0.0,,0.0,,carry_minus_ewma
45,steady_d12_n2_m1,regime_marginal,clean,transit_smooth,record_stable,0.0,,0.0,,0.0,,,,,,0.0,0.0,0.0,0.0,0.0,,0.0,,carry_minus_ewma
45,steady_d12_n2_m1,regime_marginal,clean,transit_smooth,stable,0.0,,0.0,,0.0,,,,,,0.0,0.0,0.0,0.0,0.0,,0.0,,carry_minus_ewma
45,steady_d12_n2_m1,regime_marginal,clean,warehouse,all,0.0,,0.0,,0.0,,,,,,0.0,0.0,0.0,0.0,0.0,,0.0,,carry_minus_ewma
45,steady_d12_n2_m1,regime_marginal,clean,warehouse,record_stable,0.0,,0.0,,0.0,,,,,,0.0,0.0,0.0,0.0,0.0,,0.0,,carry_minus_ewma
45,steady_d12_n2_m1,regime_marginal,clean,warehouse,stable,0.0,,0.0,,0.0,,,,,,0.0,0.0,0.0,0.0,0.0,,0.0,,carry_minus_ewma
45,steady_d12_n2_m1,regime_marginal,observed,all,all,0.0,0.0,0.0,0.0,0.0,0.0,0.0,0.0,0.0,0.0,0.0,0.0,0.0,0.0,0.0,0.0,0.0,0.0,carry_minus_ewma
45,steady_d12_n2_m1,regime_marginal,observed,all,record_stable,0.0,0.0,0.0,0.0,0.0,0.0,0.0,0.0,0.0,0.0,0.0,0.0,0.0,0.0,0.0,0.0,0.0,0.0,carry_minus_ewma
45,steady_d12_n2_m1,regime_marginal,observed,all,stable,0.0,0.0,0.0,0.0,0.0,0.0,0.0,0.0,0.0,0.0,0.0,0.0,0.0,0.0,0.0,0.0,0.0,0.0,carry_minus_ewma
45,steady_d12_n2_m1,regime_marginal,observed,transit_rough,all,0.0,0.0,0.0,0.0,0.0,0.0,0.0,0.0,0.0,0.0,0.0,0.0,0.0,0.0,0.0,0.0,0.0,0.0,carry_minus_ewma
45,steady_d12_n2_m1,regime_marginal,observed,transit_rough,record_stable,0.0,0.0,0.0,0.0,0.0,0.0,0.0,0.0,0.0,0.0,0.0,0.0,0.0,0.0,0.0,0.0,0.0,0.0,carry_minus_ewma
45,steady_d12_n2_m1,regime_marginal,observed,transit_rough,stable,0.0,0.0,0.0,0.0,0.0,0.0,0.0,0.0,0.0,0.0,0.0,0.0,0.0,0.0,0.0,0.0,0.0,0.0,carry_minus_ewma
45,steady_d12_n2_m1,regime_marginal,observed,transit_smooth,all,0.0,0.0,0.0,0.0,0.0,0.0,0.0,0.0,0.0,0.0,0.0,0.0,0.0,0.0,0.0,0.0,0.0,0.0,carry_minus_ewma
45,steady_d12_n2_m1,regime_marginal,observed,transit_smooth,record_stable,0.0,0.0,0.0,0.0,0.0,0.0,0.0,0.0,0.0,0.0,0.0,0.0,0.0,0.0,0.0,0.0,0.0,0.0,carry_minus_ewma
45,steady_d12_n2_m1,regime_marginal,observed,transit_smooth,stable,0.0,0.0,0.0,0.0,0.0,0.0,0.0,0.0,0.0,0.0,0.0,0.0,0.0,0.0,0.0,0.0,0.0,0.0,carry_minus_ewma
45,steady_d12_n2_m1,regime_marginal,observed,warehouse,all,0.0,0.0,0.0,0.0,0.0,0.0,0.0,0.0,0.0,0.0,0.0,0.0,0.0,0.0,0.0,0.0,0.0,0.0,carry_minus_ewma
45,steady_d12_n2_m1,regime_marginal,observed,warehouse,record_stable,0.0,0.0,0.0,0.0,0.0,0.0,0.0,0.0,0.0,0.0,0.0,0.0,0.0,0.0,0.0,0.0,0.0,0.0,carry_minus_ewma
45,steady_d12_n2_m1,regime_marginal,observed,warehouse,stable,0.0,0.0,0.0,0.0,0.0,0.0,0.0,0.0,0.0,0.0,0.0,0.0,0.0,0.0,0.0,0.0,0.0,0.0,carry_minus_ewma
45,switch_after6,regime_conditional,clean,all,all,0.0,,0.0,,0.00046296296296296363,,,,,,0.0,0.0,0.30864197530864157,0.0,0.0,,0.0,,carry_minus_ewma
45,switch_after6,regime_conditional,clean,all,record_stable,0.0,,0.0,,0.0,,,,,,0.0,0.0,0.0,0.0,0.0,,0.0,,carry_minus_ewma
45,switch_after6,regime_conditional,clean,all,record_transition,0.0,,0.0,,0.003472222222222222,,,,,,0.0,,2.314814814814815,0.0,0.0,,0.0,,carry_minus_ewma
45,switch_after6,regime_conditional,clean,all,stable,0.0,,0.0,,0.0,,,,,,0.0,0.0,0.0,0.0,0.0,,0.0,,carry_minus_ewma
45,switch_after6,regime_conditional,clean,all,transition,0.0,,0.0,,0.003472222222222222,,,,,,0.0,,2.314814814814815,0.0,0.0,,0.0,,carry_minus_ewma
45,switch_after6,regime_conditional,clean,transit_rough,all,0.0,,0.0,,0.0,,,,,,0.0,0.0,0.0,0.0,0.0,,0.0,,carry_minus_ewma
45,switch_after6,regime_conditional,clean,transit_rough,record_stable,0.0,,0.0,,0.0,,,,,,0.0,0.0,0.0,0.0,0.0,,0.0,,carry_minus_ewma
45,switch_after6,regime_conditional,clean,transit_rough,record_transition,,,,,0.0,,,,,,0.0,,0.0,0.0,0.0,,,,carry_minus_ewma
45,switch_after6,regime_conditional,clean,transit_rough,stable,0.0,,0.0,,0.0,,,,,,0.0,0.0,0.0,0.0,0.0,,0.0,,carry_minus_ewma
45,switch_after6,regime_conditional,clean,transit_rough,transition,,,,,0.0,,,,,,0.0,,0.0,0.0,0.0,,,,carry_minus_ewma
45,switch_after6,regime_conditional,clean,transit_smooth,all,0.0,,0.0,,0.0,,,,,,0.0,0.0,0.0,0.0,0.0,,0.0,,carry_minus_ewma
45,switch_after6,regime_conditional,clean,transit_smooth,record_stable,0.0,,0.0,,0.0,,,,,,0.0,0.0,0.0,0.0,0.0,,0.0,,carry_minus_ewma
45,switch_after6,regime_conditional,clean,transit_smooth,record_transition,0.0,,0.0,,0.0,,,,,,0.0,,0.0,0.0,0.0,,0.0,,carry_minus_ewma
45,switch_after6,regime_conditional,clean,transit_smooth,stable,0.0,,0.0,,0.0,,,,,,0.0,0.0,0.0,0.0,0.0,,0.0,,carry_minus_ewma
45,switch_after6,regime_conditional,clean,transit_smooth,transition,0.0,,0.0,,0.0,,,,,,0.0,,0.0,0.0,0.0,,0.0,,carry_minus_ewma
45,switch_after6,regime_conditional,clean,warehouse,all,0.0,,0.0,,0.0013888888888888892,,,,,,0.0,0.0,0.9259259259259265,0.0,0.0,,0.0,,carry_minus_ewma
45,switch_after6,regime_conditional,clean,warehouse,record_stable,0.0,,0.0,,0.0,,,,,,0.0,0.0,0.0,0.0,0.0,,0.0,,carry_minus_ewma
45,switch_after6,regime_conditional,clean,warehouse,record_transition,0.0,,0.0,,0.010416666666666668,,,,,,0.0,,6.944444444444445,0.0,0.0,,0.0,,carry_minus_ewma
45,switch_after6,regime_conditional,clean,warehouse,stable,0.0,,0.0,,0.0,,,,,,0.0,0.0,0.0,0.0,0.0,,0.0,,carry_minus_ewma
45,switch_after6,regime_conditional,clean,warehouse,transition,0.0,,0.0,,0.010416666666666668,,,,,,0.0,,6.944444444444445,0.0,0.0,,0.0,,carry_minus_ewma
45,switch_after6,regime_conditional,observed,all,all,0.0011204567779960484,0.00347222222222221,-0.002868455074337528,0.0034335615635722183,0.0003229974160206747,0.0,0.01388888888888884,0.0,0.00347222222222221,0.00347222222222221,0.0,0.0,0.3229974160206721,0.0,0.0,0.00347222222222221,0.0011204567779960484,0.0,carry_minus_ewma
45,switch_after6,regime_conditional,observed,all,record_stable,0.0,0.0,0.0,0.003972992646110618,0.0,0.0,0.0,0.0,0.0,0.0,0.0,0.0,0.0,0.0,0.0,0.0,0.0,0.0,carry_minus_ewma
45,switch_after6,regime_conditional,observed,all,record_transition,0.005115089514066529,0.0069444444444444475,-0.032558139534883734,-0.04661562096174787,0.0027777777777777766,0.0,0.02777777777777779,0.0,0.0069444444444444475,0.0069444444444444475,0.0,,2.777777777777777,0.0,0.0,0.0069444444444444475,0.005115089514066529,0.0,carry_minus_ewma
45,switch_after6,regime_conditional,observed,all,stable,0.0,0.0,0.0,0.003972992646110618,0.0,0.0,0.0,0.0,0.0,0.0,0.0,0.0,0.0,0.0,0.0,0.0,0.0,0.0,carry_minus_ewma
45,switch_after6,regime_conditional,observed,all,transition,0.005115089514066529,0.0069444444444444475,-0.032558139534883734,-0.04661562096174787,0.0027777777777777766,0.0,0.02777777777777779,0.0,0.0069444444444444475,0.0069444444444444475,0.0,,2.777777777777777,0.0,0.0,0.0069444444444444475,0.005115089514066529,0.0,carry_minus_ewma
45,switch_after6,regime_conditional,observed,transit_rough,all,0.016605616605616547,0.010416666666666685,0.02436323366555926,0.010343467503416748,-0.0014534883720930224,-0.015625,0.04166666666666674,0.0,0.010416666666666685,0.010416666666666685,0.0,0.0,-0.4844961240310077,0.0,0.0,0.010416666666666685,0.016605616605616547,0.0,carry_minus_ewma
45,switch_after6,regime_conditional,observed,transit_rough,record_stable,0.0,0.0,0.0,0.0020324078483408003,0.0,0.0,0.0,0.0,0.0,0.0,0.0,0.0,0.0,0.0,0.0,0.0,0.0,0.0,carry_minus_ewma
45,switch_after6,regime_conditional,observed,transit_rough,record_transition,0.04362801377726755,0.020833333333333315,0.1455108359133127,0.0008375375874337676,-0.012499999999999999,-0.03125,0.08333333333333337,0.0,0.020833333333333315,0.02083333333333337,0.0,,-4.166666666666666,0.0,0.0,0.020833333333333315,0.04362801377726755,0.0,carry_minus_ewma
45,switch_after6,regime_conditional,observed,transit_rough,stable,0.0,0.0,0.0,0.0020324078483408003,0.0,0.0,0.0,0.0,0.0,0.0,0.0,0.0,0.0,0.0,0.0,0.0,0.0,0.0,carry_minus_ewma
45,switch_after6,regime_conditional,observed,transit_rough,transition,0.04362801377726755,0.020833333333333315,0.1455108359133127,0.0008375375874337676,-0.012499999999999999,-0.03125,0.08333333333333337,0.0,0.020833333333333315,0.02083333333333337,0.0,,-4.166666666666666,0.0,0.0,0.020833333333333315,0.04362801377726755,0.0,carry_minus_ewma
45,switch_after6,regime_conditional,observed,transit_smooth,all,-0.015188633023027975,-0.010416666666666685,-0.024590163934426257,0.009059180552205504,0.0009689922480620155,0.010416666666666664,0.02083333333333337,0.0,-0.010416666666666685,-0.010416666666666685,0.0,0.0,0.4844961240310077,0.0,0.0,-0.010416666666666685,-0.015188633023027975,0.0,carry_minus_ewma
45,switch_after6,regime_conditional,observed,transit_smooth,record_stable,0.0,0.0,0.0,0.004716333806646211,0.0,0.0,0.0,0.0,0.0,0.0,0.0,0.0,0.0,0.0,0.0,0.0,0.0,0.0,carry_minus_ewma
45,switch_after6,regime_conditional,observed,transit_smooth,record_transition,-0.0393224440411373,-0.020833333333333315,-0.18888888888888888,-0.016957313015658948,0.008333333333333335,0.020833333333333336,0.04166666666666663,0.0,-0.020833333333333315,-0.020833333333333343,0.0,,4.166666666666667,0.0,0.0,-0.020833333333333315,-0.0393224440411373,0.0,carry_minus_ewma
45,switch_after6,regime_conditional,observed,transit_smooth,stable,0.0,0.0,0.0,0.004716333806646211,0.0,0.0,0.0,0.0,0.0,0.0,0.0,0.0,0.0,0.0,0.0,0.0,0.0,0.0,carry_minus_ewma
45,switch_after6,regime_conditional,observed,transit_smooth,transition,-0.0393224440411373,-0.020833333333333315,-0.18888888888888888,-0.016957313015658948,0.008333333333333335,0.020833333333333336,0.04166666666666663,0.0,-0.020833333333333315,-0.020833333333333343,0.0,,4.166666666666667,0.0,0.0,-0.020833333333333315,-0.0393224440411373,0.0,carry_minus_ewma
45,switch_after6,regime_conditional,observed,warehouse,all,-0.0008688387635755745,0.01041666666666663,-0.01839662447257384,-0.013181135496618479,0.0014534883720930224,0.005208333333333333,-0.02083333333333326,0.0,0.01041666666666663,0.01041666666666663,0.0,0.0,0.9689922480620154,0.0,0.0,0.01041666666666663,-0.0008688387635755745,0.0,carry_minus_ewma
45,switch_after6,regime_conditional,observed,warehouse,record_stable,0.0,0.0,0.0,0.007420678704535777,0.0,0.0,0.0,0.0,0.0,0.0,0.0,0.0,0.0,0.0,0.0,0.0,0.0,0.0,carry_minus_ewma
45,switch_after6,regime_conditional,observed,warehouse,record_transition,0.010416666666666685,0.020833333333333315,-0.14583333333333337,-0.11172174354387532,0.012499999999999999,0.010416666666666666,-0.04166666666666663,0.0,0.020833333333333315,0.020833333333333315,0.0,,8.333333333333332,0.0,0.0,0.020833333333333315,0.010416666666666685,0.0,carry_minus_ewma
45,switch_after6,regime_conditional,observed,warehouse,stable,0.0,0.0,0.0,0.007420678704535777,0.0,0.0,0.0,0.0,0.0,0.0,0.0,0.0,0.0,0.0,0.0,0.0,0.0,0.0,carry_minus_ewma
45,switch_after6,regime_conditional,observed,warehouse,transition,0.010416666666666685,0.020833333333333315,-0.14583333333333337,-0.11172174354387532,0.012499999999999999,0.010416666666666666,-0.04166666666666663,0.0,0.020833333333333315,0.020833333333333315,0.0,,8.333333333333332,0.0,0.0,0.020833333333333315,0.010416666666666685,0.0,carry_minus_ewma
45,switch_after6,regime_marginal,clean,all,all,0.0,,0.0,,0.0020061728395061734,,,,,,0.0,0.0,0.15432098765432123,0.0,0.0,,0.0,,carry_minus_ewma
45,switch_after6,regime_marginal,clean,all,record_stable,0.0,,0.0,,-0.0005341880341880358,,,,,,0.0,0.0,0.35612535612535634,0.0,0.0,,0.0,,carry_minus_ewma
45,switch_after6,regime_marginal,clean,all,record_transition,0.0,,0.0,,0.018518518518518517,,,,,,0.0,,-1.1574074074074074,0.0,0.0,,0.0,,carry_minus_ewma
45,switch_after6,regime_marginal,clean,all,stable,0.0,,0.0,,-0.0005341880341880358,,,,,,0.0,0.0,0.35612535612535634,0.0,0.0,,0.0,,carry_minus_ewma
45,switch_after6,regime_marginal,clean,all,transition,0.0,,0.0,,0.018518518518518517,,,,,,0.0,,-1.1574074074074074,0.0,0.0,,0.0,,carry_minus_ewma
45,switch_after6,regime_marginal,clean,transit_rough,all,0.0,,0.0,,-0.0018518518518518545,,,,,,0.0,0.0,0.4629629629629637,0.0,0.0,,0.0,,carry_minus_ewma
45,switch_after6,regime_marginal,clean,transit_rough,record_stable,0.0,,0.0,,-0.0016025641025641003,,,,,,0.0,0.0,1.0683760683760681,0.0,0.0,,0.0,,carry_minus_ewma
45,switch_after6,regime_marginal,clean,transit_rough,record_transition,,,,,-0.003472222222222222,,,,,,0.0,,-3.4722222222222223,0.0,0.0,,,,carry_minus_ewma
45,switch_after6,regime_marginal,clean,transit_rough,stable,0.0,,0.0,,-0.0016025641025641003,,,,,,0.0,0.0,1.0683760683760681,0.0,0.0,,0.0,,carry_minus_ewma
45,switch_after6,regime_marginal,clean,transit_rough,transition,,,,,-0.003472222222222222,,,,,,0.0,,-3.4722222222222223,0.0,0.0,,,,carry_minus_ewma
45,switch_after6,regime_marginal,clean,transit_smooth,all,0.0,,0.0,,0.0,,,,,,0.0,0.0,0.0,0.0,0.0,,0.0,,carry_minus_ewma
45,switch_after6,regime_marginal,clean,transit_smooth,record_stable,0.0,,0.0,,0.0,,,,,,0.0,0.0,0.0,0.0,0.0,,0.0,,carry_minus_ewma
45,switch_after6,regime_marginal,clean,transit_smooth,record_transition,,,,,0.0,,,,,,0.0,,0.0,0.0,0.0,,,,carry_minus_ewma
45,switch_after6,regime_marginal,clean,transit_smooth,stable,0.0,,0.0,,0.0,,,,,,0.0,0.0,0.0,0.0,0.0,,0.0,,carry_minus_ewma
45,switch_after6,regime_marginal,clean,transit_smooth,transition,,,,,0.0,,,,,,0.0,,0.0,0.0,0.0,,,,carry_minus_ewma
45,switch_after6,regime_marginal,clean,warehouse,all,0.0,,0.0,,0.007870370370370371,,,,,,0.0,0.0,0.0,0.0,0.0,,0.0,,carry_minus_ewma
45,switch_after6,regime_marginal,clean,warehouse,record_stable,0.0,,0.0,,0.0,,,,,,0.0,0.0,0.0,0.0,0.0,,0.0,,carry_minus_ewma
45,switch_after6,regime_marginal,clean,warehouse,record_transition,0.0,,0.0,,0.059027777777777776,,,,,,0.0,,0.0,0.0,0.0,,0.0,,carry_minus_ewma
45,switch_after6,regime_marginal,clean,warehouse,stable,0.0,,0.0,,0.0,,,,,,0.0,0.0,0.0,0.0,0.0,,0.0,,carry_minus_ewma
45,switch_after6,regime_marginal,clean,warehouse,transition,0.0,,0.0,,0.059027777777777776,,,,,,0.0,,0.0,0.0,0.0,,0.0,,carry_minus_ewma
45,switch_after6,regime_marginal,observed,all,all,0.007374631268436571,0.010416666666666657,-0.002845528455284546,-0.001956448389979215,0.002099483204134365,0.0034722222222222203,0.01736111111111116,0.0,0.010416666666666657,-0.0034722222222222238,0.0,0.0,0.1614987080103356,0.0,0.0,0.010416666666666657,0.007374631268436571,0.0,carry_minus_ewma
45,switch_after6,regime_marginal,observed,all,record_stable,0.00826641473783657,0.0069444444444444475,0.009533506108848566,0.004176631061345082,-0.0005482456140350894,-0.006944444444444446,0.006944444444444531,0.0,0.0069444444444444475,0.0069444444444444475,0.0,0.0,0.36549707602339154,0.0,0.0,0.0069444444444444475,0.00826641473783657,0.0,carry_minus_ewma
45,switch_after6,regime_marginal,observed,all,record_transition,0.01362359550561798,0.013888888888888888,-0.17279411764705882,-0.0838388351177276,0.022222222222222223,0.013888888888888892,0.02777777777777779,0.0,0.013888888888888888,-0.013888888888888892,0.0,,-1.3888888888888893,0.0,0.0,0.013888888888888888,0.01362359550561798,0.0,carry_minus_ewma
45,switch_after6,regime_marginal,observed,all,stable,0.00826641473783657,0.0069444444444444475,0.009533506108848566,0.004176631061345082,-0.0005482456140350894,-0.006944444444444446,0.006944444444444531,0.0,0.0069444444444444475,0.0069444444444444475,0.0,0.0,0.36549707602339154,0.0,0.0,0.0069444444444444475,0.00826641473783657,0.0,carry_minus_ewma
45,switch_after6,regime_marginal,observed,all,transition,0.01362359550561798,0.013888888888888888,-0.17279411764705882,-0.0838388351177276,0.022222222222222223,0.013888888888888892,0.02777777777777779,0.0,0.013888888888888888,-0.013888888888888892,0.0,,-1.3888888888888893,0.0,0.0,0.013888888888888888,0.01362359550561798,0.0,carry_minus_ewma
45,switch_after6,regime_marginal,observed,transit_rough,all,0.015960374243258135,0.010416666666666657,0.026550868486352353,0.010088640768933094,-0.001937984496124031,-0.015625,0.03125,0.0,0.010416666666666657,0.010416666666666657,0.0,0.0,0.4844961240310077,0.0,0.0,0.010416666666666657,0.015960374243258135,0.0,carry_minus_ewma
45,switch_after6,regime_marginal,observed,transit_rough,record_stable,0.022558922558922556,0.020833333333333315,0.023118279569892486,0.007202603126953672,-0.0016447368421052613,-0.020833333333333336,0.0,0.0,0.020833333333333315,0.020833333333333315,0.0,0.0,1.0964912280701746,0.0,0.0,0.020833333333333315,0.022558922558922556,0.0,carry_minus_ewma
45,switch_after6,regime_marginal,observed,transit_rough,record_transition,0.001568627450980395,0.0,0.33333333333333337,-0.020487521579611312,-0.004166666666666667,-0.010416666666666666,0.062499999999999944,0.0,0.0,0.0,0.0,,-4.166666666666667,0.0,0.0,0.0,0.001568627450980395,0.0,carry_minus_ewma
45,switch_after6,regime_marginal,observed,transit_rough,stable,0.022558922558922556,0.020833333333333315,0.023118279569892486,0.007202603126953672,-0.0016447368421052613,-0.020833333333333336,0.0,0.0,0.020833333333333315,0.020833333333333315,0.0,0.0,1.0964912280701746,0.0,0.0,0.020833333333333315,0.022558922558922556,0.0,carry_minus_ewma
45,switch_after6,regime_marginal,observed,transit_rough,transition,0.001568627450980395,0.0,0.33333333333333337,-0.020487521579611312,-0.004166666666666667,-0.010416666666666666,0.062499999999999944,0.0,0.0,0.0,0.0,,-4.166666666666667,0.0,0.0,0.0,0.001568627450980395,0.0,carry_minus_ewma
45,switch_after6,regime_marginal,observed,transit_smooth,all,0.0,0.0,0.0,0.004819017718903085,0.0,0.0,0.01041666666666663,0.0,0.0,0.0,0.0,0.0,0.0,0.0,0.0,0.0,0.0,0.0,carry_minus_ewma
45,switch_after6,regime_marginal,observed,transit_smooth,record_stable,0.0,0.0,0.0,0.002313174222609571,0.0,0.0,0.0,0.0,0.0,0.0,0.0,0.0,0.0,0.0,0.0,0.0,0.0,0.0,carry_minus_ewma
45,switch_after6,regime_marginal,observed,transit_smooth,record_transition,0.0,0.0,0.0,0.008732038244790075,0.0,0.0,0.02083333333333326,0.0,0.0,0.0,0.0,,0.0,0.0,0.0,0.0,0.0,0.0,carry_minus_ewma
45,switch_after6,regime_marginal,observed,transit_smooth,stable,0.0,0.0,0.0,0.002313174222609571,0.0,0.0,0.0,0.0,0.0,0.0,0.0,0.0,0.0,0.0,0.0,0.0,0.0,0.0,carry_minus_ewma
45,switch_after6,regime_marginal,observed,transit_smooth,transition,0.0,0.0,0.0,0.008732038244790075,0.0,0.0,0.02083333333333326,0.0,0.0,0.0,0.0,,0.0,0.0,0.0,0.0,0.0,0.0,carry_minus_ewma
45,switch_after6,regime_marginal,observed,warehouse,all,-0.0016959932160271474,0.020833333333333343,-0.04181184668989546,-0.02810262064053165,0.008236434108527133,0.026041666666666668,0.01041666666666663,0.0,0.020833333333333343,-0.020833333333333315,0.0,0.0,0.0,0.0,0.0,0.020833333333333343,-0.0016959932160271474,0.0,carry_minus_ewma
45,switch_after6,regime_marginal,observed,warehouse,record_stable,0.0,0.0,0.0,0.004020252055641632,0.0,0.0,0.02083333333333326,0.0,0.0,0.0,0.0,0.0,0.0,0.0,0.0,0.0,0.0,0.0,carry_minus_ewma
45,switch_after6,regime_marginal,observed,warehouse,record_transition,0.018565400843881863,0.04166666666666667,-0.13978494623655913,-0.09635547698876828,0.07083333333333333,0.052083333333333336,0.0,0.0,0.04166666666666667,-0.041666666666666664,0.0,,0.0,0.0,0.0,0.04166666666666667,0.018565400843881863,0.0,carry_minus_ewma
45,switch_after6,regime_marginal,observed,warehouse,stable,0.0,0.0,0.0,0.004020252055641632,0.0,0.0,0.02083333333333326,0.0,0.0,0.0,0.0,0.0,0.0,0.0,0.0,0.0,0.0,0.0,carry_minus_ewma
45,switch_after6,regime_marginal,observed,warehouse,transition,0.018565400843881863,0.04166666666666667,-0.13978494623655913,-0.09635547698876828,0.07083333333333333,0.052083333333333336,0.0,0.0,0.04166666666666667,-0.041666666666666664,0.0,,0.0,0.0,0.0,0.04166666666666667,0.018565400843881863,0.0,carry_minus_ewma
45,switch_at,regime_conditional,clean,all,all,0.0,,0.0,,0.00046296296296296363,,,,,,0.0,0.0,0.30864197530864157,0.0,0.0,,0.0,,carry_minus_ewma
45,switch_at,regime_conditional,clean,all,record_stable,0.0,,0.0,,0.0,,,,,,0.0,0.0,0.0,0.0,0.0,,0.0,,carry_minus_ewma
45,switch_at,regime_conditional,clean,all,record_transition,0.0,,0.0,,0.003472222222222222,,,,,,0.0,,2.314814814814815,0.0,0.0,,0.0,,carry_minus_ewma
45,switch_at,regime_conditional,clean,all,stable,0.0,,0.0,,0.0,,,,,,0.0,0.0,0.0,0.0,0.0,,0.0,,carry_minus_ewma
45,switch_at,regime_conditional,clean,all,transition,0.0,,0.0,,0.003472222222222222,,,,,,0.0,,2.314814814814815,0.0,0.0,,0.0,,carry_minus_ewma
45,switch_at,regime_conditional,clean,transit_rough,all,0.0,,0.0,,0.0,,,,,,0.0,0.0,0.0,0.0,0.0,,0.0,,carry_minus_ewma
45,switch_at,regime_conditional,clean,transit_rough,record_stable,0.0,,0.0,,0.0,,,,,,0.0,0.0,0.0,0.0,0.0,,0.0,,carry_minus_ewma
45,switch_at,regime_conditional,clean,transit_rough,record_transition,,,,,0.0,,,,,,0.0,,0.0,0.0,0.0,,,,carry_minus_ewma
45,switch_at,regime_conditional,clean,transit_rough,stable,0.0,,0.0,,0.0,,,,,,0.0,0.0,0.0,0.0,0.0,,0.0,,carry_minus_ewma
45,switch_at,regime_conditional,clean,transit_rough,transition,,,,,0.0,,,,,,0.0,,0.0,0.0,0.0,,,,carry_minus_ewma
45,switch_at,regime_conditional,clean,transit_smooth,all,0.0,,0.0,,0.0,,,,,,0.0,0.0,0.0,0.0,0.0,,0.0,,carry_minus_ewma
45,switch_at,regime_conditional,clean,transit_smooth,record_stable,0.0,,0.0,,0.0,,,,,,0.0,0.0,0.0,0.0,0.0,,0.0,,carry_minus_ewma
45,switch_at,regime_conditional,clean,transit_smooth,record_transition,0.0,,0.0,,0.0,,,,,,0.0,,0.0,0.0,0.0,,0.0,,carry_minus_ewma
45,switch_at,regime_conditional,clean,transit_smooth,stable,0.0,,0.0,,0.0,,,,,,0.0,0.0,0.0,0.0,0.0,,0.0,,carry_minus_ewma
45,switch_at,regime_conditional,clean,transit_smooth,transition,0.0,,0.0,,0.0,,,,,,0.0,,0.0,0.0,0.0,,0.0,,carry_minus_ewma
45,switch_at,regime_conditional,clean,warehouse,all,0.0,,0.0,,0.0013888888888888892,,,,,,0.0,0.0,0.9259259259259265,0.0,0.0,,0.0,,carry_minus_ewma
45,switch_at,regime_conditional,clean,warehouse,record_stable,0.0,,0.0,,0.0,,,,,,0.0,0.0,0.0,0.0,0.0,,0.0,,carry_minus_ewma
45,switch_at,regime_conditional,clean,warehouse,record_transition,0.0,,0.0,,0.010416666666666668,,,,,,0.0,,6.944444444444445,0.0,0.0,,0.0,,carry_minus_ewma
45,switch_at,regime_conditional,clean,warehouse,stable,0.0,,0.0,,0.0,,,,,,0.0,0.0,0.0,0.0,0.0,,0.0,,carry_minus_ewma
45,switch_at,regime_conditional,clean,warehouse,transition,0.0,,0.0,,0.010416666666666668,,,,,,0.0,,6.944444444444445,0.0,0.0,,0.0,,carry_minus_ewma
45,switch_at,regime_conditional,observed,all,all,0.03393608495291528,0.038194444444444475,0.022115384615384537,0.05256439112797595,0.00032299741602067125,0.005208333333333332,-0.04513888888888895,0.0,0.038194444444444475,0.03472222222222221,0.0,0.0,0.1614987080103356,0.0,0.0,0.038194444444444475,0.03393608495291528,0.0,carry_minus_ewma
45,switch_at,regime_conditional,observed,all,record_stable,0.0,,0.0,,-0.0001780626780626786,,,,,,0.0,0.0,-0.35612535612535545,0.0,0.0,,0.0,,carry_minus_ewma
45,switch_at,regime_conditional,observed,all,record_transition,0.037151434495992064,0.038194444444444475,-0.012898741021085902,0.017615478298044995,0.005208333333333332,0.005208333333333332,-0.04513888888888895,0.0,0.038194444444444475,0.03472222222222221,0.0,,5.208333333333332,0.0,0.0,0.038194444444444475,0.037151434495992064,0.0,carry_minus_ewma
45,switch_at,regime_conditional,observed,all,stable,0.0,,0.0,,-0.0001780626780626786,,,,,,0.0,0.0,-0.35612535612535545,0.0,0.0,,0.0,,carry_minus_ewma
45,switch_at,regime_conditional,observed,all,transition,0.037151434495992064,0.038194444444444475,-0.012898741021085902,0.017615478298044995,0.005208333333333332,0.005208333333333332,-0.04513888888888895,0.0,0.038194444444444475,0.03472222222222221,0.0,,5.208333333333332,0.0,0.0,0.038194444444444475,0.037151434495992064,0.0,carry_minus_ewma
45,switch_at,regime_conditional,observed,transit_rough,all,0.033701221915648394,0.041666666666666685,0.020955165692007782,0.062314967093468066,0.0004844961240310086,0.0,-0.01041666666666674,0.0,0.041666666666666685,0.052083333333333315,0.0,0.010416666666666685,-0.4844961240310077,0.0,0.0,0.041666666666666685,0.033701221915648394,0.0,carry_minus_ewma
45,switch_at,regime_conditional,observed,transit_rough,record_stable,0.0,,0.0,,0.0005341880341880358,,,,,,0.0,0.010416666666666685,-0.5341880341880341,0.0,0.0,,0.0,,carry_minus_ewma
45,switch_at,regime_conditional,observed,transit_rough,record_transition,0.042242584252213056,0.041666666666666685,0.013008130081300862,0.04478282579963777,0.0,0.0,-0.01041666666666674,0.0,0.041666666666666685,0.052083333333333315,0.0,,0.0,0.0,0.0,0.041666666666666685,0.042242584252213056,0.0,carry_minus_ewma
45,switch_at,regime_conditional,observed,transit_rough,stable,0.0,,0.0,,0.0005341880341880358,,,,,,0.0,0.010416666666666685,-0.5341880341880341,0.0,0.0,,0.0,,carry_minus_ewma
45,switch_at,regime_conditional,observed,transit_rough,transition,0.042242584252213056,0.041666666666666685,0.013008130081300862,0.04478282579963777,0.0,0.0,-0.01041666666666674,0.0,0.041666666666666685,0.052083333333333315,0.0,,0.0,0.0,0.0,0.041666666666666685,0.042242584252213056,0.0,carry_minus_ewma
45,switch_at,regime_conditional,observed,transit_smooth,all,0.04509493670886078,0.04166666666666663,0.046875,0.044722825286800216,-0.0009689922480620155,0.0,0.0,0.0,0.04166666666666663,0.041666666666666685,0.0,-0.010416666666666664,-0.4844961240310077,0.0,0.0,0.04166666666666663,0.04509493670886078,0.0,carry_minus_ewma
45,switch_at,regime_conditional,observed,transit_smooth,record_stable,0.0,,0.0,,-0.0010683760683760698,,,,,,0.0,-0.010416666666666664,-0.5341880341880341,0.0,0.0,,0.0,,carry_minus_ewma
45,switch_at,regime_conditional,observed,transit_smooth,record_transition,0.04546498277841554,0.04166666666666663,0.009287925696594423,0.029325093159801918,0.0,0.0,0.0,0.0,0.04166666666666663,0.041666666666666685,0.0,,0.0,0.0,0.0,0.04166666666666663,0.04546498277841554,0.0,carry_minus_ewma
45,switch_at,regime_conditional,observed,transit_smooth,stable,0.0,,0.0,,-0.0010683760683760698,,,,,,0.0,-0.010416666666666664,-0.5341880341880341,0.0,0.0,,0.0,,carry_minus_ewma
45,switch_at,regime_conditional,observed,transit_smooth,transition,0.04546498277841554,0.04166666666666663,0.009287925696594423,0.029325093159801918,0.0,0.0,0.0,0.0,0.04166666666666663,0.041666666666666685,0.0,,0.0,0.0,0.0,0.04166666666666663,0.04546498277841554,0.0,carry_minus_ewma
45,switch_at,regime_conditional,observed,warehouse,all,0.022937476877543495,0.03125,-0.0025062656641603454,0.04043896710112538,0.0014534883720930224,0.015625,-0.125,0.0,0.03125,0.010416666666666685,0.0,0.0,1.4534883720930232,0.0,0.0,0.03125,0.022937476877543495,0.0,carry_minus_ewma
45,switch_at,regime_conditional,observed,warehouse,record_stable,0.0,,0.0,,0.0,,,,,,0.0,0.0,0.0,0.0,0.0,,0.0,,carry_minus_ewma
45,switch_at,regime_conditional,observed,warehouse,record_transition,0.0237873134328358,0.03125,-0.06907894736842102,-0.03172065698821924,0.015625,0.015625,-0.125,0.0,0.03125,0.010416666666666685,0.0,,15.625000000000002,0.0,0.0,0.03125,0.0237873134328358,0.0,carry_minus_ewma
45,switch_at,regime_conditional,observed,warehouse,stable,0.0,,0.0,,0.0,,,,,,0.0,0.0,0.0,0.0,0.0,,0.0,,carry_minus_ewma
45,switch_at,regime_conditional,observed,warehouse,transition,0.0237873134328358,0.03125,-0.06907894736842102,-0.03172065698821924,0.015625,0.015625,-0.125,0.0,0.03125,0.010416666666666685,0.0,,15.625000000000002,0.0,0.0,0.03125,0.0237873134328358,0.0,carry_minus_ewma
45,switch_at,regime_marginal,clean,all,all,0.0,,0.0,,0.0020061728395061734,,,,,,0.0,0.0,0.15432098765432123,0.0,0.0,,0.0,,carry_minus_ewma
45,switch_at,regime_marginal,clean,all,record_stable,0.0,,0.0,,-0.0005341880341880358,,,,,,0.0,0.0,0.35612535612535634,0.0,0.0,,0.0,,carry_minus_ewma
45,switch_at,regime_marginal,clean,all,record_transition,0.0,,0.0,,0.018518518518518517,,,,,,0.0,,-1.1574074074074074,0.0,0.0,,0.0,,carry_minus_ewma
45,switch_at,regime_marginal,clean,all,stable,0.0,,0.0,,-0.0005341880341880358,,,,,,0.0,0.0,0.35612535612535634,0.0,0.0,,0.0,,carry_minus_ewma
45,switch_at,regime_marginal,clean,all,transition,0.0,,0.0,,0.018518518518518517,,,,,,0.0,,-1.1574074074074074,0.0,0.0,,0.0,,carry_minus_ewma
45,switch_at,regime_marginal,clean,transit_rough,all,0.0,,0.0,,-0.0018518518518518545,,,,,,0.0,0.0,0.4629629629629637,0.0,0.0,,0.0,,carry_minus_ewma
45,switch_at,regime_marginal,clean,transit_rough,record_stable,0.0,,0.0,,-0.0016025641025641003,,,,,,0.0,0.0,1.0683760683760681,0.0,0.0,,0.0,,carry_minus_ewma
45,switch_at,regime_marginal,clean,transit_rough,record_transition,,,,,-0.003472222222222222,,,,,,0.0,,-3.4722222222222223,0.0,0.0,,,,carry_minus_ewma
45,switch_at,regime_marginal,clean,transit_rough,stable,0.0,,0.0,,-0.0016025641025641003,,,,,,0.0,0.0,1.0683760683760681,0.0,0.0,,0.0,,carry_minus_ewma
45,switch_at,regime_marginal,clean,transit_rough,transition,,,,,-0.003472222222222222,,,,,,0.0,,-3.4722222222222223,0.0,0.0,,,,carry_minus_ewma
45,switch_at,regime_marginal,clean,transit_smooth,all,0.0,,0.0,,0.0,,,,,,0.0,0.0,0.0,0.0,0.0,,0.0,,carry_minus_ewma
45,switch_at,regime_marginal,clean,transit_smooth,record_stable,0.0,,0.0,,0.0,,,,,,0.0,0.0,0.0,0.0,0.0,,0.0,,carry_minus_ewma
45,switch_at,regime_marginal,clean,transit_smooth,record_transition,,,,,0.0,,,,,,0.0,,0.0,0.0,0.0,,,,carry_minus_ewma
45,switch_at,regime_marginal,clean,transit_smooth,stable,0.0,,0.0,,0.0,,,,,,0.0,0.0,0.0,0.0,0.0,,0.0,,carry_minus_ewma
45,switch_at,regime_marginal,clean,transit_smooth,transition,,,,,0.0,,,,,,0.0,,0.0,0.0,0.0,,,,carry_minus_ewma
45,switch_at,regime_marginal,clean,warehouse,all,0.0,,0.0,,0.007870370370370371,,,,,,0.0,0.0,0.0,0.0,0.0,,0.0,,carry_minus_ewma
45,switch_at,regime_marginal,clean,warehouse,record_stable,0.0,,0.0,,0.0,,,,,,0.0,0.0,0.0,0.0,0.0,,0.0,,carry_minus_ewma
45,switch_at,regime_marginal,clean,warehouse,record_transition,0.0,,0.0,,0.059027777777777776,,,,,,0.0,,0.0,0.0,0.0,,0.0,,carry_minus_ewma
45,switch_at,regime_marginal,clean,warehouse,stable,0.0,,0.0,,0.0,,,,,,0.0,0.0,0.0,0.0,0.0,,0.0,,carry_minus_ewma
45,switch_at,regime_marginal,clean,warehouse,transition,0.0,,0.0,,0.059027777777777776,,,,,,0.0,,0.0,0.0,0.0,,0.0,,carry_minus_ewma
45,switch_at,regime_marginal,observed,all,all,0.048573790822654006,0.04513888888888888,0.04754601226993865,0.038144416132702974,0.0012919896640826885,0.017361111111111112,-0.04513888888888884,0.0,0.04513888888888888,0.024305555555555552,0.0,0.0034722222222222203,0.0,0.0,0.0,0.04513888888888888,0.048573790822654006,0.0,carry_minus_ewma
45,switch_at,regime_marginal,observed,all,record_stable,0.0,,0.0,,-0.0003561253561253572,,,,,,0.0,0.0034722222222222203,0.17806267806267773,0.0,0.0,,0.0,,carry_minus_ewma
45,switch_at,regime_marginal,observed,all,record_transition,0.060623229461756356,0.04513888888888888,-0.07802197802197797,-0.04653710014463941,0.017361111111111112,0.017361111111111112,-0.04513888888888884,0.0,0.04513888888888888,0.024305555555555552,0.0,,-1.7361111111111107,0.0,0.0,0.04513888888888888,0.060623229461756356,0.0,carry_minus_ewma
45,switch_at,regime_marginal,observed,all,stable,0.0,,0.0,,-0.0003561253561253572,,,,,,0.0,0.0034722222222222203,0.17806267806267773,0.0,0.0,,0.0,,carry_minus_ewma
45,switch_at,regime_marginal,observed,all,transition,0.060623229461756356,0.04513888888888888,-0.07802197802197797,-0.04653710014463941,0.017361111111111112,0.017361111111111112,-0.04513888888888884,0.0,0.04513888888888888,0.024305555555555552,0.0,,-1.7361111111111107,0.0,0.0,0.04513888888888888,0.060623229461756356,0.0,carry_minus_ewma
45,switch_at,regime_marginal,observed,transit_rough,all,0.09222073479101595,0.08333333333333331,0.10216450216450215,0.05449064993864164,-0.001937984496124031,-0.005208333333333333,-0.02083333333333337,0.0,0.08333333333333331,0.08333333333333331,0.0,0.0,0.4844961240310077,0.0,0.0,0.08333333333333331,0.09222073479101595,0.0,carry_minus_ewma
45,switch_at,regime_marginal,observed,transit_rough,record_stable,0.0,,0.0,,-0.0016025641025641038,,,,,,0.0,0.0,1.0683760683760681,0.0,0.0,,0.0,,carry_minus_ewma
45,switch_at,regime_marginal,observed,transit_rough,record_transition,0.12062910367995117,0.08333333333333331,0.06666666666666665,0.03319796231839123,-0.005208333333333333,-0.005208333333333333,-0.02083333333333337,0.0,0.08333333333333331,0.08333333333333331,0.0,,-5.208333333333333,0.0,0.0,0.08333333333333331,0.12062910367995117,0.0,carry_minus_ewma
45,switch_at,regime_marginal,observed,transit_rough,stable,0.0,,0.0,,-0.0016025641025641038,,,,,,0.0,0.0,1.0683760683760681,0.0,0.0,,0.0,,carry_minus_ewma
45,switch_at,regime_marginal,observed,transit_rough,transition,0.12062910367995117,0.08333333333333331,0.06666666666666665,0.03319796231839123,-0.005208333333333333,-0.005208333333333333,-0.02083333333333337,0.0,0.08333333333333331,0.08333333333333331,0.0,,-5.208333333333333,0.0,0.0,0.08333333333333331,0.12062910367995117,0.0,carry_minus_ewma
45,switch_at,regime_marginal,observed,transit_smooth,all,0.028515733778891675,0.020833333333333336,0.044352044352044345,0.022608805679021238,0.0,0.0,0.01041666666666663,0.0,0.020833333333333336,0.020833333333333336,0.0,0.0,0.0,0.0,0.0,0.020833333333333336,0.028515733778891675,0.0,carry_minus_ewma
45,switch_at,regime_marginal,observed,transit_smooth,record_stable,0.0,,0.0,,0.0,,,,,,0.0,0.0,0.0,0.0,0.0,,0.0,,carry_minus_ewma
45,switch_at,regime_marginal,observed,transit_smooth,record_transition,0.03691242910698836,0.020833333333333336,0.0,0.03257135620861096,0.0,0.0,0.01041666666666663,0.0,0.020833333333333336,0.020833333333333336,0.0,,0.0,0.0,0.0,0.020833333333333336,0.03691242910698836,0.0,carry_minus_ewma
45,switch_at,regime_marginal,observed,transit_smooth,stable,0.0,,0.0,,0.0,,,,,,0.0,0.0,0.0,0.0,0.0,,0.0,,carry_minus_ewma
45,switch_at,regime_marginal,observed,transit_smooth,transition,0.03691242910698836,0.020833333333333336,0.0,0.03257135620861096,0.0,0.0,0.01041666666666663,0.0,0.020833333333333336,0.020833333333333336,0.0,,0.0,0.0,0.0,0.020833333333333336,0.03691242910698836,0.0,carry_minus_ewma
45,switch_at,regime_marginal,observed,warehouse,all,0.019343229869545647,0.03125,-0.006666666666666682,0.008559164643532513,0.005813953488372093,0.057291666666666664,-0.125,0.0,0.03125,-0.031249999999999993,0.0,0.010416666666666671,-0.4844961240310077,0.0,0.0,0.03125,0.019343229869545647,0.0,carry_minus_ewma
45,switch_at,regime_marginal,observed,warehouse,record_stable,0.0,,0.0,,0.0005341880341880323,,,,,,0.0,0.010416666666666671,-0.5341880341880341,0.0,0.0,,0.0,,carry_minus_ewma
45,switch_at,regime_marginal,observed,warehouse,record_transition,0.020287621982537224,0.03125,-0.16414141414141414,-0.08633764728611604,0.057291666666666664,0.057291666666666664,-0.125,0.0,0.03125,-0.031249999999999993,0.0,,0.0,0.0,0.0,0.03125,0.020287621982537224,0.0,carry_minus_ewma
45,switch_at,regime_marginal,observed,warehouse,stable,0.0,,0.0,,0.0005341880341880323,,,,,,0.0,0.010416666666666671,-0.5341880341880341,0.0,0.0,,0.0,,carry_minus_ewma
45,switch_at,regime_marginal,observed,warehouse,transition,0.020287621982537224,0.03125,-0.16414141414141414,-0.08633764728611604,0.057291666666666664,0.057291666666666664,-0.125,0.0,0.03125,-0.031249999999999993,0.0,,0.0,0.0,0.0,0.03125,0.020287621982537224,0.0,carry_minus_ewma
45,switch_before6,regime_conditional,clean,all,all,0.0,,0.0,,0.00046296296296296363,,,,,,0.0,0.0,0.30864197530864157,0.0,0.0,,0.0,,carry_minus_ewma
45,switch_before6,regime_conditional,clean,all,record_stable,0.0,,0.0,,0.0,,,,,,0.0,0.0,0.0,0.0,0.0,,0.0,,carry_minus_ewma
45,switch_before6,regime_conditional,clean,all,record_transition,0.0,,0.0,,0.003472222222222222,,,,,,0.0,0.0,2.314814814814815,0.0,0.0,,0.0,,carry_minus_ewma
45,switch_before6,regime_conditional,clean,all,stable,0.0,,0.0,,0.0,,,,,,0.0,0.0,0.0,0.0,0.0,,0.0,,carry_minus_ewma
45,switch_before6,regime_conditional,clean,all,transition,0.0,,0.0,,0.003472222222222222,,,,,,0.0,0.0,2.314814814814815,0.0,0.0,,0.0,,carry_minus_ewma
45,switch_before6,regime_conditional,clean,transit_rough,all,0.0,,0.0,,0.0,,,,,,0.0,0.0,0.0,0.0,0.0,,0.0,,carry_minus_ewma
45,switch_before6,regime_conditional,clean,transit_rough,record_stable,0.0,,0.0,,0.0,,,,,,0.0,0.0,0.0,0.0,0.0,,0.0,,carry_minus_ewma
45,switch_before6,regime_conditional,clean,transit_rough,record_transition,,,,,0.0,,,,,,0.0,0.0,0.0,0.0,0.0,,,,carry_minus_ewma
45,switch_before6,regime_conditional,clean,transit_rough,stable,0.0,,0.0,,0.0,,,,,,0.0,0.0,0.0,0.0,0.0,,0.0,,carry_minus_ewma
45,switch_before6,regime_conditional,clean,transit_rough,transition,,,,,0.0,,,,,,0.0,0.0,0.0,0.0,0.0,,,,carry_minus_ewma
45,switch_before6,regime_conditional,clean,transit_smooth,all,0.0,,0.0,,0.0,,,,,,0.0,0.0,0.0,0.0,0.0,,0.0,,carry_minus_ewma
45,switch_before6,regime_conditional,clean,transit_smooth,record_stable,0.0,,0.0,,0.0,,,,,,0.0,0.0,0.0,0.0,0.0,,0.0,,carry_minus_ewma
45,switch_before6,regime_conditional,clean,transit_smooth,record_transition,0.0,,0.0,,0.0,,,,,,0.0,0.0,0.0,0.0,0.0,,0.0,,carry_minus_ewma
45,switch_before6,regime_conditional,clean,transit_smooth,stable,0.0,,0.0,,0.0,,,,,,0.0,0.0,0.0,0.0,0.0,,0.0,,carry_minus_ewma
45,switch_before6,regime_conditional,clean,transit_smooth,transition,0.0,,0.0,,0.0,,,,,,0.0,0.0,0.0,0.0,0.0,,0.0,,carry_minus_ewma
45,switch_before6,regime_conditional,clean,warehouse,all,0.0,,0.0,,0.0013888888888888892,,,,,,0.0,0.0,0.9259259259259265,0.0,0.0,,0.0,,carry_minus_ewma
45,switch_before6,regime_conditional,clean,warehouse,record_stable,0.0,,0.0,,0.0,,,,,,0.0,0.0,0.0,0.0,0.0,,0.0,,carry_minus_ewma
45,switch_before6,regime_conditional,clean,warehouse,record_transition,0.0,,0.0,,0.010416666666666668,,,,,,0.0,0.0,6.944444444444445,0.0,0.0,,0.0,,carry_minus_ewma
45,switch_before6,regime_conditional,clean,warehouse,stable,0.0,,0.0,,0.0,,,,,,0.0,0.0,0.0,0.0,0.0,,0.0,,carry_minus_ewma
45,switch_before6,regime_conditional,clean,warehouse,transition,0.0,,0.0,,0.010416666666666668,,,,,,0.0,0.0,6.944444444444445,0.0,0.0,,0.0,,carry_minus_ewma
45,switch_before6,regime_conditional,observed,all,all,0.21087676819166562,0.2013888888888889,0.1543772032902468,0.22288574347649598,0.0024224806201550396,0.010416666666666668,0.09375,0.0,0.2013888888888889,0.19444444444444442,0.0,0.034722222222222224,0.9689922480620154,0.0,0.0,0.2013888888888889,0.21087676819166562,0.0,carry_minus_ewma
45,switch_before6,regime_conditional,observed,all,record_stable,0.0010820001545714664,0.0,0.004016064257028107,-0.00030279512560030253,-0.0001827485380116959,0.0,0.0,0.0,0.0,0.0,0.0,0.0,-0.18274853801169577,0.0,0.0,0.0,0.0010820001545714664,0.0,carry_minus_ewma
45,switch_before6,regime_conditional,observed,all,record_transition,0.41341448860245855,0.4027777777777778,0.11294462779611292,0.3488722430072624,0.02222222222222222,0.020833333333333332,0.1875,0.0,0.4027777777777778,0.38888888888888884,0.0,0.06944444444444445,9.722222222222221,0.0,0.0,0.4027777777777778,0.41341448860245855,0.0,carry_minus_ewma
45,switch_before6,regime_conditional,observed,all,stable,0.0010820001545714664,0.0,0.004016064257028107,-0.00030279512560030253,-0.0001827485380116959,0.0,0.0,0.0,0.0,0.0,0.0,0.0,-0.18274853801169577,0.0,0.0,0.0,0.0010820001545714664,0.0,carry_minus_ewma
45,switch_before6,regime_conditional,observed,all,transition,0.41341448860245855,0.4027777777777778,0.11294462779611292,0.3488722430072624,0.02222222222222222,0.020833333333333332,0.1875,0.0,0.4027777777777778,0.38888888888888884,0.0,0.06944444444444445,9.722222222222221,0.0,0.0,0.4027777777777778,0.41341448860245855,0.0,carry_minus_ewma
45,switch_before6,regime_conditional,observed,transit_rough,all,0.18068448195030473,0.17708333333333334,0.12200165425971876,0.20493248638116812,0.0029069767441860465,0.010416666666666666,0.10416666666666674,0.0,0.17708333333333334,0.17708333333333334,0.0,0.041666666666666664,1.4534883720930232,0.0,0.0,0.17708333333333334,0.18068448195030473,0.0,carry_minus_ewma
45,switch_before6,regime_conditional,observed,transit_rough,record_stable,0.0,0.0,0.0,-0.0007950460281844762,0.0,0.0,0.0,0.0,0.0,0.0,0.0,0.0,0.0,0.0,0.0,0.0,0.0,0.0,carry_minus_ewma
45,switch_before6,regime_conditional,observed,transit_rough,record_transition,0.3419203747072599,0.35416666666666663,0.1282051282051282,0.33260389928033524,0.025,0.020833333333333332,0.20833333333333326,0.0,0.35416666666666663,0.35416666666666663,0.0,0.08333333333333333,12.5,0.0,0.0,0.35416666666666663,0.3419203747072599,0.0,carry_minus_ewma
45,switch_before6,regime_conditional,observed,transit_rough,stable,0.0,0.0,0.0,-0.0007950460281844762,0.0,0.0,0.0,0.0,0.0,0.0,0.0,0.0,0.0,0.0,0.0,0.0,0.0,0.0,carry_minus_ewma
45,switch_before6,regime_conditional,observed,transit_rough,transition,0.3419203747072599,0.35416666666666663,0.1282051282051282,0.33260389928033524,0.025,0.020833333333333332,0.20833333333333326,0.0,0.35416666666666663,0.35416666666666663,0.0,0.08333333333333333,12.5,0.0,0.0,0.35416666666666663,0.3419203747072599,0.0,carry_minus_ewma
45,switch_before6,regime_conditional,observed,transit_smooth,all,0.2653548002385212,0.23958333333333337,0.23333333333333334,0.23308536269609312,0.001937984496124031,0.015625,0.13541666666666674,0.0,0.23958333333333337,0.21875,0.0,0.020833333333333336,0.4844961240310077,0.0,0.0,0.23958333333333337,0.2653548002385212,0.0,carry_minus_ewma
45,switch_before6,regime_conditional,observed,transit_smooth,record_stable,0.002591632728619009,0.0,0.010769230769230809,0.000112863599211116,-0.0005482456140350877,0.0,0.0,0.0,0.0,0.0,0.0,0.0,-0.5482456140350873,0.0,0.0,0.0,0.002591632728619009,0.0,carry_minus_ewma
45,switch_before6,regime_conditional,observed,transit_smooth,record_transition,0.5051478641840088,0.4791666666666667,0.20000000000000007,0.38416634056582616,0.020833333333333332,0.03125,0.27083333333333337,0.0,0.4791666666666667,0.43750000000000006,0.0,0.04166666666666667,8.333333333333332,0.0,0.0,0.4791666666666667,0.5051478641840088,0.0,carry_minus_ewma
45,switch_before6,regime_conditional,observed,transit_smooth,stable,0.002591632728619009,0.0,0.010769230769230809,0.000112863599211116,-0.0005482456140350877,0.0,0.0,0.0,0.0,0.0,0.0,0.0,-0.5482456140350873,0.0,0.0,0.0,0.002591632728619009,0.0,carry_minus_ewma
45,switch_before6,regime_conditional,observed,transit_smooth,transition,0.5051478641840088,0.4791666666666667,0.20000000000000007,0.38416634056582616,0.020833333333333332,0.03125,0.27083333333333337,0.0,0.4791666666666667,0.43750000000000006,0.0,0.04166666666666667,8.333333333333332,0.0,0.0,0.4791666666666667,0.5051478641840088,0.0,carry_minus_ewma
45,switch_before6,regime_conditional,observed,warehouse,all,0.1890295358649789,0.1875,0.11910669975186106,0.2215666762028884,0.002422480620155038,0.005208333333333332,0.04166666666666663,0.0,0.1875,0.1875,0.0,0.04166666666666667,0.9689922480620154,0.0,0.0,0.1875,0.1890295358649789,0.0,carry_minus_ewma
45,switch_before6,regime_conditional,observed,warehouse,record_stable,0.0,0.0,0.0,-0.0012122142146400172,0.0,0.0,0.0,0.0,0.0,0.0,0.0,0.0,0.0,0.0,0.0,0.0,0.0,0.0,carry_minus_ewma
45,switch_before6,regime_conditional,observed,warehouse,record_transition,0.3972027972027973,0.375,-0.05714285714285705,0.2997175740056129,0.020833333333333336,0.010416666666666666,0.08333333333333326,0.0,0.375,0.375,0.0,0.08333333333333334,8.333333333333334,0.0,0.0,0.375,0.3972027972027973,0.0,carry_minus_ewma
45,switch_before6,regime_conditional,observed,warehouse,stable,0.0,0.0,0.0,-0.0012122142146400172,0.0,0.0,0.0,0.0,0.0,0.0,0.0,0.0,0.0,0.0,0.0,0.0,0.0,0.0,carry_minus_ewma
45,switch_before6,regime_conditional,observed,warehouse,transition,0.3972027972027973,0.375,-0.05714285714285705,0.2997175740056129,0.020833333333333336,0.010416666666666666,0.08333333333333326,0.0,0.375,0.375,0.0,0.08333333333333334,8.333333333333334,0.0,0.0,0.375,0.3972027972027973,0.0,carry_minus_ewma
45,switch_before6,regime_marginal,clean,all,all,0.0,,0.0,,0.0020061728395061734,,,,,,0.0,0.0,0.15432098765432123,0.0,0.0,,0.0,,carry_minus_ewma
45,switch_before6,regime_marginal,clean,all,record_stable,0.0,,0.0,,-0.0005341880341880358,,,,,,0.0,0.0,0.35612535612535634,0.0,0.0,,0.0,,carry_minus_ewma
45,switch_before6,regime_marginal,clean,all,record_transition,0.0,,0.0,,0.018518518518518517,,,,,,0.0,0.0,-1.1574074074074074,0.0,0.0,,0.0,,carry_minus_ewma
45,switch_before6,regime_marginal,clean,all,stable,0.0,,0.0,,-0.0005341880341880358,,,,,,0.0,0.0,0.35612535612535634,0.0,0.0,,0.0,,carry_minus_ewma
45,switch_before6,regime_marginal,clean,all,transition,0.0,,0.0,,0.018518518518518517,,,,,,0.0,0.0,-1.1574074074074074,0.0,0.0,,0.0,,carry_minus_ewma
45,switch_before6,regime_marginal,clean,transit_rough,all,0.0,,0.0,,-0.0018518518518518545,,,,,,0.0,0.0,0.4629629629629637,0.0,0.0,,0.0,,carry_minus_ewma
45,switch_before6,regime_marginal,clean,transit_rough,record_stable,0.0,,0.0,,-0.0016025641025641003,,,,,,0.0,0.0,1.0683760683760681,0.0,0.0,,0.0,,carry_minus_ewma
45,switch_before6,regime_marginal,clean,transit_rough,record_transition,,,,,-0.003472222222222222,,,,,,0.0,0.0,-3.4722222222222223,0.0,0.0,,,,carry_minus_ewma
45,switch_before6,regime_marginal,clean,transit_rough,stable,0.0,,0.0,,-0.0016025641025641003,,,,,,0.0,0.0,1.0683760683760681,0.0,0.0,,0.0,,carry_minus_ewma
45,switch_before6,regime_marginal,clean,transit_rough,transition,,,,,-0.003472222222222222,,,,,,0.0,0.0,-3.4722222222222223,0.0,0.0,,,,carry_minus_ewma
45,switch_before6,regime_marginal,clean,transit_smooth,all,0.0,,0.0,,0.0,,,,,,0.0,0.0,0.0,0.0,0.0,,0.0,,carry_minus_ewma
45,switch_before6,regime_marginal,clean,transit_smooth,record_stable,0.0,,0.0,,0.0,,,,,,0.0,0.0,0.0,0.0,0.0,,0.0,,carry_minus_ewma
45,switch_before6,regime_marginal,clean,transit_smooth,record_transition,,,,,0.0,,,,,,0.0,0.0,0.0,0.0,0.0,,,,carry_minus_ewma
45,switch_before6,regime_marginal,clean,transit_smooth,stable,0.0,,0.0,,0.0,,,,,,0.0,0.0,0.0,0.0,0.0,,0.0,,carry_minus_ewma
45,switch_before6,regime_marginal,clean,transit_smooth,transition,,,,,0.0,,,,,,0.0,0.0,0.0,0.0,0.0,,,,carry_minus_ewma
45,switch_before6,regime_marginal,clean,warehouse,all,0.0,,0.0,,0.007870370370370371,,,,,,0.0,0.0,0.0,0.0,0.0,,0.0,,carry_minus_ewma
45,switch_before6,regime_marginal,clean,warehouse,record_stable,0.0,,0.0,,0.0,,,,,,0.0,0.0,0.0,0.0,0.0,,0.0,,carry_minus_ewma
45,switch_before6,regime_marginal,clean,warehouse,record_transition,0.0,,0.0,,0.059027777777777776,,,,,,0.0,0.0,0.0,0.0,0.0,,0.0,,carry_minus_ewma
45,switch_before6,regime_marginal,clean,warehouse,stable,0.0,,0.0,,0.0,,,,,,0.0,0.0,0.0,0.0,0.0,,0.0,,carry_minus_ewma
45,switch_before6,regime_marginal,clean,warehouse,transition,0.0,,0.0,,0.059027777777777776,,,,,,0.0,0.0,0.0,0.0,0.0,,0.0,,carry_minus_ewma
45,switch_before6,regime_marginal,observed,all,all,0.09770455572856498,0.08333333333333334,0.1132394366197183,0.09651241169745198,0.0014534883720930258,0.010416666666666668,0.06597222222222232,0.0,0.08333333333333334,0.06944444444444445,0.0,0.006944444444444444,0.1614987080103356,0.0,0.0,0.08333333333333334,0.09770455572856498,0.0,carry_minus_ewma
45,switch_before6,regime_marginal,observed,all,record_stable,0.0010214504596527119,0.0,0.0024390243902439046,2.8874904578840566e-05,-0.0005482456140350894,0.0,0.0,0.0,0.0,0.0,0.0,0.0,0.36549707602339243,0.0,0.0,0.0,0.0010214504596527119,0.0,carry_minus_ewma
45,switch_before6,regime_marginal,observed,all,record_transition,0.22788790578660167,0.16666666666666669,0.2296650717703349,0.22722569449530902,0.01666666666666667,0.020833333333333336,0.13194444444444442,0.0,0.16666666666666669,0.1388888888888889,0.0,0.013888888888888888,-1.3888888888888893,0.0,0.0,0.16666666666666669,0.22788790578660167,0.0,carry_minus_ewma
45,switch_before6,regime_marginal,observed,all,stable,0.0010214504596527119,0.0,0.0024390243902439046,2.8874904578840566e-05,-0.0005482456140350894,0.0,0.0,0.0,0.0,0.0,0.0,0.0,0.36549707602339243,0.0,0.0,0.0,0.0010214504596527119,0.0,carry_minus_ewma
45,switch_before6,regime_marginal,observed,all,transition,0.22788790578660167,0.16666666666666669,0.2296650717703349,0.22722569449530902,0.01666666666666667,0.020833333333333336,0.13194444444444442,0.0,0.16666666666666669,0.1388888888888889,0.0,0.013888888888888888,-1.3888888888888893,0.0,0.0,0.16666666666666669,0.22788790578660167,0.0,carry_minus_ewma
45,switch_before6,regime_marginal,observed,transit_rough,all,0.12950107579263592,0.11458333333333333,0.1454790823211876,0.14311513859230557,-0.0014534883720930258,0.0,0.05208333333333337,0.0,0.11458333333333333,0.11458333333333333,0.0,0.010416666666666666,0.4844961240310077,0.0,0.0,0.11458333333333333,0.12950107579263592,0.0,carry_minus_ewma
45,switch_before6,regime_marginal,observed,transit_rough,record_stable,0.004849464538290549,0.0,0.009056603773584915,0.00023515052333783482,-0.0016447368421052648,0.0,0.0,0.0,0.0,0.0,0.0,0.0,1.0964912280701764,0.0,0.0,0.0,0.004849464538290549,0.0,carry_minus_ewma
45,switch_before6,regime_marginal,observed,transit_rough,record_transition,0.329059829059829,0.22916666666666669,0.18333333333333335,0.3481487452704861,0.0,0.0,0.10416666666666674,0.0,0.22916666666666669,0.22916666666666669,0.0,0.020833333333333332,-4.166666666666667,0.0,0.0,0.22916666666666669,0.329059829059829,0.0,carry_minus_ewma
45,switch_before6,regime_marginal,observed,transit_rough,stable,0.004849464538290549,0.0,0.009056603773584915,0.00023515052333783482,-0.0016447368421052648,0.0,0.0,0.0,0.0,0.0,0.0,0.0,1.0964912280701764,0.0,0.0,0.0,0.004849464538290549,0.0,carry_minus_ewma
45,switch_before6,regime_marginal,observed,transit_rough,transition,0.329059829059829,0.22916666666666669,0.18333333333333335,0.3481487452704861,0.0,0.0,0.10416666666666674,0.0,0.22916666666666669,0.22916666666666669,0.0,0.020833333333333332,-4.166666666666667,0.0,0.0,0.22916666666666669,0.329059829059829,0.0,carry_minus_ewma
45,switch_before6,regime_marginal,observed,transit_smooth,all,0.05790217698614645,0.04166666666666667,0.09377289377289377,0.07227505234500338,0.0,0.0,0.08333333333333326,0.0,0.04166666666666667,0.04166666666666667,0.0,0.0,0.0,0.0,0.0,0.04166666666666667,0.05790217698614645,0.0,carry_minus_ewma
45,switch_before6,regime_marginal,observed,transit_smooth,record_stable,0.0,0.0,0.0,1.2814628066459832e-06,0.0,0.0,0.0,0.0,0.0,0.0,0.0,0.0,0.0,0.0,0.0,0.0,0.0,0.0,carry_minus_ewma
45,switch_before6,regime_marginal,observed,transit_smooth,record_transition,0.15384615384615385,0.08333333333333333,,0.37285110293216606,0.0,0.0,0.16666666666666674,0.0,0.08333333333333333,0.08333333333333333,0.0,0.0,0.0,0.0,0.0,0.08333333333333333,0.15384615384615385,0.0,carry_minus_ewma
45,switch_before6,regime_marginal,observed,transit_smooth,stable,0.0,0.0,0.0,1.2814628066459832e-06,0.0,0.0,0.0,0.0,0.0,0.0,0.0,0.0,0.0,0.0,0.0,0.0,0.0,0.0,carry_minus_ewma
45,switch_before6,regime_marginal,observed,transit_smooth,transition,0.15384615384615385,0.08333333333333333,,0.37285110293216606,0.0,0.0,0.16666666666666674,0.0,0.08333333333333333,0.08333333333333333,0.0,0.0,0.0,0.0,0.0,0.08333333333333333,0.15384615384615385,0.0,carry_minus_ewma
45,switch_before6,regime_marginal,observed,warehouse,all,0.10089410220654582,0.09375,0.10309859154929578,0.0955280229485054,0.005813953488372093,0.03125,0.0625,0.0,0.09375,0.05208333333333334,0.0,0.010416666666666671,0.0,0.0,0.0,0.09375,0.10089410220654582,0.0,carry_minus_ewma
45,switch_before6,regime_marginal,observed,warehouse,record_stable,0.0,0.0,0.0,-0.00024333692658785877,0.0,0.0,0.0,0.0,0.0,0.0,0.0,0.0,0.0,0.0,0.0,0.0,0.0,0.0,carry_minus_ewma
45,switch_before6,regime_marginal,observed,warehouse,record_transition,0.19047619047619047,0.1875,0.1333333333333333,0.15479672006007264,0.05,0.0625,0.125,0.0,0.1875,0.10416666666666667,0.0,0.020833333333333343,0.0,0.0,0.0,0.1875,0.19047619047619047,0.0,carry_minus_ewma
45,switch_before6,regime_marginal,observed,warehouse,stable,0.0,0.0,0.0,-0.00024333692658785877,0.0,0.0,0.0,0.0,0.0,0.0,0.0,0.0,0.0,0.0,0.0,0.0,0.0,0.0,carry_minus_ewma
45,switch_before6,regime_marginal,observed,warehouse,transition,0.19047619047619047,0.1875,0.1333333333333333,0.15479672006007264,0.05,0.0625,0.125,0.0,0.1875,0.10416666666666667,0.0,0.020833333333333343,0.0,0.0,0.0,0.1875,0.19047619047619047,0.0,carry_minus_ewma
45,switch_delay12,regime_conditional,clean,all,all,0.0,,0.0,,0.05740740740740739,,,,,,0.0,0.04166666666666667,0.9259259259259256,0.0,0.0,,0.0,,carry_minus_ewma
45,switch_delay12,regime_conditional,clean,all,record_stable,0.0,,0.0,,0.0030270655270655256,,,,,,0.0,0.004219409282700426,0.5341880341880341,0.0,0.0,,0.0,,carry_minus_ewma
45,switch_delay12,regime_conditional,clean,all,record_transition,0.0,,0.0,,0.41087962962962965,,,,,,0.0,0.21568627450980393,3.4722222222222223,0.0,0.0,,0.0,,carry_minus_ewma
45,switch_delay12,regime_conditional,clean,all,stable,0.0,,0.0,,0.06623931623931624,,,,,,0.0,0.045454545454545456,1.068376068376069,0.0,0.0,,0.0,,carry_minus_ewma
45,switch_delay12,regime_conditional,clean,all,transition,0.0,,0.0,,0.0,,,,,,0.0,0.0,0.0,0.0,0.0,,0.0,,carry_minus_ewma
45,switch_delay12,regime_conditional,clean,transit_rough,all,0.0,,0.0,,0.048611111111111105,,,,,,0.0,0.0,0.4629629629629619,0.0,0.0,,0.0,,carry_minus_ewma
45,switch_delay12,regime_conditional,clean,transit_rough,record_stable,0.0,,0.0,,0.0032051282051282076,,,,,,0.0,0.0,0.0,0.0,0.0,,0.0,,carry_minus_ewma
45,switch_delay12,regime_conditional,clean,transit_rough,record_transition,0.0,,0.0,,0.34375,,,,,,0.0,0.0,3.4722222222222223,0.0,0.0,,0.0,,carry_minus_ewma
45,switch_delay12,regime_conditional,clean,transit_rough,stable,0.0,,0.0,,0.056089743589743585,,,,,,0.0,0.0,0.5341880341880341,0.0,0.0,,0.0,,carry_minus_ewma
45,switch_delay12,regime_conditional,clean,transit_rough,transition,0.0,,0.0,,0.0,,,,,,0.0,0.0,0.0,0.0,0.0,,0.0,,carry_minus_ewma
45,switch_delay12,regime_conditional,clean,transit_smooth,all,0.0,,0.0,,0.07592592592592592,,,,,,0.0,0.12244897959183676,1.3888888888888893,0.0,0.0,,0.0,,carry_minus_ewma
45,switch_delay12,regime_conditional,clean,transit_smooth,record_stable,0.0,,0.0,,0.004273504273504272,,,,,,0.0,0.01282051282051283,1.6025641025641022,0.0,0.0,,0.0,,carry_minus_ewma
45,switch_delay12,regime_conditional,clean,transit_smooth,record_transition,,,,,0.5416666666666666,,,,,,0.0,0.55,0.0,0.0,0.0,,,,carry_minus_ewma
45,switch_delay12,regime_conditional,clean,transit_smooth,stable,0.0,,0.0,,0.0876068376068376,,,,,,0.0,0.14285714285714285,1.602564102564103,0.0,0.0,,0.0,,carry_minus_ewma
45,switch_delay12,regime_conditional,clean,transit_smooth,transition,0.0,,0.0,,0.0,,,,,,0.0,0.0,0.0,0.0,0.0,,0.0,,carry_minus_ewma
45,switch_delay12,regime_conditional,clean,warehouse,all,0.0,,0.0,,0.04768518518518519,,,,,,0.0,0.0,0.9259259259259256,0.0,0.0,,0.0,,carry_minus_ewma
45,switch_delay12,regime_conditional,clean,warehouse,record_stable,0.0,,0.0,,0.0016025641025641107,,,,,,0.0,0.0,0.0,0.0,0.0,,0.0,,carry_minus_ewma
45,switch_delay12,regime_conditional,clean,warehouse,record_transition,,,,,0.3472222222222222,,,,,,0.0,0.0,6.944444444444445,0.0,0.0,,,,carry_minus_ewma
45,switch_delay12,regime_conditional,clean,warehouse,stable,0.0,,0.0,,0.05502136752136752,,,,,,0.0,0.0,1.0683760683760681,0.0,0.0,,0.0,,carry_minus_ewma
45,switch_delay12,regime_conditional,clean,warehouse,transition,0.0,,0.0,,0.0,,,,,,0.0,0.0,0.0,0.0,0.0,,0.0,,carry_minus_ewma
45,switch_delay12,regime_conditional,observed,all,all,-0.04953820199423786,0.03125,-0.04695252841608896,-0.030026296014696557,0.05910852713178294,0.10590277777777779,-0.09027777777777779,0.0,0.03125,-0.03125,0.0,0.05208333333333334,1.6149870801033597,0.0,0.0,0.03125,-0.04953820199423786,0.0,carry_minus_ewma
45,switch_delay12,regime_conditional,observed,all,record_stable,-0.004523799426042946,0.0,-0.004013119814779087,-0.005144290829667608,0.0037195462153617326,0.004184100418410053,-0.008368200836820106,0.0,0.0,-0.004184100418410025,0.0,0.004219409282700426,1.3018411753766053,0.0,0.0,0.0,-0.004523799426042946,0.0,carry_minus_ewma
45,switch_delay12,regime_conditional,observed,all,record_transition,-0.30743525480367584,0.18367346938775508,-0.8689508323654666,-0.39453343786508904,0.4245398773006135,0.6020408163265306,-0.4897959183673469,0.0,0.18367346938775508,-0.163265306122449,0.0,0.27450980392156865,3.6809815950920246,0.0,0.0,0.18367346938775508,-0.30743525480367584,0.0,carry_minus_ewma
45,switch_delay12,regime_conditional,observed,all,stable,-0.16775959295383994,0.03797468354430378,-0.30225988700564976,-0.24330892078394228,0.06804238706079196,0.12869198312236285,-0.10970464135021096,0.0,0.03797468354430378,-0.03797468354430383,0.0,0.056818181818181795,1.8590816136828394,0.0,0.0,0.03797468354430378,-0.16775959295383994,0.0,carry_minus_ewma
45,switch_delay12,regime_conditional,observed,all,transition,0.0,0.0,0.0,0.0,0.0,0.0,0.0,0.0,0.0,0.0,0.0,0.0,0.0,0.0,0.0,0.0,0.0,0.0,carry_minus_ewma
45,switch_delay12,regime_conditional,observed,transit_rough,all,-0.0650111429481057,0.008620689655172431,-0.06708899796972578,-0.046937296827043964,0.04892367906066537,0.030172413793103453,-0.025862068965517182,0.0,0.008620689655172431,0.0,0.0,0.018518518518518517,0.4892367906066539,0.0,0.0,0.008620689655172431,-0.0650111429481057,0.0,carry_minus_ewma
45,switch_delay12,regime_conditional,observed,transit_rough,record_stable,-0.01044453591273925,-0.00934579439252331,-0.009129928706532814,-0.012181137456640373,0.0033994334277620414,0.0,-0.009345794392523366,0.0,-0.00934579439252331,0.0,0.0,-0.012500000000000011,0.5665722379603402,0.0,0.0,-0.00934579439252331,-0.01044453591273925,0.0,carry_minus_ewma
45,switch_delay12,regime_conditional,observed,transit_rough,record_transition,0.03773584905660377,0.2222222222222222,0.020618556701030927,-0.042431015158677615,0.33691756272401435,0.38888888888888884,-0.2222222222222222,0.0,0.2222222222222222,0.0,0.0,0.10714285714285714,0.0,0.0,0.0,0.2222222222222222,0.03773584905660377,0.0,carry_minus_ewma
45,switch_delay12,regime_conditional,observed,transit_rough,stable,-0.14896331738437002,0.011363636363636354,-0.24492922807529546,-0.24530359107602848,0.05605381165919282,0.039772727272727265,-0.03409090909090906,0.0,0.011363636363636354,0.0,0.0,0.018691588785046703,0.5605381165919283,0.0,0.0,0.011363636363636354,-0.14896331738437002,0.0,carry_minus_ewma
45,switch_delay12,regime_conditional,observed,transit_rough,transition,0.0,0.0,0.0,0.0,0.0,0.0,0.0,0.0,0.0,0.0,0.0,0.0,0.0,0.0,0.0,0.0,0.0,0.0,carry_minus_ewma
45,switch_delay12,regime_conditional,observed,transit_smooth,all,-0.015336134453781528,0.09411764705882353,-0.018692289664869938,-0.01284063968753929,0.07999999999999999,0.24705882352941178,-0.16470588235294115,0.0,0.09411764705882353,-0.04705882352941178,0.0,0.13265306122448978,1.927710843373493,0.0,0.0,0.09411764705882353,-0.015336134453781528,0.0,carry_minus_ewma
45,switch_delay12,regime_conditional,observed,transit_smooth,record_stable,0.0013798701298701477,0.016666666666666663,0.0001240694789081953,-0.002127246141999356,0.006070640176600445,0.016666666666666663,0.0,0.0,0.016666666666666663,-0.016666666666666663,0.0,0.025641025641025633,2.2075055187637957,0.0,0.0,0.016666666666666663,0.0013798701298701477,0.0,carry_minus_ewma
45,switch_delay12,regime_conditional,observed,transit_smooth,record_transition,-0.10902255639097744,0.28,-0.9393939393939394,-0.31609607604179285,0.5893536121673004,0.8,-0.56,0.0,0.28,-0.12,0.0,0.55,0.0,0.0,0.0,0.28,-0.10902255639097744,0.0,carry_minus_ewma
45,switch_delay12,regime_conditional,observed,transit_smooth,stable,-0.099821204397611,0.12307692307692308,-0.2779126213592233,-0.1591927886633177,0.09186496956281129,0.3230769230769231,-0.2153846153846154,0.0,0.12307692307692308,-0.06153846153846154,0.0,0.15476190476190477,2.213613724405092,0.0,0.0,0.12307692307692308,-0.099821204397611,0.0,carry_minus_ewma
45,switch_delay12,regime_conditional,observed,transit_smooth,transition,0.0,0.0,0.0,0.0,0.0,0.0,0.0,0.0,0.0,0.0,0.0,0.0,0.0,0.0,0.0,0.0,0.0,0.0,carry_minus_ewma
45,switch_delay12,regime_conditional,observed,warehouse,all,-0.05729468806623264,0.0,-0.04901960784313725,-0.03214927684398493,0.04823926676314519,0.06896551724137931,-0.10344827586206895,0.0,0.0,-0.05747126436781608,0.0,0.0,2.4119633381572605,0.0,0.0,0.0,-0.05729468806623264,0.0,carry_minus_ewma
45,switch_delay12,regime_conditional,observed,warehouse,record_stable,-0.001954185213331877,0.0,-0.0016794178018287031,-0.0014259911495557859,0.0016666666666666774,0.0,-0.01388888888888895,0.0,0.0,0.0,0.0,0.0,1.1111111111111107,0.0,0.0,0.0,-0.001954185213331877,0.0,carry_minus_ewma
45,switch_delay12,regime_conditional,observed,warehouse,record_transition,-0.6360655737704919,0.0,-0.9065420560747663,-0.8397780967125077,0.3553113553113553,0.4,-0.5333333333333333,0.0,0.0,-0.3333333333333333,0.0,0.0,10.989010989010989,0.0,0.0,0.0,-0.6360655737704919,0.0,carry_minus_ewma
45,switch_delay12,regime_conditional,observed,warehouse,stable,-0.19319131161236425,0.0,-0.32387955182072825,-0.2932216956507181,0.05592841163310962,0.07142857142857142,-0.1071428571428572,0.0,0.0,-0.059523809523809534,0.0,0.0,2.7964205816554815,0.0,0.0,0.0,-0.19319131161236425,0.0,carry_minus_ewma
45,switch_delay12,regime_conditional,observed,warehouse,transition,0.0,0.0,0.0,0.0,0.0,0.0,0.0,0.0,0.0,0.0,0.0,0.0,0.0,0.0,0.0,0.0,0.0,0.0,carry_minus_ewma
45,switch_delay12,regime_marginal,clean,all,all,0.0,,0.0,,0.05030864197530864,,,,,,0.0,0.041666666666666664,0.7716049382716044,0.0,0.0,,0.0,,carry_minus_ewma
45,switch_delay12,regime_marginal,clean,all,record_stable,0.0,,0.0,,0.0024928774928774933,,,,,,0.0,0.004219409282700426,0.17806267806267684,0.0,0.0,,0.0,,carry_minus_ewma
45,switch_delay12,regime_marginal,clean,all,record_transition,0.0,,0.0,,0.3611111111111111,,,,,,0.0,0.21568627450980393,4.62962962962963,0.0,0.0,,0.0,,carry_minus_ewma
45,switch_delay12,regime_marginal,clean,all,stable,0.0,,0.0,,0.05804843304843305,,,,,,0.0,0.045454545454545456,0.8903133903133904,0.0,0.0,,0.0,,carry_minus_ewma
45,switch_delay12,regime_marginal,clean,all,transition,0.0,,0.0,,0.0,,,,,,0.0,0.0,0.0,0.0,0.0,,0.0,,carry_minus_ewma
45,switch_delay12,regime_marginal,clean,transit_rough,all,0.0,,0.0,,0.05648148148148148,,,,,,0.0,0.0,1.8518518518518512,0.0,0.0,,0.0,,carry_minus_ewma
45,switch_delay12,regime_marginal,clean,transit_rough,record_stable,0.0,,0.0,,0.005341880341880337,,,,,,0.0,0.0,0.5341880341880341,0.0,0.0,,0.0,,carry_minus_ewma
45,switch_delay12,regime_marginal,clean,transit_rough,record_transition,0.0,,0.0,,0.3888888888888889,,,,,,0.0,0.0,10.416666666666666,0.0,0.0,,0.0,,carry_minus_ewma
45,switch_delay12,regime_marginal,clean,transit_rough,stable,0.0,,0.0,,0.06517094017094016,,,,,,0.0,0.0,2.1367521367521363,0.0,0.0,,0.0,,carry_minus_ewma
45,switch_delay12,regime_marginal,clean,transit_rough,transition,0.0,,0.0,,0.0,,,,,,0.0,0.0,0.0,0.0,0.0,,0.0,,carry_minus_ewma
45,switch_delay12,regime_marginal,clean,transit_smooth,all,0.0,,0.0,,0.049537037037037046,,,,,,0.0,0.12244897959183673,0.0,0.0,0.0,,0.0,,carry_minus_ewma
45,switch_delay12,regime_marginal,clean,transit_smooth,record_stable,0.0,,0.0,,0.0005341880341880323,,,,,,0.0,0.012820512820512817,0.0,0.0,0.0,,0.0,,carry_minus_ewma
45,switch_delay12,regime_marginal,clean,transit_smooth,record_transition,,,,,0.3680555555555556,,,,,,0.0,0.55,0.0,0.0,0.0,,,,carry_minus_ewma
45,switch_delay12,regime_marginal,clean,transit_smooth,stable,0.0,,0.0,,0.057158119658119656,,,,,,0.0,0.14285714285714285,0.0,0.0,0.0,,0.0,,carry_minus_ewma
45,switch_delay12,regime_marginal,clean,transit_smooth,transition,0.0,,0.0,,0.0,,,,,,0.0,0.0,0.0,0.0,0.0,,0.0,,carry_minus_ewma
45,switch_delay12,regime_marginal,clean,warehouse,all,0.0,,0.0,,0.04490740740740741,,,,,,0.0,0.0,0.4629629629629619,0.0,0.0,,0.0,,carry_minus_ewma
45,switch_delay12,regime_marginal,clean,warehouse,record_stable,0.0,,0.0,,0.0016025641025641107,,,,,,0.0,0.0,0.0,0.0,0.0,,0.0,,carry_minus_ewma
45,switch_delay12,regime_marginal,clean,warehouse,record_transition,,,,,0.3263888888888889,,,,,,0.0,0.0,3.4722222222222223,0.0,0.0,,,,carry_minus_ewma
45,switch_delay12,regime_marginal,clean,warehouse,stable,0.0,,0.0,,0.05181623931623931,,,,,,0.0,0.0,0.5341880341880341,0.0,0.0,,0.0,,carry_minus_ewma
45,switch_delay12,regime_marginal,clean,warehouse,transition,0.0,,0.0,,0.0,,,,,,0.0,0.0,0.0,0.0,0.0,,0.0,,carry_minus_ewma
45,switch_delay12,regime_marginal,observed,all,all,0.005111246301755912,0.08680555555555558,-0.006963487149245662,-0.006496786152329681,0.05071059431524548,0.08506944444444445,-0.12152777777777779,0.0,0.08680555555555558,-0.013888888888888895,0.0,0.045138888888888895,1.130490956072352,0.0,0.0,0.08680555555555558,0.005111246301755912,0.0,carry_minus_ewma
45,switch_delay12,regime_marginal,observed,all,record_stable,-0.0016266151885529212,0.0,-0.001556382196016684,-0.00018556190025817432,0.002045750418448955,0.0020920502092049986,-0.02092050209205021,0.0,0.0,0.0,0.0,0.008438818565400852,0.5579319323042586,0.0,0.0,0.0,-0.0016266151885529212,0.0,carry_minus_ewma
45,switch_delay12,regime_marginal,observed,all,record_transition,0.01795271608580218,0.5102040816326531,-0.2480392156862745,-0.15975942723413566,0.3717791411042945,0.489795918367347,-0.6122448979591837,0.0,0.5102040816326531,-0.08163265306122448,0.0,0.21568627450980393,4.9079754601226995,0.0,0.0,0.5102040816326531,0.01795271608580218,0.0,carry_minus_ewma
45,switch_delay12,regime_marginal,observed,all,stable,-0.012269207861822506,0.10548523206751056,-0.10110376438976844,-0.05968809426170729,0.0583751626696412,0.10337552742616035,-0.14767932489451474,0.0,0.10548523206751056,-0.01687763713080169,0.0,0.04924242424242424,1.3013571295779887,0.0,0.0,0.10548523206751056,-0.012269207861822506,0.0,carry_minus_ewma
45,switch_delay12,regime_marginal,observed,all,transition,0.0,0.0,0.0,0.0,0.0,0.0,0.0,0.0,0.0,0.0,0.0,0.0,0.0,0.0,0.0,0.0,0.0,0.0,carry_minus_ewma
45,switch_delay12,regime_marginal,observed,transit_rough,all,-0.025790049518412878,0.025862068965517238,-0.030479473919427957,-0.014425549130916523,0.05626223091976516,0.038793103448275884,-0.025862068965517238,0.0,0.025862068965517238,0.0,0.0,0.0,2.4461839530332696,0.0,0.0,0.025862068965517238,-0.025790049518412878,0.0,carry_minus_ewma
45,switch_delay12,regime_marginal,observed,transit_rough,record_stable,-0.002409504568791354,0.0,-0.00265003261578603,0.0008793216761607547,0.002832861189801694,0.0,0.0,0.0,0.0,0.0,0.0,0.0,1.1331444759206803,0.0,0.0,0.0,-0.002409504568791354,0.0,carry_minus_ewma
45,switch_delay12,regime_marginal,observed,transit_rough,record_transition,0.046153846153846156,0.3333333333333333,0.024793388429752067,-0.010255389286246676,0.3942652329749104,0.5,-0.3333333333333333,0.0,0.3333333333333333,0.0,0.0,0.0,10.75268817204301,0.0,0.0,0.3333333333333333,0.046153846153846156,0.0,carry_minus_ewma
45,switch_delay12,regime_marginal,observed,transit_rough,stable,-0.09715520817413706,0.034090909090909116,-0.17195164075993088,-0.13869871967958783,0.06446188340807175,0.051136363636363646,-0.03409090909090906,0.0,0.034090909090909116,0.0,0.0,0.0,2.8026905829596407,0.0,0.0,0.034090909090909116,-0.09715520817413706,0.0,carry_minus_ewma
45,switch_delay12,regime_marginal,observed,transit_rough,transition,0.0,0.0,0.0,0.0,0.0,0.0,0.0,0.0,0.0,0.0,0.0,0.0,0.0,0.0,0.0,0.0,0.0,0.0,carry_minus_ewma
45,switch_delay12,regime_marginal,observed,transit_smooth,all,0.029609075901794818,0.1764705882352941,0.006535843775841224,0.007812012864949869,0.04915662650602409,0.1411764705882353,-0.15294117647058814,0.0,0.1764705882352941,-0.011764705882352941,0.0,0.1326530612244898,0.48192771084337416,0.0,0.0,0.1764705882352941,0.029609075901794818,0.0,carry_minus_ewma
45,switch_delay12,regime_marginal,observed,transit_smooth,record_stable,-0.001871157444533561,0.0,-0.0015829941203075598,-0.001491244504943312,0.0016556291390728423,0.0,-0.016666666666666607,0.0,0.0,0.0,0.0,0.025641025641025647,0.5518763796909507,0.0,0.0,0.0,-0.001871157444533561,0.0,carry_minus_ewma
45,switch_delay12,regime_marginal,observed,transit_smooth,record_transition,0.15164835164835164,0.6,-0.8608695652173913,-0.265215749576476,0.376425855513308,0.48,-0.48,0.0,0.6,-0.04,0.0,0.55,0.0,0.0,0.0,0.6,0.15164835164835164,0.0,carry_minus_ewma
45,switch_delay12,regime_marginal,observed,transit_smooth,stable,0.117003367003367,0.23076923076923078,0.05375925204518894,0.02289387056054977,0.05644714997232983,0.18461538461538463,-0.20000000000000007,0.0,0.23076923076923078,-0.015384615384615385,0.0,0.15476190476190477,0.5534034311012728,0.0,0.0,0.23076923076923078,0.117003367003367,0.0,carry_minus_ewma
45,switch_delay12,regime_marginal,observed,transit_smooth,transition,0.0,0.0,0.0,0.0,0.0,0.0,0.0,0.0,0.0,0.0,0.0,0.0,0.0,0.0,0.0,0.0,0.0,0.0,carry_minus_ewma
45,switch_delay12,regime_marginal,observed,warehouse,all,0.015537865935882383,0.08045977011494251,0.004519989814107457,-0.010670743594996986,0.046792088760250844,0.09195402298850575,-0.2183908045977011,0.0,0.08045977011494251,-0.034482758620689655,0.0,0.0,0.4823926676314514,0.0,0.0,0.08045977011494251,0.015537865935882383,0.0,carry_minus_ewma
45,switch_delay12,regime_marginal,observed,warehouse,record_stable,-0.0006370441153049841,0.0,-0.0005853087503658178,-0.0005375154056779727,0.0016666666666666635,0.006944444444444444,-0.05555555555555558,0.0,0.0,0.0,0.0,0.0,0.0,0.0,0.0,0.0,-0.0006370441153049841,0.0,carry_minus_ewma
45,switch_delay12,regime_marginal,observed,warehouse,record_transition,-0.165266106442577,0.4666666666666666,-0.9038461538461539,-0.764941502946586,0.3443223443223443,0.5,-1.0,0.0,0.4666666666666666,-0.2,0.0,0.0,3.663003663003663,0.0,0.0,0.4666666666666666,-0.165266106442577,0.0,carry_minus_ewma
45,switch_delay12,regime_marginal,observed,warehouse,stable,-0.002195827926938815,0.08333333333333333,-0.09261744966442954,-0.05274683990895175,0.05425055928411633,0.09523809523809523,-0.22619047619047616,0.0,0.08333333333333333,-0.03571428571428571,0.0,0.0,0.5592841163310958,0.0,0.0,0.08333333333333333,-0.002195827926938815,0.0,carry_minus_ewma
45,switch_delay12,regime_marginal,observed,warehouse,transition,0.0,0.0,0.0,0.0,0.0,0.0,0.0,0.0,0.0,0.0,0.0,0.0,0.0,0.0,0.0,0.0,0.0,0.0,carry_minus_ewma
45,switch_random,regime_conditional,clean,all,all,0.0,,0.0,,0.00046296296296296363,,,,,,0.0,0.0,0.30864197530864157,0.0,0.0,,0.0,,carry_minus_ewma
45,switch_random,regime_conditional,clean,all,record_stable,0.0,,0.0,,0.0,,,,,,0.0,0.0,0.0,0.0,0.0,,0.0,,carry_minus_ewma
45,switch_random,regime_conditional,clean,all,record_transition,0.0,,0.0,,0.003472222222222222,,,,,,0.0,0.0,2.314814814814815,0.0,0.0,,0.0,,carry_minus_ewma
45,switch_random,regime_conditional,clean,all,stable,0.0,,0.0,,0.0,,,,,,0.0,0.0,0.0,0.0,0.0,,0.0,,carry_minus_ewma
45,switch_random,regime_conditional,clean,all,transition,0.0,,0.0,,0.003472222222222222,,,,,,0.0,0.0,2.314814814814815,0.0,0.0,,0.0,,carry_minus_ewma
45,switch_random,regime_conditional,clean,transit_rough,all,0.0,,0.0,,0.0,,,,,,0.0,0.0,0.0,0.0,0.0,,0.0,,carry_minus_ewma
45,switch_random,regime_conditional,clean,transit_rough,record_stable,0.0,,0.0,,0.0,,,,,,0.0,0.0,0.0,0.0,0.0,,0.0,,carry_minus_ewma
45,switch_random,regime_conditional,clean,transit_rough,record_transition,,,,,0.0,,,,,,0.0,0.0,0.0,0.0,0.0,,,,carry_minus_ewma
45,switch_random,regime_conditional,clean,transit_rough,stable,0.0,,0.0,,0.0,,,,,,0.0,0.0,0.0,0.0,0.0,,0.0,,carry_minus_ewma
45,switch_random,regime_conditional,clean,transit_rough,transition,,,,,0.0,,,,,,0.0,0.0,0.0,0.0,0.0,,,,carry_minus_ewma
45,switch_random,regime_conditional,clean,transit_smooth,all,0.0,,0.0,,0.0,,,,,,0.0,0.0,0.0,0.0,0.0,,0.0,,carry_minus_ewma
45,switch_random,regime_conditional,clean,transit_smooth,record_stable,0.0,,0.0,,0.0,,,,,,0.0,0.0,0.0,0.0,0.0,,0.0,,carry_minus_ewma
45,switch_random,regime_conditional,clean,transit_smooth,record_transition,0.0,,0.0,,0.0,,,,,,0.0,0.0,0.0,0.0,0.0,,0.0,,carry_minus_ewma
45,switch_random,regime_conditional,clean,transit_smooth,stable,0.0,,0.0,,0.0,,,,,,0.0,0.0,0.0,0.0,0.0,,0.0,,carry_minus_ewma
45,switch_random,regime_conditional,clean,transit_smooth,transition,0.0,,0.0,,0.0,,,,,,0.0,0.0,0.0,0.0,0.0,,0.0,,carry_minus_ewma
45,switch_random,regime_conditional,clean,warehouse,all,0.0,,0.0,,0.0013888888888888892,,,,,,0.0,0.0,0.9259259259259265,0.0,0.0,,0.0,,carry_minus_ewma
45,switch_random,regime_conditional,clean,warehouse,record_stable,0.0,,0.0,,0.0,,,,,,0.0,0.0,0.0,0.0,0.0,,0.0,,carry_minus_ewma
45,switch_random,regime_conditional,clean,warehouse,record_transition,0.0,,0.0,,0.010416666666666668,,,,,,0.0,0.0,6.944444444444445,0.0,0.0,,0.0,,carry_minus_ewma
45,switch_random,regime_conditional,clean,warehouse,stable,0.0,,0.0,,0.0,,,,,,0.0,0.0,0.0,0.0,0.0,,0.0,,carry_minus_ewma
45,switch_random,regime_conditional,clean,warehouse,transition,0.0,,0.0,,0.010416666666666668,,,,,,0.0,0.0,6.944444444444445,0.0,0.0,,0.0,,carry_minus_ewma
45,switch_random,regime_conditional,observed,all,all,0.003958347020563691,0.006944444444444475,-0.002226222053808291,0.0066169834052455245,0.0004844961240310086,0.0,0.01388888888888884,0.0,0.006944444444444475,0.00694444444444442,0.0,0.0069444444444444475,0.0,0.0,0.0,0.006944444444444475,0.003958347020563691,0.0,carry_minus_ewma
45,switch_random,regime_conditional,observed,all,record_stable,0.0,0.0,0.0,-3.911413413965059e-05,0.0,0.0,0.00421940928270037,0.0,0.0,0.0,0.0,0.0,0.0,0.0,0.0,0.0,0.0,0.0,carry_minus_ewma
45,switch_random,regime_conditional,observed,all,record_transition,0.03062046736502816,0.03921568627450983,-0.06951871657754016,-0.018010269568209114,0.003690036900369004,0.0,0.05882352941176461,0.0,0.03921568627450983,0.03921568627450983,0.0,0.08333333333333334,0.0,0.0,0.0,0.03921568627450983,0.03062046736502816,0.0,carry_minus_ewma
45,switch_random,regime_conditional,observed,all,stable,0.0,0.0,0.0,-3.911413413965059e-05,0.0,0.0,0.00421940928270037,0.0,0.0,0.0,0.0,0.0,0.0,0.0,0.0,0.0,0.0,0.0,carry_minus_ewma
45,switch_random,regime_conditional,observed,all,transition,0.03062046736502816,0.03921568627450983,-0.06951871657754016,-0.018010269568209114,0.003690036900369004,0.0,0.05882352941176461,0.0,0.03921568627450983,0.03921568627450983,0.0,0.08333333333333334,0.0,0.0,0.0,0.03921568627450983,0.03062046736502816,0.0,carry_minus_ewma
45,switch_random,regime_conditional,observed,transit_rough,all,0.0,0.0,0.0,0.0034733677678279173,0.0,0.0,0.025862068965517238,0.0,0.0,0.0,0.0,0.0,0.0,0.0,0.0,0.0,0.0,0.0,carry_minus_ewma
45,switch_random,regime_conditional,observed,transit_rough,record_stable,0.0,0.0,0.0,4.675052262709256e-05,0.0,0.0,0.0,0.0,0.0,0.0,0.0,0.0,0.0,0.0,0.0,0.0,0.0,0.0,carry_minus_ewma
45,switch_random,regime_conditional,observed,transit_rough,record_transition,0.0,0.0,0.0,0.015253427576006118,0.0,0.0,0.1071428571428571,0.0,0.0,0.0,0.0,0.0,0.0,0.0,0.0,0.0,0.0,0.0,carry_minus_ewma
45,switch_random,regime_conditional,observed,transit_rough,stable,0.0,0.0,0.0,4.675052262709256e-05,0.0,0.0,0.0,0.0,0.0,0.0,0.0,0.0,0.0,0.0,0.0,0.0,0.0,0.0,carry_minus_ewma
45,switch_random,regime_conditional,observed,transit_rough,transition,0.0,0.0,0.0,0.015253427576006118,0.0,0.0,0.1071428571428571,0.0,0.0,0.0,0.0,0.0,0.0,0.0,0.0,0.0,0.0,0.0,carry_minus_ewma
45,switch_random,regime_conditional,observed,transit_smooth,all,0.0,0.0,0.0,-0.009490480523750677,0.0,0.0,0.0117647058823529,0.0,0.0,0.0,0.0,0.0,0.0,0.0,0.0,0.0,0.0,0.0,carry_minus_ewma
45,switch_random,regime_conditional,observed,transit_smooth,record_stable,0.0,0.0,0.0,0.0004156390873591431,0.0,0.0,0.015384615384615441,0.0,0.0,0.0,0.0,0.0,0.0,0.0,0.0,0.0,0.0,0.0,carry_minus_ewma
45,switch_random,regime_conditional,observed,transit_smooth,record_transition,0.0,0.0,0.0,-0.058349936234627475,0.0,0.0,0.0,0.0,0.0,0.0,0.0,0.0,0.0,0.0,0.0,0.0,0.0,0.0,carry_minus_ewma
45,switch_random,regime_conditional,observed,transit_smooth,stable,0.0,0.0,0.0,0.0004156390873591431,0.0,0.0,0.015384615384615441,0.0,0.0,0.0,0.0,0.0,0.0,0.0,0.0,0.0,0.0,0.0,carry_minus_ewma
45,switch_random,regime_conditional,observed,transit_smooth,transition,0.0,0.0,0.0,-0.058349936234627475,0.0,0.0,0.0,0.0,0.0,0.0,0.0,0.0,0.0,0.0,0.0,0.0,0.0,0.0,carry_minus_ewma
45,switch_random,regime_conditional,observed,warehouse,all,0.009848484848484884,0.02298850574712641,-0.007727432384966648,0.02216484382490347,0.0014471780028943552,0.0,0.0,0.0,0.02298850574712641,0.02298850574712641,0.0,0.024390243902439046,0.0,0.0,0.0,0.02298850574712641,0.009848484848484884,0.0,carry_minus_ewma
45,switch_random,regime_conditional,observed,warehouse,record_stable,0.0,0.0,0.0,-8.710832366359833e-05,0.0,0.0,0.0,0.0,0.0,0.0,0.0,0.0,0.0,0.0,0.0,0.0,0.0,0.0,carry_minus_ewma
45,switch_random,regime_conditional,observed,warehouse,record_transition,0.2142857142857143,0.6666666666666667,0.08333333333333331,0.8452380952380952,0.010526315789473684,0.0,0.0,0.0,0.6666666666666667,0.6666666666666667,0.0,0.2222222222222222,0.0,0.0,0.0,0.6666666666666667,0.2142857142857143,0.0,carry_minus_ewma
45,switch_random,regime_conditional,observed,warehouse,stable,0.0,0.0,0.0,-8.710832366359833e-05,0.0,0.0,0.0,0.0,0.0,0.0,0.0,0.0,0.0,0.0,0.0,0.0,0.0,0.0,carry_minus_ewma
45,switch_random,regime_conditional,observed,warehouse,transition,0.2142857142857143,0.6666666666666667,0.08333333333333331,0.8452380952380952,0.010526315789473684,0.0,0.0,0.0,0.6666666666666667,0.6666666666666667,0.0,0.2222222222222222,0.0,0.0,0.0,0.6666666666666667,0.2142857142857143,0.0,carry_minus_ewma
45,switch_random,regime_marginal,clean,all,all,0.0,,0.0,,0.0020061728395061734,,,,,,0.0,0.010416666666666668,0.15432098765432123,0.0,0.0,,0.0,,carry_minus_ewma
45,switch_random,regime_marginal,clean,all,record_stable,0.0,,0.0,,-0.0005341880341880358,,,,,,0.0,0.0,0.35612535612535634,0.0,0.0,,0.0,,carry_minus_ewma
45,switch_random,regime_marginal,clean,all,record_transition,0.0,,0.0,,0.018518518518518517,,,,,,0.0,0.125,-1.1574074074074074,0.0,0.0,,0.0,,carry_minus_ewma
45,switch_random,regime_marginal,clean,all,stable,0.0,,0.0,,-0.0005341880341880358,,,,,,0.0,0.0,0.35612535612535634,0.0,0.0,,0.0,,carry_minus_ewma
45,switch_random,regime_marginal,clean,all,transition,0.0,,0.0,,0.018518518518518517,,,,,,0.0,0.125,-1.1574074074074074,0.0,0.0,,0.0,,carry_minus_ewma
45,switch_random,regime_marginal,clean,transit_rough,all,0.0,,0.0,,-0.0018518518518518545,,,,,,0.0,0.0,0.4629629629629637,0.0,0.0,,0.0,,carry_minus_ewma
45,switch_random,regime_marginal,clean,transit_rough,record_stable,0.0,,0.0,,-0.0016025641025641003,,,,,,0.0,0.0,1.0683760683760681,0.0,0.0,,0.0,,carry_minus_ewma
45,switch_random,regime_marginal,clean,transit_rough,record_transition,,,,,-0.003472222222222222,,,,,,0.0,0.0,-3.4722222222222223,0.0,0.0,,,,carry_minus_ewma
45,switch_random,regime_marginal,clean,transit_rough,stable,0.0,,0.0,,-0.0016025641025641003,,,,,,0.0,0.0,1.0683760683760681,0.0,0.0,,0.0,,carry_minus_ewma
45,switch_random,regime_marginal,clean,transit_rough,transition,,,,,-0.003472222222222222,,,,,,0.0,0.0,-3.4722222222222223,0.0,0.0,,,,carry_minus_ewma
45,switch_random,regime_marginal,clean,transit_smooth,all,0.0,,0.0,,0.0,,,,,,0.0,0.0,0.0,0.0,0.0,,0.0,,carry_minus_ewma
45,switch_random,regime_marginal,clean,transit_smooth,record_stable,0.0,,0.0,,0.0,,,,,,0.0,0.0,0.0,0.0,0.0,,0.0,,carry_minus_ewma
45,switch_random,regime_marginal,clean,transit_smooth,record_transition,,,,,0.0,,,,,,0.0,0.0,0.0,0.0,0.0,,,,carry_minus_ewma
45,switch_random,regime_marginal,clean,transit_smooth,stable,0.0,,0.0,,0.0,,,,,,0.0,0.0,0.0,0.0,0.0,,0.0,,carry_minus_ewma
45,switch_random,regime_marginal,clean,transit_smooth,transition,,,,,0.0,,,,,,0.0,0.0,0.0,0.0,0.0,,,,carry_minus_ewma
45,switch_random,regime_marginal,clean,warehouse,all,0.0,,0.0,,0.007870370370370371,,,,,,0.0,0.036585365853658534,0.0,0.0,0.0,,0.0,,carry_minus_ewma
45,switch_random,regime_marginal,clean,warehouse,record_stable,0.0,,0.0,,0.0,,,,,,0.0,0.0,0.0,0.0,0.0,,0.0,,carry_minus_ewma
45,switch_random,regime_marginal,clean,warehouse,record_transition,0.0,,0.0,,0.059027777777777776,,,,,,0.0,0.3333333333333333,0.0,0.0,0.0,,0.0,,carry_minus_ewma
45,switch_random,regime_marginal,clean,warehouse,stable,0.0,,0.0,,0.0,,,,,,0.0,0.0,0.0,0.0,0.0,,0.0,,carry_minus_ewma
45,switch_random,regime_marginal,clean,warehouse,transition,0.0,,0.0,,0.059027777777777776,,,,,,0.0,0.3333333333333333,0.0,0.0,0.0,,0.0,,carry_minus_ewma
45,switch_random,regime_marginal,observed,all,all,0.002736234994299508,0.0069444444444444475,-0.007903749890225686,0.002547191415788602,0.0022609819121447022,0.0069444444444444475,0.01388888888888895,0.0,0.0069444444444444475,-0.0034722222222222238,0.0,0.024305555555555552,0.1614987080103356,0.0,0.0,0.0069444444444444475,0.002736234994299508,0.0,carry_minus_ewma
45,switch_random,regime_marginal,observed,all,record_stable,-0.003282828282828276,-0.004219409282700426,-0.0008874483929467158,4.614083967957594e-05,-0.0005577244841048525,0.0,0.0042194092827004814,0.0,-0.004219409282700426,-0.004219409282700426,0.0,0.0,0.37181632273656806,0.0,0.0,-0.004219409282700426,-0.003282828282828276,0.0,carry_minus_ewma
45,switch_random,regime_marginal,observed,all,record_transition,0.04162895927601809,0.05882352941176472,-0.07983193277310924,-0.0005646042281598762,0.020910209102091022,0.0392156862745098,0.05882352941176472,0.0,0.05882352941176472,0.0,0.0,0.29166666666666663,-1.2300123001230014,0.0,0.0,0.05882352941176472,0.04162895927601809,0.0,carry_minus_ewma
45,switch_random,regime_marginal,observed,all,stable,-0.003282828282828276,-0.004219409282700426,-0.0008874483929467158,4.614083967957594e-05,-0.0005577244841048525,0.0,0.0042194092827004814,0.0,-0.004219409282700426,-0.004219409282700426,0.0,0.0,0.37181632273656806,0.0,0.0,-0.004219409282700426,-0.003282828282828276,0.0,carry_minus_ewma
45,switch_random,regime_marginal,observed,all,transition,0.04162895927601809,0.05882352941176472,-0.07983193277310924,-0.0005646042281598762,0.020910209102091022,0.0392156862745098,0.05882352941176472,0.0,0.05882352941176472,0.0,0.0,0.29166666666666663,-1.2300123001230014,0.0,0.0,0.05882352941176472,0.04162895927601809,0.0,carry_minus_ewma
45,switch_random,regime_marginal,observed,transit_rough,all,0.005098039215686301,0.0,0.014069264069264065,0.005016051752982642,-0.0019569471624266144,0.0,0.025862068965517238,0.0,0.0,0.0,0.0,0.0,0.48923679060665304,0.0,0.0,0.0,0.005098039215686301,0.0,carry_minus_ewma
45,switch_random,regime_marginal,observed,transit_rough,record_stable,0.004803675856307477,0.0,0.010391566265060215,0.0006130936581872359,-0.0016816143497757827,0.0,0.011363636363636354,0.0,0.0,0.0,0.0,0.0,1.1210762331838557,0.0,0.0,0.0,0.004803675856307477,0.0,carry_minus_ewma
45,switch_random,regime_marginal,observed,transit_rough,record_transition,0.005681818181818177,0.0,0.15000000000000002,0.00458436968394621,-0.0038461538461538464,0.0,0.0714285714285714,0.0,0.0,0.0,0.0,0.0,-3.8461538461538463,0.0,0.0,0.0,0.005681818181818177,0.0,carry_minus_ewma
45,switch_random,regime_marginal,observed,transit_rough,stable,0.004803675856307477,0.0,0.010391566265060215,0.0006130936581872359,-0.0016816143497757827,0.0,0.011363636363636354,0.0,0.0,0.0,0.0,0.0,1.1210762331838557,0.0,0.0,0.0,0.004803675856307477,0.0,carry_minus_ewma
45,switch_random,regime_marginal,observed,transit_rough,transition,0.005681818181818177,0.0,0.15000000000000002,0.00458436968394621,-0.0038461538461538464,0.0,0.0714285714285714,0.0,0.0,0.0,0.0,0.0,-3.8461538461538463,0.0,0.0,0.0,0.005681818181818177,0.0,carry_minus_ewma
45,switch_random,regime_marginal,observed,transit_smooth,all,0.0,0.0,0.0,-0.002561072407521514,0.0,0.0,0.0,0.0,0.0,0.0,0.0,0.0,0.0,0.0,0.0,0.0,0.0,0.0,carry_minus_ewma
45,switch_random,regime_marginal,observed,transit_smooth,record_stable,0.0,0.0,0.0,0.00037472809980793054,0.0,0.0,0.0,0.0,0.0,0.0,0.0,0.0,0.0,0.0,0.0,0.0,0.0,0.0,carry_minus_ewma
45,switch_random,regime_marginal,observed,transit_smooth,record_transition,0.0,0.0,0.0,-0.028577692578265257,0.0,0.0,0.0,0.0,0.0,0.0,0.0,0.0,0.0,0.0,0.0,0.0,0.0,0.0,carry_minus_ewma
45,switch_random,regime_marginal,observed,transit_smooth,stable,0.0,0.0,0.0,0.00037472809980793054,0.0,0.0,0.0,0.0,0.0,0.0,0.0,0.0,0.0,0.0,0.0,0.0,0.0,0.0,carry_minus_ewma
45,switch_random,regime_marginal,observed,transit_smooth,transition,0.0,0.0,0.0,-0.028577692578265257,0.0,0.0,0.0,0.0,0.0,0.0,0.0,0.0,0.0,0.0,0.0,0.0,0.0,0.0,carry_minus_ewma
45,switch_random,regime_marginal,observed,warehouse,all,0.008928571428571452,0.02298850574712645,-0.019126389247867664,0.02523469241958959,0.008683068017366138,0.022988505747126436,0.011494252873563315,0.0,0.02298850574712645,-0.011494252873563218,0.0,0.08536585365853658,0.0,0.0,0.0,0.02298850574712645,0.008928571428571452,0.0,carry_minus_ewma
45,switch_random,regime_marginal,observed,warehouse,record_stable,-0.01453488372093023,-0.011904761904761904,-0.018181818181818188,-0.0005370005552291501,0.0,0.0,0.0,0.0,-0.011904761904761904,-0.011904761904761904,0.0,0.0,0.0,0.0,0.0,-0.011904761904761904,-0.01453488372093023,0.0,carry_minus_ewma
45,switch_random,regime_marginal,observed,warehouse,record_transition,0.1875,1.0,0.10344827586206896,0.9316815260211486,0.06315789473684211,0.6666666666666666,0.33333333333333337,0.0,1.0,0.0,0.0,0.7777777777777778,0.0,0.0,0.0,1.0,0.1875,0.0,carry_minus_ewma
45,switch_random,regime_marginal,observed,warehouse,stable,-0.01453488372093023,-0.011904761904761904,-0.018181818181818188,-0.0005370005552291501,0.0,0.0,0.0,0.0,-0.011904761904761904,-0.011904761904761904,0.0,0.0,0.0,0.0,0.0,-0.011904761904761904,-0.01453488372093023,0.0,carry_minus_ewma
45,switch_random,regime_marginal,observed,warehouse,transition,0.1875,1.0,0.10344827586206896,0.9316815260211486,0.06315789473684211,0.6666666666666666,0.33333333333333337,0.0,1.0,0.0,0.0,0.7777777777777778,0.0,0.0,0.0,1.0,0.1875,0.0,carry_minus_ewma
46,count1,regime_conditional,clean,all,all,0.0,,0.0,,0.0,,,,,,0.0,0.0,0.0,0.0,0.0,,0.0,,carry_minus_ewma
46,count1,regime_conditional,clean,all,record_stable,0.0,,0.0,,0.0,,,,,,0.0,0.0,0.0,0.0,0.0,,0.0,,carry_minus_ewma
46,count1,regime_conditional,clean,all,stable,0.0,,0.0,,0.0,,,,,,0.0,0.0,0.0,0.0,0.0,,0.0,,carry_minus_ewma
46,count1,regime_conditional,clean,transit_rough,all,0.0,,0.0,,0.0,,,,,,0.0,0.0,0.0,0.0,0.0,,0.0,,carry_minus_ewma
46,count1,regime_conditional,clean,transit_rough,record_stable,0.0,,0.0,,0.0,,,,,,0.0,0.0,0.0,0.0,0.0,,0.0,,carry_minus_ewma
46,count1,regime_conditional,clean,transit_rough,stable,0.0,,0.0,,0.0,,,,,,0.0,0.0,0.0,0.0,0.0,,0.0,,carry_minus_ewma
46,count1,regime_conditional,clean,transit_smooth,all,0.0,,0.0,,0.0,,,,,,0.0,0.0,0.0,0.0,0.0,,0.0,,carry_minus_ewma
46,count1,regime_conditional,clean,transit_smooth,record_stable,0.0,,0.0,,0.0,,,,,,0.0,0.0,0.0,0.0,0.0,,0.0,,carry_minus_ewma
46,count1,regime_conditional,clean,transit_smooth,stable,0.0,,0.0,,0.0,,,,,,0.0,0.0,0.0,0.0,0.0,,0.0,,carry_minus_ewma
46,count1,regime_conditional,clean,warehouse,all,0.0,,0.0,,0.0,,,,,,0.0,0.0,0.0,0.0,0.0,,0.0,,carry_minus_ewma
46,count1,regime_conditional,clean,warehouse,record_stable,0.0,,0.0,,0.0,,,,,,0.0,0.0,0.0,0.0,0.0,,0.0,,carry_minus_ewma
46,count1,regime_conditional,clean,warehouse,stable,0.0,,0.0,,0.0,,,,,,0.0,0.0,0.0,0.0,0.0,,0.0,,carry_minus_ewma
46,count1,regime_conditional,observed,all,all,0.0,0.0,0.0,0.0,0.0,0.0,0.0,0.0,0.0,0.0,0.0,0.0,0.0,0.0,0.0,0.0,0.0,0.0,carry_minus_ewma
46,count1,regime_conditional,observed,all,record_stable,0.0,0.0,0.0,0.0,0.0,0.0,0.0,0.0,0.0,0.0,0.0,0.0,0.0,0.0,0.0,0.0,0.0,0.0,carry_minus_ewma
46,count1,regime_conditional,observed,all,stable,0.0,0.0,0.0,0.0,0.0,0.0,0.0,0.0,0.0,0.0,0.0,0.0,0.0,0.0,0.0,0.0,0.0,0.0,carry_minus_ewma
46,count1,regime_conditional,observed,transit_rough,all,0.0,0.0,0.0,0.0,0.0,0.0,0.0,0.0,0.0,0.0,0.0,0.0,0.0,0.0,0.0,0.0,0.0,0.0,carry_minus_ewma
46,count1,regime_conditional,observed,transit_rough,record_stable,0.0,0.0,0.0,0.0,0.0,0.0,0.0,0.0,0.0,0.0,0.0,0.0,0.0,0.0,0.0,0.0,0.0,0.0,carry_minus_ewma
46,count1,regime_conditional,observed,transit_rough,stable,0.0,0.0,0.0,0.0,0.0,0.0,0.0,0.0,0.0,0.0,0.0,0.0,0.0,0.0,0.0,0.0,0.0,0.0,carry_minus_ewma
46,count1,regime_conditional,observed,transit_smooth,all,0.0,0.0,0.0,0.0,0.0,0.0,0.0,0.0,0.0,0.0,0.0,0.0,0.0,0.0,0.0,0.0,0.0,0.0,carry_minus_ewma
46,count1,regime_conditional,observed,transit_smooth,record_stable,0.0,0.0,0.0,0.0,0.0,0.0,0.0,0.0,0.0,0.0,0.0,0.0,0.0,0.0,0.0,0.0,0.0,0.0,carry_minus_ewma
46,count1,regime_conditional,observed,transit_smooth,stable,0.0,0.0,0.0,0.0,0.0,0.0,0.0,0.0,0.0,0.0,0.0,0.0,0.0,0.0,0.0,0.0,0.0,0.0,carry_minus_ewma
46,count1,regime_conditional,observed,warehouse,all,0.0,0.0,0.0,0.0,0.0,0.0,0.0,0.0,0.0,0.0,0.0,0.0,0.0,0.0,0.0,0.0,0.0,0.0,carry_minus_ewma
46,count1,regime_conditional,observed,warehouse,record_stable,0.0,0.0,0.0,0.0,0.0,0.0,0.0,0.0,0.0,0.0,0.0,0.0,0.0,0.0,0.0,0.0,0.0,0.0,carry_minus_ewma
46,count1,regime_conditional,observed,warehouse,stable,0.0,0.0,0.0,0.0,0.0,0.0,0.0,0.0,0.0,0.0,0.0,0.0,0.0,0.0,0.0,0.0,0.0,0.0,carry_minus_ewma
46,count1,regime_marginal,clean,all,all,0.0,,0.0,,0.0,,,,,,0.0,0.0,0.0,0.0,0.0,,0.0,,carry_minus_ewma
46,count1,regime_marginal,clean,all,record_stable,0.0,,0.0,,0.0,,,,,,0.0,0.0,0.0,0.0,0.0,,0.0,,carry_minus_ewma
46,count1,regime_marginal,clean,all,stable,0.0,,0.0,,0.0,,,,,,0.0,0.0,0.0,0.0,0.0,,0.0,,carry_minus_ewma
46,count1,regime_marginal,clean,transit_rough,all,0.0,,0.0,,0.0,,,,,,0.0,0.0,0.0,0.0,0.0,,0.0,,carry_minus_ewma
46,count1,regime_marginal,clean,transit_rough,record_stable,0.0,,0.0,,0.0,,,,,,0.0,0.0,0.0,0.0,0.0,,0.0,,carry_minus_ewma
46,count1,regime_marginal,clean,transit_rough,stable,0.0,,0.0,,0.0,,,,,,0.0,0.0,0.0,0.0,0.0,,0.0,,carry_minus_ewma
46,count1,regime_marginal,clean,transit_smooth,all,0.0,,0.0,,0.0,,,,,,0.0,0.0,0.0,0.0,0.0,,0.0,,carry_minus_ewma
46,count1,regime_marginal,clean,transit_smooth,record_stable,0.0,,0.0,,0.0,,,,,,0.0,0.0,0.0,0.0,0.0,,0.0,,carry_minus_ewma
46,count1,regime_marginal,clean,transit_smooth,stable,0.0,,0.0,,0.0,,,,,,0.0,0.0,0.0,0.0,0.0,,0.0,,carry_minus_ewma
46,count1,regime_marginal,clean,warehouse,all,0.0,,0.0,,0.0,,,,,,0.0,0.0,0.0,0.0,0.0,,0.0,,carry_minus_ewma
46,count1,regime_marginal,clean,warehouse,record_stable,0.0,,0.0,,0.0,,,,,,0.0,0.0,0.0,0.0,0.0,,0.0,,carry_minus_ewma
46,count1,regime_marginal,clean,warehouse,stable,0.0,,0.0,,0.0,,,,,,0.0,0.0,0.0,0.0,0.0,,0.0,,carry_minus_ewma
46,count1,regime_marginal,observed,all,all,0.0,0.0,0.0,0.0,0.0,0.0,0.0,0.0,0.0,0.0,0.0,0.0,0.0,0.0,0.0,0.0,0.0,0.0,carry_minus_ewma
46,count1,regime_marginal,observed,all,record_stable,0.0,0.0,0.0,0.0,0.0,0.0,0.0,0.0,0.0,0.0,0.0,0.0,0.0,0.0,0.0,0.0,0.0,0.0,carry_minus_ewma
46,count1,regime_marginal,observed,all,stable,0.0,0.0,0.0,0.0,0.0,0.0,0.0,0.0,0.0,0.0,0.0,0.0,0.0,0.0,0.0,0.0,0.0,0.0,carry_minus_ewma
46,count1,regime_marginal,observed,transit_rough,all,0.0,0.0,0.0,0.0,0.0,0.0,0.0,0.0,0.0,0.0,0.0,0.0,0.0,0.0,0.0,0.0,0.0,0.0,carry_minus_ewma
46,count1,regime_marginal,observed,transit_rough,record_stable,0.0,0.0,0.0,0.0,0.0,0.0,0.0,0.0,0.0,0.0,0.0,0.0,0.0,0.0,0.0,0.0,0.0,0.0,carry_minus_ewma
46,count1,regime_marginal,observed,transit_rough,stable,0.0,0.0,0.0,0.0,0.0,0.0,0.0,0.0,0.0,0.0,0.0,0.0,0.0,0.0,0.0,0.0,0.0,0.0,carry_minus_ewma
46,count1,regime_marginal,observed,transit_smooth,all,0.0,0.0,0.0,0.0,0.0,0.0,0.0,0.0,0.0,0.0,0.0,0.0,0.0,0.0,0.0,0.0,0.0,0.0,carry_minus_ewma
46,count1,regime_marginal,observed,transit_smooth,record_stable,0.0,0.0,0.0,0.0,0.0,0.0,0.0,0.0,0.0,0.0,0.0,0.0,0.0,0.0,0.0,0.0,0.0,0.0,carry_minus_ewma
46,count1,regime_marginal,observed,transit_smooth,stable,0.0,0.0,0.0,0.0,0.0,0.0,0.0,0.0,0.0,0.0,0.0,0.0,0.0,0.0,0.0,0.0,0.0,0.0,carry_minus_ewma
46,count1,regime_marginal,observed,warehouse,all,0.0,0.0,0.0,0.0,0.0,0.0,0.0,0.0,0.0,0.0,0.0,0.0,0.0,0.0,0.0,0.0,0.0,0.0,carry_minus_ewma
46,count1,regime_marginal,observed,warehouse,record_stable,0.0,0.0,0.0,0.0,0.0,0.0,0.0,0.0,0.0,0.0,0.0,0.0,0.0,0.0,0.0,0.0,0.0,0.0,carry_minus_ewma
46,count1,regime_marginal,observed,warehouse,stable,0.0,0.0,0.0,0.0,0.0,0.0,0.0,0.0,0.0,0.0,0.0,0.0,0.0,0.0,0.0,0.0,0.0,0.0,carry_minus_ewma
46,count3,regime_conditional,clean,all,all,0.0,,0.0,,0.0,,,,,,0.0,0.0,0.0,0.0,0.0,,0.0,,carry_minus_ewma
46,count3,regime_conditional,clean,all,record_stable,0.0,,0.0,,0.0,,,,,,0.0,0.0,0.0,0.0,0.0,,0.0,,carry_minus_ewma
46,count3,regime_conditional,clean,all,stable,0.0,,0.0,,0.0,,,,,,0.0,0.0,0.0,0.0,0.0,,0.0,,carry_minus_ewma
46,count3,regime_conditional,clean,transit_rough,all,0.0,,0.0,,0.0,,,,,,0.0,0.0,0.0,0.0,0.0,,0.0,,carry_minus_ewma
46,count3,regime_conditional,clean,transit_rough,record_stable,0.0,,0.0,,0.0,,,,,,0.0,0.0,0.0,0.0,0.0,,0.0,,carry_minus_ewma
46,count3,regime_conditional,clean,transit_rough,stable,0.0,,0.0,,0.0,,,,,,0.0,0.0,0.0,0.0,0.0,,0.0,,carry_minus_ewma
46,count3,regime_conditional,clean,transit_smooth,all,0.0,,0.0,,0.0,,,,,,0.0,0.0,0.0,0.0,0.0,,0.0,,carry_minus_ewma
46,count3,regime_conditional,clean,transit_smooth,record_stable,0.0,,0.0,,0.0,,,,,,0.0,0.0,0.0,0.0,0.0,,0.0,,carry_minus_ewma
46,count3,regime_conditional,clean,transit_smooth,stable,0.0,,0.0,,0.0,,,,,,0.0,0.0,0.0,0.0,0.0,,0.0,,carry_minus_ewma
46,count3,regime_conditional,clean,warehouse,all,0.0,,0.0,,0.0,,,,,,0.0,0.0,0.0,0.0,0.0,,0.0,,carry_minus_ewma
46,count3,regime_conditional,clean,warehouse,record_stable,0.0,,0.0,,0.0,,,,,,0.0,0.0,0.0,0.0,0.0,,0.0,,carry_minus_ewma
46,count3,regime_conditional,clean,warehouse,stable,0.0,,0.0,,0.0,,,,,,0.0,0.0,0.0,0.0,0.0,,0.0,,carry_minus_ewma
46,count3,regime_conditional,observed,all,all,0.0,0.0,0.0,0.0,0.0,0.0,0.0,0.0,0.0,0.0,0.0,0.0,0.0,0.0,0.0,0.0,0.0,0.0,carry_minus_ewma
46,count3,regime_conditional,observed,all,record_stable,0.0,0.0,0.0,0.0,0.0,0.0,0.0,0.0,0.0,0.0,0.0,0.0,0.0,0.0,0.0,0.0,0.0,0.0,carry_minus_ewma
46,count3,regime_conditional,observed,all,stable,0.0,0.0,0.0,0.0,0.0,0.0,0.0,0.0,0.0,0.0,0.0,0.0,0.0,0.0,0.0,0.0,0.0,0.0,carry_minus_ewma
46,count3,regime_conditional,observed,transit_rough,all,0.0,0.0,0.0,0.0,0.0,0.0,0.0,0.0,0.0,0.0,0.0,0.0,0.0,0.0,0.0,0.0,0.0,0.0,carry_minus_ewma
46,count3,regime_conditional,observed,transit_rough,record_stable,0.0,0.0,0.0,0.0,0.0,0.0,0.0,0.0,0.0,0.0,0.0,0.0,0.0,0.0,0.0,0.0,0.0,0.0,carry_minus_ewma
46,count3,regime_conditional,observed,transit_rough,stable,0.0,0.0,0.0,0.0,0.0,0.0,0.0,0.0,0.0,0.0,0.0,0.0,0.0,0.0,0.0,0.0,0.0,0.0,carry_minus_ewma
46,count3,regime_conditional,observed,transit_smooth,all,0.0,0.0,0.0,0.0,0.0,0.0,0.0,0.0,0.0,0.0,0.0,0.0,0.0,0.0,0.0,0.0,0.0,0.0,carry_minus_ewma
46,count3,regime_conditional,observed,transit_smooth,record_stable,0.0,0.0,0.0,0.0,0.0,0.0,0.0,0.0,0.0,0.0,0.0,0.0,0.0,0.0,0.0,0.0,0.0,0.0,carry_minus_ewma
46,count3,regime_conditional,observed,transit_smooth,stable,0.0,0.0,0.0,0.0,0.0,0.0,0.0,0.0,0.0,0.0,0.0,0.0,0.0,0.0,0.0,0.0,0.0,0.0,carry_minus_ewma
46,count3,regime_conditional,observed,warehouse,all,0.0,0.0,0.0,0.0,0.0,0.0,0.0,0.0,0.0,0.0,0.0,0.0,0.0,0.0,0.0,0.0,0.0,0.0,carry_minus_ewma
46,count3,regime_conditional,observed,warehouse,record_stable,0.0,0.0,0.0,0.0,0.0,0.0,0.0,0.0,0.0,0.0,0.0,0.0,0.0,0.0,0.0,0.0,0.0,0.0,carry_minus_ewma
46,count3,regime_conditional,observed,warehouse,stable,0.0,0.0,0.0,0.0,0.0,0.0,0.0,0.0,0.0,0.0,0.0,0.0,0.0,0.0,0.0,0.0,0.0,0.0,carry_minus_ewma
46,count3,regime_marginal,clean,all,all,0.0,,0.0,,0.0,,,,,,0.0,0.0,0.0,0.0,0.0,,0.0,,carry_minus_ewma
46,count3,regime_marginal,clean,all,record_stable,0.0,,0.0,,0.0,,,,,,0.0,0.0,0.0,0.0,0.0,,0.0,,carry_minus_ewma
46,count3,regime_marginal,clean,all,stable,0.0,,0.0,,0.0,,,,,,0.0,0.0,0.0,0.0,0.0,,0.0,,carry_minus_ewma
46,count3,regime_marginal,clean,transit_rough,all,0.0,,0.0,,0.0,,,,,,0.0,0.0,0.0,0.0,0.0,,0.0,,carry_minus_ewma
46,count3,regime_marginal,clean,transit_rough,record_stable,0.0,,0.0,,0.0,,,,,,0.0,0.0,0.0,0.0,0.0,,0.0,,carry_minus_ewma
46,count3,regime_marginal,clean,transit_rough,stable,0.0,,0.0,,0.0,,,,,,0.0,0.0,0.0,0.0,0.0,,0.0,,carry_minus_ewma
46,count3,regime_marginal,clean,transit_smooth,all,0.0,,0.0,,0.0,,,,,,0.0,0.0,0.0,0.0,0.0,,0.0,,carry_minus_ewma
46,count3,regime_marginal,clean,transit_smooth,record_stable,0.0,,0.0,,0.0,,,,,,0.0,0.0,0.0,0.0,0.0,,0.0,,carry_minus_ewma
46,count3,regime_marginal,clean,transit_smooth,stable,0.0,,0.0,,0.0,,,,,,0.0,0.0,0.0,0.0,0.0,,0.0,,carry_minus_ewma
46,count3,regime_marginal,clean,warehouse,all,0.0,,0.0,,0.0,,,,,,0.0,0.0,0.0,0.0,0.0,,0.0,,carry_minus_ewma
46,count3,regime_marginal,clean,warehouse,record_stable,0.0,,0.0,,0.0,,,,,,0.0,0.0,0.0,0.0,0.0,,0.0,,carry_minus_ewma
46,count3,regime_marginal,clean,warehouse,stable,0.0,,0.0,,0.0,,,,,,0.0,0.0,0.0,0.0,0.0,,0.0,,carry_minus_ewma
46,count3,regime_marginal,observed,all,all,0.0,0.0,0.0,0.0,0.0,0.0,0.0,0.0,0.0,0.0,0.0,0.0,0.0,0.0,0.0,0.0,0.0,0.0,carry_minus_ewma
46,count3,regime_marginal,observed,all,record_stable,0.0,0.0,0.0,0.0,0.0,0.0,0.0,0.0,0.0,0.0,0.0,0.0,0.0,0.0,0.0,0.0,0.0,0.0,carry_minus_ewma
46,count3,regime_marginal,observed,all,stable,0.0,0.0,0.0,0.0,0.0,0.0,0.0,0.0,0.0,0.0,0.0,0.0,0.0,0.0,0.0,0.0,0.0,0.0,carry_minus_ewma
46,count3,regime_marginal,observed,transit_rough,all,0.0,0.0,0.0,0.0,0.0,0.0,0.0,0.0,0.0,0.0,0.0,0.0,0.0,0.0,0.0,0.0,0.0,0.0,carry_minus_ewma
46,count3,regime_marginal,observed,transit_rough,record_stable,0.0,0.0,0.0,0.0,0.0,0.0,0.0,0.0,0.0,0.0,0.0,0.0,0.0,0.0,0.0,0.0,0.0,0.0,carry_minus_ewma
46,count3,regime_marginal,observed,transit_rough,stable,0.0,0.0,0.0,0.0,0.0,0.0,0.0,0.0,0.0,0.0,0.0,0.0,0.0,0.0,0.0,0.0,0.0,0.0,carry_minus_ewma
46,count3,regime_marginal,observed,transit_smooth,all,0.0,0.0,0.0,0.0,0.0,0.0,0.0,0.0,0.0,0.0,0.0,0.0,0.0,0.0,0.0,0.0,0.0,0.0,carry_minus_ewma
46,count3,regime_marginal,observed,transit_smooth,record_stable,0.0,0.0,0.0,0.0,0.0,0.0,0.0,0.0,0.0,0.0,0.0,0.0,0.0,0.0,0.0,0.0,0.0,0.0,carry_minus_ewma
46,count3,regime_marginal,observed,transit_smooth,stable,0.0,0.0,0.0,0.0,0.0,0.0,0.0,0.0,0.0,0.0,0.0,0.0,0.0,0.0,0.0,0.0,0.0,0.0,carry_minus_ewma
46,count3,regime_marginal,observed,warehouse,all,0.0,0.0,0.0,0.0,0.0,0.0,0.0,0.0,0.0,0.0,0.0,0.0,0.0,0.0,0.0,0.0,0.0,0.0,carry_minus_ewma
46,count3,regime_marginal,observed,warehouse,record_stable,0.0,0.0,0.0,0.0,0.0,0.0,0.0,0.0,0.0,0.0,0.0,0.0,0.0,0.0,0.0,0.0,0.0,0.0,carry_minus_ewma
46,count3,regime_marginal,observed,warehouse,stable,0.0,0.0,0.0,0.0,0.0,0.0,0.0,0.0,0.0,0.0,0.0,0.0,0.0,0.0,0.0,0.0,0.0,0.0,carry_minus_ewma
46,duration24,regime_conditional,clean,all,all,0.0,,0.0,,0.0,,,,,,0.0,0.0,0.0,0.0,0.0,,0.0,,carry_minus_ewma
46,duration24,regime_conditional,clean,all,record_stable,0.0,,0.0,,0.0,,,,,,0.0,0.0,0.0,0.0,0.0,,0.0,,carry_minus_ewma
46,duration24,regime_conditional,clean,all,stable,0.0,,0.0,,0.0,,,,,,0.0,0.0,0.0,0.0,0.0,,0.0,,carry_minus_ewma
46,duration24,regime_conditional,clean,transit_rough,all,0.0,,0.0,,0.0,,,,,,0.0,0.0,0.0,0.0,0.0,,0.0,,carry_minus_ewma
46,duration24,regime_conditional,clean,transit_rough,record_stable,0.0,,0.0,,0.0,,,,,,0.0,0.0,0.0,0.0,0.0,,0.0,,carry_minus_ewma
46,duration24,regime_conditional,clean,transit_rough,stable,0.0,,0.0,,0.0,,,,,,0.0,0.0,0.0,0.0,0.0,,0.0,,carry_minus_ewma
46,duration24,regime_conditional,clean,transit_smooth,all,0.0,,0.0,,0.0,,,,,,0.0,0.0,0.0,0.0,0.0,,0.0,,carry_minus_ewma
46,duration24,regime_conditional,clean,transit_smooth,record_stable,0.0,,0.0,,0.0,,,,,,0.0,0.0,0.0,0.0,0.0,,0.0,,carry_minus_ewma
46,duration24,regime_conditional,clean,transit_smooth,stable,0.0,,0.0,,0.0,,,,,,0.0,0.0,0.0,0.0,0.0,,0.0,,carry_minus_ewma
46,duration24,regime_conditional,clean,warehouse,all,0.0,,0.0,,0.0,,,,,,0.0,0.0,0.0,0.0,0.0,,0.0,,carry_minus_ewma
46,duration24,regime_conditional,clean,warehouse,record_stable,0.0,,0.0,,0.0,,,,,,0.0,0.0,0.0,0.0,0.0,,0.0,,carry_minus_ewma
46,duration24,regime_conditional,clean,warehouse,stable,0.0,,0.0,,0.0,,,,,,0.0,0.0,0.0,0.0,0.0,,0.0,,carry_minus_ewma
46,duration24,regime_conditional,observed,all,all,0.0,0.0,0.0,0.0,0.0,0.0,0.0,0.0,0.0,0.0,0.0,0.0,0.0,0.0,0.0,0.0,0.0,0.0,carry_minus_ewma
46,duration24,regime_conditional,observed,all,record_stable,0.0,0.0,0.0,0.0,0.0,0.0,0.0,0.0,0.0,0.0,0.0,0.0,0.0,0.0,0.0,0.0,0.0,0.0,carry_minus_ewma
46,duration24,regime_conditional,observed,all,stable,0.0,0.0,0.0,0.0,0.0,0.0,0.0,0.0,0.0,0.0,0.0,0.0,0.0,0.0,0.0,0.0,0.0,0.0,carry_minus_ewma
46,duration24,regime_conditional,observed,transit_rough,all,0.0,0.0,0.0,0.0,0.0,0.0,0.0,0.0,0.0,0.0,0.0,0.0,0.0,0.0,0.0,0.0,0.0,0.0,carry_minus_ewma
46,duration24,regime_conditional,observed,transit_rough,record_stable,0.0,0.0,0.0,0.0,0.0,0.0,0.0,0.0,0.0,0.0,0.0,0.0,0.0,0.0,0.0,0.0,0.0,0.0,carry_minus_ewma
46,duration24,regime_conditional,observed,transit_rough,stable,0.0,0.0,0.0,0.0,0.0,0.0,0.0,0.0,0.0,0.0,0.0,0.0,0.0,0.0,0.0,0.0,0.0,0.0,carry_minus_ewma
46,duration24,regime_conditional,observed,transit_smooth,all,0.0,0.0,0.0,0.0,0.0,0.0,0.0,0.0,0.0,0.0,0.0,0.0,0.0,0.0,0.0,0.0,0.0,0.0,carry_minus_ewma
46,duration24,regime_conditional,observed,transit_smooth,record_stable,0.0,0.0,0.0,0.0,0.0,0.0,0.0,0.0,0.0,0.0,0.0,0.0,0.0,0.0,0.0,0.0,0.0,0.0,carry_minus_ewma
46,duration24,regime_conditional,observed,transit_smooth,stable,0.0,0.0,0.0,0.0,0.0,0.0,0.0,0.0,0.0,0.0,0.0,0.0,0.0,0.0,0.0,0.0,0.0,0.0,carry_minus_ewma
46,duration24,regime_conditional,observed,warehouse,all,0.0,0.0,0.0,0.0,0.0,0.0,0.0,0.0,0.0,0.0,0.0,0.0,0.0,0.0,0.0,0.0,0.0,0.0,carry_minus_ewma
46,duration24,regime_conditional,observed,warehouse,record_stable,0.0,0.0,0.0,0.0,0.0,0.0,0.0,0.0,0.0,0.0,0.0,0.0,0.0,0.0,0.0,0.0,0.0,0.0,carry_minus_ewma
46,duration24,regime_conditional,observed,warehouse,stable,0.0,0.0,0.0,0.0,0.0,0.0,0.0,0.0,0.0,0.0,0.0,0.0,0.0,0.0,0.0,0.0,0.0,0.0,carry_minus_ewma
46,duration24,regime_marginal,clean,all,all,0.0,,0.0,,0.0,,,,,,0.0,0.0,0.0,0.0,0.0,,0.0,,carry_minus_ewma
46,duration24,regime_marginal,clean,all,record_stable,0.0,,0.0,,0.0,,,,,,0.0,0.0,0.0,0.0,0.0,,0.0,,carry_minus_ewma
46,duration24,regime_marginal,clean,all,stable,0.0,,0.0,,0.0,,,,,,0.0,0.0,0.0,0.0,0.0,,0.0,,carry_minus_ewma
46,duration24,regime_marginal,clean,transit_rough,all,0.0,,0.0,,0.0,,,,,,0.0,0.0,0.0,0.0,0.0,,0.0,,carry_minus_ewma
46,duration24,regime_marginal,clean,transit_rough,record_stable,0.0,,0.0,,0.0,,,,,,0.0,0.0,0.0,0.0,0.0,,0.0,,carry_minus_ewma
46,duration24,regime_marginal,clean,transit_rough,stable,0.0,,0.0,,0.0,,,,,,0.0,0.0,0.0,0.0,0.0,,0.0,,carry_minus_ewma
46,duration24,regime_marginal,clean,transit_smooth,all,0.0,,0.0,,0.0,,,,,,0.0,0.0,0.0,0.0,0.0,,0.0,,carry_minus_ewma
46,duration24,regime_marginal,clean,transit_smooth,record_stable,0.0,,0.0,,0.0,,,,,,0.0,0.0,0.0,0.0,0.0,,0.0,,carry_minus_ewma
46,duration24,regime_marginal,clean,transit_smooth,stable,0.0,,0.0,,0.0,,,,,,0.0,0.0,0.0,0.0,0.0,,0.0,,carry_minus_ewma
46,duration24,regime_marginal,clean,warehouse,all,0.0,,0.0,,0.0,,,,,,0.0,0.0,0.0,0.0,0.0,,0.0,,carry_minus_ewma
46,duration24,regime_marginal,clean,warehouse,record_stable,0.0,,0.0,,0.0,,,,,,0.0,0.0,0.0,0.0,0.0,,0.0,,carry_minus_ewma
46,duration24,regime_marginal,clean,warehouse,stable,0.0,,0.0,,0.0,,,,,,0.0,0.0,0.0,0.0,0.0,,0.0,,carry_minus_ewma
46,duration24,regime_marginal,observed,all,all,0.0,0.0,0.0,0.0,0.0,0.0,0.0,0.0,0.0,0.0,0.0,0.0,0.0,0.0,0.0,0.0,0.0,0.0,carry_minus_ewma
46,duration24,regime_marginal,observed,all,record_stable,0.0,0.0,0.0,0.0,0.0,0.0,0.0,0.0,0.0,0.0,0.0,0.0,0.0,0.0,0.0,0.0,0.0,0.0,carry_minus_ewma
46,duration24,regime_marginal,observed,all,stable,0.0,0.0,0.0,0.0,0.0,0.0,0.0,0.0,0.0,0.0,0.0,0.0,0.0,0.0,0.0,0.0,0.0,0.0,carry_minus_ewma
46,duration24,regime_marginal,observed,transit_rough,all,0.0,0.0,0.0,0.0,0.0,0.0,0.0,0.0,0.0,0.0,0.0,0.0,0.0,0.0,0.0,0.0,0.0,0.0,carry_minus_ewma
46,duration24,regime_marginal,observed,transit_rough,record_stable,0.0,0.0,0.0,0.0,0.0,0.0,0.0,0.0,0.0,0.0,0.0,0.0,0.0,0.0,0.0,0.0,0.0,0.0,carry_minus_ewma
46,duration24,regime_marginal,observed,transit_rough,stable,0.0,0.0,0.0,0.0,0.0,0.0,0.0,0.0,0.0,0.0,0.0,0.0,0.0,0.0,0.0,0.0,0.0,0.0,carry_minus_ewma
46,duration24,regime_marginal,observed,transit_smooth,all,0.0,0.0,0.0,0.0,0.0,0.0,0.0,0.0,0.0,0.0,0.0,0.0,0.0,0.0,0.0,0.0,0.0,0.0,carry_minus_ewma
46,duration24,regime_marginal,observed,transit_smooth,record_stable,0.0,0.0,0.0,0.0,0.0,0.0,0.0,0.0,0.0,0.0,0.0,0.0,0.0,0.0,0.0,0.0,0.0,0.0,carry_minus_ewma
46,duration24,regime_marginal,observed,transit_smooth,stable,0.0,0.0,0.0,0.0,0.0,0.0,0.0,0.0,0.0,0.0,0.0,0.0,0.0,0.0,0.0,0.0,0.0,0.0,carry_minus_ewma
46,duration24,regime_marginal,observed,warehouse,all,0.0,0.0,0.0,0.0,0.0,0.0,0.0,0.0,0.0,0.0,0.0,0.0,0.0,0.0,0.0,0.0,0.0,0.0,carry_minus_ewma
46,duration24,regime_marginal,observed,warehouse,record_stable,0.0,0.0,0.0,0.0,0.0,0.0,0.0,0.0,0.0,0.0,0.0,0.0,0.0,0.0,0.0,0.0,0.0,0.0,carry_minus_ewma
46,duration24,regime_marginal,observed,warehouse,stable,0.0,0.0,0.0,0.0,0.0,0.0,0.0,0.0,0.0,0.0,0.0,0.0,0.0,0.0,0.0,0.0,0.0,0.0,carry_minus_ewma
46,duration4,regime_conditional,clean,all,all,0.0,,0.0,,0.0,,,,,,0.0,0.0,0.0,0.0,0.0,,0.0,,carry_minus_ewma
46,duration4,regime_conditional,clean,all,record_stable,0.0,,0.0,,0.0,,,,,,0.0,0.0,0.0,0.0,0.0,,0.0,,carry_minus_ewma
46,duration4,regime_conditional,clean,all,stable,0.0,,0.0,,0.0,,,,,,0.0,0.0,0.0,0.0,0.0,,0.0,,carry_minus_ewma
46,duration4,regime_conditional,clean,transit_rough,all,0.0,,0.0,,0.0,,,,,,0.0,0.0,0.0,0.0,0.0,,0.0,,carry_minus_ewma
46,duration4,regime_conditional,clean,transit_rough,record_stable,0.0,,0.0,,0.0,,,,,,0.0,0.0,0.0,0.0,0.0,,0.0,,carry_minus_ewma
46,duration4,regime_conditional,clean,transit_rough,stable,0.0,,0.0,,0.0,,,,,,0.0,0.0,0.0,0.0,0.0,,0.0,,carry_minus_ewma
46,duration4,regime_conditional,clean,transit_smooth,all,0.0,,0.0,,0.0,,,,,,0.0,0.0,0.0,0.0,0.0,,0.0,,carry_minus_ewma
46,duration4,regime_conditional,clean,transit_smooth,record_stable,0.0,,0.0,,0.0,,,,,,0.0,0.0,0.0,0.0,0.0,,0.0,,carry_minus_ewma
46,duration4,regime_conditional,clean,transit_smooth,stable,0.0,,0.0,,0.0,,,,,,0.0,0.0,0.0,0.0,0.0,,0.0,,carry_minus_ewma
46,duration4,regime_conditional,clean,warehouse,all,0.0,,0.0,,0.0,,,,,,0.0,0.0,0.0,0.0,0.0,,0.0,,carry_minus_ewma
46,duration4,regime_conditional,clean,warehouse,record_stable,0.0,,0.0,,0.0,,,,,,0.0,0.0,0.0,0.0,0.0,,0.0,,carry_minus_ewma
46,duration4,regime_conditional,clean,warehouse,stable,0.0,,0.0,,0.0,,,,,,0.0,0.0,0.0,0.0,0.0,,0.0,,carry_minus_ewma
46,duration4,regime_conditional,observed,all,all,0.0,0.0,0.0,0.0,0.0,0.0,0.0,0.0,0.0,0.0,0.0,0.0,0.0,0.0,0.0,0.0,0.0,0.0,carry_minus_ewma
46,duration4,regime_conditional,observed,all,record_stable,0.0,0.0,0.0,0.0,0.0,0.0,0.0,0.0,0.0,0.0,0.0,0.0,0.0,0.0,0.0,0.0,0.0,0.0,carry_minus_ewma
46,duration4,regime_conditional,observed,all,stable,0.0,0.0,0.0,0.0,0.0,0.0,0.0,0.0,0.0,0.0,0.0,0.0,0.0,0.0,0.0,0.0,0.0,0.0,carry_minus_ewma
46,duration4,regime_conditional,observed,transit_rough,all,0.0,0.0,0.0,0.0,0.0,0.0,0.0,0.0,0.0,0.0,0.0,0.0,0.0,0.0,0.0,0.0,0.0,0.0,carry_minus_ewma
46,duration4,regime_conditional,observed,transit_rough,record_stable,0.0,0.0,0.0,0.0,0.0,0.0,0.0,0.0,0.0,0.0,0.0,0.0,0.0,0.0,0.0,0.0,0.0,0.0,carry_minus_ewma
46,duration4,regime_conditional,observed,transit_rough,stable,0.0,0.0,0.0,0.0,0.0,0.0,0.0,0.0,0.0,0.0,0.0,0.0,0.0,0.0,0.0,0.0,0.0,0.0,carry_minus_ewma
46,duration4,regime_conditional,observed,transit_smooth,all,0.0,0.0,0.0,0.0,0.0,0.0,0.0,0.0,0.0,0.0,0.0,0.0,0.0,0.0,0.0,0.0,0.0,0.0,carry_minus_ewma
46,duration4,regime_conditional,observed,transit_smooth,record_stable,0.0,0.0,0.0,0.0,0.0,0.0,0.0,0.0,0.0,0.0,0.0,0.0,0.0,0.0,0.0,0.0,0.0,0.0,carry_minus_ewma
46,duration4,regime_conditional,observed,transit_smooth,stable,0.0,0.0,0.0,0.0,0.0,0.0,0.0,0.0,0.0,0.0,0.0,0.0,0.0,0.0,0.0,0.0,0.0,0.0,carry_minus_ewma
46,duration4,regime_conditional,observed,warehouse,all,0.0,0.0,0.0,0.0,0.0,0.0,0.0,0.0,0.0,0.0,0.0,0.0,0.0,0.0,0.0,0.0,0.0,0.0,carry_minus_ewma
46,duration4,regime_conditional,observed,warehouse,record_stable,0.0,0.0,0.0,0.0,0.0,0.0,0.0,0.0,0.0,0.0,0.0,0.0,0.0,0.0,0.0,0.0,0.0,0.0,carry_minus_ewma
46,duration4,regime_conditional,observed,warehouse,stable,0.0,0.0,0.0,0.0,0.0,0.0,0.0,0.0,0.0,0.0,0.0,0.0,0.0,0.0,0.0,0.0,0.0,0.0,carry_minus_ewma
46,duration4,regime_marginal,clean,all,all,0.0,,0.0,,0.0,,,,,,0.0,0.0,0.0,0.0,0.0,,0.0,,carry_minus_ewma
46,duration4,regime_marginal,clean,all,record_stable,0.0,,0.0,,0.0,,,,,,0.0,0.0,0.0,0.0,0.0,,0.0,,carry_minus_ewma
46,duration4,regime_marginal,clean,all,stable,0.0,,0.0,,0.0,,,,,,0.0,0.0,0.0,0.0,0.0,,0.0,,carry_minus_ewma
46,duration4,regime_marginal,clean,transit_rough,all,0.0,,0.0,,0.0,,,,,,0.0,0.0,0.0,0.0,0.0,,0.0,,carry_minus_ewma
46,duration4,regime_marginal,clean,transit_rough,record_stable,0.0,,0.0,,0.0,,,,,,0.0,0.0,0.0,0.0,0.0,,0.0,,carry_minus_ewma
46,duration4,regime_marginal,clean,transit_rough,stable,0.0,,0.0,,0.0,,,,,,0.0,0.0,0.0,0.0,0.0,,0.0,,carry_minus_ewma
46,duration4,regime_marginal,clean,transit_smooth,all,0.0,,0.0,,0.0,,,,,,0.0,0.0,0.0,0.0,0.0,,0.0,,carry_minus_ewma
46,duration4,regime_marginal,clean,transit_smooth,record_stable,0.0,,0.0,,0.0,,,,,,0.0,0.0,0.0,0.0,0.0,,0.0,,carry_minus_ewma
46,duration4,regime_marginal,clean,transit_smooth,stable,0.0,,0.0,,0.0,,,,,,0.0,0.0,0.0,0.0,0.0,,0.0,,carry_minus_ewma
46,duration4,regime_marginal,clean,warehouse,all,0.0,,0.0,,0.0,,,,,,0.0,0.0,0.0,0.0,0.0,,0.0,,carry_minus_ewma
46,duration4,regime_marginal,clean,warehouse,record_stable,0.0,,0.0,,0.0,,,,,,0.0,0.0,0.0,0.0,0.0,,0.0,,carry_minus_ewma
46,duration4,regime_marginal,clean,warehouse,stable,0.0,,0.0,,0.0,,,,,,0.0,0.0,0.0,0.0,0.0,,0.0,,carry_minus_ewma
46,duration4,regime_marginal,observed,all,all,0.0,0.0,0.0,0.0,0.0,0.0,0.0,0.0,0.0,0.0,0.0,0.0,0.0,0.0,0.0,0.0,0.0,0.0,carry_minus_ewma
46,duration4,regime_marginal,observed,all,record_stable,0.0,0.0,0.0,0.0,0.0,0.0,0.0,0.0,0.0,0.0,0.0,0.0,0.0,0.0,0.0,0.0,0.0,0.0,carry_minus_ewma
46,duration4,regime_marginal,observed,all,stable,0.0,0.0,0.0,0.0,0.0,0.0,0.0,0.0,0.0,0.0,0.0,0.0,0.0,0.0,0.0,0.0,0.0,0.0,carry_minus_ewma
46,duration4,regime_marginal,observed,transit_rough,all,0.0,0.0,0.0,0.0,0.0,0.0,0.0,0.0,0.0,0.0,0.0,0.0,0.0,0.0,0.0,0.0,0.0,0.0,carry_minus_ewma
46,duration4,regime_marginal,observed,transit_rough,record_stable,0.0,0.0,0.0,0.0,0.0,0.0,0.0,0.0,0.0,0.0,0.0,0.0,0.0,0.0,0.0,0.0,0.0,0.0,carry_minus_ewma
46,duration4,regime_marginal,observed,transit_rough,stable,0.0,0.0,0.0,0.0,0.0,0.0,0.0,0.0,0.0,0.0,0.0,0.0,0.0,0.0,0.0,0.0,0.0,0.0,carry_minus_ewma
46,duration4,regime_marginal,observed,transit_smooth,all,0.0,0.0,0.0,0.0,0.0,0.0,0.0,0.0,0.0,0.0,0.0,0.0,0.0,0.0,0.0,0.0,0.0,0.0,carry_minus_ewma
46,duration4,regime_marginal,observed,transit_smooth,record_stable,0.0,0.0,0.0,0.0,0.0,0.0,0.0,0.0,0.0,0.0,0.0,0.0,0.0,0.0,0.0,0.0,0.0,0.0,carry_minus_ewma
46,duration4,regime_marginal,observed,transit_smooth,stable,0.0,0.0,0.0,0.0,0.0,0.0,0.0,0.0,0.0,0.0,0.0,0.0,0.0,0.0,0.0,0.0,0.0,0.0,carry_minus_ewma
46,duration4,regime_marginal,observed,warehouse,all,0.0,0.0,0.0,0.0,0.0,0.0,0.0,0.0,0.0,0.0,0.0,0.0,0.0,0.0,0.0,0.0,0.0,0.0,carry_minus_ewma
46,duration4,regime_marginal,observed,warehouse,record_stable,0.0,0.0,0.0,0.0,0.0,0.0,0.0,0.0,0.0,0.0,0.0,0.0,0.0,0.0,0.0,0.0,0.0,0.0,carry_minus_ewma
46,duration4,regime_marginal,observed,warehouse,stable,0.0,0.0,0.0,0.0,0.0,0.0,0.0,0.0,0.0,0.0,0.0,0.0,0.0,0.0,0.0,0.0,0.0,0.0,carry_minus_ewma
46,magnitude2,regime_conditional,clean,all,all,0.0,,0.0,,0.0,,,,,,0.0,0.0,0.0,0.0,0.0,,0.0,,carry_minus_ewma
46,magnitude2,regime_conditional,clean,all,record_stable,0.0,,0.0,,0.0,,,,,,0.0,0.0,0.0,0.0,0.0,,0.0,,carry_minus_ewma
46,magnitude2,regime_conditional,clean,all,stable,0.0,,0.0,,0.0,,,,,,0.0,0.0,0.0,0.0,0.0,,0.0,,carry_minus_ewma
46,magnitude2,regime_conditional,clean,transit_rough,all,0.0,,0.0,,0.0,,,,,,0.0,0.0,0.0,0.0,0.0,,0.0,,carry_minus_ewma
46,magnitude2,regime_conditional,clean,transit_rough,record_stable,0.0,,0.0,,0.0,,,,,,0.0,0.0,0.0,0.0,0.0,,0.0,,carry_minus_ewma
46,magnitude2,regime_conditional,clean,transit_rough,stable,0.0,,0.0,,0.0,,,,,,0.0,0.0,0.0,0.0,0.0,,0.0,,carry_minus_ewma
46,magnitude2,regime_conditional,clean,transit_smooth,all,0.0,,0.0,,0.0,,,,,,0.0,0.0,0.0,0.0,0.0,,0.0,,carry_minus_ewma
46,magnitude2,regime_conditional,clean,transit_smooth,record_stable,0.0,,0.0,,0.0,,,,,,0.0,0.0,0.0,0.0,0.0,,0.0,,carry_minus_ewma
46,magnitude2,regime_conditional,clean,transit_smooth,stable,0.0,,0.0,,0.0,,,,,,0.0,0.0,0.0,0.0,0.0,,0.0,,carry_minus_ewma
46,magnitude2,regime_conditional,clean,warehouse,all,0.0,,0.0,,0.0,,,,,,0.0,0.0,0.0,0.0,0.0,,0.0,,carry_minus_ewma
46,magnitude2,regime_conditional,clean,warehouse,record_stable,0.0,,0.0,,0.0,,,,,,0.0,0.0,0.0,0.0,0.0,,0.0,,carry_minus_ewma
46,magnitude2,regime_conditional,clean,warehouse,stable,0.0,,0.0,,0.0,,,,,,0.0,0.0,0.0,0.0,0.0,,0.0,,carry_minus_ewma
46,magnitude2,regime_conditional,observed,all,all,0.0,0.0,0.0,0.0,0.0,0.0,0.0,0.0,0.0,0.0,0.0,0.0,0.0,0.0,0.0,0.0,0.0,0.0,carry_minus_ewma
46,magnitude2,regime_conditional,observed,all,record_stable,0.0,0.0,0.0,0.0,0.0,0.0,0.0,0.0,0.0,0.0,0.0,0.0,0.0,0.0,0.0,0.0,0.0,0.0,carry_minus_ewma
46,magnitude2,regime_conditional,observed,all,stable,0.0,0.0,0.0,0.0,0.0,0.0,0.0,0.0,0.0,0.0,0.0,0.0,0.0,0.0,0.0,0.0,0.0,0.0,carry_minus_ewma
46,magnitude2,regime_conditional,observed,transit_rough,all,0.0,0.0,0.0,0.0,0.0,0.0,0.0,0.0,0.0,0.0,0.0,0.0,0.0,0.0,0.0,0.0,0.0,0.0,carry_minus_ewma
46,magnitude2,regime_conditional,observed,transit_rough,record_stable,0.0,0.0,0.0,0.0,0.0,0.0,0.0,0.0,0.0,0.0,0.0,0.0,0.0,0.0,0.0,0.0,0.0,0.0,carry_minus_ewma
46,magnitude2,regime_conditional,observed,transit_rough,stable,0.0,0.0,0.0,0.0,0.0,0.0,0.0,0.0,0.0,0.0,0.0,0.0,0.0,0.0,0.0,0.0,0.0,0.0,carry_minus_ewma
46,magnitude2,regime_conditional,observed,transit_smooth,all,0.0,0.0,0.0,0.0,0.0,0.0,0.0,0.0,0.0,0.0,0.0,0.0,0.0,0.0,0.0,0.0,0.0,0.0,carry_minus_ewma
46,magnitude2,regime_conditional,observed,transit_smooth,record_stable,0.0,0.0,0.0,0.0,0.0,0.0,0.0,0.0,0.0,0.0,0.0,0.0,0.0,0.0,0.0,0.0,0.0,0.0,carry_minus_ewma
46,magnitude2,regime_conditional,observed,transit_smooth,stable,0.0,0.0,0.0,0.0,0.0,0.0,0.0,0.0,0.0,0.0,0.0,0.0,0.0,0.0,0.0,0.0,0.0,0.0,carry_minus_ewma
46,magnitude2,regime_conditional,observed,warehouse,all,0.0,0.0,0.0,0.0,0.0,0.0,0.0,0.0,0.0,0.0,0.0,0.0,0.0,0.0,0.0,0.0,0.0,0.0,carry_minus_ewma
46,magnitude2,regime_conditional,observed,warehouse,record_stable,0.0,0.0,0.0,0.0,0.0,0.0,0.0,0.0,0.0,0.0,0.0,0.0,0.0,0.0,0.0,0.0,0.0,0.0,carry_minus_ewma
46,magnitude2,regime_conditional,observed,warehouse,stable,0.0,0.0,0.0,0.0,0.0,0.0,0.0,0.0,0.0,0.0,0.0,0.0,0.0,0.0,0.0,0.0,0.0,0.0,carry_minus_ewma
46,magnitude2,regime_marginal,clean,all,all,0.0,,0.0,,0.0,,,,,,0.0,0.0,0.0,0.0,0.0,,0.0,,carry_minus_ewma
46,magnitude2,regime_marginal,clean,all,record_stable,0.0,,0.0,,0.0,,,,,,0.0,0.0,0.0,0.0,0.0,,0.0,,carry_minus_ewma
46,magnitude2,regime_marginal,clean,all,stable,0.0,,0.0,,0.0,,,,,,0.0,0.0,0.0,0.0,0.0,,0.0,,carry_minus_ewma
46,magnitude2,regime_marginal,clean,transit_rough,all,0.0,,0.0,,0.0,,,,,,0.0,0.0,0.0,0.0,0.0,,0.0,,carry_minus_ewma
46,magnitude2,regime_marginal,clean,transit_rough,record_stable,0.0,,0.0,,0.0,,,,,,0.0,0.0,0.0,0.0,0.0,,0.0,,carry_minus_ewma
46,magnitude2,regime_marginal,clean,transit_rough,stable,0.0,,0.0,,0.0,,,,,,0.0,0.0,0.0,0.0,0.0,,0.0,,carry_minus_ewma
46,magnitude2,regime_marginal,clean,transit_smooth,all,0.0,,0.0,,0.0,,,,,,0.0,0.0,0.0,0.0,0.0,,0.0,,carry_minus_ewma
46,magnitude2,regime_marginal,clean,transit_smooth,record_stable,0.0,,0.0,,0.0,,,,,,0.0,0.0,0.0,0.0,0.0,,0.0,,carry_minus_ewma
46,magnitude2,regime_marginal,clean,transit_smooth,stable,0.0,,0.0,,0.0,,,,,,0.0,0.0,0.0,0.0,0.0,,0.0,,carry_minus_ewma
46,magnitude2,regime_marginal,clean,warehouse,all,0.0,,0.0,,0.0,,,,,,0.0,0.0,0.0,0.0,0.0,,0.0,,carry_minus_ewma
46,magnitude2,regime_marginal,clean,warehouse,record_stable,0.0,,0.0,,0.0,,,,,,0.0,0.0,0.0,0.0,0.0,,0.0,,carry_minus_ewma
46,magnitude2,regime_marginal,clean,warehouse,stable,0.0,,0.0,,0.0,,,,,,0.0,0.0,0.0,0.0,0.0,,0.0,,carry_minus_ewma
46,magnitude2,regime_marginal,observed,all,all,0.0,0.0,0.0,0.0,0.0,0.0,0.0,0.0,0.0,0.0,0.0,0.0,0.0,0.0,0.0,0.0,0.0,0.0,carry_minus_ewma
46,magnitude2,regime_marginal,observed,all,record_stable,0.0,0.0,0.0,0.0,0.0,0.0,0.0,0.0,0.0,0.0,0.0,0.0,0.0,0.0,0.0,0.0,0.0,0.0,carry_minus_ewma
46,magnitude2,regime_marginal,observed,all,stable,0.0,0.0,0.0,0.0,0.0,0.0,0.0,0.0,0.0,0.0,0.0,0.0,0.0,0.0,0.0,0.0,0.0,0.0,carry_minus_ewma
46,magnitude2,regime_marginal,observed,transit_rough,all,0.0,0.0,0.0,0.0,0.0,0.0,0.0,0.0,0.0,0.0,0.0,0.0,0.0,0.0,0.0,0.0,0.0,0.0,carry_minus_ewma
46,magnitude2,regime_marginal,observed,transit_rough,record_stable,0.0,0.0,0.0,0.0,0.0,0.0,0.0,0.0,0.0,0.0,0.0,0.0,0.0,0.0,0.0,0.0,0.0,0.0,carry_minus_ewma
46,magnitude2,regime_marginal,observed,transit_rough,stable,0.0,0.0,0.0,0.0,0.0,0.0,0.0,0.0,0.0,0.0,0.0,0.0,0.0,0.0,0.0,0.0,0.0,0.0,carry_minus_ewma
46,magnitude2,regime_marginal,observed,transit_smooth,all,0.0,0.0,0.0,0.0,0.0,0.0,0.0,0.0,0.0,0.0,0.0,0.0,0.0,0.0,0.0,0.0,0.0,0.0,carry_minus_ewma
46,magnitude2,regime_marginal,observed,transit_smooth,record_stable,0.0,0.0,0.0,0.0,0.0,0.0,0.0,0.0,0.0,0.0,0.0,0.0,0.0,0.0,0.0,0.0,0.0,0.0,carry_minus_ewma
46,magnitude2,regime_marginal,observed,transit_smooth,stable,0.0,0.0,0.0,0.0,0.0,0.0,0.0,0.0,0.0,0.0,0.0,0.0,0.0,0.0,0.0,0.0,0.0,0.0,carry_minus_ewma
46,magnitude2,regime_marginal,observed,warehouse,all,0.0,0.0,0.0,0.0,0.0,0.0,0.0,0.0,0.0,0.0,0.0,0.0,0.0,0.0,0.0,0.0,0.0,0.0,carry_minus_ewma
46,magnitude2,regime_marginal,observed,warehouse,record_stable,0.0,0.0,0.0,0.0,0.0,0.0,0.0,0.0,0.0,0.0,0.0,0.0,0.0,0.0,0.0,0.0,0.0,0.0,carry_minus_ewma
46,magnitude2,regime_marginal,observed,warehouse,stable,0.0,0.0,0.0,0.0,0.0,0.0,0.0,0.0,0.0,0.0,0.0,0.0,0.0,0.0,0.0,0.0,0.0,0.0,carry_minus_ewma
46,magnitude4,regime_conditional,clean,all,all,0.0,,0.0,,0.0,,,,,,0.0,0.0,0.0,0.0,0.0,,0.0,,carry_minus_ewma
46,magnitude4,regime_conditional,clean,all,record_stable,0.0,,0.0,,0.0,,,,,,0.0,0.0,0.0,0.0,0.0,,0.0,,carry_minus_ewma
46,magnitude4,regime_conditional,clean,all,stable,0.0,,0.0,,0.0,,,,,,0.0,0.0,0.0,0.0,0.0,,0.0,,carry_minus_ewma
46,magnitude4,regime_conditional,clean,transit_rough,all,0.0,,0.0,,0.0,,,,,,0.0,0.0,0.0,0.0,0.0,,0.0,,carry_minus_ewma
46,magnitude4,regime_conditional,clean,transit_rough,record_stable,0.0,,0.0,,0.0,,,,,,0.0,0.0,0.0,0.0,0.0,,0.0,,carry_minus_ewma
46,magnitude4,regime_conditional,clean,transit_rough,stable,0.0,,0.0,,0.0,,,,,,0.0,0.0,0.0,0.0,0.0,,0.0,,carry_minus_ewma
46,magnitude4,regime_conditional,clean,transit_smooth,all,0.0,,0.0,,0.0,,,,,,0.0,0.0,0.0,0.0,0.0,,0.0,,carry_minus_ewma
46,magnitude4,regime_conditional,clean,transit_smooth,record_stable,0.0,,0.0,,0.0,,,,,,0.0,0.0,0.0,0.0,0.0,,0.0,,carry_minus_ewma
46,magnitude4,regime_conditional,clean,transit_smooth,stable,0.0,,0.0,,0.0,,,,,,0.0,0.0,0.0,0.0,0.0,,0.0,,carry_minus_ewma
46,magnitude4,regime_conditional,clean,warehouse,all,0.0,,0.0,,0.0,,,,,,0.0,0.0,0.0,0.0,0.0,,0.0,,carry_minus_ewma
46,magnitude4,regime_conditional,clean,warehouse,record_stable,0.0,,0.0,,0.0,,,,,,0.0,0.0,0.0,0.0,0.0,,0.0,,carry_minus_ewma
46,magnitude4,regime_conditional,clean,warehouse,stable,0.0,,0.0,,0.0,,,,,,0.0,0.0,0.0,0.0,0.0,,0.0,,carry_minus_ewma
46,magnitude4,regime_conditional,observed,all,all,0.0,0.0,0.0,0.0,0.0,0.0,0.0,0.0,0.0,0.0,0.0,0.0,0.0,0.0,0.0,0.0,0.0,0.0,carry_minus_ewma
46,magnitude4,regime_conditional,observed,all,record_stable,0.0,0.0,0.0,0.0,0.0,0.0,0.0,0.0,0.0,0.0,0.0,0.0,0.0,0.0,0.0,0.0,0.0,0.0,carry_minus_ewma
46,magnitude4,regime_conditional,observed,all,stable,0.0,0.0,0.0,0.0,0.0,0.0,0.0,0.0,0.0,0.0,0.0,0.0,0.0,0.0,0.0,0.0,0.0,0.0,carry_minus_ewma
46,magnitude4,regime_conditional,observed,transit_rough,all,0.0,0.0,0.0,0.0,0.0,0.0,0.0,0.0,0.0,0.0,0.0,0.0,0.0,0.0,0.0,0.0,0.0,0.0,carry_minus_ewma
46,magnitude4,regime_conditional,observed,transit_rough,record_stable,0.0,0.0,0.0,0.0,0.0,0.0,0.0,0.0,0.0,0.0,0.0,0.0,0.0,0.0,0.0,0.0,0.0,0.0,carry_minus_ewma
46,magnitude4,regime_conditional,observed,transit_rough,stable,0.0,0.0,0.0,0.0,0.0,0.0,0.0,0.0,0.0,0.0,0.0,0.0,0.0,0.0,0.0,0.0,0.0,0.0,carry_minus_ewma
46,magnitude4,regime_conditional,observed,transit_smooth,all,0.0,0.0,0.0,0.0,0.0,0.0,0.0,0.0,0.0,0.0,0.0,0.0,0.0,0.0,0.0,0.0,0.0,0.0,carry_minus_ewma
46,magnitude4,regime_conditional,observed,transit_smooth,record_stable,0.0,0.0,0.0,0.0,0.0,0.0,0.0,0.0,0.0,0.0,0.0,0.0,0.0,0.0,0.0,0.0,0.0,0.0,carry_minus_ewma
46,magnitude4,regime_conditional,observed,transit_smooth,stable,0.0,0.0,0.0,0.0,0.0,0.0,0.0,0.0,0.0,0.0,0.0,0.0,0.0,0.0,0.0,0.0,0.0,0.0,carry_minus_ewma
46,magnitude4,regime_conditional,observed,warehouse,all,0.0,0.0,0.0,0.0,0.0,0.0,0.0,0.0,0.0,0.0,0.0,0.0,0.0,0.0,0.0,0.0,0.0,0.0,carry_minus_ewma
46,magnitude4,regime_conditional,observed,warehouse,record_stable,0.0,0.0,0.0,0.0,0.0,0.0,0.0,0.0,0.0,0.0,0.0,0.0,0.0,0.0,0.0,0.0,0.0,0.0,carry_minus_ewma
46,magnitude4,regime_conditional,observed,warehouse,stable,0.0,0.0,0.0,0.0,0.0,0.0,0.0,0.0,0.0,0.0,0.0,0.0,0.0,0.0,0.0,0.0,0.0,0.0,carry_minus_ewma
46,magnitude4,regime_marginal,clean,all,all,0.0,,0.0,,0.0,,,,,,0.0,0.0,0.0,0.0,0.0,,0.0,,carry_minus_ewma
46,magnitude4,regime_marginal,clean,all,record_stable,0.0,,0.0,,0.0,,,,,,0.0,0.0,0.0,0.0,0.0,,0.0,,carry_minus_ewma
46,magnitude4,regime_marginal,clean,all,stable,0.0,,0.0,,0.0,,,,,,0.0,0.0,0.0,0.0,0.0,,0.0,,carry_minus_ewma
46,magnitude4,regime_marginal,clean,transit_rough,all,0.0,,0.0,,0.0,,,,,,0.0,0.0,0.0,0.0,0.0,,0.0,,carry_minus_ewma
46,magnitude4,regime_marginal,clean,transit_rough,record_stable,0.0,,0.0,,0.0,,,,,,0.0,0.0,0.0,0.0,0.0,,0.0,,carry_minus_ewma
46,magnitude4,regime_marginal,clean,transit_rough,stable,0.0,,0.0,,0.0,,,,,,0.0,0.0,0.0,0.0,0.0,,0.0,,carry_minus_ewma
46,magnitude4,regime_marginal,clean,transit_smooth,all,0.0,,0.0,,0.0,,,,,,0.0,0.0,0.0,0.0,0.0,,0.0,,carry_minus_ewma
46,magnitude4,regime_marginal,clean,transit_smooth,record_stable,0.0,,0.0,,0.0,,,,,,0.0,0.0,0.0,0.0,0.0,,0.0,,carry_minus_ewma
46,magnitude4,regime_marginal,clean,transit_smooth,stable,0.0,,0.0,,0.0,,,,,,0.0,0.0,0.0,0.0,0.0,,0.0,,carry_minus_ewma
46,magnitude4,regime_marginal,clean,warehouse,all,0.0,,0.0,,0.0,,,,,,0.0,0.0,0.0,0.0,0.0,,0.0,,carry_minus_ewma
46,magnitude4,regime_marginal,clean,warehouse,record_stable,0.0,,0.0,,0.0,,,,,,0.0,0.0,0.0,0.0,0.0,,0.0,,carry_minus_ewma
46,magnitude4,regime_marginal,clean,warehouse,stable,0.0,,0.0,,0.0,,,,,,0.0,0.0,0.0,0.0,0.0,,0.0,,carry_minus_ewma
46,magnitude4,regime_marginal,observed,all,all,0.0,0.0,0.0,0.0,0.0,0.0,0.0,0.0,0.0,0.0,0.0,0.0,0.0,0.0,0.0,0.0,0.0,0.0,carry_minus_ewma
46,magnitude4,regime_marginal,observed,all,record_stable,0.0,0.0,0.0,0.0,0.0,0.0,0.0,0.0,0.0,0.0,0.0,0.0,0.0,0.0,0.0,0.0,0.0,0.0,carry_minus_ewma
46,magnitude4,regime_marginal,observed,all,stable,0.0,0.0,0.0,0.0,0.0,0.0,0.0,0.0,0.0,0.0,0.0,0.0,0.0,0.0,0.0,0.0,0.0,0.0,carry_minus_ewma
46,magnitude4,regime_marginal,observed,transit_rough,all,0.0,0.0,0.0,0.0,0.0,0.0,0.0,0.0,0.0,0.0,0.0,0.0,0.0,0.0,0.0,0.0,0.0,0.0,carry_minus_ewma
46,magnitude4,regime_marginal,observed,transit_rough,record_stable,0.0,0.0,0.0,0.0,0.0,0.0,0.0,0.0,0.0,0.0,0.0,0.0,0.0,0.0,0.0,0.0,0.0,0.0,carry_minus_ewma
46,magnitude4,regime_marginal,observed,transit_rough,stable,0.0,0.0,0.0,0.0,0.0,0.0,0.0,0.0,0.0,0.0,0.0,0.0,0.0,0.0,0.0,0.0,0.0,0.0,carry_minus_ewma
46,magnitude4,regime_marginal,observed,transit_smooth,all,0.0,0.0,0.0,0.0,0.0,0.0,0.0,0.0,0.0,0.0,0.0,0.0,0.0,0.0,0.0,0.0,0.0,0.0,carry_minus_ewma
46,magnitude4,regime_marginal,observed,transit_smooth,record_stable,0.0,0.0,0.0,0.0,0.0,0.0,0.0,0.0,0.0,0.0,0.0,0.0,0.0,0.0,0.0,0.0,0.0,0.0,carry_minus_ewma
46,magnitude4,regime_marginal,observed,transit_smooth,stable,0.0,0.0,0.0,0.0,0.0,0.0,0.0,0.0,0.0,0.0,0.0,0.0,0.0,0.0,0.0,0.0,0.0,0.0,carry_minus_ewma
46,magnitude4,regime_marginal,observed,warehouse,all,0.0,0.0,0.0,0.0,0.0,0.0,0.0,0.0,0.0,0.0,0.0,0.0,0.0,0.0,0.0,0.0,0.0,0.0,carry_minus_ewma
46,magnitude4,regime_marginal,observed,warehouse,record_stable,0.0,0.0,0.0,0.0,0.0,0.0,0.0,0.0,0.0,0.0,0.0,0.0,0.0,0.0,0.0,0.0,0.0,0.0,carry_minus_ewma
46,magnitude4,regime_marginal,observed,warehouse,stable,0.0,0.0,0.0,0.0,0.0,0.0,0.0,0.0,0.0,0.0,0.0,0.0,0.0,0.0,0.0,0.0,0.0,0.0,carry_minus_ewma
46,steady_d12_n2_m1,regime_conditional,clean,all,all,0.0,,0.0,,0.0,,,,,,0.0,0.0,0.0,0.0,0.0,,0.0,,carry_minus_ewma
46,steady_d12_n2_m1,regime_conditional,clean,all,record_stable,0.0,,0.0,,0.0,,,,,,0.0,0.0,0.0,0.0,0.0,,0.0,,carry_minus_ewma
46,steady_d12_n2_m1,regime_conditional,clean,all,stable,0.0,,0.0,,0.0,,,,,,0.0,0.0,0.0,0.0,0.0,,0.0,,carry_minus_ewma
46,steady_d12_n2_m1,regime_conditional,clean,transit_rough,all,0.0,,0.0,,0.0,,,,,,0.0,0.0,0.0,0.0,0.0,,0.0,,carry_minus_ewma
46,steady_d12_n2_m1,regime_conditional,clean,transit_rough,record_stable,0.0,,0.0,,0.0,,,,,,0.0,0.0,0.0,0.0,0.0,,0.0,,carry_minus_ewma
46,steady_d12_n2_m1,regime_conditional,clean,transit_rough,stable,0.0,,0.0,,0.0,,,,,,0.0,0.0,0.0,0.0,0.0,,0.0,,carry_minus_ewma
46,steady_d12_n2_m1,regime_conditional,clean,transit_smooth,all,0.0,,0.0,,0.0,,,,,,0.0,0.0,0.0,0.0,0.0,,0.0,,carry_minus_ewma
46,steady_d12_n2_m1,regime_conditional,clean,transit_smooth,record_stable,0.0,,0.0,,0.0,,,,,,0.0,0.0,0.0,0.0,0.0,,0.0,,carry_minus_ewma
46,steady_d12_n2_m1,regime_conditional,clean,transit_smooth,stable,0.0,,0.0,,0.0,,,,,,0.0,0.0,0.0,0.0,0.0,,0.0,,carry_minus_ewma
46,steady_d12_n2_m1,regime_conditional,clean,warehouse,all,0.0,,0.0,,0.0,,,,,,0.0,0.0,0.0,0.0,0.0,,0.0,,carry_minus_ewma
46,steady_d12_n2_m1,regime_conditional,clean,warehouse,record_stable,0.0,,0.0,,0.0,,,,,,0.0,0.0,0.0,0.0,0.0,,0.0,,carry_minus_ewma
46,steady_d12_n2_m1,regime_conditional,clean,warehouse,stable,0.0,,0.0,,0.0,,,,,,0.0,0.0,0.0,0.0,0.0,,0.0,,carry_minus_ewma
46,steady_d12_n2_m1,regime_conditional,observed,all,all,0.0,0.0,0.0,0.0,0.0,0.0,0.0,0.0,0.0,0.0,0.0,0.0,0.0,0.0,0.0,0.0,0.0,0.0,carry_minus_ewma
46,steady_d12_n2_m1,regime_conditional,observed,all,record_stable,0.0,0.0,0.0,0.0,0.0,0.0,0.0,0.0,0.0,0.0,0.0,0.0,0.0,0.0,0.0,0.0,0.0,0.0,carry_minus_ewma
46,steady_d12_n2_m1,regime_conditional,observed,all,stable,0.0,0.0,0.0,0.0,0.0,0.0,0.0,0.0,0.0,0.0,0.0,0.0,0.0,0.0,0.0,0.0,0.0,0.0,carry_minus_ewma
46,steady_d12_n2_m1,regime_conditional,observed,transit_rough,all,0.0,0.0,0.0,0.0,0.0,0.0,0.0,0.0,0.0,0.0,0.0,0.0,0.0,0.0,0.0,0.0,0.0,0.0,carry_minus_ewma
46,steady_d12_n2_m1,regime_conditional,observed,transit_rough,record_stable,0.0,0.0,0.0,0.0,0.0,0.0,0.0,0.0,0.0,0.0,0.0,0.0,0.0,0.0,0.0,0.0,0.0,0.0,carry_minus_ewma
46,steady_d12_n2_m1,regime_conditional,observed,transit_rough,stable,0.0,0.0,0.0,0.0,0.0,0.0,0.0,0.0,0.0,0.0,0.0,0.0,0.0,0.0,0.0,0.0,0.0,0.0,carry_minus_ewma
46,steady_d12_n2_m1,regime_conditional,observed,transit_smooth,all,0.0,0.0,0.0,0.0,0.0,0.0,0.0,0.0,0.0,0.0,0.0,0.0,0.0,0.0,0.0,0.0,0.0,0.0,carry_minus_ewma
46,steady_d12_n2_m1,regime_conditional,observed,transit_smooth,record_stable,0.0,0.0,0.0,0.0,0.0,0.0,0.0,0.0,0.0,0.0,0.0,0.0,0.0,0.0,0.0,0.0,0.0,0.0,carry_minus_ewma
46,steady_d12_n2_m1,regime_conditional,observed,transit_smooth,stable,0.0,0.0,0.0,0.0,0.0,0.0,0.0,0.0,0.0,0.0,0.0,0.0,0.0,0.0,0.0,0.0,0.0,0.0,carry_minus_ewma
46,steady_d12_n2_m1,regime_conditional,observed,warehouse,all,0.0,0.0,0.0,0.0,0.0,0.0,0.0,0.0,0.0,0.0,0.0,0.0,0.0,0.0,0.0,0.0,0.0,0.0,carry_minus_ewma
46,steady_d12_n2_m1,regime_conditional,observed,warehouse,record_stable,0.0,0.0,0.0,0.0,0.0,0.0,0.0,0.0,0.0,0.0,0.0,0.0,0.0,0.0,0.0,0.0,0.0,0.0,carry_minus_ewma
46,steady_d12_n2_m1,regime_conditional,observed,warehouse,stable,0.0,0.0,0.0,0.0,0.0,0.0,0.0,0.0,0.0,0.0,0.0,0.0,0.0,0.0,0.0,0.0,0.0,0.0,carry_minus_ewma
46,steady_d12_n2_m1,regime_marginal,clean,all,all,0.0,,0.0,,0.0,,,,,,0.0,0.0,0.0,0.0,0.0,,0.0,,carry_minus_ewma
46,steady_d12_n2_m1,regime_marginal,clean,all,record_stable,0.0,,0.0,,0.0,,,,,,0.0,0.0,0.0,0.0,0.0,,0.0,,carry_minus_ewma
46,steady_d12_n2_m1,regime_marginal,clean,all,stable,0.0,,0.0,,0.0,,,,,,0.0,0.0,0.0,0.0,0.0,,0.0,,carry_minus_ewma
46,steady_d12_n2_m1,regime_marginal,clean,transit_rough,all,0.0,,0.0,,0.0,,,,,,0.0,0.0,0.0,0.0,0.0,,0.0,,carry_minus_ewma
46,steady_d12_n2_m1,regime_marginal,clean,transit_rough,record_stable,0.0,,0.0,,0.0,,,,,,0.0,0.0,0.0,0.0,0.0,,0.0,,carry_minus_ewma
46,steady_d12_n2_m1,regime_marginal,clean,transit_rough,stable,0.0,,0.0,,0.0,,,,,,0.0,0.0,0.0,0.0,0.0,,0.0,,carry_minus_ewma
46,steady_d12_n2_m1,regime_marginal,clean,transit_smooth,all,0.0,,0.0,,0.0,,,,,,0.0,0.0,0.0,0.0,0.0,,0.0,,carry_minus_ewma
46,steady_d12_n2_m1,regime_marginal,clean,transit_smooth,record_stable,0.0,,0.0,,0.0,,,,,,0.0,0.0,0.0,0.0,0.0,,0.0,,carry_minus_ewma
46,steady_d12_n2_m1,regime_marginal,clean,transit_smooth,stable,0.0,,0.0,,0.0,,,,,,0.0,0.0,0.0,0.0,0.0,,0.0,,carry_minus_ewma
46,steady_d12_n2_m1,regime_marginal,clean,warehouse,all,0.0,,0.0,,0.0,,,,,,0.0,0.0,0.0,0.0,0.0,,0.0,,carry_minus_ewma
46,steady_d12_n2_m1,regime_marginal,clean,warehouse,record_stable,0.0,,0.0,,0.0,,,,,,0.0,0.0,0.0,0.0,0.0,,0.0,,carry_minus_ewma
46,steady_d12_n2_m1,regime_marginal,clean,warehouse,stable,0.0,,0.0,,0.0,,,,,,0.0,0.0,0.0,0.0,0.0,,0.0,,carry_minus_ewma
46,steady_d12_n2_m1,regime_marginal,observed,all,all,0.0,0.0,0.0,0.0,0.0,0.0,0.0,0.0,0.0,0.0,0.0,0.0,0.0,0.0,0.0,0.0,0.0,0.0,carry_minus_ewma
46,steady_d12_n2_m1,regime_marginal,observed,all,record_stable,0.0,0.0,0.0,0.0,0.0,0.0,0.0,0.0,0.0,0.0,0.0,0.0,0.0,0.0,0.0,0.0,0.0,0.0,carry_minus_ewma
46,steady_d12_n2_m1,regime_marginal,observed,all,stable,0.0,0.0,0.0,0.0,0.0,0.0,0.0,0.0,0.0,0.0,0.0,0.0,0.0,0.0,0.0,0.0,0.0,0.0,carry_minus_ewma
46,steady_d12_n2_m1,regime_marginal,observed,transit_rough,all,0.0,0.0,0.0,0.0,0.0,0.0,0.0,0.0,0.0,0.0,0.0,0.0,0.0,0.0,0.0,0.0,0.0,0.0,carry_minus_ewma
46,steady_d12_n2_m1,regime_marginal,observed,transit_rough,record_stable,0.0,0.0,0.0,0.0,0.0,0.0,0.0,0.0,0.0,0.0,0.0,0.0,0.0,0.0,0.0,0.0,0.0,0.0,carry_minus_ewma
46,steady_d12_n2_m1,regime_marginal,observed,transit_rough,stable,0.0,0.0,0.0,0.0,0.0,0.0,0.0,0.0,0.0,0.0,0.0,0.0,0.0,0.0,0.0,0.0,0.0,0.0,carry_minus_ewma
46,steady_d12_n2_m1,regime_marginal,observed,transit_smooth,all,0.0,0.0,0.0,0.0,0.0,0.0,0.0,0.0,0.0,0.0,0.0,0.0,0.0,0.0,0.0,0.0,0.0,0.0,carry_minus_ewma
46,steady_d12_n2_m1,regime_marginal,observed,transit_smooth,record_stable,0.0,0.0,0.0,0.0,0.0,0.0,0.0,0.0,0.0,0.0,0.0,0.0,0.0,0.0,0.0,0.0,0.0,0.0,carry_minus_ewma
46,steady_d12_n2_m1,regime_marginal,observed,transit_smooth,stable,0.0,0.0,0.0,0.0,0.0,0.0,0.0,0.0,0.0,0.0,0.0,0.0,0.0,0.0,0.0,0.0,0.0,0.0,carry_minus_ewma
46,steady_d12_n2_m1,regime_marginal,observed,warehouse,all,0.0,0.0,0.0,0.0,0.0,0.0,0.0,0.0,0.0,0.0,0.0,0.0,0.0,0.0,0.0,0.0,0.0,0.0,carry_minus_ewma
46,steady_d12_n2_m1,regime_marginal,observed,warehouse,record_stable,0.0,0.0,0.0,0.0,0.0,0.0,0.0,0.0,0.0,0.0,0.0,0.0,0.0,0.0,0.0,0.0,0.0,0.0,carry_minus_ewma
46,steady_d12_n2_m1,regime_marginal,observed,warehouse,stable,0.0,0.0,0.0,0.0,0.0,0.0,0.0,0.0,0.0,0.0,0.0,0.0,0.0,0.0,0.0,0.0,0.0,0.0,carry_minus_ewma
46,switch_after6,regime_conditional,clean,all,all,0.0,,0.0,,0.0010802469135802462,,,,,,0.0,0.0,0.4629629629629628,0.0,0.0,,0.0,,carry_minus_ewma
46,switch_after6,regime_conditional,clean,all,record_stable,0.0,,0.0,,0.0,,,,,,0.0,0.0,0.0,0.0,0.0,,0.0,,carry_minus_ewma
46,switch_after6,regime_conditional,clean,all,record_transition,0.0,,0.0,,0.008101851851851851,,,,,,0.0,,3.4722222222222214,0.0,0.0,,0.0,,carry_minus_ewma
46,switch_after6,regime_conditional,clean,all,stable,0.0,,0.0,,0.0,,,,,,0.0,0.0,0.0,0.0,0.0,,0.0,,carry_minus_ewma
46,switch_after6,regime_conditional,clean,all,transition,0.0,,0.0,,0.008101851851851851,,,,,,0.0,,3.4722222222222214,0.0,0.0,,0.0,,carry_minus_ewma
46,switch_after6,regime_conditional,clean,transit_rough,all,0.0,,0.0,,0.0,,,,,,0.0,0.0,0.4629629629629628,0.0,0.0,,0.0,,carry_minus_ewma
46,switch_after6,regime_conditional,clean,transit_rough,record_stable,0.0,,0.0,,0.0,,,,,,0.0,0.0,0.0,0.0,0.0,,0.0,,carry_minus_ewma
46,switch_after6,regime_conditional,clean,transit_rough,record_transition,0.0,,0.0,,0.0,,,,,,0.0,,3.472222222222223,0.0,0.0,,0.0,,carry_minus_ewma
46,switch_after6,regime_conditional,clean,transit_rough,stable,0.0,,0.0,,0.0,,,,,,0.0,0.0,0.0,0.0,0.0,,0.0,,carry_minus_ewma
46,switch_after6,regime_conditional,clean,transit_rough,transition,0.0,,0.0,,0.0,,,,,,0.0,,3.472222222222223,0.0,0.0,,0.0,,carry_minus_ewma
46,switch_after6,regime_conditional,clean,transit_smooth,all,0.0,,0.0,,0.0023148148148148147,,,,,,0.0,0.0,0.9259259259259265,0.0,0.0,,0.0,,carry_minus_ewma
46,switch_after6,regime_conditional,clean,transit_smooth,record_stable,0.0,,0.0,,0.0,,,,,,0.0,0.0,0.0,0.0,0.0,,0.0,,carry_minus_ewma
46,switch_after6,regime_conditional,clean,transit_smooth,record_transition,,,,,0.017361111111111112,,,,,,0.0,,6.944444444444445,0.0,0.0,,,,carry_minus_ewma
46,switch_after6,regime_conditional,clean,transit_smooth,stable,0.0,,0.0,,0.0,,,,,,0.0,0.0,0.0,0.0,0.0,,0.0,,carry_minus_ewma
46,switch_after6,regime_conditional,clean,transit_smooth,transition,,,,,0.017361111111111112,,,,,,0.0,,6.944444444444445,0.0,0.0,,,,carry_minus_ewma
46,switch_after6,regime_conditional,clean,warehouse,all,0.0,,0.0,,0.0009259259259259238,,,,,,0.0,0.0,0.0,0.0,0.0,,0.0,,carry_minus_ewma
46,switch_after6,regime_conditional,clean,warehouse,record_stable,0.0,,0.0,,0.0,,,,,,0.0,0.0,0.0,0.0,0.0,,0.0,,carry_minus_ewma
46,switch_after6,regime_conditional,clean,warehouse,record_transition,0.0,,0.0,,0.006944444444444444,,,,,,0.0,,0.0,0.0,0.0,,0.0,,carry_minus_ewma
46,switch_after6,regime_conditional,clean,warehouse,stable,0.0,,0.0,,0.0,,,,,,0.0,0.0,0.0,0.0,0.0,,0.0,,carry_minus_ewma
46,switch_after6,regime_conditional,clean,warehouse,transition,0.0,,0.0,,0.006944444444444444,,,,,,0.0,,0.0,0.0,0.0,,0.0,,carry_minus_ewma
46,switch_after6,regime_conditional,observed,all,all,-0.00992248062015505,-0.00347222222222221,-0.01954252720408617,-0.004286651743968806,0.0016149870801033597,0.006944444444444444,-0.02083333333333326,0.0,-0.00347222222222221,-0.00694444444444442,0.0,0.0,0.4844961240310077,0.0,0.0,-0.00347222222222221,-0.00992248062015505,0.0,carry_minus_ewma
46,switch_after6,regime_conditional,observed,all,record_stable,-0.006939116498729803,-0.006944444444444475,-0.0066747880818232574,0.0006936206100597864,0.0003654970760233918,0.0069444444444444475,0.0,0.0,-0.006944444444444475,-0.01388888888888884,0.0,0.0,0.0,0.0,0.0,-0.006944444444444475,-0.006939116498729803,0.0,carry_minus_ewma
46,switch_after6,regime_conditional,observed,all,record_transition,-0.013641530882910202,0.0,-0.18947368421052635,-0.06662416537171517,0.01111111111111111,0.006944444444444444,-0.041666666666666685,0.0,0.0,0.0,0.0,,4.166666666666667,0.0,0.0,0.0,-0.013641530882910202,0.0,carry_minus_ewma
46,switch_after6,regime_conditional,observed,all,stable,-0.006939116498729803,-0.006944444444444475,-0.0066747880818232574,0.0006936206100597864,0.0003654970760233918,0.0069444444444444475,0.0,0.0,-0.006944444444444475,-0.01388888888888884,0.0,0.0,0.0,0.0,0.0,-0.006944444444444475,-0.006939116498729803,0.0,carry_minus_ewma
46,switch_after6,regime_conditional,observed,all,transition,-0.013641530882910202,0.0,-0.18947368421052635,-0.06662416537171517,0.01111111111111111,0.006944444444444444,-0.041666666666666685,0.0,0.0,0.0,0.0,,4.166666666666667,0.0,0.0,0.0,-0.013641530882910202,0.0,carry_minus_ewma
46,switch_after6,regime_conditional,observed,transit_rough,all,-0.0021186440677966045,0.0,-0.005092592592592593,0.0011944413989669056,0.0004844961240310086,0.0,0.0,0.0,0.0,0.0,0.0,0.0,0.4844961240310077,0.0,0.0,0.0,-0.0021186440677966045,0.0,carry_minus_ewma
46,switch_after6,regime_conditional,observed,transit_rough,record_stable,0.0,0.0,0.0,0.0029631229539764936,0.0,0.0,0.0,0.0,0.0,0.0,0.0,0.0,0.0,0.0,0.0,0.0,0.0,0.0,carry_minus_ewma
46,switch_after6,regime_conditional,observed,transit_rough,record_transition,-0.004545454545454519,0.0,-0.125,-0.04040154478414437,0.004166666666666667,0.0,0.0,0.0,0.0,0.0,0.0,,4.166666666666667,0.0,0.0,0.0,-0.004545454545454519,0.0,carry_minus_ewma
46,switch_after6,regime_conditional,observed,transit_rough,stable,0.0,0.0,0.0,0.0029631229539764936,0.0,0.0,0.0,0.0,0.0,0.0,0.0,0.0,0.0,0.0,0.0,0.0,0.0,0.0,carry_minus_ewma
46,switch_after6,regime_conditional,observed,transit_rough,transition,-0.004545454545454519,0.0,-0.125,-0.04040154478414437,0.004166666666666667,0.0,0.0,0.0,0.0,0.0,0.0,,4.166666666666667,0.0,0.0,0.0,-0.004545454545454519,0.0,carry_minus_ewma
46,switch_after6,regime_conditional,observed,transit_smooth,all,-0.011148272017837246,0.0,-0.03589743589743588,-0.009978403460050522,0.0024224806201550396,0.0,-0.04166666666666663,0.0,0.0,0.0,0.0,0.0,0.9689922480620154,0.0,0.0,0.0,-0.011148272017837246,0.0,carry_minus_ewma
46,switch_after6,regime_conditional,observed,transit_smooth,record_stable,0.0,0.0,0.0,0.003546691914157629,0.0,0.0,0.0,0.0,0.0,0.0,0.0,0.0,0.0,0.0,0.0,0.0,0.0,0.0,carry_minus_ewma
46,switch_after6,regime_conditional,observed,transit_smooth,record_transition,-0.027367268746579132,0.0,-0.33333333333333337,-0.1039972132360012,0.020833333333333332,0.0,-0.08333333333333331,0.0,0.0,0.0,0.0,,8.333333333333334,0.0,0.0,0.0,-0.027367268746579132,0.0,carry_minus_ewma
46,switch_after6,regime_conditional,observed,transit_smooth,stable,0.0,0.0,0.0,0.003546691914157629,0.0,0.0,0.0,0.0,0.0,0.0,0.0,0.0,0.0,0.0,0.0,0.0,0.0,0.0,carry_minus_ewma
46,switch_after6,regime_conditional,observed,transit_smooth,transition,-0.027367268746579132,0.0,-0.33333333333333337,-0.1039972132360012,0.020833333333333332,0.0,-0.08333333333333331,0.0,0.0,0.0,0.0,,8.333333333333334,0.0,0.0,0.0,-0.027367268746579132,0.0,carry_minus_ewma
46,switch_after6,regime_conditional,observed,warehouse,all,-0.016100906765868395,-0.010416666666666685,-0.022602397602397628,-0.0048446679210088495,0.001937984496124031,0.020833333333333336,-0.02083333333333337,0.0,-0.010416666666666685,-0.02083333333333337,0.0,0.0,0.0,0.0,0.0,-0.010416666666666685,-0.016100906765868395,0.0,carry_minus_ewma
46,switch_after6,regime_conditional,observed,warehouse,record_stable,-0.018882769472856054,-0.020833333333333315,-0.016842105263157936,-0.0035072470928614874,0.0010964912280701754,0.02083333333333333,0.0,0.0,-0.020833333333333315,-0.041666666666666685,0.0,0.0,0.0,0.0,0.0,-0.020833333333333315,-0.018882769472856054,0.0,carry_minus_ewma
46,switch_after6,regime_conditional,observed,warehouse,record_transition,-0.010408534998698926,0.0,-0.10256410256410264,-0.04154516072454695,0.008333333333333331,0.020833333333333332,-0.04166666666666663,0.0,0.0,0.0,0.0,,0.0,0.0,0.0,0.0,-0.010408534998698926,0.0,carry_minus_ewma
46,switch_after6,regime_conditional,observed,warehouse,stable,-0.018882769472856054,-0.020833333333333315,-0.016842105263157936,-0.0035072470928614874,0.0010964912280701754,0.02083333333333333,0.0,0.0,-0.020833333333333315,-0.041666666666666685,0.0,0.0,0.0,0.0,0.0,-0.020833333333333315,-0.018882769472856054,0.0,carry_minus_ewma
46,switch_after6,regime_conditional,observed,warehouse,transition,-0.010408534998698926,0.0,-0.10256410256410264,-0.04154516072454695,0.008333333333333331,0.020833333333333332,-0.04166666666666663,0.0,0.0,0.0,0.0,,0.0,0.0,0.0,0.0,-0.010408534998698926,0.0,carry_minus_ewma
46,switch_after6,regime_marginal,clean,all,all,0.0,,0.0,,0.0010802469135802496,,,,,,0.0,0.0,0.4629629629629637,0.0,0.0,,0.0,,carry_minus_ewma
46,switch_after6,regime_marginal,clean,all,record_stable,0.0,,0.0,,0.0001780626780626786,,,,,,0.0,0.0,0.0,0.0,0.0,,0.0,,carry_minus_ewma
46,switch_after6,regime_marginal,clean,all,record_transition,0.0,,0.0,,0.006944444444444444,,,,,,0.0,,3.4722222222222223,0.0,0.0,,0.0,,carry_minus_ewma
46,switch_after6,regime_marginal,clean,all,stable,0.0,,0.0,,0.0001780626780626786,,,,,,0.0,0.0,0.0,0.0,0.0,,0.0,,carry_minus_ewma
46,switch_after6,regime_marginal,clean,all,transition,0.0,,0.0,,0.006944444444444444,,,,,,0.0,,3.4722222222222223,0.0,0.0,,0.0,,carry_minus_ewma
46,switch_after6,regime_marginal,clean,transit_rough,all,0.0,,0.0,,0.0,,,,,,0.0,0.0,0.0,0.0,0.0,,0.0,,carry_minus_ewma
46,switch_after6,regime_marginal,clean,transit_rough,record_stable,0.0,,0.0,,0.0,,,,,,0.0,0.0,0.0,0.0,0.0,,0.0,,carry_minus_ewma
46,switch_after6,regime_marginal,clean,transit_rough,record_transition,,,,,0.0,,,,,,0.0,,0.0,0.0,0.0,,,,carry_minus_ewma
46,switch_after6,regime_marginal,clean,transit_rough,stable,0.0,,0.0,,0.0,,,,,,0.0,0.0,0.0,0.0,0.0,,0.0,,carry_minus_ewma
46,switch_after6,regime_marginal,clean,transit_rough,transition,,,,,0.0,,,,,,0.0,,0.0,0.0,0.0,,,,carry_minus_ewma
46,switch_after6,regime_marginal,clean,transit_smooth,all,0.0,,0.0,,0.0009259259259259255,,,,,,0.0,0.0,0.0,0.0,0.0,,0.0,,carry_minus_ewma
46,switch_after6,regime_marginal,clean,transit_smooth,record_stable,0.0,,0.0,,0.0,,,,,,0.0,0.0,0.0,0.0,0.0,,0.0,,carry_minus_ewma
46,switch_after6,regime_marginal,clean,transit_smooth,record_transition,,,,,0.006944444444444444,,,,,,0.0,,0.0,0.0,0.0,,,,carry_minus_ewma
46,switch_after6,regime_marginal,clean,transit_smooth,stable,0.0,,0.0,,0.0,,,,,,0.0,0.0,0.0,0.0,0.0,,0.0,,carry_minus_ewma
46,switch_after6,regime_marginal,clean,transit_smooth,transition,,,,,0.006944444444444444,,,,,,0.0,,0.0,0.0,0.0,,,,carry_minus_ewma
46,switch_after6,regime_marginal,clean,warehouse,all,0.0,,0.0,,0.0023148148148148147,,,,,,0.0,0.0,1.3888888888888893,0.0,0.0,,0.0,,carry_minus_ewma
46,switch_after6,regime_marginal,clean,warehouse,record_stable,0.0,,0.0,,0.0005341880341880323,,,,,,0.0,0.0,0.0,0.0,0.0,,0.0,,carry_minus_ewma
46,switch_after6,regime_marginal,clean,warehouse,record_transition,0.0,,0.0,,0.01388888888888889,,,,,,0.0,,10.416666666666668,0.0,0.0,,0.0,,carry_minus_ewma
46,switch_after6,regime_marginal,clean,warehouse,stable,0.0,,0.0,,0.0005341880341880323,,,,,,0.0,0.0,0.0,0.0,0.0,,0.0,,carry_minus_ewma
46,switch_after6,regime_marginal,clean,warehouse,transition,0.0,,0.0,,0.01388888888888889,,,,,,0.0,,10.416666666666668,0.0,0.0,,0.0,,carry_minus_ewma
46,switch_after6,regime_marginal,observed,all,all,0.0011437170805116692,0.00347222222222221,-0.0069295101553166205,-0.0009583962624389875,0.0009689922480620172,0.0,-0.01041666666666663,0.0,0.00347222222222221,0.0034722222222222376,0.0,0.0,0.3229974160206721,0.0,0.0,0.00347222222222221,0.0011437170805116692,0.0,carry_minus_ewma
46,switch_after6,regime_marginal,observed,all,record_stable,-0.0007518231711901302,0.0,-0.0015639662183296876,6.336068603993161e-05,0.00018274853801169763,0.0,-0.00694444444444442,0.0,0.0,0.0,0.0,0.0,0.0,0.0,0.0,0.0,-0.0007518231711901302,0.0,carry_minus_ewma
46,switch_after6,regime_marginal,observed,all,record_transition,0.0043887380518466135,0.0069444444444444475,-0.21739130434782605,-0.06803522986155208,0.006944444444444444,0.0,-0.013888888888888895,0.0,0.0069444444444444475,0.0069444444444444475,0.0,,2.7777777777777777,0.0,0.0,0.0069444444444444475,0.0043887380518466135,0.0,carry_minus_ewma
46,switch_after6,regime_marginal,observed,all,stable,-0.0007518231711901302,0.0,-0.0015639662183296876,6.336068603993161e-05,0.00018274853801169763,0.0,-0.00694444444444442,0.0,0.0,0.0,0.0,0.0,0.0,0.0,0.0,0.0,-0.0007518231711901302,0.0,carry_minus_ewma
46,switch_after6,regime_marginal,observed,all,transition,0.0043887380518466135,0.0069444444444444475,-0.21739130434782605,-0.06803522986155208,0.006944444444444444,0.0,-0.013888888888888895,0.0,0.0069444444444444475,0.0069444444444444475,0.0,,2.7777777777777777,0.0,0.0,0.0069444444444444475,0.0043887380518466135,0.0,carry_minus_ewma
46,switch_after6,regime_marginal,observed,transit_rough,all,0.0,0.0,0.0,0.002003338255582132,0.0,0.0,0.0,0.0,0.0,0.0,0.0,0.0,0.0,0.0,0.0,0.0,0.0,0.0,carry_minus_ewma
46,switch_after6,regime_marginal,observed,transit_rough,record_stable,0.0,0.0,0.0,0.0014971767011396075,0.0,0.0,0.0,0.0,0.0,0.0,0.0,0.0,0.0,0.0,0.0,0.0,0.0,0.0,carry_minus_ewma
46,switch_after6,regime_marginal,observed,transit_rough,record_transition,0.0,0.0,0.0,-0.007721782536335375,0.0,0.0,0.0,0.0,0.0,0.0,0.0,,0.0,0.0,0.0,0.0,0.0,0.0,carry_minus_ewma
46,switch_after6,regime_marginal,observed,transit_rough,stable,0.0,0.0,0.0,0.0014971767011396075,0.0,0.0,0.0,0.0,0.0,0.0,0.0,0.0,0.0,0.0,0.0,0.0,0.0,0.0,carry_minus_ewma
46,switch_after6,regime_marginal,observed,transit_rough,transition,0.0,0.0,0.0,-0.007721782536335375,0.0,0.0,0.0,0.0,0.0,0.0,0.0,,0.0,0.0,0.0,0.0,0.0,0.0,carry_minus_ewma
46,switch_after6,regime_marginal,observed,transit_smooth,all,-0.001977401129943504,0.0,-0.02651515151515149,-0.0059218372437277456,0.0009689922480620164,0.0,-0.02083333333333326,0.0,0.0,0.0,0.0,0.0,0.0,0.0,0.0,0.0,-0.001977401129943504,0.0,carry_minus_ewma
46,switch_after6,regime_marginal,observed,transit_smooth,record_stable,0.0,0.0,0.0,-0.0004503047287944817,0.0,0.0,-0.02083333333333326,0.0,0.0,0.0,0.0,0.0,0.0,0.0,0.0,0.0,0.0,0.0,carry_minus_ewma
46,switch_after6,regime_marginal,observed,transit_smooth,record_transition,-0.004439511653718087,0.0,-0.4,-0.09279107446759016,0.008333333333333333,0.0,-0.02083333333333337,0.0,0.0,0.0,0.0,,0.0,0.0,0.0,0.0,-0.004439511653718087,0.0,carry_minus_ewma
46,switch_after6,regime_marginal,observed,transit_smooth,stable,0.0,0.0,0.0,-0.0004503047287944817,0.0,0.0,-0.02083333333333326,0.0,0.0,0.0,0.0,0.0,0.0,0.0,0.0,0.0,0.0,0.0,carry_minus_ewma
46,switch_after6,regime_marginal,observed,transit_smooth,transition,-0.004439511653718087,0.0,-0.4,-0.09279107446759016,0.008333333333333333,0.0,-0.02083333333333337,0.0,0.0,0.0,0.0,,0.0,0.0,0.0,0.0,-0.004439511653718087,0.0,carry_minus_ewma
46,switch_after6,regime_marginal,observed,warehouse,all,0.003744580212849846,0.010416666666666657,-0.006335282651072138,0.007683124226724292,0.001937984496124031,0.0,-0.01041666666666663,0.0,0.010416666666666657,0.010416666666666657,0.0,0.0,0.9689922480620154,0.0,0.0,0.010416666666666657,0.003744580212849846,0.0,carry_minus_ewma
46,switch_after6,regime_marginal,observed,warehouse,record_stable,-0.001983218916857349,0.0,-0.0029398462234282996,0.003302945573220445,0.000548245614035086,0.0,0.0,0.0,0.0,0.0,0.0,0.0,0.0,0.0,0.0,0.0,-0.001983218916857349,0.0,carry_minus_ewma
46,switch_after6,regime_marginal,observed,warehouse,record_transition,0.010011123470522798,0.020833333333333315,-0.2142857142857143,-0.04269848623243755,0.0125,0.0,-0.020833333333333315,0.0,0.020833333333333315,0.020833333333333315,0.0,,8.333333333333334,0.0,0.0,0.020833333333333315,0.010011123470522798,0.0,carry_minus_ewma
46,switch_after6,regime_marginal,observed,warehouse,stable,-0.001983218916857349,0.0,-0.0029398462234282996,0.003302945573220445,0.000548245614035086,0.0,0.0,0.0,0.0,0.0,0.0,0.0,0.0,0.0,0.0,0.0,-0.001983218916857349,0.0,carry_minus_ewma
46,switch_after6,regime_marginal,observed,warehouse,transition,0.010011123470522798,0.020833333333333315,-0.2142857142857143,-0.04269848623243755,0.0125,0.0,-0.020833333333333315,0.0,0.020833333333333315,0.020833333333333315,0.0,,8.333333333333334,0.0,0.0,0.020833333333333315,0.010011123470522798,0.0,carry_minus_ewma
46,switch_at,regime_conditional,clean,all,all,0.0,,0.0,,0.0010802469135802462,,,,,,0.0,0.0,0.4629629629629628,0.0,0.0,,0.0,,carry_minus_ewma
46,switch_at,regime_conditional,clean,all,record_stable,0.0,,0.0,,0.0,,,,,,0.0,0.0,0.0,0.0,0.0,,0.0,,carry_minus_ewma
46,switch_at,regime_conditional,clean,all,record_transition,0.0,,0.0,,0.008101851851851851,,,,,,0.0,,3.4722222222222214,0.0,0.0,,0.0,,carry_minus_ewma
46,switch_at,regime_conditional,clean,all,stable,0.0,,0.0,,0.0,,,,,,0.0,0.0,0.0,0.0,0.0,,0.0,,carry_minus_ewma
46,switch_at,regime_conditional,clean,all,transition,0.0,,0.0,,0.008101851851851851,,,,,,0.0,,3.4722222222222214,0.0,0.0,,0.0,,carry_minus_ewma
46,switch_at,regime_conditional,clean,transit_rough,all,0.0,,0.0,,0.0,,,,,,0.0,0.0,0.4629629629629628,0.0,0.0,,0.0,,carry_minus_ewma
46,switch_at,regime_conditional,clean,transit_rough,record_stable,0.0,,0.0,,0.0,,,,,,0.0,0.0,0.0,0.0,0.0,,0.0,,carry_minus_ewma
46,switch_at,regime_conditional,clean,transit_rough,record_transition,0.0,,0.0,,0.0,,,,,,0.0,,3.472222222222223,0.0,0.0,,0.0,,carry_minus_ewma
46,switch_at,regime_conditional,clean,transit_rough,stable,0.0,,0.0,,0.0,,,,,,0.0,0.0,0.0,0.0,0.0,,0.0,,carry_minus_ewma
46,switch_at,regime_conditional,clean,transit_rough,transition,0.0,,0.0,,0.0,,,,,,0.0,,3.472222222222223,0.0,0.0,,0.0,,carry_minus_ewma
46,switch_at,regime_conditional,clean,transit_smooth,all,0.0,,0.0,,0.0023148148148148147,,,,,,0.0,0.0,0.9259259259259265,0.0,0.0,,0.0,,carry_minus_ewma
46,switch_at,regime_conditional,clean,transit_smooth,record_stable,0.0,,0.0,,0.0,,,,,,0.0,0.0,0.0,0.0,0.0,,0.0,,carry_minus_ewma
46,switch_at,regime_conditional,clean,transit_smooth,record_transition,,,,,0.017361111111111112,,,,,,0.0,,6.944444444444445,0.0,0.0,,,,carry_minus_ewma
46,switch_at,regime_conditional,clean,transit_smooth,stable,0.0,,0.0,,0.0,,,,,,0.0,0.0,0.0,0.0,0.0,,0.0,,carry_minus_ewma
46,switch_at,regime_conditional,clean,transit_smooth,transition,,,,,0.017361111111111112,,,,,,0.0,,6.944444444444445,0.0,0.0,,,,carry_minus_ewma
46,switch_at,regime_conditional,clean,warehouse,all,0.0,,0.0,,0.0009259259259259238,,,,,,0.0,0.0,0.0,0.0,0.0,,0.0,,carry_minus_ewma
46,switch_at,regime_conditional,clean,warehouse,record_stable,0.0,,0.0,,0.0,,,,,,0.0,0.0,0.0,0.0,0.0,,0.0,,carry_minus_ewma
46,switch_at,regime_conditional,clean,warehouse,record_transition,0.0,,0.0,,0.006944444444444444,,,,,,0.0,,0.0,0.0,0.0,,0.0,,carry_minus_ewma
46,switch_at,regime_conditional,clean,warehouse,stable,0.0,,0.0,,0.0,,,,,,0.0,0.0,0.0,0.0,0.0,,0.0,,carry_minus_ewma
46,switch_at,regime_conditional,clean,warehouse,transition,0.0,,0.0,,0.006944444444444444,,,,,,0.0,,0.0,0.0,0.0,,0.0,,carry_minus_ewma
46,switch_at,regime_conditional,observed,all,all,-0.03650444336183584,-0.02430555555555558,-0.05830247222500251,-0.0032673336424358657,0.003068475452196382,0.03298611111111111,-0.09375,0.0,-0.02430555555555558,-0.02777777777777779,0.0,-0.00347222222222221,0.9689922480620154,0.0,0.0,-0.02430555555555558,-0.03650444336183584,0.0,carry_minus_ewma
46,switch_at,regime_conditional,observed,all,record_stable,0.0,,0.0,,0.0,,,,,,0.0,-0.00347222222222221,0.17806267806267861,0.0,0.0,,0.0,,carry_minus_ewma
46,switch_at,regime_conditional,observed,all,record_transition,-0.049407764860715075,-0.02430555555555558,-0.18045454545454542,-0.04714900014906864,0.03298611111111111,0.03298611111111111,-0.09375,0.0,-0.02430555555555558,-0.02777777777777779,0.0,,8.680555555555555,0.0,0.0,-0.02430555555555558,-0.049407764860715075,0.0,carry_minus_ewma
46,switch_at,regime_conditional,observed,all,stable,0.0,,0.0,,0.0,,,,,,0.0,-0.00347222222222221,0.17806267806267861,0.0,0.0,,0.0,,carry_minus_ewma
46,switch_at,regime_conditional,observed,all,transition,-0.049407764860715075,-0.02430555555555558,-0.18045454545454542,-0.04714900014906864,0.03298611111111111,0.03298611111111111,-0.09375,0.0,-0.02430555555555558,-0.02777777777777779,0.0,,8.680555555555555,0.0,0.0,-0.02430555555555558,-0.049407764860715075,0.0,carry_minus_ewma
46,switch_at,regime_conditional,observed,transit_rough,all,0.002022430593859148,0.0,0.008295625942684792,0.027491921260765828,-0.0004844961240310069,0.0,-0.07291666666666674,0.0,0.0,0.0,0.0,-0.010416666666666671,0.0,0.0,0.0,0.0,0.002022430593859148,0.0,carry_minus_ewma
46,switch_at,regime_conditional,observed,transit_rough,record_stable,0.0,,0.0,,-0.0005341880341880323,,,,,,0.0,-0.010416666666666671,0.0,0.0,0.0,,0.0,,carry_minus_ewma
46,switch_at,regime_conditional,observed,transit_rough,record_transition,0.0,0.0,0.0,-0.003105327830325577,0.0,0.0,-0.07291666666666674,0.0,0.0,0.0,0.0,,0.0,0.0,0.0,0.0,0.0,0.0,carry_minus_ewma
46,switch_at,regime_conditional,observed,transit_rough,stable,0.0,,0.0,,-0.0005341880341880323,,,,,,0.0,-0.010416666666666671,0.0,0.0,0.0,,0.0,,carry_minus_ewma
46,switch_at,regime_conditional,observed,transit_rough,transition,0.0,0.0,0.0,-0.003105327830325577,0.0,0.0,-0.07291666666666674,0.0,0.0,0.0,0.0,,0.0,0.0,0.0,0.0,0.0,0.0,carry_minus_ewma
46,switch_at,regime_conditional,observed,transit_smooth,all,-0.05479241807996316,-0.03125,-0.09976580796252926,-0.018489613010720496,0.005813953488372093,0.06249999999999999,-0.125,0.0,-0.03125,-0.04166666666666666,0.0,0.0,1.937984496124031,0.0,0.0,-0.03125,-0.05479241807996316,0.0,carry_minus_ewma
46,switch_at,regime_conditional,observed,transit_smooth,record_stable,0.0,,0.0,,0.0,,,,,,0.0,0.0,0.0,0.0,0.0,,0.0,,carry_minus_ewma
46,switch_at,regime_conditional,observed,transit_smooth,record_transition,-0.07458161532864421,-0.03125,-0.3156370656370656,-0.08676470362642874,0.06249999999999999,0.06249999999999999,-0.125,0.0,-0.03125,-0.04166666666666666,0.0,,20.833333333333336,0.0,0.0,-0.03125,-0.07458161532864421,0.0,carry_minus_ewma
46,switch_at,regime_conditional,observed,transit_smooth,stable,0.0,,0.0,,0.0,,,,,,0.0,0.0,0.0,0.0,0.0,,0.0,,carry_minus_ewma
46,switch_at,regime_conditional,observed,transit_smooth,transition,-0.07458161532864421,-0.03125,-0.3156370656370656,-0.08676470362642874,0.06249999999999999,0.06249999999999999,-0.125,0.0,-0.03125,-0.04166666666666666,0.0,,20.833333333333336,0.0,0.0,-0.03125,-0.07458161532864421,0.0,carry_minus_ewma
46,switch_at,regime_conditional,observed,warehouse,all,-0.05218965571058465,-0.04166666666666663,-0.06564996368917936,-0.016363634523301585,0.003875968992248062,0.03645833333333333,-0.08333333333333337,0.0,-0.04166666666666663,-0.041666666666666685,0.0,0.0,0.9689922480620154,0.0,0.0,-0.04166666666666663,-0.05218965571058465,0.0,carry_minus_ewma
46,switch_at,regime_conditional,observed,warehouse,record_stable,0.0,,0.0,,0.0005341880341880323,,,,,,0.0,0.0,0.5341880341880358,0.0,0.0,,0.0,,carry_minus_ewma
46,switch_at,regime_conditional,observed,warehouse,record_transition,-0.06885281621091621,-0.04166666666666663,-0.15917843388960196,-0.043208135629347555,0.03645833333333333,0.03645833333333333,-0.08333333333333337,0.0,-0.04166666666666663,-0.041666666666666685,0.0,,5.208333333333332,0.0,0.0,-0.04166666666666663,-0.06885281621091621,0.0,carry_minus_ewma
46,switch_at,regime_conditional,observed,warehouse,stable,0.0,,0.0,,0.0005341880341880323,,,,,,0.0,0.0,0.5341880341880358,0.0,0.0,,0.0,,carry_minus_ewma
46,switch_at,regime_conditional,observed,warehouse,transition,-0.06885281621091621,-0.04166666666666663,-0.15917843388960196,-0.043208135629347555,0.03645833333333333,0.03645833333333333,-0.08333333333333337,0.0,-0.04166666666666663,-0.041666666666666685,0.0,,5.208333333333332,0.0,0.0,-0.04166666666666663,-0.06885281621091621,0.0,carry_minus_ewma
46,switch_at,regime_marginal,clean,all,all,0.0,,0.0,,0.0010802469135802496,,,,,,0.0,0.0,0.4629629629629637,0.0,0.0,,0.0,,carry_minus_ewma
46,switch_at,regime_marginal,clean,all,record_stable,0.0,,0.0,,0.0001780626780626786,,,,,,0.0,0.0,0.0,0.0,0.0,,0.0,,carry_minus_ewma
46,switch_at,regime_marginal,clean,all,record_transition,0.0,,0.0,,0.006944444444444444,,,,,,0.0,,3.4722222222222223,0.0,0.0,,0.0,,carry_minus_ewma
46,switch_at,regime_marginal,clean,all,stable,0.0,,0.0,,0.0001780626780626786,,,,,,0.0,0.0,0.0,0.0,0.0,,0.0,,carry_minus_ewma
46,switch_at,regime_marginal,clean,all,transition,0.0,,0.0,,0.006944444444444444,,,,,,0.0,,3.4722222222222223,0.0,0.0,,0.0,,carry_minus_ewma
46,switch_at,regime_marginal,clean,transit_rough,all,0.0,,0.0,,0.0,,,,,,0.0,0.0,0.0,0.0,0.0,,0.0,,carry_minus_ewma
46,switch_at,regime_marginal,clean,transit_rough,record_stable,0.0,,0.0,,0.0,,,,,,0.0,0.0,0.0,0.0,0.0,,0.0,,carry_minus_ewma
46,switch_at,regime_marginal,clean,transit_rough,record_transition,,,,,0.0,,,,,,0.0,,0.0,0.0,0.0,,,,carry_minus_ewma
46,switch_at,regime_marginal,clean,transit_rough,stable,0.0,,0.0,,0.0,,,,,,0.0,0.0,0.0,0.0,0.0,,0.0,,carry_minus_ewma
46,switch_at,regime_marginal,clean,transit_rough,transition,,,,,0.0,,,,,,0.0,,0.0,0.0,0.0,,,,carry_minus_ewma
46,switch_at,regime_marginal,clean,transit_smooth,all,0.0,,0.0,,0.0009259259259259255,,,,,,0.0,0.0,0.0,0.0,0.0,,0.0,,carry_minus_ewma
46,switch_at,regime_marginal,clean,transit_smooth,record_stable,0.0,,0.0,,0.0,,,,,,0.0,0.0,0.0,0.0,0.0,,0.0,,carry_minus_ewma
46,switch_at,regime_marginal,clean,transit_smooth,record_transition,,,,,0.006944444444444444,,,,,,0.0,,0.0,0.0,0.0,,,,carry_minus_ewma
46,switch_at,regime_marginal,clean,transit_smooth,stable,0.0,,0.0,,0.0,,,,,,0.0,0.0,0.0,0.0,0.0,,0.0,,carry_minus_ewma
46,switch_at,regime_marginal,clean,transit_smooth,transition,,,,,0.006944444444444444,,,,,,0.0,,0.0,0.0,0.0,,,,carry_minus_ewma
46,switch_at,regime_marginal,clean,warehouse,all,0.0,,0.0,,0.0023148148148148147,,,,,,0.0,0.0,1.3888888888888893,0.0,0.0,,0.0,,carry_minus_ewma
46,switch_at,regime_marginal,clean,warehouse,record_stable,0.0,,0.0,,0.0005341880341880323,,,,,,0.0,0.0,0.0,0.0,0.0,,0.0,,carry_minus_ewma
46,switch_at,regime_marginal,clean,warehouse,record_transition,0.0,,0.0,,0.01388888888888889,,,,,,0.0,,10.416666666666668,0.0,0.0,,0.0,,carry_minus_ewma
46,switch_at,regime_marginal,clean,warehouse,stable,0.0,,0.0,,0.0005341880341880323,,,,,,0.0,0.0,0.0,0.0,0.0,,0.0,,carry_minus_ewma
46,switch_at,regime_marginal,clean,warehouse,transition,0.0,,0.0,,0.01388888888888889,,,,,,0.0,,10.416666666666668,0.0,0.0,,0.0,,carry_minus_ewma
46,switch_at,regime_marginal,observed,all,all,-0.002766942320694854,0.0,-0.011750154607297475,0.011413009721952638,0.0011304909560723511,0.008680555555555556,-0.07291666666666663,0.0,0.0,-0.0034722222222222376,0.0,0.003472222222222217,0.4844961240310077,0.0,0.0,0.0,-0.002766942320694854,0.0,carry_minus_ewma
46,switch_at,regime_marginal,observed,all,record_stable,0.0,,0.0,,0.0003561253561253537,,,,,,0.0,0.003472222222222217,0.17806267806267773,0.0,0.0,,0.0,,carry_minus_ewma
46,switch_at,regime_marginal,observed,all,record_transition,-0.003521583600541195,0.0,-0.11627906976744184,-0.047257534270586765,0.008680555555555556,0.008680555555555556,-0.07291666666666663,0.0,0.0,-0.0034722222222222376,0.0,,3.4722222222222223,0.0,0.0,0.0,-0.003521583600541195,0.0,carry_minus_ewma
46,switch_at,regime_marginal,observed,all,stable,0.0,,0.0,,0.0003561253561253537,,,,,,0.0,0.003472222222222217,0.17806267806267773,0.0,0.0,,0.0,,carry_minus_ewma
46,switch_at,regime_marginal,observed,all,transition,-0.003521583600541195,0.0,-0.11627906976744184,-0.047257534270586765,0.008680555555555556,0.008680555555555556,-0.07291666666666663,0.0,0.0,-0.0034722222222222376,0.0,,3.4722222222222223,0.0,0.0,0.0,-0.003521583600541195,0.0,carry_minus_ewma
46,switch_at,regime_marginal,observed,transit_rough,all,-0.013360739979445008,-0.010416666666666671,-0.017970401691331905,0.011966316589992393,0.0,0.0,-0.04166666666666663,0.0,-0.010416666666666671,-0.010416666666666671,0.0,0.0,0.0,0.0,0.0,-0.010416666666666671,-0.013360739979445008,0.0,carry_minus_ewma
46,switch_at,regime_marginal,observed,transit_rough,record_stable,0.0,,0.0,,0.0,,,,,,0.0,0.0,0.0,0.0,0.0,,0.0,,carry_minus_ewma
46,switch_at,regime_marginal,observed,transit_rough,record_transition,-0.01725067385444745,-0.010416666666666671,0.0,0.02161884221505983,0.0,0.0,-0.04166666666666663,0.0,-0.010416666666666671,-0.010416666666666671,0.0,,0.0,0.0,0.0,-0.010416666666666671,-0.01725067385444745,0.0,carry_minus_ewma
46,switch_at,regime_marginal,observed,transit_rough,stable,0.0,,0.0,,0.0,,,,,,0.0,0.0,0.0,0.0,0.0,,0.0,,carry_minus_ewma
46,switch_at,regime_marginal,observed,transit_rough,transition,-0.01725067385444745,-0.010416666666666671,0.0,0.02161884221505983,0.0,0.0,-0.04166666666666663,0.0,-0.010416666666666671,-0.010416666666666671,0.0,,0.0,0.0,0.0,-0.010416666666666671,-0.01725067385444745,0.0,carry_minus_ewma
46,switch_at,regime_marginal,observed,transit_smooth,all,0.011614401858304285,0.010416666666666671,-0.007407407407407363,0.0028188780757060494,0.0009689922480620155,0.010416666666666666,-0.125,0.0,0.010416666666666671,0.010416666666666671,0.0,0.0,0.0,0.0,0.0,0.010416666666666671,0.011614401858304285,0.0,carry_minus_ewma
46,switch_at,regime_marginal,observed,transit_smooth,record_stable,0.0,,0.0,,0.0,,,,,,0.0,0.0,0.0,0.0,0.0,,0.0,,carry_minus_ewma
46,switch_at,regime_marginal,observed,transit_smooth,record_transition,0.012574341546304157,0.010416666666666671,-0.1428571428571429,-0.06915763308615785,0.010416666666666666,0.010416666666666666,-0.125,0.0,0.010416666666666671,0.010416666666666671,0.0,,0.0,0.0,0.0,0.010416666666666671,0.012574341546304157,0.0,carry_minus_ewma
46,switch_at,regime_marginal,observed,transit_smooth,stable,0.0,,0.0,,0.0,,,,,,0.0,0.0,0.0,0.0,0.0,,0.0,,carry_minus_ewma
46,switch_at,regime_marginal,observed,transit_smooth,transition,0.012574341546304157,0.010416666666666671,-0.1428571428571429,-0.06915763308615785,0.010416666666666666,0.010416666666666666,-0.125,0.0,0.010416666666666671,0.010416666666666671,0.0,,0.0,0.0,0.0,0.010416666666666671,0.012574341546304157,0.0,carry_minus_ewma
46,switch_at,regime_marginal,observed,warehouse,all,-0.005584023124425158,0.0,-0.01380766731643926,0.018891494159786082,0.0024224806201550396,0.015625,-0.052083333333333315,0.0,0.0,-0.010416666666666685,0.0,0.010416666666666657,1.4534883720930232,0.0,0.0,0.0,-0.005584023124425158,0.0,carry_minus_ewma
46,switch_at,regime_marginal,observed,warehouse,record_stable,0.0,,0.0,,0.0010683760683760715,,,,,,0.0,0.010416666666666657,0.5341880341880341,0.0,0.0,,0.0,,carry_minus_ewma
46,switch_at,regime_marginal,observed,warehouse,record_transition,-0.007781507476350369,0.0,-0.15000000000000002,-0.04491787753719667,0.015625,0.015625,-0.052083333333333315,0.0,0.0,-0.010416666666666685,0.0,,10.416666666666666,0.0,0.0,0.0,-0.007781507476350369,0.0,carry_minus_ewma
46,switch_at,regime_marginal,observed,warehouse,stable,0.0,,0.0,,0.0010683760683760715,,,,,,0.0,0.010416666666666657,0.5341880341880341,0.0,0.0,,0.0,,carry_minus_ewma
46,switch_at,regime_marginal,observed,warehouse,transition,-0.007781507476350369,0.0,-0.15000000000000002,-0.04491787753719667,0.015625,0.015625,-0.052083333333333315,0.0,0.0,-0.010416666666666685,0.0,,10.416666666666666,0.0,0.0,0.0,-0.007781507476350369,0.0,carry_minus_ewma
46,switch_before6,regime_conditional,clean,all,all,0.0,,0.0,,0.0010802469135802462,,,,,,0.0,0.0,0.4629629629629628,0.0,0.0,,0.0,,carry_minus_ewma
46,switch_before6,regime_conditional,clean,all,record_stable,0.0,,0.0,,0.0,,,,,,0.0,0.0,0.0,0.0,0.0,,0.0,,carry_minus_ewma
46,switch_before6,regime_conditional,clean,all,record_transition,0.0,,0.0,,0.008101851851851851,,,,,,0.0,0.0,3.4722222222222214,0.0,0.0,,0.0,,carry_minus_ewma
46,switch_before6,regime_conditional,clean,all,stable,0.0,,0.0,,0.0,,,,,,0.0,0.0,0.0,0.0,0.0,,0.0,,carry_minus_ewma
46,switch_before6,regime_conditional,clean,all,transition,0.0,,0.0,,0.008101851851851851,,,,,,0.0,0.0,3.4722222222222214,0.0,0.0,,0.0,,carry_minus_ewma
46,switch_before6,regime_conditional,clean,transit_rough,all,0.0,,0.0,,0.0,,,,,,0.0,0.0,0.4629629629629628,0.0,0.0,,0.0,,carry_minus_ewma
46,switch_before6,regime_conditional,clean,transit_rough,record_stable,0.0,,0.0,,0.0,,,,,,0.0,0.0,0.0,0.0,0.0,,0.0,,carry_minus_ewma
46,switch_before6,regime_conditional,clean,transit_rough,record_transition,0.0,,0.0,,0.0,,,,,,0.0,0.0,3.472222222222223,0.0,0.0,,0.0,,carry_minus_ewma
46,switch_before6,regime_conditional,clean,transit_rough,stable,0.0,,0.0,,0.0,,,,,,0.0,0.0,0.0,0.0,0.0,,0.0,,carry_minus_ewma
46,switch_before6,regime_conditional,clean,transit_rough,transition,0.0,,0.0,,0.0,,,,,,0.0,0.0,3.472222222222223,0.0,0.0,,0.0,,carry_minus_ewma
46,switch_before6,regime_conditional,clean,transit_smooth,all,0.0,,0.0,,0.0023148148148148147,,,,,,0.0,0.0,0.9259259259259265,0.0,0.0,,0.0,,carry_minus_ewma
46,switch_before6,regime_conditional,clean,transit_smooth,record_stable,0.0,,0.0,,0.0,,,,,,0.0,0.0,0.0,0.0,0.0,,0.0,,carry_minus_ewma
46,switch_before6,regime_conditional,clean,transit_smooth,record_transition,,,,,0.017361111111111112,,,,,,0.0,0.0,6.944444444444445,0.0,0.0,,,,carry_minus_ewma
46,switch_before6,regime_conditional,clean,transit_smooth,stable,0.0,,0.0,,0.0,,,,,,0.0,0.0,0.0,0.0,0.0,,0.0,,carry_minus_ewma
46,switch_before6,regime_conditional,clean,transit_smooth,transition,,,,,0.017361111111111112,,,,,,0.0,0.0,6.944444444444445,0.0,0.0,,,,carry_minus_ewma
46,switch_before6,regime_conditional,clean,warehouse,all,0.0,,0.0,,0.0009259259259259238,,,,,,0.0,0.0,0.0,0.0,0.0,,0.0,,carry_minus_ewma
46,switch_before6,regime_conditional,clean,warehouse,record_stable,0.0,,0.0,,0.0,,,,,,0.0,0.0,0.0,0.0,0.0,,0.0,,carry_minus_ewma
46,switch_before6,regime_conditional,clean,warehouse,record_transition,0.0,,0.0,,0.006944444444444444,,,,,,0.0,0.0,0.0,0.0,0.0,,0.0,,carry_minus_ewma
46,switch_before6,regime_conditional,clean,warehouse,stable,0.0,,0.0,,0.0,,,,,,0.0,0.0,0.0,0.0,0.0,,0.0,,carry_minus_ewma
46,switch_before6,regime_conditional,clean,warehouse,transition,0.0,,0.0,,0.006944444444444444,,,,,,0.0,0.0,0.0,0.0,0.0,,0.0,,carry_minus_ewma
46,switch_before6,regime_conditional,observed,all,all,0.15697846767456272,0.16319444444444448,0.11990867579908676,0.14991543827572443,0.005167958656330747,0.034722222222222224,0.04513888888888895,0.0,0.16319444444444448,0.13541666666666669,0.0,0.03125,0.9689922480620154,0.0,0.0,0.16319444444444448,0.15697846767456272,0.0,carry_minus_ewma
46,switch_before6,regime_conditional,observed,all,record_stable,-0.0006224518377890564,0.0,-0.0016680567139282787,-0.0002446164347618962,0.00018274853801169416,0.0,0.0,0.0,0.0,0.0,0.0,0.006944444444444444,0.18274853801169666,0.0,0.0,0.0,-0.0006224518377890564,0.0,carry_minus_ewma
46,switch_before6,regime_conditional,observed,all,record_transition,0.30636319034109094,0.32638888888888884,0.0970622796709753,0.23828772132510695,0.043055555555555555,0.06944444444444445,0.09027777777777779,0.0,0.32638888888888884,0.27083333333333337,0.0,0.055555555555555566,6.944444444444445,0.0,0.0,0.32638888888888884,0.30636319034109094,0.0,carry_minus_ewma
46,switch_before6,regime_conditional,observed,all,stable,-0.0006224518377890564,0.0,-0.0016680567139282787,-0.0002446164347618962,0.00018274853801169416,0.0,0.0,0.0,0.0,0.0,0.0,0.006944444444444444,0.18274853801169666,0.0,0.0,0.0,-0.0006224518377890564,0.0,carry_minus_ewma
46,switch_before6,regime_conditional,observed,all,transition,0.30636319034109094,0.32638888888888884,0.0970622796709753,0.23828772132510695,0.043055555555555555,0.06944444444444445,0.09027777777777779,0.0,0.32638888888888884,0.27083333333333337,0.0,0.055555555555555566,6.944444444444445,0.0,0.0,0.32638888888888884,0.30636319034109094,0.0,carry_minus_ewma
46,switch_before6,regime_conditional,observed,transit_rough,all,0.26133812303547377,0.21875,0.30225563909774433,0.19499867442094024,0.0004844961240310069,0.0,0.10416666666666663,0.0,0.21875,0.21875,0.0,0.010416666666666668,0.0,0.0,0.0,0.21875,0.26133812303547377,0.0,carry_minus_ewma
46,switch_before6,regime_conditional,observed,transit_rough,record_stable,0.0,0.0,0.0,-0.00017726530466050106,0.0,0.0,0.0,0.0,0.0,0.0,0.0,0.0,0.0,0.0,0.0,0.0,0.0,0.0,carry_minus_ewma
46,switch_before6,regime_conditional,observed,transit_rough,record_transition,0.5753424657534246,0.4375,0.84,0.4567688647826283,0.004166666666666666,0.0,0.20833333333333337,0.0,0.4375,0.4375,0.0,0.020833333333333332,0.0,0.0,0.0,0.4375,0.5753424657534246,0.0,carry_minus_ewma
46,switch_before6,regime_conditional,observed,transit_rough,stable,0.0,0.0,0.0,-0.00017726530466050106,0.0,0.0,0.0,0.0,0.0,0.0,0.0,0.0,0.0,0.0,0.0,0.0,0.0,0.0,carry_minus_ewma
46,switch_before6,regime_conditional,observed,transit_rough,transition,0.5753424657534246,0.4375,0.84,0.4567688647826283,0.004166666666666666,0.0,0.20833333333333337,0.0,0.4375,0.4375,0.0,0.020833333333333332,0.0,0.0,0.0,0.4375,0.5753424657534246,0.0,carry_minus_ewma
46,switch_before6,regime_conditional,observed,transit_smooth,all,0.09296598430044639,0.12499999999999997,0.01365853658536581,0.12604104031586907,0.009689922480620155,0.06770833333333334,-0.02083333333333337,0.0,0.12499999999999997,0.04166666666666666,0.0,0.052083333333333336,0.9689922480620154,0.0,0.0,0.12499999999999997,0.09296598430044639,0.0,carry_minus_ewma
46,switch_before6,regime_conditional,observed,transit_smooth,record_stable,-0.0020570085218924727,0.0,-0.00588235294117645,-0.00020333748917281125,0.0005482456140350877,0.0,0.0,0.0,0.0,0.0,0.0,0.020833333333333332,0.5482456140350873,0.0,0.0,0.0,-0.0020570085218924727,0.0,carry_minus_ewma
46,switch_before6,regime_conditional,observed,transit_smooth,record_transition,0.1506578947368421,0.24999999999999997,-0.15691489361702127,0.11468468906839169,0.07916666666666666,0.13541666666666669,-0.04166666666666663,0.0,0.24999999999999997,0.08333333333333334,0.0,0.08333333333333333,4.166666666666666,0.0,0.0,0.24999999999999997,0.1506578947368421,0.0,carry_minus_ewma
46,switch_before6,regime_conditional,observed,transit_smooth,stable,-0.0020570085218924727,0.0,-0.00588235294117645,-0.00020333748917281125,0.0005482456140350877,0.0,0.0,0.0,0.0,0.0,0.0,0.020833333333333332,0.5482456140350873,0.0,0.0,0.0,-0.0020570085218924727,0.0,carry_minus_ewma
46,switch_before6,regime_conditional,observed,transit_smooth,transition,0.1506578947368421,0.24999999999999997,-0.15691489361702127,0.11468468906839169,0.07916666666666666,0.13541666666666669,-0.04166666666666663,0.0,0.24999999999999997,0.08333333333333334,0.0,0.08333333333333333,4.166666666666666,0.0,0.0,0.24999999999999997,0.1506578947368421,0.0,carry_minus_ewma
46,switch_before6,regime_conditional,observed,warehouse,all,0.12934835864772173,0.14583333333333334,0.09607319862752575,0.12995802936634546,0.005329457364341088,0.036458333333333336,0.052083333333333315,0.0,0.14583333333333334,0.14583333333333334,0.0,0.031249999999999986,1.937984496124031,0.0,0.0,0.14583333333333334,0.12934835864772173,0.0,carry_minus_ewma
46,switch_before6,regime_conditional,observed,warehouse,record_stable,0.0,0.0,0.0,-0.00014565149621550977,0.0,0.0,0.0,0.0,0.0,0.0,0.0,0.0,0.0,0.0,0.0,0.0,0.0,0.0,carry_minus_ewma
46,switch_before6,regime_conditional,observed,warehouse,record_transition,0.24941724941724944,0.29166666666666663,0.0994832041343669,0.2140249311851996,0.04583333333333333,0.07291666666666666,0.10416666666666663,0.0,0.29166666666666663,0.29166666666666663,0.0,0.0625,16.666666666666664,0.0,0.0,0.29166666666666663,0.24941724941724944,0.0,carry_minus_ewma
46,switch_before6,regime_conditional,observed,warehouse,stable,0.0,0.0,0.0,-0.00014565149621550977,0.0,0.0,0.0,0.0,0.0,0.0,0.0,0.0,0.0,0.0,0.0,0.0,0.0,0.0,carry_minus_ewma
46,switch_before6,regime_conditional,observed,warehouse,transition,0.24941724941724944,0.29166666666666663,0.0994832041343669,0.2140249311851996,0.04583333333333333,0.07291666666666666,0.10416666666666663,0.0,0.29166666666666663,0.29166666666666663,0.0,0.0625,16.666666666666664,0.0,0.0,0.29166666666666663,0.24941724941724944,0.0,carry_minus_ewma
46,switch_before6,regime_marginal,clean,all,all,0.0,,0.0,,0.0010802469135802496,,,,,,0.0,0.0034722222222222203,0.4629629629629637,0.0,0.0,,0.0,,carry_minus_ewma
46,switch_before6,regime_marginal,clean,all,record_stable,0.0,,0.0,,0.0001780626780626786,,,,,,0.0,0.0,0.0,0.0,0.0,,0.0,,carry_minus_ewma
46,switch_before6,regime_marginal,clean,all,record_transition,0.0,,0.0,,0.006944444444444444,,,,,,0.0,0.006944444444444444,3.4722222222222223,0.0,0.0,,0.0,,carry_minus_ewma
46,switch_before6,regime_marginal,clean,all,stable,0.0,,0.0,,0.0001780626780626786,,,,,,0.0,0.0,0.0,0.0,0.0,,0.0,,carry_minus_ewma
46,switch_before6,regime_marginal,clean,all,transition,0.0,,0.0,,0.006944444444444444,,,,,,0.0,0.006944444444444444,3.4722222222222223,0.0,0.0,,0.0,,carry_minus_ewma
46,switch_before6,regime_marginal,clean,transit_rough,all,0.0,,0.0,,0.0,,,,,,0.0,0.0,0.0,0.0,0.0,,0.0,,carry_minus_ewma
46,switch_before6,regime_marginal,clean,transit_rough,record_stable,0.0,,0.0,,0.0,,,,,,0.0,0.0,0.0,0.0,0.0,,0.0,,carry_minus_ewma
46,switch_before6,regime_marginal,clean,transit_rough,record_transition,,,,,0.0,,,,,,0.0,0.0,0.0,0.0,0.0,,,,carry_minus_ewma
46,switch_before6,regime_marginal,clean,transit_rough,stable,0.0,,0.0,,0.0,,,,,,0.0,0.0,0.0,0.0,0.0,,0.0,,carry_minus_ewma
46,switch_before6,regime_marginal,clean,transit_rough,transition,,,,,0.0,,,,,,0.0,0.0,0.0,0.0,0.0,,,,carry_minus_ewma
46,switch_before6,regime_marginal,clean,transit_smooth,all,0.0,,0.0,,0.0009259259259259255,,,,,,0.0,0.0,0.0,0.0,0.0,,0.0,,carry_minus_ewma
46,switch_before6,regime_marginal,clean,transit_smooth,record_stable,0.0,,0.0,,0.0,,,,,,0.0,0.0,0.0,0.0,0.0,,0.0,,carry_minus_ewma
46,switch_before6,regime_marginal,clean,transit_smooth,record_transition,,,,,0.006944444444444444,,,,,,0.0,0.0,0.0,0.0,0.0,,,,carry_minus_ewma
46,switch_before6,regime_marginal,clean,transit_smooth,stable,0.0,,0.0,,0.0,,,,,,0.0,0.0,0.0,0.0,0.0,,0.0,,carry_minus_ewma
46,switch_before6,regime_marginal,clean,transit_smooth,transition,,,,,0.006944444444444444,,,,,,0.0,0.0,0.0,0.0,0.0,,,,carry_minus_ewma
46,switch_before6,regime_marginal,clean,warehouse,all,0.0,,0.0,,0.0023148148148148147,,,,,,0.0,0.010416666666666657,1.3888888888888893,0.0,0.0,,0.0,,carry_minus_ewma
46,switch_before6,regime_marginal,clean,warehouse,record_stable,0.0,,0.0,,0.0005341880341880323,,,,,,0.0,0.0,0.0,0.0,0.0,,0.0,,carry_minus_ewma
46,switch_before6,regime_marginal,clean,warehouse,record_transition,0.0,,0.0,,0.01388888888888889,,,,,,0.0,0.020833333333333332,10.416666666666668,0.0,0.0,,0.0,,carry_minus_ewma
46,switch_before6,regime_marginal,clean,warehouse,stable,0.0,,0.0,,0.0005341880341880323,,,,,,0.0,0.0,0.0,0.0,0.0,,0.0,,carry_minus_ewma
46,switch_before6,regime_marginal,clean,warehouse,transition,0.0,,0.0,,0.01388888888888889,,,,,,0.0,0.020833333333333332,10.416666666666668,0.0,0.0,,0.0,,carry_minus_ewma
46,switch_before6,regime_marginal,observed,all,all,0.043364200991053606,0.03472222222222223,0.05494994438264739,0.04115749005668236,0.001776485788113697,0.008680555555555556,0.03472222222222221,0.0,0.03472222222222223,0.03125,0.0,0.017361111111111112,0.1614987080103356,0.0,0.0,0.03472222222222223,0.043364200991053606,0.0,carry_minus_ewma
46,switch_before6,regime_marginal,observed,all,record_stable,-0.00018527095877721167,0.0,-0.0004914004914004858,-9.777149597543777e-05,0.00018274853801169763,0.0,0.0,0.0,0.0,0.0,0.0,0.0,0.0,0.0,0.0,0.0,-0.00018527095877721167,0.0,carry_minus_ewma
46,switch_before6,regime_marginal,observed,all,record_transition,0.1038259138102688,0.06944444444444445,0.04201680672268909,0.15212610005824,0.01388888888888889,0.017361111111111112,0.06944444444444442,0.0,0.06944444444444445,0.0625,0.0,0.034722222222222224,1.3888888888888893,0.0,0.0,0.06944444444444445,0.1038259138102688,0.0,carry_minus_ewma
46,switch_before6,regime_marginal,observed,all,stable,-0.00018527095877721167,0.0,-0.0004914004914004858,-9.777149597543777e-05,0.00018274853801169763,0.0,0.0,0.0,0.0,0.0,0.0,0.0,0.0,0.0,0.0,0.0,-0.00018527095877721167,0.0,carry_minus_ewma
46,switch_before6,regime_marginal,observed,all,transition,0.1038259138102688,0.06944444444444445,0.04201680672268909,0.15212610005824,0.01388888888888889,0.017361111111111112,0.06944444444444442,0.0,0.06944444444444445,0.0625,0.0,0.034722222222222224,1.3888888888888893,0.0,0.0,0.06944444444444445,0.1038259138102688,0.0,carry_minus_ewma
46,switch_before6,regime_marginal,observed,transit_rough,all,-0.00012112403100775215,0.0,-0.0009469696969696961,0.05970006118696208,0.0004844961240310069,0.0,0.04166666666666663,0.0,0.0,0.0,0.0,0.010416666666666666,0.0,0.0,0.0,0.0,-0.00012112403100775215,0.0,carry_minus_ewma
46,switch_before6,regime_marginal,observed,transit_rough,record_stable,0.0,0.0,0.0,-7.013691180485226e-05,0.0,0.0,0.0,0.0,0.0,0.0,0.0,0.0,0.0,0.0,0.0,0.0,0.0,0.0,carry_minus_ewma
46,switch_before6,regime_marginal,observed,transit_rough,record_transition,0.0,0.0,0.0,0.29250981240488894,0.004166666666666667,0.0,0.08333333333333326,0.0,0.0,0.0,0.0,0.020833333333333332,0.0,0.0,0.0,0.0,0.0,0.0,carry_minus_ewma
46,switch_before6,regime_marginal,observed,transit_rough,stable,0.0,0.0,0.0,-7.013691180485226e-05,0.0,0.0,0.0,0.0,0.0,0.0,0.0,0.0,0.0,0.0,0.0,0.0,0.0,0.0,carry_minus_ewma
46,switch_before6,regime_marginal,observed,transit_rough,transition,0.0,0.0,0.0,0.29250981240488894,0.004166666666666667,0.0,0.08333333333333326,0.0,0.0,0.0,0.0,0.020833333333333332,0.0,0.0,0.0,0.0,0.0,0.0,carry_minus_ewma
46,switch_before6,regime_marginal,observed,transit_smooth,all,0.04952777571205473,0.03125,0.11508951406649616,0.03302733738498577,0.001453488372093024,0.010416666666666666,0.01041666666666663,0.0,0.03125,0.03125,0.0,0.010416666666666666,0.0,0.0,0.0,0.03125,0.04952777571205473,0.0,carry_minus_ewma
46,switch_before6,regime_marginal,observed,transit_smooth,record_stable,0.0,0.0,0.0,-2.785351728519861e-05,0.0,0.0,0.0,0.0,0.0,0.0,0.0,0.0,0.0,0.0,0.0,0.0,0.0,0.0,carry_minus_ewma
46,switch_before6,regime_marginal,observed,transit_smooth,record_transition,0.10285714285714284,0.0625,0.0,0.10856520707857481,0.0125,0.020833333333333332,0.02083333333333337,0.0,0.0625,0.0625,0.0,0.020833333333333332,0.0,0.0,0.0,0.0625,0.10285714285714284,0.0,carry_minus_ewma
46,switch_before6,regime_marginal,observed,transit_smooth,stable,0.0,0.0,0.0,-2.785351728519861e-05,0.0,0.0,0.0,0.0,0.0,0.0,0.0,0.0,0.0,0.0,0.0,0.0,0.0,0.0,carry_minus_ewma
46,switch_before6,regime_marginal,observed,transit_smooth,transition,0.10285714285714284,0.0625,0.0,0.10856520707857481,0.0125,0.020833333333333332,0.02083333333333337,0.0,0.0625,0.0625,0.0,0.020833333333333332,0.0,0.0,0.0,0.0625,0.10285714285714284,0.0,carry_minus_ewma
46,switch_before6,regime_marginal,observed,warehouse,all,0.06682471945629842,0.07291666666666667,0.05767790262172284,0.07054291865732072,0.0033914728682170533,0.015625000000000003,0.05208333333333337,0.0,0.07291666666666667,0.0625,0.0,0.031249999999999986,0.4844961240310077,0.0,0.0,0.07291666666666667,0.06682471945629842,0.0,carry_minus_ewma
46,switch_before6,regime_marginal,observed,warehouse,record_stable,-0.0007901390644753509,0.0,-0.0012019230769230727,-0.00023987453199429687,0.0005482456140350825,0.0,0.0,0.0,0.0,0.0,0.0,0.0,0.0,0.0,0.0,0.0,-0.0007901390644753509,0.0,carry_minus_ewma
46,switch_before6,regime_marginal,observed,warehouse,record_transition,0.1638418079096045,0.14583333333333331,0.04545454545454547,0.12563914083322744,0.025,0.03125,0.10416666666666669,0.0,0.14583333333333331,0.12499999999999999,0.0,0.0625,4.166666666666667,0.0,0.0,0.14583333333333331,0.1638418079096045,0.0,carry_minus_ewma
46,switch_before6,regime_marginal,observed,warehouse,stable,-0.0007901390644753509,0.0,-0.0012019230769230727,-0.00023987453199429687,0.0005482456140350825,0.0,0.0,0.0,0.0,0.0,0.0,0.0,0.0,0.0,0.0,0.0,-0.0007901390644753509,0.0,carry_minus_ewma
46,switch_before6,regime_marginal,observed,warehouse,transition,0.1638418079096045,0.14583333333333331,0.04545454545454547,0.12563914083322744,0.025,0.03125,0.10416666666666669,0.0,0.14583333333333331,0.12499999999999999,0.0,0.0625,4.166666666666667,0.0,0.0,0.14583333333333331,0.1638418079096045,0.0,carry_minus_ewma
46,switch_delay12,regime_conditional,clean,all,all,0.0,,0.0,,0.055092592592592596,,,,,,0.0,0.1076388888888889,0.30864197530864246,0.0,0.0,,0.0,,carry_minus_ewma
46,switch_delay12,regime_conditional,clean,all,record_stable,0.0,,0.0,,0.0026709401709401615,,,,,,0.0,0.0,-0.3561253561253537,0.0,0.0,,0.0,,carry_minus_ewma
46,switch_delay12,regime_conditional,clean,all,record_transition,0.0,,0.0,,0.39583333333333337,,,,,,0.0,0.4305555555555555,4.62962962962963,0.0,0.0,,0.0,,carry_minus_ewma
46,switch_delay12,regime_conditional,clean,all,stable,0.0,,0.0,,0.06356837606837608,,,,,,0.0,0.14485981308411214,0.35612535612535634,0.0,0.0,,0.0,,carry_minus_ewma
46,switch_delay12,regime_conditional,clean,all,transition,0.0,,0.0,,0.0,,,,,,0.0,0.0,0.0,0.0,0.0,,0.0,,carry_minus_ewma
46,switch_delay12,regime_conditional,clean,transit_rough,all,0.0,,0.0,,0.03981481481481482,,,,,,0.0,0.0579710144927536,-0.4629629629629637,0.0,0.0,,0.0,,carry_minus_ewma
46,switch_delay12,regime_conditional,clean,transit_rough,record_stable,0.0,,0.0,,0.0,,,,,,0.0,0.0,0.0,0.0,0.0,,0.0,,carry_minus_ewma
46,switch_delay12,regime_conditional,clean,transit_rough,record_transition,0.0,,0.0,,0.29861111111111116,,,,,,0.0,0.23529411764705882,-3.4722222222222223,0.0,0.0,,0.0,,carry_minus_ewma
46,switch_delay12,regime_conditional,clean,transit_rough,stable,0.0,,0.0,,0.045940170940170943,,,,,,0.0,0.06666666666666667,-0.534188034188035,0.0,0.0,,0.0,,carry_minus_ewma
46,switch_delay12,regime_conditional,clean,transit_rough,transition,0.0,,0.0,,0.0,,,,,,0.0,0.0,0.0,0.0,0.0,,0.0,,carry_minus_ewma
46,switch_delay12,regime_conditional,clean,transit_smooth,all,0.0,,0.0,,0.07685185185185187,,,,,,0.0,0.13793103448275862,0.0,0.0,0.0,,0.0,,carry_minus_ewma
46,switch_delay12,regime_conditional,clean,transit_smooth,record_stable,0.0,,0.0,,0.005876068376068383,,,,,,0.0,0.0,-1.0683760683760681,0.0,0.0,,0.0,,carry_minus_ewma
46,switch_delay12,regime_conditional,clean,transit_smooth,record_transition,0.0,,0.0,,0.5381944444444445,,,,,,0.0,0.6,6.944444444444444,0.0,0.0,,0.0,,carry_minus_ewma
46,switch_delay12,regime_conditional,clean,transit_smooth,stable,0.0,,0.0,,0.08867521367521367,,,,,,0.0,0.20338983050847456,0.0,0.0,0.0,,0.0,,carry_minus_ewma
46,switch_delay12,regime_conditional,clean,transit_smooth,transition,0.0,,0.0,,0.0,,,,,,0.0,0.0,0.0,0.0,0.0,,0.0,,carry_minus_ewma
46,switch_delay12,regime_conditional,clean,warehouse,all,0.0,,0.0,,0.04861111111111112,,,,,,0.0,0.11363636363636363,1.3888888888888893,0.0,0.0,,0.0,,carry_minus_ewma
46,switch_delay12,regime_conditional,clean,warehouse,record_stable,0.0,,0.0,,0.002136752136752143,,,,,,0.0,0.0,0.0,0.0,0.0,,0.0,,carry_minus_ewma
46,switch_delay12,regime_conditional,clean,warehouse,record_transition,0.0,,0.0,,0.3506944444444445,,,,,,0.0,0.42857142857142855,10.416666666666668,0.0,0.0,,0.0,,carry_minus_ewma
46,switch_delay12,regime_conditional,clean,warehouse,stable,0.0,,0.0,,0.056089743589743585,,,,,,0.0,0.15789473684210525,1.602564102564104,0.0,0.0,,0.0,,carry_minus_ewma
46,switch_delay12,regime_conditional,clean,warehouse,transition,0.0,,0.0,,0.0,,,,,,0.0,0.0,0.0,0.0,0.0,,0.0,,carry_minus_ewma
46,switch_delay12,regime_conditional,observed,all,all,-0.03192595417125019,0.06944444444444442,-0.034634781737416936,-0.01724835750901578,0.05297157622739018,0.05034722222222221,-0.04166666666666674,0.0,0.06944444444444442,-0.010416666666666657,0.0,0.11458333333333331,1.2919896640826884,0.0,0.0,0.06944444444444442,-0.03192595417125019,0.0,carry_minus_ewma
46,switch_delay12,regime_conditional,observed,all,record_stable,-0.002987194752564176,0.0,-0.0026222173323064424,8.670886635286923e-05,0.0024181547619047533,0.0,0.008333333333333415,0.0,0.0,0.0,0.0,0.009259259259259245,-0.1860119047619051,0.0,0.0,0.0,-0.002987194752564176,0.0,carry_minus_ewma
46,switch_delay12,regime_conditional,observed,all,record_transition,-0.27853036410493626,0.4166666666666667,-0.5513530790539101,-0.36576079085292756,0.38602941176470584,0.30208333333333337,-0.2916666666666667,0.0,0.4166666666666667,-0.0625,0.0,0.4305555555555556,11.029411764705882,0.0,0.0,0.4166666666666667,-0.27853036410493626,0.0,carry_minus_ewma
46,switch_delay12,regime_conditional,observed,all,stable,-0.1013333333333333,0.09259259259259262,-0.19729370544883412,-0.1768921197016972,0.06074074074074075,0.06712962962962962,-0.05555555555555558,0.0,0.09259259259259262,-0.013888888888888895,0.0,0.15420560747663553,1.481481481481481,0.0,0.0,0.09259259259259262,-0.1013333333333333,0.0,carry_minus_ewma
46,switch_delay12,regime_conditional,observed,all,transition,0.0,0.0,0.0,0.0,0.0,0.0,0.0,0.0,0.0,0.0,0.0,0.0,0.0,0.0,0.0,0.0,0.0,0.0,carry_minus_ewma
46,switch_delay12,regime_conditional,observed,transit_rough,all,-0.007693300632502897,0.09278350515463918,-0.022345612134344522,0.0020557752100713034,0.032476975278720316,0.09793814432989692,-0.08247422680412364,0.0,0.09278350515463918,-0.030927835051546393,0.0,0.0,1.454192922927776,0.0,0.0,0.09278350515463918,-0.007693300632502897,0.0,carry_minus_ewma
46,switch_delay12,regime_conditional,observed,transit_rough,record_stable,0.0009350586673905759,0.0,0.0008453315881326307,-6.310246846311096e-05,-0.0005537098560354364,0.0,0.0,0.0,0.0,0.0,0.0,-0.019230769230769218,0.5537098560354359,0.0,0.0,0.0,0.0009350586673905759,0.0,carry_minus_ewma
46,switch_delay12,regime_conditional,observed,transit_rough,record_transition,-0.14550446122168842,0.29032258064516125,-0.47244623655913975,-0.2567211412089101,0.26459143968871596,0.3064516129032258,-0.25806451612903225,0.0,0.29032258064516125,-0.0967741935483871,0.0,0.05882352941176472,7.782101167315174,0.0,0.0,0.29032258064516125,-0.14550446122168842,0.0,carry_minus_ewma
46,switch_delay12,regime_conditional,observed,transit_rough,stable,-0.05869165133009868,0.11250000000000004,-0.2005021971123666,-0.12740433265008086,0.037388392857142856,0.11875,-0.09999999999999998,0.0,0.11250000000000004,-0.03750000000000003,0.0,0.0,1.6741071428571432,0.0,0.0,0.11250000000000004,-0.05869165133009868,0.0,carry_minus_ewma
46,switch_delay12,regime_conditional,observed,transit_rough,transition,0.0,0.0,0.0,0.0,0.0,0.0,0.0,0.0,0.0,0.0,0.0,0.0,0.0,0.0,0.0,0.0,0.0,0.0,carry_minus_ewma
46,switch_delay12,regime_conditional,observed,transit_smooth,all,-0.019712984903751424,0.13235294117647062,-0.018615795082648684,-0.015086182416505098,0.07887189292543022,0.08088235294117649,-0.08823529411764702,0.0,0.13235294117647062,-0.02941176470588236,0.0,0.1954022988505747,1.4340344168260053,0.0,0.0,0.13235294117647062,-0.019712984903751424,0.0,carry_minus_ewma
46,switch_delay12,regime_conditional,observed,transit_smooth,record_stable,-0.0069195031137763985,0.0,-0.004980197784997739,0.000943367298227582,0.008269018743109147,0.008620689655172431,0.017241379310344862,0.0,0.0,-0.017241379310344807,0.0,0.04477611940298509,-0.55126791620728,0.0,0.0,0.0,-0.0069195031137763985,0.0,carry_minus_ewma
46,switch_delay12,regime_conditional,observed,transit_smooth,record_transition,-0.02725020644095788,0.9,-0.18865030674846625,-0.29474652374419225,0.539568345323741,0.5,-0.7000000000000001,0.0,0.9,-0.1,0.0,0.7,14.388489208633093,0.0,0.0,0.9,-0.02725020644095788,0.0,carry_minus_ewma
46,switch_delay12,regime_conditional,observed,transit_smooth,stable,-0.1222222222222222,0.1875,-0.20767195767195767,-0.2114565560898231,0.09046052631578946,0.11458333333333333,-0.125,0.0,0.1875,-0.04166666666666666,0.0,0.288135593220339,1.6447368421052628,0.0,0.0,0.1875,-0.1222222222222222,0.0,carry_minus_ewma
46,switch_delay12,regime_conditional,observed,transit_smooth,transition,0.0,0.0,0.0,0.0,0.0,0.0,0.0,0.0,0.0,0.0,0.0,0.0,0.0,0.0,0.0,0.0,0.0,0.0,carry_minus_ewma
46,switch_delay12,regime_conditional,observed,warehouse,all,-0.050486018926904436,0.01626016260162605,-0.05226293670939405,-0.03475715760398623,0.047128129602356406,-0.004065040650406526,0.016260162601625994,0.0,0.01626016260162605,0.01626016260162602,0.0,0.12121212121212119,0.9818360333824252,0.0,0.0,0.01626016260162605,-0.050486018926904436,0.0,carry_minus_ewma
46,switch_delay12,regime_conditional,observed,warehouse,record_stable,0.0007351033468822599,0.0,0.0007751702334630461,0.0012298890892850634,-0.0005694760820045552,-0.0043103448275862155,0.008620689655172431,0.0,0.0,0.008620689655172431,0.0,0.0,-0.5694760820045559,0.0,0.0,0.0,0.0007351033468822599,0.0,carry_minus_ewma
46,switch_delay12,regime_conditional,observed,warehouse,record_transition,-0.6442307692307693,0.2857142857142857,-0.7666666666666667,-0.7215722065025402,0.34519572953736655,0.0,0.1428571428571429,0.0,0.2857142857142857,0.1428571428571428,0.0,0.45714285714285713,10.676156583629894,0.0,0.0,0.2857142857142857,-0.6442307692307693,0.0,carry_minus_ewma
46,switch_delay12,regime_conditional,observed,warehouse,stable,-0.09393596826141673,0.022727272727272707,-0.15287688846030217,-0.16694512121073246,0.053811659192825115,-0.005681818181818177,0.022727272727272707,0.0,0.022727272727272707,0.022727272727272707,0.0,0.16842105263157894,1.1210762331838549,0.0,0.0,0.022727272727272707,-0.09393596826141673,0.0,carry_minus_ewma
46,switch_delay12,regime_conditional,observed,warehouse,transition,0.0,0.0,0.0,0.0,0.0,0.0,0.0,0.0,0.0,0.0,0.0,0.0,0.0,0.0,0.0,0.0,0.0,0.0,carry_minus_ewma
46,switch_delay12,regime_marginal,clean,all,all,0.0,,0.0,,0.042746913580246904,,,,,,0.0,0.07291666666666669,-0.15432098765432123,0.0,0.0,,0.0,,carry_minus_ewma
46,switch_delay12,regime_marginal,clean,all,record_stable,0.0,,0.0,,0.001780626780626779,,,,,,0.0,0.0,0.0,0.0,0.0,,0.0,,carry_minus_ewma
46,switch_delay12,regime_marginal,clean,all,record_transition,0.0,,0.0,,0.3090277777777778,,,,,,0.0,0.2916666666666667,-1.1574074074074074,0.0,0.0,,0.0,,carry_minus_ewma
46,switch_delay12,regime_marginal,clean,all,stable,0.0,,0.0,,0.049323361823361826,,,,,,0.0,0.09813084112149532,-0.17806267806267773,0.0,0.0,,0.0,,carry_minus_ewma
46,switch_delay12,regime_marginal,clean,all,transition,0.0,,0.0,,0.0,,,,,,0.0,0.0,0.0,0.0,0.0,,0.0,,carry_minus_ewma
46,switch_delay12,regime_marginal,clean,transit_rough,all,0.0,,0.0,,0.03287037037037037,,,,,,0.0,0.043478260869565216,0.0,0.0,0.0,,0.0,,carry_minus_ewma
46,switch_delay12,regime_marginal,clean,transit_rough,record_stable,0.0,,0.0,,0.0,,,,,,0.0,0.0,0.0,0.0,0.0,,0.0,,carry_minus_ewma
46,switch_delay12,regime_marginal,clean,transit_rough,record_transition,,,,,0.2465277777777778,,,,,,0.0,0.17647058823529413,0.0,0.0,0.0,,,,carry_minus_ewma
46,switch_delay12,regime_marginal,clean,transit_rough,stable,0.0,,0.0,,0.037927350427350424,,,,,,0.0,0.05,0.0,0.0,0.0,,0.0,,carry_minus_ewma
46,switch_delay12,regime_marginal,clean,transit_rough,transition,0.0,,0.0,,0.0,,,,,,0.0,0.0,0.0,0.0,0.0,,0.0,,carry_minus_ewma
46,switch_delay12,regime_marginal,clean,transit_smooth,all,0.0,,0.0,,0.04629629629629631,,,,,,0.0,0.08045977011494251,0.4629629629629619,0.0,0.0,,0.0,,carry_minus_ewma
46,switch_delay12,regime_marginal,clean,transit_smooth,record_stable,0.0,,0.0,,0.00373931623931624,,,,,,0.0,0.0,0.0,0.0,0.0,,0.0,,carry_minus_ewma
46,switch_delay12,regime_marginal,clean,transit_smooth,record_transition,,,,,0.3229166666666667,,,,,,0.0,0.35,3.4722222222222223,0.0,0.0,,,,carry_minus_ewma
46,switch_delay12,regime_marginal,clean,transit_smooth,stable,0.0,,0.0,,0.053418803418803416,,,,,,0.0,0.11864406779661017,0.5341880341880341,0.0,0.0,,0.0,,carry_minus_ewma
46,switch_delay12,regime_marginal,clean,transit_smooth,transition,0.0,,0.0,,0.0,,,,,,0.0,0.0,0.0,0.0,0.0,,0.0,,carry_minus_ewma
46,switch_delay12,regime_marginal,clean,warehouse,all,0.0,,0.0,,0.049074074074074076,,,,,,0.0,0.08333333333333334,-0.9259259259259238,0.0,0.0,,0.0,,carry_minus_ewma
46,switch_delay12,regime_marginal,clean,warehouse,record_stable,0.0,,0.0,,0.0016025641025641107,,,,,,0.0,0.0,0.0,0.0,0.0,,0.0,,carry_minus_ewma
46,switch_delay12,regime_marginal,clean,warehouse,record_transition,0.0,,0.0,,0.3576388888888889,,,,,,0.0,0.3142857142857143,-6.944444444444444,0.0,0.0,,0.0,,carry_minus_ewma
46,switch_delay12,regime_marginal,clean,warehouse,stable,0.0,,0.0,,0.056623931623931624,,,,,,0.0,0.11578947368421053,-1.06837606837607,0.0,0.0,,0.0,,carry_minus_ewma
46,switch_delay12,regime_marginal,clean,warehouse,transition,0.0,,0.0,,0.0,,,,,,0.0,0.0,0.0,0.0,0.0,,0.0,,carry_minus_ewma
46,switch_delay12,regime_marginal,observed,all,all,-0.006225218955631273,0.05555555555555558,-0.015428381660391552,-0.004999805869652901,0.04053617571059431,0.048611111111111105,-0.03819444444444442,0.0,0.05555555555555558,0.0069444444444444475,0.0,0.05902777777777779,-0.322997416020673,0.0,0.0,0.05555555555555558,-0.006225218955631273,0.0,carry_minus_ewma
46,switch_delay12,regime_marginal,observed,all,record_stable,0.0013274511415775347,0.00416666666666668,0.0006022282445046767,-0.00015277980207853425,0.0011160714285714385,0.0,-0.004166666666666652,0.0,0.00416666666666668,0.004166666666666666,0.0,-0.0046296296296296224,-0.1860119047619051,0.0,0.0,0.00416666666666668,0.0013274511415775347,0.0,carry_minus_ewma
46,switch_delay12,regime_marginal,observed,all,record_transition,-0.16933680222739514,0.3125,-0.48575740426334657,-0.2474960178859419,0.3002450980392157,0.29166666666666663,-0.20833333333333331,0.0,0.3125,0.020833333333333343,0.0,0.25,-1.225490196078431,0.0,0.0,0.3125,-0.16933680222739514,0.0,carry_minus_ewma
46,switch_delay12,regime_marginal,observed,all,stable,-0.015458422174840086,0.07407407407407408,-0.10813953488372094,-0.04487374713980889,0.04648148148148148,0.06481481481481481,-0.05092592592592593,0.0,0.07407407407407408,0.009259259259259259,0.0,0.07943925233644861,-0.37037037037037024,0.0,0.0,0.07407407407407408,-0.015458422174840086,0.0,carry_minus_ewma
46,switch_delay12,regime_marginal,observed,all,transition,0.0,0.0,0.0,-1.2102425635956982e-06,0.0,0.0,0.0,0.0,0.0,0.0,0.0,0.0,0.0,0.0,0.0,0.0,0.0,0.0,carry_minus_ewma
46,switch_delay12,regime_marginal,observed,transit_rough,all,0.03394367198048179,0.12371134020618557,0.007251064747425734,0.009409441675947844,0.0266602035870092,0.08762886597938144,-0.061855670103092786,0.0,0.12371134020618557,0.030927835051546393,0.0,-0.014492753623188408,0.0,0.0,0.0,0.12371134020618557,0.03394367198048179,0.0,carry_minus_ewma
46,switch_delay12,regime_marginal,observed,transit_rough,record_stable,0.0015992256381120729,0.0,0.0016448080335887127,-0.0004612838692554383,-0.0011074197120708729,0.0,0.0,0.0,0.0,0.0,0.0,-0.038461538461538464,0.0,0.0,0.0,0.0,0.0015992256381120729,0.0,carry_minus_ewma
46,switch_delay12,regime_marginal,observed,transit_rough,record_transition,0.030275229357798195,0.38709677419354843,-0.43589743589743585,-0.18019284729127893,0.22178988326848248,0.27419354838709675,-0.19354838709677424,0.0,0.38709677419354843,0.09677419354838712,0.0,0.05882352941176469,0.0,0.0,0.0,0.38709677419354843,0.030275229357798195,0.0,carry_minus_ewma
46,switch_delay12,regime_marginal,observed,transit_rough,stable,0.05822847273624476,0.15,-0.04848018468641785,0.0024980829340948973,0.030691964285714284,0.10625,-0.07499999999999996,0.0,0.15,0.037500000000000006,0.0,-0.016666666666666663,0.0,0.0,0.0,0.15,0.05822847273624476,0.0,carry_minus_ewma
46,switch_delay12,regime_marginal,observed,transit_rough,transition,0.0,0.0,0.0,0.0,0.0,0.0,0.0,0.0,0.0,0.0,0.0,0.0,0.0,0.0,0.0,0.0,0.0,0.0,carry_minus_ewma
46,switch_delay12,regime_marginal,observed,transit_smooth,all,-0.019042953800936832,0.014705882352941152,-0.016823246668123223,-0.006443270183513844,0.047323135755258136,0.05882352941176469,-0.08823529411764702,0.0,0.014705882352941152,0.0,0.0,0.06896551724137931,0.4780114722753357,0.0,0.0,0.014705882352941152,-0.019042953800936832,0.0,carry_minus_ewma
46,switch_delay12,regime_marginal,observed,transit_smooth,record_stable,-0.002476123098691191,0.0,-0.0020490803532224183,-0.000981384286019349,0.003858875413450938,0.0,-0.017241379310344807,0.0,0.0,0.0,0.0,0.0,0.0,0.0,0.0,0.0,-0.002476123098691191,0.0,carry_minus_ewma
46,switch_delay12,regime_marginal,observed,transit_smooth,record_transition,0.019417475728155338,0.1,,-0.03670613698336275,0.33093525179856115,0.4,-0.5,0.0,0.1,0.0,0.0,0.3,3.597122302158273,0.0,0.0,0.1,0.019417475728155338,0.0,carry_minus_ewma
46,switch_delay12,regime_marginal,observed,transit_smooth,stable,-0.02517482517482518,0.020833333333333336,-0.09200603318250378,-0.024151626905599362,0.054276315789473686,0.08333333333333333,-0.125,0.0,0.020833333333333336,0.0,0.0,0.1016949152542373,0.5482456140350878,0.0,0.0,0.020833333333333336,-0.02517482517482518,0.0,carry_minus_ewma
46,switch_delay12,regime_marginal,observed,transit_smooth,transition,0.0,0.0,0.0,0.0,0.0,0.0,0.0,0.0,0.0,0.0,0.0,0.0,0.0,0.0,0.0,0.0,0.0,0.0,carry_minus_ewma
46,switch_delay12,regime_marginal,observed,warehouse,all,-0.02124384236453203,0.02439024390243902,-0.027692307692307683,-0.011434726089426667,0.04761904761904763,0.012195121951219495,0.008130081300812997,0.0,0.02439024390243902,-0.00813008130081301,0.0,0.09090909090909091,-1.472754050073636,0.0,0.0,0.02439024390243902,-0.02124384236453203,0.0,carry_minus_ewma
46,switch_delay12,regime_marginal,observed,warehouse,record_stable,0.005207624542971967,0.008620689655172431,0.003665202014789412,0.0012844721366979256,0.0005694760820045552,0.0,0.0,0.0,0.008620689655172431,0.008620689655172403,0.0,0.010309278350515427,-0.5694760820045559,0.0,0.0,0.008620689655172431,0.005207624542971967,0.0,carry_minus_ewma
46,switch_delay12,regime_marginal,observed,warehouse,record_transition,-0.46649616368286445,0.2857142857142857,-0.4351851851851852,-0.727075384392478,0.3416370106761566,0.2142857142857143,0.1428571428571429,0.0,0.2857142857142857,-0.2857142857142857,0.0,0.3142857142857143,-7.117437722419929,0.0,0.0,0.2857142857142857,-0.46649616368286445,0.0,carry_minus_ewma
46,switch_delay12,regime_marginal,observed,warehouse,stable,-0.04306826178747361,0.03409090909090909,-0.11498491451558832,-0.10142761716804916,0.05437219730941703,0.017045454545454544,0.011363636363636354,0.0,0.03409090909090909,-0.011363636363636367,0.0,0.1263157894736842,-1.681614349775785,0.0,0.0,0.03409090909090909,-0.04306826178747361,0.0,carry_minus_ewma
46,switch_delay12,regime_marginal,observed,warehouse,transition,0.0,0.0,0.0,0.0,0.0,0.0,0.0,0.0,0.0,0.0,0.0,0.0,0.0,0.0,0.0,0.0,0.0,0.0,carry_minus_ewma
46,switch_random,regime_conditional,clean,all,all,0.0,,0.0,,0.0010802469135802462,,,,,,0.0,0.0,0.4629629629629628,0.0,0.0,,0.0,,carry_minus_ewma
46,switch_random,regime_conditional,clean,all,record_stable,0.0,,0.0,,0.0,,,,,,0.0,0.0,0.0,0.0,0.0,,0.0,,carry_minus_ewma
46,switch_random,regime_conditional,clean,all,record_transition,0.0,,0.0,,0.008101851851851851,,,,,,0.0,0.0,3.4722222222222214,0.0,0.0,,0.0,,carry_minus_ewma
46,switch_random,regime_conditional,clean,all,stable,0.0,,0.0,,0.0,,,,,,0.0,0.0,0.0,0.0,0.0,,0.0,,carry_minus_ewma
46,switch_random,regime_conditional,clean,all,transition,0.0,,0.0,,0.008101851851851851,,,,,,0.0,0.0,3.4722222222222214,0.0,0.0,,0.0,,carry_minus_ewma
46,switch_random,regime_conditional,clean,transit_rough,all,0.0,,0.0,,0.0,,,,,,0.0,0.0,0.4629629629629628,0.0,0.0,,0.0,,carry_minus_ewma
46,switch_random,regime_conditional,clean,transit_rough,record_stable,0.0,,0.0,,0.0,,,,,,0.0,0.0,0.0,0.0,0.0,,0.0,,carry_minus_ewma
46,switch_random,regime_conditional,clean,transit_rough,record_transition,0.0,,0.0,,0.0,,,,,,0.0,0.0,3.472222222222223,0.0,0.0,,0.0,,carry_minus_ewma
46,switch_random,regime_conditional,clean,transit_rough,stable,0.0,,0.0,,0.0,,,,,,0.0,0.0,0.0,0.0,0.0,,0.0,,carry_minus_ewma
46,switch_random,regime_conditional,clean,transit_rough,transition,0.0,,0.0,,0.0,,,,,,0.0,0.0,3.472222222222223,0.0,0.0,,0.0,,carry_minus_ewma
46,switch_random,regime_conditional,clean,transit_smooth,all,0.0,,0.0,,0.0023148148148148147,,,,,,0.0,0.0,0.9259259259259265,0.0,0.0,,0.0,,carry_minus_ewma
46,switch_random,regime_conditional,clean,transit_smooth,record_stable,0.0,,0.0,,0.0,,,,,,0.0,0.0,0.0,0.0,0.0,,0.0,,carry_minus_ewma
46,switch_random,regime_conditional,clean,transit_smooth,record_transition,,,,,0.017361111111111112,,,,,,0.0,0.0,6.944444444444445,0.0,0.0,,,,carry_minus_ewma
46,switch_random,regime_conditional,clean,transit_smooth,stable,0.0,,0.0,,0.0,,,,,,0.0,0.0,0.0,0.0,0.0,,0.0,,carry_minus_ewma
46,switch_random,regime_conditional,clean,transit_smooth,transition,,,,,0.017361111111111112,,,,,,0.0,0.0,6.944444444444445,0.0,0.0,,,,carry_minus_ewma
46,switch_random,regime_conditional,clean,warehouse,all,0.0,,0.0,,0.0009259259259259238,,,,,,0.0,0.0,0.0,0.0,0.0,,0.0,,carry_minus_ewma
46,switch_random,regime_conditional,clean,warehouse,record_stable,0.0,,0.0,,0.0,,,,,,0.0,0.0,0.0,0.0,0.0,,0.0,,carry_minus_ewma
46,switch_random,regime_conditional,clean,warehouse,record_transition,0.0,,0.0,,0.006944444444444444,,,,,,0.0,0.0,0.0,0.0,0.0,,0.0,,carry_minus_ewma
46,switch_random,regime_conditional,clean,warehouse,stable,0.0,,0.0,,0.0,,,,,,0.0,0.0,0.0,0.0,0.0,,0.0,,carry_minus_ewma
46,switch_random,regime_conditional,clean,warehouse,transition,0.0,,0.0,,0.006944444444444444,,,,,,0.0,0.0,0.0,0.0,0.0,,0.0,,carry_minus_ewma
46,switch_random,regime_conditional,observed,all,all,0.005387958421226524,0.02083333333333337,-0.017615636110267452,0.01804953105312418,0.0035529715762273907,0.012152777777777776,-0.00694444444444442,0.0,0.02083333333333337,0.010416666666666685,0.0,0.034722222222222224,0.8074935400516807,0.0,0.0,0.02083333333333337,0.005387958421226524,0.0,carry_minus_ewma
46,switch_random,regime_conditional,observed,all,record_stable,0.003167008430166318,0.00462962962962965,0.0015045622209279852,0.0008516996434873025,0.00018518518518518406,0.0,0.0,0.0,0.00462962962962965,0.004629629629629595,0.0,0.004672897196261683,0.0,0.0,0.0,0.00462962962962965,0.003167008430166318,0.0,carry_minus_ewma
46,switch_random,regime_conditional,observed,all,record_transition,0.02295111593024307,0.06944444444444445,-0.23606889564336375,0.03882845177892824,0.026515151515151512,0.04861111111111111,-0.02777777777777779,0.0,0.06944444444444445,0.02777777777777779,0.0,0.12162162162162163,6.313131313131313,0.0,0.0,0.06944444444444445,0.02295111593024307,0.0,carry_minus_ewma
46,switch_random,regime_conditional,observed,all,stable,0.003167008430166318,0.00462962962962965,0.0015045622209279852,0.0008516996434873025,0.00018518518518518406,0.0,0.0,0.0,0.00462962962962965,0.004629629629629595,0.0,0.004672897196261683,0.0,0.0,0.0,0.00462962962962965,0.003167008430166318,0.0,carry_minus_ewma
46,switch_random,regime_conditional,observed,all,transition,0.02295111593024307,0.06944444444444445,-0.23606889564336375,0.03882845177892824,0.026515151515151512,0.04861111111111111,-0.02777777777777779,0.0,0.06944444444444445,0.02777777777777779,0.0,0.12162162162162163,6.313131313131313,0.0,0.0,0.06944444444444445,0.02295111593024307,0.0,carry_minus_ewma
46,switch_random,regime_conditional,observed,transit_rough,all,0.0021696842735298705,0.0,0.0065581184984170315,0.0010356014477271858,-0.00048473097430925746,0.0,-0.010309278350515538,0.0,0.0,0.0,0.0,0.0,0.0,0.0,0.0,0.0,0.0021696842735298705,0.0,carry_minus_ewma
46,switch_random,regime_conditional,observed,transit_rough,record_stable,0.011228208411307006,0.012500000000000011,0.008704557091653853,0.0033226826009286614,0.0,0.0,0.0,0.0,0.012500000000000011,0.012499999999999956,0.0,0.0,0.0,0.0,0.0,0.012500000000000011,0.011228208411307006,0.0,carry_minus_ewma
46,switch_random,regime_conditional,observed,transit_rough,record_transition,-0.09090909090909091,-0.058823529411764705,-0.2,-0.02028894728931016,-0.003690036900369004,0.0,-0.05882352941176472,0.0,-0.058823529411764705,-0.058823529411764705,0.0,0.0,0.0,0.0,0.0,-0.058823529411764705,-0.09090909090909091,0.0,carry_minus_ewma
46,switch_random,regime_conditional,observed,transit_rough,stable,0.011228208411307006,0.012500000000000011,0.008704557091653853,0.0033226826009286614,0.0,0.0,0.0,0.0,0.012500000000000011,0.012499999999999956,0.0,0.0,0.0,0.0,0.0,0.012500000000000011,0.011228208411307006,0.0,carry_minus_ewma
46,switch_random,regime_conditional,observed,transit_rough,transition,-0.09090909090909091,-0.058823529411764705,-0.2,-0.02028894728931016,-0.003690036900369004,0.0,-0.05882352941176472,0.0,-0.058823529411764705,-0.058823529411764705,0.0,0.0,0.0,0.0,0.0,-0.058823529411764705,-0.09090909090909091,0.0,carry_minus_ewma
46,switch_random,regime_conditional,observed,transit_smooth,all,0.012432012432012418,0.04411764705882354,-0.03443877551020408,0.029557413172181635,0.005736137667304016,0.044117647058823525,-0.044117647058823484,0.0,0.04411764705882354,0.01470588235294118,0.0,0.034482758620689655,1.4340344168260044,0.0,0.0,0.04411764705882354,0.012432012432012418,0.0,carry_minus_ewma
46,switch_random,regime_conditional,observed,transit_smooth,record_stable,-0.0034364261168384758,0.0,-0.006802721088435382,0.0018224616171203523,0.0005482456140350894,0.0,0.0,0.0,0.0,0.0,0.0,0.016949152542372878,0.0,0.0,0.0,0.0,-0.0034364261168384758,0.0,carry_minus_ewma
46,switch_random,regime_conditional,observed,transit_smooth,record_transition,0.13333333333333333,0.15000000000000002,-0.7333333333333334,0.02554061737608032,0.041044776119402986,0.15,-0.15000000000000002,0.0,0.15000000000000002,0.05,0.0,0.07142857142857142,11.194029850746269,0.0,0.0,0.15000000000000002,0.13333333333333333,0.0,carry_minus_ewma
46,switch_random,regime_conditional,observed,transit_smooth,stable,-0.0034364261168384758,0.0,-0.006802721088435382,0.0018224616171203523,0.0005482456140350894,0.0,0.0,0.0,0.0,0.0,0.0,0.016949152542372878,0.0,0.0,0.0,0.0,-0.0034364261168384758,0.0,carry_minus_ewma
46,switch_random,regime_conditional,observed,transit_smooth,transition,0.13333333333333333,0.15000000000000002,-0.7333333333333334,0.02554061737608032,0.041044776119402986,0.15,-0.15000000000000002,0.0,0.15000000000000002,0.05,0.0,0.07142857142857142,11.194029850746269,0.0,0.0,0.15000000000000002,0.13333333333333333,0.0,carry_minus_ewma
46,switch_random,regime_conditional,observed,warehouse,all,0.006129722024233786,0.02439024390243899,-0.015215880126670245,0.02779191958780597,0.005400098183603333,0.004065040650406512,0.016260162601625994,0.0,0.02439024390243899,0.016260162601625994,0.0,0.053030303030303025,0.9818360333824252,0.0,0.0,0.02439024390243899,0.006129722024233786,0.0,carry_minus_ewma
46,switch_random,regime_conditional,observed,warehouse,record_stable,0.0,0.0,0.0,0.0003700213599460711,0.0,0.0,0.0,0.0,0.0,0.0,0.0,0.0,0.0,0.0,0.0,0.0,0.0,0.0,carry_minus_ewma
46,switch_random,regime_conditional,observed,warehouse,record_transition,-0.0025000000000000022,0.08571428571428574,-0.2505747126436781,0.04611024534142727,0.043478260869565216,0.014285714285714285,0.05714285714285716,0.0,0.08571428571428574,0.05714285714285716,0.0,0.1891891891891892,7.905138339920949,0.0,0.0,0.08571428571428574,-0.0025000000000000022,0.0,carry_minus_ewma
46,switch_random,regime_conditional,observed,warehouse,stable,0.0,0.0,0.0,0.0003700213599460711,0.0,0.0,0.0,0.0,0.0,0.0,0.0,0.0,0.0,0.0,0.0,0.0,0.0,0.0,carry_minus_ewma
46,switch_random,regime_conditional,observed,warehouse,transition,-0.0025000000000000022,0.08571428571428574,-0.2505747126436781,0.04611024534142727,0.043478260869565216,0.014285714285714285,0.05714285714285716,0.0,0.08571428571428574,0.05714285714285716,0.0,0.1891891891891892,7.905138339920949,0.0,0.0,0.08571428571428574,-0.0025000000000000022,0.0,carry_minus_ewma
46,switch_random,regime_marginal,clean,all,all,0.0,,0.0,,0.0010802469135802496,,,,,,0.0,0.0034722222222222238,0.4629629629629637,0.0,0.0,,0.0,,carry_minus_ewma
46,switch_random,regime_marginal,clean,all,record_stable,0.0,,0.0,,0.0001780626780626786,,,,,,0.0,0.0,0.0,0.0,0.0,,0.0,,carry_minus_ewma
46,switch_random,regime_marginal,clean,all,record_transition,0.0,,0.0,,0.006944444444444444,,,,,,0.0,0.013513513513513514,3.4722222222222223,0.0,0.0,,0.0,,carry_minus_ewma
46,switch_random,regime_marginal,clean,all,stable,0.0,,0.0,,0.0001780626780626786,,,,,,0.0,0.0,0.0,0.0,0.0,,0.0,,carry_minus_ewma
46,switch_random,regime_marginal,clean,all,transition,0.0,,0.0,,0.006944444444444444,,,,,,0.0,0.013513513513513514,3.4722222222222223,0.0,0.0,,0.0,,carry_minus_ewma
46,switch_random,regime_marginal,clean,transit_rough,all,0.0,,0.0,,0.0,,,,,,0.0,0.0,0.0,0.0,0.0,,0.0,,carry_minus_ewma
46,switch_random,regime_marginal,clean,transit_rough,record_stable,0.0,,0.0,,0.0,,,,,,0.0,0.0,0.0,0.0,0.0,,0.0,,carry_minus_ewma
46,switch_random,regime_marginal,clean,transit_rough,record_transition,,,,,0.0,,,,,,0.0,0.0,0.0,0.0,0.0,,,,carry_minus_ewma
46,switch_random,regime_marginal,clean,transit_rough,stable,0.0,,0.0,,0.0,,,,,,0.0,0.0,0.0,0.0,0.0,,0.0,,carry_minus_ewma
46,switch_random,regime_marginal,clean,transit_rough,transition,,,,,0.0,,,,,,0.0,0.0,0.0,0.0,0.0,,,,carry_minus_ewma
46,switch_random,regime_marginal,clean,transit_smooth,all,0.0,,0.0,,0.0009259259259259255,,,,,,0.0,0.0,0.0,0.0,0.0,,0.0,,carry_minus_ewma
46,switch_random,regime_marginal,clean,transit_smooth,record_stable,0.0,,0.0,,0.0,,,,,,0.0,0.0,0.0,0.0,0.0,,0.0,,carry_minus_ewma
46,switch_random,regime_marginal,clean,transit_smooth,record_transition,,,,,0.006944444444444444,,,,,,0.0,0.0,0.0,0.0,0.0,,,,carry_minus_ewma
46,switch_random,regime_marginal,clean,transit_smooth,stable,0.0,,0.0,,0.0,,,,,,0.0,0.0,0.0,0.0,0.0,,0.0,,carry_minus_ewma
46,switch_random,regime_marginal,clean,transit_smooth,transition,,,,,0.006944444444444444,,,,,,0.0,0.0,0.0,0.0,0.0,,,,carry_minus_ewma
46,switch_random,regime_marginal,clean,warehouse,all,0.0,,0.0,,0.0023148148148148147,,,,,,0.0,0.007575757575757576,1.3888888888888893,0.0,0.0,,0.0,,carry_minus_ewma
46,switch_random,regime_marginal,clean,warehouse,record_stable,0.0,,0.0,,0.0005341880341880323,,,,,,0.0,0.0,0.0,0.0,0.0,,0.0,,carry_minus_ewma
46,switch_random,regime_marginal,clean,warehouse,record_transition,0.0,,0.0,,0.01388888888888889,,,,,,0.0,0.02702702702702703,10.416666666666668,0.0,0.0,,0.0,,carry_minus_ewma
46,switch_random,regime_marginal,clean,warehouse,stable,0.0,,0.0,,0.0005341880341880323,,,,,,0.0,0.0,0.0,0.0,0.0,,0.0,,carry_minus_ewma
46,switch_random,regime_marginal,clean,warehouse,transition,0.0,,0.0,,0.01388888888888889,,,,,,0.0,0.02702702702702703,10.416666666666668,0.0,0.0,,0.0,,carry_minus_ewma
46,switch_random,regime_marginal,observed,all,all,0.007658821375536529,0.010416666666666685,-0.004601226993865032,0.010084914481128526,0.001937984496124031,0.0034722222222222203,-0.01388888888888884,0.0,0.010416666666666685,0.010416666666666657,0.0,0.024305555555555552,0.1614987080103356,0.0,0.0,0.010416666666666685,0.007658821375536529,0.0,carry_minus_ewma
46,switch_random,regime_marginal,observed,all,record_stable,0.0,0.0,0.0,-0.00014922016222554402,0.0,0.0,0.0,0.0,0.0,0.0,0.0,0.0,0.0,0.0,0.0,0.0,0.0,0.0,carry_minus_ewma
46,switch_random,regime_marginal,observed,all,record_transition,0.03540693385788052,0.04166666666666667,-0.2517482517482517,0.020740472972033686,0.015151515151515152,0.013888888888888888,-0.05555555555555558,0.0,0.04166666666666667,0.04166666666666667,0.0,0.0945945945945946,1.262626262626262,0.0,0.0,0.04166666666666667,0.03540693385788052,0.0,carry_minus_ewma
46,switch_random,regime_marginal,observed,all,stable,0.0,0.0,0.0,-0.00014922016222554402,0.0,0.0,0.0,0.0,0.0,0.0,0.0,0.0,0.0,0.0,0.0,0.0,0.0,0.0,carry_minus_ewma
46,switch_random,regime_marginal,observed,all,transition,0.03540693385788052,0.04166666666666667,-0.2517482517482517,0.020740472972033686,0.015151515151515152,0.013888888888888888,-0.05555555555555558,0.0,0.04166666666666667,0.04166666666666667,0.0,0.0945945945945946,1.262626262626262,0.0,0.0,0.04166666666666667,0.03540693385788052,0.0,carry_minus_ewma
46,switch_random,regime_marginal,observed,transit_rough,all,0.0,0.0,0.0,1.5717972709328176e-05,0.0,0.0,-0.010309278350515538,0.0,0.0,0.0,0.0,0.0,0.0,0.0,0.0,0.0,0.0,0.0,carry_minus_ewma
46,switch_random,regime_marginal,observed,transit_rough,record_stable,0.0,0.0,0.0,0.00019172069088060906,0.0,0.0,0.0,0.0,0.0,0.0,0.0,0.0,0.0,0.0,0.0,0.0,0.0,0.0,carry_minus_ewma
46,switch_random,regime_marginal,observed,transit_rough,record_transition,0.0,0.0,,-0.016178006712820187,0.0,0.0,-0.05882352941176472,0.0,0.0,0.0,0.0,0.0,0.0,0.0,0.0,0.0,0.0,0.0,carry_minus_ewma
46,switch_random,regime_marginal,observed,transit_rough,stable,0.0,0.0,0.0,0.00019172069088060906,0.0,0.0,0.0,0.0,0.0,0.0,0.0,0.0,0.0,0.0,0.0,0.0,0.0,0.0,carry_minus_ewma
46,switch_random,regime_marginal,observed,transit_rough,transition,0.0,0.0,,-0.016178006712820187,0.0,0.0,-0.05882352941176472,0.0,0.0,0.0,0.0,0.0,0.0,0.0,0.0,0.0,0.0,0.0,carry_minus_ewma
46,switch_random,regime_marginal,observed,transit_smooth,all,-0.0010818120351588911,0.0,-0.012383900928792574,0.005067237769683014,0.0009560229445506703,0.014705882352941176,-0.014705882352941235,0.0,0.0,0.0,0.0,0.0,0.0,0.0,0.0,0.0,-0.0010818120351588911,0.0,carry_minus_ewma
46,switch_random,regime_marginal,observed,transit_smooth,record_stable,0.0,0.0,0.0,0.00022376870974213925,0.0,0.0,0.0,0.0,0.0,0.0,0.0,0.0,0.0,0.0,0.0,0.0,0.0,0.0,carry_minus_ewma
46,switch_random,regime_marginal,observed,transit_smooth,record_transition,0.0,0.0,,0.02585940099184479,0.007462686567164179,0.05,-0.04999999999999999,0.0,0.0,0.0,0.0,0.0,0.0,0.0,0.0,0.0,0.0,0.0,carry_minus_ewma
46,switch_random,regime_marginal,observed,transit_smooth,stable,0.0,0.0,0.0,0.00022376870974213925,0.0,0.0,0.0,0.0,0.0,0.0,0.0,0.0,0.0,0.0,0.0,0.0,0.0,0.0,carry_minus_ewma
46,switch_random,regime_marginal,observed,transit_smooth,transition,0.0,0.0,,0.02585940099184479,0.007462686567164179,0.05,-0.04999999999999999,0.0,0.0,0.0,0.0,0.0,0.0,0.0,0.0,0.0,0.0,0.0,carry_minus_ewma
46,switch_random,regime_marginal,observed,warehouse,all,0.015918627987593498,0.02439024390243902,-0.0026881720430107503,0.024666069018811215,0.004909180166912129,0.0,-0.016260162601625994,0.0,0.02439024390243902,0.024390243902439032,0.0,0.05303030303030303,0.4909180166912126,0.0,0.0,0.02439024390243902,0.015918627987593498,0.0,carry_minus_ewma
46,switch_random,regime_marginal,observed,warehouse,record_stable,0.0,0.0,0.0,5.3896514690898734e-05,0.0,0.0,0.0,0.0,0.0,0.0,0.0,0.0,0.0,0.0,0.0,0.0,0.0,0.0,carry_minus_ewma
46,switch_random,regime_marginal,observed,warehouse,record_transition,0.03463522476050107,0.08571428571428569,-0.21969696969696967,0.026028254373570148,0.039525691699604744,0.0,-0.05714285714285716,0.0,0.08571428571428569,0.08571428571428569,0.0,0.1891891891891892,3.952569169960473,0.0,0.0,0.08571428571428569,0.03463522476050107,0.0,carry_minus_ewma
46,switch_random,regime_marginal,observed,warehouse,stable,0.0,0.0,0.0,5.3896514690898734e-05,0.0,0.0,0.0,0.0,0.0,0.0,0.0,0.0,0.0,0.0,0.0,0.0,0.0,0.0,carry_minus_ewma
46,switch_random,regime_marginal,observed,warehouse,transition,0.03463522476050107,0.08571428571428569,-0.21969696969696967,0.026028254373570148,0.039525691699604744,0.0,-0.05714285714285716,0.0,0.08571428571428569,0.08571428571428569,0.0,0.1891891891891892,3.952569169960473,0.0,0.0,0.08571428571428569,0.03463522476050107,0.0,carry_minus_ewma
