seed,scenario,method,alpha,view,regime_at_onset,event_index,sequence_index,channel,start,end_exclusive,duration,any_active_hit,fresh_onset_hit,pre_active,fresh_delay_detected,fresh_delay_capped
42,steady_m05,regime_marginal,1.0,clean,warehouse,0,0,2,48,60,12,False,False,False,,12
42,steady_m05,regime_marginal,1.0,clean,warehouse,1,0,1,0,6,6,False,False,False,,6
42,steady_m05,regime_marginal,1.0,clean,warehouse,2,1,0,48,60,12,False,False,False,,12
42,steady_m05,regime_marginal,1.0,clean,warehouse,3,1,2,108,114,6,False,False,False,,6
42,steady_m05,regime_marginal,1.0,clean,warehouse,4,2,1,108,120,12,False,False,True,,12
42,steady_m05,regime_marginal,1.0,clean,warehouse,5,2,1,72,78,6,False,False,False,,6
42,steady_m05,regime_marginal,1.0,clean,warehouse,6,3,1,96,108,12,False,False,False,,12
42,steady_m05,regime_marginal,1.0,clean,warehouse,7,3,2,36,42,6,False,False,False,,6
42,steady_m05,regime_marginal,1.0,clean,transit_smooth,8,4,2,24,36,12,False,False,False,,12
42,steady_m05,regime_marginal,1.0,clean,transit_smooth,9,4,2,36,42,6,False,False,False,,6
42,steady_m05,regime_marginal,1.0,clean,transit_smooth,10,5,2,120,132,12,False,False,False,,12
42,steady_m05,regime_marginal,1.0,clean,transit_smooth,11,5,0,84,90,6,False,False,False,,6
42,steady_m05,regime_marginal,1.0,clean,transit_smooth,12,6,1,108,120,12,False,False,False,,12
42,steady_m05,regime_marginal,1.0,clean,transit_smooth,13,6,2,84,90,6,False,False,False,,6
42,steady_m05,regime_marginal,1.0,clean,transit_smooth,14,7,1,0,12,12,False,False,False,,12
42,steady_m05,regime_marginal,1.0,clean,transit_smooth,15,7,2,12,18,6,False,False,False,,6
42,steady_m05,regime_marginal,1.0,clean,transit_rough,16,8,0,108,120,12,False,False,False,,12
42,steady_m05,regime_marginal,1.0,clean,transit_rough,17,8,0,96,102,6,False,False,False,,6
42,steady_m05,regime_marginal,1.0,clean,transit_rough,18,9,0,24,36,12,False,False,False,,12
42,steady_m05,regime_marginal,1.0,clean,transit_rough,19,9,2,120,126,6,False,False,False,,6
42,steady_m05,regime_marginal,1.0,clean,transit_rough,20,10,1,60,72,12,False,False,False,,12
42,steady_m05,regime_marginal,1.0,clean,transit_rough,21,10,1,84,90,6,False,False,False,,6
42,steady_m05,regime_marginal,1.0,clean,transit_rough,22,11,0,84,96,12,False,False,False,,12
42,steady_m05,regime_marginal,1.0,clean,transit_rough,23,11,0,144,150,6,False,False,False,,6
42,steady_m05,regime_marginal,1.0,observed,warehouse,0,0,2,48,60,12,False,False,False,,12
42,steady_m05,regime_marginal,1.0,observed,warehouse,1,0,1,0,6,6,False,False,False,,6
42,steady_m05,regime_marginal,1.0,observed,warehouse,2,1,0,48,60,12,True,True,False,7.0,7
42,steady_m05,regime_marginal,1.0,observed,warehouse,3,1,2,108,114,6,False,False,False,,6
42,steady_m05,regime_marginal,1.0,observed,warehouse,4,2,1,108,120,12,False,False,True,,12
42,steady_m05,regime_marginal,1.0,observed,warehouse,5,2,1,72,78,6,False,False,False,,6
42,steady_m05,regime_marginal,1.0,observed,warehouse,6,3,1,96,108,12,False,False,False,,12
42,steady_m05,regime_marginal,1.0,observed,warehouse,7,3,2,36,42,6,False,False,False,,6
42,steady_m05,regime_marginal,1.0,observed,transit_smooth,8,4,2,24,36,12,True,True,False,4.0,4
42,steady_m05,regime_marginal,1.0,observed,transit_smooth,9,4,2,36,42,6,False,False,False,,6
42,steady_m05,regime_marginal,1.0,observed,transit_smooth,10,5,2,120,132,12,False,False,False,,12
42,steady_m05,regime_marginal,1.0,observed,transit_smooth,11,5,0,84,90,6,False,False,False,,6
42,steady_m05,regime_marginal,1.0,observed,transit_smooth,12,6,1,108,120,12,False,False,False,,12
42,steady_m05,regime_marginal,1.0,observed,transit_smooth,13,6,2,84,90,6,False,False,False,,6
42,steady_m05,regime_marginal,1.0,observed,transit_smooth,14,7,1,0,12,12,False,False,False,,12
42,steady_m05,regime_marginal,1.0,observed,transit_smooth,15,7,2,12,18,6,False,False,False,,6
42,steady_m05,regime_marginal,1.0,observed,transit_rough,16,8,0,108,120,12,False,False,False,,12
42,steady_m05,regime_marginal,1.0,observed,transit_rough,17,8,0,96,102,6,False,False,False,,6
42,steady_m05,regime_marginal,1.0,observed,transit_rough,18,9,0,24,36,12,False,False,False,,12
42,steady_m05,regime_marginal,1.0,observed,transit_rough,19,9,2,120,126,6,False,False,False,,6
42,steady_m05,regime_marginal,1.0,observed,transit_rough,20,10,1,60,72,12,False,False,False,,12
42,steady_m05,regime_marginal,1.0,observed,transit_rough,21,10,1,84,90,6,False,False,False,,6
42,steady_m05,regime_marginal,1.0,observed,transit_rough,22,11,0,84,96,12,False,False,False,,12
42,steady_m05,regime_marginal,1.0,observed,transit_rough,23,11,0,144,150,6,False,False,False,,6
42,steady_m05,regime_marginal,0.2,clean,warehouse,0,0,2,48,60,12,False,False,False,,12
42,steady_m05,regime_marginal,0.2,clean,warehouse,1,0,1,0,6,6,False,False,False,,6
42,steady_m05,regime_marginal,0.2,clean,warehouse,2,1,0,48,60,12,True,False,True,,12
42,steady_m05,regime_marginal,0.2,clean,warehouse,3,1,2,108,114,6,False,False,False,,6
42,steady_m05,regime_marginal,0.2,clean,warehouse,4,2,1,108,120,12,False,False,True,,12
42,steady_m05,regime_marginal,0.2,clean,warehouse,5,2,1,72,78,6,False,False,False,,6
42,steady_m05,regime_marginal,0.2,clean,warehouse,6,3,1,96,108,12,False,False,False,,12
42,steady_m05,regime_marginal,0.2,clean,warehouse,7,3,2,36,42,6,False,False,False,,6
42,steady_m05,regime_marginal,0.2,clean,transit_smooth,8,4,2,24,36,12,False,False,False,,12
42,steady_m05,regime_marginal,0.2,clean,transit_smooth,9,4,2,36,42,6,False,False,False,,6
42,steady_m05,regime_marginal,0.2,clean,transit_smooth,10,5,2,120,132,12,False,False,False,,12
42,steady_m05,regime_marginal,0.2,clean,transit_smooth,11,5,0,84,90,6,False,False,False,,6
42,steady_m05,regime_marginal,0.2,clean,transit_smooth,12,6,1,108,120,12,False,False,False,,12
42,steady_m05,regime_marginal,0.2,clean,transit_smooth,13,6,2,84,90,6,False,False,False,,6
42,steady_m05,regime_marginal,0.2,clean,transit_smooth,14,7,1,0,12,12,False,False,False,,12
42,steady_m05,regime_marginal,0.2,clean,transit_smooth,15,7,2,12,18,6,False,False,False,,6
42,steady_m05,regime_marginal,0.2,clean,transit_rough,16,8,0,108,120,12,False,False,False,,12
42,steady_m05,regime_marginal,0.2,clean,transit_rough,17,8,0,96,102,6,False,False,False,,6
42,steady_m05,regime_marginal,0.2,clean,transit_rough,18,9,0,24,36,12,False,False,False,,12
42,steady_m05,regime_marginal,0.2,clean,transit_rough,19,9,2,120,126,6,False,False,False,,6
42,steady_m05,regime_marginal,0.2,clean,transit_rough,20,10,1,60,72,12,False,False,False,,12
42,steady_m05,regime_marginal,0.2,clean,transit_rough,21,10,1,84,90,6,False,False,False,,6
42,steady_m05,regime_marginal,0.2,clean,transit_rough,22,11,0,84,96,12,False,False,False,,12
42,steady_m05,regime_marginal,0.2,clean,transit_rough,23,11,0,144,150,6,False,False,False,,6
42,steady_m05,regime_marginal,0.2,observed,warehouse,0,0,2,48,60,12,True,True,False,5.0,5
42,steady_m05,regime_marginal,0.2,observed,warehouse,1,0,1,0,6,6,False,False,False,,6
42,steady_m05,regime_marginal,0.2,observed,warehouse,2,1,0,48,60,12,True,False,True,,12
42,steady_m05,regime_marginal,0.2,observed,warehouse,3,1,2,108,114,6,False,False,False,,6
42,steady_m05,regime_marginal,0.2,observed,warehouse,4,2,1,108,120,12,False,False,True,,12
42,steady_m05,regime_marginal,0.2,observed,warehouse,5,2,1,72,78,6,False,False,False,,6
42,steady_m05,regime_marginal,0.2,observed,warehouse,6,3,1,96,108,12,False,False,False,,12
42,steady_m05,regime_marginal,0.2,observed,warehouse,7,3,2,36,42,6,False,False,False,,6
42,steady_m05,regime_marginal,0.2,observed,transit_smooth,8,4,2,24,36,12,False,False,False,,12
42,steady_m05,regime_marginal,0.2,observed,transit_smooth,9,4,2,36,42,6,False,False,False,,6
42,steady_m05,regime_marginal,0.2,observed,transit_smooth,10,5,2,120,132,12,False,False,False,,12
42,steady_m05,regime_marginal,0.2,observed,transit_smooth,11,5,0,84,90,6,False,False,False,,6
42,steady_m05,regime_marginal,0.2,observed,transit_smooth,12,6,1,108,120,12,False,False,False,,12
42,steady_m05,regime_marginal,0.2,observed,transit_smooth,13,6,2,84,90,6,False,False,False,,6
42,steady_m05,regime_marginal,0.2,observed,transit_smooth,14,7,1,0,12,12,False,False,False,,12
42,steady_m05,regime_marginal,0.2,observed,transit_smooth,15,7,2,12,18,6,False,False,False,,6
42,steady_m05,regime_marginal,0.2,observed,transit_rough,16,8,0,108,120,12,False,False,False,,12
42,steady_m05,regime_marginal,0.2,observed,transit_rough,17,8,0,96,102,6,False,False,False,,6
42,steady_m05,regime_marginal,0.2,observed,transit_rough,18,9,0,24,36,12,False,False,False,,12
42,steady_m05,regime_marginal,0.2,observed,transit_rough,19,9,2,120,126,6,False,False,False,,6
42,steady_m05,regime_marginal,0.2,observed,transit_rough,20,10,1,60,72,12,False,False,False,,12
42,steady_m05,regime_marginal,0.2,observed,transit_rough,21,10,1,84,90,6,False,False,False,,6
42,steady_m05,regime_marginal,0.2,observed,transit_rough,22,11,0,84,96,12,False,False,False,,12
42,steady_m05,regime_marginal,0.2,observed,transit_rough,23,11,0,144,150,6,False,False,False,,6
42,steady_m05,regime_conditional,1.0,clean,warehouse,0,0,2,48,60,12,False,False,False,,12
42,steady_m05,regime_conditional,1.0,clean,warehouse,1,0,1,0,6,6,False,False,False,,6
42,steady_m05,regime_conditional,1.0,clean,warehouse,2,1,0,48,60,12,True,True,False,9.0,9
42,steady_m05,regime_conditional,1.0,clean,warehouse,3,1,2,108,114,6,False,False,False,,6
42,steady_m05,regime_conditional,1.0,clean,warehouse,4,2,1,108,120,12,False,False,True,,12
42,steady_m05,regime_conditional,1.0,clean,warehouse,5,2,1,72,78,6,False,False,False,,6
42,steady_m05,regime_conditional,1.0,clean,warehouse,6,3,1,96,108,12,False,False,False,,12
42,steady_m05,regime_conditional,1.0,clean,warehouse,7,3,2,36,42,6,False,False,False,,6
42,steady_m05,regime_conditional,1.0,clean,transit_smooth,8,4,2,24,36,12,False,False,False,,12
42,steady_m05,regime_conditional,1.0,clean,transit_smooth,9,4,2,36,42,6,False,False,False,,6
42,steady_m05,regime_conditional,1.0,clean,transit_smooth,10,5,2,120,132,12,False,False,False,,12
42,steady_m05,regime_conditional,1.0,clean,transit_smooth,11,5,0,84,90,6,False,False,False,,6
42,steady_m05,regime_conditional,1.0,clean,transit_smooth,12,6,1,108,120,12,False,False,False,,12
42,steady_m05,regime_conditional,1.0,clean,transit_smooth,13,6,2,84,90,6,False,False,False,,6
42,steady_m05,regime_conditional,1.0,clean,transit_smooth,14,7,1,0,12,12,False,False,False,,12
42,steady_m05,regime_conditional,1.0,clean,transit_smooth,15,7,2,12,18,6,False,False,False,,6
42,steady_m05,regime_conditional,1.0,clean,transit_rough,16,8,0,108,120,12,False,False,False,,12
42,steady_m05,regime_conditional,1.0,clean,transit_rough,17,8,0,96,102,6,False,False,False,,6
42,steady_m05,regime_conditional,1.0,clean,transit_rough,18,9,0,24,36,12,False,False,False,,12
42,steady_m05,regime_conditional,1.0,clean,transit_rough,19,9,2,120,126,6,False,False,False,,6
42,steady_m05,regime_conditional,1.0,clean,transit_rough,20,10,1,60,72,12,True,True,False,9.0,9
42,steady_m05,regime_conditional,1.0,clean,transit_rough,21,10,1,84,90,6,False,False,False,,6
42,steady_m05,regime_conditional,1.0,clean,transit_rough,22,11,0,84,96,12,False,False,False,,12
42,steady_m05,regime_conditional,1.0,clean,transit_rough,23,11,0,144,150,6,False,False,False,,6
42,steady_m05,regime_conditional,1.0,observed,warehouse,0,0,2,48,60,12,False,False,False,,12
42,steady_m05,regime_conditional,1.0,observed,warehouse,1,0,1,0,6,6,False,False,False,,6
42,steady_m05,regime_conditional,1.0,observed,warehouse,2,1,0,48,60,12,True,True,False,9.0,9
42,steady_m05,regime_conditional,1.0,observed,warehouse,3,1,2,108,114,6,False,False,False,,6
42,steady_m05,regime_conditional,1.0,observed,warehouse,4,2,1,108,120,12,False,False,True,,12
42,steady_m05,regime_conditional,1.0,observed,warehouse,5,2,1,72,78,6,False,False,False,,6
42,steady_m05,regime_conditional,1.0,observed,warehouse,6,3,1,96,108,12,False,False,False,,12
42,steady_m05,regime_conditional,1.0,observed,warehouse,7,3,2,36,42,6,False,False,False,,6
42,steady_m05,regime_conditional,1.0,observed,transit_smooth,8,4,2,24,36,12,True,True,False,4.0,4
42,steady_m05,regime_conditional,1.0,observed,transit_smooth,9,4,2,36,42,6,False,False,False,,6
42,steady_m05,regime_conditional,1.0,observed,transit_smooth,10,5,2,120,132,12,False,False,False,,12
42,steady_m05,regime_conditional,1.0,observed,transit_smooth,11,5,0,84,90,6,False,False,False,,6
42,steady_m05,regime_conditional,1.0,observed,transit_smooth,12,6,1,108,120,12,False,False,False,,12
42,steady_m05,regime_conditional,1.0,observed,transit_smooth,13,6,2,84,90,6,False,False,False,,6
42,steady_m05,regime_conditional,1.0,observed,transit_smooth,14,7,1,0,12,12,False,False,False,,12
42,steady_m05,regime_conditional,1.0,observed,transit_smooth,15,7,2,12,18,6,False,False,False,,6
42,steady_m05,regime_conditional,1.0,observed,transit_rough,16,8,0,108,120,12,False,False,False,,12
42,steady_m05,regime_conditional,1.0,observed,transit_rough,17,8,0,96,102,6,False,False,False,,6
42,steady_m05,regime_conditional,1.0,observed,transit_rough,18,9,0,24,36,12,False,False,False,,12
42,steady_m05,regime_conditional,1.0,observed,transit_rough,19,9,2,120,126,6,False,False,False,,6
42,steady_m05,regime_conditional,1.0,observed,transit_rough,20,10,1,60,72,12,True,True,False,9.0,9
42,steady_m05,regime_conditional,1.0,observed,transit_rough,21,10,1,84,90,6,False,False,False,,6
42,steady_m05,regime_conditional,1.0,observed,transit_rough,22,11,0,84,96,12,False,False,False,,12
42,steady_m05,regime_conditional,1.0,observed,transit_rough,23,11,0,144,150,6,False,False,False,,6
42,steady_m05,regime_conditional,0.2,clean,warehouse,0,0,2,48,60,12,False,False,False,,12
42,steady_m05,regime_conditional,0.2,clean,warehouse,1,0,1,0,6,6,False,False,False,,6
42,steady_m05,regime_conditional,0.2,clean,warehouse,2,1,0,48,60,12,False,False,False,,12
42,steady_m05,regime_conditional,0.2,clean,warehouse,3,1,2,108,114,6,False,False,False,,6
42,steady_m05,regime_conditional,0.2,clean,warehouse,4,2,1,108,120,12,False,False,True,,12
42,steady_m05,regime_conditional,0.2,clean,warehouse,5,2,1,72,78,6,False,False,False,,6
42,steady_m05,regime_conditional,0.2,clean,warehouse,6,3,1,96,108,12,False,False,False,,12
42,steady_m05,regime_conditional,0.2,clean,warehouse,7,3,2,36,42,6,False,False,False,,6
42,steady_m05,regime_conditional,0.2,clean,transit_smooth,8,4,2,24,36,12,False,False,False,,12
42,steady_m05,regime_conditional,0.2,clean,transit_smooth,9,4,2,36,42,6,False,False,False,,6
42,steady_m05,regime_conditional,0.2,clean,transit_smooth,10,5,2,120,132,12,False,False,False,,12
42,steady_m05,regime_conditional,0.2,clean,transit_smooth,11,5,0,84,90,6,False,False,False,,6
42,steady_m05,regime_conditional,0.2,clean,transit_smooth,12,6,1,108,120,12,False,False,False,,12
42,steady_m05,regime_conditional,0.2,clean,transit_smooth,13,6,2,84,90,6,False,False,False,,6
42,steady_m05,regime_conditional,0.2,clean,transit_smooth,14,7,1,0,12,12,False,False,False,,12
42,steady_m05,regime_conditional,0.2,clean,transit_smooth,15,7,2,12,18,6,False,False,False,,6
42,steady_m05,regime_conditional,0.2,clean,transit_rough,16,8,0,108,120,12,False,False,False,,12
42,steady_m05,regime_conditional,0.2,clean,transit_rough,17,8,0,96,102,6,False,False,False,,6
42,steady_m05,regime_conditional,0.2,clean,transit_rough,18,9,0,24,36,12,False,False,False,,12
42,steady_m05,regime_conditional,0.2,clean,transit_rough,19,9,2,120,126,6,False,False,False,,6
42,steady_m05,regime_conditional,0.2,clean,transit_rough,20,10,1,60,72,12,False,False,False,,12
42,steady_m05,regime_conditional,0.2,clean,transit_rough,21,10,1,84,90,6,False,False,False,,6
42,steady_m05,regime_conditional,0.2,clean,transit_rough,22,11,0,84,96,12,False,False,False,,12
42,steady_m05,regime_conditional,0.2,clean,transit_rough,23,11,0,144,150,6,False,False,False,,6
42,steady_m05,regime_conditional,0.2,observed,warehouse,0,0,2,48,60,12,True,True,False,5.0,5
42,steady_m05,regime_conditional,0.2,observed,warehouse,1,0,1,0,6,6,False,False,False,,6
42,steady_m05,regime_conditional,0.2,observed,warehouse,2,1,0,48,60,12,True,True,False,9.0,9
42,steady_m05,regime_conditional,0.2,observed,warehouse,3,1,2,108,114,6,False,False,False,,6
42,steady_m05,regime_conditional,0.2,observed,warehouse,4,2,1,108,120,12,True,False,True,,12
42,steady_m05,regime_conditional,0.2,observed,warehouse,5,2,1,72,78,6,False,False,False,,6
42,steady_m05,regime_conditional,0.2,observed,warehouse,6,3,1,96,108,12,False,False,False,,12
42,steady_m05,regime_conditional,0.2,observed,warehouse,7,3,2,36,42,6,False,False,False,,6
42,steady_m05,regime_conditional,0.2,observed,transit_smooth,8,4,2,24,36,12,False,False,False,,12
42,steady_m05,regime_conditional,0.2,observed,transit_smooth,9,4,2,36,42,6,False,False,False,,6
42,steady_m05,regime_conditional,0.2,observed,transit_smooth,10,5,2,120,132,12,False,False,False,,12
42,steady_m05,regime_conditional,0.2,observed,transit_smooth,11,5,0,84,90,6,False,False,False,,6
42,steady_m05,regime_conditional,0.2,observed,transit_smooth,12,6,1,108,120,12,False,False,False,,12
42,steady_m05,regime_conditional,0.2,observed,transit_smooth,13,6,2,84,90,6,False,False,False,,6
42,steady_m05,regime_conditional,0.2,observed,transit_smooth,14,7,1,0,12,12,False,False,False,,12
42,steady_m05,regime_conditional,0.2,observed,transit_smooth,15,7,2,12,18,6,False,False,False,,6
42,steady_m05,regime_conditional,0.2,observed,transit_rough,16,8,0,108,120,12,False,False,False,,12
42,steady_m05,regime_conditional,0.2,observed,transit_rough,17,8,0,96,102,6,False,False,False,,6
42,steady_m05,regime_conditional,0.2,observed,transit_rough,18,9,0,24,36,12,True,True,False,10.0,10
42,steady_m05,regime_conditional,0.2,observed,transit_rough,19,9,2,120,126,6,False,False,False,,6
42,steady_m05,regime_conditional,0.2,observed,transit_rough,20,10,1,60,72,12,True,True,False,9.0,9
42,steady_m05,regime_conditional,0.2,observed,transit_rough,21,10,1,84,90,6,True,True,False,4.0,4
42,steady_m05,regime_conditional,0.2,observed,transit_rough,22,11,0,84,96,12,False,False,False,,12
42,steady_m05,regime_conditional,0.2,observed,transit_rough,23,11,0,144,150,6,False,False,False,,6
42,steady_m1,regime_marginal,1.0,clean,warehouse,0,0,2,48,60,12,False,False,False,,12
42,steady_m1,regime_marginal,1.0,clean,warehouse,1,0,1,0,6,6,False,False,False,,6
42,steady_m1,regime_marginal,1.0,clean,warehouse,2,1,0,48,60,12,False,False,False,,12
42,steady_m1,regime_marginal,1.0,clean,warehouse,3,1,2,108,114,6,False,False,False,,6
42,steady_m1,regime_marginal,1.0,clean,warehouse,4,2,1,108,120,12,False,False,True,,12
42,steady_m1,regime_marginal,1.0,clean,warehouse,5,2,1,72,78,6,False,False,False,,6
42,steady_m1,regime_marginal,1.0,clean,warehouse,6,3,1,96,108,12,False,False,False,,12
42,steady_m1,regime_marginal,1.0,clean,warehouse,7,3,2,36,42,6,False,False,False,,6
42,steady_m1,regime_marginal,1.0,clean,transit_smooth,8,4,2,24,36,12,False,False,False,,12
42,steady_m1,regime_marginal,1.0,clean,transit_smooth,9,4,2,36,42,6,False,False,False,,6
42,steady_m1,regime_marginal,1.0,clean,transit_smooth,10,5,2,120,132,12,False,False,False,,12
42,steady_m1,regime_marginal,1.0,clean,transit_smooth,11,5,0,84,90,6,False,False,False,,6
42,steady_m1,regime_marginal,1.0,clean,transit_smooth,12,6,1,108,120,12,False,False,False,,12
42,steady_m1,regime_marginal,1.0,clean,transit_smooth,13,6,2,84,90,6,False,False,False,,6
42,steady_m1,regime_marginal,1.0,clean,transit_smooth,14,7,1,0,12,12,False,False,False,,12
42,steady_m1,regime_marginal,1.0,clean,transit_smooth,15,7,2,12,18,6,False,False,False,,6
42,steady_m1,regime_marginal,1.0,clean,transit_rough,16,8,0,108,120,12,False,False,False,,12
42,steady_m1,regime_marginal,1.0,clean,transit_rough,17,8,0,96,102,6,False,False,False,,6
42,steady_m1,regime_marginal,1.0,clean,transit_rough,18,9,0,24,36,12,False,False,False,,12
42,steady_m1,regime_marginal,1.0,clean,transit_rough,19,9,2,120,126,6,False,False,False,,6
42,steady_m1,regime_marginal,1.0,clean,transit_rough,20,10,1,60,72,12,False,False,False,,12
42,steady_m1,regime_marginal,1.0,clean,transit_rough,21,10,1,84,90,6,False,False,False,,6
42,steady_m1,regime_marginal,1.0,clean,transit_rough,22,11,0,84,96,12,False,False,False,,12
42,steady_m1,regime_marginal,1.0,clean,transit_rough,23,11,0,144,150,6,False,False,False,,6
42,steady_m1,regime_marginal,1.0,observed,warehouse,0,0,2,48,60,12,False,False,False,,12
42,steady_m1,regime_marginal,1.0,observed,warehouse,1,0,1,0,6,6,True,True,False,5.0,5
42,steady_m1,regime_marginal,1.0,observed,warehouse,2,1,0,48,60,12,True,True,False,7.0,7
42,steady_m1,regime_marginal,1.0,observed,warehouse,3,1,2,108,114,6,False,False,False,,6
42,steady_m1,regime_marginal,1.0,observed,warehouse,4,2,1,108,120,12,False,False,True,,12
42,steady_m1,regime_marginal,1.0,observed,warehouse,5,2,1,72,78,6,False,False,False,,6
42,steady_m1,regime_marginal,1.0,observed,warehouse,6,3,1,96,108,12,False,False,False,,12
42,steady_m1,regime_marginal,1.0,observed,warehouse,7,3,2,36,42,6,False,False,False,,6
42,steady_m1,regime_marginal,1.0,observed,transit_smooth,8,4,2,24,36,12,True,True,False,4.0,4
42,steady_m1,regime_marginal,1.0,observed,transit_smooth,9,4,2,36,42,6,False,False,False,,6
42,steady_m1,regime_marginal,1.0,observed,transit_smooth,10,5,2,120,132,12,False,False,False,,12
42,steady_m1,regime_marginal,1.0,observed,transit_smooth,11,5,0,84,90,6,False,False,False,,6
42,steady_m1,regime_marginal,1.0,observed,transit_smooth,12,6,1,108,120,12,False,False,False,,12
42,steady_m1,regime_marginal,1.0,observed,transit_smooth,13,6,2,84,90,6,False,False,False,,6
42,steady_m1,regime_marginal,1.0,observed,transit_smooth,14,7,1,0,12,12,True,True,False,3.0,3
42,steady_m1,regime_marginal,1.0,observed,transit_smooth,15,7,2,12,18,6,False,False,False,,6
42,steady_m1,regime_marginal,1.0,observed,transit_rough,16,8,0,108,120,12,False,False,False,,12
42,steady_m1,regime_marginal,1.0,observed,transit_rough,17,8,0,96,102,6,True,True,False,5.0,5
42,steady_m1,regime_marginal,1.0,observed,transit_rough,18,9,0,24,36,12,False,False,False,,12
42,steady_m1,regime_marginal,1.0,observed,transit_rough,19,9,2,120,126,6,False,False,False,,6
42,steady_m1,regime_marginal,1.0,observed,transit_rough,20,10,1,60,72,12,True,True,False,5.0,5
42,steady_m1,regime_marginal,1.0,observed,transit_rough,21,10,1,84,90,6,True,True,False,1.0,1
42,steady_m1,regime_marginal,1.0,observed,transit_rough,22,11,0,84,96,12,False,False,False,,12
42,steady_m1,regime_marginal,1.0,observed,transit_rough,23,11,0,144,150,6,False,False,False,,6
42,steady_m1,regime_marginal,0.2,clean,warehouse,0,0,2,48,60,12,False,False,False,,12
42,steady_m1,regime_marginal,0.2,clean,warehouse,1,0,1,0,6,6,False,False,False,,6
42,steady_m1,regime_marginal,0.2,clean,warehouse,2,1,0,48,60,12,True,False,True,,12
42,steady_m1,regime_marginal,0.2,clean,warehouse,3,1,2,108,114,6,False,False,False,,6
42,steady_m1,regime_marginal,0.2,clean,warehouse,4,2,1,108,120,12,False,False,True,,12
42,steady_m1,regime_marginal,0.2,clean,warehouse,5,2,1,72,78,6,False,False,False,,6
42,steady_m1,regime_marginal,0.2,clean,warehouse,6,3,1,96,108,12,False,False,False,,12
42,steady_m1,regime_marginal,0.2,clean,warehouse,7,3,2,36,42,6,False,False,False,,6
42,steady_m1,regime_marginal,0.2,clean,transit_smooth,8,4,2,24,36,12,False,False,False,,12
42,steady_m1,regime_marginal,0.2,clean,transit_smooth,9,4,2,36,42,6,False,False,False,,6
42,steady_m1,regime_marginal,0.2,clean,transit_smooth,10,5,2,120,132,12,False,False,False,,12
42,steady_m1,regime_marginal,0.2,clean,transit_smooth,11,5,0,84,90,6,False,False,False,,6
42,steady_m1,regime_marginal,0.2,clean,transit_smooth,12,6,1,108,120,12,False,False,False,,12
42,steady_m1,regime_marginal,0.2,clean,transit_smooth,13,6,2,84,90,6,False,False,False,,6
42,steady_m1,regime_marginal,0.2,clean,transit_smooth,14,7,1,0,12,12,False,False,False,,12
42,steady_m1,regime_marginal,0.2,clean,transit_smooth,15,7,2,12,18,6,False,False,False,,6
42,steady_m1,regime_marginal,0.2,clean,transit_rough,16,8,0,108,120,12,False,False,False,,12
42,steady_m1,regime_marginal,0.2,clean,transit_rough,17,8,0,96,102,6,False,False,False,,6
42,steady_m1,regime_marginal,0.2,clean,transit_rough,18,9,0,24,36,12,False,False,False,,12
42,steady_m1,regime_marginal,0.2,clean,transit_rough,19,9,2,120,126,6,False,False,False,,6
42,steady_m1,regime_marginal,0.2,clean,transit_rough,20,10,1,60,72,12,False,False,False,,12
42,steady_m1,regime_marginal,0.2,clean,transit_rough,21,10,1,84,90,6,False,False,False,,6
42,steady_m1,regime_marginal,0.2,clean,transit_rough,22,11,0,84,96,12,False,False,False,,12
42,steady_m1,regime_marginal,0.2,clean,transit_rough,23,11,0,144,150,6,False,False,False,,6
42,steady_m1,regime_marginal,0.2,observed,warehouse,0,0,2,48,60,12,True,True,False,2.0,2
42,steady_m1,regime_marginal,0.2,observed,warehouse,1,0,1,0,6,6,False,False,False,,6
42,steady_m1,regime_marginal,0.2,observed,warehouse,2,1,0,48,60,12,True,True,True,10.0,10
42,steady_m1,regime_marginal,0.2,observed,warehouse,3,1,2,108,114,6,False,False,False,,6
42,steady_m1,regime_marginal,0.2,observed,warehouse,4,2,1,108,120,12,True,False,True,,12
42,steady_m1,regime_marginal,0.2,observed,warehouse,5,2,1,72,78,6,False,False,False,,6
42,steady_m1,regime_marginal,0.2,observed,warehouse,6,3,1,96,108,12,True,True,False,5.0,5
42,steady_m1,regime_marginal,0.2,observed,warehouse,7,3,2,36,42,6,False,False,False,,6
42,steady_m1,regime_marginal,0.2,observed,transit_smooth,8,4,2,24,36,12,False,False,False,,12
42,steady_m1,regime_marginal,0.2,observed,transit_smooth,9,4,2,36,42,6,False,False,False,,6
42,steady_m1,regime_marginal,0.2,observed,transit_smooth,10,5,2,120,132,12,False,False,False,,12
42,steady_m1,regime_marginal,0.2,observed,transit_smooth,11,5,0,84,90,6,False,False,False,,6
42,steady_m1,regime_marginal,0.2,observed,transit_smooth,12,6,1,108,120,12,False,False,False,,12
42,steady_m1,regime_marginal,0.2,observed,transit_smooth,13,6,2,84,90,6,False,False,False,,6
42,steady_m1,regime_marginal,0.2,observed,transit_smooth,14,7,1,0,12,12,True,True,False,7.0,7
42,steady_m1,regime_marginal,0.2,observed,transit_smooth,15,7,2,12,18,6,False,False,False,,6
42,steady_m1,regime_marginal,0.2,observed,transit_rough,16,8,0,108,120,12,False,False,False,,12
42,steady_m1,regime_marginal,0.2,observed,transit_rough,17,8,0,96,102,6,False,False,False,,6
42,steady_m1,regime_marginal,0.2,observed,transit_rough,18,9,0,24,36,12,True,True,False,9.0,9
42,steady_m1,regime_marginal,0.2,observed,transit_rough,19,9,2,120,126,6,False,False,False,,6
42,steady_m1,regime_marginal,0.2,observed,transit_rough,20,10,1,60,72,12,True,True,False,9.0,9
42,steady_m1,regime_marginal,0.2,observed,transit_rough,21,10,1,84,90,6,True,True,False,4.0,4
42,steady_m1,regime_marginal,0.2,observed,transit_rough,22,11,0,84,96,12,False,False,False,,12
42,steady_m1,regime_marginal,0.2,observed,transit_rough,23,11,0,144,150,6,False,False,False,,6
42,steady_m1,regime_conditional,1.0,clean,warehouse,0,0,2,48,60,12,False,False,False,,12
42,steady_m1,regime_conditional,1.0,clean,warehouse,1,0,1,0,6,6,False,False,False,,6
42,steady_m1,regime_conditional,1.0,clean,warehouse,2,1,0,48,60,12,True,True,False,9.0,9
42,steady_m1,regime_conditional,1.0,clean,warehouse,3,1,2,108,114,6,False,False,False,,6
42,steady_m1,regime_conditional,1.0,clean,warehouse,4,2,1,108,120,12,False,False,True,,12
42,steady_m1,regime_conditional,1.0,clean,warehouse,5,2,1,72,78,6,False,False,False,,6
42,steady_m1,regime_conditional,1.0,clean,warehouse,6,3,1,96,108,12,False,False,False,,12
42,steady_m1,regime_conditional,1.0,clean,warehouse,7,3,2,36,42,6,False,False,False,,6
42,steady_m1,regime_conditional,1.0,clean,transit_smooth,8,4,2,24,36,12,False,False,False,,12
42,steady_m1,regime_conditional,1.0,clean,transit_smooth,9,4,2,36,42,6,False,False,False,,6
42,steady_m1,regime_conditional,1.0,clean,transit_smooth,10,5,2,120,132,12,False,False,False,,12
42,steady_m1,regime_conditional,1.0,clean,transit_smooth,11,5,0,84,90,6,False,False,False,,6
42,steady_m1,regime_conditional,1.0,clean,transit_smooth,12,6,1,108,120,12,False,False,False,,12
42,steady_m1,regime_conditional,1.0,clean,transit_smooth,13,6,2,84,90,6,False,False,False,,6
42,steady_m1,regime_conditional,1.0,clean,transit_smooth,14,7,1,0,12,12,False,False,False,,12
42,steady_m1,regime_conditional,1.0,clean,transit_smooth,15,7,2,12,18,6,False,False,False,,6
42,steady_m1,regime_conditional,1.0,clean,transit_rough,16,8,0,108,120,12,False,False,False,,12
42,steady_m1,regime_conditional,1.0,clean,transit_rough,17,8,0,96,102,6,False,False,False,,6
42,steady_m1,regime_conditional,1.0,clean,transit_rough,18,9,0,24,36,12,False,False,False,,12
42,steady_m1,regime_conditional,1.0,clean,transit_rough,19,9,2,120,126,6,False,False,False,,6
42,steady_m1,regime_conditional,1.0,clean,transit_rough,20,10,1,60,72,12,True,True,False,9.0,9
42,steady_m1,regime_conditional,1.0,clean,transit_rough,21,10,1,84,90,6,False,False,False,,6
42,steady_m1,regime_conditional,1.0,clean,transit_rough,22,11,0,84,96,12,False,False,False,,12
42,steady_m1,regime_conditional,1.0,clean,transit_rough,23,11,0,144,150,6,False,False,False,,6
42,steady_m1,regime_conditional,1.0,observed,warehouse,0,0,2,48,60,12,False,False,False,,12
42,steady_m1,regime_conditional,1.0,observed,warehouse,1,0,1,0,6,6,False,False,False,,6
42,steady_m1,regime_conditional,1.0,observed,warehouse,2,1,0,48,60,12,True,True,False,7.0,7
42,steady_m1,regime_conditional,1.0,observed,warehouse,3,1,2,108,114,6,False,False,False,,6
42,steady_m1,regime_conditional,1.0,observed,warehouse,4,2,1,108,120,12,True,True,True,9.0,9
42,steady_m1,regime_conditional,1.0,observed,warehouse,5,2,1,72,78,6,True,True,False,3.0,3
42,steady_m1,regime_conditional,1.0,observed,warehouse,6,3,1,96,108,12,True,True,False,4.0,4
42,steady_m1,regime_conditional,1.0,observed,warehouse,7,3,2,36,42,6,False,False,False,,6
42,steady_m1,regime_conditional,1.0,observed,transit_smooth,8,4,2,24,36,12,True,True,False,4.0,4
42,steady_m1,regime_conditional,1.0,observed,transit_smooth,9,4,2,36,42,6,False,False,False,,6
42,steady_m1,regime_conditional,1.0,observed,transit_smooth,10,5,2,120,132,12,False,False,False,,12
42,steady_m1,regime_conditional,1.0,observed,transit_smooth,11,5,0,84,90,6,False,False,False,,6
42,steady_m1,regime_conditional,1.0,observed,transit_smooth,12,6,1,108,120,12,False,False,False,,12
42,steady_m1,regime_conditional,1.0,observed,transit_smooth,13,6,2,84,90,6,True,True,False,0.0,0
42,steady_m1,regime_conditional,1.0,observed,transit_smooth,14,7,1,0,12,12,False,False,False,,12
42,steady_m1,regime_conditional,1.0,observed,transit_smooth,15,7,2,12,18,6,False,False,False,,6
42,steady_m1,regime_conditional,1.0,observed,transit_rough,16,8,0,108,120,12,False,False,False,,12
42,steady_m1,regime_conditional,1.0,observed,transit_rough,17,8,0,96,102,6,True,True,False,5.0,5
42,steady_m1,regime_conditional,1.0,observed,transit_rough,18,9,0,24,36,12,True,True,False,4.0,4
42,steady_m1,regime_conditional,1.0,observed,transit_rough,19,9,2,120,126,6,False,False,False,,6
42,steady_m1,regime_conditional,1.0,observed,transit_rough,20,10,1,60,72,12,True,True,False,3.0,3
42,steady_m1,regime_conditional,1.0,observed,transit_rough,21,10,1,84,90,6,True,True,False,3.0,3
42,steady_m1,regime_conditional,1.0,observed,transit_rough,22,11,0,84,96,12,False,False,False,,12
42,steady_m1,regime_conditional,1.0,observed,transit_rough,23,11,0,144,150,6,True,True,False,0.0,0
42,steady_m1,regime_conditional,0.2,clean,warehouse,0,0,2,48,60,12,False,False,False,,12
42,steady_m1,regime_conditional,0.2,clean,warehouse,1,0,1,0,6,6,False,False,False,,6
42,steady_m1,regime_conditional,0.2,clean,warehouse,2,1,0,48,60,12,False,False,False,,12
42,steady_m1,regime_conditional,0.2,clean,warehouse,3,1,2,108,114,6,False,False,False,,6
42,steady_m1,regime_conditional,0.2,clean,warehouse,4,2,1,108,120,12,False,False,True,,12
42,steady_m1,regime_conditional,0.2,clean,warehouse,5,2,1,72,78,6,False,False,False,,6
42,steady_m1,regime_conditional,0.2,clean,warehouse,6,3,1,96,108,12,False,False,False,,12
42,steady_m1,regime_conditional,0.2,clean,warehouse,7,3,2,36,42,6,False,False,False,,6
42,steady_m1,regime_conditional,0.2,clean,transit_smooth,8,4,2,24,36,12,False,False,False,,12
42,steady_m1,regime_conditional,0.2,clean,transit_smooth,9,4,2,36,42,6,False,False,False,,6
42,steady_m1,regime_conditional,0.2,clean,transit_smooth,10,5,2,120,132,12,False,False,False,,12
42,steady_m1,regime_conditional,0.2,clean,transit_smooth,11,5,0,84,90,6,False,False,False,,6
42,steady_m1,regime_conditional,0.2,clean,transit_smooth,12,6,1,108,120,12,False,False,False,,12
42,steady_m1,regime_conditional,0.2,clean,transit_smooth,13,6,2,84,90,6,False,False,False,,6
42,steady_m1,regime_conditional,0.2,clean,transit_smooth,14,7,1,0,12,12,False,False,False,,12
42,steady_m1,regime_conditional,0.2,clean,transit_smooth,15,7,2,12,18,6,False,False,False,,6
42,steady_m1,regime_conditional,0.2,clean,transit_rough,16,8,0,108,120,12,False,False,False,,12
42,steady_m1,regime_conditional,0.2,clean,transit_rough,17,8,0,96,102,6,False,False,False,,6
42,steady_m1,regime_conditional,0.2,clean,transit_rough,18,9,0,24,36,12,False,False,False,,12
42,steady_m1,regime_conditional,0.2,clean,transit_rough,19,9,2,120,126,6,False,False,False,,6
42,steady_m1,regime_conditional,0.2,clean,transit_rough,20,10,1,60,72,12,False,False,False,,12
42,steady_m1,regime_conditional,0.2,clean,transit_rough,21,10,1,84,90,6,False,False,False,,6
42,steady_m1,regime_conditional,0.2,clean,transit_rough,22,11,0,84,96,12,False,False,False,,12
42,steady_m1,regime_conditional,0.2,clean,transit_rough,23,11,0,144,150,6,False,False,False,,6
42,steady_m1,regime_conditional,0.2,observed,warehouse,0,0,2,48,60,12,True,True,False,2.0,2
42,steady_m1,regime_conditional,0.2,observed,warehouse,1,0,1,0,6,6,True,True,False,5.0,5
42,steady_m1,regime_conditional,0.2,observed,warehouse,2,1,0,48,60,12,True,True,False,9.0,9
42,steady_m1,regime_conditional,0.2,observed,warehouse,3,1,2,108,114,6,False,False,False,,6
42,steady_m1,regime_conditional,0.2,observed,warehouse,4,2,1,108,120,12,True,True,True,5.0,5
42,steady_m1,regime_conditional,0.2,observed,warehouse,5,2,1,72,78,6,True,True,False,4.0,4
42,steady_m1,regime_conditional,0.2,observed,warehouse,6,3,1,96,108,12,True,True,False,4.0,4
42,steady_m1,regime_conditional,0.2,observed,warehouse,7,3,2,36,42,6,False,False,False,,6
42,steady_m1,regime_conditional,0.2,observed,transit_smooth,8,4,2,24,36,12,True,True,False,4.0,4
42,steady_m1,regime_conditional,0.2,observed,transit_smooth,9,4,2,36,42,6,False,False,True,,6
42,steady_m1,regime_conditional,0.2,observed,transit_smooth,10,5,2,120,132,12,False,False,False,,12
42,steady_m1,regime_conditional,0.2,observed,transit_smooth,11,5,0,84,90,6,False,False,False,,6
42,steady_m1,regime_conditional,0.2,observed,transit_smooth,12,6,1,108,120,12,True,True,False,4.0,4
42,steady_m1,regime_conditional,0.2,observed,transit_smooth,13,6,2,84,90,6,False,False,False,,6
42,steady_m1,regime_conditional,0.2,observed,transit_smooth,14,7,1,0,12,12,True,True,False,6.0,6
42,steady_m1,regime_conditional,0.2,observed,transit_smooth,15,7,2,12,18,6,False,False,False,,6
42,steady_m1,regime_conditional,0.2,observed,transit_rough,16,8,0,108,120,12,True,True,False,8.0,8
42,steady_m1,regime_conditional,0.2,observed,transit_rough,17,8,0,96,102,6,False,False,False,,6
42,steady_m1,regime_conditional,0.2,observed,transit_rough,18,9,0,24,36,12,True,True,False,4.0,4
42,steady_m1,regime_conditional,0.2,observed,transit_rough,19,9,2,120,126,6,False,False,False,,6
42,steady_m1,regime_conditional,0.2,observed,transit_rough,20,10,1,60,72,12,True,True,False,5.0,5
42,steady_m1,regime_conditional,0.2,observed,transit_rough,21,10,1,84,90,6,True,True,False,3.0,3
42,steady_m1,regime_conditional,0.2,observed,transit_rough,22,11,0,84,96,12,True,True,False,9.0,9
42,steady_m1,regime_conditional,0.2,observed,transit_rough,23,11,0,144,150,6,False,False,False,,6
42,steady_m2_r10_k1,regime_marginal,1.0,clean,warehouse,0,0,2,48,60,12,False,False,False,,12
42,steady_m2_r10_k1,regime_marginal,1.0,clean,warehouse,1,0,1,0,6,6,False,False,False,,6
42,steady_m2_r10_k1,regime_marginal,1.0,clean,warehouse,2,1,0,48,60,12,False,False,False,,12
42,steady_m2_r10_k1,regime_marginal,1.0,clean,warehouse,3,1,2,108,114,6,False,False,False,,6
42,steady_m2_r10_k1,regime_marginal,1.0,clean,warehouse,4,2,1,108,120,12,False,False,True,,12
42,steady_m2_r10_k1,regime_marginal,1.0,clean,warehouse,5,2,1,72,78,6,False,False,False,,6
42,steady_m2_r10_k1,regime_marginal,1.0,clean,warehouse,6,3,1,96,108,12,False,False,False,,12
42,steady_m2_r10_k1,regime_marginal,1.0,clean,warehouse,7,3,2,36,42,6,False,False,False,,6
42,steady_m2_r10_k1,regime_marginal,1.0,clean,transit_smooth,8,4,2,24,36,12,False,False,False,,12
42,steady_m2_r10_k1,regime_marginal,1.0,clean,transit_smooth,9,4,2,36,42,6,False,False,False,,6
42,steady_m2_r10_k1,regime_marginal,1.0,clean,transit_smooth,10,5,2,120,132,12,False,False,False,,12
42,steady_m2_r10_k1,regime_marginal,1.0,clean,transit_smooth,11,5,0,84,90,6,False,False,False,,6
42,steady_m2_r10_k1,regime_marginal,1.0,clean,transit_smooth,12,6,1,108,120,12,False,False,False,,12
42,steady_m2_r10_k1,regime_marginal,1.0,clean,transit_smooth,13,6,2,84,90,6,False,False,False,,6
42,steady_m2_r10_k1,regime_marginal,1.0,clean,transit_smooth,14,7,1,0,12,12,False,False,False,,12
42,steady_m2_r10_k1,regime_marginal,1.0,clean,transit_smooth,15,7,2,12,18,6,False,False,False,,6
42,steady_m2_r10_k1,regime_marginal,1.0,clean,transit_rough,16,8,0,108,120,12,False,False,False,,12
42,steady_m2_r10_k1,regime_marginal,1.0,clean,transit_rough,17,8,0,96,102,6,False,False,False,,6
42,steady_m2_r10_k1,regime_marginal,1.0,clean,transit_rough,18,9,0,24,36,12,False,False,False,,12
42,steady_m2_r10_k1,regime_marginal,1.0,clean,transit_rough,19,9,2,120,126,6,False,False,False,,6
42,steady_m2_r10_k1,regime_marginal,1.0,clean,transit_rough,20,10,1,60,72,12,False,False,False,,12
42,steady_m2_r10_k1,regime_marginal,1.0,clean,transit_rough,21,10,1,84,90,6,False,False,False,,6
42,steady_m2_r10_k1,regime_marginal,1.0,clean,transit_rough,22,11,0,84,96,12,False,False,False,,12
42,steady_m2_r10_k1,regime_marginal,1.0,clean,transit_rough,23,11,0,144,150,6,False,False,False,,6
42,steady_m2_r10_k1,regime_marginal,1.0,observed,warehouse,0,0,2,48,60,12,True,True,False,0.0,0
42,steady_m2_r10_k1,regime_marginal,1.0,observed,warehouse,1,0,1,0,6,6,True,True,False,4.0,4
42,steady_m2_r10_k1,regime_marginal,1.0,observed,warehouse,2,1,0,48,60,12,True,True,False,6.0,6
42,steady_m2_r10_k1,regime_marginal,1.0,observed,warehouse,3,1,2,108,114,6,True,True,False,1.0,1
42,steady_m2_r10_k1,regime_marginal,1.0,observed,warehouse,4,2,1,108,120,12,True,True,True,1.0,1
42,steady_m2_r10_k1,regime_marginal,1.0,observed,warehouse,5,2,1,72,78,6,True,True,False,3.0,3
42,steady_m2_r10_k1,regime_marginal,1.0,observed,warehouse,6,3,1,96,108,12,True,True,False,1.0,1
42,steady_m2_r10_k1,regime_marginal,1.0,observed,warehouse,7,3,2,36,42,6,True,True,False,0.0,0
42,steady_m2_r10_k1,regime_marginal,1.0,observed,transit_smooth,8,4,2,24,36,12,True,True,False,0.0,0
42,steady_m2_r10_k1,regime_marginal,1.0,observed,transit_smooth,9,4,2,36,42,6,True,True,False,5.0,5
42,steady_m2_r10_k1,regime_marginal,1.0,observed,transit_smooth,10,5,2,120,132,12,True,True,False,5.0,5
42,steady_m2_r10_k1,regime_marginal,1.0,observed,transit_smooth,11,5,0,84,90,6,False,False,False,,6
42,steady_m2_r10_k1,regime_marginal,1.0,observed,transit_smooth,12,6,1,108,120,12,True,True,False,5.0,5
42,steady_m2_r10_k1,regime_marginal,1.0,observed,transit_smooth,13,6,2,84,90,6,True,True,False,0.0,0
42,steady_m2_r10_k1,regime_marginal,1.0,observed,transit_smooth,14,7,1,0,12,12,True,True,False,2.0,2
42,steady_m2_r10_k1,regime_marginal,1.0,observed,transit_smooth,15,7,2,12,18,6,True,True,False,4.0,4
42,steady_m2_r10_k1,regime_marginal,1.0,observed,transit_rough,16,8,0,108,120,12,True,True,False,6.0,6
42,steady_m2_r10_k1,regime_marginal,1.0,observed,transit_rough,17,8,0,96,102,6,True,True,False,1.0,1
42,steady_m2_r10_k1,regime_marginal,1.0,observed,transit_rough,18,9,0,24,36,12,True,True,False,0.0,0
42,steady_m2_r10_k1,regime_marginal,1.0,observed,transit_rough,19,9,2,120,126,6,True,True,False,4.0,4
42,steady_m2_r10_k1,regime_marginal,1.0,observed,transit_rough,20,10,1,60,72,12,True,True,False,3.0,3
42,steady_m2_r10_k1,regime_marginal,1.0,observed,transit_rough,21,10,1,84,90,6,True,True,False,1.0,1
42,steady_m2_r10_k1,regime_marginal,1.0,observed,transit_rough,22,11,0,84,96,12,True,True,False,4.0,4
42,steady_m2_r10_k1,regime_marginal,1.0,observed,transit_rough,23,11,0,144,150,6,True,True,False,0.0,0
42,steady_m2_r10_k1,regime_marginal,0.2,clean,warehouse,0,0,2,48,60,12,False,False,False,,12
42,steady_m2_r10_k1,regime_marginal,0.2,clean,warehouse,1,0,1,0,6,6,False,False,False,,6
42,steady_m2_r10_k1,regime_marginal,0.2,clean,warehouse,2,1,0,48,60,12,True,False,True,,12
42,steady_m2_r10_k1,regime_marginal,0.2,clean,warehouse,3,1,2,108,114,6,False,False,False,,6
42,steady_m2_r10_k1,regime_marginal,0.2,clean,warehouse,4,2,1,108,120,12,False,False,True,,12
42,steady_m2_r10_k1,regime_marginal,0.2,clean,warehouse,5,2,1,72,78,6,False,False,False,,6
42,steady_m2_r10_k1,regime_marginal,0.2,clean,warehouse,6,3,1,96,108,12,False,False,False,,12
42,steady_m2_r10_k1,regime_marginal,0.2,clean,warehouse,7,3,2,36,42,6,False,False,False,,6
42,steady_m2_r10_k1,regime_marginal,0.2,clean,transit_smooth,8,4,2,24,36,12,False,False,False,,12
42,steady_m2_r10_k1,regime_marginal,0.2,clean,transit_smooth,9,4,2,36,42,6,False,False,False,,6
42,steady_m2_r10_k1,regime_marginal,0.2,clean,transit_smooth,10,5,2,120,132,12,False,False,False,,12
42,steady_m2_r10_k1,regime_marginal,0.2,clean,transit_smooth,11,5,0,84,90,6,False,False,False,,6
42,steady_m2_r10_k1,regime_marginal,0.2,clean,transit_smooth,12,6,1,108,120,12,False,False,False,,12
42,steady_m2_r10_k1,regime_marginal,0.2,clean,transit_smooth,13,6,2,84,90,6,False,False,False,,6
42,steady_m2_r10_k1,regime_marginal,0.2,clean,transit_smooth,14,7,1,0,12,12,False,False,False,,12
42,steady_m2_r10_k1,regime_marginal,0.2,clean,transit_smooth,15,7,2,12,18,6,False,False,False,,6
42,steady_m2_r10_k1,regime_marginal,0.2,clean,transit_rough,16,8,0,108,120,12,False,False,False,,12
42,steady_m2_r10_k1,regime_marginal,0.2,clean,transit_rough,17,8,0,96,102,6,False,False,False,,6
42,steady_m2_r10_k1,regime_marginal,0.2,clean,transit_rough,18,9,0,24,36,12,False,False,False,,12
42,steady_m2_r10_k1,regime_marginal,0.2,clean,transit_rough,19,9,2,120,126,6,False,False,False,,6
42,steady_m2_r10_k1,regime_marginal,0.2,clean,transit_rough,20,10,1,60,72,12,False,False,False,,12
42,steady_m2_r10_k1,regime_marginal,0.2,clean,transit_rough,21,10,1,84,90,6,False,False,False,,6
42,steady_m2_r10_k1,regime_marginal,0.2,clean,transit_rough,22,11,0,84,96,12,False,False,False,,12
42,steady_m2_r10_k1,regime_marginal,0.2,clean,transit_rough,23,11,0,144,150,6,False,False,False,,6
42,steady_m2_r10_k1,regime_marginal,0.2,observed,warehouse,0,0,2,48,60,12,True,True,False,1.0,1
42,steady_m2_r10_k1,regime_marginal,0.2,observed,warehouse,1,0,1,0,6,6,True,True,False,5.0,5
42,steady_m2_r10_k1,regime_marginal,0.2,observed,warehouse,2,1,0,48,60,12,True,True,True,7.0,7
42,steady_m2_r10_k1,regime_marginal,0.2,observed,warehouse,3,1,2,108,114,6,True,True,False,3.0,3
42,steady_m2_r10_k1,regime_marginal,0.2,observed,warehouse,4,2,1,108,120,12,True,False,True,,12
42,steady_m2_r10_k1,regime_marginal,0.2,observed,warehouse,5,2,1,72,78,6,True,True,False,5.0,5
42,steady_m2_r10_k1,regime_marginal,0.2,observed,warehouse,6,3,1,96,108,12,True,True,False,2.0,2
42,steady_m2_r10_k1,regime_marginal,0.2,observed,warehouse,7,3,2,36,42,6,True,True,False,4.0,4
42,steady_m2_r10_k1,regime_marginal,0.2,observed,transit_smooth,8,4,2,24,36,12,True,True,False,4.0,4
42,steady_m2_r10_k1,regime_marginal,0.2,observed,transit_smooth,9,4,2,36,42,6,False,False,True,,6
42,steady_m2_r10_k1,regime_marginal,0.2,observed,transit_smooth,10,5,2,120,132,12,True,True,False,5.0,5
42,steady_m2_r10_k1,regime_marginal,0.2,observed,transit_smooth,11,5,0,84,90,6,False,False,False,,6
42,steady_m2_r10_k1,regime_marginal,0.2,observed,transit_smooth,12,6,1,108,120,12,True,True,False,3.0,3
42,steady_m2_r10_k1,regime_marginal,0.2,observed,transit_smooth,13,6,2,84,90,6,False,False,False,,6
42,steady_m2_r10_k1,regime_marginal,0.2,observed,transit_smooth,14,7,1,0,12,12,True,True,False,3.0,3
42,steady_m2_r10_k1,regime_marginal,0.2,observed,transit_smooth,15,7,2,12,18,6,True,True,False,5.0,5
42,steady_m2_r10_k1,regime_marginal,0.2,observed,transit_rough,16,8,0,108,120,12,True,True,False,6.0,6
42,steady_m2_r10_k1,regime_marginal,0.2,observed,transit_rough,17,8,0,96,102,6,True,True,False,5.0,5
42,steady_m2_r10_k1,regime_marginal,0.2,observed,transit_rough,18,9,0,24,36,12,True,True,False,4.0,4
42,steady_m2_r10_k1,regime_marginal,0.2,observed,transit_rough,19,9,2,120,126,6,True,True,False,4.0,4
42,steady_m2_r10_k1,regime_marginal,0.2,observed,transit_rough,20,10,1,60,72,12,True,True,False,5.0,5
42,steady_m2_r10_k1,regime_marginal,0.2,observed,transit_rough,21,10,1,84,90,6,True,True,False,2.0,2
42,steady_m2_r10_k1,regime_marginal,0.2,observed,transit_rough,22,11,0,84,96,12,True,True,False,7.0,7
42,steady_m2_r10_k1,regime_marginal,0.2,observed,transit_rough,23,11,0,144,150,6,False,False,False,,6
42,steady_m2_r10_k1,regime_conditional,1.0,clean,warehouse,0,0,2,48,60,12,False,False,False,,12
42,steady_m2_r10_k1,regime_conditional,1.0,clean,warehouse,1,0,1,0,6,6,False,False,False,,6
42,steady_m2_r10_k1,regime_conditional,1.0,clean,warehouse,2,1,0,48,60,12,True,True,False,9.0,9
42,steady_m2_r10_k1,regime_conditional,1.0,clean,warehouse,3,1,2,108,114,6,False,False,False,,6
42,steady_m2_r10_k1,regime_conditional,1.0,clean,warehouse,4,2,1,108,120,12,False,False,True,,12
42,steady_m2_r10_k1,regime_conditional,1.0,clean,warehouse,5,2,1,72,78,6,False,False,False,,6
42,steady_m2_r10_k1,regime_conditional,1.0,clean,warehouse,6,3,1,96,108,12,False,False,False,,12
42,steady_m2_r10_k1,regime_conditional,1.0,clean,warehouse,7,3,2,36,42,6,False,False,False,,6
42,steady_m2_r10_k1,regime_conditional,1.0,clean,transit_smooth,8,4,2,24,36,12,False,False,False,,12
42,steady_m2_r10_k1,regime_conditional,1.0,clean,transit_smooth,9,4,2,36,42,6,False,False,False,,6
42,steady_m2_r10_k1,regime_conditional,1.0,clean,transit_smooth,10,5,2,120,132,12,False,False,False,,12
42,steady_m2_r10_k1,regime_conditional,1.0,clean,transit_smooth,11,5,0,84,90,6,False,False,False,,6
42,steady_m2_r10_k1,regime_conditional,1.0,clean,transit_smooth,12,6,1,108,120,12,False,False,False,,12
42,steady_m2_r10_k1,regime_conditional,1.0,clean,transit_smooth,13,6,2,84,90,6,False,False,False,,6
42,steady_m2_r10_k1,regime_conditional,1.0,clean,transit_smooth,14,7,1,0,12,12,False,False,False,,12
42,steady_m2_r10_k1,regime_conditional,1.0,clean,transit_smooth,15,7,2,12,18,6,False,False,False,,6
42,steady_m2_r10_k1,regime_conditional,1.0,clean,transit_rough,16,8,0,108,120,12,False,False,False,,12
42,steady_m2_r10_k1,regime_conditional,1.0,clean,transit_rough,17,8,0,96,102,6,False,False,False,,6
42,steady_m2_r10_k1,regime_conditional,1.0,clean,transit_rough,18,9,0,24,36,12,False,False,False,,12
42,steady_m2_r10_k1,regime_conditional,1.0,clean,transit_rough,19,9,2,120,126,6,False,False,False,,6
42,steady_m2_r10_k1,regime_conditional,1.0,clean,transit_rough,20,10,1,60,72,12,True,True,False,9.0,9
42,steady_m2_r10_k1,regime_conditional,1.0,clean,transit_rough,21,10,1,84,90,6,False,False,False,,6
42,steady_m2_r10_k1,regime_conditional,1.0,clean,transit_rough,22,11,0,84,96,12,False,False,False,,12
42,steady_m2_r10_k1,regime_conditional,1.0,clean,transit_rough,23,11,0,144,150,6,False,False,False,,6
42,steady_m2_r10_k1,regime_conditional,1.0,observed,warehouse,0,0,2,48,60,12,True,True,False,0.0,0
42,steady_m2_r10_k1,regime_conditional,1.0,observed,warehouse,1,0,1,0,6,6,True,True,False,4.0,4
42,steady_m2_r10_k1,regime_conditional,1.0,observed,warehouse,2,1,0,48,60,12,True,True,False,4.0,4
42,steady_m2_r10_k1,regime_conditional,1.0,observed,warehouse,3,1,2,108,114,6,True,True,False,1.0,1
42,steady_m2_r10_k1,regime_conditional,1.0,observed,warehouse,4,2,1,108,120,12,True,True,True,1.0,1
42,steady_m2_r10_k1,regime_conditional,1.0,observed,warehouse,5,2,1,72,78,6,True,True,False,3.0,3
42,steady_m2_r10_k1,regime_conditional,1.0,observed,warehouse,6,3,1,96,108,12,True,True,False,1.0,1
42,steady_m2_r10_k1,regime_conditional,1.0,observed,warehouse,7,3,2,36,42,6,True,True,False,0.0,0
42,steady_m2_r10_k1,regime_conditional,1.0,observed,transit_smooth,8,4,2,24,36,12,True,True,False,0.0,0
42,steady_m2_r10_k1,regime_conditional,1.0,observed,transit_smooth,9,4,2,36,42,6,True,True,False,5.0,5
42,steady_m2_r10_k1,regime_conditional,1.0,observed,transit_smooth,10,5,2,120,132,12,False,False,False,,12
42,steady_m2_r10_k1,regime_conditional,1.0,observed,transit_smooth,11,5,0,84,90,6,True,True,False,3.0,3
42,steady_m2_r10_k1,regime_conditional,1.0,observed,transit_smooth,12,6,1,108,120,12,True,True,False,0.0,0
42,steady_m2_r10_k1,regime_conditional,1.0,observed,transit_smooth,13,6,2,84,90,6,True,True,False,0.0,0
42,steady_m2_r10_k1,regime_conditional,1.0,observed,transit_smooth,14,7,1,0,12,12,True,True,False,3.0,3
42,steady_m2_r10_k1,regime_conditional,1.0,observed,transit_smooth,15,7,2,12,18,6,True,True,False,4.0,4
42,steady_m2_r10_k1,regime_conditional,1.0,observed,transit_rough,16,8,0,108,120,12,True,True,False,0.0,0
42,steady_m2_r10_k1,regime_conditional,1.0,observed,transit_rough,17,8,0,96,102,6,True,True,False,0.0,0
42,steady_m2_r10_k1,regime_conditional,1.0,observed,transit_rough,18,9,0,24,36,12,True,True,False,0.0,0
42,steady_m2_r10_k1,regime_conditional,1.0,observed,transit_rough,19,9,2,120,126,6,True,True,False,0.0,0
42,steady_m2_r10_k1,regime_conditional,1.0,observed,transit_rough,20,10,1,60,72,12,True,True,False,0.0,0
42,steady_m2_r10_k1,regime_conditional,1.0,observed,transit_rough,21,10,1,84,90,6,True,True,False,1.0,1
42,steady_m2_r10_k1,regime_conditional,1.0,observed,transit_rough,22,11,0,84,96,12,True,True,False,4.0,4
42,steady_m2_r10_k1,regime_conditional,1.0,observed,transit_rough,23,11,0,144,150,6,True,True,False,0.0,0
42,steady_m2_r10_k1,regime_conditional,0.2,clean,warehouse,0,0,2,48,60,12,False,False,False,,12
42,steady_m2_r10_k1,regime_conditional,0.2,clean,warehouse,1,0,1,0,6,6,False,False,False,,6
42,steady_m2_r10_k1,regime_conditional,0.2,clean,warehouse,2,1,0,48,60,12,False,False,False,,12
42,steady_m2_r10_k1,regime_conditional,0.2,clean,warehouse,3,1,2,108,114,6,False,False,False,,6
42,steady_m2_r10_k1,regime_conditional,0.2,clean,warehouse,4,2,1,108,120,12,False,False,True,,12
42,steady_m2_r10_k1,regime_conditional,0.2,clean,warehouse,5,2,1,72,78,6,False,False,False,,6
42,steady_m2_r10_k1,regime_conditional,0.2,clean,warehouse,6,3,1,96,108,12,False,False,False,,12
42,steady_m2_r10_k1,regime_conditional,0.2,clean,warehouse,7,3,2,36,42,6,False,False,False,,6
42,steady_m2_r10_k1,regime_conditional,0.2,clean,transit_smooth,8,4,2,24,36,12,False,False,False,,12
42,steady_m2_r10_k1,regime_conditional,0.2,clean,transit_smooth,9,4,2,36,42,6,False,False,False,,6
42,steady_m2_r10_k1,regime_conditional,0.2,clean,transit_smooth,10,5,2,120,132,12,False,False,False,,12
42,steady_m2_r10_k1,regime_conditional,0.2,clean,transit_smooth,11,5,0,84,90,6,False,False,False,,6
42,steady_m2_r10_k1,regime_conditional,0.2,clean,transit_smooth,12,6,1,108,120,12,False,False,False,,12
42,steady_m2_r10_k1,regime_conditional,0.2,clean,transit_smooth,13,6,2,84,90,6,False,False,False,,6
42,steady_m2_r10_k1,regime_conditional,0.2,clean,transit_smooth,14,7,1,0,12,12,False,False,False,,12
42,steady_m2_r10_k1,regime_conditional,0.2,clean,transit_smooth,15,7,2,12,18,6,False,False,False,,6
42,steady_m2_r10_k1,regime_conditional,0.2,clean,transit_rough,16,8,0,108,120,12,False,False,False,,12
42,steady_m2_r10_k1,regime_conditional,0.2,clean,transit_rough,17,8,0,96,102,6,False,False,False,,6
42,steady_m2_r10_k1,regime_conditional,0.2,clean,transit_rough,18,9,0,24,36,12,False,False,False,,12
42,steady_m2_r10_k1,regime_conditional,0.2,clean,transit_rough,19,9,2,120,126,6,False,False,False,,6
42,steady_m2_r10_k1,regime_conditional,0.2,clean,transit_rough,20,10,1,60,72,12,False,False,False,,12
42,steady_m2_r10_k1,regime_conditional,0.2,clean,transit_rough,21,10,1,84,90,6,False,False,False,,6
42,steady_m2_r10_k1,regime_conditional,0.2,clean,transit_rough,22,11,0,84,96,12,False,False,False,,12
42,steady_m2_r10_k1,regime_conditional,0.2,clean,transit_rough,23,11,0,144,150,6,False,False,False,,6
42,steady_m2_r10_k1,regime_conditional,0.2,observed,warehouse,0,0,2,48,60,12,True,True,False,1.0,1
42,steady_m2_r10_k1,regime_conditional,0.2,observed,warehouse,1,0,1,0,6,6,True,True,False,4.0,4
42,steady_m2_r10_k1,regime_conditional,0.2,observed,warehouse,2,1,0,48,60,12,True,True,False,6.0,6
42,steady_m2_r10_k1,regime_conditional,0.2,observed,warehouse,3,1,2,108,114,6,True,True,False,3.0,3
42,steady_m2_r10_k1,regime_conditional,0.2,observed,warehouse,4,2,1,108,120,12,True,False,True,,12
42,steady_m2_r10_k1,regime_conditional,0.2,observed,warehouse,5,2,1,72,78,6,True,True,False,3.0,3
42,steady_m2_r10_k1,regime_conditional,0.2,observed,warehouse,6,3,1,96,108,12,True,True,False,2.0,2
42,steady_m2_r10_k1,regime_conditional,0.2,observed,warehouse,7,3,2,36,42,6,True,True,False,1.0,1
42,steady_m2_r10_k1,regime_conditional,0.2,observed,transit_smooth,8,4,2,24,36,12,True,True,False,1.0,1
42,steady_m2_r10_k1,regime_conditional,0.2,observed,transit_smooth,9,4,2,36,42,6,True,True,True,5.0,5
42,steady_m2_r10_k1,regime_conditional,0.2,observed,transit_smooth,10,5,2,120,132,12,True,True,False,3.0,3
42,steady_m2_r10_k1,regime_conditional,0.2,observed,transit_smooth,11,5,0,84,90,6,True,True,False,3.0,3
42,steady_m2_r10_k1,regime_conditional,0.2,observed,transit_smooth,12,6,1,108,120,12,True,True,False,2.0,2
42,steady_m2_r10_k1,regime_conditional,0.2,observed,transit_smooth,13,6,2,84,90,6,True,True,False,1.0,1
42,steady_m2_r10_k1,regime_conditional,0.2,observed,transit_smooth,14,7,1,0,12,12,True,True,False,2.0,2
42,steady_m2_r10_k1,regime_conditional,0.2,observed,transit_smooth,15,7,2,12,18,6,True,True,False,3.0,3
42,steady_m2_r10_k1,regime_conditional,0.2,observed,transit_rough,16,8,0,108,120,12,True,True,False,3.0,3
42,steady_m2_r10_k1,regime_conditional,0.2,observed,transit_rough,17,8,0,96,102,6,True,True,False,2.0,2
42,steady_m2_r10_k1,regime_conditional,0.2,observed,transit_rough,18,9,0,24,36,12,True,True,False,2.0,2
42,steady_m2_r10_k1,regime_conditional,0.2,observed,transit_rough,19,9,2,120,126,6,True,True,False,3.0,3
42,steady_m2_r10_k1,regime_conditional,0.2,observed,transit_rough,20,10,1,60,72,12,True,True,False,3.0,3
42,steady_m2_r10_k1,regime_conditional,0.2,observed,transit_rough,21,10,1,84,90,6,True,True,False,1.0,1
42,steady_m2_r10_k1,regime_conditional,0.2,observed,transit_rough,22,11,0,84,96,12,True,True,False,5.0,5
42,steady_m2_r10_k1,regime_conditional,0.2,observed,transit_rough,23,11,0,144,150,6,True,True,False,1.0,1
42,steady_m4,regime_marginal,1.0,clean,warehouse,0,0,2,48,60,12,False,False,False,,12
42,steady_m4,regime_marginal,1.0,clean,warehouse,1,0,1,0,6,6,False,False,False,,6
42,steady_m4,regime_marginal,1.0,clean,warehouse,2,1,0,48,60,12,False,False,False,,12
42,steady_m4,regime_marginal,1.0,clean,warehouse,3,1,2,108,114,6,False,False,False,,6
42,steady_m4,regime_marginal,1.0,clean,warehouse,4,2,1,108,120,12,False,False,True,,12
42,steady_m4,regime_marginal,1.0,clean,warehouse,5,2,1,72,78,6,False,False,False,,6
42,steady_m4,regime_marginal,1.0,clean,warehouse,6,3,1,96,108,12,False,False,False,,12
42,steady_m4,regime_marginal,1.0,clean,warehouse,7,3,2,36,42,6,False,False,False,,6
42,steady_m4,regime_marginal,1.0,clean,transit_smooth,8,4,2,24,36,12,False,False,False,,12
42,steady_m4,regime_marginal,1.0,clean,transit_smooth,9,4,2,36,42,6,False,False,False,,6
42,steady_m4,regime_marginal,1.0,clean,transit_smooth,10,5,2,120,132,12,False,False,False,,12
42,steady_m4,regime_marginal,1.0,clean,transit_smooth,11,5,0,84,90,6,False,False,False,,6
42,steady_m4,regime_marginal,1.0,clean,transit_smooth,12,6,1,108,120,12,False,False,False,,12
42,steady_m4,regime_marginal,1.0,clean,transit_smooth,13,6,2,84,90,6,False,False,False,,6
42,steady_m4,regime_marginal,1.0,clean,transit_smooth,14,7,1,0,12,12,False,False,False,,12
42,steady_m4,regime_marginal,1.0,clean,transit_smooth,15,7,2,12,18,6,False,False,False,,6
42,steady_m4,regime_marginal,1.0,clean,transit_rough,16,8,0,108,120,12,False,False,False,,12
42,steady_m4,regime_marginal,1.0,clean,transit_rough,17,8,0,96,102,6,False,False,False,,6
42,steady_m4,regime_marginal,1.0,clean,transit_rough,18,9,0,24,36,12,False,False,False,,12
42,steady_m4,regime_marginal,1.0,clean,transit_rough,19,9,2,120,126,6,False,False,False,,6
42,steady_m4,regime_marginal,1.0,clean,transit_rough,20,10,1,60,72,12,False,False,False,,12
42,steady_m4,regime_marginal,1.0,clean,transit_rough,21,10,1,84,90,6,False,False,False,,6
42,steady_m4,regime_marginal,1.0,clean,transit_rough,22,11,0,84,96,12,False,False,False,,12
42,steady_m4,regime_marginal,1.0,clean,transit_rough,23,11,0,144,150,6,False,False,False,,6
42,steady_m4,regime_marginal,1.0,observed,warehouse,0,0,2,48,60,12,True,True,False,0.0,0
42,steady_m4,regime_marginal,1.0,observed,warehouse,1,0,1,0,6,6,True,True,False,0.0,0
42,steady_m4,regime_marginal,1.0,observed,warehouse,2,1,0,48,60,12,True,True,False,0.0,0
42,steady_m4,regime_marginal,1.0,observed,warehouse,3,1,2,108,114,6,True,True,False,0.0,0
42,steady_m4,regime_marginal,1.0,observed,warehouse,4,2,1,108,120,12,True,True,True,9.0,9
42,steady_m4,regime_marginal,1.0,observed,warehouse,5,2,1,72,78,6,True,True,False,1.0,1
42,steady_m4,regime_marginal,1.0,observed,warehouse,6,3,1,96,108,12,True,True,False,0.0,0
42,steady_m4,regime_marginal,1.0,observed,warehouse,7,3,2,36,42,6,True,True,False,0.0,0
42,steady_m4,regime_marginal,1.0,observed,transit_smooth,8,4,2,24,36,12,True,True,False,0.0,0
42,steady_m4,regime_marginal,1.0,observed,transit_smooth,9,4,2,36,42,6,True,False,True,,6
42,steady_m4,regime_marginal,1.0,observed,transit_smooth,10,5,2,120,132,12,True,True,False,0.0,0
42,steady_m4,regime_marginal,1.0,observed,transit_smooth,11,5,0,84,90,6,True,True,False,0.0,0
42,steady_m4,regime_marginal,1.0,observed,transit_smooth,12,6,1,108,120,12,True,True,False,0.0,0
42,steady_m4,regime_marginal,1.0,observed,transit_smooth,13,6,2,84,90,6,True,True,False,0.0,0
42,steady_m4,regime_marginal,1.0,observed,transit_smooth,14,7,1,0,12,12,True,True,False,0.0,0
42,steady_m4,regime_marginal,1.0,observed,transit_smooth,15,7,2,12,18,6,True,True,False,0.0,0
42,steady_m4,regime_marginal,1.0,observed,transit_rough,16,8,0,108,120,12,True,True,False,0.0,0
42,steady_m4,regime_marginal,1.0,observed,transit_rough,17,8,0,96,102,6,True,True,False,0.0,0
42,steady_m4,regime_marginal,1.0,observed,transit_rough,18,9,0,24,36,12,True,True,False,0.0,0
42,steady_m4,regime_marginal,1.0,observed,transit_rough,19,9,2,120,126,6,True,True,False,0.0,0
42,steady_m4,regime_marginal,1.0,observed,transit_rough,20,10,1,60,72,12,True,True,False,0.0,0
42,steady_m4,regime_marginal,1.0,observed,transit_rough,21,10,1,84,90,6,True,True,False,0.0,0
42,steady_m4,regime_marginal,1.0,observed,transit_rough,22,11,0,84,96,12,True,True,False,1.0,1
42,steady_m4,regime_marginal,1.0,observed,transit_rough,23,11,0,144,150,6,True,True,False,0.0,0
42,steady_m4,regime_marginal,0.2,clean,warehouse,0,0,2,48,60,12,False,False,False,,12
42,steady_m4,regime_marginal,0.2,clean,warehouse,1,0,1,0,6,6,False,False,False,,6
42,steady_m4,regime_marginal,0.2,clean,warehouse,2,1,0,48,60,12,True,False,True,,12
42,steady_m4,regime_marginal,0.2,clean,warehouse,3,1,2,108,114,6,False,False,False,,6
42,steady_m4,regime_marginal,0.2,clean,warehouse,4,2,1,108,120,12,False,False,True,,12
42,steady_m4,regime_marginal,0.2,clean,warehouse,5,2,1,72,78,6,False,False,False,,6
42,steady_m4,regime_marginal,0.2,clean,warehouse,6,3,1,96,108,12,False,False,False,,12
42,steady_m4,regime_marginal,0.2,clean,warehouse,7,3,2,36,42,6,False,False,False,,6
42,steady_m4,regime_marginal,0.2,clean,transit_smooth,8,4,2,24,36,12,False,False,False,,12
42,steady_m4,regime_marginal,0.2,clean,transit_smooth,9,4,2,36,42,6,False,False,False,,6
42,steady_m4,regime_marginal,0.2,clean,transit_smooth,10,5,2,120,132,12,False,False,False,,12
42,steady_m4,regime_marginal,0.2,clean,transit_smooth,11,5,0,84,90,6,False,False,False,,6
42,steady_m4,regime_marginal,0.2,clean,transit_smooth,12,6,1,108,120,12,False,False,False,,12
42,steady_m4,regime_marginal,0.2,clean,transit_smooth,13,6,2,84,90,6,False,False,False,,6
42,steady_m4,regime_marginal,0.2,clean,transit_smooth,14,7,1,0,12,12,False,False,False,,12
42,steady_m4,regime_marginal,0.2,clean,transit_smooth,15,7,2,12,18,6,False,False,False,,6
42,steady_m4,regime_marginal,0.2,clean,transit_rough,16,8,0,108,120,12,False,False,False,,12
42,steady_m4,regime_marginal,0.2,clean,transit_rough,17,8,0,96,102,6,False,False,False,,6
42,steady_m4,regime_marginal,0.2,clean,transit_rough,18,9,0,24,36,12,False,False,False,,12
42,steady_m4,regime_marginal,0.2,clean,transit_rough,19,9,2,120,126,6,False,False,False,,6
42,steady_m4,regime_marginal,0.2,clean,transit_rough,20,10,1,60,72,12,False,False,False,,12
42,steady_m4,regime_marginal,0.2,clean,transit_rough,21,10,1,84,90,6,False,False,False,,6
42,steady_m4,regime_marginal,0.2,clean,transit_rough,22,11,0,84,96,12,False,False,False,,12
42,steady_m4,regime_marginal,0.2,clean,transit_rough,23,11,0,144,150,6,False,False,False,,6
42,steady_m4,regime_marginal,0.2,observed,warehouse,0,0,2,48,60,12,True,True,False,0.0,0
42,steady_m4,regime_marginal,0.2,observed,warehouse,1,0,1,0,6,6,True,True,False,2.0,2
42,steady_m4,regime_marginal,0.2,observed,warehouse,2,1,0,48,60,12,True,True,True,5.0,5
42,steady_m4,regime_marginal,0.2,observed,warehouse,3,1,2,108,114,6,True,True,False,1.0,1
42,steady_m4,regime_marginal,0.2,observed,warehouse,4,2,1,108,120,12,True,False,True,,12
42,steady_m4,regime_marginal,0.2,observed,warehouse,5,2,1,72,78,6,True,True,False,3.0,3
42,steady_m4,regime_marginal,0.2,observed,warehouse,6,3,1,96,108,12,True,True,False,1.0,1
42,steady_m4,regime_marginal,0.2,observed,warehouse,7,3,2,36,42,6,True,True,False,1.0,1
42,steady_m4,regime_marginal,0.2,observed,transit_smooth,8,4,2,24,36,12,True,True,False,1.0,1
42,steady_m4,regime_marginal,0.2,observed,transit_smooth,9,4,2,36,42,6,True,True,True,5.0,5
42,steady_m4,regime_marginal,0.2,observed,transit_smooth,10,5,2,120,132,12,True,True,False,1.0,1
42,steady_m4,regime_marginal,0.2,observed,transit_smooth,11,5,0,84,90,6,True,True,False,3.0,3
42,steady_m4,regime_marginal,0.2,observed,transit_smooth,12,6,1,108,120,12,True,True,False,0.0,0
42,steady_m4,regime_marginal,0.2,observed,transit_smooth,13,6,2,84,90,6,True,True,False,1.0,1
42,steady_m4,regime_marginal,0.2,observed,transit_smooth,14,7,1,0,12,12,True,True,False,1.0,1
42,steady_m4,regime_marginal,0.2,observed,transit_smooth,15,7,2,12,18,6,True,True,False,2.0,2
42,steady_m4,regime_marginal,0.2,observed,transit_rough,16,8,0,108,120,12,True,True,False,1.0,1
42,steady_m4,regime_marginal,0.2,observed,transit_rough,17,8,0,96,102,6,True,True,False,2.0,2
42,steady_m4,regime_marginal,0.2,observed,transit_rough,18,9,0,24,36,12,True,True,False,1.0,1
42,steady_m4,regime_marginal,0.2,observed,transit_rough,19,9,2,120,126,6,True,True,False,2.0,2
42,steady_m4,regime_marginal,0.2,observed,transit_rough,20,10,1,60,72,12,True,True,False,3.0,3
42,steady_m4,regime_marginal,0.2,observed,transit_rough,21,10,1,84,90,6,True,True,False,1.0,1
42,steady_m4,regime_marginal,0.2,observed,transit_rough,22,11,0,84,96,12,True,True,False,4.0,4
42,steady_m4,regime_marginal,0.2,observed,transit_rough,23,11,0,144,150,6,True,True,False,1.0,1
42,steady_m4,regime_conditional,1.0,clean,warehouse,0,0,2,48,60,12,False,False,False,,12
42,steady_m4,regime_conditional,1.0,clean,warehouse,1,0,1,0,6,6,False,False,False,,6
42,steady_m4,regime_conditional,1.0,clean,warehouse,2,1,0,48,60,12,True,True,False,9.0,9
42,steady_m4,regime_conditional,1.0,clean,warehouse,3,1,2,108,114,6,False,False,False,,6
42,steady_m4,regime_conditional,1.0,clean,warehouse,4,2,1,108,120,12,False,False,True,,12
42,steady_m4,regime_conditional,1.0,clean,warehouse,5,2,1,72,78,6,False,False,False,,6
42,steady_m4,regime_conditional,1.0,clean,warehouse,6,3,1,96,108,12,False,False,False,,12
42,steady_m4,regime_conditional,1.0,clean,warehouse,7,3,2,36,42,6,False,False,False,,6
42,steady_m4,regime_conditional,1.0,clean,transit_smooth,8,4,2,24,36,12,False,False,False,,12
42,steady_m4,regime_conditional,1.0,clean,transit_smooth,9,4,2,36,42,6,False,False,False,,6
42,steady_m4,regime_conditional,1.0,clean,transit_smooth,10,5,2,120,132,12,False,False,False,,12
42,steady_m4,regime_conditional,1.0,clean,transit_smooth,11,5,0,84,90,6,False,False,False,,6
42,steady_m4,regime_conditional,1.0,clean,transit_smooth,12,6,1,108,120,12,False,False,False,,12
42,steady_m4,regime_conditional,1.0,clean,transit_smooth,13,6,2,84,90,6,False,False,False,,6
42,steady_m4,regime_conditional,1.0,clean,transit_smooth,14,7,1,0,12,12,False,False,False,,12
42,steady_m4,regime_conditional,1.0,clean,transit_smooth,15,7,2,12,18,6,False,False,False,,6
42,steady_m4,regime_conditional,1.0,clean,transit_rough,16,8,0,108,120,12,False,False,False,,12
42,steady_m4,regime_conditional,1.0,clean,transit_rough,17,8,0,96,102,6,False,False,False,,6
42,steady_m4,regime_conditional,1.0,clean,transit_rough,18,9,0,24,36,12,False,False,False,,12
42,steady_m4,regime_conditional,1.0,clean,transit_rough,19,9,2,120,126,6,False,False,False,,6
42,steady_m4,regime_conditional,1.0,clean,transit_rough,20,10,1,60,72,12,True,True,False,9.0,9
42,steady_m4,regime_conditional,1.0,clean,transit_rough,21,10,1,84,90,6,False,False,False,,6
42,steady_m4,regime_conditional,1.0,clean,transit_rough,22,11,0,84,96,12,False,False,False,,12
42,steady_m4,regime_conditional,1.0,clean,transit_rough,23,11,0,144,150,6,False,False,False,,6
42,steady_m4,regime_conditional,1.0,observed,warehouse,0,0,2,48,60,12,True,True,False,0.0,0
42,steady_m4,regime_conditional,1.0,observed,warehouse,1,0,1,0,6,6,True,True,False,0.0,0
42,steady_m4,regime_conditional,1.0,observed,warehouse,2,1,0,48,60,12,True,True,False,0.0,0
42,steady_m4,regime_conditional,1.0,observed,warehouse,3,1,2,108,114,6,True,True,False,0.0,0
42,steady_m4,regime_conditional,1.0,observed,warehouse,4,2,1,108,120,12,True,False,True,,12
42,steady_m4,regime_conditional,1.0,observed,warehouse,5,2,1,72,78,6,True,True,False,0.0,0
42,steady_m4,regime_conditional,1.0,observed,warehouse,6,3,1,96,108,12,True,True,False,0.0,0
42,steady_m4,regime_conditional,1.0,observed,warehouse,7,3,2,36,42,6,True,True,False,0.0,0
42,steady_m4,regime_conditional,1.0,observed,transit_smooth,8,4,2,24,36,12,True,True,False,0.0,0
42,steady_m4,regime_conditional,1.0,observed,transit_smooth,9,4,2,36,42,6,True,False,True,,6
42,steady_m4,regime_conditional,1.0,observed,transit_smooth,10,5,2,120,132,12,True,True,False,0.0,0
42,steady_m4,regime_conditional,1.0,observed,transit_smooth,11,5,0,84,90,6,True,True,False,0.0,0
42,steady_m4,regime_conditional,1.0,observed,transit_smooth,12,6,1,108,120,12,True,True,False,0.0,0
42,steady_m4,regime_conditional,1.0,observed,transit_smooth,13,6,2,84,90,6,True,True,False,0.0,0
42,steady_m4,regime_conditional,1.0,observed,transit_smooth,14,7,1,0,12,12,True,True,False,0.0,0
42,steady_m4,regime_conditional,1.0,observed,transit_smooth,15,7,2,12,18,6,True,True,False,0.0,0
42,steady_m4,regime_conditional,1.0,observed,transit_rough,16,8,0,108,120,12,True,True,False,0.0,0
42,steady_m4,regime_conditional,1.0,observed,transit_rough,17,8,0,96,102,6,True,True,False,0.0,0
42,steady_m4,regime_conditional,1.0,observed,transit_rough,18,9,0,24,36,12,True,True,False,0.0,0
42,steady_m4,regime_conditional,1.0,observed,transit_rough,19,9,2,120,126,6,True,True,False,0.0,0
42,steady_m4,regime_conditional,1.0,observed,transit_rough,20,10,1,60,72,12,True,True,False,0.0,0
42,steady_m4,regime_conditional,1.0,observed,transit_rough,21,10,1,84,90,6,True,True,False,0.0,0
42,steady_m4,regime_conditional,1.0,observed,transit_rough,22,11,0,84,96,12,True,True,False,0.0,0
42,steady_m4,regime_conditional,1.0,observed,transit_rough,23,11,0,144,150,6,True,True,False,0.0,0
42,steady_m4,regime_conditional,0.2,clean,warehouse,0,0,2,48,60,12,False,False,False,,12
42,steady_m4,regime_conditional,0.2,clean,warehouse,1,0,1,0,6,6,False,False,False,,6
42,steady_m4,regime_conditional,0.2,clean,warehouse,2,1,0,48,60,12,False,False,False,,12
42,steady_m4,regime_conditional,0.2,clean,warehouse,3,1,2,108,114,6,False,False,False,,6
42,steady_m4,regime_conditional,0.2,clean,warehouse,4,2,1,108,120,12,False,False,True,,12
42,steady_m4,regime_conditional,0.2,clean,warehouse,5,2,1,72,78,6,False,False,False,,6
42,steady_m4,regime_conditional,0.2,clean,warehouse,6,3,1,96,108,12,False,False,False,,12
42,steady_m4,regime_conditional,0.2,clean,warehouse,7,3,2,36,42,6,False,False,False,,6
42,steady_m4,regime_conditional,0.2,clean,transit_smooth,8,4,2,24,36,12,False,False,False,,12
42,steady_m4,regime_conditional,0.2,clean,transit_smooth,9,4,2,36,42,6,False,False,False,,6
42,steady_m4,regime_conditional,0.2,clean,transit_smooth,10,5,2,120,132,12,False,False,False,,12
42,steady_m4,regime_conditional,0.2,clean,transit_smooth,11,5,0,84,90,6,False,False,False,,6
42,steady_m4,regime_conditional,0.2,clean,transit_smooth,12,6,1,108,120,12,False,False,False,,12
42,steady_m4,regime_conditional,0.2,clean,transit_smooth,13,6,2,84,90,6,False,False,False,,6
42,steady_m4,regime_conditional,0.2,clean,transit_smooth,14,7,1,0,12,12,False,False,False,,12
42,steady_m4,regime_conditional,0.2,clean,transit_smooth,15,7,2,12,18,6,False,False,False,,6
42,steady_m4,regime_conditional,0.2,clean,transit_rough,16,8,0,108,120,12,False,False,False,,12
42,steady_m4,regime_conditional,0.2,clean,transit_rough,17,8,0,96,102,6,False,False,False,,6
42,steady_m4,regime_conditional,0.2,clean,transit_rough,18,9,0,24,36,12,False,False,False,,12
42,steady_m4,regime_conditional,0.2,clean,transit_rough,19,9,2,120,126,6,False,False,False,,6
42,steady_m4,regime_conditional,0.2,clean,transit_rough,20,10,1,60,72,12,False,False,False,,12
42,steady_m4,regime_conditional,0.2,clean,transit_rough,21,10,1,84,90,6,False,False,False,,6
42,steady_m4,regime_conditional,0.2,clean,transit_rough,22,11,0,84,96,12,False,False,False,,12
42,steady_m4,regime_conditional,0.2,clean,transit_rough,23,11,0,144,150,6,False,False,False,,6
42,steady_m4,regime_conditional,0.2,observed,warehouse,0,0,2,48,60,12,True,True,False,0.0,0
42,steady_m4,regime_conditional,0.2,observed,warehouse,1,0,1,0,6,6,True,True,False,1.0,1
42,steady_m4,regime_conditional,0.2,observed,warehouse,2,1,0,48,60,12,True,True,False,2.0,2
42,steady_m4,regime_conditional,0.2,observed,warehouse,3,1,2,108,114,6,True,True,False,1.0,1
42,steady_m4,regime_conditional,0.2,observed,warehouse,4,2,1,108,120,12,True,False,True,,12
42,steady_m4,regime_conditional,0.2,observed,warehouse,5,2,1,72,78,6,True,True,False,1.0,1
42,steady_m4,regime_conditional,0.2,observed,warehouse,6,3,1,96,108,12,True,True,False,1.0,1
42,steady_m4,regime_conditional,0.2,observed,warehouse,7,3,2,36,42,6,True,True,False,0.0,0
42,steady_m4,regime_conditional,0.2,observed,transit_smooth,8,4,2,24,36,12,True,True,False,0.0,0
42,steady_m4,regime_conditional,0.2,observed,transit_smooth,9,4,2,36,42,6,True,True,True,4.0,4
42,steady_m4,regime_conditional,0.2,observed,transit_smooth,10,5,2,120,132,12,True,True,False,0.0,0
42,steady_m4,regime_conditional,0.2,observed,transit_smooth,11,5,0,84,90,6,True,True,False,2.0,2
42,steady_m4,regime_conditional,0.2,observed,transit_smooth,12,6,1,108,120,12,True,True,False,0.0,0
42,steady_m4,regime_conditional,0.2,observed,transit_smooth,13,6,2,84,90,6,True,True,False,0.0,0
42,steady_m4,regime_conditional,0.2,observed,transit_smooth,14,7,1,0,12,12,True,True,False,0.0,0
42,steady_m4,regime_conditional,0.2,observed,transit_smooth,15,7,2,12,18,6,True,True,False,1.0,1
42,steady_m4,regime_conditional,0.2,observed,transit_rough,16,8,0,108,120,12,True,True,False,0.0,0
42,steady_m4,regime_conditional,0.2,observed,transit_rough,17,8,0,96,102,6,True,True,False,1.0,1
42,steady_m4,regime_conditional,0.2,observed,transit_rough,18,9,0,24,36,12,True,True,False,1.0,1
42,steady_m4,regime_conditional,0.2,observed,transit_rough,19,9,2,120,126,6,True,True,False,0.0,0
42,steady_m4,regime_conditional,0.2,observed,transit_rough,20,10,1,60,72,12,True,True,False,1.0,1
42,steady_m4,regime_conditional,0.2,observed,transit_rough,21,10,1,84,90,6,True,True,False,0.0,0
42,steady_m4,regime_conditional,0.2,observed,transit_rough,22,11,0,84,96,12,True,True,False,2.0,2
42,steady_m4,regime_conditional,0.2,observed,transit_rough,23,11,0,144,150,6,True,True,False,0.0,0
42,steady_r02,regime_marginal,1.0,clean,warehouse,0,0,2,48,52,4,False,False,False,,4
42,steady_r02,regime_marginal,1.0,clean,warehouse,1,1,0,48,52,4,False,False,False,,4
42,steady_r02,regime_marginal,1.0,clean,warehouse,2,2,1,108,112,4,False,False,True,,4
42,steady_r02,regime_marginal,1.0,clean,warehouse,3,3,1,96,100,4,False,False,False,,4
42,steady_r02,regime_marginal,1.0,clean,transit_smooth,4,4,2,24,28,4,False,False,False,,4
42,steady_r02,regime_marginal,1.0,clean,transit_smooth,5,5,2,120,124,4,False,False,False,,4
42,steady_r02,regime_marginal,1.0,clean,transit_smooth,6,6,1,108,112,4,False,False,False,,4
42,steady_r02,regime_marginal,1.0,clean,transit_smooth,7,7,1,0,4,4,False,False,False,,4
42,steady_r02,regime_marginal,1.0,clean,transit_rough,8,8,0,108,112,4,False,False,False,,4
42,steady_r02,regime_marginal,1.0,clean,transit_rough,9,9,0,24,28,4,False,False,False,,4
42,steady_r02,regime_marginal,1.0,clean,transit_rough,10,10,1,60,64,4,False,False,False,,4
42,steady_r02,regime_marginal,1.0,clean,transit_rough,11,11,0,84,88,4,False,False,False,,4
42,steady_r02,regime_marginal,1.0,observed,warehouse,0,0,2,48,52,4,True,True,False,0.0,0
42,steady_r02,regime_marginal,1.0,observed,warehouse,1,1,0,48,52,4,False,False,False,,4
42,steady_r02,regime_marginal,1.0,observed,warehouse,2,2,1,108,112,4,True,True,True,1.0,1
42,steady_r02,regime_marginal,1.0,observed,warehouse,3,3,1,96,100,4,True,True,False,1.0,1
42,steady_r02,regime_marginal,1.0,observed,transit_smooth,4,4,2,24,28,4,True,True,False,0.0,0
42,steady_r02,regime_marginal,1.0,observed,transit_smooth,5,5,2,120,124,4,False,False,False,,4
42,steady_r02,regime_marginal,1.0,observed,transit_smooth,6,6,1,108,112,4,False,False,False,,4
42,steady_r02,regime_marginal,1.0,observed,transit_smooth,7,7,1,0,4,4,True,True,False,2.0,2
42,steady_r02,regime_marginal,1.0,observed,transit_rough,8,8,0,108,112,4,False,False,False,,4
42,steady_r02,regime_marginal,1.0,observed,transit_rough,9,9,0,24,28,4,True,True,False,0.0,0
42,steady_r02,regime_marginal,1.0,observed,transit_rough,10,10,1,60,64,4,True,True,False,3.0,3
42,steady_r02,regime_marginal,1.0,observed,transit_rough,11,11,0,84,88,4,False,False,False,,4
42,steady_r02,regime_marginal,0.2,clean,warehouse,0,0,2,48,52,4,False,False,False,,4
42,steady_r02,regime_marginal,0.2,clean,warehouse,1,1,0,48,52,4,True,False,True,,4
42,steady_r02,regime_marginal,0.2,clean,warehouse,2,2,1,108,112,4,False,False,True,,4
42,steady_r02,regime_marginal,0.2,clean,warehouse,3,3,1,96,100,4,False,False,False,,4
42,steady_r02,regime_marginal,0.2,clean,transit_smooth,4,4,2,24,28,4,False,False,False,,4
42,steady_r02,regime_marginal,0.2,clean,transit_smooth,5,5,2,120,124,4,False,False,False,,4
42,steady_r02,regime_marginal,0.2,clean,transit_smooth,6,6,1,108,112,4,False,False,False,,4
42,steady_r02,regime_marginal,0.2,clean,transit_smooth,7,7,1,0,4,4,False,False,False,,4
42,steady_r02,regime_marginal,0.2,clean,transit_rough,8,8,0,108,112,4,False,False,False,,4
42,steady_r02,regime_marginal,0.2,clean,transit_rough,9,9,0,24,28,4,False,False,False,,4
42,steady_r02,regime_marginal,0.2,clean,transit_rough,10,10,1,60,64,4,False,False,False,,4
42,steady_r02,regime_marginal,0.2,clean,transit_rough,11,11,0,84,88,4,False,False,False,,4
42,steady_r02,regime_marginal,0.2,observed,warehouse,0,0,2,48,52,4,True,True,False,1.0,1
42,steady_r02,regime_marginal,0.2,observed,warehouse,1,1,0,48,52,4,False,False,True,,4
42,steady_r02,regime_marginal,0.2,observed,warehouse,2,2,1,108,112,4,True,False,True,,4
42,steady_r02,regime_marginal,0.2,observed,warehouse,3,3,1,96,100,4,True,True,False,2.0,2
42,steady_r02,regime_marginal,0.2,observed,transit_smooth,4,4,2,24,28,4,False,False,False,,4
42,steady_r02,regime_marginal,0.2,observed,transit_smooth,5,5,2,120,124,4,False,False,False,,4
42,steady_r02,regime_marginal,0.2,observed,transit_smooth,6,6,1,108,112,4,True,True,False,3.0,3
42,steady_r02,regime_marginal,0.2,observed,transit_smooth,7,7,1,0,4,4,True,True,False,3.0,3
42,steady_r02,regime_marginal,0.2,observed,transit_rough,8,8,0,108,112,4,False,False,False,,4
42,steady_r02,regime_marginal,0.2,observed,transit_rough,9,9,0,24,28,4,False,False,False,,4
42,steady_r02,regime_marginal,0.2,observed,transit_rough,10,10,1,60,64,4,False,False,False,,4
42,steady_r02,regime_marginal,0.2,observed,transit_rough,11,11,0,84,88,4,False,False,False,,4
42,steady_r02,regime_conditional,1.0,clean,warehouse,0,0,2,48,52,4,False,False,False,,4
42,steady_r02,regime_conditional,1.0,clean,warehouse,1,1,0,48,52,4,False,False,False,,4
42,steady_r02,regime_conditional,1.0,clean,warehouse,2,2,1,108,112,4,False,False,True,,4
42,steady_r02,regime_conditional,1.0,clean,warehouse,3,3,1,96,100,4,False,False,False,,4
42,steady_r02,regime_conditional,1.0,clean,transit_smooth,4,4,2,24,28,4,False,False,False,,4
42,steady_r02,regime_conditional,1.0,clean,transit_smooth,5,5,2,120,124,4,False,False,False,,4
42,steady_r02,regime_conditional,1.0,clean,transit_smooth,6,6,1,108,112,4,False,False,False,,4
42,steady_r02,regime_conditional,1.0,clean,transit_smooth,7,7,1,0,4,4,False,False,False,,4
42,steady_r02,regime_conditional,1.0,clean,transit_rough,8,8,0,108,112,4,False,False,False,,4
42,steady_r02,regime_conditional,1.0,clean,transit_rough,9,9,0,24,28,4,False,False,False,,4
42,steady_r02,regime_conditional,1.0,clean,transit_rough,10,10,1,60,64,4,False,False,False,,4
42,steady_r02,regime_conditional,1.0,clean,transit_rough,11,11,0,84,88,4,False,False,False,,4
42,steady_r02,regime_conditional,1.0,observed,warehouse,0,0,2,48,52,4,True,True,False,0.0,0
42,steady_r02,regime_conditional,1.0,observed,warehouse,1,1,0,48,52,4,False,False,False,,4
42,steady_r02,regime_conditional,1.0,observed,warehouse,2,2,1,108,112,4,True,True,True,1.0,1
42,steady_r02,regime_conditional,1.0,observed,warehouse,3,3,1,96,100,4,True,True,False,1.0,1
42,steady_r02,regime_conditional,1.0,observed,transit_smooth,4,4,2,24,28,4,True,True,False,0.0,0
42,steady_r02,regime_conditional,1.0,observed,transit_smooth,5,5,2,120,124,4,False,False,False,,4
42,steady_r02,regime_conditional,1.0,observed,transit_smooth,6,6,1,108,112,4,True,True,False,0.0,0
42,steady_r02,regime_conditional,1.0,observed,transit_smooth,7,7,1,0,4,4,True,True,False,3.0,3
42,steady_r02,regime_conditional,1.0,observed,transit_rough,8,8,0,108,112,4,True,True,False,0.0,0
42,steady_r02,regime_conditional,1.0,observed,transit_rough,9,9,0,24,28,4,True,True,False,0.0,0
42,steady_r02,regime_conditional,1.0,observed,transit_rough,10,10,1,60,64,4,True,True,False,0.0,0
42,steady_r02,regime_conditional,1.0,observed,transit_rough,11,11,0,84,88,4,False,False,False,,4
42,steady_r02,regime_conditional,0.2,clean,warehouse,0,0,2,48,52,4,False,False,False,,4
42,steady_r02,regime_conditional,0.2,clean,warehouse,1,1,0,48,52,4,False,False,False,,4
42,steady_r02,regime_conditional,0.2,clean,warehouse,2,2,1,108,112,4,False,False,True,,4
42,steady_r02,regime_conditional,0.2,clean,warehouse,3,3,1,96,100,4,False,False,False,,4
42,steady_r02,regime_conditional,0.2,clean,transit_smooth,4,4,2,24,28,4,False,False,False,,4
42,steady_r02,regime_conditional,0.2,clean,transit_smooth,5,5,2,120,124,4,False,False,False,,4
42,steady_r02,regime_conditional,0.2,clean,transit_smooth,6,6,1,108,112,4,False,False,False,,4
42,steady_r02,regime_conditional,0.2,clean,transit_smooth,7,7,1,0,4,4,False,False,False,,4
42,steady_r02,regime_conditional,0.2,clean,transit_rough,8,8,0,108,112,4,False,False,False,,4
42,steady_r02,regime_conditional,0.2,clean,transit_rough,9,9,0,24,28,4,False,False,False,,4
42,steady_r02,regime_conditional,0.2,clean,transit_rough,10,10,1,60,64,4,False,False,False,,4
42,steady_r02,regime_conditional,0.2,clean,transit_rough,11,11,0,84,88,4,False,False,False,,4
42,steady_r02,regime_conditional,0.2,observed,warehouse,0,0,2,48,52,4,True,True,False,1.0,1
42,steady_r02,regime_conditional,0.2,observed,warehouse,1,1,0,48,52,4,False,False,False,,4
42,steady_r02,regime_conditional,0.2,observed,warehouse,2,2,1,108,112,4,True,False,True,,4
42,steady_r02,regime_conditional,0.2,observed,warehouse,3,3,1,96,100,4,True,True,False,2.0,2
42,steady_r02,regime_conditional,0.2,observed,transit_smooth,4,4,2,24,28,4,True,True,False,1.0,1
42,steady_r02,regime_conditional,0.2,observed,transit_smooth,5,5,2,120,124,4,True,True,False,3.0,3
42,steady_r02,regime_conditional,0.2,observed,transit_smooth,6,6,1,108,112,4,True,True,False,2.0,2
42,steady_r02,regime_conditional,0.2,observed,transit_smooth,7,7,1,0,4,4,True,True,False,2.0,2
42,steady_r02,regime_conditional,0.2,observed,transit_rough,8,8,0,108,112,4,True,True,False,3.0,3
42,steady_r02,regime_conditional,0.2,observed,transit_rough,9,9,0,24,28,4,True,True,False,2.0,2
42,steady_r02,regime_conditional,0.2,observed,transit_rough,10,10,1,60,64,4,True,True,False,3.0,3
42,steady_r02,regime_conditional,0.2,observed,transit_rough,11,11,0,84,88,4,False,False,False,,4
42,steady_r20,regime_marginal,1.0,clean,warehouse,0,0,2,48,60,12,False,False,False,,12
42,steady_r20,regime_marginal,1.0,clean,warehouse,1,0,1,0,12,12,False,False,False,,12
42,steady_r20,regime_marginal,1.0,clean,warehouse,2,0,0,96,108,12,False,False,False,,12
42,steady_r20,regime_marginal,1.0,clean,warehouse,3,1,0,48,60,12,False,False,False,,12
42,steady_r20,regime_marginal,1.0,clean,warehouse,4,1,2,108,120,12,True,True,False,9.0,9
42,steady_r20,regime_marginal,1.0,clean,warehouse,5,1,2,156,168,12,True,True,False,7.0,7
42,steady_r20,regime_marginal,1.0,clean,warehouse,6,2,1,108,120,12,False,False,True,,12
42,steady_r20,regime_marginal,1.0,clean,warehouse,7,2,1,72,84,12,False,False,False,,12
42,steady_r20,regime_marginal,1.0,clean,warehouse,8,2,0,36,48,12,False,False,False,,12
42,steady_r20,regime_marginal,1.0,clean,warehouse,9,3,1,96,108,12,False,False,False,,12
42,steady_r20,regime_marginal,1.0,clean,warehouse,10,3,2,36,48,12,False,False,False,,12
42,steady_r20,regime_marginal,1.0,clean,warehouse,11,3,1,48,60,12,False,False,False,,12
42,steady_r20,regime_marginal,1.0,clean,transit_smooth,12,4,2,24,36,12,False,False,False,,12
42,steady_r20,regime_marginal,1.0,clean,transit_smooth,13,4,2,36,48,12,False,False,False,,12
42,steady_r20,regime_marginal,1.0,clean,transit_smooth,14,4,0,0,12,12,False,False,False,,12
42,steady_r20,regime_marginal,1.0,clean,transit_smooth,15,5,2,120,132,12,False,False,False,,12
42,steady_r20,regime_marginal,1.0,clean,transit_smooth,16,5,0,84,96,12,False,False,False,,12
42,steady_r20,regime_marginal,1.0,clean,transit_smooth,17,5,1,96,108,12,False,False,False,,12
42,steady_r20,regime_marginal,1.0,clean,transit_smooth,18,6,1,108,120,12,False,False,False,,12
42,steady_r20,regime_marginal,1.0,clean,transit_smooth,19,6,2,84,96,12,False,False,False,,12
42,steady_r20,regime_marginal,1.0,clean,transit_smooth,20,6,0,48,60,12,False,False,False,,12
42,steady_r20,regime_marginal,1.0,clean,transit_smooth,21,7,1,0,12,12,False,False,False,,12
42,steady_r20,regime_marginal,1.0,clean,transit_smooth,22,7,2,12,24,12,False,False,False,,12
42,steady_r20,regime_marginal,1.0,clean,transit_smooth,23,7,0,132,144,12,False,False,False,,12
42,steady_r20,regime_marginal,1.0,clean,transit_rough,24,8,0,108,120,12,False,False,False,,12
42,steady_r20,regime_marginal,1.0,clean,transit_rough,25,8,0,96,108,12,False,False,False,,12
42,steady_r20,regime_marginal,1.0,clean,transit_rough,26,8,2,36,48,12,False,False,False,,12
42,steady_r20,regime_marginal,1.0,clean,transit_rough,27,9,0,24,36,12,False,False,False,,12
42,steady_r20,regime_marginal,1.0,clean,transit_rough,28,9,2,120,132,12,False,False,False,,12
42,steady_r20,regime_marginal,1.0,clean,transit_rough,29,9,1,60,72,12,False,False,False,,12
42,steady_r20,regime_marginal,1.0,clean,transit_rough,30,10,1,60,72,12,False,False,False,,12
42,steady_r20,regime_marginal,1.0,clean,transit_rough,31,10,1,84,96,12,False,False,False,,12
42,steady_r20,regime_marginal,1.0,clean,transit_rough,32,10,2,24,36,12,False,False,False,,12
42,steady_r20,regime_marginal,1.0,clean,transit_rough,33,11,0,84,96,12,False,False,False,,12
42,steady_r20,regime_marginal,1.0,clean,transit_rough,34,11,0,144,156,12,False,False,False,,12
42,steady_r20,regime_marginal,1.0,clean,transit_rough,35,11,2,168,180,12,False,False,False,,12
42,steady_r20,regime_marginal,1.0,observed,warehouse,0,0,2,48,60,12,True,True,False,0.0,0
42,steady_r20,regime_marginal,1.0,observed,warehouse,1,0,1,0,12,12,True,True,False,4.0,4
42,steady_r20,regime_marginal,1.0,observed,warehouse,2,0,0,96,108,12,True,True,False,6.0,6
42,steady_r20,regime_marginal,1.0,observed,warehouse,3,1,0,48,60,12,True,True,False,6.0,6
42,steady_r20,regime_marginal,1.0,observed,warehouse,4,1,2,108,120,12,True,True,False,1.0,1
42,steady_r20,regime_marginal,1.0,observed,warehouse,5,1,2,156,168,12,True,True,False,10.0,10
42,steady_r20,regime_marginal,1.0,observed,warehouse,6,2,1,108,120,12,True,True,True,1.0,1
42,steady_r20,regime_marginal,1.0,observed,warehouse,7,2,1,72,84,12,True,True,False,3.0,3
42,steady_r20,regime_marginal,1.0,observed,warehouse,8,2,0,36,48,12,True,True,False,6.0,6
42,steady_r20,regime_marginal,1.0,observed,warehouse,9,3,1,96,108,12,True,True,False,1.0,1
42,steady_r20,regime_marginal,1.0,observed,warehouse,10,3,2,36,48,12,True,True,False,0.0,0
42,steady_r20,regime_marginal,1.0,observed,warehouse,11,3,1,48,60,12,True,True,False,6.0,6
42,steady_r20,regime_marginal,1.0,observed,transit_smooth,12,4,2,24,36,12,True,True,False,0.0,0
42,steady_r20,regime_marginal,1.0,observed,transit_smooth,13,4,2,36,48,12,True,True,False,5.0,5
42,steady_r20,regime_marginal,1.0,observed,transit_smooth,14,4,0,0,12,12,True,True,False,0.0,0
42,steady_r20,regime_marginal,1.0,observed,transit_smooth,15,5,2,120,132,12,True,True,False,5.0,5
42,steady_r20,regime_marginal,1.0,observed,transit_smooth,16,5,0,84,96,12,False,False,False,,12
42,steady_r20,regime_marginal,1.0,observed,transit_smooth,17,5,1,96,108,12,True,True,False,0.0,0
42,steady_r20,regime_marginal,1.0,observed,transit_smooth,18,6,1,108,120,12,True,True,False,5.0,5
42,steady_r20,regime_marginal,1.0,observed,transit_smooth,19,6,2,84,96,12,True,True,False,0.0,0
42,steady_r20,regime_marginal,1.0,observed,transit_smooth,20,6,0,48,60,12,True,True,False,9.0,9
42,steady_r20,regime_marginal,1.0,observed,transit_smooth,21,7,1,0,12,12,True,True,False,2.0,2
42,steady_r20,regime_marginal,1.0,observed,transit_smooth,22,7,2,12,24,12,True,True,False,4.0,4
42,steady_r20,regime_marginal,1.0,observed,transit_smooth,23,7,0,132,144,12,True,True,False,0.0,0
42,steady_r20,regime_marginal,1.0,observed,transit_rough,24,8,0,108,120,12,True,True,False,6.0,6
42,steady_r20,regime_marginal,1.0,observed,transit_rough,25,8,0,96,108,12,True,True,False,1.0,1
42,steady_r20,regime_marginal,1.0,observed,transit_rough,26,8,2,36,48,12,True,True,False,4.0,4
42,steady_r20,regime_marginal,1.0,observed,transit_rough,27,9,0,24,36,12,True,True,False,0.0,0
42,steady_r20,regime_marginal,1.0,observed,transit_rough,28,9,2,120,132,12,True,True,False,4.0,4
42,steady_r20,regime_marginal,1.0,observed,transit_rough,29,9,1,60,72,12,True,True,False,2.0,2
42,steady_r20,regime_marginal,1.0,observed,transit_rough,30,10,1,60,72,12,True,True,False,3.0,3
42,steady_r20,regime_marginal,1.0,observed,transit_rough,31,10,1,84,96,12,True,True,False,1.0,1
42,steady_r20,regime_marginal,1.0,observed,transit_rough,32,10,2,24,36,12,True,True,False,2.0,2
42,steady_r20,regime_marginal,1.0,observed,transit_rough,33,11,0,84,96,12,True,True,False,4.0,4
42,steady_r20,regime_marginal,1.0,observed,transit_rough,34,11,0,144,156,12,True,True,False,0.0,0
42,steady_r20,regime_marginal,1.0,observed,transit_rough,35,11,2,168,180,12,True,True,False,1.0,1
42,steady_r20,regime_marginal,0.2,clean,warehouse,0,0,2,48,60,12,False,False,False,,12
42,steady_r20,regime_marginal,0.2,clean,warehouse,1,0,1,0,12,12,False,False,False,,12
42,steady_r20,regime_marginal,0.2,clean,warehouse,2,0,0,96,108,12,False,False,False,,12
42,steady_r20,regime_marginal,0.2,clean,warehouse,3,1,0,48,60,12,True,False,True,,12
42,steady_r20,regime_marginal,0.2,clean,warehouse,4,1,2,108,120,12,False,False,False,,12
42,steady_r20,regime_marginal,0.2,clean,warehouse,5,1,2,156,168,12,True,True,False,7.0,7
42,steady_r20,regime_marginal,0.2,clean,warehouse,6,2,1,108,120,12,False,False,True,,12
42,steady_r20,regime_marginal,0.2,clean,warehouse,7,2,1,72,84,12,False,False,False,,12
42,steady_r20,regime_marginal,0.2,clean,warehouse,8,2,0,36,48,12,False,False,False,,12
42,steady_r20,regime_marginal,0.2,clean,warehouse,9,3,1,96,108,12,False,False,False,,12
42,steady_r20,regime_marginal,0.2,clean,warehouse,10,3,2,36,48,12,False,False,False,,12
42,steady_r20,regime_marginal,0.2,clean,warehouse,11,3,1,48,60,12,False,False,False,,12
42,steady_r20,regime_marginal,0.2,clean,transit_smooth,12,4,2,24,36,12,False,False,False,,12
42,steady_r20,regime_marginal,0.2,clean,transit_smooth,13,4,2,36,48,12,False,False,False,,12
42,steady_r20,regime_marginal,0.2,clean,transit_smooth,14,4,0,0,12,12,False,False,False,,12
42,steady_r20,regime_marginal,0.2,clean,transit_smooth,15,5,2,120,132,12,False,False,False,,12
42,steady_r20,regime_marginal,0.2,clean,transit_smooth,16,5,0,84,96,12,False,False,False,,12
42,steady_r20,regime_marginal,0.2,clean,transit_smooth,17,5,1,96,108,12,False,False,False,,12
42,steady_r20,regime_marginal,0.2,clean,transit_smooth,18,6,1,108,120,12,False,False,False,,12
42,steady_r20,regime_marginal,0.2,clean,transit_smooth,19,6,2,84,96,12,False,False,False,,12
42,steady_r20,regime_marginal,0.2,clean,transit_smooth,20,6,0,48,60,12,False,False,False,,12
42,steady_r20,regime_marginal,0.2,clean,transit_smooth,21,7,1,0,12,12,False,False,False,,12
42,steady_r20,regime_marginal,0.2,clean,transit_smooth,22,7,2,12,24,12,False,False,False,,12
42,steady_r20,regime_marginal,0.2,clean,transit_smooth,23,7,0,132,144,12,False,False,False,,12
42,steady_r20,regime_marginal,0.2,clean,transit_rough,24,8,0,108,120,12,False,False,False,,12
42,steady_r20,regime_marginal,0.2,clean,transit_rough,25,8,0,96,108,12,False,False,False,,12
42,steady_r20,regime_marginal,0.2,clean,transit_rough,26,8,2,36,48,12,False,False,False,,12
42,steady_r20,regime_marginal,0.2,clean,transit_rough,27,9,0,24,36,12,False,False,False,,12
42,steady_r20,regime_marginal,0.2,clean,transit_rough,28,9,2,120,132,12,False,False,False,,12
42,steady_r20,regime_marginal,0.2,clean,transit_rough,29,9,1,60,72,12,False,False,False,,12
42,steady_r20,regime_marginal,0.2,clean,transit_rough,30,10,1,60,72,12,False,False,False,,12
42,steady_r20,regime_marginal,0.2,clean,transit_rough,31,10,1,84,96,12,False,False,False,,12
42,steady_r20,regime_marginal,0.2,clean,transit_rough,32,10,2,24,36,12,False,False,False,,12
42,steady_r20,regime_marginal,0.2,clean,transit_rough,33,11,0,84,96,12,False,False,False,,12
42,steady_r20,regime_marginal,0.2,clean,transit_rough,34,11,0,144,156,12,False,False,False,,12
42,steady_r20,regime_marginal,0.2,clean,transit_rough,35,11,2,168,180,12,False,False,False,,12
42,steady_r20,regime_marginal,0.2,observed,warehouse,0,0,2,48,60,12,True,True,False,1.0,1
42,steady_r20,regime_marginal,0.2,observed,warehouse,1,0,1,0,12,12,True,True,False,5.0,5
42,steady_r20,regime_marginal,0.2,observed,warehouse,2,0,0,96,108,12,True,True,False,6.0,6
42,steady_r20,regime_marginal,0.2,observed,warehouse,3,1,0,48,60,12,True,True,True,7.0,7
42,steady_r20,regime_marginal,0.2,observed,warehouse,4,1,2,108,120,12,True,True,False,3.0,3
42,steady_r20,regime_marginal,0.2,observed,warehouse,5,1,2,156,168,12,True,True,False,2.0,2
42,steady_r20,regime_marginal,0.2,observed,warehouse,6,2,1,108,120,12,True,False,True,,12
42,steady_r20,regime_marginal,0.2,observed,warehouse,7,2,1,72,84,12,True,True,False,5.0,5
42,steady_r20,regime_marginal,0.2,observed,warehouse,8,2,0,36,48,12,True,True,False,7.0,7
42,steady_r20,regime_marginal,0.2,observed,warehouse,9,3,1,96,108,12,True,True,False,2.0,2
42,steady_r20,regime_marginal,0.2,observed,warehouse,10,3,2,36,48,12,True,True,False,4.0,4
42,steady_r20,regime_marginal,0.2,observed,warehouse,11,3,1,48,60,12,True,True,False,5.0,5
42,steady_r20,regime_marginal,0.2,observed,transit_smooth,12,4,2,24,36,12,True,True,False,4.0,4
42,steady_r20,regime_marginal,0.2,observed,transit_smooth,13,4,2,36,48,12,False,False,True,,12
42,steady_r20,regime_marginal,0.2,observed,transit_smooth,14,4,0,0,12,12,True,True,False,3.0,3
42,steady_r20,regime_marginal,0.2,observed,transit_smooth,15,5,2,120,132,12,True,True,False,5.0,5
42,steady_r20,regime_marginal,0.2,observed,transit_smooth,16,5,0,84,96,12,False,False,False,,12
42,steady_r20,regime_marginal,0.2,observed,transit_smooth,17,5,1,96,108,12,True,True,False,0.0,0
42,steady_r20,regime_marginal,0.2,observed,transit_smooth,18,6,1,108,120,12,True,True,False,3.0,3
42,steady_r20,regime_marginal,0.2,observed,transit_smooth,19,6,2,84,96,12,True,True,False,7.0,7
42,steady_r20,regime_marginal,0.2,observed,transit_smooth,20,6,0,48,60,12,False,False,False,,12
42,steady_r20,regime_marginal,0.2,observed,transit_smooth,21,7,1,0,12,12,True,True,False,3.0,3
42,steady_r20,regime_marginal,0.2,observed,transit_smooth,22,7,2,12,24,12,True,True,False,5.0,5
42,steady_r20,regime_marginal,0.2,observed,transit_smooth,23,7,0,132,144,12,True,True,False,2.0,2
42,steady_r20,regime_marginal,0.2,observed,transit_rough,24,8,0,108,120,12,True,True,False,1.0,1
42,steady_r20,regime_marginal,0.2,observed,transit_rough,25,8,0,96,108,12,True,True,False,5.0,5
42,steady_r20,regime_marginal,0.2,observed,transit_rough,26,8,2,36,48,12,True,True,False,7.0,7
42,steady_r20,regime_marginal,0.2,observed,transit_rough,27,9,0,24,36,12,True,True,False,4.0,4
42,steady_r20,regime_marginal,0.2,observed,transit_rough,28,9,2,120,132,12,True,True,False,4.0,4
42,steady_r20,regime_marginal,0.2,observed,transit_rough,29,9,1,60,72,12,True,True,False,5.0,5
42,steady_r20,regime_marginal,0.2,observed,transit_rough,30,10,1,60,72,12,True,True,False,5.0,5
42,steady_r20,regime_marginal,0.2,observed,transit_rough,31,10,1,84,96,12,True,True,False,2.0,2
42,steady_r20,regime_marginal,0.2,observed,transit_rough,32,10,2,24,36,12,True,True,False,3.0,3
42,steady_r20,regime_marginal,0.2,observed,transit_rough,33,11,0,84,96,12,True,True,False,7.0,7
42,steady_r20,regime_marginal,0.2,observed,transit_rough,34,11,0,144,156,12,True,True,False,7.0,7
42,steady_r20,regime_marginal,0.2,observed,transit_rough,35,11,2,168,180,12,True,True,False,3.0,3
42,steady_r20,regime_conditional,1.0,clean,warehouse,0,0,2,48,60,12,False,False,False,,12
42,steady_r20,regime_conditional,1.0,clean,warehouse,1,0,1,0,12,12,False,False,False,,12
42,steady_r20,regime_conditional,1.0,clean,warehouse,2,0,0,96,108,12,False,False,False,,12
42,steady_r20,regime_conditional,1.0,clean,warehouse,3,1,0,48,60,12,True,True,False,9.0,9
42,steady_r20,regime_conditional,1.0,clean,warehouse,4,1,2,108,120,12,True,True,False,9.0,9
42,steady_r20,regime_conditional,1.0,clean,warehouse,5,1,2,156,168,12,False,False,False,,12
42,steady_r20,regime_conditional,1.0,clean,warehouse,6,2,1,108,120,12,False,False,True,,12
42,steady_r20,regime_conditional,1.0,clean,warehouse,7,2,1,72,84,12,False,False,False,,12
42,steady_r20,regime_conditional,1.0,clean,warehouse,8,2,0,36,48,12,False,False,False,,12
42,steady_r20,regime_conditional,1.0,clean,warehouse,9,3,1,96,108,12,False,False,False,,12
42,steady_r20,regime_conditional,1.0,clean,warehouse,10,3,2,36,48,12,False,False,False,,12
42,steady_r20,regime_conditional,1.0,clean,warehouse,11,3,1,48,60,12,False,False,False,,12
42,steady_r20,regime_conditional,1.0,clean,transit_smooth,12,4,2,24,36,12,False,False,False,,12
42,steady_r20,regime_conditional,1.0,clean,transit_smooth,13,4,2,36,48,12,False,False,False,,12
42,steady_r20,regime_conditional,1.0,clean,transit_smooth,14,4,0,0,12,12,False,False,False,,12
42,steady_r20,regime_conditional,1.0,clean,transit_smooth,15,5,2,120,132,12,False,False,False,,12
42,steady_r20,regime_conditional,1.0,clean,transit_smooth,16,5,0,84,96,12,False,False,False,,12
42,steady_r20,regime_conditional,1.0,clean,transit_smooth,17,5,1,96,108,12,False,False,False,,12
42,steady_r20,regime_conditional,1.0,clean,transit_smooth,18,6,1,108,120,12,False,False,False,,12
42,steady_r20,regime_conditional,1.0,clean,transit_smooth,19,6,2,84,96,12,False,False,False,,12
42,steady_r20,regime_conditional,1.0,clean,transit_smooth,20,6,0,48,60,12,False,False,False,,12
42,steady_r20,regime_conditional,1.0,clean,transit_smooth,21,7,1,0,12,12,False,False,False,,12
42,steady_r20,regime_conditional,1.0,clean,transit_smooth,22,7,2,12,24,12,False,False,False,,12
42,steady_r20,regime_conditional,1.0,clean,transit_smooth,23,7,0,132,144,12,False,False,False,,12
42,steady_r20,regime_conditional,1.0,clean,transit_rough,24,8,0,108,120,12,False,False,False,,12
42,steady_r20,regime_conditional,1.0,clean,transit_rough,25,8,0,96,108,12,False,False,False,,12
42,steady_r20,regime_conditional,1.0,clean,transit_rough,26,8,2,36,48,12,False,False,False,,12
42,steady_r20,regime_conditional,1.0,clean,transit_rough,27,9,0,24,36,12,False,False,False,,12
42,steady_r20,regime_conditional,1.0,clean,transit_rough,28,9,2,120,132,12,False,False,False,,12
42,steady_r20,regime_conditional,1.0,clean,transit_rough,29,9,1,60,72,12,True,True,False,3.0,3
42,steady_r20,regime_conditional,1.0,clean,transit_rough,30,10,1,60,72,12,True,True,False,9.0,9
42,steady_r20,regime_conditional,1.0,clean,transit_rough,31,10,1,84,96,12,False,False,False,,12
42,steady_r20,regime_conditional,1.0,clean,transit_rough,32,10,2,24,36,12,False,False,False,,12
42,steady_r20,regime_conditional,1.0,clean,transit_rough,33,11,0,84,96,12,False,False,False,,12
42,steady_r20,regime_conditional,1.0,clean,transit_rough,34,11,0,144,156,12,False,False,False,,12
42,steady_r20,regime_conditional,1.0,clean,transit_rough,35,11,2,168,180,12,False,False,False,,12
42,steady_r20,regime_conditional,1.0,observed,warehouse,0,0,2,48,60,12,True,True,False,0.0,0
42,steady_r20,regime_conditional,1.0,observed,warehouse,1,0,1,0,12,12,True,True,False,4.0,4
42,steady_r20,regime_conditional,1.0,observed,warehouse,2,0,0,96,108,12,True,True,False,0.0,0
42,steady_r20,regime_conditional,1.0,observed,warehouse,3,1,0,48,60,12,True,True,False,4.0,4
42,steady_r20,regime_conditional,1.0,observed,warehouse,4,1,2,108,120,12,True,True,False,1.0,1
42,steady_r20,regime_conditional,1.0,observed,warehouse,5,1,2,156,168,12,True,True,False,0.0,0
42,steady_r20,regime_conditional,1.0,observed,warehouse,6,2,1,108,120,12,True,True,True,1.0,1
42,steady_r20,regime_conditional,1.0,observed,warehouse,7,2,1,72,84,12,True,True,False,3.0,3
42,steady_r20,regime_conditional,1.0,observed,warehouse,8,2,0,36,48,12,True,True,False,0.0,0
42,steady_r20,regime_conditional,1.0,observed,warehouse,9,3,1,96,108,12,True,True,False,1.0,1
42,steady_r20,regime_conditional,1.0,observed,warehouse,10,3,2,36,48,12,True,True,False,0.0,0
42,steady_r20,regime_conditional,1.0,observed,warehouse,11,3,1,48,60,12,True,True,False,1.0,1
42,steady_r20,regime_conditional,1.0,observed,transit_smooth,12,4,2,24,36,12,True,True,False,0.0,0
42,steady_r20,regime_conditional,1.0,observed,transit_smooth,13,4,2,36,48,12,True,True,False,5.0,5
42,steady_r20,regime_conditional,1.0,observed,transit_smooth,14,4,0,0,12,12,True,True,False,0.0,0
42,steady_r20,regime_conditional,1.0,observed,transit_smooth,15,5,2,120,132,12,False,False,False,,12
42,steady_r20,regime_conditional,1.0,observed,transit_smooth,16,5,0,84,96,12,True,True,False,3.0,3
42,steady_r20,regime_conditional,1.0,observed,transit_smooth,17,5,1,96,108,12,True,True,False,0.0,0
42,steady_r20,regime_conditional,1.0,observed,transit_smooth,18,6,1,108,120,12,True,True,False,0.0,0
42,steady_r20,regime_conditional,1.0,observed,transit_smooth,19,6,2,84,96,12,True,True,False,0.0,0
42,steady_r20,regime_conditional,1.0,observed,transit_smooth,20,6,0,48,60,12,True,True,False,0.0,0
42,steady_r20,regime_conditional,1.0,observed,transit_smooth,21,7,1,0,12,12,True,True,False,3.0,3
42,steady_r20,regime_conditional,1.0,observed,transit_smooth,22,7,2,12,24,12,True,True,False,4.0,4
42,steady_r20,regime_conditional,1.0,observed,transit_smooth,23,7,0,132,144,12,True,True,False,0.0,0
42,steady_r20,regime_conditional,1.0,observed,transit_rough,24,8,0,108,120,12,True,True,False,0.0,0
42,steady_r20,regime_conditional,1.0,observed,transit_rough,25,8,0,96,108,12,True,True,False,0.0,0
42,steady_r20,regime_conditional,1.0,observed,transit_rough,26,8,2,36,48,12,True,True,False,4.0,4
42,steady_r20,regime_conditional,1.0,observed,transit_rough,27,9,0,24,36,12,True,True,False,0.0,0
42,steady_r20,regime_conditional,1.0,observed,transit_rough,28,9,2,120,132,12,True,True,False,0.0,0
42,steady_r20,regime_conditional,1.0,observed,transit_rough,29,9,1,60,72,12,True,True,False,2.0,2
42,steady_r20,regime_conditional,1.0,observed,transit_rough,30,10,1,60,72,12,True,True,False,0.0,0
42,steady_r20,regime_conditional,1.0,observed,transit_rough,31,10,1,84,96,12,True,True,False,1.0,1
42,steady_r20,regime_conditional,1.0,observed,transit_rough,32,10,2,24,36,12,True,True,False,2.0,2
42,steady_r20,regime_conditional,1.0,observed,transit_rough,33,11,0,84,96,12,True,True,False,4.0,4
42,steady_r20,regime_conditional,1.0,observed,transit_rough,34,11,0,144,156,12,True,True,False,0.0,0
42,steady_r20,regime_conditional,1.0,observed,transit_rough,35,11,2,168,180,12,True,True,False,0.0,0
42,steady_r20,regime_conditional,0.2,clean,warehouse,0,0,2,48,60,12,False,False,False,,12
42,steady_r20,regime_conditional,0.2,clean,warehouse,1,0,1,0,12,12,False,False,False,,12
42,steady_r20,regime_conditional,0.2,clean,warehouse,2,0,0,96,108,12,False,False,False,,12
42,steady_r20,regime_conditional,0.2,clean,warehouse,3,1,0,48,60,12,False,False,False,,12
42,steady_r20,regime_conditional,0.2,clean,warehouse,4,1,2,108,120,12,True,True,False,9.0,9
42,steady_r20,regime_conditional,0.2,clean,warehouse,5,1,2,156,168,12,False,False,False,,12
42,steady_r20,regime_conditional,0.2,clean,warehouse,6,2,1,108,120,12,False,False,True,,12
42,steady_r20,regime_conditional,0.2,clean,warehouse,7,2,1,72,84,12,False,False,False,,12
42,steady_r20,regime_conditional,0.2,clean,warehouse,8,2,0,36,48,12,False,False,False,,12
42,steady_r20,regime_conditional,0.2,clean,warehouse,9,3,1,96,108,12,False,False,False,,12
42,steady_r20,regime_conditional,0.2,clean,warehouse,10,3,2,36,48,12,False,False,False,,12
42,steady_r20,regime_conditional,0.2,clean,warehouse,11,3,1,48,60,12,False,False,False,,12
42,steady_r20,regime_conditional,0.2,clean,transit_smooth,12,4,2,24,36,12,False,False,False,,12
42,steady_r20,regime_conditional,0.2,clean,transit_smooth,13,4,2,36,48,12,False,False,False,,12
42,steady_r20,regime_conditional,0.2,clean,transit_smooth,14,4,0,0,12,12,False,False,False,,12
42,steady_r20,regime_conditional,0.2,clean,transit_smooth,15,5,2,120,132,12,False,False,False,,12
42,steady_r20,regime_conditional,0.2,clean,transit_smooth,16,5,0,84,96,12,False,False,False,,12
42,steady_r20,regime_conditional,0.2,clean,transit_smooth,17,5,1,96,108,12,False,False,False,,12
42,steady_r20,regime_conditional,0.2,clean,transit_smooth,18,6,1,108,120,12,False,False,False,,12
42,steady_r20,regime_conditional,0.2,clean,transit_smooth,19,6,2,84,96,12,False,False,False,,12
42,steady_r20,regime_conditional,0.2,clean,transit_smooth,20,6,0,48,60,12,False,False,False,,12
42,steady_r20,regime_conditional,0.2,clean,transit_smooth,21,7,1,0,12,12,False,False,False,,12
42,steady_r20,regime_conditional,0.2,clean,transit_smooth,22,7,2,12,24,12,False,False,False,,12
42,steady_r20,regime_conditional,0.2,clean,transit_smooth,23,7,0,132,144,12,False,False,False,,12
42,steady_r20,regime_conditional,0.2,clean,transit_rough,24,8,0,108,120,12,False,False,False,,12
42,steady_r20,regime_conditional,0.2,clean,transit_rough,25,8,0,96,108,12,False,False,False,,12
42,steady_r20,regime_conditional,0.2,clean,transit_rough,26,8,2,36,48,12,False,False,False,,12
42,steady_r20,regime_conditional,0.2,clean,transit_rough,27,9,0,24,36,12,False,False,False,,12
42,steady_r20,regime_conditional,0.2,clean,transit_rough,28,9,2,120,132,12,False,False,False,,12
42,steady_r20,regime_conditional,0.2,clean,transit_rough,29,9,1,60,72,12,False,False,False,,12
42,steady_r20,regime_conditional,0.2,clean,transit_rough,30,10,1,60,72,12,False,False,False,,12
42,steady_r20,regime_conditional,0.2,clean,transit_rough,31,10,1,84,96,12,False,False,False,,12
42,steady_r20,regime_conditional,0.2,clean,transit_rough,32,10,2,24,36,12,False,False,False,,12
42,steady_r20,regime_conditional,0.2,clean,transit_rough,33,11,0,84,96,12,False,False,False,,12
42,steady_r20,regime_conditional,0.2,clean,transit_rough,34,11,0,144,156,12,False,False,False,,12
42,steady_r20,regime_conditional,0.2,clean,transit_rough,35,11,2,168,180,12,False,False,False,,12
42,steady_r20,regime_conditional,0.2,observed,warehouse,0,0,2,48,60,12,True,True,False,1.0,1
42,steady_r20,regime_conditional,0.2,observed,warehouse,1,0,1,0,12,12,True,True,False,4.0,4
42,steady_r20,regime_conditional,0.2,observed,warehouse,2,0,0,96,108,12,True,True,False,3.0,3
42,steady_r20,regime_conditional,0.2,observed,warehouse,3,1,0,48,60,12,True,True,False,6.0,6
42,steady_r20,regime_conditional,0.2,observed,warehouse,4,1,2,108,120,12,True,True,False,3.0,3
42,steady_r20,regime_conditional,0.2,observed,warehouse,5,1,2,156,168,12,True,True,False,2.0,2
42,steady_r20,regime_conditional,0.2,observed,warehouse,6,2,1,108,120,12,True,False,True,,12
42,steady_r20,regime_conditional,0.2,observed,warehouse,7,2,1,72,84,12,True,True,False,3.0,3
42,steady_r20,regime_conditional,0.2,observed,warehouse,8,2,0,36,48,12,True,True,False,3.0,3
42,steady_r20,regime_conditional,0.2,observed,warehouse,9,3,1,96,108,12,True,True,False,2.0,2
42,steady_r20,regime_conditional,0.2,observed,warehouse,10,3,2,36,48,12,True,True,False,1.0,1
42,steady_r20,regime_conditional,0.2,observed,warehouse,11,3,1,48,60,12,True,True,False,1.0,1
42,steady_r20,regime_conditional,0.2,observed,transit_smooth,12,4,2,24,36,12,True,True,False,1.0,1
42,steady_r20,regime_conditional,0.2,observed,transit_smooth,13,4,2,36,48,12,True,True,True,5.0,5
42,steady_r20,regime_conditional,0.2,observed,transit_smooth,14,4,0,0,12,12,True,True,False,2.0,2
42,steady_r20,regime_conditional,0.2,observed,transit_smooth,15,5,2,120,132,12,True,True,False,3.0,3
42,steady_r20,regime_conditional,0.2,observed,transit_smooth,16,5,0,84,96,12,True,True,False,3.0,3
42,steady_r20,regime_conditional,0.2,observed,transit_smooth,17,5,1,96,108,12,True,False,True,,12
42,steady_r20,regime_conditional,0.2,observed,transit_smooth,18,6,1,108,120,12,True,True,False,2.0,2
42,steady_r20,regime_conditional,0.2,observed,transit_smooth,19,6,2,84,96,12,True,True,False,1.0,1
42,steady_r20,regime_conditional,0.2,observed,transit_smooth,20,6,0,48,60,12,True,True,False,2.0,2
42,steady_r20,regime_conditional,0.2,observed,transit_smooth,21,7,1,0,12,12,True,True,False,2.0,2
42,steady_r20,regime_conditional,0.2,observed,transit_smooth,22,7,2,12,24,12,True,True,False,3.0,3
42,steady_r20,regime_conditional,0.2,observed,transit_smooth,23,7,0,132,144,12,True,True,False,1.0,1
42,steady_r20,regime_conditional,0.2,observed,transit_rough,24,8,0,108,120,12,True,False,True,,12
42,steady_r20,regime_conditional,0.2,observed,transit_rough,25,8,0,96,108,12,True,True,False,2.0,2
42,steady_r20,regime_conditional,0.2,observed,transit_rough,26,8,2,36,48,12,True,True,False,4.0,4
42,steady_r20,regime_conditional,0.2,observed,transit_rough,27,9,0,24,36,12,True,True,False,2.0,2
42,steady_r20,regime_conditional,0.2,observed,transit_rough,28,9,2,120,132,12,True,True,False,3.0,3
42,steady_r20,regime_conditional,0.2,observed,transit_rough,29,9,1,60,72,12,True,True,False,2.0,2
42,steady_r20,regime_conditional,0.2,observed,transit_rough,30,10,1,60,72,12,True,True,False,3.0,3
42,steady_r20,regime_conditional,0.2,observed,transit_rough,31,10,1,84,96,12,True,True,False,1.0,1
42,steady_r20,regime_conditional,0.2,observed,transit_rough,32,10,2,24,36,12,True,True,False,2.0,2
42,steady_r20,regime_conditional,0.2,observed,transit_rough,33,11,0,84,96,12,True,True,False,5.0,5
42,steady_r20,regime_conditional,0.2,observed,transit_rough,34,11,0,144,156,12,True,True,False,1.0,1
42,steady_r20,regime_conditional,0.2,observed,transit_rough,35,11,2,168,180,12,True,True,False,1.0,1
42,steady_k2,regime_marginal,1.0,clean,warehouse,0,0,2,48,60,12,False,False,False,,12
42,steady_k2,regime_marginal,1.0,clean,warehouse,0,0,1,48,60,12,False,False,False,,12
42,steady_k2,regime_marginal,1.0,clean,warehouse,1,0,1,0,6,6,False,False,False,,6
42,steady_k2,regime_marginal,1.0,clean,warehouse,1,0,0,0,6,6,False,False,False,,6
42,steady_k2,regime_marginal,1.0,clean,warehouse,2,1,0,48,60,12,False,False,False,,12
42,steady_k2,regime_marginal,1.0,clean,warehouse,2,1,1,48,60,12,False,False,False,,12
42,steady_k2,regime_marginal,1.0,clean,warehouse,3,1,2,108,114,6,False,False,False,,6
42,steady_k2,regime_marginal,1.0,clean,warehouse,3,1,0,108,114,6,False,False,False,,6
42,steady_k2,regime_marginal,1.0,clean,warehouse,4,2,1,108,120,12,False,False,True,,12
42,steady_k2,regime_marginal,1.0,clean,warehouse,4,2,2,108,120,12,False,False,False,,12
42,steady_k2,regime_marginal,1.0,clean,warehouse,5,2,1,72,78,6,False,False,False,,6
42,steady_k2,regime_marginal,1.0,clean,warehouse,5,2,0,72,78,6,False,False,False,,6
42,steady_k2,regime_marginal,1.0,clean,warehouse,6,3,1,96,108,12,False,False,False,,12
42,steady_k2,regime_marginal,1.0,clean,warehouse,6,3,0,96,108,12,False,False,False,,12
42,steady_k2,regime_marginal,1.0,clean,warehouse,7,3,2,36,42,6,False,False,False,,6
42,steady_k2,regime_marginal,1.0,clean,warehouse,7,3,0,36,42,6,False,False,False,,6
42,steady_k2,regime_marginal,1.0,clean,transit_smooth,8,4,2,24,36,12,False,False,False,,12
42,steady_k2,regime_marginal,1.0,clean,transit_smooth,8,4,1,24,36,12,False,False,False,,12
42,steady_k2,regime_marginal,1.0,clean,transit_smooth,9,4,2,36,42,6,False,False,False,,6
42,steady_k2,regime_marginal,1.0,clean,transit_smooth,9,4,0,36,42,6,False,False,False,,6
42,steady_k2,regime_marginal,1.0,clean,transit_smooth,10,5,2,120,132,12,False,False,False,,12
42,steady_k2,regime_marginal,1.0,clean,transit_smooth,10,5,0,120,132,12,False,False,False,,12
42,steady_k2,regime_marginal,1.0,clean,transit_smooth,11,5,0,84,90,6,False,False,False,,6
42,steady_k2,regime_marginal,1.0,clean,transit_smooth,11,5,1,84,90,6,False,False,False,,6
42,steady_k2,regime_marginal,1.0,clean,transit_smooth,12,6,1,108,120,12,False,False,False,,12
42,steady_k2,regime_marginal,1.0,clean,transit_smooth,12,6,0,108,120,12,False,False,False,,12
42,steady_k2,regime_marginal,1.0,clean,transit_smooth,13,6,2,84,90,6,False,False,False,,6
42,steady_k2,regime_marginal,1.0,clean,transit_smooth,13,6,1,84,90,6,False,False,False,,6
42,steady_k2,regime_marginal,1.0,clean,transit_smooth,14,7,1,0,12,12,False,False,False,,12
42,steady_k2,regime_marginal,1.0,clean,transit_smooth,14,7,0,0,12,12,False,False,False,,12
42,steady_k2,regime_marginal,1.0,clean,transit_smooth,15,7,2,12,18,6,False,False,False,,6
42,steady_k2,regime_marginal,1.0,clean,transit_smooth,15,7,0,12,18,6,False,False,False,,6
42,steady_k2,regime_marginal,1.0,clean,transit_rough,16,8,0,108,120,12,False,False,False,,12
42,steady_k2,regime_marginal,1.0,clean,transit_rough,16,8,2,108,120,12,False,False,False,,12
42,steady_k2,regime_marginal,1.0,clean,transit_rough,17,8,0,96,102,6,False,False,False,,6
42,steady_k2,regime_marginal,1.0,clean,transit_rough,17,8,2,96,102,6,False,False,False,,6
42,steady_k2,regime_marginal,1.0,clean,transit_rough,18,9,0,24,36,12,False,False,False,,12
42,steady_k2,regime_marginal,1.0,clean,transit_rough,18,9,1,24,36,12,False,False,False,,12
42,steady_k2,regime_marginal,1.0,clean,transit_rough,19,9,2,120,126,6,False,False,False,,6
42,steady_k2,regime_marginal,1.0,clean,transit_rough,19,9,0,120,126,6,False,False,False,,6
42,steady_k2,regime_marginal,1.0,clean,transit_rough,20,10,1,60,72,12,False,False,False,,12
42,steady_k2,regime_marginal,1.0,clean,transit_rough,20,10,0,60,72,12,False,False,False,,12
42,steady_k2,regime_marginal,1.0,clean,transit_rough,21,10,1,84,90,6,False,False,False,,6
42,steady_k2,regime_marginal,1.0,clean,transit_rough,21,10,0,84,90,6,False,False,False,,6
42,steady_k2,regime_marginal,1.0,clean,transit_rough,22,11,0,84,96,12,False,False,False,,12
42,steady_k2,regime_marginal,1.0,clean,transit_rough,22,11,1,84,96,12,False,False,False,,12
42,steady_k2,regime_marginal,1.0,clean,transit_rough,23,11,0,144,150,6,False,False,False,,6
42,steady_k2,regime_marginal,1.0,clean,transit_rough,23,11,1,144,150,6,False,False,False,,6
42,steady_k2,regime_marginal,1.0,observed,warehouse,0,0,2,48,60,12,True,True,False,0.0,0
42,steady_k2,regime_marginal,1.0,observed,warehouse,0,0,1,48,60,12,True,True,False,3.0,3
42,steady_k2,regime_marginal,1.0,observed,warehouse,1,0,1,0,6,6,True,True,False,4.0,4
42,steady_k2,regime_marginal,1.0,observed,warehouse,1,0,0,0,6,6,True,True,False,0.0,0
42,steady_k2,regime_marginal,1.0,observed,warehouse,2,1,0,48,60,12,True,True,False,6.0,6
42,steady_k2,regime_marginal,1.0,observed,warehouse,2,1,1,48,60,12,True,True,False,3.0,3
42,steady_k2,regime_marginal,1.0,observed,warehouse,3,1,2,108,114,6,True,True,False,1.0,1
42,steady_k2,regime_marginal,1.0,observed,warehouse,3,1,0,108,114,6,True,True,False,2.0,2
42,steady_k2,regime_marginal,1.0,observed,warehouse,4,2,1,108,120,12,True,True,True,1.0,1
42,steady_k2,regime_marginal,1.0,observed,warehouse,4,2,2,108,120,12,True,True,False,0.0,0
42,steady_k2,regime_marginal,1.0,observed,warehouse,5,2,1,72,78,6,True,True,False,3.0,3
42,steady_k2,regime_marginal,1.0,observed,warehouse,5,2,0,72,78,6,True,True,False,5.0,5
42,steady_k2,regime_marginal,1.0,observed,warehouse,6,3,1,96,108,12,True,True,False,1.0,1
42,steady_k2,regime_marginal,1.0,observed,warehouse,6,3,0,96,108,12,True,True,False,1.0,1
42,steady_k2,regime_marginal,1.0,observed,warehouse,7,3,2,36,42,6,True,True,False,0.0,0
42,steady_k2,regime_marginal,1.0,observed,warehouse,7,3,0,36,42,6,True,True,False,1.0,1
42,steady_k2,regime_marginal,1.0,observed,transit_smooth,8,4,2,24,36,12,True,True,False,0.0,0
42,steady_k2,regime_marginal,1.0,observed,transit_smooth,8,4,1,24,36,12,True,True,False,3.0,3
42,steady_k2,regime_marginal,1.0,observed,transit_smooth,9,4,2,36,42,6,True,True,False,5.0,5
42,steady_k2,regime_marginal,1.0,observed,transit_smooth,9,4,0,36,42,6,True,True,False,0.0,0
42,steady_k2,regime_marginal,1.0,observed,transit_smooth,10,5,2,120,132,12,True,True,False,5.0,5
42,steady_k2,regime_marginal,1.0,observed,transit_smooth,10,5,0,120,132,12,True,True,False,3.0,3
42,steady_k2,regime_marginal,1.0,observed,transit_smooth,11,5,0,84,90,6,False,False,False,,6
42,steady_k2,regime_marginal,1.0,observed,transit_smooth,11,5,1,84,90,6,True,True,False,0.0,0
42,steady_k2,regime_marginal,1.0,observed,transit_smooth,12,6,1,108,120,12,True,True,False,5.0,5
42,steady_k2,regime_marginal,1.0,observed,transit_smooth,12,6,0,108,120,12,True,True,False,7.0,7
42,steady_k2,regime_marginal,1.0,observed,transit_smooth,13,6,2,84,90,6,True,True,False,0.0,0
42,steady_k2,regime_marginal,1.0,observed,transit_smooth,13,6,1,84,90,6,True,True,False,0.0,0
42,steady_k2,regime_marginal,1.0,observed,transit_smooth,14,7,1,0,12,12,True,True,False,2.0,2
42,steady_k2,regime_marginal,1.0,observed,transit_smooth,14,7,0,0,12,12,True,True,False,0.0,0
42,steady_k2,regime_marginal,1.0,observed,transit_smooth,15,7,2,12,18,6,True,True,False,4.0,4
42,steady_k2,regime_marginal,1.0,observed,transit_smooth,15,7,0,12,18,6,True,True,False,4.0,4
42,steady_k2,regime_marginal,1.0,observed,transit_rough,16,8,0,108,120,12,True,True,False,6.0,6
42,steady_k2,regime_marginal,1.0,observed,transit_rough,16,8,2,108,120,12,True,True,False,0.0,0
42,steady_k2,regime_marginal,1.0,observed,transit_rough,17,8,0,96,102,6,True,True,False,1.0,1
42,steady_k2,regime_marginal,1.0,observed,transit_rough,17,8,2,96,102,6,True,True,False,2.0,2
42,steady_k2,regime_marginal,1.0,observed,transit_rough,18,9,0,24,36,12,True,True,False,0.0,0
42,steady_k2,regime_marginal,1.0,observed,transit_rough,18,9,1,24,36,12,False,False,False,,12
42,steady_k2,regime_marginal,1.0,observed,transit_rough,19,9,2,120,126,6,True,True,False,4.0,4
42,steady_k2,regime_marginal,1.0,observed,transit_rough,19,9,0,120,126,6,True,True,False,4.0,4
42,steady_k2,regime_marginal,1.0,observed,transit_rough,20,10,1,60,72,12,True,True,False,3.0,3
42,steady_k2,regime_marginal,1.0,observed,transit_rough,20,10,0,60,72,12,True,True,False,5.0,5
42,steady_k2,regime_marginal,1.0,observed,transit_rough,21,10,1,84,90,6,True,True,False,1.0,1
42,steady_k2,regime_marginal,1.0,observed,transit_rough,21,10,0,84,90,6,True,True,False,0.0,0
42,steady_k2,regime_marginal,1.0,observed,transit_rough,22,11,0,84,96,12,True,True,False,4.0,4
42,steady_k2,regime_marginal,1.0,observed,transit_rough,22,11,1,84,96,12,True,True,False,0.0,0
42,steady_k2,regime_marginal,1.0,observed,transit_rough,23,11,0,144,150,6,True,True,False,0.0,0
42,steady_k2,regime_marginal,1.0,observed,transit_rough,23,11,1,144,150,6,True,True,False,4.0,4
42,steady_k2,regime_marginal,0.2,clean,warehouse,0,0,2,48,60,12,False,False,False,,12
42,steady_k2,regime_marginal,0.2,clean,warehouse,0,0,1,48,60,12,False,False,False,,12
42,steady_k2,regime_marginal,0.2,clean,warehouse,1,0,1,0,6,6,False,False,False,,6
42,steady_k2,regime_marginal,0.2,clean,warehouse,1,0,0,0,6,6,False,False,False,,6
42,steady_k2,regime_marginal,0.2,clean,warehouse,2,1,0,48,60,12,True,False,True,,12
42,steady_k2,regime_marginal,0.2,clean,warehouse,2,1,1,48,60,12,True,False,True,,12
42,steady_k2,regime_marginal,0.2,clean,warehouse,3,1,2,108,114,6,False,False,False,,6
42,steady_k2,regime_marginal,0.2,clean,warehouse,3,1,0,108,114,6,False,False,False,,6
42,steady_k2,regime_marginal,0.2,clean,warehouse,4,2,1,108,120,12,False,False,True,,12
42,steady_k2,regime_marginal,0.2,clean,warehouse,4,2,2,108,120,12,False,False,False,,12
42,steady_k2,regime_marginal,0.2,clean,warehouse,5,2,1,72,78,6,False,False,False,,6
42,steady_k2,regime_marginal,0.2,clean,warehouse,5,2,0,72,78,6,False,False,False,,6
42,steady_k2,regime_marginal,0.2,clean,warehouse,6,3,1,96,108,12,False,False,False,,12
42,steady_k2,regime_marginal,0.2,clean,warehouse,6,3,0,96,108,12,False,False,False,,12
42,steady_k2,regime_marginal,0.2,clean,warehouse,7,3,2,36,42,6,False,False,False,,6
42,steady_k2,regime_marginal,0.2,clean,warehouse,7,3,0,36,42,6,False,False,False,,6
42,steady_k2,regime_marginal,0.2,clean,transit_smooth,8,4,2,24,36,12,False,False,False,,12
42,steady_k2,regime_marginal,0.2,clean,transit_smooth,8,4,1,24,36,12,False,False,False,,12
42,steady_k2,regime_marginal,0.2,clean,transit_smooth,9,4,2,36,42,6,False,False,False,,6
42,steady_k2,regime_marginal,0.2,clean,transit_smooth,9,4,0,36,42,6,False,False,False,,6
42,steady_k2,regime_marginal,0.2,clean,transit_smooth,10,5,2,120,132,12,False,False,False,,12
42,steady_k2,regime_marginal,0.2,clean,transit_smooth,10,5,0,120,132,12,False,False,False,,12
42,steady_k2,regime_marginal,0.2,clean,transit_smooth,11,5,0,84,90,6,False,False,False,,6
42,steady_k2,regime_marginal,0.2,clean,transit_smooth,11,5,1,84,90,6,False,False,False,,6
42,steady_k2,regime_marginal,0.2,clean,transit_smooth,12,6,1,108,120,12,False,False,False,,12
42,steady_k2,regime_marginal,0.2,clean,transit_smooth,12,6,0,108,120,12,False,False,False,,12
42,steady_k2,regime_marginal,0.2,clean,transit_smooth,13,6,2,84,90,6,False,False,False,,6
42,steady_k2,regime_marginal,0.2,clean,transit_smooth,13,6,1,84,90,6,False,False,False,,6
42,steady_k2,regime_marginal,0.2,clean,transit_smooth,14,7,1,0,12,12,False,False,False,,12
42,steady_k2,regime_marginal,0.2,clean,transit_smooth,14,7,0,0,12,12,False,False,False,,12
42,steady_k2,regime_marginal,0.2,clean,transit_smooth,15,7,2,12,18,6,False,False,False,,6
42,steady_k2,regime_marginal,0.2,clean,transit_smooth,15,7,0,12,18,6,False,False,False,,6
42,steady_k2,regime_marginal,0.2,clean,transit_rough,16,8,0,108,120,12,False,False,False,,12
42,steady_k2,regime_marginal,0.2,clean,transit_rough,16,8,2,108,120,12,False,False,False,,12
42,steady_k2,regime_marginal,0.2,clean,transit_rough,17,8,0,96,102,6,False,False,False,,6
42,steady_k2,regime_marginal,0.2,clean,transit_rough,17,8,2,96,102,6,False,False,False,,6
42,steady_k2,regime_marginal,0.2,clean,transit_rough,18,9,0,24,36,12,False,False,False,,12
42,steady_k2,regime_marginal,0.2,clean,transit_rough,18,9,1,24,36,12,False,False,False,,12
42,steady_k2,regime_marginal,0.2,clean,transit_rough,19,9,2,120,126,6,False,False,False,,6
42,steady_k2,regime_marginal,0.2,clean,transit_rough,19,9,0,120,126,6,False,False,False,,6
42,steady_k2,regime_marginal,0.2,clean,transit_rough,20,10,1,60,72,12,False,False,False,,12
42,steady_k2,regime_marginal,0.2,clean,transit_rough,20,10,0,60,72,12,False,False,False,,12
42,steady_k2,regime_marginal,0.2,clean,transit_rough,21,10,1,84,90,6,False,False,False,,6
42,steady_k2,regime_marginal,0.2,clean,transit_rough,21,10,0,84,90,6,False,False,False,,6
42,steady_k2,regime_marginal,0.2,clean,transit_rough,22,11,0,84,96,12,False,False,False,,12
42,steady_k2,regime_marginal,0.2,clean,transit_rough,22,11,1,84,96,12,False,False,False,,12
42,steady_k2,regime_marginal,0.2,clean,transit_rough,23,11,0,144,150,6,False,False,False,,6
42,steady_k2,regime_marginal,0.2,clean,transit_rough,23,11,1,144,150,6,False,False,False,,6
42,steady_k2,regime_marginal,0.2,observed,warehouse,0,0,2,48,60,12,True,True,False,1.0,1
42,steady_k2,regime_marginal,0.2,observed,warehouse,0,0,1,48,60,12,True,True,False,5.0,5
42,steady_k2,regime_marginal,0.2,observed,warehouse,1,0,1,0,6,6,True,True,False,5.0,5
42,steady_k2,regime_marginal,0.2,observed,warehouse,1,0,0,0,6,6,True,True,False,3.0,3
42,steady_k2,regime_marginal,0.2,observed,warehouse,2,1,0,48,60,12,True,True,True,7.0,7
42,steady_k2,regime_marginal,0.2,observed,warehouse,2,1,1,48,60,12,True,True,True,6.0,6
42,steady_k2,regime_marginal,0.2,observed,warehouse,3,1,2,108,114,6,True,True,False,3.0,3
42,steady_k2,regime_marginal,0.2,observed,warehouse,3,1,0,108,114,6,False,False,False,,6
42,steady_k2,regime_marginal,0.2,observed,warehouse,4,2,1,108,120,12,True,False,True,,12
42,steady_k2,regime_marginal,0.2,observed,warehouse,4,2,2,108,120,12,True,True,False,1.0,1
42,steady_k2,regime_marginal,0.2,observed,warehouse,5,2,1,72,78,6,True,True,False,5.0,5
42,steady_k2,regime_marginal,0.2,observed,warehouse,5,2,0,72,78,6,False,False,False,,6
42,steady_k2,regime_marginal,0.2,observed,warehouse,6,3,1,96,108,12,True,True,False,2.0,2
42,steady_k2,regime_marginal,0.2,observed,warehouse,6,3,0,96,108,12,True,True,False,1.0,1
42,steady_k2,regime_marginal,0.2,observed,warehouse,7,3,2,36,42,6,True,True,False,4.0,4
42,steady_k2,regime_marginal,0.2,observed,warehouse,7,3,0,36,42,6,True,True,False,5.0,5
42,steady_k2,regime_marginal,0.2,observed,transit_smooth,8,4,2,24,36,12,True,True,False,4.0,4
42,steady_k2,regime_marginal,0.2,observed,transit_smooth,8,4,1,24,36,12,True,True,False,4.0,4
42,steady_k2,regime_marginal,0.2,observed,transit_smooth,9,4,2,36,42,6,False,False,True,,6
42,steady_k2,regime_marginal,0.2,observed,transit_smooth,9,4,0,36,42,6,True,True,False,4.0,4
42,steady_k2,regime_marginal,0.2,observed,transit_smooth,10,5,2,120,132,12,True,True,False,5.0,5
42,steady_k2,regime_marginal,0.2,observed,transit_smooth,10,5,0,120,132,12,True,True,False,6.0,6
42,steady_k2,regime_marginal,0.2,observed,transit_smooth,11,5,0,84,90,6,False,False,False,,6
42,steady_k2,regime_marginal,0.2,observed,transit_smooth,11,5,1,84,90,6,False,False,False,,6
42,steady_k2,regime_marginal,0.2,observed,transit_smooth,12,6,1,108,120,12,True,True,False,3.0,3
42,steady_k2,regime_marginal,0.2,observed,transit_smooth,12,6,0,108,120,12,True,True,False,7.0,7
42,steady_k2,regime_marginal,0.2,observed,transit_smooth,13,6,2,84,90,6,False,False,False,,6
42,steady_k2,regime_marginal,0.2,observed,transit_smooth,13,6,1,84,90,6,True,True,False,3.0,3
42,steady_k2,regime_marginal,0.2,observed,transit_smooth,14,7,1,0,12,12,True,True,False,3.0,3
42,steady_k2,regime_marginal,0.2,observed,transit_smooth,14,7,0,0,12,12,True,True,False,3.0,3
42,steady_k2,regime_marginal,0.2,observed,transit_smooth,15,7,2,12,18,6,True,True,False,5.0,5
42,steady_k2,regime_marginal,0.2,observed,transit_smooth,15,7,0,12,18,6,True,False,True,,6
42,steady_k2,regime_marginal,0.2,observed,transit_rough,16,8,0,108,120,12,True,True,False,6.0,6
42,steady_k2,regime_marginal,0.2,observed,transit_rough,16,8,2,108,120,12,False,False,False,,12
42,steady_k2,regime_marginal,0.2,observed,transit_rough,17,8,0,96,102,6,True,True,False,5.0,5
42,steady_k2,regime_marginal,0.2,observed,transit_rough,17,8,2,96,102,6,True,True,False,4.0,4
42,steady_k2,regime_marginal,0.2,observed,transit_rough,18,9,0,24,36,12,True,True,False,4.0,4
42,steady_k2,regime_marginal,0.2,observed,transit_rough,18,9,1,24,36,12,True,True,False,8.0,8
42,steady_k2,regime_marginal,0.2,observed,transit_rough,19,9,2,120,126,6,True,True,False,4.0,4
42,steady_k2,regime_marginal,0.2,observed,transit_rough,19,9,0,120,126,6,True,True,False,5.0,5
42,steady_k2,regime_marginal,0.2,observed,transit_rough,20,10,1,60,72,12,True,True,False,5.0,5
42,steady_k2,regime_marginal,0.2,observed,transit_rough,20,10,0,60,72,12,False,False,False,,12
42,steady_k2,regime_marginal,0.2,observed,transit_rough,21,10,1,84,90,6,True,True,False,2.0,2
42,steady_k2,regime_marginal,0.2,observed,transit_rough,21,10,0,84,90,6,True,True,False,3.0,3
42,steady_k2,regime_marginal,0.2,observed,transit_rough,22,11,0,84,96,12,True,True,False,7.0,7
42,steady_k2,regime_marginal,0.2,observed,transit_rough,22,11,1,84,96,12,True,True,False,5.0,5
42,steady_k2,regime_marginal,0.2,observed,transit_rough,23,11,0,144,150,6,False,False,False,,6
42,steady_k2,regime_marginal,0.2,observed,transit_rough,23,11,1,144,150,6,True,True,False,5.0,5
42,steady_k2,regime_conditional,1.0,clean,warehouse,0,0,2,48,60,12,False,False,False,,12
42,steady_k2,regime_conditional,1.0,clean,warehouse,0,0,1,48,60,12,False,False,False,,12
42,steady_k2,regime_conditional,1.0,clean,warehouse,1,0,1,0,6,6,False,False,False,,6
42,steady_k2,regime_conditional,1.0,clean,warehouse,1,0,0,0,6,6,False,False,False,,6
42,steady_k2,regime_conditional,1.0,clean,warehouse,2,1,0,48,60,12,True,True,False,9.0,9
42,steady_k2,regime_conditional,1.0,clean,warehouse,2,1,1,48,60,12,True,True,False,9.0,9
42,steady_k2,regime_conditional,1.0,clean,warehouse,3,1,2,108,114,6,False,False,False,,6
42,steady_k2,regime_conditional,1.0,clean,warehouse,3,1,0,108,114,6,False,False,False,,6
42,steady_k2,regime_conditional,1.0,clean,warehouse,4,2,1,108,120,12,False,False,True,,12
42,steady_k2,regime_conditional,1.0,clean,warehouse,4,2,2,108,120,12,False,False,False,,12
42,steady_k2,regime_conditional,1.0,clean,warehouse,5,2,1,72,78,6,False,False,False,,6
42,steady_k2,regime_conditional,1.0,clean,warehouse,5,2,0,72,78,6,False,False,False,,6
42,steady_k2,regime_conditional,1.0,clean,warehouse,6,3,1,96,108,12,False,False,False,,12
42,steady_k2,regime_conditional,1.0,clean,warehouse,6,3,0,96,108,12,False,False,False,,12
42,steady_k2,regime_conditional,1.0,clean,warehouse,7,3,2,36,42,6,False,False,False,,6
42,steady_k2,regime_conditional,1.0,clean,warehouse,7,3,0,36,42,6,False,False,False,,6
42,steady_k2,regime_conditional,1.0,clean,transit_smooth,8,4,2,24,36,12,False,False,False,,12
42,steady_k2,regime_conditional,1.0,clean,transit_smooth,8,4,1,24,36,12,False,False,False,,12
42,steady_k2,regime_conditional,1.0,clean,transit_smooth,9,4,2,36,42,6,False,False,False,,6
42,steady_k2,regime_conditional,1.0,clean,transit_smooth,9,4,0,36,42,6,False,False,False,,6
42,steady_k2,regime_conditional,1.0,clean,transit_smooth,10,5,2,120,132,12,False,False,False,,12
42,steady_k2,regime_conditional,1.0,clean,transit_smooth,10,5,0,120,132,12,False,False,False,,12
42,steady_k2,regime_conditional,1.0,clean,transit_smooth,11,5,0,84,90,6,False,False,False,,6
42,steady_k2,regime_conditional,1.0,clean,transit_smooth,11,5,1,84,90,6,False,False,False,,6
42,steady_k2,regime_conditional,1.0,clean,transit_smooth,12,6,1,108,120,12,False,False,False,,12
42,steady_k2,regime_conditional,1.0,clean,transit_smooth,12,6,0,108,120,12,False,False,False,,12
42,steady_k2,regime_conditional,1.0,clean,transit_smooth,13,6,2,84,90,6,False,False,False,,6
42,steady_k2,regime_conditional,1.0,clean,transit_smooth,13,6,1,84,90,6,False,False,False,,6
42,steady_k2,regime_conditional,1.0,clean,transit_smooth,14,7,1,0,12,12,False,False,False,,12
42,steady_k2,regime_conditional,1.0,clean,transit_smooth,14,7,0,0,12,12,True,True,False,9.0,9
42,steady_k2,regime_conditional,1.0,clean,transit_smooth,15,7,2,12,18,6,False,False,False,,6
42,steady_k2,regime_conditional,1.0,clean,transit_smooth,15,7,0,12,18,6,False,False,False,,6
42,steady_k2,regime_conditional,1.0,clean,transit_rough,16,8,0,108,120,12,False,False,False,,12
42,steady_k2,regime_conditional,1.0,clean,transit_rough,16,8,2,108,120,12,True,True,False,4.0,4
42,steady_k2,regime_conditional,1.0,clean,transit_rough,17,8,0,96,102,6,False,False,False,,6
42,steady_k2,regime_conditional,1.0,clean,transit_rough,17,8,2,96,102,6,False,False,False,,6
42,steady_k2,regime_conditional,1.0,clean,transit_rough,18,9,0,24,36,12,False,False,False,,12
42,steady_k2,regime_conditional,1.0,clean,transit_rough,18,9,1,24,36,12,False,False,False,,12
42,steady_k2,regime_conditional,1.0,clean,transit_rough,19,9,2,120,126,6,False,False,False,,6
42,steady_k2,regime_conditional,1.0,clean,transit_rough,19,9,0,120,126,6,False,False,False,,6
42,steady_k2,regime_conditional,1.0,clean,transit_rough,20,10,1,60,72,12,True,True,False,9.0,9
42,steady_k2,regime_conditional,1.0,clean,transit_rough,20,10,0,60,72,12,False,False,False,,12
42,steady_k2,regime_conditional,1.0,clean,transit_rough,21,10,1,84,90,6,False,False,False,,6
42,steady_k2,regime_conditional,1.0,clean,transit_rough,21,10,0,84,90,6,True,True,False,5.0,5
42,steady_k2,regime_conditional,1.0,clean,transit_rough,22,11,0,84,96,12,False,False,False,,12
42,steady_k2,regime_conditional,1.0,clean,transit_rough,22,11,1,84,96,12,False,False,False,,12
42,steady_k2,regime_conditional,1.0,clean,transit_rough,23,11,0,144,150,6,False,False,False,,6
42,steady_k2,regime_conditional,1.0,clean,transit_rough,23,11,1,144,150,6,False,False,False,,6
42,steady_k2,regime_conditional,1.0,observed,warehouse,0,0,2,48,60,12,True,True,False,0.0,0
42,steady_k2,regime_conditional,1.0,observed,warehouse,0,0,1,48,60,12,True,True,False,3.0,3
42,steady_k2,regime_conditional,1.0,observed,warehouse,1,0,1,0,6,6,True,True,False,0.0,0
42,steady_k2,regime_conditional,1.0,observed,warehouse,1,0,0,0,6,6,True,True,False,0.0,0
42,steady_k2,regime_conditional,1.0,observed,warehouse,2,1,0,48,60,12,True,True,False,7.0,7
42,steady_k2,regime_conditional,1.0,observed,warehouse,2,1,1,48,60,12,True,True,False,3.0,3
42,steady_k2,regime_conditional,1.0,observed,warehouse,3,1,2,108,114,6,True,True,False,1.0,1
42,steady_k2,regime_conditional,1.0,observed,warehouse,3,1,0,108,114,6,True,True,False,1.0,1
42,steady_k2,regime_conditional,1.0,observed,warehouse,4,2,1,108,120,12,True,True,True,1.0,1
42,steady_k2,regime_conditional,1.0,observed,warehouse,4,2,2,108,120,12,True,True,False,0.0,0
42,steady_k2,regime_conditional,1.0,observed,warehouse,5,2,1,72,78,6,True,True,False,3.0,3
42,steady_k2,regime_conditional,1.0,observed,warehouse,5,2,0,72,78,6,True,True,False,5.0,5
42,steady_k2,regime_conditional,1.0,observed,warehouse,6,3,1,96,108,12,True,True,False,4.0,4
42,steady_k2,regime_conditional,1.0,observed,warehouse,6,3,0,96,108,12,True,True,False,7.0,7
42,steady_k2,regime_conditional,1.0,observed,warehouse,7,3,2,36,42,6,True,True,False,0.0,0
42,steady_k2,regime_conditional,1.0,observed,warehouse,7,3,0,36,42,6,True,True,False,2.0,2
42,steady_k2,regime_conditional,1.0,observed,transit_smooth,8,4,2,24,36,12,True,True,False,0.0,0
42,steady_k2,regime_conditional,1.0,observed,transit_smooth,8,4,1,24,36,12,True,True,False,3.0,3
42,steady_k2,regime_conditional,1.0,observed,transit_smooth,9,4,2,36,42,6,True,True,False,2.0,2
42,steady_k2,regime_conditional,1.0,observed,transit_smooth,9,4,0,36,42,6,True,True,False,0.0,0
42,steady_k2,regime_conditional,1.0,observed,transit_smooth,10,5,2,120,132,12,False,False,False,,12
42,steady_k2,regime_conditional,1.0,observed,transit_smooth,10,5,0,120,132,12,True,True,False,2.0,2
42,steady_k2,regime_conditional,1.0,observed,transit_smooth,11,5,0,84,90,6,True,True,False,3.0,3
42,steady_k2,regime_conditional,1.0,observed,transit_smooth,11,5,1,84,90,6,True,True,False,0.0,0
42,steady_k2,regime_conditional,1.0,observed,transit_smooth,12,6,1,108,120,12,False,False,False,,12
42,steady_k2,regime_conditional,1.0,observed,transit_smooth,12,6,0,108,120,12,True,True,False,7.0,7
42,steady_k2,regime_conditional,1.0,observed,transit_smooth,13,6,2,84,90,6,True,True,False,0.0,0
42,steady_k2,regime_conditional,1.0,observed,transit_smooth,13,6,1,84,90,6,True,True,False,0.0,0
42,steady_k2,regime_conditional,1.0,observed,transit_smooth,14,7,1,0,12,12,False,False,False,,12
42,steady_k2,regime_conditional,1.0,observed,transit_smooth,14,7,0,0,12,12,True,True,False,2.0,2
42,steady_k2,regime_conditional,1.0,observed,transit_smooth,15,7,2,12,18,6,False,False,False,,6
42,steady_k2,regime_conditional,1.0,observed,transit_smooth,15,7,0,12,18,6,True,True,False,1.0,1
42,steady_k2,regime_conditional,1.0,observed,transit_rough,16,8,0,108,120,12,True,True,False,0.0,0
42,steady_k2,regime_conditional,1.0,observed,transit_rough,16,8,2,108,120,12,True,True,False,0.0,0
42,steady_k2,regime_conditional,1.0,observed,transit_rough,17,8,0,96,102,6,True,True,False,0.0,0
42,steady_k2,regime_conditional,1.0,observed,transit_rough,17,8,2,96,102,6,True,True,False,4.0,4
42,steady_k2,regime_conditional,1.0,observed,transit_rough,18,9,0,24,36,12,True,True,False,0.0,0
42,steady_k2,regime_conditional,1.0,observed,transit_rough,18,9,1,24,36,12,True,True,False,0.0,0
42,steady_k2,regime_conditional,1.0,observed,transit_rough,19,9,2,120,126,6,False,False,False,,6
42,steady_k2,regime_conditional,1.0,observed,transit_rough,19,9,0,120,126,6,True,True,False,2.0,2
42,steady_k2,regime_conditional,1.0,observed,transit_rough,20,10,1,60,72,12,True,True,False,3.0,3
42,steady_k2,regime_conditional,1.0,observed,transit_rough,20,10,0,60,72,12,True,True,False,4.0,4
42,steady_k2,regime_conditional,1.0,observed,transit_rough,21,10,1,84,90,6,True,True,False,1.0,1
42,steady_k2,regime_conditional,1.0,observed,transit_rough,21,10,0,84,90,6,True,True,False,0.0,0
42,steady_k2,regime_conditional,1.0,observed,transit_rough,22,11,0,84,96,12,True,True,False,5.0,5
42,steady_k2,regime_conditional,1.0,observed,transit_rough,22,11,1,84,96,12,True,True,False,0.0,0
42,steady_k2,regime_conditional,1.0,observed,transit_rough,23,11,0,144,150,6,True,True,False,0.0,0
42,steady_k2,regime_conditional,1.0,observed,transit_rough,23,11,1,144,150,6,True,True,False,0.0,0
42,steady_k2,regime_conditional,0.2,clean,warehouse,0,0,2,48,60,12,False,False,False,,12
42,steady_k2,regime_conditional,0.2,clean,warehouse,0,0,1,48,60,12,False,False,False,,12
42,steady_k2,regime_conditional,0.2,clean,warehouse,1,0,1,0,6,6,False,False,False,,6
42,steady_k2,regime_conditional,0.2,clean,warehouse,1,0,0,0,6,6,False,False,False,,6
42,steady_k2,regime_conditional,0.2,clean,warehouse,2,1,0,48,60,12,False,False,False,,12
42,steady_k2,regime_conditional,0.2,clean,warehouse,2,1,1,48,60,12,False,False,False,,12
42,steady_k2,regime_conditional,0.2,clean,warehouse,3,1,2,108,114,6,False,False,False,,6
42,steady_k2,regime_conditional,0.2,clean,warehouse,3,1,0,108,114,6,False,False,False,,6
42,steady_k2,regime_conditional,0.2,clean,warehouse,4,2,1,108,120,12,False,False,True,,12
42,steady_k2,regime_conditional,0.2,clean,warehouse,4,2,2,108,120,12,False,False,False,,12
42,steady_k2,regime_conditional,0.2,clean,warehouse,5,2,1,72,78,6,False,False,False,,6
42,steady_k2,regime_conditional,0.2,clean,warehouse,5,2,0,72,78,6,False,False,False,,6
42,steady_k2,regime_conditional,0.2,clean,warehouse,6,3,1,96,108,12,False,False,False,,12
42,steady_k2,regime_conditional,0.2,clean,warehouse,6,3,0,96,108,12,False,False,False,,12
42,steady_k2,regime_conditional,0.2,clean,warehouse,7,3,2,36,42,6,False,False,False,,6
42,steady_k2,regime_conditional,0.2,clean,warehouse,7,3,0,36,42,6,False,False,False,,6
42,steady_k2,regime_conditional,0.2,clean,transit_smooth,8,4,2,24,36,12,False,False,False,,12
42,steady_k2,regime_conditional,0.2,clean,transit_smooth,8,4,1,24,36,12,False,False,False,,12
42,steady_k2,regime_conditional,0.2,clean,transit_smooth,9,4,2,36,42,6,False,False,False,,6
42,steady_k2,regime_conditional,0.2,clean,transit_smooth,9,4,0,36,42,6,False,False,False,,6
42,steady_k2,regime_conditional,0.2,clean,transit_smooth,10,5,2,120,132,12,False,False,False,,12
42,steady_k2,regime_conditional,0.2,clean,transit_smooth,10,5,0,120,132,12,False,False,False,,12
42,steady_k2,regime_conditional,0.2,clean,transit_smooth,11,5,0,84,90,6,False,False,False,,6
42,steady_k2,regime_conditional,0.2,clean,transit_smooth,11,5,1,84,90,6,False,False,False,,6
42,steady_k2,regime_conditional,0.2,clean,transit_smooth,12,6,1,108,120,12,False,False,False,,12
42,steady_k2,regime_conditional,0.2,clean,transit_smooth,12,6,0,108,120,12,False,False,False,,12
42,steady_k2,regime_conditional,0.2,clean,transit_smooth,13,6,2,84,90,6,False,False,False,,6
42,steady_k2,regime_conditional,0.2,clean,transit_smooth,13,6,1,84,90,6,False,False,False,,6
42,steady_k2,regime_conditional,0.2,clean,transit_smooth,14,7,1,0,12,12,False,False,False,,12
42,steady_k2,regime_conditional,0.2,clean,transit_smooth,14,7,0,0,12,12,False,False,False,,12
42,steady_k2,regime_conditional,0.2,clean,transit_smooth,15,7,2,12,18,6,False,False,False,,6
42,steady_k2,regime_conditional,0.2,clean,transit_smooth,15,7,0,12,18,6,False,False,False,,6
42,steady_k2,regime_conditional,0.2,clean,transit_rough,16,8,0,108,120,12,False,False,False,,12
42,steady_k2,regime_conditional,0.2,clean,transit_rough,16,8,2,108,120,12,False,False,False,,12
42,steady_k2,regime_conditional,0.2,clean,transit_rough,17,8,0,96,102,6,False,False,False,,6
42,steady_k2,regime_conditional,0.2,clean,transit_rough,17,8,2,96,102,6,False,False,False,,6
42,steady_k2,regime_conditional,0.2,clean,transit_rough,18,9,0,24,36,12,False,False,False,,12
42,steady_k2,regime_conditional,0.2,clean,transit_rough,18,9,1,24,36,12,False,False,False,,12
42,steady_k2,regime_conditional,0.2,clean,transit_rough,19,9,2,120,126,6,False,False,False,,6
42,steady_k2,regime_conditional,0.2,clean,transit_rough,19,9,0,120,126,6,False,False,False,,6
42,steady_k2,regime_conditional,0.2,clean,transit_rough,20,10,1,60,72,12,False,False,False,,12
42,steady_k2,regime_conditional,0.2,clean,transit_rough,20,10,0,60,72,12,False,False,False,,12
42,steady_k2,regime_conditional,0.2,clean,transit_rough,21,10,1,84,90,6,False,False,False,,6
42,steady_k2,regime_conditional,0.2,clean,transit_rough,21,10,0,84,90,6,False,False,False,,6
42,steady_k2,regime_conditional,0.2,clean,transit_rough,22,11,0,84,96,12,False,False,False,,12
42,steady_k2,regime_conditional,0.2,clean,transit_rough,22,11,1,84,96,12,False,False,False,,12
42,steady_k2,regime_conditional,0.2,clean,transit_rough,23,11,0,144,150,6,False,False,False,,6
42,steady_k2,regime_conditional,0.2,clean,transit_rough,23,11,1,144,150,6,False,False,False,,6
42,steady_k2,regime_conditional,0.2,observed,warehouse,0,0,2,48,60,12,True,True,False,1.0,1
42,steady_k2,regime_conditional,0.2,observed,warehouse,0,0,1,48,60,12,True,True,False,3.0,3
42,steady_k2,regime_conditional,0.2,observed,warehouse,1,0,1,0,6,6,True,True,False,1.0,1
42,steady_k2,regime_conditional,0.2,observed,warehouse,1,0,0,0,6,6,True,True,False,1.0,1
42,steady_k2,regime_conditional,0.2,observed,warehouse,2,1,0,48,60,12,True,True,False,7.0,7
42,steady_k2,regime_conditional,0.2,observed,warehouse,2,1,1,48,60,12,True,True,False,7.0,7
42,steady_k2,regime_conditional,0.2,observed,warehouse,3,1,2,108,114,6,True,True,False,2.0,2
42,steady_k2,regime_conditional,0.2,observed,warehouse,3,1,0,108,114,6,True,True,False,2.0,2
42,steady_k2,regime_conditional,0.2,observed,warehouse,4,2,1,108,120,12,True,False,True,,12
42,steady_k2,regime_conditional,0.2,observed,warehouse,4,2,2,108,120,12,True,True,False,2.0,2
42,steady_k2,regime_conditional,0.2,observed,warehouse,5,2,1,72,78,6,True,True,False,4.0,4
42,steady_k2,regime_conditional,0.2,observed,warehouse,5,2,0,72,78,6,False,False,False,,6
42,steady_k2,regime_conditional,0.2,observed,warehouse,6,3,1,96,108,12,True,True,False,4.0,4
42,steady_k2,regime_conditional,0.2,observed,warehouse,6,3,0,96,108,12,True,True,False,2.0,2
42,steady_k2,regime_conditional,0.2,observed,warehouse,7,3,2,36,42,6,True,True,False,5.0,5
42,steady_k2,regime_conditional,0.2,observed,warehouse,7,3,0,36,42,6,True,True,False,4.0,4
42,steady_k2,regime_conditional,0.2,observed,transit_smooth,8,4,2,24,36,12,True,True,False,2.0,2
42,steady_k2,regime_conditional,0.2,observed,transit_smooth,8,4,1,24,36,12,True,True,False,3.0,3
42,steady_k2,regime_conditional,0.2,observed,transit_smooth,9,4,2,36,42,6,True,True,True,4.0,4
42,steady_k2,regime_conditional,0.2,observed,transit_smooth,9,4,0,36,42,6,True,True,True,3.0,3
42,steady_k2,regime_conditional,0.2,observed,transit_smooth,10,5,2,120,132,12,True,True,False,5.0,5
42,steady_k2,regime_conditional,0.2,observed,transit_smooth,10,5,0,120,132,12,True,True,False,3.0,3
42,steady_k2,regime_conditional,0.2,observed,transit_smooth,11,5,0,84,90,6,False,False,False,,6
42,steady_k2,regime_conditional,0.2,observed,transit_smooth,11,5,1,84,90,6,True,True,False,4.0,4
42,steady_k2,regime_conditional,0.2,observed,transit_smooth,12,6,1,108,120,12,True,True,False,4.0,4
42,steady_k2,regime_conditional,0.2,observed,transit_smooth,12,6,0,108,120,12,True,True,False,8.0,8
42,steady_k2,regime_conditional,0.2,observed,transit_smooth,13,6,2,84,90,6,True,True,False,1.0,1
42,steady_k2,regime_conditional,0.2,observed,transit_smooth,13,6,1,84,90,6,True,True,False,0.0,0
42,steady_k2,regime_conditional,0.2,observed,transit_smooth,14,7,1,0,12,12,True,True,False,6.0,6
42,steady_k2,regime_conditional,0.2,observed,transit_smooth,14,7,0,0,12,12,True,True,False,3.0,3
42,steady_k2,regime_conditional,0.2,observed,transit_smooth,15,7,2,12,18,6,True,True,False,3.0,3
42,steady_k2,regime_conditional,0.2,observed,transit_smooth,15,7,0,12,18,6,True,False,True,,6
42,steady_k2,regime_conditional,0.2,observed,transit_rough,16,8,0,108,120,12,True,True,False,1.0,1
42,steady_k2,regime_conditional,0.2,observed,transit_rough,16,8,2,108,120,12,True,True,False,2.0,2
42,steady_k2,regime_conditional,0.2,observed,transit_rough,17,8,0,96,102,6,True,True,False,3.0,3
42,steady_k2,regime_conditional,0.2,observed,transit_rough,17,8,2,96,102,6,True,True,False,4.0,4
42,steady_k2,regime_conditional,0.2,observed,transit_rough,18,9,0,24,36,12,True,True,False,1.0,1
42,steady_k2,regime_conditional,0.2,observed,transit_rough,18,9,1,24,36,12,True,True,False,0.0,0
42,steady_k2,regime_conditional,0.2,observed,transit_rough,19,9,2,120,126,6,True,True,False,4.0,4
42,steady_k2,regime_conditional,0.2,observed,transit_rough,19,9,0,120,126,6,True,True,False,4.0,4
42,steady_k2,regime_conditional,0.2,observed,transit_rough,20,10,1,60,72,12,True,True,False,3.0,3
42,steady_k2,regime_conditional,0.2,observed,transit_rough,20,10,0,60,72,12,False,False,False,,12
42,steady_k2,regime_conditional,0.2,observed,transit_rough,21,10,1,84,90,6,True,True,False,2.0,2
42,steady_k2,regime_conditional,0.2,observed,transit_rough,21,10,0,84,90,6,True,True,False,5.0,5
42,steady_k2,regime_conditional,0.2,observed,transit_rough,22,11,0,84,96,12,True,True,False,6.0,6
42,steady_k2,regime_conditional,0.2,observed,transit_rough,22,11,1,84,96,12,True,True,False,2.0,2
42,steady_k2,regime_conditional,0.2,observed,transit_rough,23,11,0,144,150,6,True,True,False,0.0,0
42,steady_k2,regime_conditional,0.2,observed,transit_rough,23,11,1,144,150,6,True,True,False,1.0,1
42,switch_d0,regime_marginal,1.0,clean,warehouse,0,0,2,48,60,12,False,False,False,,12
42,switch_d0,regime_marginal,1.0,clean,warehouse,1,0,1,0,6,6,False,False,False,,6
42,switch_d0,regime_marginal,1.0,clean,warehouse,2,1,0,48,60,12,False,False,False,,12
42,switch_d0,regime_marginal,1.0,clean,transit_smooth,3,1,2,108,114,6,False,False,False,,6
42,switch_d0,regime_marginal,1.0,clean,transit_smooth,4,2,1,108,120,12,False,False,False,,12
42,switch_d0,regime_marginal,1.0,clean,transit_smooth,5,2,1,72,78,6,False,False,False,,6
42,switch_d0,regime_marginal,1.0,clean,transit_smooth,6,3,1,96,108,12,False,False,False,,12
42,switch_d0,regime_marginal,1.0,clean,warehouse,7,3,2,36,42,6,False,False,False,,6
42,switch_d0,regime_marginal,1.0,clean,transit_smooth,8,4,2,24,36,12,False,False,False,,12
42,switch_d0,regime_marginal,1.0,clean,transit_smooth,9,4,2,36,42,6,False,False,False,,6
42,switch_d0,regime_marginal,1.0,clean,warehouse,10,5,2,120,132,12,False,False,False,,12
42,switch_d0,regime_marginal,1.0,clean,transit_rough,11,5,0,84,90,6,False,False,False,,6
42,switch_d0,regime_marginal,1.0,clean,transit_rough,12,6,1,108,120,12,False,False,False,,12
42,switch_d0,regime_marginal,1.0,clean,transit_rough,13,6,2,84,90,6,False,False,False,,6
42,switch_d0,regime_marginal,1.0,clean,transit_smooth,14,7,1,0,12,12,False,False,False,,12
42,switch_d0,regime_marginal,1.0,clean,transit_smooth,15,7,2,12,18,6,False,False,False,,6
42,switch_d0,regime_marginal,1.0,clean,warehouse,16,8,0,108,120,12,False,False,False,,12
42,switch_d0,regime_marginal,1.0,clean,warehouse,17,8,0,96,102,6,False,False,False,,6
42,switch_d0,regime_marginal,1.0,clean,transit_rough,18,9,0,24,36,12,False,False,False,,12
42,switch_d0,regime_marginal,1.0,clean,transit_smooth,19,9,2,120,126,6,False,False,False,,6
42,switch_d0,regime_marginal,1.0,clean,warehouse,20,10,1,60,72,12,False,False,False,,12
42,switch_d0,regime_marginal,1.0,clean,warehouse,21,10,1,84,90,6,False,False,False,,6
42,switch_d0,regime_marginal,1.0,clean,warehouse,22,11,0,84,96,12,False,False,False,,12
42,switch_d0,regime_marginal,1.0,clean,transit_smooth,23,11,0,144,150,6,False,False,False,,6
42,switch_d0,regime_marginal,1.0,observed,warehouse,0,0,2,48,60,12,True,True,False,0.0,0
42,switch_d0,regime_marginal,1.0,observed,warehouse,1,0,1,0,6,6,True,True,False,4.0,4
42,switch_d0,regime_marginal,1.0,observed,warehouse,2,1,0,48,60,12,True,True,False,6.0,6
42,switch_d0,regime_marginal,1.0,observed,transit_smooth,3,1,2,108,114,6,True,True,False,1.0,1
42,switch_d0,regime_marginal,1.0,observed,transit_smooth,4,2,1,108,120,12,True,True,False,1.0,1
42,switch_d0,regime_marginal,1.0,observed,transit_smooth,5,2,1,72,78,6,True,True,False,3.0,3
42,switch_d0,regime_marginal,1.0,observed,transit_smooth,6,3,1,96,108,12,True,True,False,1.0,1
42,switch_d0,regime_marginal,1.0,observed,warehouse,7,3,2,36,42,6,True,True,False,0.0,0
42,switch_d0,regime_marginal,1.0,observed,transit_smooth,8,4,2,24,36,12,True,True,False,0.0,0
42,switch_d0,regime_marginal,1.0,observed,transit_smooth,9,4,2,36,42,6,True,True,False,5.0,5
42,switch_d0,regime_marginal,1.0,observed,warehouse,10,5,2,120,132,12,False,False,False,,12
42,switch_d0,regime_marginal,1.0,observed,transit_rough,11,5,0,84,90,6,False,False,False,,6
42,switch_d0,regime_marginal,1.0,observed,transit_rough,12,6,1,108,120,12,True,True,False,0.0,0
42,switch_d0,regime_marginal,1.0,observed,transit_rough,13,6,2,84,90,6,True,True,False,0.0,0
42,switch_d0,regime_marginal,1.0,observed,transit_smooth,14,7,1,0,12,12,True,True,False,2.0,2
42,switch_d0,regime_marginal,1.0,observed,transit_smooth,15,7,2,12,18,6,True,True,False,4.0,4
42,switch_d0,regime_marginal,1.0,observed,warehouse,16,8,0,108,120,12,True,True,False,1.0,1
42,switch_d0,regime_marginal,1.0,observed,warehouse,17,8,0,96,102,6,True,True,False,1.0,1
42,switch_d0,regime_marginal,1.0,observed,transit_rough,18,9,0,24,36,12,True,True,False,0.0,0
42,switch_d0,regime_marginal,1.0,observed,transit_smooth,19,9,2,120,126,6,True,True,False,4.0,4
42,switch_d0,regime_marginal,1.0,observed,warehouse,20,10,1,60,72,12,True,True,False,3.0,3
42,switch_d0,regime_marginal,1.0,observed,warehouse,21,10,1,84,90,6,True,True,False,1.0,1
42,switch_d0,regime_marginal,1.0,observed,warehouse,22,11,0,84,96,12,True,True,False,4.0,4
42,switch_d0,regime_marginal,1.0,observed,transit_smooth,23,11,0,144,150,6,True,True,False,0.0,0
42,switch_d0,regime_marginal,0.2,clean,warehouse,0,0,2,48,60,12,False,False,False,,12
42,switch_d0,regime_marginal,0.2,clean,warehouse,1,0,1,0,6,6,False,False,False,,6
42,switch_d0,regime_marginal,0.2,clean,warehouse,2,1,0,48,60,12,True,False,True,,12
42,switch_d0,regime_marginal,0.2,clean,transit_smooth,3,1,2,108,114,6,False,False,False,,6
42,switch_d0,regime_marginal,0.2,clean,transit_smooth,4,2,1,108,120,12,False,False,False,,12
42,switch_d0,regime_marginal,0.2,clean,transit_smooth,5,2,1,72,78,6,False,False,False,,6
42,switch_d0,regime_marginal,0.2,clean,transit_smooth,6,3,1,96,108,12,False,False,False,,12
42,switch_d0,regime_marginal,0.2,clean,warehouse,7,3,2,36,42,6,False,False,False,,6
42,switch_d0,regime_marginal,0.2,clean,transit_smooth,8,4,2,24,36,12,False,False,False,,12
42,switch_d0,regime_marginal,0.2,clean,transit_smooth,9,4,2,36,42,6,False,False,False,,6
42,switch_d0,regime_marginal,0.2,clean,warehouse,10,5,2,120,132,12,False,False,False,,12
42,switch_d0,regime_marginal,0.2,clean,transit_rough,11,5,0,84,90,6,False,False,False,,6
42,switch_d0,regime_marginal,0.2,clean,transit_rough,12,6,1,108,120,12,False,False,False,,12
42,switch_d0,regime_marginal,0.2,clean,transit_rough,13,6,2,84,90,6,False,False,False,,6
42,switch_d0,regime_marginal,0.2,clean,transit_smooth,14,7,1,0,12,12,False,False,False,,12
42,switch_d0,regime_marginal,0.2,clean,transit_smooth,15,7,2,12,18,6,False,False,False,,6
42,switch_d0,regime_marginal,0.2,clean,warehouse,16,8,0,108,120,12,False,False,False,,12
42,switch_d0,regime_marginal,0.2,clean,warehouse,17,8,0,96,102,6,False,False,False,,6
42,switch_d0,regime_marginal,0.2,clean,transit_rough,18,9,0,24,36,12,False,False,False,,12
42,switch_d0,regime_marginal,0.2,clean,transit_smooth,19,9,2,120,126,6,False,False,False,,6
42,switch_d0,regime_marginal,0.2,clean,warehouse,20,10,1,60,72,12,False,False,False,,12
42,switch_d0,regime_marginal,0.2,clean,warehouse,21,10,1,84,90,6,False,False,False,,6
42,switch_d0,regime_marginal,0.2,clean,warehouse,22,11,0,84,96,12,False,False,False,,12
42,switch_d0,regime_marginal,0.2,clean,transit_smooth,23,11,0,144,150,6,False,False,False,,6
42,switch_d0,regime_marginal,0.2,observed,warehouse,0,0,2,48,60,12,True,True,False,1.0,1
42,switch_d0,regime_marginal,0.2,observed,warehouse,1,0,1,0,6,6,True,True,False,5.0,5
42,switch_d0,regime_marginal,0.2,observed,warehouse,2,1,0,48,60,12,True,True,True,7.0,7
42,switch_d0,regime_marginal,0.2,observed,transit_smooth,3,1,2,108,114,6,False,False,False,,6
42,switch_d0,regime_marginal,0.2,observed,transit_smooth,4,2,1,108,120,12,True,True,False,0.0,0
42,switch_d0,regime_marginal,0.2,observed,transit_smooth,5,2,1,72,78,6,False,False,False,,6
42,switch_d0,regime_marginal,0.2,observed,transit_smooth,6,3,1,96,108,12,True,True,False,3.0,3
42,switch_d0,regime_marginal,0.2,observed,warehouse,7,3,2,36,42,6,True,True,False,4.0,4
42,switch_d0,regime_marginal,0.2,observed,transit_smooth,8,4,2,24,36,12,True,True,False,4.0,4
42,switch_d0,regime_marginal,0.2,observed,transit_smooth,9,4,2,36,42,6,False,False,True,,6
42,switch_d0,regime_marginal,0.2,observed,warehouse,10,5,2,120,132,12,True,True,False,4.0,4
42,switch_d0,regime_marginal,0.2,observed,transit_rough,11,5,0,84,90,6,False,False,False,,6
42,switch_d0,regime_marginal,0.2,observed,transit_rough,12,6,1,108,120,12,True,True,False,4.0,4
42,switch_d0,regime_marginal,0.2,observed,transit_rough,13,6,2,84,90,6,False,False,False,,6
42,switch_d0,regime_marginal,0.2,observed,transit_smooth,14,7,1,0,12,12,True,True,False,3.0,3
42,switch_d0,regime_marginal,0.2,observed,transit_smooth,15,7,2,12,18,6,True,True,False,5.0,5
42,switch_d0,regime_marginal,0.2,observed,warehouse,16,8,0,108,120,12,True,True,False,6.0,6
42,switch_d0,regime_marginal,0.2,observed,warehouse,17,8,0,96,102,6,True,True,False,4.0,4
42,switch_d0,regime_marginal,0.2,observed,transit_rough,18,9,0,24,36,12,True,True,False,4.0,4
42,switch_d0,regime_marginal,0.2,observed,transit_smooth,19,9,2,120,126,6,False,False,False,,6
42,switch_d0,regime_marginal,0.2,observed,warehouse,20,10,1,60,72,12,True,True,False,3.0,3
42,switch_d0,regime_marginal,0.2,observed,warehouse,21,10,1,84,90,6,True,True,False,1.0,1
42,switch_d0,regime_marginal,0.2,observed,warehouse,22,11,0,84,96,12,True,True,False,6.0,6
42,switch_d0,regime_marginal,0.2,observed,transit_smooth,23,11,0,144,150,6,True,True,False,3.0,3
42,switch_d0,regime_conditional,1.0,clean,warehouse,0,0,2,48,60,12,False,False,False,,12
42,switch_d0,regime_conditional,1.0,clean,warehouse,1,0,1,0,6,6,False,False,False,,6
42,switch_d0,regime_conditional,1.0,clean,warehouse,2,1,0,48,60,12,True,True,False,9.0,9
42,switch_d0,regime_conditional,1.0,clean,transit_smooth,3,1,2,108,114,6,False,False,False,,6
42,switch_d0,regime_conditional,1.0,clean,transit_smooth,4,2,1,108,120,12,False,False,True,,12
42,switch_d0,regime_conditional,1.0,clean,transit_smooth,5,2,1,72,78,6,False,False,False,,6
42,switch_d0,regime_conditional,1.0,clean,transit_smooth,6,3,1,96,108,12,False,False,False,,12
42,switch_d0,regime_conditional,1.0,clean,warehouse,7,3,2,36,42,6,False,False,False,,6
42,switch_d0,regime_conditional,1.0,clean,transit_smooth,8,4,2,24,36,12,False,False,False,,12
42,switch_d0,regime_conditional,1.0,clean,transit_smooth,9,4,2,36,42,6,False,False,False,,6
42,switch_d0,regime_conditional,1.0,clean,warehouse,10,5,2,120,132,12,False,False,False,,12
42,switch_d0,regime_conditional,1.0,clean,transit_rough,11,5,0,84,90,6,False,False,False,,6
42,switch_d0,regime_conditional,1.0,clean,transit_rough,12,6,1,108,120,12,False,False,False,,12
42,switch_d0,regime_conditional,1.0,clean,transit_rough,13,6,2,84,90,6,False,False,False,,6
42,switch_d0,regime_conditional,1.0,clean,transit_smooth,14,7,1,0,12,12,False,False,False,,12
42,switch_d0,regime_conditional,1.0,clean,transit_smooth,15,7,2,12,18,6,False,False,False,,6
42,switch_d0,regime_conditional,1.0,clean,warehouse,16,8,0,108,120,12,False,False,False,,12
42,switch_d0,regime_conditional,1.0,clean,warehouse,17,8,0,96,102,6,False,False,False,,6
42,switch_d0,regime_conditional,1.0,clean,transit_rough,18,9,0,24,36,12,False,False,False,,12
42,switch_d0,regime_conditional,1.0,clean,transit_smooth,19,9,2,120,126,6,False,False,False,,6
42,switch_d0,regime_conditional,1.0,clean,warehouse,20,10,1,60,72,12,True,True,False,9.0,9
42,switch_d0,regime_conditional,1.0,clean,warehouse,21,10,1,84,90,6,False,False,False,,6
42,switch_d0,regime_conditional,1.0,clean,warehouse,22,11,0,84,96,12,False,False,False,,12
42,switch_d0,regime_conditional,1.0,clean,transit_smooth,23,11,0,144,150,6,False,False,False,,6
42,switch_d0,regime_conditional,1.0,observed,warehouse,0,0,2,48,60,12,True,True,False,0.0,0
42,switch_d0,regime_conditional,1.0,observed,warehouse,1,0,1,0,6,6,True,True,False,4.0,4
42,switch_d0,regime_conditional,1.0,observed,warehouse,2,1,0,48,60,12,True,True,False,4.0,4
42,switch_d0,regime_conditional,1.0,observed,transit_smooth,3,1,2,108,114,6,True,True,False,1.0,1
42,switch_d0,regime_conditional,1.0,observed,transit_smooth,4,2,1,108,120,12,True,True,True,1.0,1
42,switch_d0,regime_conditional,1.0,observed,transit_smooth,5,2,1,72,78,6,True,True,False,3.0,3
42,switch_d0,regime_conditional,1.0,observed,transit_smooth,6,3,1,96,108,12,True,True,False,1.0,1
42,switch_d0,regime_conditional,1.0,observed,warehouse,7,3,2,36,42,6,True,True,False,0.0,0
42,switch_d0,regime_conditional,1.0,observed,transit_smooth,8,4,2,24,36,12,True,True,False,0.0,0
42,switch_d0,regime_conditional,1.0,observed,transit_smooth,9,4,2,36,42,6,True,True,False,5.0,5
42,switch_d0,regime_conditional,1.0,observed,warehouse,10,5,2,120,132,12,False,False,False,,12
42,switch_d0,regime_conditional,1.0,observed,transit_rough,11,5,0,84,90,6,True,True,False,3.0,3
42,switch_d0,regime_conditional,1.0,observed,transit_rough,12,6,1,108,120,12,True,True,False,0.0,0
42,switch_d0,regime_conditional,1.0,observed,transit_rough,13,6,2,84,90,6,True,True,False,0.0,0
42,switch_d0,regime_conditional,1.0,observed,transit_smooth,14,7,1,0,12,12,True,True,False,3.0,3
42,switch_d0,regime_conditional,1.0,observed,transit_smooth,15,7,2,12,18,6,True,True,False,4.0,4
42,switch_d0,regime_conditional,1.0,observed,warehouse,16,8,0,108,120,12,True,True,False,0.0,0
42,switch_d0,regime_conditional,1.0,observed,warehouse,17,8,0,96,102,6,True,True,False,0.0,0
42,switch_d0,regime_conditional,1.0,observed,transit_rough,18,9,0,24,36,12,True,True,False,0.0,0
42,switch_d0,regime_conditional,1.0,observed,transit_smooth,19,9,2,120,126,6,True,True,False,3.0,3
42,switch_d0,regime_conditional,1.0,observed,warehouse,20,10,1,60,72,12,True,True,False,3.0,3
42,switch_d0,regime_conditional,1.0,observed,warehouse,21,10,1,84,90,6,True,True,False,1.0,1
42,switch_d0,regime_conditional,1.0,observed,warehouse,22,11,0,84,96,12,True,True,False,4.0,4
42,switch_d0,regime_conditional,1.0,observed,transit_smooth,23,11,0,144,150,6,True,True,False,0.0,0
42,switch_d0,regime_conditional,0.2,clean,warehouse,0,0,2,48,60,12,False,False,False,,12
42,switch_d0,regime_conditional,0.2,clean,warehouse,1,0,1,0,6,6,False,False,False,,6
42,switch_d0,regime_conditional,0.2,clean,warehouse,2,1,0,48,60,12,False,False,False,,12
42,switch_d0,regime_conditional,0.2,clean,transit_smooth,3,1,2,108,114,6,False,False,False,,6
42,switch_d0,regime_conditional,0.2,clean,transit_smooth,4,2,1,108,120,12,False,False,True,,12
42,switch_d0,regime_conditional,0.2,clean,transit_smooth,5,2,1,72,78,6,False,False,False,,6
42,switch_d0,regime_conditional,0.2,clean,transit_smooth,6,3,1,96,108,12,False,False,False,,12
42,switch_d0,regime_conditional,0.2,clean,warehouse,7,3,2,36,42,6,False,False,False,,6
42,switch_d0,regime_conditional,0.2,clean,transit_smooth,8,4,2,24,36,12,False,False,False,,12
42,switch_d0,regime_conditional,0.2,clean,transit_smooth,9,4,2,36,42,6,False,False,False,,6
42,switch_d0,regime_conditional,0.2,clean,warehouse,10,5,2,120,132,12,False,False,False,,12
42,switch_d0,regime_conditional,0.2,clean,transit_rough,11,5,0,84,90,6,False,False,False,,6
42,switch_d0,regime_conditional,0.2,clean,transit_rough,12,6,1,108,120,12,False,False,False,,12
42,switch_d0,regime_conditional,0.2,clean,transit_rough,13,6,2,84,90,6,False,False,False,,6
42,switch_d0,regime_conditional,0.2,clean,transit_smooth,14,7,1,0,12,12,False,False,False,,12
42,switch_d0,regime_conditional,0.2,clean,transit_smooth,15,7,2,12,18,6,False,False,False,,6
42,switch_d0,regime_conditional,0.2,clean,warehouse,16,8,0,108,120,12,False,False,False,,12
42,switch_d0,regime_conditional,0.2,clean,warehouse,17,8,0,96,102,6,False,False,False,,6
42,switch_d0,regime_conditional,0.2,clean,transit_rough,18,9,0,24,36,12,False,False,False,,12
42,switch_d0,regime_conditional,0.2,clean,transit_smooth,19,9,2,120,126,6,False,False,False,,6
42,switch_d0,regime_conditional,0.2,clean,warehouse,20,10,1,60,72,12,False,False,False,,12
42,switch_d0,regime_conditional,0.2,clean,warehouse,21,10,1,84,90,6,False,False,False,,6
42,switch_d0,regime_conditional,0.2,clean,warehouse,22,11,0,84,96,12,False,False,False,,12
42,switch_d0,regime_conditional,0.2,clean,transit_smooth,23,11,0,144,150,6,False,False,False,,6
42,switch_d0,regime_conditional,0.2,observed,warehouse,0,0,2,48,60,12,True,True,False,1.0,1
42,switch_d0,regime_conditional,0.2,observed,warehouse,1,0,1,0,6,6,True,True,False,4.0,4
42,switch_d0,regime_conditional,0.2,observed,warehouse,2,1,0,48,60,12,True,True,False,6.0,6
42,switch_d0,regime_conditional,0.2,observed,transit_smooth,3,1,2,108,114,6,True,True,False,3.0,3
42,switch_d0,regime_conditional,0.2,observed,transit_smooth,4,2,1,108,120,12,True,False,True,,12
42,switch_d0,regime_conditional,0.2,observed,transit_smooth,5,2,1,72,78,6,True,True,False,3.0,3
42,switch_d0,regime_conditional,0.2,observed,transit_smooth,6,3,1,96,108,12,True,True,False,2.0,2
42,switch_d0,regime_conditional,0.2,observed,warehouse,7,3,2,36,42,6,True,True,False,1.0,1
42,switch_d0,regime_conditional,0.2,observed,transit_smooth,8,4,2,24,36,12,True,True,False,1.0,1
42,switch_d0,regime_conditional,0.2,observed,transit_smooth,9,4,2,36,42,6,True,True,True,5.0,5
42,switch_d0,regime_conditional,0.2,observed,warehouse,10,5,2,120,132,12,True,True,False,3.0,3
42,switch_d0,regime_conditional,0.2,observed,transit_rough,11,5,0,84,90,6,False,False,False,,6
42,switch_d0,regime_conditional,0.2,observed,transit_rough,12,6,1,108,120,12,True,True,False,2.0,2
42,switch_d0,regime_conditional,0.2,observed,transit_rough,13,6,2,84,90,6,True,True,False,1.0,1
42,switch_d0,regime_conditional,0.2,observed,transit_smooth,14,7,1,0,12,12,True,True,False,2.0,2
42,switch_d0,regime_conditional,0.2,observed,transit_smooth,15,7,2,12,18,6,True,True,False,3.0,3
42,switch_d0,regime_conditional,0.2,observed,warehouse,16,8,0,108,120,12,True,True,False,3.0,3
42,switch_d0,regime_conditional,0.2,observed,warehouse,17,8,0,96,102,6,True,True,False,2.0,2
42,switch_d0,regime_conditional,0.2,observed,transit_rough,18,9,0,24,36,12,True,True,False,2.0,2
42,switch_d0,regime_conditional,0.2,observed,transit_smooth,19,9,2,120,126,6,True,True,False,3.0,3
42,switch_d0,regime_conditional,0.2,observed,warehouse,20,10,1,60,72,12,True,True,False,2.0,2
42,switch_d0,regime_conditional,0.2,observed,warehouse,21,10,1,84,90,6,True,True,False,1.0,1
42,switch_d0,regime_conditional,0.2,observed,warehouse,22,11,0,84,96,12,True,True,False,5.0,5
42,switch_d0,regime_conditional,0.2,observed,transit_smooth,23,11,0,144,150,6,True,True,False,0.0,0
42,switch_d4,regime_marginal,1.0,clean,warehouse,0,0,2,48,60,12,False,False,False,,12
42,switch_d4,regime_marginal,1.0,clean,warehouse,1,0,1,0,6,6,False,False,False,,6
42,switch_d4,regime_marginal,1.0,clean,warehouse,2,1,0,48,60,12,False,False,False,,12
42,switch_d4,regime_marginal,1.0,clean,transit_smooth,3,1,2,108,114,6,False,False,False,,6
42,switch_d4,regime_marginal,1.0,clean,transit_smooth,4,2,1,108,120,12,False,False,False,,12
42,switch_d4,regime_marginal,1.0,clean,transit_smooth,5,2,1,72,78,6,False,False,False,,6
42,switch_d4,regime_marginal,1.0,clean,transit_smooth,6,3,1,96,108,12,False,False,False,,12
42,switch_d4,regime_marginal,1.0,clean,warehouse,7,3,2,36,42,6,False,False,False,,6
42,switch_d4,regime_marginal,1.0,clean,transit_smooth,8,4,2,24,36,12,False,False,False,,12
42,switch_d4,regime_marginal,1.0,clean,transit_smooth,9,4,2,36,42,6,False,False,False,,6
42,switch_d4,regime_marginal,1.0,clean,warehouse,10,5,2,120,132,12,True,True,False,0.0,0
42,switch_d4,regime_marginal,1.0,clean,transit_rough,11,5,0,84,90,6,False,False,False,,6
42,switch_d4,regime_marginal,1.0,clean,transit_rough,12,6,1,108,120,12,False,False,False,,12
42,switch_d4,regime_marginal,1.0,clean,transit_rough,13,6,2,84,90,6,False,False,False,,6
42,switch_d4,regime_marginal,1.0,clean,transit_smooth,14,7,1,0,12,12,False,False,False,,12
42,switch_d4,regime_marginal,1.0,clean,transit_smooth,15,7,2,12,18,6,False,False,False,,6
42,switch_d4,regime_marginal,1.0,clean,warehouse,16,8,0,108,120,12,False,False,False,,12
42,switch_d4,regime_marginal,1.0,clean,warehouse,17,8,0,96,102,6,False,False,False,,6
42,switch_d4,regime_marginal,1.0,clean,transit_rough,18,9,0,24,36,12,False,False,False,,12
42,switch_d4,regime_marginal,1.0,clean,transit_smooth,19,9,2,120,126,6,True,True,False,0.0,0
42,switch_d4,regime_marginal,1.0,clean,warehouse,20,10,1,60,72,12,False,False,False,,12
42,switch_d4,regime_marginal,1.0,clean,warehouse,21,10,1,84,90,6,False,False,False,,6
42,switch_d4,regime_marginal,1.0,clean,warehouse,22,11,0,84,96,12,False,False,False,,12
42,switch_d4,regime_marginal,1.0,clean,transit_smooth,23,11,0,144,150,6,False,False,False,,6
42,switch_d4,regime_marginal,1.0,observed,warehouse,0,0,2,48,60,12,True,True,False,0.0,0
42,switch_d4,regime_marginal,1.0,observed,warehouse,1,0,1,0,6,6,True,True,False,4.0,4
42,switch_d4,regime_marginal,1.0,observed,warehouse,2,1,0,48,60,12,True,True,False,6.0,6
42,switch_d4,regime_marginal,1.0,observed,transit_smooth,3,1,2,108,114,6,True,True,False,1.0,1
42,switch_d4,regime_marginal,1.0,observed,transit_smooth,4,2,1,108,120,12,True,True,False,1.0,1
42,switch_d4,regime_marginal,1.0,observed,transit_smooth,5,2,1,72,78,6,True,True,False,3.0,3
42,switch_d4,regime_marginal,1.0,observed,transit_smooth,6,3,1,96,108,12,True,True,False,1.0,1
42,switch_d4,regime_marginal,1.0,observed,warehouse,7,3,2,36,42,6,True,True,False,0.0,0
42,switch_d4,regime_marginal,1.0,observed,transit_smooth,8,4,2,24,36,12,True,True,False,0.0,0
42,switch_d4,regime_marginal,1.0,observed,transit_smooth,9,4,2,36,42,6,True,True,False,5.0,5
42,switch_d4,regime_marginal,1.0,observed,warehouse,10,5,2,120,132,12,True,True,False,0.0,0
42,switch_d4,regime_marginal,1.0,observed,transit_rough,11,5,0,84,90,6,False,False,False,,6
42,switch_d4,regime_marginal,1.0,observed,transit_rough,12,6,1,108,120,12,True,True,False,0.0,0
42,switch_d4,regime_marginal,1.0,observed,transit_rough,13,6,2,84,90,6,True,True,False,0.0,0
42,switch_d4,regime_marginal,1.0,observed,transit_smooth,14,7,1,0,12,12,True,True,False,2.0,2
42,switch_d4,regime_marginal,1.0,observed,transit_smooth,15,7,2,12,18,6,True,True,False,4.0,4
42,switch_d4,regime_marginal,1.0,observed,warehouse,16,8,0,108,120,12,True,True,False,1.0,1
42,switch_d4,regime_marginal,1.0,observed,warehouse,17,8,0,96,102,6,True,True,False,1.0,1
42,switch_d4,regime_marginal,1.0,observed,transit_rough,18,9,0,24,36,12,True,True,False,0.0,0
42,switch_d4,regime_marginal,1.0,observed,transit_smooth,19,9,2,120,126,6,True,True,False,0.0,0
42,switch_d4,regime_marginal,1.0,observed,warehouse,20,10,1,60,72,12,True,True,False,5.0,5
42,switch_d4,regime_marginal,1.0,observed,warehouse,21,10,1,84,90,6,True,True,False,1.0,1
42,switch_d4,regime_marginal,1.0,observed,warehouse,22,11,0,84,96,12,True,True,False,4.0,4
42,switch_d4,regime_marginal,1.0,observed,transit_smooth,23,11,0,144,150,6,True,True,False,0.0,0
42,switch_d4,regime_marginal,0.2,clean,warehouse,0,0,2,48,60,12,False,False,False,,12
42,switch_d4,regime_marginal,0.2,clean,warehouse,1,0,1,0,6,6,False,False,False,,6
42,switch_d4,regime_marginal,0.2,clean,warehouse,2,1,0,48,60,12,True,False,True,,12
42,switch_d4,regime_marginal,0.2,clean,transit_smooth,3,1,2,108,114,6,False,False,False,,6
42,switch_d4,regime_marginal,0.2,clean,transit_smooth,4,2,1,108,120,12,False,False,False,,12
42,switch_d4,regime_marginal,0.2,clean,transit_smooth,5,2,1,72,78,6,False,False,False,,6
42,switch_d4,regime_marginal,0.2,clean,transit_smooth,6,3,1,96,108,12,False,False,False,,12
42,switch_d4,regime_marginal,0.2,clean,warehouse,7,3,2,36,42,6,False,False,False,,6
42,switch_d4,regime_marginal,0.2,clean,transit_smooth,8,4,2,24,36,12,False,False,False,,12
42,switch_d4,regime_marginal,0.2,clean,transit_smooth,9,4,2,36,42,6,False,False,False,,6
42,switch_d4,regime_marginal,0.2,clean,warehouse,10,5,2,120,132,12,True,True,False,0.0,0
42,switch_d4,regime_marginal,0.2,clean,transit_rough,11,5,0,84,90,6,False,False,False,,6
42,switch_d4,regime_marginal,0.2,clean,transit_rough,12,6,1,108,120,12,False,False,False,,12
42,switch_d4,regime_marginal,0.2,clean,transit_rough,13,6,2,84,90,6,False,False,False,,6
42,switch_d4,regime_marginal,0.2,clean,transit_smooth,14,7,1,0,12,12,False,False,False,,12
42,switch_d4,regime_marginal,0.2,clean,transit_smooth,15,7,2,12,18,6,False,False,False,,6
42,switch_d4,regime_marginal,0.2,clean,warehouse,16,8,0,108,120,12,False,False,False,,12
42,switch_d4,regime_marginal,0.2,clean,warehouse,17,8,0,96,102,6,False,False,False,,6
42,switch_d4,regime_marginal,0.2,clean,transit_rough,18,9,0,24,36,12,False,False,False,,12
42,switch_d4,regime_marginal,0.2,clean,transit_smooth,19,9,2,120,126,6,True,True,False,0.0,0
42,switch_d4,regime_marginal,0.2,clean,warehouse,20,10,1,60,72,12,False,False,False,,12
42,switch_d4,regime_marginal,0.2,clean,warehouse,21,10,1,84,90,6,False,False,False,,6
42,switch_d4,regime_marginal,0.2,clean,warehouse,22,11,0,84,96,12,False,False,False,,12
42,switch_d4,regime_marginal,0.2,clean,transit_smooth,23,11,0,144,150,6,False,False,False,,6
42,switch_d4,regime_marginal,0.2,observed,warehouse,0,0,2,48,60,12,True,True,False,1.0,1
42,switch_d4,regime_marginal,0.2,observed,warehouse,1,0,1,0,6,6,True,True,False,5.0,5
42,switch_d4,regime_marginal,0.2,observed,warehouse,2,1,0,48,60,12,True,True,True,7.0,7
42,switch_d4,regime_marginal,0.2,observed,transit_smooth,3,1,2,108,114,6,False,False,False,,6
42,switch_d4,regime_marginal,0.2,observed,transit_smooth,4,2,1,108,120,12,True,True,False,0.0,0
42,switch_d4,regime_marginal,0.2,observed,transit_smooth,5,2,1,72,78,6,False,False,False,,6
42,switch_d4,regime_marginal,0.2,observed,transit_smooth,6,3,1,96,108,12,True,True,False,3.0,3
42,switch_d4,regime_marginal,0.2,observed,warehouse,7,3,2,36,42,6,True,True,False,4.0,4
42,switch_d4,regime_marginal,0.2,observed,transit_smooth,8,4,2,24,36,12,True,True,False,4.0,4
42,switch_d4,regime_marginal,0.2,observed,transit_smooth,9,4,2,36,42,6,False,False,True,,6
42,switch_d4,regime_marginal,0.2,observed,warehouse,10,5,2,120,132,12,True,True,False,0.0,0
42,switch_d4,regime_marginal,0.2,observed,transit_rough,11,5,0,84,90,6,False,False,False,,6
42,switch_d4,regime_marginal,0.2,observed,transit_rough,12,6,1,108,120,12,True,True,False,4.0,4
42,switch_d4,regime_marginal,0.2,observed,transit_rough,13,6,2,84,90,6,False,False,False,,6
42,switch_d4,regime_marginal,0.2,observed,transit_smooth,14,7,1,0,12,12,True,True,False,3.0,3
42,switch_d4,regime_marginal,0.2,observed,transit_smooth,15,7,2,12,18,6,True,True,False,5.0,5
42,switch_d4,regime_marginal,0.2,observed,warehouse,16,8,0,108,120,12,True,True,False,6.0,6
42,switch_d4,regime_marginal,0.2,observed,warehouse,17,8,0,96,102,6,True,True,False,4.0,4
42,switch_d4,regime_marginal,0.2,observed,transit_rough,18,9,0,24,36,12,True,True,False,4.0,4
42,switch_d4,regime_marginal,0.2,observed,transit_smooth,19,9,2,120,126,6,True,True,False,0.0,0
42,switch_d4,regime_marginal,0.2,observed,warehouse,20,10,1,60,72,12,True,True,False,6.0,6
42,switch_d4,regime_marginal,0.2,observed,warehouse,21,10,1,84,90,6,True,True,False,1.0,1
42,switch_d4,regime_marginal,0.2,observed,warehouse,22,11,0,84,96,12,True,True,False,6.0,6
42,switch_d4,regime_marginal,0.2,observed,transit_smooth,23,11,0,144,150,6,True,True,False,3.0,3
42,switch_d4,regime_conditional,1.0,clean,warehouse,0,0,2,48,60,12,False,False,False,,12
42,switch_d4,regime_conditional,1.0,clean,warehouse,1,0,1,0,6,6,False,False,False,,6
42,switch_d4,regime_conditional,1.0,clean,warehouse,2,1,0,48,60,12,True,True,False,9.0,9
42,switch_d4,regime_conditional,1.0,clean,transit_smooth,3,1,2,108,114,6,False,False,False,,6
42,switch_d4,regime_conditional,1.0,clean,transit_smooth,4,2,1,108,120,12,False,False,True,,12
42,switch_d4,regime_conditional,1.0,clean,transit_smooth,5,2,1,72,78,6,False,False,False,,6
42,switch_d4,regime_conditional,1.0,clean,transit_smooth,6,3,1,96,108,12,False,False,False,,12
42,switch_d4,regime_conditional,1.0,clean,warehouse,7,3,2,36,42,6,False,False,False,,6
42,switch_d4,regime_conditional,1.0,clean,transit_smooth,8,4,2,24,36,12,False,False,False,,12
42,switch_d4,regime_conditional,1.0,clean,transit_smooth,9,4,2,36,42,6,False,False,False,,6
42,switch_d4,regime_conditional,1.0,clean,warehouse,10,5,2,120,132,12,True,True,False,0.0,0
42,switch_d4,regime_conditional,1.0,clean,transit_rough,11,5,0,84,90,6,False,False,False,,6
42,switch_d4,regime_conditional,1.0,clean,transit_rough,12,6,1,108,120,12,False,False,False,,12
42,switch_d4,regime_conditional,1.0,clean,transit_rough,13,6,2,84,90,6,False,False,False,,6
42,switch_d4,regime_conditional,1.0,clean,transit_smooth,14,7,1,0,12,12,False,False,False,,12
42,switch_d4,regime_conditional,1.0,clean,transit_smooth,15,7,2,12,18,6,False,False,False,,6
42,switch_d4,regime_conditional,1.0,clean,warehouse,16,8,0,108,120,12,False,False,False,,12
42,switch_d4,regime_conditional,1.0,clean,warehouse,17,8,0,96,102,6,False,False,False,,6
42,switch_d4,regime_conditional,1.0,clean,transit_rough,18,9,0,24,36,12,False,False,False,,12
42,switch_d4,regime_conditional,1.0,clean,transit_smooth,19,9,2,120,126,6,True,True,False,0.0,0
42,switch_d4,regime_conditional,1.0,clean,warehouse,20,10,1,60,72,12,True,True,False,3.0,3
42,switch_d4,regime_conditional,1.0,clean,warehouse,21,10,1,84,90,6,False,False,False,,6
42,switch_d4,regime_conditional,1.0,clean,warehouse,22,11,0,84,96,12,False,False,False,,12
42,switch_d4,regime_conditional,1.0,clean,transit_smooth,23,11,0,144,150,6,False,False,False,,6
42,switch_d4,regime_conditional,1.0,observed,warehouse,0,0,2,48,60,12,True,True,False,0.0,0
42,switch_d4,regime_conditional,1.0,observed,warehouse,1,0,1,0,6,6,True,True,False,4.0,4
42,switch_d4,regime_conditional,1.0,observed,warehouse,2,1,0,48,60,12,True,True,False,4.0,4
42,switch_d4,regime_conditional,1.0,observed,transit_smooth,3,1,2,108,114,6,True,True,False,1.0,1
42,switch_d4,regime_conditional,1.0,observed,transit_smooth,4,2,1,108,120,12,True,True,True,1.0,1
42,switch_d4,regime_conditional,1.0,observed,transit_smooth,5,2,1,72,78,6,True,True,False,3.0,3
42,switch_d4,regime_conditional,1.0,observed,transit_smooth,6,3,1,96,108,12,True,True,False,1.0,1
42,switch_d4,regime_conditional,1.0,observed,warehouse,7,3,2,36,42,6,True,True,False,0.0,0
42,switch_d4,regime_conditional,1.0,observed,transit_smooth,8,4,2,24,36,12,True,True,False,0.0,0
42,switch_d4,regime_conditional,1.0,observed,transit_smooth,9,4,2,36,42,6,True,True,False,5.0,5
42,switch_d4,regime_conditional,1.0,observed,warehouse,10,5,2,120,132,12,True,True,False,0.0,0
42,switch_d4,regime_conditional,1.0,observed,transit_rough,11,5,0,84,90,6,True,True,False,3.0,3
42,switch_d4,regime_conditional,1.0,observed,transit_rough,12,6,1,108,120,12,True,True,False,0.0,0
42,switch_d4,regime_conditional,1.0,observed,transit_rough,13,6,2,84,90,6,True,True,False,0.0,0
42,switch_d4,regime_conditional,1.0,observed,transit_smooth,14,7,1,0,12,12,True,True,False,3.0,3
42,switch_d4,regime_conditional,1.0,observed,transit_smooth,15,7,2,12,18,6,True,True,False,4.0,4
42,switch_d4,regime_conditional,1.0,observed,warehouse,16,8,0,108,120,12,True,True,False,0.0,0
42,switch_d4,regime_conditional,1.0,observed,warehouse,17,8,0,96,102,6,True,True,False,0.0,0
42,switch_d4,regime_conditional,1.0,observed,transit_rough,18,9,0,24,36,12,True,True,False,0.0,0
42,switch_d4,regime_conditional,1.0,observed,transit_smooth,19,9,2,120,126,6,True,True,False,0.0,0
42,switch_d4,regime_conditional,1.0,observed,warehouse,20,10,1,60,72,12,True,True,False,0.0,0
42,switch_d4,regime_conditional,1.0,observed,warehouse,21,10,1,84,90,6,True,True,False,1.0,1
42,switch_d4,regime_conditional,1.0,observed,warehouse,22,11,0,84,96,12,True,True,False,4.0,4
42,switch_d4,regime_conditional,1.0,observed,transit_smooth,23,11,0,144,150,6,True,True,False,0.0,0
42,switch_d4,regime_conditional,0.2,clean,warehouse,0,0,2,48,60,12,False,False,False,,12
42,switch_d4,regime_conditional,0.2,clean,warehouse,1,0,1,0,6,6,False,False,False,,6
42,switch_d4,regime_conditional,0.2,clean,warehouse,2,1,0,48,60,12,False,False,False,,12
42,switch_d4,regime_conditional,0.2,clean,transit_smooth,3,1,2,108,114,6,False,False,False,,6
42,switch_d4,regime_conditional,0.2,clean,transit_smooth,4,2,1,108,120,12,False,False,True,,12
42,switch_d4,regime_conditional,0.2,clean,transit_smooth,5,2,1,72,78,6,False,False,False,,6
42,switch_d4,regime_conditional,0.2,clean,transit_smooth,6,3,1,96,108,12,False,False,False,,12
42,switch_d4,regime_conditional,0.2,clean,warehouse,7,3,2,36,42,6,False,False,False,,6
42,switch_d4,regime_conditional,0.2,clean,transit_smooth,8,4,2,24,36,12,False,False,False,,12
42,switch_d4,regime_conditional,0.2,clean,transit_smooth,9,4,2,36,42,6,False,False,False,,6
42,switch_d4,regime_conditional,0.2,clean,warehouse,10,5,2,120,132,12,True,True,False,0.0,0
42,switch_d4,regime_conditional,0.2,clean,transit_rough,11,5,0,84,90,6,False,False,False,,6
42,switch_d4,regime_conditional,0.2,clean,transit_rough,12,6,1,108,120,12,False,False,False,,12
42,switch_d4,regime_conditional,0.2,clean,transit_rough,13,6,2,84,90,6,False,False,False,,6
42,switch_d4,regime_conditional,0.2,clean,transit_smooth,14,7,1,0,12,12,False,False,False,,12
42,switch_d4,regime_conditional,0.2,clean,transit_smooth,15,7,2,12,18,6,False,False,False,,6
42,switch_d4,regime_conditional,0.2,clean,warehouse,16,8,0,108,120,12,False,False,False,,12
42,switch_d4,regime_conditional,0.2,clean,warehouse,17,8,0,96,102,6,False,False,False,,6
42,switch_d4,regime_conditional,0.2,clean,transit_rough,18,9,0,24,36,12,False,False,False,,12
42,switch_d4,regime_conditional,0.2,clean,transit_smooth,19,9,2,120,126,6,True,True,False,0.0,0
42,switch_d4,regime_conditional,0.2,clean,warehouse,20,10,1,60,72,12,False,False,False,,12
42,switch_d4,regime_conditional,0.2,clean,warehouse,21,10,1,84,90,6,False,False,False,,6
42,switch_d4,regime_conditional,0.2,clean,warehouse,22,11,0,84,96,12,False,False,False,,12
42,switch_d4,regime_conditional,0.2,clean,transit_smooth,23,11,0,144,150,6,False,False,False,,6
42,switch_d4,regime_conditional,0.2,observed,warehouse,0,0,2,48,60,12,True,True,False,1.0,1
42,switch_d4,regime_conditional,0.2,observed,warehouse,1,0,1,0,6,6,True,True,False,4.0,4
42,switch_d4,regime_conditional,0.2,observed,warehouse,2,1,0,48,60,12,True,True,False,6.0,6
42,switch_d4,regime_conditional,0.2,observed,transit_smooth,3,1,2,108,114,6,True,True,False,3.0,3
42,switch_d4,regime_conditional,0.2,observed,transit_smooth,4,2,1,108,120,12,True,False,True,,12
42,switch_d4,regime_conditional,0.2,observed,transit_smooth,5,2,1,72,78,6,True,True,False,3.0,3
42,switch_d4,regime_conditional,0.2,observed,transit_smooth,6,3,1,96,108,12,True,True,False,2.0,2
42,switch_d4,regime_conditional,0.2,observed,warehouse,7,3,2,36,42,6,True,True,False,1.0,1
42,switch_d4,regime_conditional,0.2,observed,transit_smooth,8,4,2,24,36,12,True,True,False,1.0,1
42,switch_d4,regime_conditional,0.2,observed,transit_smooth,9,4,2,36,42,6,True,True,True,5.0,5
42,switch_d4,regime_conditional,0.2,observed,warehouse,10,5,2,120,132,12,True,True,False,0.0,0
42,switch_d4,regime_conditional,0.2,observed,transit_rough,11,5,0,84,90,6,False,False,False,,6
42,switch_d4,regime_conditional,0.2,observed,transit_rough,12,6,1,108,120,12,True,True,False,2.0,2
42,switch_d4,regime_conditional,0.2,observed,transit_rough,13,6,2,84,90,6,True,True,False,1.0,1
42,switch_d4,regime_conditional,0.2,observed,transit_smooth,14,7,1,0,12,12,True,True,False,2.0,2
42,switch_d4,regime_conditional,0.2,observed,transit_smooth,15,7,2,12,18,6,True,True,False,3.0,3
42,switch_d4,regime_conditional,0.2,observed,warehouse,16,8,0,108,120,12,True,True,False,3.0,3
42,switch_d4,regime_conditional,0.2,observed,warehouse,17,8,0,96,102,6,True,True,False,2.0,2
42,switch_d4,regime_conditional,0.2,observed,transit_rough,18,9,0,24,36,12,True,True,False,2.0,2
42,switch_d4,regime_conditional,0.2,observed,transit_smooth,19,9,2,120,126,6,True,True,False,0.0,0
42,switch_d4,regime_conditional,0.2,observed,warehouse,20,10,1,60,72,12,True,True,False,2.0,2
42,switch_d4,regime_conditional,0.2,observed,warehouse,21,10,1,84,90,6,True,True,False,1.0,1
42,switch_d4,regime_conditional,0.2,observed,warehouse,22,11,0,84,96,12,True,True,False,5.0,5
42,switch_d4,regime_conditional,0.2,observed,transit_smooth,23,11,0,144,150,6,True,True,False,0.0,0
42,switch_d12,regime_marginal,1.0,clean,warehouse,0,0,2,48,60,12,False,False,False,,12
42,switch_d12,regime_marginal,1.0,clean,warehouse,1,0,1,0,6,6,False,False,False,,6
42,switch_d12,regime_marginal,1.0,clean,warehouse,2,1,0,48,60,12,False,False,False,,12
42,switch_d12,regime_marginal,1.0,clean,transit_smooth,3,1,2,108,114,6,False,False,False,,6
42,switch_d12,regime_marginal,1.0,clean,transit_smooth,4,2,1,108,120,12,False,False,False,,12
42,switch_d12,regime_marginal,1.0,clean,transit_smooth,5,2,1,72,78,6,False,False,False,,6
42,switch_d12,regime_marginal,1.0,clean,transit_smooth,6,3,1,96,108,12,False,False,False,,12
42,switch_d12,regime_marginal,1.0,clean,warehouse,7,3,2,36,42,6,False,False,False,,6
42,switch_d12,regime_marginal,1.0,clean,transit_smooth,8,4,2,24,36,12,False,False,False,,12
42,switch_d12,regime_marginal,1.0,clean,transit_smooth,9,4,2,36,42,6,False,False,False,,6
42,switch_d12,regime_marginal,1.0,clean,warehouse,10,5,2,120,132,12,True,True,False,0.0,0
42,switch_d12,regime_marginal,1.0,clean,transit_rough,11,5,0,84,90,6,False,False,False,,6
42,switch_d12,regime_marginal,1.0,clean,transit_rough,12,6,1,108,120,12,False,False,False,,12
42,switch_d12,regime_marginal,1.0,clean,transit_rough,13,6,2,84,90,6,False,False,False,,6
42,switch_d12,regime_marginal,1.0,clean,transit_smooth,14,7,1,0,12,12,False,False,False,,12
42,switch_d12,regime_marginal,1.0,clean,transit_smooth,15,7,2,12,18,6,False,False,False,,6
42,switch_d12,regime_marginal,1.0,clean,warehouse,16,8,0,108,120,12,False,False,False,,12
42,switch_d12,regime_marginal,1.0,clean,warehouse,17,8,0,96,102,6,False,False,False,,6
42,switch_d12,regime_marginal,1.0,clean,transit_rough,18,9,0,24,36,12,False,False,False,,12
42,switch_d12,regime_marginal,1.0,clean,transit_smooth,19,9,2,120,126,6,True,True,False,0.0,0
42,switch_d12,regime_marginal,1.0,clean,warehouse,20,10,1,60,72,12,False,False,False,,12
42,switch_d12,regime_marginal,1.0,clean,warehouse,21,10,1,84,90,6,False,False,False,,6
42,switch_d12,regime_marginal,1.0,clean,warehouse,22,11,0,84,96,12,False,False,False,,12
42,switch_d12,regime_marginal,1.0,clean,transit_smooth,23,11,0,144,150,6,False,False,False,,6
42,switch_d12,regime_marginal,1.0,observed,warehouse,0,0,2,48,60,12,True,True,False,0.0,0
42,switch_d12,regime_marginal,1.0,observed,warehouse,1,0,1,0,6,6,True,True,False,4.0,4
42,switch_d12,regime_marginal,1.0,observed,warehouse,2,1,0,48,60,12,True,True,False,6.0,6
42,switch_d12,regime_marginal,1.0,observed,transit_smooth,3,1,2,108,114,6,True,True,False,1.0,1
42,switch_d12,regime_marginal,1.0,observed,transit_smooth,4,2,1,108,120,12,True,True,False,1.0,1
42,switch_d12,regime_marginal,1.0,observed,transit_smooth,5,2,1,72,78,6,True,True,False,3.0,3
42,switch_d12,regime_marginal,1.0,observed,transit_smooth,6,3,1,96,108,12,True,True,False,1.0,1
42,switch_d12,regime_marginal,1.0,observed,warehouse,7,3,2,36,42,6,True,True,False,0.0,0
42,switch_d12,regime_marginal,1.0,observed,transit_smooth,8,4,2,24,36,12,True,True,False,0.0,0
42,switch_d12,regime_marginal,1.0,observed,transit_smooth,9,4,2,36,42,6,True,True,False,5.0,5
42,switch_d12,regime_marginal,1.0,observed,warehouse,10,5,2,120,132,12,True,True,False,0.0,0
42,switch_d12,regime_marginal,1.0,observed,transit_rough,11,5,0,84,90,6,False,False,False,,6
42,switch_d12,regime_marginal,1.0,observed,transit_rough,12,6,1,108,120,12,True,True,False,0.0,0
42,switch_d12,regime_marginal,1.0,observed,transit_rough,13,6,2,84,90,6,True,True,False,0.0,0
42,switch_d12,regime_marginal,1.0,observed,transit_smooth,14,7,1,0,12,12,True,True,False,2.0,2
42,switch_d12,regime_marginal,1.0,observed,transit_smooth,15,7,2,12,18,6,True,True,False,4.0,4
42,switch_d12,regime_marginal,1.0,observed,warehouse,16,8,0,108,120,12,True,True,False,1.0,1
42,switch_d12,regime_marginal,1.0,observed,warehouse,17,8,0,96,102,6,True,True,False,1.0,1
42,switch_d12,regime_marginal,1.0,observed,transit_rough,18,9,0,24,36,12,True,True,False,0.0,0
42,switch_d12,regime_marginal,1.0,observed,transit_smooth,19,9,2,120,126,6,True,True,False,0.0,0
42,switch_d12,regime_marginal,1.0,observed,warehouse,20,10,1,60,72,12,False,False,False,,12
42,switch_d12,regime_marginal,1.0,observed,warehouse,21,10,1,84,90,6,True,True,False,1.0,1
42,switch_d12,regime_marginal,1.0,observed,warehouse,22,11,0,84,96,12,True,True,False,4.0,4
42,switch_d12,regime_marginal,1.0,observed,transit_smooth,23,11,0,144,150,6,True,True,False,0.0,0
42,switch_d12,regime_marginal,0.2,clean,warehouse,0,0,2,48,60,12,False,False,False,,12
42,switch_d12,regime_marginal,0.2,clean,warehouse,1,0,1,0,6,6,False,False,False,,6
42,switch_d12,regime_marginal,0.2,clean,warehouse,2,1,0,48,60,12,True,False,True,,12
42,switch_d12,regime_marginal,0.2,clean,transit_smooth,3,1,2,108,114,6,False,False,False,,6
42,switch_d12,regime_marginal,0.2,clean,transit_smooth,4,2,1,108,120,12,False,False,False,,12
42,switch_d12,regime_marginal,0.2,clean,transit_smooth,5,2,1,72,78,6,False,False,False,,6
42,switch_d12,regime_marginal,0.2,clean,transit_smooth,6,3,1,96,108,12,False,False,False,,12
42,switch_d12,regime_marginal,0.2,clean,warehouse,7,3,2,36,42,6,False,False,False,,6
42,switch_d12,regime_marginal,0.2,clean,transit_smooth,8,4,2,24,36,12,False,False,False,,12
42,switch_d12,regime_marginal,0.2,clean,transit_smooth,9,4,2,36,42,6,False,False,False,,6
42,switch_d12,regime_marginal,0.2,clean,warehouse,10,5,2,120,132,12,True,True,False,0.0,0
42,switch_d12,regime_marginal,0.2,clean,transit_rough,11,5,0,84,90,6,False,False,False,,6
42,switch_d12,regime_marginal,0.2,clean,transit_rough,12,6,1,108,120,12,False,False,False,,12
42,switch_d12,regime_marginal,0.2,clean,transit_rough,13,6,2,84,90,6,False,False,False,,6
42,switch_d12,regime_marginal,0.2,clean,transit_smooth,14,7,1,0,12,12,False,False,False,,12
42,switch_d12,regime_marginal,0.2,clean,transit_smooth,15,7,2,12,18,6,False,False,False,,6
42,switch_d12,regime_marginal,0.2,clean,warehouse,16,8,0,108,120,12,False,False,False,,12
42,switch_d12,regime_marginal,0.2,clean,warehouse,17,8,0,96,102,6,False,False,False,,6
42,switch_d12,regime_marginal,0.2,clean,transit_rough,18,9,0,24,36,12,False,False,False,,12
42,switch_d12,regime_marginal,0.2,clean,transit_smooth,19,9,2,120,126,6,True,True,False,0.0,0
42,switch_d12,regime_marginal,0.2,clean,warehouse,20,10,1,60,72,12,False,False,False,,12
42,switch_d12,regime_marginal,0.2,clean,warehouse,21,10,1,84,90,6,False,False,False,,6
42,switch_d12,regime_marginal,0.2,clean,warehouse,22,11,0,84,96,12,False,False,False,,12
42,switch_d12,regime_marginal,0.2,clean,transit_smooth,23,11,0,144,150,6,False,False,False,,6
42,switch_d12,regime_marginal,0.2,observed,warehouse,0,0,2,48,60,12,True,True,False,1.0,1
42,switch_d12,regime_marginal,0.2,observed,warehouse,1,0,1,0,6,6,True,True,False,5.0,5
42,switch_d12,regime_marginal,0.2,observed,warehouse,2,1,0,48,60,12,True,True,True,7.0,7
42,switch_d12,regime_marginal,0.2,observed,transit_smooth,3,1,2,108,114,6,False,False,False,,6
42,switch_d12,regime_marginal,0.2,observed,transit_smooth,4,2,1,108,120,12,True,True,False,0.0,0
42,switch_d12,regime_marginal,0.2,observed,transit_smooth,5,2,1,72,78,6,True,True,False,4.0,4
42,switch_d12,regime_marginal,0.2,observed,transit_smooth,6,3,1,96,108,12,True,True,False,3.0,3
42,switch_d12,regime_marginal,0.2,observed,warehouse,7,3,2,36,42,6,True,True,False,4.0,4
42,switch_d12,regime_marginal,0.2,observed,transit_smooth,8,4,2,24,36,12,True,True,False,4.0,4
42,switch_d12,regime_marginal,0.2,observed,transit_smooth,9,4,2,36,42,6,False,False,True,,6
42,switch_d12,regime_marginal,0.2,observed,warehouse,10,5,2,120,132,12,True,True,False,0.0,0
42,switch_d12,regime_marginal,0.2,observed,transit_rough,11,5,0,84,90,6,False,False,False,,6
42,switch_d12,regime_marginal,0.2,observed,transit_rough,12,6,1,108,120,12,True,True,False,4.0,4
42,switch_d12,regime_marginal,0.2,observed,transit_rough,13,6,2,84,90,6,False,False,False,,6
42,switch_d12,regime_marginal,0.2,observed,transit_smooth,14,7,1,0,12,12,True,True,False,3.0,3
42,switch_d12,regime_marginal,0.2,observed,transit_smooth,15,7,2,12,18,6,True,True,False,5.0,5
42,switch_d12,regime_marginal,0.2,observed,warehouse,16,8,0,108,120,12,True,True,False,6.0,6
42,switch_d12,regime_marginal,0.2,observed,warehouse,17,8,0,96,102,6,True,True,False,4.0,4
42,switch_d12,regime_marginal,0.2,observed,transit_rough,18,9,0,24,36,12,True,True,False,4.0,4
42,switch_d12,regime_marginal,0.2,observed,transit_smooth,19,9,2,120,126,6,True,True,False,0.0,0
42,switch_d12,regime_marginal,0.2,observed,warehouse,20,10,1,60,72,12,False,False,False,,12
42,switch_d12,regime_marginal,0.2,observed,warehouse,21,10,1,84,90,6,True,True,False,1.0,1
42,switch_d12,regime_marginal,0.2,observed,warehouse,22,11,0,84,96,12,True,True,False,6.0,6
42,switch_d12,regime_marginal,0.2,observed,transit_smooth,23,11,0,144,150,6,True,True,False,3.0,3
42,switch_d12,regime_conditional,1.0,clean,warehouse,0,0,2,48,60,12,False,False,False,,12
42,switch_d12,regime_conditional,1.0,clean,warehouse,1,0,1,0,6,6,False,False,False,,6
42,switch_d12,regime_conditional,1.0,clean,warehouse,2,1,0,48,60,12,True,True,False,9.0,9
42,switch_d12,regime_conditional,1.0,clean,transit_smooth,3,1,2,108,114,6,False,False,False,,6
42,switch_d12,regime_conditional,1.0,clean,transit_smooth,4,2,1,108,120,12,False,False,True,,12
42,switch_d12,regime_conditional,1.0,clean,transit_smooth,5,2,1,72,78,6,False,False,True,,6
42,switch_d12,regime_conditional,1.0,clean,transit_smooth,6,3,1,96,108,12,False,False,False,,12
42,switch_d12,regime_conditional,1.0,clean,warehouse,7,3,2,36,42,6,False,False,False,,6
42,switch_d12,regime_conditional,1.0,clean,transit_smooth,8,4,2,24,36,12,False,False,False,,12
42,switch_d12,regime_conditional,1.0,clean,transit_smooth,9,4,2,36,42,6,False,False,False,,6
42,switch_d12,regime_conditional,1.0,clean,warehouse,10,5,2,120,132,12,True,True,False,0.0,0
42,switch_d12,regime_conditional,1.0,clean,transit_rough,11,5,0,84,90,6,False,False,False,,6
42,switch_d12,regime_conditional,1.0,clean,transit_rough,12,6,1,108,120,12,False,False,False,,12
42,switch_d12,regime_conditional,1.0,clean,transit_rough,13,6,2,84,90,6,False,False,False,,6
42,switch_d12,regime_conditional,1.0,clean,transit_smooth,14,7,1,0,12,12,False,False,False,,12
42,switch_d12,regime_conditional,1.0,clean,transit_smooth,15,7,2,12,18,6,False,False,False,,6
42,switch_d12,regime_conditional,1.0,clean,warehouse,16,8,0,108,120,12,False,False,False,,12
42,switch_d12,regime_conditional,1.0,clean,warehouse,17,8,0,96,102,6,False,False,False,,6
42,switch_d12,regime_conditional,1.0,clean,transit_rough,18,9,0,24,36,12,False,False,False,,12
42,switch_d12,regime_conditional,1.0,clean,transit_smooth,19,9,2,120,126,6,True,True,False,0.0,0
42,switch_d12,regime_conditional,1.0,clean,warehouse,20,10,1,60,72,12,True,True,False,3.0,3
42,switch_d12,regime_conditional,1.0,clean,warehouse,21,10,1,84,90,6,False,False,False,,6
42,switch_d12,regime_conditional,1.0,clean,warehouse,22,11,0,84,96,12,False,False,False,,12
42,switch_d12,regime_conditional,1.0,clean,transit_smooth,23,11,0,144,150,6,False,False,False,,6
42,switch_d12,regime_conditional,1.0,observed,warehouse,0,0,2,48,60,12,True,True,False,0.0,0
42,switch_d12,regime_conditional,1.0,observed,warehouse,1,0,1,0,6,6,True,True,False,4.0,4
42,switch_d12,regime_conditional,1.0,observed,warehouse,2,1,0,48,60,12,True,True,False,4.0,4
42,switch_d12,regime_conditional,1.0,observed,transit_smooth,3,1,2,108,114,6,True,True,False,1.0,1
42,switch_d12,regime_conditional,1.0,observed,transit_smooth,4,2,1,108,120,12,True,True,True,1.0,1
42,switch_d12,regime_conditional,1.0,observed,transit_smooth,5,2,1,72,78,6,True,True,True,3.0,3
42,switch_d12,regime_conditional,1.0,observed,transit_smooth,6,3,1,96,108,12,True,True,False,1.0,1
42,switch_d12,regime_conditional,1.0,observed,warehouse,7,3,2,36,42,6,True,True,False,0.0,0
42,switch_d12,regime_conditional,1.0,observed,transit_smooth,8,4,2,24,36,12,True,True,False,0.0,0
42,switch_d12,regime_conditional,1.0,observed,transit_smooth,9,4,2,36,42,6,True,True,False,5.0,5
42,switch_d12,regime_conditional,1.0,observed,warehouse,10,5,2,120,132,12,True,True,False,0.0,0
42,switch_d12,regime_conditional,1.0,observed,transit_rough,11,5,0,84,90,6,True,True,False,3.0,3
42,switch_d12,regime_conditional,1.0,observed,transit_rough,12,6,1,108,120,12,True,True,False,0.0,0
42,switch_d12,regime_conditional,1.0,observed,transit_rough,13,6,2,84,90,6,True,True,False,0.0,0
42,switch_d12,regime_conditional,1.0,observed,transit_smooth,14,7,1,0,12,12,True,True,False,3.0,3
42,switch_d12,regime_conditional,1.0,observed,transit_smooth,15,7,2,12,18,6,True,True,False,4.0,4
42,switch_d12,regime_conditional,1.0,observed,warehouse,16,8,0,108,120,12,True,True,False,0.0,0
42,switch_d12,regime_conditional,1.0,observed,warehouse,17,8,0,96,102,6,True,True,False,0.0,0
42,switch_d12,regime_conditional,1.0,observed,transit_rough,18,9,0,24,36,12,True,True,False,0.0,0
42,switch_d12,regime_conditional,1.0,observed,transit_smooth,19,9,2,120,126,6,True,True,False,0.0,0
42,switch_d12,regime_conditional,1.0,observed,warehouse,20,10,1,60,72,12,True,True,False,0.0,0
42,switch_d12,regime_conditional,1.0,observed,warehouse,21,10,1,84,90,6,True,True,False,1.0,1
42,switch_d12,regime_conditional,1.0,observed,warehouse,22,11,0,84,96,12,True,True,False,4.0,4
42,switch_d12,regime_conditional,1.0,observed,transit_smooth,23,11,0,144,150,6,True,True,False,0.0,0
42,switch_d12,regime_conditional,0.2,clean,warehouse,0,0,2,48,60,12,False,False,False,,12
42,switch_d12,regime_conditional,0.2,clean,warehouse,1,0,1,0,6,6,False,False,False,,6
42,switch_d12,regime_conditional,0.2,clean,warehouse,2,1,0,48,60,12,False,False,False,,12
42,switch_d12,regime_conditional,0.2,clean,transit_smooth,3,1,2,108,114,6,False,False,False,,6
42,switch_d12,regime_conditional,0.2,clean,transit_smooth,4,2,1,108,120,12,False,False,True,,12
42,switch_d12,regime_conditional,0.2,clean,transit_smooth,5,2,1,72,78,6,False,False,True,,6
42,switch_d12,regime_conditional,0.2,clean,transit_smooth,6,3,1,96,108,12,False,False,False,,12
42,switch_d12,regime_conditional,0.2,clean,warehouse,7,3,2,36,42,6,False,False,False,,6
42,switch_d12,regime_conditional,0.2,clean,transit_smooth,8,4,2,24,36,12,False,False,False,,12
42,switch_d12,regime_conditional,0.2,clean,transit_smooth,9,4,2,36,42,6,False,False,False,,6
42,switch_d12,regime_conditional,0.2,clean,warehouse,10,5,2,120,132,12,True,True,False,0.0,0
42,switch_d12,regime_conditional,0.2,clean,transit_rough,11,5,0,84,90,6,False,False,False,,6
42,switch_d12,regime_conditional,0.2,clean,transit_rough,12,6,1,108,120,12,False,False,False,,12
42,switch_d12,regime_conditional,0.2,clean,transit_rough,13,6,2,84,90,6,False,False,False,,6
42,switch_d12,regime_conditional,0.2,clean,transit_smooth,14,7,1,0,12,12,False,False,False,,12
42,switch_d12,regime_conditional,0.2,clean,transit_smooth,15,7,2,12,18,6,False,False,False,,6
42,switch_d12,regime_conditional,0.2,clean,warehouse,16,8,0,108,120,12,False,False,False,,12
42,switch_d12,regime_conditional,0.2,clean,warehouse,17,8,0,96,102,6,False,False,False,,6
42,switch_d12,regime_conditional,0.2,clean,transit_rough,18,9,0,24,36,12,False,False,False,,12
42,switch_d12,regime_conditional,0.2,clean,transit_smooth,19,9,2,120,126,6,True,True,False,0.0,0
42,switch_d12,regime_conditional,0.2,clean,warehouse,20,10,1,60,72,12,True,True,False,5.0,5
42,switch_d12,regime_conditional,0.2,clean,warehouse,21,10,1,84,90,6,False,False,False,,6
42,switch_d12,regime_conditional,0.2,clean,warehouse,22,11,0,84,96,12,False,False,False,,12
42,switch_d12,regime_conditional,0.2,clean,transit_smooth,23,11,0,144,150,6,False,False,False,,6
42,switch_d12,regime_conditional,0.2,observed,warehouse,0,0,2,48,60,12,True,True,False,1.0,1
42,switch_d12,regime_conditional,0.2,observed,warehouse,1,0,1,0,6,6,True,True,False,4.0,4
42,switch_d12,regime_conditional,0.2,observed,warehouse,2,1,0,48,60,12,True,True,False,6.0,6
42,switch_d12,regime_conditional,0.2,observed,transit_smooth,3,1,2,108,114,6,True,True,False,3.0,3
42,switch_d12,regime_conditional,0.2,observed,transit_smooth,4,2,1,108,120,12,True,False,True,,12
42,switch_d12,regime_conditional,0.2,observed,transit_smooth,5,2,1,72,78,6,True,True,True,3.0,3
42,switch_d12,regime_conditional,0.2,observed,transit_smooth,6,3,1,96,108,12,True,True,False,2.0,2
42,switch_d12,regime_conditional,0.2,observed,warehouse,7,3,2,36,42,6,True,True,False,1.0,1
42,switch_d12,regime_conditional,0.2,observed,transit_smooth,8,4,2,24,36,12,True,True,False,1.0,1
42,switch_d12,regime_conditional,0.2,observed,transit_smooth,9,4,2,36,42,6,True,True,True,5.0,5
42,switch_d12,regime_conditional,0.2,observed,warehouse,10,5,2,120,132,12,True,True,False,0.0,0
42,switch_d12,regime_conditional,0.2,observed,transit_rough,11,5,0,84,90,6,False,False,False,,6
42,switch_d12,regime_conditional,0.2,observed,transit_rough,12,6,1,108,120,12,True,True,False,2.0,2
42,switch_d12,regime_conditional,0.2,observed,transit_rough,13,6,2,84,90,6,True,True,False,1.0,1
42,switch_d12,regime_conditional,0.2,observed,transit_smooth,14,7,1,0,12,12,True,True,False,2.0,2
42,switch_d12,regime_conditional,0.2,observed,transit_smooth,15,7,2,12,18,6,True,True,False,3.0,3
42,switch_d12,regime_conditional,0.2,observed,warehouse,16,8,0,108,120,12,True,True,False,3.0,3
42,switch_d12,regime_conditional,0.2,observed,warehouse,17,8,0,96,102,6,True,True,False,2.0,2
42,switch_d12,regime_conditional,0.2,observed,transit_rough,18,9,0,24,36,12,True,True,False,2.0,2
42,switch_d12,regime_conditional,0.2,observed,transit_smooth,19,9,2,120,126,6,True,True,False,0.0,0
42,switch_d12,regime_conditional,0.2,observed,warehouse,20,10,1,60,72,12,True,True,False,2.0,2
42,switch_d12,regime_conditional,0.2,observed,warehouse,21,10,1,84,90,6,True,True,False,1.0,1
42,switch_d12,regime_conditional,0.2,observed,warehouse,22,11,0,84,96,12,True,True,False,5.0,5
42,switch_d12,regime_conditional,0.2,observed,transit_smooth,23,11,0,144,150,6,True,True,False,0.0,0
43,steady_m05,regime_marginal,1.0,clean,warehouse,0,0,2,48,60,12,False,False,False,,12
43,steady_m05,regime_marginal,1.0,clean,warehouse,1,0,2,120,126,6,True,True,False,1.0,1
43,steady_m05,regime_marginal,1.0,clean,warehouse,2,1,0,12,24,12,False,False,False,,12
43,steady_m05,regime_marginal,1.0,clean,warehouse,3,1,1,132,138,6,False,False,False,,6
43,steady_m05,regime_marginal,1.0,clean,warehouse,4,2,0,0,12,12,False,False,False,,12
43,steady_m05,regime_marginal,1.0,clean,warehouse,5,2,1,156,162,6,True,True,False,5.0,5
43,steady_m05,regime_marginal,1.0,clean,warehouse,6,3,2,60,72,12,True,True,False,9.0,9
43,steady_m05,regime_marginal,1.0,clean,warehouse,7,3,1,132,138,6,False,False,False,,6
43,steady_m05,regime_marginal,1.0,clean,transit_smooth,8,4,1,60,72,12,False,False,False,,12
43,steady_m05,regime_marginal,1.0,clean,transit_smooth,9,4,1,144,150,6,False,False,False,,6
43,steady_m05,regime_marginal,1.0,clean,transit_smooth,10,5,0,72,84,12,False,False,False,,12
43,steady_m05,regime_marginal,1.0,clean,transit_smooth,11,5,1,36,42,6,True,True,False,0.0,0
43,steady_m05,regime_marginal,1.0,clean,transit_smooth,12,6,0,84,96,12,False,False,False,,12
43,steady_m05,regime_marginal,1.0,clean,transit_smooth,13,6,2,12,18,6,False,False,False,,6
43,steady_m05,regime_marginal,1.0,clean,transit_smooth,14,7,1,96,108,12,False,False,False,,12
43,steady_m05,regime_marginal,1.0,clean,transit_smooth,15,7,1,168,174,6,False,False,False,,6
43,steady_m05,regime_marginal,1.0,clean,transit_rough,16,8,0,24,36,12,False,False,False,,12
43,steady_m05,regime_marginal,1.0,clean,transit_rough,17,8,2,36,42,6,False,False,False,,6
43,steady_m05,regime_marginal,1.0,clean,transit_rough,18,9,1,12,24,12,False,False,False,,12
43,steady_m05,regime_marginal,1.0,clean,transit_rough,19,9,1,144,150,6,False,False,False,,6
43,steady_m05,regime_marginal,1.0,clean,transit_rough,20,10,1,60,72,12,True,True,False,9.0,9
43,steady_m05,regime_marginal,1.0,clean,transit_rough,21,10,0,108,114,6,False,False,False,,6
43,steady_m05,regime_marginal,1.0,clean,transit_rough,22,11,0,36,48,12,False,False,False,,12
43,steady_m05,regime_marginal,1.0,clean,transit_rough,23,11,1,132,138,6,False,False,False,,6
43,steady_m05,regime_marginal,1.0,observed,warehouse,0,0,2,48,60,12,False,False,False,,12
43,steady_m05,regime_marginal,1.0,observed,warehouse,1,0,2,120,126,6,True,True,False,1.0,1
43,steady_m05,regime_marginal,1.0,observed,warehouse,2,1,0,12,24,12,False,False,False,,12
43,steady_m05,regime_marginal,1.0,observed,warehouse,3,1,1,132,138,6,False,False,False,,6
43,steady_m05,regime_marginal,1.0,observed,warehouse,4,2,0,0,12,12,False,False,False,,12
43,steady_m05,regime_marginal,1.0,observed,warehouse,5,2,1,156,162,6,False,False,False,,6
43,steady_m05,regime_marginal,1.0,observed,warehouse,6,3,2,60,72,12,False,False,False,,12
43,steady_m05,regime_marginal,1.0,observed,warehouse,7,3,1,132,138,6,False,False,False,,6
43,steady_m05,regime_marginal,1.0,observed,transit_smooth,8,4,1,60,72,12,False,False,False,,12
43,steady_m05,regime_marginal,1.0,observed,transit_smooth,9,4,1,144,150,6,False,False,False,,6
43,steady_m05,regime_marginal,1.0,observed,transit_smooth,10,5,0,72,84,12,True,True,False,10.0,10
43,steady_m05,regime_marginal,1.0,observed,transit_smooth,11,5,1,36,42,6,True,True,False,0.0,0
43,steady_m05,regime_marginal,1.0,observed,transit_smooth,12,6,0,84,96,12,False,False,False,,12
43,steady_m05,regime_marginal,1.0,observed,transit_smooth,13,6,2,12,18,6,False,False,False,,6
43,steady_m05,regime_marginal,1.0,observed,transit_smooth,14,7,1,96,108,12,False,False,False,,12
43,steady_m05,regime_marginal,1.0,observed,transit_smooth,15,7,1,168,174,6,False,False,False,,6
43,steady_m05,regime_marginal,1.0,observed,transit_rough,16,8,0,24,36,12,False,False,False,,12
43,steady_m05,regime_marginal,1.0,observed,transit_rough,17,8,2,36,42,6,False,False,False,,6
43,steady_m05,regime_marginal,1.0,observed,transit_rough,18,9,1,12,24,12,False,False,False,,12
43,steady_m05,regime_marginal,1.0,observed,transit_rough,19,9,1,144,150,6,False,False,False,,6
43,steady_m05,regime_marginal,1.0,observed,transit_rough,20,10,1,60,72,12,False,False,False,,12
43,steady_m05,regime_marginal,1.0,observed,transit_rough,21,10,0,108,114,6,False,False,False,,6
43,steady_m05,regime_marginal,1.0,observed,transit_rough,22,11,0,36,48,12,False,False,False,,12
43,steady_m05,regime_marginal,1.0,observed,transit_rough,23,11,1,132,138,6,False,False,False,,6
43,steady_m05,regime_marginal,0.2,clean,warehouse,0,0,2,48,60,12,False,False,False,,12
43,steady_m05,regime_marginal,0.2,clean,warehouse,1,0,2,120,126,6,False,False,False,,6
43,steady_m05,regime_marginal,0.2,clean,warehouse,2,1,0,12,24,12,False,False,False,,12
43,steady_m05,regime_marginal,0.2,clean,warehouse,3,1,1,132,138,6,False,False,False,,6
43,steady_m05,regime_marginal,0.2,clean,warehouse,4,2,0,0,12,12,False,False,False,,12
43,steady_m05,regime_marginal,0.2,clean,warehouse,5,2,1,156,162,6,False,False,False,,6
43,steady_m05,regime_marginal,0.2,clean,warehouse,6,3,2,60,72,12,True,True,False,7.0,7
43,steady_m05,regime_marginal,0.2,clean,warehouse,7,3,1,132,138,6,False,False,False,,6
43,steady_m05,regime_marginal,0.2,clean,transit_smooth,8,4,1,60,72,12,False,False,False,,12
43,steady_m05,regime_marginal,0.2,clean,transit_smooth,9,4,1,144,150,6,False,False,False,,6
43,steady_m05,regime_marginal,0.2,clean,transit_smooth,10,5,0,72,84,12,False,False,False,,12
43,steady_m05,regime_marginal,0.2,clean,transit_smooth,11,5,1,36,42,6,False,False,False,,6
43,steady_m05,regime_marginal,0.2,clean,transit_smooth,12,6,0,84,96,12,False,False,False,,12
43,steady_m05,regime_marginal,0.2,clean,transit_smooth,13,6,2,12,18,6,False,False,False,,6
43,steady_m05,regime_marginal,0.2,clean,transit_smooth,14,7,1,96,108,12,False,False,False,,12
43,steady_m05,regime_marginal,0.2,clean,transit_smooth,15,7,1,168,174,6,False,False,False,,6
43,steady_m05,regime_marginal,0.2,clean,transit_rough,16,8,0,24,36,12,False,False,False,,12
43,steady_m05,regime_marginal,0.2,clean,transit_rough,17,8,2,36,42,6,False,False,False,,6
43,steady_m05,regime_marginal,0.2,clean,transit_rough,18,9,1,12,24,12,False,False,False,,12
43,steady_m05,regime_marginal,0.2,clean,transit_rough,19,9,1,144,150,6,False,False,False,,6
43,steady_m05,regime_marginal,0.2,clean,transit_rough,20,10,1,60,72,12,False,False,False,,12
43,steady_m05,regime_marginal,0.2,clean,transit_rough,21,10,0,108,114,6,False,False,False,,6
43,steady_m05,regime_marginal,0.2,clean,transit_rough,22,11,0,36,48,12,False,False,False,,12
43,steady_m05,regime_marginal,0.2,clean,transit_rough,23,11,1,132,138,6,False,False,False,,6
43,steady_m05,regime_marginal,0.2,observed,warehouse,0,0,2,48,60,12,False,False,False,,12
43,steady_m05,regime_marginal,0.2,observed,warehouse,1,0,2,120,126,6,False,False,False,,6
43,steady_m05,regime_marginal,0.2,observed,warehouse,2,1,0,12,24,12,False,False,False,,12
43,steady_m05,regime_marginal,0.2,observed,warehouse,3,1,1,132,138,6,False,False,False,,6
43,steady_m05,regime_marginal,0.2,observed,warehouse,4,2,0,0,12,12,False,False,False,,12
43,steady_m05,regime_marginal,0.2,observed,warehouse,5,2,1,156,162,6,False,False,False,,6
43,steady_m05,regime_marginal,0.2,observed,warehouse,6,3,2,60,72,12,False,False,False,,12
43,steady_m05,regime_marginal,0.2,observed,warehouse,7,3,1,132,138,6,False,False,False,,6
43,steady_m05,regime_marginal,0.2,observed,transit_smooth,8,4,1,60,72,12,False,False,False,,12
43,steady_m05,regime_marginal,0.2,observed,transit_smooth,9,4,1,144,150,6,False,False,False,,6
43,steady_m05,regime_marginal,0.2,observed,transit_smooth,10,5,0,72,84,12,False,False,False,,12
43,steady_m05,regime_marginal,0.2,observed,transit_smooth,11,5,1,36,42,6,False,False,False,,6
43,steady_m05,regime_marginal,0.2,observed,transit_smooth,12,6,0,84,96,12,False,False,False,,12
43,steady_m05,regime_marginal,0.2,observed,transit_smooth,13,6,2,12,18,6,False,False,False,,6
43,steady_m05,regime_marginal,0.2,observed,transit_smooth,14,7,1,96,108,12,False,False,False,,12
43,steady_m05,regime_marginal,0.2,observed,transit_smooth,15,7,1,168,174,6,False,False,False,,6
43,steady_m05,regime_marginal,0.2,observed,transit_rough,16,8,0,24,36,12,True,True,False,3.0,3
43,steady_m05,regime_marginal,0.2,observed,transit_rough,17,8,2,36,42,6,False,False,False,,6
43,steady_m05,regime_marginal,0.2,observed,transit_rough,18,9,1,12,24,12,False,False,False,,12
43,steady_m05,regime_marginal,0.2,observed,transit_rough,19,9,1,144,150,6,False,False,False,,6
43,steady_m05,regime_marginal,0.2,observed,transit_rough,20,10,1,60,72,12,False,False,False,,12
43,steady_m05,regime_marginal,0.2,observed,transit_rough,21,10,0,108,114,6,False,False,False,,6
43,steady_m05,regime_marginal,0.2,observed,transit_rough,22,11,0,36,48,12,False,False,False,,12
43,steady_m05,regime_marginal,0.2,observed,transit_rough,23,11,1,132,138,6,False,False,False,,6
43,steady_m05,regime_conditional,1.0,clean,warehouse,0,0,2,48,60,12,False,False,False,,12
43,steady_m05,regime_conditional,1.0,clean,warehouse,1,0,2,120,126,6,True,True,False,1.0,1
43,steady_m05,regime_conditional,1.0,clean,warehouse,2,1,0,12,24,12,False,False,False,,12
43,steady_m05,regime_conditional,1.0,clean,warehouse,3,1,1,132,138,6,False,False,False,,6
43,steady_m05,regime_conditional,1.0,clean,warehouse,4,2,0,0,12,12,True,True,False,5.0,5
43,steady_m05,regime_conditional,1.0,clean,warehouse,5,2,1,156,162,6,False,False,False,,6
43,steady_m05,regime_conditional,1.0,clean,warehouse,6,3,2,60,72,12,False,False,False,,12
43,steady_m05,regime_conditional,1.0,clean,warehouse,7,3,1,132,138,6,False,False,False,,6
43,steady_m05,regime_conditional,1.0,clean,transit_smooth,8,4,1,60,72,12,False,False,False,,12
43,steady_m05,regime_conditional,1.0,clean,transit_smooth,9,4,1,144,150,6,False,False,False,,6
43,steady_m05,regime_conditional,1.0,clean,transit_smooth,10,5,0,72,84,12,False,False,False,,12
43,steady_m05,regime_conditional,1.0,clean,transit_smooth,11,5,1,36,42,6,True,True,False,0.0,0
43,steady_m05,regime_conditional,1.0,clean,transit_smooth,12,6,0,84,96,12,False,False,False,,12
43,steady_m05,regime_conditional,1.0,clean,transit_smooth,13,6,2,12,18,6,False,False,False,,6
43,steady_m05,regime_conditional,1.0,clean,transit_smooth,14,7,1,96,108,12,False,False,False,,12
43,steady_m05,regime_conditional,1.0,clean,transit_smooth,15,7,1,168,174,6,False,False,False,,6
43,steady_m05,regime_conditional,1.0,clean,transit_rough,16,8,0,24,36,12,False,False,False,,12
43,steady_m05,regime_conditional,1.0,clean,transit_rough,17,8,2,36,42,6,False,False,False,,6
43,steady_m05,regime_conditional,1.0,clean,transit_rough,18,9,1,12,24,12,False,False,False,,12
43,steady_m05,regime_conditional,1.0,clean,transit_rough,19,9,1,144,150,6,False,False,False,,6
43,steady_m05,regime_conditional,1.0,clean,transit_rough,20,10,1,60,72,12,False,False,False,,12
43,steady_m05,regime_conditional,1.0,clean,transit_rough,21,10,0,108,114,6,False,False,False,,6
43,steady_m05,regime_conditional,1.0,clean,transit_rough,22,11,0,36,48,12,False,False,False,,12
43,steady_m05,regime_conditional,1.0,clean,transit_rough,23,11,1,132,138,6,False,False,False,,6
43,steady_m05,regime_conditional,1.0,observed,warehouse,0,0,2,48,60,12,False,False,False,,12
43,steady_m05,regime_conditional,1.0,observed,warehouse,1,0,2,120,126,6,True,True,False,1.0,1
43,steady_m05,regime_conditional,1.0,observed,warehouse,2,1,0,12,24,12,False,False,False,,12
43,steady_m05,regime_conditional,1.0,observed,warehouse,3,1,1,132,138,6,False,False,False,,6
43,steady_m05,regime_conditional,1.0,observed,warehouse,4,2,0,0,12,12,True,True,False,5.0,5
43,steady_m05,regime_conditional,1.0,observed,warehouse,5,2,1,156,162,6,False,False,False,,6
43,steady_m05,regime_conditional,1.0,observed,warehouse,6,3,2,60,72,12,False,False,False,,12
43,steady_m05,regime_conditional,1.0,observed,warehouse,7,3,1,132,138,6,False,False,False,,6
43,steady_m05,regime_conditional,1.0,observed,transit_smooth,8,4,1,60,72,12,False,False,False,,12
43,steady_m05,regime_conditional,1.0,observed,transit_smooth,9,4,1,144,150,6,False,False,False,,6
43,steady_m05,regime_conditional,1.0,observed,transit_smooth,10,5,0,72,84,12,True,True,False,10.0,10
43,steady_m05,regime_conditional,1.0,observed,transit_smooth,11,5,1,36,42,6,True,True,False,0.0,0
43,steady_m05,regime_conditional,1.0,observed,transit_smooth,12,6,0,84,96,12,False,False,False,,12
43,steady_m05,regime_conditional,1.0,observed,transit_smooth,13,6,2,12,18,6,False,False,False,,6
43,steady_m05,regime_conditional,1.0,observed,transit_smooth,14,7,1,96,108,12,False,False,False,,12
43,steady_m05,regime_conditional,1.0,observed,transit_smooth,15,7,1,168,174,6,False,False,False,,6
43,steady_m05,regime_conditional,1.0,observed,transit_rough,16,8,0,24,36,12,True,True,False,0.0,0
43,steady_m05,regime_conditional,1.0,observed,transit_rough,17,8,2,36,42,6,False,False,False,,6
43,steady_m05,regime_conditional,1.0,observed,transit_rough,18,9,1,12,24,12,False,False,False,,12
43,steady_m05,regime_conditional,1.0,observed,transit_rough,19,9,1,144,150,6,False,False,False,,6
43,steady_m05,regime_conditional,1.0,observed,transit_rough,20,10,1,60,72,12,False,False,False,,12
43,steady_m05,regime_conditional,1.0,observed,transit_rough,21,10,0,108,114,6,False,False,False,,6
43,steady_m05,regime_conditional,1.0,observed,transit_rough,22,11,0,36,48,12,False,False,False,,12
43,steady_m05,regime_conditional,1.0,observed,transit_rough,23,11,1,132,138,6,False,False,False,,6
43,steady_m05,regime_conditional,0.2,clean,warehouse,0,0,2,48,60,12,False,False,False,,12
43,steady_m05,regime_conditional,0.2,clean,warehouse,1,0,2,120,126,6,False,False,False,,6
43,steady_m05,regime_conditional,0.2,clean,warehouse,2,1,0,12,24,12,True,True,False,1.0,1
43,steady_m05,regime_conditional,0.2,clean,warehouse,3,1,1,132,138,6,False,False,False,,6
43,steady_m05,regime_conditional,0.2,clean,warehouse,4,2,0,0,12,12,False,False,False,,12
43,steady_m05,regime_conditional,0.2,clean,warehouse,5,2,1,156,162,6,False,False,False,,6
43,steady_m05,regime_conditional,0.2,clean,warehouse,6,3,2,60,72,12,True,True,False,10.0,10
43,steady_m05,regime_conditional,0.2,clean,warehouse,7,3,1,132,138,6,False,False,False,,6
43,steady_m05,regime_conditional,0.2,clean,transit_smooth,8,4,1,60,72,12,False,False,False,,12
43,steady_m05,regime_conditional,0.2,clean,transit_smooth,9,4,1,144,150,6,False,False,False,,6
43,steady_m05,regime_conditional,0.2,clean,transit_smooth,10,5,0,72,84,12,False,False,False,,12
43,steady_m05,regime_conditional,0.2,clean,transit_smooth,11,5,1,36,42,6,False,False,False,,6
43,steady_m05,regime_conditional,0.2,clean,transit_smooth,12,6,0,84,96,12,False,False,False,,12
43,steady_m05,regime_conditional,0.2,clean,transit_smooth,13,6,2,12,18,6,False,False,False,,6
43,steady_m05,regime_conditional,0.2,clean,transit_smooth,14,7,1,96,108,12,False,False,False,,12
43,steady_m05,regime_conditional,0.2,clean,transit_smooth,15,7,1,168,174,6,False,False,False,,6
43,steady_m05,regime_conditional,0.2,clean,transit_rough,16,8,0,24,36,12,False,False,False,,12
43,steady_m05,regime_conditional,0.2,clean,transit_rough,17,8,2,36,42,6,False,False,False,,6
43,steady_m05,regime_conditional,0.2,clean,transit_rough,18,9,1,12,24,12,False,False,False,,12
43,steady_m05,regime_conditional,0.2,clean,transit_rough,19,9,1,144,150,6,False,False,False,,6
43,steady_m05,regime_conditional,0.2,clean,transit_rough,20,10,1,60,72,12,False,False,False,,12
43,steady_m05,regime_conditional,0.2,clean,transit_rough,21,10,0,108,114,6,False,False,False,,6
43,steady_m05,regime_conditional,0.2,clean,transit_rough,22,11,0,36,48,12,False,False,False,,12
43,steady_m05,regime_conditional,0.2,clean,transit_rough,23,11,1,132,138,6,False,False,False,,6
43,steady_m05,regime_conditional,0.2,observed,warehouse,0,0,2,48,60,12,False,False,False,,12
43,steady_m05,regime_conditional,0.2,observed,warehouse,1,0,2,120,126,6,True,True,False,1.0,1
43,steady_m05,regime_conditional,0.2,observed,warehouse,2,1,0,12,24,12,False,False,False,,12
43,steady_m05,regime_conditional,0.2,observed,warehouse,3,1,1,132,138,6,False,False,False,,6
43,steady_m05,regime_conditional,0.2,observed,warehouse,4,2,0,0,12,12,False,False,False,,12
43,steady_m05,regime_conditional,0.2,observed,warehouse,5,2,1,156,162,6,False,False,False,,6
43,steady_m05,regime_conditional,0.2,observed,warehouse,6,3,2,60,72,12,False,False,False,,12
43,steady_m05,regime_conditional,0.2,observed,warehouse,7,3,1,132,138,6,False,False,False,,6
43,steady_m05,regime_conditional,0.2,observed,transit_smooth,8,4,1,60,72,12,False,False,False,,12
43,steady_m05,regime_conditional,0.2,observed,transit_smooth,9,4,1,144,150,6,False,False,False,,6
43,steady_m05,regime_conditional,0.2,observed,transit_smooth,10,5,0,72,84,12,False,False,False,,12
43,steady_m05,regime_conditional,0.2,observed,transit_smooth,11,5,1,36,42,6,False,False,False,,6
43,steady_m05,regime_conditional,0.2,observed,transit_smooth,12,6,0,84,96,12,False,False,False,,12
43,steady_m05,regime_conditional,0.2,observed,transit_smooth,13,6,2,12,18,6,False,False,False,,6
43,steady_m05,regime_conditional,0.2,observed,transit_smooth,14,7,1,96,108,12,False,False,False,,12
43,steady_m05,regime_conditional,0.2,observed,transit_smooth,15,7,1,168,174,6,False,False,False,,6
43,steady_m05,regime_conditional,0.2,observed,transit_rough,16,8,0,24,36,12,True,True,False,3.0,3
43,steady_m05,regime_conditional,0.2,observed,transit_rough,17,8,2,36,42,6,False,False,False,,6
43,steady_m05,regime_conditional,0.2,observed,transit_rough,18,9,1,12,24,12,True,True,False,3.0,3
43,steady_m05,regime_conditional,0.2,observed,transit_rough,19,9,1,144,150,6,False,False,False,,6
43,steady_m05,regime_conditional,0.2,observed,transit_rough,20,10,1,60,72,12,False,False,False,,12
43,steady_m05,regime_conditional,0.2,observed,transit_rough,21,10,0,108,114,6,False,False,False,,6
43,steady_m05,regime_conditional,0.2,observed,transit_rough,22,11,0,36,48,12,False,False,False,,12
43,steady_m05,regime_conditional,0.2,observed,transit_rough,23,11,1,132,138,6,False,False,False,,6
43,steady_m1,regime_marginal,1.0,clean,warehouse,0,0,2,48,60,12,False,False,False,,12
43,steady_m1,regime_marginal,1.0,clean,warehouse,1,0,2,120,126,6,True,True,False,1.0,1
43,steady_m1,regime_marginal,1.0,clean,warehouse,2,1,0,12,24,12,False,False,False,,12
43,steady_m1,regime_marginal,1.0,clean,warehouse,3,1,1,132,138,6,False,False,False,,6
43,steady_m1,regime_marginal,1.0,clean,warehouse,4,2,0,0,12,12,False,False,False,,12
43,steady_m1,regime_marginal,1.0,clean,warehouse,5,2,1,156,162,6,True,True,False,5.0,5
43,steady_m1,regime_marginal,1.0,clean,warehouse,6,3,2,60,72,12,True,True,False,9.0,9
43,steady_m1,regime_marginal,1.0,clean,warehouse,7,3,1,132,138,6,False,False,False,,6
43,steady_m1,regime_marginal,1.0,clean,transit_smooth,8,4,1,60,72,12,False,False,False,,12
43,steady_m1,regime_marginal,1.0,clean,transit_smooth,9,4,1,144,150,6,False,False,False,,6
43,steady_m1,regime_marginal,1.0,clean,transit_smooth,10,5,0,72,84,12,False,False,False,,12
43,steady_m1,regime_marginal,1.0,clean,transit_smooth,11,5,1,36,42,6,True,True,False,0.0,0
43,steady_m1,regime_marginal,1.0,clean,transit_smooth,12,6,0,84,96,12,False,False,False,,12
43,steady_m1,regime_marginal,1.0,clean,transit_smooth,13,6,2,12,18,6,False,False,False,,6
43,steady_m1,regime_marginal,1.0,clean,transit_smooth,14,7,1,96,108,12,False,False,False,,12
43,steady_m1,regime_marginal,1.0,clean,transit_smooth,15,7,1,168,174,6,False,False,False,,6
43,steady_m1,regime_marginal,1.0,clean,transit_rough,16,8,0,24,36,12,False,False,False,,12
43,steady_m1,regime_marginal,1.0,clean,transit_rough,17,8,2,36,42,6,False,False,False,,6
43,steady_m1,regime_marginal,1.0,clean,transit_rough,18,9,1,12,24,12,False,False,False,,12
43,steady_m1,regime_marginal,1.0,clean,transit_rough,19,9,1,144,150,6,False,False,False,,6
43,steady_m1,regime_marginal,1.0,clean,transit_rough,20,10,1,60,72,12,True,True,False,9.0,9
43,steady_m1,regime_marginal,1.0,clean,transit_rough,21,10,0,108,114,6,False,False,False,,6
43,steady_m1,regime_marginal,1.0,clean,transit_rough,22,11,0,36,48,12,False,False,False,,12
43,steady_m1,regime_marginal,1.0,clean,transit_rough,23,11,1,132,138,6,False,False,False,,6
43,steady_m1,regime_marginal,1.0,observed,warehouse,0,0,2,48,60,12,False,False,False,,12
43,steady_m1,regime_marginal,1.0,observed,warehouse,1,0,2,120,126,6,True,True,False,1.0,1
43,steady_m1,regime_marginal,1.0,observed,warehouse,2,1,0,12,24,12,False,False,False,,12
43,steady_m1,regime_marginal,1.0,observed,warehouse,3,1,1,132,138,6,False,False,False,,6
43,steady_m1,regime_marginal,1.0,observed,warehouse,4,2,0,0,12,12,True,True,False,5.0,5
43,steady_m1,regime_marginal,1.0,observed,warehouse,5,2,1,156,162,6,False,False,False,,6
43,steady_m1,regime_marginal,1.0,observed,warehouse,6,3,2,60,72,12,False,False,False,,12
43,steady_m1,regime_marginal,1.0,observed,warehouse,7,3,1,132,138,6,False,False,False,,6
43,steady_m1,regime_marginal,1.0,observed,transit_smooth,8,4,1,60,72,12,False,False,False,,12
43,steady_m1,regime_marginal,1.0,observed,transit_smooth,9,4,1,144,150,6,False,False,False,,6
43,steady_m1,regime_marginal,1.0,observed,transit_smooth,10,5,0,72,84,12,True,True,False,10.0,10
43,steady_m1,regime_marginal,1.0,observed,transit_smooth,11,5,1,36,42,6,True,True,False,0.0,0
43,steady_m1,regime_marginal,1.0,observed,transit_smooth,12,6,0,84,96,12,True,True,False,3.0,3
43,steady_m1,regime_marginal,1.0,observed,transit_smooth,13,6,2,12,18,6,False,False,False,,6
43,steady_m1,regime_marginal,1.0,observed,transit_smooth,14,7,1,96,108,12,False,False,False,,12
43,steady_m1,regime_marginal,1.0,observed,transit_smooth,15,7,1,168,174,6,False,False,False,,6
43,steady_m1,regime_marginal,1.0,observed,transit_rough,16,8,0,24,36,12,True,True,False,1.0,1
43,steady_m1,regime_marginal,1.0,observed,transit_rough,17,8,2,36,42,6,True,True,False,2.0,2
43,steady_m1,regime_marginal,1.0,observed,transit_rough,18,9,1,12,24,12,True,True,False,3.0,3
43,steady_m1,regime_marginal,1.0,observed,transit_rough,19,9,1,144,150,6,False,False,False,,6
43,steady_m1,regime_marginal,1.0,observed,transit_rough,20,10,1,60,72,12,False,False,False,,12
43,steady_m1,regime_marginal,1.0,observed,transit_rough,21,10,0,108,114,6,False,False,False,,6
43,steady_m1,regime_marginal,1.0,observed,transit_rough,22,11,0,36,48,12,False,False,False,,12
43,steady_m1,regime_marginal,1.0,observed,transit_rough,23,11,1,132,138,6,False,False,False,,6
43,steady_m1,regime_marginal,0.2,clean,warehouse,0,0,2,48,60,12,False,False,False,,12
43,steady_m1,regime_marginal,0.2,clean,warehouse,1,0,2,120,126,6,False,False,False,,6
43,steady_m1,regime_marginal,0.2,clean,warehouse,2,1,0,12,24,12,False,False,False,,12
43,steady_m1,regime_marginal,0.2,clean,warehouse,3,1,1,132,138,6,False,False,False,,6
43,steady_m1,regime_marginal,0.2,clean,warehouse,4,2,0,0,12,12,False,False,False,,12
43,steady_m1,regime_marginal,0.2,clean,warehouse,5,2,1,156,162,6,False,False,False,,6
43,steady_m1,regime_marginal,0.2,clean,warehouse,6,3,2,60,72,12,True,True,False,7.0,7
43,steady_m1,regime_marginal,0.2,clean,warehouse,7,3,1,132,138,6,False,False,False,,6
43,steady_m1,regime_marginal,0.2,clean,transit_smooth,8,4,1,60,72,12,False,False,False,,12
43,steady_m1,regime_marginal,0.2,clean,transit_smooth,9,4,1,144,150,6,False,False,False,,6
43,steady_m1,regime_marginal,0.2,clean,transit_smooth,10,5,0,72,84,12,False,False,False,,12
43,steady_m1,regime_marginal,0.2,clean,transit_smooth,11,5,1,36,42,6,False,False,False,,6
43,steady_m1,regime_marginal,0.2,clean,transit_smooth,12,6,0,84,96,12,False,False,False,,12
43,steady_m1,regime_marginal,0.2,clean,transit_smooth,13,6,2,12,18,6,False,False,False,,6
43,steady_m1,regime_marginal,0.2,clean,transit_smooth,14,7,1,96,108,12,False,False,False,,12
43,steady_m1,regime_marginal,0.2,clean,transit_smooth,15,7,1,168,174,6,False,False,False,,6
43,steady_m1,regime_marginal,0.2,clean,transit_rough,16,8,0,24,36,12,False,False,False,,12
43,steady_m1,regime_marginal,0.2,clean,transit_rough,17,8,2,36,42,6,False,False,False,,6
43,steady_m1,regime_marginal,0.2,clean,transit_rough,18,9,1,12,24,12,False,False,False,,12
43,steady_m1,regime_marginal,0.2,clean,transit_rough,19,9,1,144,150,6,False,False,False,,6
43,steady_m1,regime_marginal,0.2,clean,transit_rough,20,10,1,60,72,12,False,False,False,,12
43,steady_m1,regime_marginal,0.2,clean,transit_rough,21,10,0,108,114,6,False,False,False,,6
43,steady_m1,regime_marginal,0.2,clean,transit_rough,22,11,0,36,48,12,False,False,False,,12
43,steady_m1,regime_marginal,0.2,clean,transit_rough,23,11,1,132,138,6,False,False,False,,6
43,steady_m1,regime_marginal,0.2,observed,warehouse,0,0,2,48,60,12,False,False,False,,12
43,steady_m1,regime_marginal,0.2,observed,warehouse,1,0,2,120,126,6,True,True,False,1.0,1
43,steady_m1,regime_marginal,0.2,observed,warehouse,2,1,0,12,24,12,False,False,False,,12
43,steady_m1,regime_marginal,0.2,observed,warehouse,3,1,1,132,138,6,False,False,False,,6
43,steady_m1,regime_marginal,0.2,observed,warehouse,4,2,0,0,12,12,False,False,False,,12
43,steady_m1,regime_marginal,0.2,observed,warehouse,5,2,1,156,162,6,False,False,False,,6
43,steady_m1,regime_marginal,0.2,observed,warehouse,6,3,2,60,72,12,False,False,False,,12
43,steady_m1,regime_marginal,0.2,observed,warehouse,7,3,1,132,138,6,False,False,False,,6
43,steady_m1,regime_marginal,0.2,observed,transit_smooth,8,4,1,60,72,12,False,False,False,,12
43,steady_m1,regime_marginal,0.2,observed,transit_smooth,9,4,1,144,150,6,False,False,False,,6
43,steady_m1,regime_marginal,0.2,observed,transit_smooth,10,5,0,72,84,12,False,False,False,,12
43,steady_m1,regime_marginal,0.2,observed,transit_smooth,11,5,1,36,42,6,False,False,False,,6
43,steady_m1,regime_marginal,0.2,observed,transit_smooth,12,6,0,84,96,12,False,False,False,,12
43,steady_m1,regime_marginal,0.2,observed,transit_smooth,13,6,2,12,18,6,False,False,False,,6
43,steady_m1,regime_marginal,0.2,observed,transit_smooth,14,7,1,96,108,12,False,False,False,,12
43,steady_m1,regime_marginal,0.2,observed,transit_smooth,15,7,1,168,174,6,False,False,False,,6
43,steady_m1,regime_marginal,0.2,observed,transit_rough,16,8,0,24,36,12,True,True,False,2.0,2
43,steady_m1,regime_marginal,0.2,observed,transit_rough,17,8,2,36,42,6,False,False,False,,6
43,steady_m1,regime_marginal,0.2,observed,transit_rough,18,9,1,12,24,12,True,True,False,3.0,3
43,steady_m1,regime_marginal,0.2,observed,transit_rough,19,9,1,144,150,6,False,False,False,,6
43,steady_m1,regime_marginal,0.2,observed,transit_rough,20,10,1,60,72,12,False,False,False,,12
43,steady_m1,regime_marginal,0.2,observed,transit_rough,21,10,0,108,114,6,False,False,False,,6
43,steady_m1,regime_marginal,0.2,observed,transit_rough,22,11,0,36,48,12,False,False,False,,12
43,steady_m1,regime_marginal,0.2,observed,transit_rough,23,11,1,132,138,6,False,False,False,,6
43,steady_m1,regime_conditional,1.0,clean,warehouse,0,0,2,48,60,12,False,False,False,,12
43,steady_m1,regime_conditional,1.0,clean,warehouse,1,0,2,120,126,6,True,True,False,1.0,1
43,steady_m1,regime_conditional,1.0,clean,warehouse,2,1,0,12,24,12,False,False,False,,12
43,steady_m1,regime_conditional,1.0,clean,warehouse,3,1,1,132,138,6,False,False,False,,6
43,steady_m1,regime_conditional,1.0,clean,warehouse,4,2,0,0,12,12,True,True,False,5.0,5
43,steady_m1,regime_conditional,1.0,clean,warehouse,5,2,1,156,162,6,False,False,False,,6
43,steady_m1,regime_conditional,1.0,clean,warehouse,6,3,2,60,72,12,False,False,False,,12
43,steady_m1,regime_conditional,1.0,clean,warehouse,7,3,1,132,138,6,False,False,False,,6
43,steady_m1,regime_conditional,1.0,clean,transit_smooth,8,4,1,60,72,12,False,False,False,,12
43,steady_m1,regime_conditional,1.0,clean,transit_smooth,9,4,1,144,150,6,False,False,False,,6
43,steady_m1,regime_conditional,1.0,clean,transit_smooth,10,5,0,72,84,12,False,False,False,,12
43,steady_m1,regime_conditional,1.0,clean,transit_smooth,11,5,1,36,42,6,True,True,False,0.0,0
43,steady_m1,regime_conditional,1.0,clean,transit_smooth,12,6,0,84,96,12,False,False,False,,12
43,steady_m1,regime_conditional,1.0,clean,transit_smooth,13,6,2,12,18,6,False,False,False,,6
43,steady_m1,regime_conditional,1.0,clean,transit_smooth,14,7,1,96,108,12,False,False,False,,12
43,steady_m1,regime_conditional,1.0,clean,transit_smooth,15,7,1,168,174,6,False,False,False,,6
43,steady_m1,regime_conditional,1.0,clean,transit_rough,16,8,0,24,36,12,False,False,False,,12
43,steady_m1,regime_conditional,1.0,clean,transit_rough,17,8,2,36,42,6,False,False,False,,6
43,steady_m1,regime_conditional,1.0,clean,transit_rough,18,9,1,12,24,12,False,False,False,,12
43,steady_m1,regime_conditional,1.0,clean,transit_rough,19,9,1,144,150,6,False,False,False,,6
43,steady_m1,regime_conditional,1.0,clean,transit_rough,20,10,1,60,72,12,False,False,False,,12
43,steady_m1,regime_conditional,1.0,clean,transit_rough,21,10,0,108,114,6,False,False,False,,6
43,steady_m1,regime_conditional,1.0,clean,transit_rough,22,11,0,36,48,12,False,False,False,,12
43,steady_m1,regime_conditional,1.0,clean,transit_rough,23,11,1,132,138,6,False,False,False,,6
43,steady_m1,regime_conditional,1.0,observed,warehouse,0,0,2,48,60,12,True,True,False,1.0,1
43,steady_m1,regime_conditional,1.0,observed,warehouse,1,0,2,120,126,6,True,True,False,1.0,1
43,steady_m1,regime_conditional,1.0,observed,warehouse,2,1,0,12,24,12,False,False,False,,12
43,steady_m1,regime_conditional,1.0,observed,warehouse,3,1,1,132,138,6,False,False,False,,6
43,steady_m1,regime_conditional,1.0,observed,warehouse,4,2,0,0,12,12,True,True,False,5.0,5
43,steady_m1,regime_conditional,1.0,observed,warehouse,5,2,1,156,162,6,False,False,False,,6
43,steady_m1,regime_conditional,1.0,observed,warehouse,6,3,2,60,72,12,True,True,False,11.0,11
43,steady_m1,regime_conditional,1.0,observed,warehouse,7,3,1,132,138,6,False,False,False,,6
43,steady_m1,regime_conditional,1.0,observed,transit_smooth,8,4,1,60,72,12,False,False,False,,12
43,steady_m1,regime_conditional,1.0,observed,transit_smooth,9,4,1,144,150,6,False,False,False,,6
43,steady_m1,regime_conditional,1.0,observed,transit_smooth,10,5,0,72,84,12,True,True,False,10.0,10
43,steady_m1,regime_conditional,1.0,observed,transit_smooth,11,5,1,36,42,6,True,True,False,0.0,0
43,steady_m1,regime_conditional,1.0,observed,transit_smooth,12,6,0,84,96,12,True,True,False,3.0,3
43,steady_m1,regime_conditional,1.0,observed,transit_smooth,13,6,2,12,18,6,False,False,False,,6
43,steady_m1,regime_conditional,1.0,observed,transit_smooth,14,7,1,96,108,12,False,False,False,,12
43,steady_m1,regime_conditional,1.0,observed,transit_smooth,15,7,1,168,174,6,True,True,False,5.0,5
43,steady_m1,regime_conditional,1.0,observed,transit_rough,16,8,0,24,36,12,True,True,False,0.0,0
43,steady_m1,regime_conditional,1.0,observed,transit_rough,17,8,2,36,42,6,False,False,False,,6
43,steady_m1,regime_conditional,1.0,observed,transit_rough,18,9,1,12,24,12,False,False,False,,12
43,steady_m1,regime_conditional,1.0,observed,transit_rough,19,9,1,144,150,6,False,False,False,,6
43,steady_m1,regime_conditional,1.0,observed,transit_rough,20,10,1,60,72,12,False,False,False,,12
43,steady_m1,regime_conditional,1.0,observed,transit_rough,21,10,0,108,114,6,True,True,False,0.0,0
43,steady_m1,regime_conditional,1.0,observed,transit_rough,22,11,0,36,48,12,True,True,False,7.0,7
43,steady_m1,regime_conditional,1.0,observed,transit_rough,23,11,1,132,138,6,False,False,False,,6
43,steady_m1,regime_conditional,0.2,clean,warehouse,0,0,2,48,60,12,False,False,False,,12
43,steady_m1,regime_conditional,0.2,clean,warehouse,1,0,2,120,126,6,False,False,False,,6
43,steady_m1,regime_conditional,0.2,clean,warehouse,2,1,0,12,24,12,True,True,False,1.0,1
43,steady_m1,regime_conditional,0.2,clean,warehouse,3,1,1,132,138,6,False,False,False,,6
43,steady_m1,regime_conditional,0.2,clean,warehouse,4,2,0,0,12,12,False,False,False,,12
43,steady_m1,regime_conditional,0.2,clean,warehouse,5,2,1,156,162,6,False,False,False,,6
43,steady_m1,regime_conditional,0.2,clean,warehouse,6,3,2,60,72,12,True,True,False,10.0,10
43,steady_m1,regime_conditional,0.2,clean,warehouse,7,3,1,132,138,6,False,False,False,,6
43,steady_m1,regime_conditional,0.2,clean,transit_smooth,8,4,1,60,72,12,False,False,False,,12
43,steady_m1,regime_conditional,0.2,clean,transit_smooth,9,4,1,144,150,6,False,False,False,,6
43,steady_m1,regime_conditional,0.2,clean,transit_smooth,10,5,0,72,84,12,False,False,False,,12
43,steady_m1,regime_conditional,0.2,clean,transit_smooth,11,5,1,36,42,6,False,False,False,,6
43,steady_m1,regime_conditional,0.2,clean,transit_smooth,12,6,0,84,96,12,False,False,False,,12
43,steady_m1,regime_conditional,0.2,clean,transit_smooth,13,6,2,12,18,6,False,False,False,,6
43,steady_m1,regime_conditional,0.2,clean,transit_smooth,14,7,1,96,108,12,False,False,False,,12
43,steady_m1,regime_conditional,0.2,clean,transit_smooth,15,7,1,168,174,6,False,False,False,,6
43,steady_m1,regime_conditional,0.2,clean,transit_rough,16,8,0,24,36,12,False,False,False,,12
43,steady_m1,regime_conditional,0.2,clean,transit_rough,17,8,2,36,42,6,False,False,False,,6
43,steady_m1,regime_conditional,0.2,clean,transit_rough,18,9,1,12,24,12,False,False,False,,12
43,steady_m1,regime_conditional,0.2,clean,transit_rough,19,9,1,144,150,6,False,False,False,,6
43,steady_m1,regime_conditional,0.2,clean,transit_rough,20,10,1,60,72,12,False,False,False,,12
43,steady_m1,regime_conditional,0.2,clean,transit_rough,21,10,0,108,114,6,False,False,False,,6
43,steady_m1,regime_conditional,0.2,clean,transit_rough,22,11,0,36,48,12,False,False,False,,12
43,steady_m1,regime_conditional,0.2,clean,transit_rough,23,11,1,132,138,6,False,False,False,,6
43,steady_m1,regime_conditional,0.2,observed,warehouse,0,0,2,48,60,12,False,False,False,,12
43,steady_m1,regime_conditional,0.2,observed,warehouse,1,0,2,120,126,6,True,True,False,1.0,1
43,steady_m1,regime_conditional,0.2,observed,warehouse,2,1,0,12,24,12,False,False,False,,12
43,steady_m1,regime_conditional,0.2,observed,warehouse,3,1,1,132,138,6,False,False,False,,6
43,steady_m1,regime_conditional,0.2,observed,warehouse,4,2,0,0,12,12,True,True,False,5.0,5
43,steady_m1,regime_conditional,0.2,observed,warehouse,5,2,1,156,162,6,False,False,False,,6
43,steady_m1,regime_conditional,0.2,observed,warehouse,6,3,2,60,72,12,False,False,False,,12
43,steady_m1,regime_conditional,0.2,observed,warehouse,7,3,1,132,138,6,False,False,False,,6
43,steady_m1,regime_conditional,0.2,observed,transit_smooth,8,4,1,60,72,12,True,True,False,11.0,11
43,steady_m1,regime_conditional,0.2,observed,transit_smooth,9,4,1,144,150,6,False,False,False,,6
43,steady_m1,regime_conditional,0.2,observed,transit_smooth,10,5,0,72,84,12,True,True,False,10.0,10
43,steady_m1,regime_conditional,0.2,observed,transit_smooth,11,5,1,36,42,6,False,False,False,,6
43,steady_m1,regime_conditional,0.2,observed,transit_smooth,12,6,0,84,96,12,True,True,False,3.0,3
43,steady_m1,regime_conditional,0.2,observed,transit_smooth,13,6,2,12,18,6,True,True,False,5.0,5
43,steady_m1,regime_conditional,0.2,observed,transit_smooth,14,7,1,96,108,12,True,True,False,10.0,10
43,steady_m1,regime_conditional,0.2,observed,transit_smooth,15,7,1,168,174,6,True,True,False,5.0,5
43,steady_m1,regime_conditional,0.2,observed,transit_rough,16,8,0,24,36,12,True,True,False,2.0,2
43,steady_m1,regime_conditional,0.2,observed,transit_rough,17,8,2,36,42,6,False,False,False,,6
43,steady_m1,regime_conditional,0.2,observed,transit_rough,18,9,1,12,24,12,True,True,False,2.0,2
43,steady_m1,regime_conditional,0.2,observed,transit_rough,19,9,1,144,150,6,False,False,False,,6
43,steady_m1,regime_conditional,0.2,observed,transit_rough,20,10,1,60,72,12,False,False,False,,12
43,steady_m1,regime_conditional,0.2,observed,transit_rough,21,10,0,108,114,6,True,True,False,1.0,1
43,steady_m1,regime_conditional,0.2,observed,transit_rough,22,11,0,36,48,12,True,True,False,7.0,7
43,steady_m1,regime_conditional,0.2,observed,transit_rough,23,11,1,132,138,6,False,False,False,,6
43,steady_m2_r10_k1,regime_marginal,1.0,clean,warehouse,0,0,2,48,60,12,False,False,False,,12
43,steady_m2_r10_k1,regime_marginal,1.0,clean,warehouse,1,0,2,120,126,6,True,True,False,1.0,1
43,steady_m2_r10_k1,regime_marginal,1.0,clean,warehouse,2,1,0,12,24,12,False,False,False,,12
43,steady_m2_r10_k1,regime_marginal,1.0,clean,warehouse,3,1,1,132,138,6,False,False,False,,6
43,steady_m2_r10_k1,regime_marginal,1.0,clean,warehouse,4,2,0,0,12,12,False,False,False,,12
43,steady_m2_r10_k1,regime_marginal,1.0,clean,warehouse,5,2,1,156,162,6,True,True,False,5.0,5
43,steady_m2_r10_k1,regime_marginal,1.0,clean,warehouse,6,3,2,60,72,12,True,True,False,9.0,9
43,steady_m2_r10_k1,regime_marginal,1.0,clean,warehouse,7,3,1,132,138,6,False,False,False,,6
43,steady_m2_r10_k1,regime_marginal,1.0,clean,transit_smooth,8,4,1,60,72,12,False,False,False,,12
43,steady_m2_r10_k1,regime_marginal,1.0,clean,transit_smooth,9,4,1,144,150,6,False,False,False,,6
43,steady_m2_r10_k1,regime_marginal,1.0,clean,transit_smooth,10,5,0,72,84,12,False,False,False,,12
43,steady_m2_r10_k1,regime_marginal,1.0,clean,transit_smooth,11,5,1,36,42,6,True,True,False,0.0,0
43,steady_m2_r10_k1,regime_marginal,1.0,clean,transit_smooth,12,6,0,84,96,12,False,False,False,,12
43,steady_m2_r10_k1,regime_marginal,1.0,clean,transit_smooth,13,6,2,12,18,6,False,False,False,,6
43,steady_m2_r10_k1,regime_marginal,1.0,clean,transit_smooth,14,7,1,96,108,12,False,False,False,,12
43,steady_m2_r10_k1,regime_marginal,1.0,clean,transit_smooth,15,7,1,168,174,6,False,False,False,,6
43,steady_m2_r10_k1,regime_marginal,1.0,clean,transit_rough,16,8,0,24,36,12,False,False,False,,12
43,steady_m2_r10_k1,regime_marginal,1.0,clean,transit_rough,17,8,2,36,42,6,False,False,False,,6
43,steady_m2_r10_k1,regime_marginal,1.0,clean,transit_rough,18,9,1,12,24,12,False,False,False,,12
43,steady_m2_r10_k1,regime_marginal,1.0,clean,transit_rough,19,9,1,144,150,6,False,False,False,,6
43,steady_m2_r10_k1,regime_marginal,1.0,clean,transit_rough,20,10,1,60,72,12,True,True,False,9.0,9
43,steady_m2_r10_k1,regime_marginal,1.0,clean,transit_rough,21,10,0,108,114,6,False,False,False,,6
43,steady_m2_r10_k1,regime_marginal,1.0,clean,transit_rough,22,11,0,36,48,12,False,False,False,,12
43,steady_m2_r10_k1,regime_marginal,1.0,clean,transit_rough,23,11,1,132,138,6,False,False,False,,6
43,steady_m2_r10_k1,regime_marginal,1.0,observed,warehouse,0,0,2,48,60,12,True,True,False,1.0,1
43,steady_m2_r10_k1,regime_marginal,1.0,observed,warehouse,1,0,2,120,126,6,True,True,False,1.0,1
43,steady_m2_r10_k1,regime_marginal,1.0,observed,warehouse,2,1,0,12,24,12,False,False,False,,12
43,steady_m2_r10_k1,regime_marginal,1.0,observed,warehouse,3,1,1,132,138,6,True,True,False,4.0,4
43,steady_m2_r10_k1,regime_marginal,1.0,observed,warehouse,4,2,0,0,12,12,True,True,False,0.0,0
43,steady_m2_r10_k1,regime_marginal,1.0,observed,warehouse,5,2,1,156,162,6,False,False,False,,6
43,steady_m2_r10_k1,regime_marginal,1.0,observed,warehouse,6,3,2,60,72,12,True,True,False,1.0,1
43,steady_m2_r10_k1,regime_marginal,1.0,observed,warehouse,7,3,1,132,138,6,False,False,False,,6
43,steady_m2_r10_k1,regime_marginal,1.0,observed,transit_smooth,8,4,1,60,72,12,False,False,False,,12
43,steady_m2_r10_k1,regime_marginal,1.0,observed,transit_smooth,9,4,1,144,150,6,True,True,False,1.0,1
43,steady_m2_r10_k1,regime_marginal,1.0,observed,transit_smooth,10,5,0,72,84,12,True,True,False,6.0,6
43,steady_m2_r10_k1,regime_marginal,1.0,observed,transit_smooth,11,5,1,36,42,6,True,True,False,0.0,0
43,steady_m2_r10_k1,regime_marginal,1.0,observed,transit_smooth,12,6,0,84,96,12,True,True,False,3.0,3
43,steady_m2_r10_k1,regime_marginal,1.0,observed,transit_smooth,13,6,2,12,18,6,True,True,False,1.0,1
43,steady_m2_r10_k1,regime_marginal,1.0,observed,transit_smooth,14,7,1,96,108,12,True,True,False,2.0,2
43,steady_m2_r10_k1,regime_marginal,1.0,observed,transit_smooth,15,7,1,168,174,6,True,True,False,0.0,0
43,steady_m2_r10_k1,regime_marginal,1.0,observed,transit_rough,16,8,0,24,36,12,True,True,False,0.0,0
43,steady_m2_r10_k1,regime_marginal,1.0,observed,transit_rough,17,8,2,36,42,6,True,True,False,2.0,2
43,steady_m2_r10_k1,regime_marginal,1.0,observed,transit_rough,18,9,1,12,24,12,True,True,False,0.0,0
43,steady_m2_r10_k1,regime_marginal,1.0,observed,transit_rough,19,9,1,144,150,6,False,False,False,,6
43,steady_m2_r10_k1,regime_marginal,1.0,observed,transit_rough,20,10,1,60,72,12,True,True,False,3.0,3
43,steady_m2_r10_k1,regime_marginal,1.0,observed,transit_rough,21,10,0,108,114,6,True,True,False,0.0,0
43,steady_m2_r10_k1,regime_marginal,1.0,observed,transit_rough,22,11,0,36,48,12,True,True,False,2.0,2
43,steady_m2_r10_k1,regime_marginal,1.0,observed,transit_rough,23,11,1,132,138,6,True,True,False,1.0,1
43,steady_m2_r10_k1,regime_marginal,0.2,clean,warehouse,0,0,2,48,60,12,False,False,False,,12
43,steady_m2_r10_k1,regime_marginal,0.2,clean,warehouse,1,0,2,120,126,6,False,False,False,,6
43,steady_m2_r10_k1,regime_marginal,0.2,clean,warehouse,2,1,0,12,24,12,False,False,False,,12
43,steady_m2_r10_k1,regime_marginal,0.2,clean,warehouse,3,1,1,132,138,6,False,False,False,,6
43,steady_m2_r10_k1,regime_marginal,0.2,clean,warehouse,4,2,0,0,12,12,False,False,False,,12
43,steady_m2_r10_k1,regime_marginal,0.2,clean,warehouse,5,2,1,156,162,6,False,False,False,,6
43,steady_m2_r10_k1,regime_marginal,0.2,clean,warehouse,6,3,2,60,72,12,True,True,False,7.0,7
43,steady_m2_r10_k1,regime_marginal,0.2,clean,warehouse,7,3,1,132,138,6,False,False,False,,6
43,steady_m2_r10_k1,regime_marginal,0.2,clean,transit_smooth,8,4,1,60,72,12,False,False,False,,12
43,steady_m2_r10_k1,regime_marginal,0.2,clean,transit_smooth,9,4,1,144,150,6,False,False,False,,6
43,steady_m2_r10_k1,regime_marginal,0.2,clean,transit_smooth,10,5,0,72,84,12,False,False,False,,12
43,steady_m2_r10_k1,regime_marginal,0.2,clean,transit_smooth,11,5,1,36,42,6,False,False,False,,6
43,steady_m2_r10_k1,regime_marginal,0.2,clean,transit_smooth,12,6,0,84,96,12,False,False,False,,12
43,steady_m2_r10_k1,regime_marginal,0.2,clean,transit_smooth,13,6,2,12,18,6,False,False,False,,6
43,steady_m2_r10_k1,regime_marginal,0.2,clean,transit_smooth,14,7,1,96,108,12,False,False,False,,12
43,steady_m2_r10_k1,regime_marginal,0.2,clean,transit_smooth,15,7,1,168,174,6,False,False,False,,6
43,steady_m2_r10_k1,regime_marginal,0.2,clean,transit_rough,16,8,0,24,36,12,False,False,False,,12
43,steady_m2_r10_k1,regime_marginal,0.2,clean,transit_rough,17,8,2,36,42,6,False,False,False,,6
43,steady_m2_r10_k1,regime_marginal,0.2,clean,transit_rough,18,9,1,12,24,12,False,False,False,,12
43,steady_m2_r10_k1,regime_marginal,0.2,clean,transit_rough,19,9,1,144,150,6,False,False,False,,6
43,steady_m2_r10_k1,regime_marginal,0.2,clean,transit_rough,20,10,1,60,72,12,False,False,False,,12
43,steady_m2_r10_k1,regime_marginal,0.2,clean,transit_rough,21,10,0,108,114,6,False,False,False,,6
43,steady_m2_r10_k1,regime_marginal,0.2,clean,transit_rough,22,11,0,36,48,12,False,False,False,,12
43,steady_m2_r10_k1,regime_marginal,0.2,clean,transit_rough,23,11,1,132,138,6,False,False,False,,6
43,steady_m2_r10_k1,regime_marginal,0.2,observed,warehouse,0,0,2,48,60,12,True,True,False,9.0,9
43,steady_m2_r10_k1,regime_marginal,0.2,observed,warehouse,1,0,2,120,126,6,True,True,False,1.0,1
43,steady_m2_r10_k1,regime_marginal,0.2,observed,warehouse,2,1,0,12,24,12,False,False,False,,12
43,steady_m2_r10_k1,regime_marginal,0.2,observed,warehouse,3,1,1,132,138,6,False,False,False,,6
43,steady_m2_r10_k1,regime_marginal,0.2,observed,warehouse,4,2,0,0,12,12,True,True,False,4.0,4
43,steady_m2_r10_k1,regime_marginal,0.2,observed,warehouse,5,2,1,156,162,6,False,False,False,,6
43,steady_m2_r10_k1,regime_marginal,0.2,observed,warehouse,6,3,2,60,72,12,False,False,False,,12
43,steady_m2_r10_k1,regime_marginal,0.2,observed,warehouse,7,3,1,132,138,6,False,False,False,,6
43,steady_m2_r10_k1,regime_marginal,0.2,observed,transit_smooth,8,4,1,60,72,12,True,True,False,9.0,9
43,steady_m2_r10_k1,regime_marginal,0.2,observed,transit_smooth,9,4,1,144,150,6,True,True,False,4.0,4
43,steady_m2_r10_k1,regime_marginal,0.2,observed,transit_smooth,10,5,0,72,84,12,True,True,False,10.0,10
43,steady_m2_r10_k1,regime_marginal,0.2,observed,transit_smooth,11,5,1,36,42,6,True,True,False,3.0,3
43,steady_m2_r10_k1,regime_marginal,0.2,observed,transit_smooth,12,6,0,84,96,12,True,True,False,4.0,4
43,steady_m2_r10_k1,regime_marginal,0.2,observed,transit_smooth,13,6,2,12,18,6,True,True,False,4.0,4
43,steady_m2_r10_k1,regime_marginal,0.2,observed,transit_smooth,14,7,1,96,108,12,True,True,False,5.0,5
43,steady_m2_r10_k1,regime_marginal,0.2,observed,transit_smooth,15,7,1,168,174,6,True,True,False,3.0,3
43,steady_m2_r10_k1,regime_marginal,0.2,observed,transit_rough,16,8,0,24,36,12,True,True,False,1.0,1
43,steady_m2_r10_k1,regime_marginal,0.2,observed,transit_rough,17,8,2,36,42,6,True,True,False,3.0,3
43,steady_m2_r10_k1,regime_marginal,0.2,observed,transit_rough,18,9,1,12,24,12,True,True,False,2.0,2
43,steady_m2_r10_k1,regime_marginal,0.2,observed,transit_rough,19,9,1,144,150,6,False,False,False,,6
43,steady_m2_r10_k1,regime_marginal,0.2,observed,transit_rough,20,10,1,60,72,12,True,True,False,4.0,4
43,steady_m2_r10_k1,regime_marginal,0.2,observed,transit_rough,21,10,0,108,114,6,True,True,False,2.0,2
43,steady_m2_r10_k1,regime_marginal,0.2,observed,transit_rough,22,11,0,36,48,12,True,True,False,5.0,5
43,steady_m2_r10_k1,regime_marginal,0.2,observed,transit_rough,23,11,1,132,138,6,True,True,False,2.0,2
43,steady_m2_r10_k1,regime_conditional,1.0,clean,warehouse,0,0,2,48,60,12,False,False,False,,12
43,steady_m2_r10_k1,regime_conditional,1.0,clean,warehouse,1,0,2,120,126,6,True,True,False,1.0,1
43,steady_m2_r10_k1,regime_conditional,1.0,clean,warehouse,2,1,0,12,24,12,False,False,False,,12
43,steady_m2_r10_k1,regime_conditional,1.0,clean,warehouse,3,1,1,132,138,6,False,False,False,,6
43,steady_m2_r10_k1,regime_conditional,1.0,clean,warehouse,4,2,0,0,12,12,True,True,False,5.0,5
43,steady_m2_r10_k1,regime_conditional,1.0,clean,warehouse,5,2,1,156,162,6,False,False,False,,6
43,steady_m2_r10_k1,regime_conditional,1.0,clean,warehouse,6,3,2,60,72,12,False,False,False,,12
43,steady_m2_r10_k1,regime_conditional,1.0,clean,warehouse,7,3,1,132,138,6,False,False,False,,6
43,steady_m2_r10_k1,regime_conditional,1.0,clean,transit_smooth,8,4,1,60,72,12,False,False,False,,12
43,steady_m2_r10_k1,regime_conditional,1.0,clean,transit_smooth,9,4,1,144,150,6,False,False,False,,6
43,steady_m2_r10_k1,regime_conditional,1.0,clean,transit_smooth,10,5,0,72,84,12,False,False,False,,12
43,steady_m2_r10_k1,regime_conditional,1.0,clean,transit_smooth,11,5,1,36,42,6,True,True,False,0.0,0
43,steady_m2_r10_k1,regime_conditional,1.0,clean,transit_smooth,12,6,0,84,96,12,False,False,False,,12
43,steady_m2_r10_k1,regime_conditional,1.0,clean,transit_smooth,13,6,2,12,18,6,False,False,False,,6
43,steady_m2_r10_k1,regime_conditional,1.0,clean,transit_smooth,14,7,1,96,108,12,False,False,False,,12
43,steady_m2_r10_k1,regime_conditional,1.0,clean,transit_smooth,15,7,1,168,174,6,False,False,False,,6
43,steady_m2_r10_k1,regime_conditional,1.0,clean,transit_rough,16,8,0,24,36,12,False,False,False,,12
43,steady_m2_r10_k1,regime_conditional,1.0,clean,transit_rough,17,8,2,36,42,6,False,False,False,,6
43,steady_m2_r10_k1,regime_conditional,1.0,clean,transit_rough,18,9,1,12,24,12,False,False,False,,12
43,steady_m2_r10_k1,regime_conditional,1.0,clean,transit_rough,19,9,1,144,150,6,False,False,False,,6
43,steady_m2_r10_k1,regime_conditional,1.0,clean,transit_rough,20,10,1,60,72,12,False,False,False,,12
43,steady_m2_r10_k1,regime_conditional,1.0,clean,transit_rough,21,10,0,108,114,6,False,False,False,,6
43,steady_m2_r10_k1,regime_conditional,1.0,clean,transit_rough,22,11,0,36,48,12,False,False,False,,12
43,steady_m2_r10_k1,regime_conditional,1.0,clean,transit_rough,23,11,1,132,138,6,False,False,False,,6
43,steady_m2_r10_k1,regime_conditional,1.0,observed,warehouse,0,0,2,48,60,12,True,True,False,1.0,1
43,steady_m2_r10_k1,regime_conditional,1.0,observed,warehouse,1,0,2,120,126,6,True,True,False,1.0,1
43,steady_m2_r10_k1,regime_conditional,1.0,observed,warehouse,2,1,0,12,24,12,True,True,False,2.0,2
43,steady_m2_r10_k1,regime_conditional,1.0,observed,warehouse,3,1,1,132,138,6,True,True,False,1.0,1
43,steady_m2_r10_k1,regime_conditional,1.0,observed,warehouse,4,2,0,0,12,12,True,True,False,2.0,2
43,steady_m2_r10_k1,regime_conditional,1.0,observed,warehouse,5,2,1,156,162,6,True,True,False,0.0,0
43,steady_m2_r10_k1,regime_conditional,1.0,observed,warehouse,6,3,2,60,72,12,True,True,False,0.0,0
43,steady_m2_r10_k1,regime_conditional,1.0,observed,warehouse,7,3,1,132,138,6,True,True,False,4.0,4
43,steady_m2_r10_k1,regime_conditional,1.0,observed,transit_smooth,8,4,1,60,72,12,True,True,False,6.0,6
43,steady_m2_r10_k1,regime_conditional,1.0,observed,transit_smooth,9,4,1,144,150,6,True,True,False,1.0,1
43,steady_m2_r10_k1,regime_conditional,1.0,observed,transit_smooth,10,5,0,72,84,12,True,True,False,3.0,3
43,steady_m2_r10_k1,regime_conditional,1.0,observed,transit_smooth,11,5,1,36,42,6,True,True,False,0.0,0
43,steady_m2_r10_k1,regime_conditional,1.0,observed,transit_smooth,12,6,0,84,96,12,True,True,False,1.0,1
43,steady_m2_r10_k1,regime_conditional,1.0,observed,transit_smooth,13,6,2,12,18,6,True,True,False,1.0,1
43,steady_m2_r10_k1,regime_conditional,1.0,observed,transit_smooth,14,7,1,96,108,12,True,True,False,5.0,5
43,steady_m2_r10_k1,regime_conditional,1.0,observed,transit_smooth,15,7,1,168,174,6,True,True,False,0.0,0
43,steady_m2_r10_k1,regime_conditional,1.0,observed,transit_rough,16,8,0,24,36,12,True,True,False,0.0,0
43,steady_m2_r10_k1,regime_conditional,1.0,observed,transit_rough,17,8,2,36,42,6,True,True,False,2.0,2
43,steady_m2_r10_k1,regime_conditional,1.0,observed,transit_rough,18,9,1,12,24,12,True,True,False,0.0,0
43,steady_m2_r10_k1,regime_conditional,1.0,observed,transit_rough,19,9,1,144,150,6,True,True,False,5.0,5
43,steady_m2_r10_k1,regime_conditional,1.0,observed,transit_rough,20,10,1,60,72,12,True,True,False,3.0,3
43,steady_m2_r10_k1,regime_conditional,1.0,observed,transit_rough,21,10,0,108,114,6,True,True,False,0.0,0
43,steady_m2_r10_k1,regime_conditional,1.0,observed,transit_rough,22,11,0,36,48,12,True,True,False,2.0,2
43,steady_m2_r10_k1,regime_conditional,1.0,observed,transit_rough,23,11,1,132,138,6,False,False,False,,6
43,steady_m2_r10_k1,regime_conditional,0.2,clean,warehouse,0,0,2,48,60,12,False,False,False,,12
43,steady_m2_r10_k1,regime_conditional,0.2,clean,warehouse,1,0,2,120,126,6,False,False,False,,6
43,steady_m2_r10_k1,regime_conditional,0.2,clean,warehouse,2,1,0,12,24,12,True,True,False,1.0,1
43,steady_m2_r10_k1,regime_conditional,0.2,clean,warehouse,3,1,1,132,138,6,False,False,False,,6
43,steady_m2_r10_k1,regime_conditional,0.2,clean,warehouse,4,2,0,0,12,12,False,False,False,,12
43,steady_m2_r10_k1,regime_conditional,0.2,clean,warehouse,5,2,1,156,162,6,False,False,False,,6
43,steady_m2_r10_k1,regime_conditional,0.2,clean,warehouse,6,3,2,60,72,12,True,True,False,10.0,10
43,steady_m2_r10_k1,regime_conditional,0.2,clean,warehouse,7,3,1,132,138,6,False,False,False,,6
43,steady_m2_r10_k1,regime_conditional,0.2,clean,transit_smooth,8,4,1,60,72,12,False,False,False,,12
43,steady_m2_r10_k1,regime_conditional,0.2,clean,transit_smooth,9,4,1,144,150,6,False,False,False,,6
43,steady_m2_r10_k1,regime_conditional,0.2,clean,transit_smooth,10,5,0,72,84,12,False,False,False,,12
43,steady_m2_r10_k1,regime_conditional,0.2,clean,transit_smooth,11,5,1,36,42,6,False,False,False,,6
43,steady_m2_r10_k1,regime_conditional,0.2,clean,transit_smooth,12,6,0,84,96,12,False,False,False,,12
43,steady_m2_r10_k1,regime_conditional,0.2,clean,transit_smooth,13,6,2,12,18,6,False,False,False,,6
43,steady_m2_r10_k1,regime_conditional,0.2,clean,transit_smooth,14,7,1,96,108,12,False,False,False,,12
43,steady_m2_r10_k1,regime_conditional,0.2,clean,transit_smooth,15,7,1,168,174,6,False,False,False,,6
43,steady_m2_r10_k1,regime_conditional,0.2,clean,transit_rough,16,8,0,24,36,12,False,False,False,,12
43,steady_m2_r10_k1,regime_conditional,0.2,clean,transit_rough,17,8,2,36,42,6,False,False,False,,6
43,steady_m2_r10_k1,regime_conditional,0.2,clean,transit_rough,18,9,1,12,24,12,False,False,False,,12
43,steady_m2_r10_k1,regime_conditional,0.2,clean,transit_rough,19,9,1,144,150,6,False,False,False,,6
43,steady_m2_r10_k1,regime_conditional,0.2,clean,transit_rough,20,10,1,60,72,12,False,False,False,,12
43,steady_m2_r10_k1,regime_conditional,0.2,clean,transit_rough,21,10,0,108,114,6,False,False,False,,6
43,steady_m2_r10_k1,regime_conditional,0.2,clean,transit_rough,22,11,0,36,48,12,False,False,False,,12
43,steady_m2_r10_k1,regime_conditional,0.2,clean,transit_rough,23,11,1,132,138,6,False,False,False,,6
43,steady_m2_r10_k1,regime_conditional,0.2,observed,warehouse,0,0,2,48,60,12,True,True,False,1.0,1
43,steady_m2_r10_k1,regime_conditional,0.2,observed,warehouse,1,0,2,120,126,6,True,True,False,1.0,1
43,steady_m2_r10_k1,regime_conditional,0.2,observed,warehouse,2,1,0,12,24,12,True,True,False,5.0,5
43,steady_m2_r10_k1,regime_conditional,0.2,observed,warehouse,3,1,1,132,138,6,True,True,False,1.0,1
43,steady_m2_r10_k1,regime_conditional,0.2,observed,warehouse,4,2,0,0,12,12,True,True,False,2.0,2
43,steady_m2_r10_k1,regime_conditional,0.2,observed,warehouse,5,2,1,156,162,6,True,True,False,0.0,0
43,steady_m2_r10_k1,regime_conditional,0.2,observed,warehouse,6,3,2,60,72,12,True,True,False,1.0,1
43,steady_m2_r10_k1,regime_conditional,0.2,observed,warehouse,7,3,1,132,138,6,True,True,False,3.0,3
43,steady_m2_r10_k1,regime_conditional,0.2,observed,transit_smooth,8,4,1,60,72,12,True,True,False,5.0,5
43,steady_m2_r10_k1,regime_conditional,0.2,observed,transit_smooth,9,4,1,144,150,6,True,True,False,1.0,1
43,steady_m2_r10_k1,regime_conditional,0.2,observed,transit_smooth,10,5,0,72,84,12,True,True,False,5.0,5
43,steady_m2_r10_k1,regime_conditional,0.2,observed,transit_smooth,11,5,1,36,42,6,True,True,False,1.0,1
43,steady_m2_r10_k1,regime_conditional,0.2,observed,transit_smooth,12,6,0,84,96,12,True,True,False,1.0,1
43,steady_m2_r10_k1,regime_conditional,0.2,observed,transit_smooth,13,6,2,12,18,6,True,True,False,3.0,3
43,steady_m2_r10_k1,regime_conditional,0.2,observed,transit_smooth,14,7,1,96,108,12,True,True,False,4.0,4
43,steady_m2_r10_k1,regime_conditional,0.2,observed,transit_smooth,15,7,1,168,174,6,True,True,False,2.0,2
43,steady_m2_r10_k1,regime_conditional,0.2,observed,transit_rough,16,8,0,24,36,12,True,True,False,1.0,1
43,steady_m2_r10_k1,regime_conditional,0.2,observed,transit_rough,17,8,2,36,42,6,True,True,False,2.0,2
43,steady_m2_r10_k1,regime_conditional,0.2,observed,transit_rough,18,9,1,12,24,12,True,True,False,1.0,1
43,steady_m2_r10_k1,regime_conditional,0.2,observed,transit_rough,19,9,1,144,150,6,True,True,False,3.0,3
43,steady_m2_r10_k1,regime_conditional,0.2,observed,transit_rough,20,10,1,60,72,12,True,True,False,3.0,3
43,steady_m2_r10_k1,regime_conditional,0.2,observed,transit_rough,21,10,0,108,114,6,True,True,False,0.0,0
43,steady_m2_r10_k1,regime_conditional,0.2,observed,transit_rough,22,11,0,36,48,12,True,True,False,2.0,2
43,steady_m2_r10_k1,regime_conditional,0.2,observed,transit_rough,23,11,1,132,138,6,True,True,False,2.0,2
43,steady_m4,regime_marginal,1.0,clean,warehouse,0,0,2,48,60,12,False,False,False,,12
43,steady_m4,regime_marginal,1.0,clean,warehouse,1,0,2,120,126,6,True,True,False,1.0,1
43,steady_m4,regime_marginal,1.0,clean,warehouse,2,1,0,12,24,12,False,False,False,,12
43,steady_m4,regime_marginal,1.0,clean,warehouse,3,1,1,132,138,6,False,False,False,,6
43,steady_m4,regime_marginal,1.0,clean,warehouse,4,2,0,0,12,12,False,False,False,,12
43,steady_m4,regime_marginal,1.0,clean,warehouse,5,2,1,156,162,6,True,True,False,5.0,5
43,steady_m4,regime_marginal,1.0,clean,warehouse,6,3,2,60,72,12,True,True,False,9.0,9
43,steady_m4,regime_marginal,1.0,clean,warehouse,7,3,1,132,138,6,False,False,False,,6
43,steady_m4,regime_marginal,1.0,clean,transit_smooth,8,4,1,60,72,12,False,False,False,,12
43,steady_m4,regime_marginal,1.0,clean,transit_smooth,9,4,1,144,150,6,False,False,False,,6
43,steady_m4,regime_marginal,1.0,clean,transit_smooth,10,5,0,72,84,12,False,False,False,,12
43,steady_m4,regime_marginal,1.0,clean,transit_smooth,11,5,1,36,42,6,True,True,False,0.0,0
43,steady_m4,regime_marginal,1.0,clean,transit_smooth,12,6,0,84,96,12,False,False,False,,12
43,steady_m4,regime_marginal,1.0,clean,transit_smooth,13,6,2,12,18,6,False,False,False,,6
43,steady_m4,regime_marginal,1.0,clean,transit_smooth,14,7,1,96,108,12,False,False,False,,12
43,steady_m4,regime_marginal,1.0,clean,transit_smooth,15,7,1,168,174,6,False,False,False,,6
43,steady_m4,regime_marginal,1.0,clean,transit_rough,16,8,0,24,36,12,False,False,False,,12
43,steady_m4,regime_marginal,1.0,clean,transit_rough,17,8,2,36,42,6,False,False,False,,6
43,steady_m4,regime_marginal,1.0,clean,transit_rough,18,9,1,12,24,12,False,False,False,,12
43,steady_m4,regime_marginal,1.0,clean,transit_rough,19,9,1,144,150,6,False,False,False,,6
43,steady_m4,regime_marginal,1.0,clean,transit_rough,20,10,1,60,72,12,True,True,False,9.0,9
43,steady_m4,regime_marginal,1.0,clean,transit_rough,21,10,0,108,114,6,False,False,False,,6
43,steady_m4,regime_marginal,1.0,clean,transit_rough,22,11,0,36,48,12,False,False,False,,12
43,steady_m4,regime_marginal,1.0,clean,transit_rough,23,11,1,132,138,6,False,False,False,,6
43,steady_m4,regime_marginal,1.0,observed,warehouse,0,0,2,48,60,12,True,True,False,0.0,0
43,steady_m4,regime_marginal,1.0,observed,warehouse,1,0,2,120,126,6,True,True,False,0.0,0
43,steady_m4,regime_marginal,1.0,observed,warehouse,2,1,0,12,24,12,True,True,False,0.0,0
43,steady_m4,regime_marginal,1.0,observed,warehouse,3,1,1,132,138,6,True,True,False,0.0,0
43,steady_m4,regime_marginal,1.0,observed,warehouse,4,2,0,0,12,12,True,True,False,0.0,0
43,steady_m4,regime_marginal,1.0,observed,warehouse,5,2,1,156,162,6,True,True,False,0.0,0
43,steady_m4,regime_marginal,1.0,observed,warehouse,6,3,2,60,72,12,True,True,False,0.0,0
43,steady_m4,regime_marginal,1.0,observed,warehouse,7,3,1,132,138,6,True,True,False,0.0,0
43,steady_m4,regime_marginal,1.0,observed,transit_smooth,8,4,1,60,72,12,True,True,False,0.0,0
43,steady_m4,regime_marginal,1.0,observed,transit_smooth,9,4,1,144,150,6,True,True,False,0.0,0
43,steady_m4,regime_marginal,1.0,observed,transit_smooth,10,5,0,72,84,12,True,True,False,0.0,0
43,steady_m4,regime_marginal,1.0,observed,transit_smooth,11,5,1,36,42,6,True,True,False,0.0,0
43,steady_m4,regime_marginal,1.0,observed,transit_smooth,12,6,0,84,96,12,True,True,False,0.0,0
43,steady_m4,regime_marginal,1.0,observed,transit_smooth,13,6,2,12,18,6,True,True,False,0.0,0
43,steady_m4,regime_marginal,1.0,observed,transit_smooth,14,7,1,96,108,12,True,True,False,0.0,0
43,steady_m4,regime_marginal,1.0,observed,transit_smooth,15,7,1,168,174,6,True,True,False,0.0,0
43,steady_m4,regime_marginal,1.0,observed,transit_rough,16,8,0,24,36,12,True,True,False,0.0,0
43,steady_m4,regime_marginal,1.0,observed,transit_rough,17,8,2,36,42,6,True,True,False,0.0,0
43,steady_m4,regime_marginal,1.0,observed,transit_rough,18,9,1,12,24,12,True,True,False,0.0,0
43,steady_m4,regime_marginal,1.0,observed,transit_rough,19,9,1,144,150,6,True,True,False,0.0,0
43,steady_m4,regime_marginal,1.0,observed,transit_rough,20,10,1,60,72,12,True,True,False,0.0,0
43,steady_m4,regime_marginal,1.0,observed,transit_rough,21,10,0,108,114,6,True,True,False,0.0,0
43,steady_m4,regime_marginal,1.0,observed,transit_rough,22,11,0,36,48,12,True,True,False,0.0,0
43,steady_m4,regime_marginal,1.0,observed,transit_rough,23,11,1,132,138,6,True,True,False,0.0,0
43,steady_m4,regime_marginal,0.2,clean,warehouse,0,0,2,48,60,12,False,False,False,,12
43,steady_m4,regime_marginal,0.2,clean,warehouse,1,0,2,120,126,6,False,False,False,,6
43,steady_m4,regime_marginal,0.2,clean,warehouse,2,1,0,12,24,12,False,False,False,,12
43,steady_m4,regime_marginal,0.2,clean,warehouse,3,1,1,132,138,6,False,False,False,,6
43,steady_m4,regime_marginal,0.2,clean,warehouse,4,2,0,0,12,12,False,False,False,,12
43,steady_m4,regime_marginal,0.2,clean,warehouse,5,2,1,156,162,6,False,False,False,,6
43,steady_m4,regime_marginal,0.2,clean,warehouse,6,3,2,60,72,12,True,True,False,7.0,7
43,steady_m4,regime_marginal,0.2,clean,warehouse,7,3,1,132,138,6,False,False,False,,6
43,steady_m4,regime_marginal,0.2,clean,transit_smooth,8,4,1,60,72,12,False,False,False,,12
43,steady_m4,regime_marginal,0.2,clean,transit_smooth,9,4,1,144,150,6,False,False,False,,6
43,steady_m4,regime_marginal,0.2,clean,transit_smooth,10,5,0,72,84,12,False,False,False,,12
43,steady_m4,regime_marginal,0.2,clean,transit_smooth,11,5,1,36,42,6,False,False,False,,6
43,steady_m4,regime_marginal,0.2,clean,transit_smooth,12,6,0,84,96,12,False,False,False,,12
43,steady_m4,regime_marginal,0.2,clean,transit_smooth,13,6,2,12,18,6,False,False,False,,6
43,steady_m4,regime_marginal,0.2,clean,transit_smooth,14,7,1,96,108,12,False,False,False,,12
43,steady_m4,regime_marginal,0.2,clean,transit_smooth,15,7,1,168,174,6,False,False,False,,6
43,steady_m4,regime_marginal,0.2,clean,transit_rough,16,8,0,24,36,12,False,False,False,,12
43,steady_m4,regime_marginal,0.2,clean,transit_rough,17,8,2,36,42,6,False,False,False,,6
43,steady_m4,regime_marginal,0.2,clean,transit_rough,18,9,1,12,24,12,False,False,False,,12
43,steady_m4,regime_marginal,0.2,clean,transit_rough,19,9,1,144,150,6,False,False,False,,6
43,steady_m4,regime_marginal,0.2,clean,transit_rough,20,10,1,60,72,12,False,False,False,,12
43,steady_m4,regime_marginal,0.2,clean,transit_rough,21,10,0,108,114,6,False,False,False,,6
43,steady_m4,regime_marginal,0.2,clean,transit_rough,22,11,0,36,48,12,False,False,False,,12
43,steady_m4,regime_marginal,0.2,clean,transit_rough,23,11,1,132,138,6,False,False,False,,6
43,steady_m4,regime_marginal,0.2,observed,warehouse,0,0,2,48,60,12,True,True,False,1.0,1
43,steady_m4,regime_marginal,0.2,observed,warehouse,1,0,2,120,126,6,True,True,False,0.0,0
43,steady_m4,regime_marginal,0.2,observed,warehouse,2,1,0,12,24,12,True,True,False,3.0,3
43,steady_m4,regime_marginal,0.2,observed,warehouse,3,1,1,132,138,6,True,True,False,1.0,1
43,steady_m4,regime_marginal,0.2,observed,warehouse,4,2,0,0,12,12,True,True,False,1.0,1
43,steady_m4,regime_marginal,0.2,observed,warehouse,5,2,1,156,162,6,True,True,False,1.0,1
43,steady_m4,regime_marginal,0.2,observed,warehouse,6,3,2,60,72,12,True,True,False,1.0,1
43,steady_m4,regime_marginal,0.2,observed,warehouse,7,3,1,132,138,6,True,True,False,1.0,1
43,steady_m4,regime_marginal,0.2,observed,transit_smooth,8,4,1,60,72,12,True,True,False,3.0,3
43,steady_m4,regime_marginal,0.2,observed,transit_smooth,9,4,1,144,150,6,True,True,False,1.0,1
43,steady_m4,regime_marginal,0.2,observed,transit_smooth,10,5,0,72,84,12,True,True,False,4.0,4
43,steady_m4,regime_marginal,0.2,observed,transit_smooth,11,5,1,36,42,6,True,True,False,0.0,0
43,steady_m4,regime_marginal,0.2,observed,transit_smooth,12,6,0,84,96,12,True,True,False,2.0,2
43,steady_m4,regime_marginal,0.2,observed,transit_smooth,13,6,2,12,18,6,True,True,False,1.0,1
43,steady_m4,regime_marginal,0.2,observed,transit_smooth,14,7,1,96,108,12,True,True,False,2.0,2
43,steady_m4,regime_marginal,0.2,observed,transit_smooth,15,7,1,168,174,6,True,True,False,1.0,1
43,steady_m4,regime_marginal,0.2,observed,transit_rough,16,8,0,24,36,12,True,True,False,0.0,0
43,steady_m4,regime_marginal,0.2,observed,transit_rough,17,8,2,36,42,6,True,True,False,2.0,2
43,steady_m4,regime_marginal,0.2,observed,transit_rough,18,9,1,12,24,12,True,True,False,1.0,1
43,steady_m4,regime_marginal,0.2,observed,transit_rough,19,9,1,144,150,6,True,True,False,2.0,2
43,steady_m4,regime_marginal,0.2,observed,transit_rough,20,10,1,60,72,12,True,True,False,1.0,1
43,steady_m4,regime_marginal,0.2,observed,transit_rough,21,10,0,108,114,6,True,True,False,1.0,1
43,steady_m4,regime_marginal,0.2,observed,transit_rough,22,11,0,36,48,12,True,True,False,2.0,2
43,steady_m4,regime_marginal,0.2,observed,transit_rough,23,11,1,132,138,6,True,True,False,1.0,1
43,steady_m4,regime_conditional,1.0,clean,warehouse,0,0,2,48,60,12,False,False,False,,12
43,steady_m4,regime_conditional,1.0,clean,warehouse,1,0,2,120,126,6,True,True,False,1.0,1
43,steady_m4,regime_conditional,1.0,clean,warehouse,2,1,0,12,24,12,False,False,False,,12
43,steady_m4,regime_conditional,1.0,clean,warehouse,3,1,1,132,138,6,False,False,False,,6
43,steady_m4,regime_conditional,1.0,clean,warehouse,4,2,0,0,12,12,True,True,False,5.0,5
43,steady_m4,regime_conditional,1.0,clean,warehouse,5,2,1,156,162,6,False,False,False,,6
43,steady_m4,regime_conditional,1.0,clean,warehouse,6,3,2,60,72,12,False,False,False,,12
43,steady_m4,regime_conditional,1.0,clean,warehouse,7,3,1,132,138,6,False,False,False,,6
43,steady_m4,regime_conditional,1.0,clean,transit_smooth,8,4,1,60,72,12,False,False,False,,12
43,steady_m4,regime_conditional,1.0,clean,transit_smooth,9,4,1,144,150,6,False,False,False,,6
43,steady_m4,regime_conditional,1.0,clean,transit_smooth,10,5,0,72,84,12,False,False,False,,12
43,steady_m4,regime_conditional,1.0,clean,transit_smooth,11,5,1,36,42,6,True,True,False,0.0,0
43,steady_m4,regime_conditional,1.0,clean,transit_smooth,12,6,0,84,96,12,False,False,False,,12
43,steady_m4,regime_conditional,1.0,clean,transit_smooth,13,6,2,12,18,6,False,False,False,,6
43,steady_m4,regime_conditional,1.0,clean,transit_smooth,14,7,1,96,108,12,False,False,False,,12
43,steady_m4,regime_conditional,1.0,clean,transit_smooth,15,7,1,168,174,6,False,False,False,,6
43,steady_m4,regime_conditional,1.0,clean,transit_rough,16,8,0,24,36,12,False,False,False,,12
43,steady_m4,regime_conditional,1.0,clean,transit_rough,17,8,2,36,42,6,False,False,False,,6
43,steady_m4,regime_conditional,1.0,clean,transit_rough,18,9,1,12,24,12,False,False,False,,12
43,steady_m4,regime_conditional,1.0,clean,transit_rough,19,9,1,144,150,6,False,False,False,,6
43,steady_m4,regime_conditional,1.0,clean,transit_rough,20,10,1,60,72,12,False,False,False,,12
43,steady_m4,regime_conditional,1.0,clean,transit_rough,21,10,0,108,114,6,False,False,False,,6
43,steady_m4,regime_conditional,1.0,clean,transit_rough,22,11,0,36,48,12,False,False,False,,12
43,steady_m4,regime_conditional,1.0,clean,transit_rough,23,11,1,132,138,6,False,False,False,,6
43,steady_m4,regime_conditional,1.0,observed,warehouse,0,0,2,48,60,12,True,True,False,0.0,0
43,steady_m4,regime_conditional,1.0,observed,warehouse,1,0,2,120,126,6,True,True,False,0.0,0
43,steady_m4,regime_conditional,1.0,observed,warehouse,2,1,0,12,24,12,True,True,False,0.0,0
43,steady_m4,regime_conditional,1.0,observed,warehouse,3,1,1,132,138,6,True,True,False,0.0,0
43,steady_m4,regime_conditional,1.0,observed,warehouse,4,2,0,0,12,12,True,True,False,0.0,0
43,steady_m4,regime_conditional,1.0,observed,warehouse,5,2,1,156,162,6,True,True,False,0.0,0
43,steady_m4,regime_conditional,1.0,observed,warehouse,6,3,2,60,72,12,True,True,False,0.0,0
43,steady_m4,regime_conditional,1.0,observed,warehouse,7,3,1,132,138,6,True,True,False,0.0,0
43,steady_m4,regime_conditional,1.0,observed,transit_smooth,8,4,1,60,72,12,True,True,False,0.0,0
43,steady_m4,regime_conditional,1.0,observed,transit_smooth,9,4,1,144,150,6,True,True,False,0.0,0
43,steady_m4,regime_conditional,1.0,observed,transit_smooth,10,5,0,72,84,12,True,True,False,0.0,0
43,steady_m4,regime_conditional,1.0,observed,transit_smooth,11,5,1,36,42,6,True,True,False,0.0,0
43,steady_m4,regime_conditional,1.0,observed,transit_smooth,12,6,0,84,96,12,True,True,False,0.0,0
43,steady_m4,regime_conditional,1.0,observed,transit_smooth,13,6,2,12,18,6,True,True,False,0.0,0
43,steady_m4,regime_conditional,1.0,observed,transit_smooth,14,7,1,96,108,12,True,True,False,0.0,0
43,steady_m4,regime_conditional,1.0,observed,transit_smooth,15,7,1,168,174,6,True,True,False,0.0,0
43,steady_m4,regime_conditional,1.0,observed,transit_rough,16,8,0,24,36,12,True,True,False,0.0,0
43,steady_m4,regime_conditional,1.0,observed,transit_rough,17,8,2,36,42,6,True,False,True,,6
43,steady_m4,regime_conditional,1.0,observed,transit_rough,18,9,1,12,24,12,True,True,False,0.0,0
43,steady_m4,regime_conditional,1.0,observed,transit_rough,19,9,1,144,150,6,True,True,False,0.0,0
43,steady_m4,regime_conditional,1.0,observed,transit_rough,20,10,1,60,72,12,True,True,False,0.0,0
43,steady_m4,regime_conditional,1.0,observed,transit_rough,21,10,0,108,114,6,True,True,False,0.0,0
43,steady_m4,regime_conditional,1.0,observed,transit_rough,22,11,0,36,48,12,True,True,False,0.0,0
43,steady_m4,regime_conditional,1.0,observed,transit_rough,23,11,1,132,138,6,True,True,False,0.0,0
43,steady_m4,regime_conditional,0.2,clean,warehouse,0,0,2,48,60,12,False,False,False,,12
43,steady_m4,regime_conditional,0.2,clean,warehouse,1,0,2,120,126,6,False,False,False,,6
43,steady_m4,regime_conditional,0.2,clean,warehouse,2,1,0,12,24,12,True,True,False,1.0,1
43,steady_m4,regime_conditional,0.2,clean,warehouse,3,1,1,132,138,6,False,False,False,,6
43,steady_m4,regime_conditional,0.2,clean,warehouse,4,2,0,0,12,12,False,False,False,,12
43,steady_m4,regime_conditional,0.2,clean,warehouse,5,2,1,156,162,6,False,False,False,,6
43,steady_m4,regime_conditional,0.2,clean,warehouse,6,3,2,60,72,12,True,True,False,10.0,10
43,steady_m4,regime_conditional,0.2,clean,warehouse,7,3,1,132,138,6,False,False,False,,6
43,steady_m4,regime_conditional,0.2,clean,transit_smooth,8,4,1,60,72,12,False,False,False,,12
43,steady_m4,regime_conditional,0.2,clean,transit_smooth,9,4,1,144,150,6,False,False,False,,6
43,steady_m4,regime_conditional,0.2,clean,transit_smooth,10,5,0,72,84,12,False,False,False,,12
43,steady_m4,regime_conditional,0.2,clean,transit_smooth,11,5,1,36,42,6,False,False,False,,6
43,steady_m4,regime_conditional,0.2,clean,transit_smooth,12,6,0,84,96,12,False,False,False,,12
43,steady_m4,regime_conditional,0.2,clean,transit_smooth,13,6,2,12,18,6,False,False,False,,6
43,steady_m4,regime_conditional,0.2,clean,transit_smooth,14,7,1,96,108,12,False,False,False,,12
43,steady_m4,regime_conditional,0.2,clean,transit_smooth,15,7,1,168,174,6,False,False,False,,6
43,steady_m4,regime_conditional,0.2,clean,transit_rough,16,8,0,24,36,12,False,False,False,,12
43,steady_m4,regime_conditional,0.2,clean,transit_rough,17,8,2,36,42,6,False,False,False,,6
43,steady_m4,regime_conditional,0.2,clean,transit_rough,18,9,1,12,24,12,False,False,False,,12
43,steady_m4,regime_conditional,0.2,clean,transit_rough,19,9,1,144,150,6,False,False,False,,6
43,steady_m4,regime_conditional,0.2,clean,transit_rough,20,10,1,60,72,12,False,False,False,,12
43,steady_m4,regime_conditional,0.2,clean,transit_rough,21,10,0,108,114,6,False,False,False,,6
43,steady_m4,regime_conditional,0.2,clean,transit_rough,22,11,0,36,48,12,False,False,False,,12
43,steady_m4,regime_conditional,0.2,clean,transit_rough,23,11,1,132,138,6,False,False,False,,6
43,steady_m4,regime_conditional,0.2,observed,warehouse,0,0,2,48,60,12,True,True,False,1.0,1
43,steady_m4,regime_conditional,0.2,observed,warehouse,1,0,2,120,126,6,True,True,False,0.0,0
43,steady_m4,regime_conditional,0.2,observed,warehouse,2,1,0,12,24,12,True,True,False,2.0,2
43,steady_m4,regime_conditional,0.2,observed,warehouse,3,1,1,132,138,6,True,True,False,0.0,0
43,steady_m4,regime_conditional,0.2,observed,warehouse,4,2,0,0,12,12,True,True,False,1.0,1
43,steady_m4,regime_conditional,0.2,observed,warehouse,5,2,1,156,162,6,True,True,False,0.0,0
43,steady_m4,regime_conditional,0.2,observed,warehouse,6,3,2,60,72,12,True,True,False,0.0,0
43,steady_m4,regime_conditional,0.2,observed,warehouse,7,3,1,132,138,6,True,True,False,1.0,1
43,steady_m4,regime_conditional,0.2,observed,transit_smooth,8,4,1,60,72,12,True,True,False,1.0,1
43,steady_m4,regime_conditional,0.2,observed,transit_smooth,9,4,1,144,150,6,True,True,False,0.0,0
43,steady_m4,regime_conditional,0.2,observed,transit_smooth,10,5,0,72,84,12,True,True,False,1.0,1
43,steady_m4,regime_conditional,0.2,observed,transit_smooth,11,5,1,36,42,6,True,True,False,0.0,0
43,steady_m4,regime_conditional,0.2,observed,transit_smooth,12,6,0,84,96,12,True,True,False,0.0,0
43,steady_m4,regime_conditional,0.2,observed,transit_smooth,13,6,2,12,18,6,True,True,False,1.0,1
43,steady_m4,regime_conditional,0.2,observed,transit_smooth,14,7,1,96,108,12,True,True,False,1.0,1
43,steady_m4,regime_conditional,0.2,observed,transit_smooth,15,7,1,168,174,6,True,True,False,1.0,1
43,steady_m4,regime_conditional,0.2,observed,transit_rough,16,8,0,24,36,12,True,True,False,0.0,0
43,steady_m4,regime_conditional,0.2,observed,transit_rough,17,8,2,36,42,6,True,False,True,,6
43,steady_m4,regime_conditional,0.2,observed,transit_rough,18,9,1,12,24,12,True,True,False,0.0,0
43,steady_m4,regime_conditional,0.2,observed,transit_rough,19,9,1,144,150,6,True,True,False,1.0,1
43,steady_m4,regime_conditional,0.2,observed,transit_rough,20,10,1,60,72,12,True,True,False,0.0,0
43,steady_m4,regime_conditional,0.2,observed,transit_rough,21,10,0,108,114,6,True,True,False,0.0,0
43,steady_m4,regime_conditional,0.2,observed,transit_rough,22,11,0,36,48,12,True,True,False,1.0,1
43,steady_m4,regime_conditional,0.2,observed,transit_rough,23,11,1,132,138,6,True,True,False,0.0,0
43,steady_r02,regime_marginal,1.0,clean,warehouse,0,0,2,48,52,4,False,False,False,,4
43,steady_r02,regime_marginal,1.0,clean,warehouse,1,1,0,12,16,4,False,False,False,,4
43,steady_r02,regime_marginal,1.0,clean,warehouse,2,2,0,0,4,4,False,False,False,,4
43,steady_r02,regime_marginal,1.0,clean,warehouse,3,3,2,60,64,4,False,False,False,,4
43,steady_r02,regime_marginal,1.0,clean,transit_smooth,4,4,1,60,64,4,False,False,False,,4
43,steady_r02,regime_marginal,1.0,clean,transit_smooth,5,5,0,72,76,4,False,False,False,,4
43,steady_r02,regime_marginal,1.0,clean,transit_smooth,6,6,0,84,88,4,False,False,False,,4
43,steady_r02,regime_marginal,1.0,clean,transit_smooth,7,7,1,96,100,4,False,False,False,,4
43,steady_r02,regime_marginal,1.0,clean,transit_rough,8,8,0,24,28,4,False,False,False,,4
43,steady_r02,regime_marginal,1.0,clean,transit_rough,9,9,1,12,16,4,False,False,False,,4
43,steady_r02,regime_marginal,1.0,clean,transit_rough,10,10,1,60,64,4,False,False,False,,4
43,steady_r02,regime_marginal,1.0,clean,transit_rough,11,11,0,36,40,4,False,False,False,,4
43,steady_r02,regime_marginal,1.0,observed,warehouse,0,0,2,48,52,4,True,True,False,1.0,1
43,steady_r02,regime_marginal,1.0,observed,warehouse,1,1,0,12,16,4,False,False,False,,4
43,steady_r02,regime_marginal,1.0,observed,warehouse,2,2,0,0,4,4,True,True,False,0.0,0
43,steady_r02,regime_marginal,1.0,observed,warehouse,3,3,2,60,64,4,True,True,False,1.0,1
43,steady_r02,regime_marginal,1.0,observed,transit_smooth,4,4,1,60,64,4,False,False,False,,4
43,steady_r02,regime_marginal,1.0,observed,transit_smooth,5,5,0,72,76,4,False,False,False,,4
43,steady_r02,regime_marginal,1.0,observed,transit_smooth,6,6,0,84,88,4,True,True,False,3.0,3
43,steady_r02,regime_marginal,1.0,observed,transit_smooth,7,7,1,96,100,4,True,True,False,2.0,2
43,steady_r02,regime_marginal,1.0,observed,transit_rough,8,8,0,24,28,4,True,True,False,0.0,0
43,steady_r02,regime_marginal,1.0,observed,transit_rough,9,9,1,12,16,4,True,True,False,0.0,0
43,steady_r02,regime_marginal,1.0,observed,transit_rough,10,10,1,60,64,4,True,True,False,3.0,3
43,steady_r02,regime_marginal,1.0,observed,transit_rough,11,11,0,36,40,4,True,True,False,2.0,2
43,steady_r02,regime_marginal,0.2,clean,warehouse,0,0,2,48,52,4,False,False,False,,4
43,steady_r02,regime_marginal,0.2,clean,warehouse,1,1,0,12,16,4,False,False,False,,4
43,steady_r02,regime_marginal,0.2,clean,warehouse,2,2,0,0,4,4,False,False,False,,4
43,steady_r02,regime_marginal,0.2,clean,warehouse,3,3,2,60,64,4,False,False,False,,4
43,steady_r02,regime_marginal,0.2,clean,transit_smooth,4,4,1,60,64,4,False,False,False,,4
43,steady_r02,regime_marginal,0.2,clean,transit_smooth,5,5,0,72,76,4,False,False,False,,4
43,steady_r02,regime_marginal,0.2,clean,transit_smooth,6,6,0,84,88,4,False,False,False,,4
43,steady_r02,regime_marginal,0.2,clean,transit_smooth,7,7,1,96,100,4,False,False,False,,4
43,steady_r02,regime_marginal,0.2,clean,transit_rough,8,8,0,24,28,4,False,False,False,,4
43,steady_r02,regime_marginal,0.2,clean,transit_rough,9,9,1,12,16,4,False,False,False,,4
43,steady_r02,regime_marginal,0.2,clean,transit_rough,10,10,1,60,64,4,False,False,False,,4
43,steady_r02,regime_marginal,0.2,clean,transit_rough,11,11,0,36,40,4,False,False,False,,4
43,steady_r02,regime_marginal,0.2,observed,warehouse,0,0,2,48,52,4,False,False,False,,4
43,steady_r02,regime_marginal,0.2,observed,warehouse,1,1,0,12,16,4,False,False,False,,4
43,steady_r02,regime_marginal,0.2,observed,warehouse,2,2,0,0,4,4,False,False,False,,4
43,steady_r02,regime_marginal,0.2,observed,warehouse,3,3,2,60,64,4,False,False,False,,4
43,steady_r02,regime_marginal,0.2,observed,transit_smooth,4,4,1,60,64,4,False,False,False,,4
43,steady_r02,regime_marginal,0.2,observed,transit_smooth,5,5,0,72,76,4,False,False,False,,4
43,steady_r02,regime_marginal,0.2,observed,transit_smooth,6,6,0,84,88,4,False,False,False,,4
43,steady_r02,regime_marginal,0.2,observed,transit_smooth,7,7,1,96,100,4,False,False,False,,4
43,steady_r02,regime_marginal,0.2,observed,transit_rough,8,8,0,24,28,4,True,True,False,1.0,1
43,steady_r02,regime_marginal,0.2,observed,transit_rough,9,9,1,12,16,4,True,True,False,2.0,2
43,steady_r02,regime_marginal,0.2,observed,transit_rough,10,10,1,60,64,4,False,False,False,,4
43,steady_r02,regime_marginal,0.2,observed,transit_rough,11,11,0,36,40,4,False,False,False,,4
43,steady_r02,regime_conditional,1.0,clean,warehouse,0,0,2,48,52,4,False,False,False,,4
43,steady_r02,regime_conditional,1.0,clean,warehouse,1,1,0,12,16,4,False,False,False,,4
43,steady_r02,regime_conditional,1.0,clean,warehouse,2,2,0,0,4,4,False,False,False,,4
43,steady_r02,regime_conditional,1.0,clean,warehouse,3,3,2,60,64,4,False,False,False,,4
43,steady_r02,regime_conditional,1.0,clean,transit_smooth,4,4,1,60,64,4,False,False,False,,4
43,steady_r02,regime_conditional,1.0,clean,transit_smooth,5,5,0,72,76,4,False,False,False,,4
43,steady_r02,regime_conditional,1.0,clean,transit_smooth,6,6,0,84,88,4,False,False,False,,4
43,steady_r02,regime_conditional,1.0,clean,transit_smooth,7,7,1,96,100,4,False,False,False,,4
43,steady_r02,regime_conditional,1.0,clean,transit_rough,8,8,0,24,28,4,False,False,False,,4
43,steady_r02,regime_conditional,1.0,clean,transit_rough,9,9,1,12,16,4,False,False,False,,4
43,steady_r02,regime_conditional,1.0,clean,transit_rough,10,10,1,60,64,4,False,False,False,,4
43,steady_r02,regime_conditional,1.0,clean,transit_rough,11,11,0,36,40,4,False,False,False,,4
43,steady_r02,regime_conditional,1.0,observed,warehouse,0,0,2,48,52,4,True,True,False,1.0,1
43,steady_r02,regime_conditional,1.0,observed,warehouse,1,1,0,12,16,4,True,True,False,2.0,2
43,steady_r02,regime_conditional,1.0,observed,warehouse,2,2,0,0,4,4,True,True,False,2.0,2
43,steady_r02,regime_conditional,1.0,observed,warehouse,3,3,2,60,64,4,True,True,False,0.0,0
43,steady_r02,regime_conditional,1.0,observed,transit_smooth,4,4,1,60,64,4,False,False,False,,4
43,steady_r02,regime_conditional,1.0,observed,transit_smooth,5,5,0,72,76,4,True,True,False,3.0,3
43,steady_r02,regime_conditional,1.0,observed,transit_smooth,6,6,0,84,88,4,True,True,False,1.0,1
43,steady_r02,regime_conditional,1.0,observed,transit_smooth,7,7,1,96,100,4,False,False,False,,4
43,steady_r02,regime_conditional,1.0,observed,transit_rough,8,8,0,24,28,4,True,True,False,0.0,0
43,steady_r02,regime_conditional,1.0,observed,transit_rough,9,9,1,12,16,4,True,True,False,0.0,0
43,steady_r02,regime_conditional,1.0,observed,transit_rough,10,10,1,60,64,4,True,True,False,3.0,3
43,steady_r02,regime_conditional,1.0,observed,transit_rough,11,11,0,36,40,4,True,True,False,2.0,2
43,steady_r02,regime_conditional,0.2,clean,warehouse,0,0,2,48,52,4,False,False,False,,4
43,steady_r02,regime_conditional,0.2,clean,warehouse,1,1,0,12,16,4,True,True,False,1.0,1
43,steady_r02,regime_conditional,0.2,clean,warehouse,2,2,0,0,4,4,False,False,False,,4
43,steady_r02,regime_conditional,0.2,clean,warehouse,3,3,2,60,64,4,False,False,False,,4
43,steady_r02,regime_conditional,0.2,clean,transit_smooth,4,4,1,60,64,4,False,False,False,,4
43,steady_r02,regime_conditional,0.2,clean,transit_smooth,5,5,0,72,76,4,False,False,False,,4
43,steady_r02,regime_conditional,0.2,clean,transit_smooth,6,6,0,84,88,4,False,False,False,,4
43,steady_r02,regime_conditional,0.2,clean,transit_smooth,7,7,1,96,100,4,False,False,False,,4
43,steady_r02,regime_conditional,0.2,clean,transit_rough,8,8,0,24,28,4,False,False,False,,4
43,steady_r02,regime_conditional,0.2,clean,transit_rough,9,9,1,12,16,4,False,False,False,,4
43,steady_r02,regime_conditional,0.2,clean,transit_rough,10,10,1,60,64,4,False,False,False,,4
43,steady_r02,regime_conditional,0.2,clean,transit_rough,11,11,0,36,40,4,False,False,False,,4
43,steady_r02,regime_conditional,0.2,observed,warehouse,0,0,2,48,52,4,True,True,False,1.0,1
43,steady_r02,regime_conditional,0.2,observed,warehouse,1,1,0,12,16,4,False,False,False,,4
43,steady_r02,regime_conditional,0.2,observed,warehouse,2,2,0,0,4,4,True,True,False,2.0,2
43,steady_r02,regime_conditional,0.2,observed,warehouse,3,3,2,60,64,4,True,True,False,1.0,1
43,steady_r02,regime_conditional,0.2,observed,transit_smooth,4,4,1,60,64,4,False,False,False,,4
43,steady_r02,regime_conditional,0.2,observed,transit_smooth,5,5,0,72,76,4,False,False,False,,4
43,steady_r02,regime_conditional,0.2,observed,transit_smooth,6,6,0,84,88,4,True,True,False,1.0,1
43,steady_r02,regime_conditional,0.2,observed,transit_smooth,7,7,1,96,100,4,False,False,False,,4
43,steady_r02,regime_conditional,0.2,observed,transit_rough,8,8,0,24,28,4,True,True,False,1.0,1
43,steady_r02,regime_conditional,0.2,observed,transit_rough,9,9,1,12,16,4,True,True,False,1.0,1
43,steady_r02,regime_conditional,0.2,observed,transit_rough,10,10,1,60,64,4,True,True,False,3.0,3
43,steady_r02,regime_conditional,0.2,observed,transit_rough,11,11,0,36,40,4,True,True,False,2.0,2
43,steady_r20,regime_marginal,1.0,clean,warehouse,0,0,2,48,60,12,False,False,False,,12
43,steady_r20,regime_marginal,1.0,clean,warehouse,1,0,2,120,132,12,True,True,False,1.0,1
43,steady_r20,regime_marginal,1.0,clean,warehouse,2,0,2,96,108,12,False,False,False,,12
43,steady_r20,regime_marginal,1.0,clean,warehouse,3,1,0,12,24,12,False,False,False,,12
43,steady_r20,regime_marginal,1.0,clean,warehouse,4,1,1,132,144,12,False,False,False,,12
43,steady_r20,regime_marginal,1.0,clean,warehouse,5,1,0,144,156,12,True,True,False,4.0,4
43,steady_r20,regime_marginal,1.0,clean,warehouse,6,2,0,0,12,12,False,False,False,,12
43,steady_r20,regime_marginal,1.0,clean,warehouse,7,2,1,156,168,12,True,True,False,5.0,5
43,steady_r20,regime_marginal,1.0,clean,warehouse,8,2,0,84,96,12,False,False,False,,12
43,steady_r20,regime_marginal,1.0,clean,warehouse,9,3,2,60,72,12,True,True,False,9.0,9
43,steady_r20,regime_marginal,1.0,clean,warehouse,10,3,1,132,144,12,False,False,False,,12
43,steady_r20,regime_marginal,1.0,clean,warehouse,11,3,0,144,156,12,False,False,False,,12
43,steady_r20,regime_marginal,1.0,clean,transit_smooth,12,4,1,60,72,12,False,False,False,,12
43,steady_r20,regime_marginal,1.0,clean,transit_smooth,13,4,1,144,156,12,False,False,False,,12
43,steady_r20,regime_marginal,1.0,clean,transit_smooth,14,4,2,0,12,12,False,False,False,,12
43,steady_r20,regime_marginal,1.0,clean,transit_smooth,15,5,0,72,84,12,False,False,False,,12
43,steady_r20,regime_marginal,1.0,clean,transit_smooth,16,5,1,36,48,12,True,True,False,0.0,0
43,steady_r20,regime_marginal,1.0,clean,transit_smooth,17,5,1,132,144,12,False,False,False,,12
43,steady_r20,regime_marginal,1.0,clean,transit_smooth,18,6,0,84,96,12,False,False,False,,12
43,steady_r20,regime_marginal,1.0,clean,transit_smooth,19,6,2,12,24,12,False,False,False,,12
43,steady_r20,regime_marginal,1.0,clean,transit_smooth,20,6,2,36,48,12,False,False,True,,12
43,steady_r20,regime_marginal,1.0,clean,transit_smooth,21,7,1,96,108,12,False,False,False,,12
43,steady_r20,regime_marginal,1.0,clean,transit_smooth,22,7,1,168,180,12,False,False,False,,12
43,steady_r20,regime_marginal,1.0,clean,transit_smooth,23,7,2,72,84,12,True,True,False,6.0,6
43,steady_r20,regime_marginal,1.0,clean,transit_rough,24,8,0,24,36,12,False,False,False,,12
43,steady_r20,regime_marginal,1.0,clean,transit_rough,25,8,2,36,48,12,False,False,False,,12
43,steady_r20,regime_marginal,1.0,clean,transit_rough,26,8,2,156,168,12,True,True,False,10.0,10
43,steady_r20,regime_marginal,1.0,clean,transit_rough,27,9,1,12,24,12,False,False,False,,12
43,steady_r20,regime_marginal,1.0,clean,transit_rough,28,9,1,144,156,12,False,False,False,,12
43,steady_r20,regime_marginal,1.0,clean,transit_rough,29,9,1,108,120,12,False,False,False,,12
43,steady_r20,regime_marginal,1.0,clean,transit_rough,30,10,1,60,72,12,True,True,False,9.0,9
43,steady_r20,regime_marginal,1.0,clean,transit_rough,31,10,0,108,120,12,False,False,False,,12
43,steady_r20,regime_marginal,1.0,clean,transit_rough,32,10,1,0,12,12,False,False,False,,12
43,steady_r20,regime_marginal,1.0,clean,transit_rough,33,11,0,36,48,12,False,False,False,,12
43,steady_r20,regime_marginal,1.0,clean,transit_rough,34,11,1,132,144,12,False,False,False,,12
43,steady_r20,regime_marginal,1.0,clean,transit_rough,35,11,1,156,168,12,True,True,False,10.0,10
43,steady_r20,regime_marginal,1.0,observed,warehouse,0,0,2,48,60,12,True,True,False,1.0,1
43,steady_r20,regime_marginal,1.0,observed,warehouse,1,0,2,120,132,12,True,True,False,1.0,1
43,steady_r20,regime_marginal,1.0,observed,warehouse,2,0,2,96,108,12,True,True,False,3.0,3
43,steady_r20,regime_marginal,1.0,observed,warehouse,3,1,0,12,24,12,False,False,False,,12
43,steady_r20,regime_marginal,1.0,observed,warehouse,4,1,1,132,144,12,True,True,False,4.0,4
43,steady_r20,regime_marginal,1.0,observed,warehouse,5,1,0,144,156,12,False,False,False,,12
43,steady_r20,regime_marginal,1.0,observed,warehouse,6,2,0,0,12,12,True,True,False,0.0,0
43,steady_r20,regime_marginal,1.0,observed,warehouse,7,2,1,156,168,12,True,True,False,10.0,10
43,steady_r20,regime_marginal,1.0,observed,warehouse,8,2,0,84,96,12,True,True,False,1.0,1
43,steady_r20,regime_marginal,1.0,observed,warehouse,9,3,2,60,72,12,True,True,False,1.0,1
43,steady_r20,regime_marginal,1.0,observed,warehouse,10,3,1,132,144,12,True,True,False,10.0,10
43,steady_r20,regime_marginal,1.0,observed,warehouse,11,3,0,144,156,12,True,True,False,1.0,1
43,steady_r20,regime_marginal,1.0,observed,transit_smooth,12,4,1,60,72,12,False,False,False,,12
43,steady_r20,regime_marginal,1.0,observed,transit_smooth,13,4,1,144,156,12,True,True,False,1.0,1
43,steady_r20,regime_marginal,1.0,observed,transit_smooth,14,4,2,0,12,12,True,True,False,7.0,7
43,steady_r20,regime_marginal,1.0,observed,transit_smooth,15,5,0,72,84,12,True,True,False,6.0,6
43,steady_r20,regime_marginal,1.0,observed,transit_smooth,16,5,1,36,48,12,True,True,False,0.0,0
43,steady_r20,regime_marginal,1.0,observed,transit_smooth,17,5,1,132,144,12,True,True,False,0.0,0
43,steady_r20,regime_marginal,1.0,observed,transit_smooth,18,6,0,84,96,12,True,True,False,3.0,3
43,steady_r20,regime_marginal,1.0,observed,transit_smooth,19,6,2,12,24,12,True,True,False,1.0,1
43,steady_r20,regime_marginal,1.0,observed,transit_smooth,20,6,2,36,48,12,True,True,True,3.0,3
43,steady_r20,regime_marginal,1.0,observed,transit_smooth,21,7,1,96,108,12,True,True,False,2.0,2
43,steady_r20,regime_marginal,1.0,observed,transit_smooth,22,7,1,168,180,12,True,True,False,0.0,0
43,steady_r20,regime_marginal,1.0,observed,transit_smooth,23,7,2,72,84,12,True,True,False,1.0,1
43,steady_r20,regime_marginal,1.0,observed,transit_rough,24,8,0,24,36,12,True,True,False,0.0,0
43,steady_r20,regime_marginal,1.0,observed,transit_rough,25,8,2,36,48,12,True,True,False,2.0,2
43,steady_r20,regime_marginal,1.0,observed,transit_rough,26,8,2,156,168,12,True,True,False,0.0,0
43,steady_r20,regime_marginal,1.0,observed,transit_rough,27,9,1,12,24,12,True,True,False,0.0,0
43,steady_r20,regime_marginal,1.0,observed,transit_rough,28,9,1,144,156,12,True,True,False,6.0,6
43,steady_r20,regime_marginal,1.0,observed,transit_rough,29,9,1,108,120,12,True,True,False,0.0,0
43,steady_r20,regime_marginal,1.0,observed,transit_rough,30,10,1,60,72,12,True,True,False,3.0,3
43,steady_r20,regime_marginal,1.0,observed,transit_rough,31,10,0,108,120,12,True,True,False,0.0,0
43,steady_r20,regime_marginal,1.0,observed,transit_rough,32,10,1,0,12,12,True,True,False,1.0,1
43,steady_r20,regime_marginal,1.0,observed,transit_rough,33,11,0,36,48,12,True,True,False,2.0,2
43,steady_r20,regime_marginal,1.0,observed,transit_rough,34,11,1,132,144,12,True,True,False,1.0,1
43,steady_r20,regime_marginal,1.0,observed,transit_rough,35,11,1,156,168,12,True,True,False,0.0,0
43,steady_r20,regime_marginal,0.2,clean,warehouse,0,0,2,48,60,12,False,False,False,,12
43,steady_r20,regime_marginal,0.2,clean,warehouse,1,0,2,120,132,12,False,False,False,,12
43,steady_r20,regime_marginal,0.2,clean,warehouse,2,0,2,96,108,12,False,False,False,,12
43,steady_r20,regime_marginal,0.2,clean,warehouse,3,1,0,12,24,12,False,False,False,,12
43,steady_r20,regime_marginal,0.2,clean,warehouse,4,1,1,132,144,12,False,False,False,,12
43,steady_r20,regime_marginal,0.2,clean,warehouse,5,1,0,144,156,12,True,True,False,4.0,4
43,steady_r20,regime_marginal,0.2,clean,warehouse,6,2,0,0,12,12,False,False,False,,12
43,steady_r20,regime_marginal,0.2,clean,warehouse,7,2,1,156,168,12,False,False,False,,12
43,steady_r20,regime_marginal,0.2,clean,warehouse,8,2,0,84,96,12,False,False,False,,12
43,steady_r20,regime_marginal,0.2,clean,warehouse,9,3,2,60,72,12,True,True,False,7.0,7
43,steady_r20,regime_marginal,0.2,clean,warehouse,10,3,1,132,144,12,False,False,False,,12
43,steady_r20,regime_marginal,0.2,clean,warehouse,11,3,0,144,156,12,False,False,False,,12
43,steady_r20,regime_marginal,0.2,clean,transit_smooth,12,4,1,60,72,12,False,False,False,,12
43,steady_r20,regime_marginal,0.2,clean,transit_smooth,13,4,1,144,156,12,False,False,False,,12
43,steady_r20,regime_marginal,0.2,clean,transit_smooth,14,4,2,0,12,12,False,False,False,,12
43,steady_r20,regime_marginal,0.2,clean,transit_smooth,15,5,0,72,84,12,False,False,False,,12
43,steady_r20,regime_marginal,0.2,clean,transit_smooth,16,5,1,36,48,12,False,False,False,,12
43,steady_r20,regime_marginal,0.2,clean,transit_smooth,17,5,1,132,144,12,False,False,False,,12
43,steady_r20,regime_marginal,0.2,clean,transit_smooth,18,6,0,84,96,12,False,False,False,,12
43,steady_r20,regime_marginal,0.2,clean,transit_smooth,19,6,2,12,24,12,False,False,False,,12
43,steady_r20,regime_marginal,0.2,clean,transit_smooth,20,6,2,36,48,12,False,False,False,,12
43,steady_r20,regime_marginal,0.2,clean,transit_smooth,21,7,1,96,108,12,False,False,False,,12
43,steady_r20,regime_marginal,0.2,clean,transit_smooth,22,7,1,168,180,12,False,False,False,,12
43,steady_r20,regime_marginal,0.2,clean,transit_smooth,23,7,2,72,84,12,False,False,False,,12
43,steady_r20,regime_marginal,0.2,clean,transit_rough,24,8,0,24,36,12,False,False,False,,12
43,steady_r20,regime_marginal,0.2,clean,transit_rough,25,8,2,36,48,12,False,False,False,,12
43,steady_r20,regime_marginal,0.2,clean,transit_rough,26,8,2,156,168,12,False,False,False,,12
43,steady_r20,regime_marginal,0.2,clean,transit_rough,27,9,1,12,24,12,False,False,False,,12
43,steady_r20,regime_marginal,0.2,clean,transit_rough,28,9,1,144,156,12,False,False,False,,12
43,steady_r20,regime_marginal,0.2,clean,transit_rough,29,9,1,108,120,12,True,True,False,7.0,7
43,steady_r20,regime_marginal,0.2,clean,transit_rough,30,10,1,60,72,12,False,False,False,,12
43,steady_r20,regime_marginal,0.2,clean,transit_rough,31,10,0,108,120,12,False,False,False,,12
43,steady_r20,regime_marginal,0.2,clean,transit_rough,32,10,1,0,12,12,False,False,False,,12
43,steady_r20,regime_marginal,0.2,clean,transit_rough,33,11,0,36,48,12,False,False,False,,12
43,steady_r20,regime_marginal,0.2,clean,transit_rough,34,11,1,132,144,12,False,False,False,,12
43,steady_r20,regime_marginal,0.2,clean,transit_rough,35,11,1,156,168,12,False,False,False,,12
43,steady_r20,regime_marginal,0.2,observed,warehouse,0,0,2,48,60,12,True,True,False,9.0,9
43,steady_r20,regime_marginal,0.2,observed,warehouse,1,0,2,120,132,12,True,True,False,1.0,1
43,steady_r20,regime_marginal,0.2,observed,warehouse,2,0,2,96,108,12,True,True,False,3.0,3
43,steady_r20,regime_marginal,0.2,observed,warehouse,3,1,0,12,24,12,False,False,False,,12
43,steady_r20,regime_marginal,0.2,observed,warehouse,4,1,1,132,144,12,True,True,False,6.0,6
43,steady_r20,regime_marginal,0.2,observed,warehouse,5,1,0,144,156,12,False,False,False,,12
43,steady_r20,regime_marginal,0.2,observed,warehouse,6,2,0,0,12,12,True,True,False,4.0,4
43,steady_r20,regime_marginal,0.2,observed,warehouse,7,2,1,156,168,12,True,True,False,7.0,7
43,steady_r20,regime_marginal,0.2,observed,warehouse,8,2,0,84,96,12,True,True,False,5.0,5
43,steady_r20,regime_marginal,0.2,observed,warehouse,9,3,2,60,72,12,False,False,False,,12
43,steady_r20,regime_marginal,0.2,observed,warehouse,10,3,1,132,144,12,True,True,False,6.0,6
43,steady_r20,regime_marginal,0.2,observed,warehouse,11,3,0,144,156,12,True,True,False,2.0,2
43,steady_r20,regime_marginal,0.2,observed,transit_smooth,12,4,1,60,72,12,True,True,False,9.0,9
43,steady_r20,regime_marginal,0.2,observed,transit_smooth,13,4,1,144,156,12,True,True,False,4.0,4
43,steady_r20,regime_marginal,0.2,observed,transit_smooth,14,4,2,0,12,12,True,True,False,8.0,8
43,steady_r20,regime_marginal,0.2,observed,transit_smooth,15,5,0,72,84,12,True,True,False,10.0,10
43,steady_r20,regime_marginal,0.2,observed,transit_smooth,16,5,1,36,48,12,True,True,False,3.0,3
43,steady_r20,regime_marginal,0.2,observed,transit_smooth,17,5,1,132,144,12,True,True,False,2.0,2
43,steady_r20,regime_marginal,0.2,observed,transit_smooth,18,6,0,84,96,12,True,True,False,4.0,4
43,steady_r20,regime_marginal,0.2,observed,transit_smooth,19,6,2,12,24,12,True,True,False,4.0,4
43,steady_r20,regime_marginal,0.2,observed,transit_smooth,20,6,2,36,48,12,True,True,False,4.0,4
43,steady_r20,regime_marginal,0.2,observed,transit_smooth,21,7,1,96,108,12,True,True,False,5.0,5
43,steady_r20,regime_marginal,0.2,observed,transit_smooth,22,7,1,168,180,12,True,True,False,3.0,3
43,steady_r20,regime_marginal,0.2,observed,transit_smooth,23,7,2,72,84,12,True,True,False,3.0,3
43,steady_r20,regime_marginal,0.2,observed,transit_rough,24,8,0,24,36,12,True,True,False,1.0,1
43,steady_r20,regime_marginal,0.2,observed,transit_rough,25,8,2,36,48,12,True,True,False,3.0,3
43,steady_r20,regime_marginal,0.2,observed,transit_rough,26,8,2,156,168,12,True,True,False,4.0,4
43,steady_r20,regime_marginal,0.2,observed,transit_rough,27,9,1,12,24,12,True,True,False,2.0,2
43,steady_r20,regime_marginal,0.2,observed,transit_rough,28,9,1,144,156,12,True,True,False,6.0,6
43,steady_r20,regime_marginal,0.2,observed,transit_rough,29,9,1,108,120,12,True,True,False,0.0,0
43,steady_r20,regime_marginal,0.2,observed,transit_rough,30,10,1,60,72,12,True,True,False,4.0,4
43,steady_r20,regime_marginal,0.2,observed,transit_rough,31,10,0,108,120,12,True,True,False,2.0,2
43,steady_r20,regime_marginal,0.2,observed,transit_rough,32,10,1,0,12,12,True,True,False,3.0,3
43,steady_r20,regime_marginal,0.2,observed,transit_rough,33,11,0,36,48,12,True,True,False,5.0,5
43,steady_r20,regime_marginal,0.2,observed,transit_rough,34,11,1,132,144,12,True,True,False,2.0,2
43,steady_r20,regime_marginal,0.2,observed,transit_rough,35,11,1,156,168,12,True,True,False,2.0,2
43,steady_r20,regime_conditional,1.0,clean,warehouse,0,0,2,48,60,12,False,False,False,,12
43,steady_r20,regime_conditional,1.0,clean,warehouse,1,0,2,120,132,12,True,True,False,1.0,1
43,steady_r20,regime_conditional,1.0,clean,warehouse,2,0,2,96,108,12,False,False,False,,12
43,steady_r20,regime_conditional,1.0,clean,warehouse,3,1,0,12,24,12,False,False,False,,12
43,steady_r20,regime_conditional,1.0,clean,warehouse,4,1,1,132,144,12,False,False,False,,12
43,steady_r20,regime_conditional,1.0,clean,warehouse,5,1,0,144,156,12,True,True,False,4.0,4
43,steady_r20,regime_conditional,1.0,clean,warehouse,6,2,0,0,12,12,True,True,False,5.0,5
43,steady_r20,regime_conditional,1.0,clean,warehouse,7,2,1,156,168,12,False,False,False,,12
43,steady_r20,regime_conditional,1.0,clean,warehouse,8,2,0,84,96,12,False,False,False,,12
43,steady_r20,regime_conditional,1.0,clean,warehouse,9,3,2,60,72,12,False,False,False,,12
43,steady_r20,regime_conditional,1.0,clean,warehouse,10,3,1,132,144,12,False,False,False,,12
43,steady_r20,regime_conditional,1.0,clean,warehouse,11,3,0,144,156,12,False,False,False,,12
43,steady_r20,regime_conditional,1.0,clean,transit_smooth,12,4,1,60,72,12,False,False,False,,12
43,steady_r20,regime_conditional,1.0,clean,transit_smooth,13,4,1,144,156,12,False,False,False,,12
43,steady_r20,regime_conditional,1.0,clean,transit_smooth,14,4,2,0,12,12,False,False,False,,12
43,steady_r20,regime_conditional,1.0,clean,transit_smooth,15,5,0,72,84,12,False,False,False,,12
43,steady_r20,regime_conditional,1.0,clean,transit_smooth,16,5,1,36,48,12,True,True,False,0.0,0
43,steady_r20,regime_conditional,1.0,clean,transit_smooth,17,5,1,132,144,12,False,False,False,,12
43,steady_r20,regime_conditional,1.0,clean,transit_smooth,18,6,0,84,96,12,False,False,False,,12
43,steady_r20,regime_conditional,1.0,clean,transit_smooth,19,6,2,12,24,12,False,False,False,,12
43,steady_r20,regime_conditional,1.0,clean,transit_smooth,20,6,2,36,48,12,False,False,True,,12
43,steady_r20,regime_conditional,1.0,clean,transit_smooth,21,7,1,96,108,12,False,False,False,,12
43,steady_r20,regime_conditional,1.0,clean,transit_smooth,22,7,1,168,180,12,False,False,False,,12
43,steady_r20,regime_conditional,1.0,clean,transit_smooth,23,7,2,72,84,12,False,False,False,,12
43,steady_r20,regime_conditional,1.0,clean,transit_rough,24,8,0,24,36,12,False,False,False,,12
43,steady_r20,regime_conditional,1.0,clean,transit_rough,25,8,2,36,48,12,False,False,False,,12
43,steady_r20,regime_conditional,1.0,clean,transit_rough,26,8,2,156,168,12,True,True,False,10.0,10
43,steady_r20,regime_conditional,1.0,clean,transit_rough,27,9,1,12,24,12,False,False,False,,12
43,steady_r20,regime_conditional,1.0,clean,transit_rough,28,9,1,144,156,12,False,False,False,,12
43,steady_r20,regime_conditional,1.0,clean,transit_rough,29,9,1,108,120,12,False,False,False,,12
43,steady_r20,regime_conditional,1.0,clean,transit_rough,30,10,1,60,72,12,False,False,False,,12
43,steady_r20,regime_conditional,1.0,clean,transit_rough,31,10,0,108,120,12,False,False,False,,12
43,steady_r20,regime_conditional,1.0,clean,transit_rough,32,10,1,0,12,12,False,False,False,,12
43,steady_r20,regime_conditional,1.0,clean,transit_rough,33,11,0,36,48,12,False,False,False,,12
43,steady_r20,regime_conditional,1.0,clean,transit_rough,34,11,1,132,144,12,False,False,False,,12
43,steady_r20,regime_conditional,1.0,clean,transit_rough,35,11,1,156,168,12,True,True,False,10.0,10
43,steady_r20,regime_conditional,1.0,observed,warehouse,0,0,2,48,60,12,True,True,False,1.0,1
43,steady_r20,regime_conditional,1.0,observed,warehouse,1,0,2,120,132,12,True,True,False,1.0,1
43,steady_r20,regime_conditional,1.0,observed,warehouse,2,0,2,96,108,12,True,True,False,1.0,1
43,steady_r20,regime_conditional,1.0,observed,warehouse,3,1,0,12,24,12,True,True,False,2.0,2
43,steady_r20,regime_conditional,1.0,observed,warehouse,4,1,1,132,144,12,True,True,False,1.0,1
43,steady_r20,regime_conditional,1.0,observed,warehouse,5,1,0,144,156,12,True,True,True,3.0,3
43,steady_r20,regime_conditional,1.0,observed,warehouse,6,2,0,0,12,12,True,True,False,2.0,2
43,steady_r20,regime_conditional,1.0,observed,warehouse,7,2,1,156,168,12,True,True,False,0.0,0
43,steady_r20,regime_conditional,1.0,observed,warehouse,8,2,0,84,96,12,True,True,False,1.0,1
43,steady_r20,regime_conditional,1.0,observed,warehouse,9,3,2,60,72,12,True,True,False,0.0,0
43,steady_r20,regime_conditional,1.0,observed,warehouse,10,3,1,132,144,12,True,True,False,4.0,4
43,steady_r20,regime_conditional,1.0,observed,warehouse,11,3,0,144,156,12,True,True,False,1.0,1
43,steady_r20,regime_conditional,1.0,observed,transit_smooth,12,4,1,60,72,12,True,True,False,6.0,6
43,steady_r20,regime_conditional,1.0,observed,transit_smooth,13,4,1,144,156,12,True,True,False,1.0,1
43,steady_r20,regime_conditional,1.0,observed,transit_smooth,14,4,2,0,12,12,True,True,False,7.0,7
43,steady_r20,regime_conditional,1.0,observed,transit_smooth,15,5,0,72,84,12,True,True,False,3.0,3
43,steady_r20,regime_conditional,1.0,observed,transit_smooth,16,5,1,36,48,12,True,True,False,0.0,0
43,steady_r20,regime_conditional,1.0,observed,transit_smooth,17,5,1,132,144,12,True,True,False,0.0,0
43,steady_r20,regime_conditional,1.0,observed,transit_smooth,18,6,0,84,96,12,True,True,False,1.0,1
43,steady_r20,regime_conditional,1.0,observed,transit_smooth,19,6,2,12,24,12,True,True,False,1.0,1
43,steady_r20,regime_conditional,1.0,observed,transit_smooth,20,6,2,36,48,12,True,True,True,4.0,4
43,steady_r20,regime_conditional,1.0,observed,transit_smooth,21,7,1,96,108,12,True,True,False,5.0,5
43,steady_r20,regime_conditional,1.0,observed,transit_smooth,22,7,1,168,180,12,True,True,False,0.0,0
43,steady_r20,regime_conditional,1.0,observed,transit_smooth,23,7,2,72,84,12,True,True,False,2.0,2
43,steady_r20,regime_conditional,1.0,observed,transit_rough,24,8,0,24,36,12,True,True,False,0.0,0
43,steady_r20,regime_conditional,1.0,observed,transit_rough,25,8,2,36,48,12,True,True,False,2.0,2
43,steady_r20,regime_conditional,1.0,observed,transit_rough,26,8,2,156,168,12,True,True,False,0.0,0
43,steady_r20,regime_conditional,1.0,observed,transit_rough,27,9,1,12,24,12,True,True,False,0.0,0
43,steady_r20,regime_conditional,1.0,observed,transit_rough,28,9,1,144,156,12,True,True,False,5.0,5
43,steady_r20,regime_conditional,1.0,observed,transit_rough,29,9,1,108,120,12,True,True,False,0.0,0
43,steady_r20,regime_conditional,1.0,observed,transit_rough,30,10,1,60,72,12,True,True,False,3.0,3
43,steady_r20,regime_conditional,1.0,observed,transit_rough,31,10,0,108,120,12,True,True,False,0.0,0
43,steady_r20,regime_conditional,1.0,observed,transit_rough,32,10,1,0,12,12,True,True,False,3.0,3
43,steady_r20,regime_conditional,1.0,observed,transit_rough,33,11,0,36,48,12,True,True,False,2.0,2
43,steady_r20,regime_conditional,1.0,observed,transit_rough,34,11,1,132,144,12,True,True,False,7.0,7
43,steady_r20,regime_conditional,1.0,observed,transit_rough,35,11,1,156,168,12,True,True,False,0.0,0
43,steady_r20,regime_conditional,0.2,clean,warehouse,0,0,2,48,60,12,False,False,False,,12
43,steady_r20,regime_conditional,0.2,clean,warehouse,1,0,2,120,132,12,False,False,False,,12
43,steady_r20,regime_conditional,0.2,clean,warehouse,2,0,2,96,108,12,False,False,False,,12
43,steady_r20,regime_conditional,0.2,clean,warehouse,3,1,0,12,24,12,True,True,False,1.0,1
43,steady_r20,regime_conditional,0.2,clean,warehouse,4,1,1,132,144,12,False,False,False,,12
43,steady_r20,regime_conditional,0.2,clean,warehouse,5,1,0,144,156,12,True,True,False,5.0,5
43,steady_r20,regime_conditional,0.2,clean,warehouse,6,2,0,0,12,12,False,False,False,,12
43,steady_r20,regime_conditional,0.2,clean,warehouse,7,2,1,156,168,12,False,False,False,,12
43,steady_r20,regime_conditional,0.2,clean,warehouse,8,2,0,84,96,12,False,False,False,,12
43,steady_r20,regime_conditional,0.2,clean,warehouse,9,3,2,60,72,12,True,True,False,10.0,10
43,steady_r20,regime_conditional,0.2,clean,warehouse,10,3,1,132,144,12,False,False,False,,12
43,steady_r20,regime_conditional,0.2,clean,warehouse,11,3,0,144,156,12,False,False,False,,12
43,steady_r20,regime_conditional,0.2,clean,transit_smooth,12,4,1,60,72,12,False,False,False,,12
43,steady_r20,regime_conditional,0.2,clean,transit_smooth,13,4,1,144,156,12,False,False,False,,12
43,steady_r20,regime_conditional,0.2,clean,transit_smooth,14,4,2,0,12,12,False,False,False,,12
43,steady_r20,regime_conditional,0.2,clean,transit_smooth,15,5,0,72,84,12,False,False,False,,12
43,steady_r20,regime_conditional,0.2,clean,transit_smooth,16,5,1,36,48,12,False,False,False,,12
43,steady_r20,regime_conditional,0.2,clean,transit_smooth,17,5,1,132,144,12,False,False,False,,12
43,steady_r20,regime_conditional,0.2,clean,transit_smooth,18,6,0,84,96,12,False,False,False,,12
43,steady_r20,regime_conditional,0.2,clean,transit_smooth,19,6,2,12,24,12,False,False,False,,12
43,steady_r20,regime_conditional,0.2,clean,transit_smooth,20,6,2,36,48,12,False,False,False,,12
43,steady_r20,regime_conditional,0.2,clean,transit_smooth,21,7,1,96,108,12,False,False,False,,12
43,steady_r20,regime_conditional,0.2,clean,transit_smooth,22,7,1,168,180,12,False,False,False,,12
43,steady_r20,regime_conditional,0.2,clean,transit_smooth,23,7,2,72,84,12,False,False,False,,12
43,steady_r20,regime_conditional,0.2,clean,transit_rough,24,8,0,24,36,12,False,False,False,,12
43,steady_r20,regime_conditional,0.2,clean,transit_rough,25,8,2,36,48,12,False,False,False,,12
43,steady_r20,regime_conditional,0.2,clean,transit_rough,26,8,2,156,168,12,False,False,False,,12
43,steady_r20,regime_conditional,0.2,clean,transit_rough,27,9,1,12,24,12,False,False,False,,12
43,steady_r20,regime_conditional,0.2,clean,transit_rough,28,9,1,144,156,12,False,False,False,,12
43,steady_r20,regime_conditional,0.2,clean,transit_rough,29,9,1,108,120,12,False,False,False,,12
43,steady_r20,regime_conditional,0.2,clean,transit_rough,30,10,1,60,72,12,False,False,False,,12
43,steady_r20,regime_conditional,0.2,clean,transit_rough,31,10,0,108,120,12,False,False,False,,12
43,steady_r20,regime_conditional,0.2,clean,transit_rough,32,10,1,0,12,12,False,False,False,,12
43,steady_r20,regime_conditional,0.2,clean,transit_rough,33,11,0,36,48,12,False,False,False,,12
43,steady_r20,regime_conditional,0.2,clean,transit_rough,34,11,1,132,144,12,False,False,False,,12
43,steady_r20,regime_conditional,0.2,clean,transit_rough,35,11,1,156,168,12,False,False,False,,12
43,steady_r20,regime_conditional,0.2,observed,warehouse,0,0,2,48,60,12,True,True,False,1.0,1
43,steady_r20,regime_conditional,0.2,observed,warehouse,1,0,2,120,132,12,True,True,False,1.0,1
43,steady_r20,regime_conditional,0.2,observed,warehouse,2,0,2,96,108,12,True,True,False,2.0,2
43,steady_r20,regime_conditional,0.2,observed,warehouse,3,1,0,12,24,12,True,True,False,5.0,5
43,steady_r20,regime_conditional,0.2,observed,warehouse,4,1,1,132,144,12,True,True,False,1.0,1
43,steady_r20,regime_conditional,0.2,observed,warehouse,5,1,0,144,156,12,True,True,True,9.0,9
43,steady_r20,regime_conditional,0.2,observed,warehouse,6,2,0,0,12,12,True,True,False,2.0,2
43,steady_r20,regime_conditional,0.2,observed,warehouse,7,2,1,156,168,12,True,True,False,0.0,0
43,steady_r20,regime_conditional,0.2,observed,warehouse,8,2,0,84,96,12,True,True,False,2.0,2
43,steady_r20,regime_conditional,0.2,observed,warehouse,9,3,2,60,72,12,True,True,False,1.0,1
43,steady_r20,regime_conditional,0.2,observed,warehouse,10,3,1,132,144,12,True,True,False,3.0,3
43,steady_r20,regime_conditional,0.2,observed,warehouse,11,3,0,144,156,12,True,True,True,2.0,2
43,steady_r20,regime_conditional,0.2,observed,transit_smooth,12,4,1,60,72,12,True,True,False,5.0,5
43,steady_r20,regime_conditional,0.2,observed,transit_smooth,13,4,1,144,156,12,True,True,False,1.0,1
43,steady_r20,regime_conditional,0.2,observed,transit_smooth,14,4,2,0,12,12,True,True,False,4.0,4
43,steady_r20,regime_conditional,0.2,observed,transit_smooth,15,5,0,72,84,12,True,True,False,5.0,5
43,steady_r20,regime_conditional,0.2,observed,transit_smooth,16,5,1,36,48,12,True,True,False,1.0,1
43,steady_r20,regime_conditional,0.2,observed,transit_smooth,17,5,1,132,144,12,True,True,False,1.0,1
43,steady_r20,regime_conditional,0.2,observed,transit_smooth,18,6,0,84,96,12,True,True,False,1.0,1
43,steady_r20,regime_conditional,0.2,observed,transit_smooth,19,6,2,12,24,12,True,True,False,3.0,3
43,steady_r20,regime_conditional,0.2,observed,transit_smooth,20,6,2,36,48,12,True,True,False,3.0,3
43,steady_r20,regime_conditional,0.2,observed,transit_smooth,21,7,1,96,108,12,True,True,False,4.0,4
43,steady_r20,regime_conditional,0.2,observed,transit_smooth,22,7,1,168,180,12,True,True,False,2.0,2
43,steady_r20,regime_conditional,0.2,observed,transit_smooth,23,7,2,72,84,12,True,True,False,2.0,2
43,steady_r20,regime_conditional,0.2,observed,transit_rough,24,8,0,24,36,12,True,True,False,1.0,1
43,steady_r20,regime_conditional,0.2,observed,transit_rough,25,8,2,36,48,12,True,True,False,2.0,2
43,steady_r20,regime_conditional,0.2,observed,transit_rough,26,8,2,156,168,12,True,True,False,1.0,1
43,steady_r20,regime_conditional,0.2,observed,transit_rough,27,9,1,12,24,12,True,True,False,1.0,1
43,steady_r20,regime_conditional,0.2,observed,transit_rough,28,9,1,144,156,12,True,True,False,3.0,3
43,steady_r20,regime_conditional,0.2,observed,transit_rough,29,9,1,108,120,12,True,True,False,0.0,0
43,steady_r20,regime_conditional,0.2,observed,transit_rough,30,10,1,60,72,12,True,True,False,3.0,3
43,steady_r20,regime_conditional,0.2,observed,transit_rough,31,10,0,108,120,12,True,True,False,0.0,0
43,steady_r20,regime_conditional,0.2,observed,transit_rough,32,10,1,0,12,12,True,True,False,2.0,2
43,steady_r20,regime_conditional,0.2,observed,transit_rough,33,11,0,36,48,12,True,True,False,2.0,2
43,steady_r20,regime_conditional,0.2,observed,transit_rough,34,11,1,132,144,12,True,True,False,2.0,2
43,steady_r20,regime_conditional,0.2,observed,transit_rough,35,11,1,156,168,12,True,True,False,1.0,1
43,steady_k2,regime_marginal,1.0,clean,warehouse,0,0,2,48,60,12,False,False,False,,12
43,steady_k2,regime_marginal,1.0,clean,warehouse,0,0,1,48,60,12,False,False,False,,12
43,steady_k2,regime_marginal,1.0,clean,warehouse,1,0,2,120,126,6,True,True,False,1.0,1
43,steady_k2,regime_marginal,1.0,clean,warehouse,1,0,1,120,126,6,False,False,False,,6
43,steady_k2,regime_marginal,1.0,clean,warehouse,2,1,0,12,24,12,False,False,False,,12
43,steady_k2,regime_marginal,1.0,clean,warehouse,2,1,1,12,24,12,False,False,False,,12
43,steady_k2,regime_marginal,1.0,clean,warehouse,3,1,1,132,138,6,False,False,False,,6
43,steady_k2,regime_marginal,1.0,clean,warehouse,3,1,2,132,138,6,False,False,False,,6
43,steady_k2,regime_marginal,1.0,clean,warehouse,4,2,0,0,12,12,False,False,False,,12
43,steady_k2,regime_marginal,1.0,clean,warehouse,4,2,2,0,12,12,False,False,False,,12
43,steady_k2,regime_marginal,1.0,clean,warehouse,5,2,1,156,162,6,True,True,False,5.0,5
43,steady_k2,regime_marginal,1.0,clean,warehouse,5,2,0,156,162,6,False,False,False,,6
43,steady_k2,regime_marginal,1.0,clean,warehouse,6,3,2,60,72,12,True,True,False,9.0,9
43,steady_k2,regime_marginal,1.0,clean,warehouse,6,3,0,60,72,12,True,True,False,2.0,2
43,steady_k2,regime_marginal,1.0,clean,warehouse,7,3,1,132,138,6,False,False,False,,6
43,steady_k2,regime_marginal,1.0,clean,warehouse,7,3,2,132,138,6,False,False,False,,6
43,steady_k2,regime_marginal,1.0,clean,transit_smooth,8,4,1,60,72,12,False,False,False,,12
43,steady_k2,regime_marginal,1.0,clean,transit_smooth,8,4,2,60,72,12,False,False,False,,12
43,steady_k2,regime_marginal,1.0,clean,transit_smooth,9,4,1,144,150,6,False,False,False,,6
43,steady_k2,regime_marginal,1.0,clean,transit_smooth,9,4,0,144,150,6,False,False,False,,6
43,steady_k2,regime_marginal,1.0,clean,transit_smooth,10,5,0,72,84,12,False,False,False,,12
43,steady_k2,regime_marginal,1.0,clean,transit_smooth,10,5,2,72,84,12,False,False,False,,12
43,steady_k2,regime_marginal,1.0,clean,transit_smooth,11,5,1,36,42,6,True,True,False,0.0,0
43,steady_k2,regime_marginal,1.0,clean,transit_smooth,11,5,0,36,42,6,False,False,False,,6
43,steady_k2,regime_marginal,1.0,clean,transit_smooth,12,6,0,84,96,12,False,False,False,,12
43,steady_k2,regime_marginal,1.0,clean,transit_smooth,12,6,2,84,96,12,False,False,False,,12
43,steady_k2,regime_marginal,1.0,clean,transit_smooth,13,6,2,12,18,6,False,False,False,,6
43,steady_k2,regime_marginal,1.0,clean,transit_smooth,13,6,0,12,18,6,False,False,False,,6
43,steady_k2,regime_marginal,1.0,clean,transit_smooth,14,7,1,96,108,12,False,False,False,,12
43,steady_k2,regime_marginal,1.0,clean,transit_smooth,14,7,2,96,108,12,False,False,False,,12
43,steady_k2,regime_marginal,1.0,clean,transit_smooth,15,7,1,168,174,6,False,False,False,,6
43,steady_k2,regime_marginal,1.0,clean,transit_smooth,15,7,2,168,174,6,False,False,False,,6
43,steady_k2,regime_marginal,1.0,clean,transit_rough,16,8,0,24,36,12,False,False,False,,12
43,steady_k2,regime_marginal,1.0,clean,transit_rough,16,8,1,24,36,12,False,False,False,,12
43,steady_k2,regime_marginal,1.0,clean,transit_rough,17,8,2,36,42,6,False,False,False,,6
43,steady_k2,regime_marginal,1.0,clean,transit_rough,17,8,0,36,42,6,False,False,False,,6
43,steady_k2,regime_marginal,1.0,clean,transit_rough,18,9,1,12,24,12,False,False,False,,12
43,steady_k2,regime_marginal,1.0,clean,transit_rough,18,9,0,12,24,12,False,False,False,,12
43,steady_k2,regime_marginal,1.0,clean,transit_rough,19,9,1,144,150,6,False,False,False,,6
43,steady_k2,regime_marginal,1.0,clean,transit_rough,19,9,2,144,150,6,False,False,False,,6
43,steady_k2,regime_marginal,1.0,clean,transit_rough,20,10,1,60,72,12,True,True,False,9.0,9
43,steady_k2,regime_marginal,1.0,clean,transit_rough,20,10,0,60,72,12,False,False,False,,12
43,steady_k2,regime_marginal,1.0,clean,transit_rough,21,10,0,108,114,6,False,False,False,,6
43,steady_k2,regime_marginal,1.0,clean,transit_rough,21,10,2,108,114,6,False,False,False,,6
43,steady_k2,regime_marginal,1.0,clean,transit_rough,22,11,0,36,48,12,False,False,False,,12
43,steady_k2,regime_marginal,1.0,clean,transit_rough,22,11,2,36,48,12,False,False,False,,12
43,steady_k2,regime_marginal,1.0,clean,transit_rough,23,11,1,132,138,6,False,False,False,,6
43,steady_k2,regime_marginal,1.0,clean,transit_rough,23,11,2,132,138,6,False,False,False,,6
43,steady_k2,regime_marginal,1.0,observed,warehouse,0,0,2,48,60,12,True,True,False,1.0,1
43,steady_k2,regime_marginal,1.0,observed,warehouse,0,0,1,48,60,12,True,True,False,0.0,0
43,steady_k2,regime_marginal,1.0,observed,warehouse,1,0,2,120,126,6,True,True,False,1.0,1
43,steady_k2,regime_marginal,1.0,observed,warehouse,1,0,1,120,126,6,True,True,False,1.0,1
43,steady_k2,regime_marginal,1.0,observed,warehouse,2,1,0,12,24,12,False,False,False,,12
43,steady_k2,regime_marginal,1.0,observed,warehouse,2,1,1,12,24,12,True,True,False,1.0,1
43,steady_k2,regime_marginal,1.0,observed,warehouse,3,1,1,132,138,6,True,True,False,4.0,4
43,steady_k2,regime_marginal,1.0,observed,warehouse,3,1,2,132,138,6,False,False,False,,6
43,steady_k2,regime_marginal,1.0,observed,warehouse,4,2,0,0,12,12,True,True,False,0.0,0
43,steady_k2,regime_marginal,1.0,observed,warehouse,4,2,2,0,12,12,True,True,False,7.0,7
43,steady_k2,regime_marginal,1.0,observed,warehouse,5,2,1,156,162,6,False,False,False,,6
43,steady_k2,regime_marginal,1.0,observed,warehouse,5,2,0,156,162,6,False,False,False,,6
43,steady_k2,regime_marginal,1.0,observed,warehouse,6,3,2,60,72,12,True,True,False,1.0,1
43,steady_k2,regime_marginal,1.0,observed,warehouse,6,3,0,60,72,12,True,True,False,0.0,0
43,steady_k2,regime_marginal,1.0,observed,warehouse,7,3,1,132,138,6,False,False,False,,6
43,steady_k2,regime_marginal,1.0,observed,warehouse,7,3,2,132,138,6,True,True,False,0.0,0
43,steady_k2,regime_marginal,1.0,observed,transit_smooth,8,4,1,60,72,12,False,False,False,,12
43,steady_k2,regime_marginal,1.0,observed,transit_smooth,8,4,2,60,72,12,True,True,False,0.0,0
43,steady_k2,regime_marginal,1.0,observed,transit_smooth,9,4,1,144,150,6,True,True,False,1.0,1
43,steady_k2,regime_marginal,1.0,observed,transit_smooth,9,4,0,144,150,6,True,True,False,0.0,0
43,steady_k2,regime_marginal,1.0,observed,transit_smooth,10,5,0,72,84,12,True,True,False,6.0,6
43,steady_k2,regime_marginal,1.0,observed,transit_smooth,10,5,2,72,84,12,True,True,False,1.0,1
43,steady_k2,regime_marginal,1.0,observed,transit_smooth,11,5,1,36,42,6,True,True,False,0.0,0
43,steady_k2,regime_marginal,1.0,observed,transit_smooth,11,5,0,36,42,6,True,True,False,2.0,2
43,steady_k2,regime_marginal,1.0,observed,transit_smooth,12,6,0,84,96,12,True,True,False,3.0,3
43,steady_k2,regime_marginal,1.0,observed,transit_smooth,12,6,2,84,96,12,True,True,False,0.0,0
43,steady_k2,regime_marginal,1.0,observed,transit_smooth,13,6,2,12,18,6,True,True,False,1.0,1
43,steady_k2,regime_marginal,1.0,observed,transit_smooth,13,6,0,12,18,6,True,True,False,3.0,3
43,steady_k2,regime_marginal,1.0,observed,transit_smooth,14,7,1,96,108,12,True,True,False,2.0,2
43,steady_k2,regime_marginal,1.0,observed,transit_smooth,14,7,2,96,108,12,True,True,False,1.0,1
43,steady_k2,regime_marginal,1.0,observed,transit_smooth,15,7,1,168,174,6,True,True,False,0.0,0
43,steady_k2,regime_marginal,1.0,observed,transit_smooth,15,7,2,168,174,6,True,True,False,3.0,3
43,steady_k2,regime_marginal,1.0,observed,transit_rough,16,8,0,24,36,12,True,True,False,0.0,0
43,steady_k2,regime_marginal,1.0,observed,transit_rough,16,8,1,24,36,12,False,False,False,,12
43,steady_k2,regime_marginal,1.0,observed,transit_rough,17,8,2,36,42,6,True,True,False,2.0,2
43,steady_k2,regime_marginal,1.0,observed,transit_rough,17,8,0,36,42,6,True,True,False,2.0,2
43,steady_k2,regime_marginal,1.0,observed,transit_rough,18,9,1,12,24,12,True,True,False,0.0,0
43,steady_k2,regime_marginal,1.0,observed,transit_rough,18,9,0,12,24,12,True,True,False,0.0,0
43,steady_k2,regime_marginal,1.0,observed,transit_rough,19,9,1,144,150,6,False,False,False,,6
43,steady_k2,regime_marginal,1.0,observed,transit_rough,19,9,2,144,150,6,True,True,False,1.0,1
43,steady_k2,regime_marginal,1.0,observed,transit_rough,20,10,1,60,72,12,True,True,False,3.0,3
43,steady_k2,regime_marginal,1.0,observed,transit_rough,20,10,0,60,72,12,True,True,False,1.0,1
43,steady_k2,regime_marginal,1.0,observed,transit_rough,21,10,0,108,114,6,True,True,False,0.0,0
43,steady_k2,regime_marginal,1.0,observed,transit_rough,21,10,2,108,114,6,False,False,False,,6
43,steady_k2,regime_marginal,1.0,observed,transit_rough,22,11,0,36,48,12,True,True,False,2.0,2
43,steady_k2,regime_marginal,1.0,observed,transit_rough,22,11,2,36,48,12,True,True,False,3.0,3
43,steady_k2,regime_marginal,1.0,observed,transit_rough,23,11,1,132,138,6,True,True,False,1.0,1
43,steady_k2,regime_marginal,1.0,observed,transit_rough,23,11,2,132,138,6,True,True,False,0.0,0
43,steady_k2,regime_marginal,0.2,clean,warehouse,0,0,2,48,60,12,False,False,False,,12
43,steady_k2,regime_marginal,0.2,clean,warehouse,0,0,1,48,60,12,False,False,False,,12
43,steady_k2,regime_marginal,0.2,clean,warehouse,1,0,2,120,126,6,False,False,False,,6
43,steady_k2,regime_marginal,0.2,clean,warehouse,1,0,1,120,126,6,False,False,False,,6
43,steady_k2,regime_marginal,0.2,clean,warehouse,2,1,0,12,24,12,False,False,False,,12
43,steady_k2,regime_marginal,0.2,clean,warehouse,2,1,1,12,24,12,False,False,False,,12
43,steady_k2,regime_marginal,0.2,clean,warehouse,3,1,1,132,138,6,False,False,False,,6
43,steady_k2,regime_marginal,0.2,clean,warehouse,3,1,2,132,138,6,False,False,False,,6
43,steady_k2,regime_marginal,0.2,clean,warehouse,4,2,0,0,12,12,False,False,False,,12
43,steady_k2,regime_marginal,0.2,clean,warehouse,4,2,2,0,12,12,False,False,False,,12
43,steady_k2,regime_marginal,0.2,clean,warehouse,5,2,1,156,162,6,False,False,False,,6
43,steady_k2,regime_marginal,0.2,clean,warehouse,5,2,0,156,162,6,False,False,False,,6
43,steady_k2,regime_marginal,0.2,clean,warehouse,6,3,2,60,72,12,True,True,False,7.0,7
43,steady_k2,regime_marginal,0.2,clean,warehouse,6,3,0,60,72,12,True,True,False,2.0,2
43,steady_k2,regime_marginal,0.2,clean,warehouse,7,3,1,132,138,6,False,False,False,,6
43,steady_k2,regime_marginal,0.2,clean,warehouse,7,3,2,132,138,6,False,False,False,,6
43,steady_k2,regime_marginal,0.2,clean,transit_smooth,8,4,1,60,72,12,False,False,False,,12
43,steady_k2,regime_marginal,0.2,clean,transit_smooth,8,4,2,60,72,12,False,False,False,,12
43,steady_k2,regime_marginal,0.2,clean,transit_smooth,9,4,1,144,150,6,False,False,False,,6
43,steady_k2,regime_marginal,0.2,clean,transit_smooth,9,4,0,144,150,6,False,False,False,,6
43,steady_k2,regime_marginal,0.2,clean,transit_smooth,10,5,0,72,84,12,False,False,False,,12
43,steady_k2,regime_marginal,0.2,clean,transit_smooth,10,5,2,72,84,12,False,False,False,,12
43,steady_k2,regime_marginal,0.2,clean,transit_smooth,11,5,1,36,42,6,False,False,False,,6
43,steady_k2,regime_marginal,0.2,clean,transit_smooth,11,5,0,36,42,6,False,False,False,,6
43,steady_k2,regime_marginal,0.2,clean,transit_smooth,12,6,0,84,96,12,False,False,False,,12
43,steady_k2,regime_marginal,0.2,clean,transit_smooth,12,6,2,84,96,12,False,False,False,,12
43,steady_k2,regime_marginal,0.2,clean,transit_smooth,13,6,2,12,18,6,False,False,False,,6
43,steady_k2,regime_marginal,0.2,clean,transit_smooth,13,6,0,12,18,6,False,False,False,,6
43,steady_k2,regime_marginal,0.2,clean,transit_smooth,14,7,1,96,108,12,False,False,False,,12
43,steady_k2,regime_marginal,0.2,clean,transit_smooth,14,7,2,96,108,12,False,False,False,,12
43,steady_k2,regime_marginal,0.2,clean,transit_smooth,15,7,1,168,174,6,False,False,False,,6
43,steady_k2,regime_marginal,0.2,clean,transit_smooth,15,7,2,168,174,6,False,False,False,,6
43,steady_k2,regime_marginal,0.2,clean,transit_rough,16,8,0,24,36,12,False,False,False,,12
43,steady_k2,regime_marginal,0.2,clean,transit_rough,16,8,1,24,36,12,False,False,False,,12
43,steady_k2,regime_marginal,0.2,clean,transit_rough,17,8,2,36,42,6,False,False,False,,6
43,steady_k2,regime_marginal,0.2,clean,transit_rough,17,8,0,36,42,6,False,False,False,,6
43,steady_k2,regime_marginal,0.2,clean,transit_rough,18,9,1,12,24,12,False,False,False,,12
43,steady_k2,regime_marginal,0.2,clean,transit_rough,18,9,0,12,24,12,False,False,False,,12
43,steady_k2,regime_marginal,0.2,clean,transit_rough,19,9,1,144,150,6,False,False,False,,6
43,steady_k2,regime_marginal,0.2,clean,transit_rough,19,9,2,144,150,6,False,False,False,,6
43,steady_k2,regime_marginal,0.2,clean,transit_rough,20,10,1,60,72,12,False,False,False,,12
43,steady_k2,regime_marginal,0.2,clean,transit_rough,20,10,0,60,72,12,False,False,False,,12
43,steady_k2,regime_marginal,0.2,clean,transit_rough,21,10,0,108,114,6,False,False,False,,6
43,steady_k2,regime_marginal,0.2,clean,transit_rough,21,10,2,108,114,6,False,False,False,,6
43,steady_k2,regime_marginal,0.2,clean,transit_rough,22,11,0,36,48,12,False,False,False,,12
43,steady_k2,regime_marginal,0.2,clean,transit_rough,22,11,2,36,48,12,False,False,False,,12
43,steady_k2,regime_marginal,0.2,clean,transit_rough,23,11,1,132,138,6,False,False,False,,6
43,steady_k2,regime_marginal,0.2,clean,transit_rough,23,11,2,132,138,6,False,False,False,,6
43,steady_k2,regime_marginal,0.2,observed,warehouse,0,0,2,48,60,12,True,True,False,9.0,9
43,steady_k2,regime_marginal,0.2,observed,warehouse,0,0,1,48,60,12,True,True,False,2.0,2
43,steady_k2,regime_marginal,0.2,observed,warehouse,1,0,2,120,126,6,True,True,False,1.0,1
43,steady_k2,regime_marginal,0.2,observed,warehouse,1,0,1,120,126,6,True,True,False,2.0,2
43,steady_k2,regime_marginal,0.2,observed,warehouse,2,1,0,12,24,12,False,False,False,,12
43,steady_k2,regime_marginal,0.2,observed,warehouse,2,1,1,12,24,12,True,True,False,6.0,6
43,steady_k2,regime_marginal,0.2,observed,warehouse,3,1,1,132,138,6,False,False,False,,6
43,steady_k2,regime_marginal,0.2,observed,warehouse,3,1,2,132,138,6,False,False,False,,6
43,steady_k2,regime_marginal,0.2,observed,warehouse,4,2,0,0,12,12,True,True,False,4.0,4
43,steady_k2,regime_marginal,0.2,observed,warehouse,4,2,2,0,12,12,True,True,False,5.0,5
43,steady_k2,regime_marginal,0.2,observed,warehouse,5,2,1,156,162,6,False,False,False,,6
43,steady_k2,regime_marginal,0.2,observed,warehouse,5,2,0,156,162,6,False,False,False,,6
43,steady_k2,regime_marginal,0.2,observed,warehouse,6,3,2,60,72,12,False,False,False,,12
43,steady_k2,regime_marginal,0.2,observed,warehouse,6,3,0,60,72,12,True,True,False,1.0,1
43,steady_k2,regime_marginal,0.2,observed,warehouse,7,3,1,132,138,6,False,False,False,,6
43,steady_k2,regime_marginal,0.2,observed,warehouse,7,3,2,132,138,6,True,True,False,2.0,2
43,steady_k2,regime_marginal,0.2,observed,transit_smooth,8,4,1,60,72,12,True,True,False,9.0,9
43,steady_k2,regime_marginal,0.2,observed,transit_smooth,8,4,2,60,72,12,True,True,False,2.0,2
43,steady_k2,regime_marginal,0.2,observed,transit_smooth,9,4,1,144,150,6,True,True,False,4.0,4
43,steady_k2,regime_marginal,0.2,observed,transit_smooth,9,4,0,144,150,6,False,False,False,,6
43,steady_k2,regime_marginal,0.2,observed,transit_smooth,10,5,0,72,84,12,True,True,False,10.0,10
43,steady_k2,regime_marginal,0.2,observed,transit_smooth,10,5,2,72,84,12,True,True,False,1.0,1
43,steady_k2,regime_marginal,0.2,observed,transit_smooth,11,5,1,36,42,6,True,True,False,3.0,3
43,steady_k2,regime_marginal,0.2,observed,transit_smooth,11,5,0,36,42,6,False,False,False,,6
43,steady_k2,regime_marginal,0.2,observed,transit_smooth,12,6,0,84,96,12,True,True,False,4.0,4
43,steady_k2,regime_marginal,0.2,observed,transit_smooth,12,6,2,84,96,12,True,True,False,9.0,9
43,steady_k2,regime_marginal,0.2,observed,transit_smooth,13,6,2,12,18,6,True,True,False,4.0,4
43,steady_k2,regime_marginal,0.2,observed,transit_smooth,13,6,0,12,18,6,False,False,False,,6
43,steady_k2,regime_marginal,0.2,observed,transit_smooth,14,7,1,96,108,12,True,True,False,5.0,5
43,steady_k2,regime_marginal,0.2,observed,transit_smooth,14,7,2,96,108,12,True,True,False,3.0,3
43,steady_k2,regime_marginal,0.2,observed,transit_smooth,15,7,1,168,174,6,True,True,False,3.0,3
43,steady_k2,regime_marginal,0.2,observed,transit_smooth,15,7,2,168,174,6,True,True,False,4.0,4
43,steady_k2,regime_marginal,0.2,observed,transit_rough,16,8,0,24,36,12,True,True,False,1.0,1
43,steady_k2,regime_marginal,0.2,observed,transit_rough,16,8,1,24,36,12,True,True,False,8.0,8
43,steady_k2,regime_marginal,0.2,observed,transit_rough,17,8,2,36,42,6,True,True,False,3.0,3
43,steady_k2,regime_marginal,0.2,observed,transit_rough,17,8,0,36,42,6,True,True,True,5.0,5
43,steady_k2,regime_marginal,0.2,observed,transit_rough,18,9,1,12,24,12,True,True,False,2.0,2
43,steady_k2,regime_marginal,0.2,observed,transit_rough,18,9,0,12,24,12,True,True,False,2.0,2
43,steady_k2,regime_marginal,0.2,observed,transit_rough,19,9,1,144,150,6,False,False,False,,6
43,steady_k2,regime_marginal,0.2,observed,transit_rough,19,9,2,144,150,6,True,True,False,2.0,2
43,steady_k2,regime_marginal,0.2,observed,transit_rough,20,10,1,60,72,12,True,True,False,4.0,4
43,steady_k2,regime_marginal,0.2,observed,transit_rough,20,10,0,60,72,12,False,False,False,,12
43,steady_k2,regime_marginal,0.2,observed,transit_rough,21,10,0,108,114,6,True,True,False,2.0,2
43,steady_k2,regime_marginal,0.2,observed,transit_rough,21,10,2,108,114,6,False,False,False,,6
43,steady_k2,regime_marginal,0.2,observed,transit_rough,22,11,0,36,48,12,True,True,False,5.0,5
43,steady_k2,regime_marginal,0.2,observed,transit_rough,22,11,2,36,48,12,True,True,False,6.0,6
43,steady_k2,regime_marginal,0.2,observed,transit_rough,23,11,1,132,138,6,True,True,False,2.0,2
43,steady_k2,regime_marginal,0.2,observed,transit_rough,23,11,2,132,138,6,True,True,False,1.0,1
43,steady_k2,regime_conditional,1.0,clean,warehouse,0,0,2,48,60,12,False,False,False,,12
43,steady_k2,regime_conditional,1.0,clean,warehouse,0,0,1,48,60,12,False,False,False,,12
43,steady_k2,regime_conditional,1.0,clean,warehouse,1,0,2,120,126,6,True,True,False,1.0,1
43,steady_k2,regime_conditional,1.0,clean,warehouse,1,0,1,120,126,6,False,False,False,,6
43,steady_k2,regime_conditional,1.0,clean,warehouse,2,1,0,12,24,12,False,False,False,,12
43,steady_k2,regime_conditional,1.0,clean,warehouse,2,1,1,12,24,12,False,False,False,,12
43,steady_k2,regime_conditional,1.0,clean,warehouse,3,1,1,132,138,6,False,False,False,,6
43,steady_k2,regime_conditional,1.0,clean,warehouse,3,1,2,132,138,6,False,False,False,,6
43,steady_k2,regime_conditional,1.0,clean,warehouse,4,2,0,0,12,12,True,True,False,5.0,5
43,steady_k2,regime_conditional,1.0,clean,warehouse,4,2,2,0,12,12,False,False,False,,12
43,steady_k2,regime_conditional,1.0,clean,warehouse,5,2,1,156,162,6,False,False,False,,6
43,steady_k2,regime_conditional,1.0,clean,warehouse,5,2,0,156,162,6,False,False,False,,6
43,steady_k2,regime_conditional,1.0,clean,warehouse,6,3,2,60,72,12,False,False,False,,12
43,steady_k2,regime_conditional,1.0,clean,warehouse,6,3,0,60,72,12,True,True,False,2.0,2
43,steady_k2,regime_conditional,1.0,clean,warehouse,7,3,1,132,138,6,False,False,False,,6
43,steady_k2,regime_conditional,1.0,clean,warehouse,7,3,2,132,138,6,False,False,False,,6
43,steady_k2,regime_conditional,1.0,clean,transit_smooth,8,4,1,60,72,12,False,False,False,,12
43,steady_k2,regime_conditional,1.0,clean,transit_smooth,8,4,2,60,72,12,False,False,False,,12
43,steady_k2,regime_conditional,1.0,clean,transit_smooth,9,4,1,144,150,6,False,False,False,,6
43,steady_k2,regime_conditional,1.0,clean,transit_smooth,9,4,0,144,150,6,False,False,False,,6
43,steady_k2,regime_conditional,1.0,clean,transit_smooth,10,5,0,72,84,12,False,False,False,,12
43,steady_k2,regime_conditional,1.0,clean,transit_smooth,10,5,2,72,84,12,False,False,False,,12
43,steady_k2,regime_conditional,1.0,clean,transit_smooth,11,5,1,36,42,6,True,True,False,0.0,0
43,steady_k2,regime_conditional,1.0,clean,transit_smooth,11,5,0,36,42,6,False,False,False,,6
43,steady_k2,regime_conditional,1.0,clean,transit_smooth,12,6,0,84,96,12,False,False,False,,12
43,steady_k2,regime_conditional,1.0,clean,transit_smooth,12,6,2,84,96,12,False,False,False,,12
43,steady_k2,regime_conditional,1.0,clean,transit_smooth,13,6,2,12,18,6,False,False,False,,6
43,steady_k2,regime_conditional,1.0,clean,transit_smooth,13,6,0,12,18,6,False,False,False,,6
43,steady_k2,regime_conditional,1.0,clean,transit_smooth,14,7,1,96,108,12,False,False,False,,12
43,steady_k2,regime_conditional,1.0,clean,transit_smooth,14,7,2,96,108,12,False,False,False,,12
43,steady_k2,regime_conditional,1.0,clean,transit_smooth,15,7,1,168,174,6,False,False,False,,6
43,steady_k2,regime_conditional,1.0,clean,transit_smooth,15,7,2,168,174,6,False,False,False,,6
43,steady_k2,regime_conditional,1.0,clean,transit_rough,16,8,0,24,36,12,False,False,False,,12
43,steady_k2,regime_conditional,1.0,clean,transit_rough,16,8,1,24,36,12,False,False,False,,12
43,steady_k2,regime_conditional,1.0,clean,transit_rough,17,8,2,36,42,6,False,False,False,,6
43,steady_k2,regime_conditional,1.0,clean,transit_rough,17,8,0,36,42,6,False,False,False,,6
43,steady_k2,regime_conditional,1.0,clean,transit_rough,18,9,1,12,24,12,False,False,False,,12
43,steady_k2,regime_conditional,1.0,clean,transit_rough,18,9,0,12,24,12,False,False,False,,12
43,steady_k2,regime_conditional,1.0,clean,transit_rough,19,9,1,144,150,6,False,False,False,,6
43,steady_k2,regime_conditional,1.0,clean,transit_rough,19,9,2,144,150,6,False,False,False,,6
43,steady_k2,regime_conditional,1.0,clean,transit_rough,20,10,1,60,72,12,False,False,False,,12
43,steady_k2,regime_conditional,1.0,clean,transit_rough,20,10,0,60,72,12,False,False,False,,12
43,steady_k2,regime_conditional,1.0,clean,transit_rough,21,10,0,108,114,6,False,False,False,,6
43,steady_k2,regime_conditional,1.0,clean,transit_rough,21,10,2,108,114,6,False,False,False,,6
43,steady_k2,regime_conditional,1.0,clean,transit_rough,22,11,0,36,48,12,False,False,False,,12
43,steady_k2,regime_conditional,1.0,clean,transit_rough,22,11,2,36,48,12,False,False,False,,12
43,steady_k2,regime_conditional,1.0,clean,transit_rough,23,11,1,132,138,6,False,False,False,,6
43,steady_k2,regime_conditional,1.0,clean,transit_rough,23,11,2,132,138,6,False,False,False,,6
43,steady_k2,regime_conditional,1.0,observed,warehouse,0,0,2,48,60,12,True,True,False,1.0,1
43,steady_k2,regime_conditional,1.0,observed,warehouse,0,0,1,48,60,12,True,True,False,0.0,0
43,steady_k2,regime_conditional,1.0,observed,warehouse,1,0,2,120,126,6,True,True,False,1.0,1
43,steady_k2,regime_conditional,1.0,observed,warehouse,1,0,1,120,126,6,True,True,False,1.0,1
43,steady_k2,regime_conditional,1.0,observed,warehouse,2,1,0,12,24,12,False,False,False,,12
43,steady_k2,regime_conditional,1.0,observed,warehouse,2,1,1,12,24,12,True,True,False,1.0,1
43,steady_k2,regime_conditional,1.0,observed,warehouse,3,1,1,132,138,6,True,True,False,1.0,1
43,steady_k2,regime_conditional,1.0,observed,warehouse,3,1,2,132,138,6,False,False,False,,6
43,steady_k2,regime_conditional,1.0,observed,warehouse,4,2,0,0,12,12,True,True,False,0.0,0
43,steady_k2,regime_conditional,1.0,observed,warehouse,4,2,2,0,12,12,True,True,False,0.0,0
43,steady_k2,regime_conditional,1.0,observed,warehouse,5,2,1,156,162,6,False,False,False,,6
43,steady_k2,regime_conditional,1.0,observed,warehouse,5,2,0,156,162,6,False,False,False,,6
43,steady_k2,regime_conditional,1.0,observed,warehouse,6,3,2,60,72,12,True,True,False,0.0,0
43,steady_k2,regime_conditional,1.0,observed,warehouse,6,3,0,60,72,12,True,True,False,0.0,0
43,steady_k2,regime_conditional,1.0,observed,warehouse,7,3,1,132,138,6,True,True,False,4.0,4
43,steady_k2,regime_conditional,1.0,observed,warehouse,7,3,2,132,138,6,True,True,False,0.0,0
43,steady_k2,regime_conditional,1.0,observed,transit_smooth,8,4,1,60,72,12,True,True,False,3.0,3
43,steady_k2,regime_conditional,1.0,observed,transit_smooth,8,4,2,60,72,12,True,True,False,0.0,0
43,steady_k2,regime_conditional,1.0,observed,transit_smooth,9,4,1,144,150,6,True,True,False,0.0,0
43,steady_k2,regime_conditional,1.0,observed,transit_smooth,9,4,0,144,150,6,True,True,False,0.0,0
43,steady_k2,regime_conditional,1.0,observed,transit_smooth,10,5,0,72,84,12,True,True,False,0.0,0
43,steady_k2,regime_conditional,1.0,observed,transit_smooth,10,5,2,72,84,12,True,True,False,0.0,0
43,steady_k2,regime_conditional,1.0,observed,transit_smooth,11,5,1,36,42,6,True,True,False,0.0,0
43,steady_k2,regime_conditional,1.0,observed,transit_smooth,11,5,0,36,42,6,True,True,False,0.0,0
43,steady_k2,regime_conditional,1.0,observed,transit_smooth,12,6,0,84,96,12,True,True,False,0.0,0
43,steady_k2,regime_conditional,1.0,observed,transit_smooth,12,6,2,84,96,12,True,True,False,0.0,0
43,steady_k2,regime_conditional,1.0,observed,transit_smooth,13,6,2,12,18,6,True,True,False,0.0,0
43,steady_k2,regime_conditional,1.0,observed,transit_smooth,13,6,0,12,18,6,True,True,False,0.0,0
43,steady_k2,regime_conditional,1.0,observed,transit_smooth,14,7,1,96,108,12,False,False,False,,12
43,steady_k2,regime_conditional,1.0,observed,transit_smooth,14,7,2,96,108,12,True,True,False,1.0,1
43,steady_k2,regime_conditional,1.0,observed,transit_smooth,15,7,1,168,174,6,True,True,False,0.0,0
43,steady_k2,regime_conditional,1.0,observed,transit_smooth,15,7,2,168,174,6,True,True,False,4.0,4
43,steady_k2,regime_conditional,1.0,observed,transit_rough,16,8,0,24,36,12,True,True,False,0.0,0
43,steady_k2,regime_conditional,1.0,observed,transit_rough,16,8,1,24,36,12,True,True,False,0.0,0
43,steady_k2,regime_conditional,1.0,observed,transit_rough,17,8,2,36,42,6,False,False,False,,6
43,steady_k2,regime_conditional,1.0,observed,transit_rough,17,8,0,36,42,6,True,True,True,3.0,3
43,steady_k2,regime_conditional,1.0,observed,transit_rough,18,9,1,12,24,12,False,False,False,,12
43,steady_k2,regime_conditional,1.0,observed,transit_rough,18,9,0,12,24,12,True,True,False,2.0,2
43,steady_k2,regime_conditional,1.0,observed,transit_rough,19,9,1,144,150,6,True,True,False,0.0,0
43,steady_k2,regime_conditional,1.0,observed,transit_rough,19,9,2,144,150,6,True,True,False,1.0,1
43,steady_k2,regime_conditional,1.0,observed,transit_rough,20,10,1,60,72,12,False,False,False,,12
43,steady_k2,regime_conditional,1.0,observed,transit_rough,20,10,0,60,72,12,True,True,False,1.0,1
43,steady_k2,regime_conditional,1.0,observed,transit_rough,21,10,0,108,114,6,True,True,False,0.0,0
43,steady_k2,regime_conditional,1.0,observed,transit_rough,21,10,2,108,114,6,True,True,False,2.0,2
43,steady_k2,regime_conditional,1.0,observed,transit_rough,22,11,0,36,48,12,True,True,False,1.0,1
43,steady_k2,regime_conditional,1.0,observed,transit_rough,22,11,2,36,48,12,True,True,False,1.0,1
43,steady_k2,regime_conditional,1.0,observed,transit_rough,23,11,1,132,138,6,False,False,False,,6
43,steady_k2,regime_conditional,1.0,observed,transit_rough,23,11,2,132,138,6,True,True,False,0.0,0
43,steady_k2,regime_conditional,0.2,clean,warehouse,0,0,2,48,60,12,False,False,False,,12
43,steady_k2,regime_conditional,0.2,clean,warehouse,0,0,1,48,60,12,False,False,False,,12
43,steady_k2,regime_conditional,0.2,clean,warehouse,1,0,2,120,126,6,False,False,False,,6
43,steady_k2,regime_conditional,0.2,clean,warehouse,1,0,1,120,126,6,False,False,False,,6
43,steady_k2,regime_conditional,0.2,clean,warehouse,2,1,0,12,24,12,True,True,False,1.0,1
43,steady_k2,regime_conditional,0.2,clean,warehouse,2,1,1,12,24,12,False,False,False,,12
43,steady_k2,regime_conditional,0.2,clean,warehouse,3,1,1,132,138,6,False,False,False,,6
43,steady_k2,regime_conditional,0.2,clean,warehouse,3,1,2,132,138,6,False,False,False,,6
43,steady_k2,regime_conditional,0.2,clean,warehouse,4,2,0,0,12,12,False,False,False,,12
43,steady_k2,regime_conditional,0.2,clean,warehouse,4,2,2,0,12,12,False,False,False,,12
43,steady_k2,regime_conditional,0.2,clean,warehouse,5,2,1,156,162,6,False,False,False,,6
43,steady_k2,regime_conditional,0.2,clean,warehouse,5,2,0,156,162,6,False,False,False,,6
43,steady_k2,regime_conditional,0.2,clean,warehouse,6,3,2,60,72,12,True,True,False,10.0,10
43,steady_k2,regime_conditional,0.2,clean,warehouse,6,3,0,60,72,12,True,True,False,2.0,2
43,steady_k2,regime_conditional,0.2,clean,warehouse,7,3,1,132,138,6,False,False,False,,6
43,steady_k2,regime_conditional,0.2,clean,warehouse,7,3,2,132,138,6,False,False,False,,6
43,steady_k2,regime_conditional,0.2,clean,transit_smooth,8,4,1,60,72,12,False,False,False,,12
43,steady_k2,regime_conditional,0.2,clean,transit_smooth,8,4,2,60,72,12,False,False,False,,12
43,steady_k2,regime_conditional,0.2,clean,transit_smooth,9,4,1,144,150,6,False,False,False,,6
43,steady_k2,regime_conditional,0.2,clean,transit_smooth,9,4,0,144,150,6,False,False,False,,6
43,steady_k2,regime_conditional,0.2,clean,transit_smooth,10,5,0,72,84,12,False,False,False,,12
43,steady_k2,regime_conditional,0.2,clean,transit_smooth,10,5,2,72,84,12,False,False,False,,12
43,steady_k2,regime_conditional,0.2,clean,transit_smooth,11,5,1,36,42,6,False,False,False,,6
43,steady_k2,regime_conditional,0.2,clean,transit_smooth,11,5,0,36,42,6,False,False,False,,6
43,steady_k2,regime_conditional,0.2,clean,transit_smooth,12,6,0,84,96,12,False,False,False,,12
43,steady_k2,regime_conditional,0.2,clean,transit_smooth,12,6,2,84,96,12,False,False,False,,12
43,steady_k2,regime_conditional,0.2,clean,transit_smooth,13,6,2,12,18,6,False,False,False,,6
43,steady_k2,regime_conditional,0.2,clean,transit_smooth,13,6,0,12,18,6,False,False,False,,6
43,steady_k2,regime_conditional,0.2,clean,transit_smooth,14,7,1,96,108,12,False,False,False,,12
43,steady_k2,regime_conditional,0.2,clean,transit_smooth,14,7,2,96,108,12,False,False,False,,12
43,steady_k2,regime_conditional,0.2,clean,transit_smooth,15,7,1,168,174,6,False,False,False,,6
43,steady_k2,regime_conditional,0.2,clean,transit_smooth,15,7,2,168,174,6,False,False,False,,6
43,steady_k2,regime_conditional,0.2,clean,transit_rough,16,8,0,24,36,12,False,False,False,,12
43,steady_k2,regime_conditional,0.2,clean,transit_rough,16,8,1,24,36,12,False,False,False,,12
43,steady_k2,regime_conditional,0.2,clean,transit_rough,17,8,2,36,42,6,False,False,False,,6
43,steady_k2,regime_conditional,0.2,clean,transit_rough,17,8,0,36,42,6,False,False,False,,6
43,steady_k2,regime_conditional,0.2,clean,transit_rough,18,9,1,12,24,12,False,False,False,,12
43,steady_k2,regime_conditional,0.2,clean,transit_rough,18,9,0,12,24,12,False,False,False,,12
43,steady_k2,regime_conditional,0.2,clean,transit_rough,19,9,1,144,150,6,False,False,False,,6
43,steady_k2,regime_conditional,0.2,clean,transit_rough,19,9,2,144,150,6,False,False,False,,6
43,steady_k2,regime_conditional,0.2,clean,transit_rough,20,10,1,60,72,12,False,False,False,,12
43,steady_k2,regime_conditional,0.2,clean,transit_rough,20,10,0,60,72,12,False,False,False,,12
43,steady_k2,regime_conditional,0.2,clean,transit_rough,21,10,0,108,114,6,False,False,False,,6
43,steady_k2,regime_conditional,0.2,clean,transit_rough,21,10,2,108,114,6,False,False,False,,6
43,steady_k2,regime_conditional,0.2,clean,transit_rough,22,11,0,36,48,12,False,False,False,,12
43,steady_k2,regime_conditional,0.2,clean,transit_rough,22,11,2,36,48,12,True,True,False,0.0,0
43,steady_k2,regime_conditional,0.2,clean,transit_rough,23,11,1,132,138,6,False,False,False,,6
43,steady_k2,regime_conditional,0.2,clean,transit_rough,23,11,2,132,138,6,False,False,False,,6
43,steady_k2,regime_conditional,0.2,observed,warehouse,0,0,2,48,60,12,True,True,False,1.0,1
43,steady_k2,regime_conditional,0.2,observed,warehouse,0,0,1,48,60,12,True,True,False,1.0,1
43,steady_k2,regime_conditional,0.2,observed,warehouse,1,0,2,120,126,6,True,True,False,1.0,1
43,steady_k2,regime_conditional,0.2,observed,warehouse,1,0,1,120,126,6,True,True,False,2.0,2
43,steady_k2,regime_conditional,0.2,observed,warehouse,2,1,0,12,24,12,False,False,False,,12
43,steady_k2,regime_conditional,0.2,observed,warehouse,2,1,1,12,24,12,True,True,False,1.0,1
43,steady_k2,regime_conditional,0.2,observed,warehouse,3,1,1,132,138,6,True,True,False,1.0,1
43,steady_k2,regime_conditional,0.2,observed,warehouse,3,1,2,132,138,6,True,True,False,4.0,4
43,steady_k2,regime_conditional,0.2,observed,warehouse,4,2,0,0,12,12,True,True,False,2.0,2
43,steady_k2,regime_conditional,0.2,observed,warehouse,4,2,2,0,12,12,True,True,False,2.0,2
43,steady_k2,regime_conditional,0.2,observed,warehouse,5,2,1,156,162,6,True,True,False,4.0,4
43,steady_k2,regime_conditional,0.2,observed,warehouse,5,2,0,156,162,6,False,False,False,,6
43,steady_k2,regime_conditional,0.2,observed,warehouse,6,3,2,60,72,12,True,True,False,1.0,1
43,steady_k2,regime_conditional,0.2,observed,warehouse,6,3,0,60,72,12,True,True,False,1.0,1
43,steady_k2,regime_conditional,0.2,observed,warehouse,7,3,1,132,138,6,True,True,False,2.0,2
43,steady_k2,regime_conditional,0.2,observed,warehouse,7,3,2,132,138,6,True,True,False,0.0,0
43,steady_k2,regime_conditional,0.2,observed,transit_smooth,8,4,1,60,72,12,True,True,False,3.0,3
43,steady_k2,regime_conditional,0.2,observed,transit_smooth,8,4,2,60,72,12,True,True,False,1.0,1
43,steady_k2,regime_conditional,0.2,observed,transit_smooth,9,4,1,144,150,6,True,True,False,1.0,1
43,steady_k2,regime_conditional,0.2,observed,transit_smooth,9,4,0,144,150,6,True,True,False,3.0,3
43,steady_k2,regime_conditional,0.2,observed,transit_smooth,10,5,0,72,84,12,True,True,False,4.0,4
43,steady_k2,regime_conditional,0.2,observed,transit_smooth,10,5,2,72,84,12,True,True,False,1.0,1
43,steady_k2,regime_conditional,0.2,observed,transit_smooth,11,5,1,36,42,6,True,True,False,0.0,0
43,steady_k2,regime_conditional,0.2,observed,transit_smooth,11,5,0,36,42,6,True,True,False,3.0,3
43,steady_k2,regime_conditional,0.2,observed,transit_smooth,12,6,0,84,96,12,True,True,False,1.0,1
43,steady_k2,regime_conditional,0.2,observed,transit_smooth,12,6,2,84,96,12,True,True,False,2.0,2
43,steady_k2,regime_conditional,0.2,observed,transit_smooth,13,6,2,12,18,6,True,True,False,1.0,1
43,steady_k2,regime_conditional,0.2,observed,transit_smooth,13,6,0,12,18,6,True,True,False,3.0,3
43,steady_k2,regime_conditional,0.2,observed,transit_smooth,14,7,1,96,108,12,True,True,False,5.0,5
43,steady_k2,regime_conditional,0.2,observed,transit_smooth,14,7,2,96,108,12,True,True,False,2.0,2
43,steady_k2,regime_conditional,0.2,observed,transit_smooth,15,7,1,168,174,6,True,True,False,2.0,2
43,steady_k2,regime_conditional,0.2,observed,transit_smooth,15,7,2,168,174,6,True,True,False,4.0,4
43,steady_k2,regime_conditional,0.2,observed,transit_rough,16,8,0,24,36,12,True,True,False,0.0,0
43,steady_k2,regime_conditional,0.2,observed,transit_rough,16,8,1,24,36,12,True,True,False,1.0,1
43,steady_k2,regime_conditional,0.2,observed,transit_rough,17,8,2,36,42,6,True,True,False,3.0,3
43,steady_k2,regime_conditional,0.2,observed,transit_rough,17,8,0,36,42,6,True,True,True,5.0,5
43,steady_k2,regime_conditional,0.2,observed,transit_rough,18,9,1,12,24,12,True,True,False,2.0,2
43,steady_k2,regime_conditional,0.2,observed,transit_rough,18,9,0,12,24,12,True,True,False,4.0,4
43,steady_k2,regime_conditional,0.2,observed,transit_rough,19,9,1,144,150,6,True,True,False,2.0,2
43,steady_k2,regime_conditional,0.2,observed,transit_rough,19,9,2,144,150,6,True,True,False,2.0,2
43,steady_k2,regime_conditional,0.2,observed,transit_rough,20,10,1,60,72,12,False,False,False,,12
43,steady_k2,regime_conditional,0.2,observed,transit_rough,20,10,0,60,72,12,True,True,False,5.0,5
43,steady_k2,regime_conditional,0.2,observed,transit_rough,21,10,0,108,114,6,True,True,False,0.0,0
43,steady_k2,regime_conditional,0.2,observed,transit_rough,21,10,2,108,114,6,True,True,False,2.0,2
43,steady_k2,regime_conditional,0.2,observed,transit_rough,22,11,0,36,48,12,True,True,False,2.0,2
43,steady_k2,regime_conditional,0.2,observed,transit_rough,22,11,2,36,48,12,True,True,False,3.0,3
43,steady_k2,regime_conditional,0.2,observed,transit_rough,23,11,1,132,138,6,True,True,False,2.0,2
43,steady_k2,regime_conditional,0.2,observed,transit_rough,23,11,2,132,138,6,True,True,False,1.0,1
43,switch_d0,regime_marginal,1.0,clean,warehouse,0,0,2,48,60,12,False,False,False,,12
43,switch_d0,regime_marginal,1.0,clean,transit_rough,1,0,2,120,126,6,True,True,False,1.0,1
43,switch_d0,regime_marginal,1.0,clean,warehouse,2,1,0,12,24,12,False,False,False,,12
43,switch_d0,regime_marginal,1.0,clean,transit_rough,3,1,1,132,138,6,False,False,False,,6
43,switch_d0,regime_marginal,1.0,clean,warehouse,4,2,0,0,12,12,False,False,False,,12
43,switch_d0,regime_marginal,1.0,clean,transit_rough,5,2,1,156,162,6,False,False,False,,6
43,switch_d0,regime_marginal,1.0,clean,transit_smooth,6,3,2,60,72,12,True,True,False,9.0,9
43,switch_d0,regime_marginal,1.0,clean,transit_rough,7,3,1,132,138,6,False,False,False,,6
43,switch_d0,regime_marginal,1.0,clean,transit_rough,8,4,1,60,72,12,False,False,False,,12
43,switch_d0,regime_marginal,1.0,clean,warehouse,9,4,1,144,150,6,False,False,False,,6
43,switch_d0,regime_marginal,1.0,clean,transit_rough,10,5,0,72,84,12,False,False,False,,12
43,switch_d0,regime_marginal,1.0,clean,transit_smooth,11,5,1,36,42,6,True,True,False,0.0,0
43,switch_d0,regime_marginal,1.0,clean,transit_rough,12,6,0,84,96,12,False,False,False,,12
43,switch_d0,regime_marginal,1.0,clean,transit_smooth,13,6,2,12,18,6,False,False,False,,6
43,switch_d0,regime_marginal,1.0,clean,transit_rough,14,7,1,96,108,12,False,False,False,,12
43,switch_d0,regime_marginal,1.0,clean,warehouse,15,7,1,168,174,6,False,False,False,,6
43,switch_d0,regime_marginal,1.0,clean,transit_rough,16,8,0,24,36,12,False,False,False,,12
43,switch_d0,regime_marginal,1.0,clean,transit_rough,17,8,2,36,42,6,False,False,False,,6
43,switch_d0,regime_marginal,1.0,clean,transit_rough,18,9,1,12,24,12,False,False,False,,12
43,switch_d0,regime_marginal,1.0,clean,transit_smooth,19,9,1,144,150,6,False,False,False,,6
43,switch_d0,regime_marginal,1.0,clean,warehouse,20,10,1,60,72,12,True,True,False,9.0,9
43,switch_d0,regime_marginal,1.0,clean,warehouse,21,10,0,108,114,6,False,False,False,,6
43,switch_d0,regime_marginal,1.0,clean,transit_rough,22,11,0,36,48,12,False,False,False,,12
43,switch_d0,regime_marginal,1.0,clean,transit_smooth,23,11,1,132,138,6,False,False,False,,6
43,switch_d0,regime_marginal,1.0,observed,warehouse,0,0,2,48,60,12,True,True,False,1.0,1
43,switch_d0,regime_marginal,1.0,observed,transit_rough,1,0,2,120,126,6,True,True,False,1.0,1
43,switch_d0,regime_marginal,1.0,observed,warehouse,2,1,0,12,24,12,False,False,False,,12
43,switch_d0,regime_marginal,1.0,observed,transit_rough,3,1,1,132,138,6,False,False,False,,6
43,switch_d0,regime_marginal,1.0,observed,warehouse,4,2,0,0,12,12,True,True,False,0.0,0
43,switch_d0,regime_marginal,1.0,observed,transit_rough,5,2,1,156,162,6,False,False,False,,6
43,switch_d0,regime_marginal,1.0,observed,transit_smooth,6,3,2,60,72,12,True,True,False,1.0,1
43,switch_d0,regime_marginal,1.0,observed,transit_rough,7,3,1,132,138,6,False,False,False,,6
43,switch_d0,regime_marginal,1.0,observed,transit_rough,8,4,1,60,72,12,False,False,False,,12
43,switch_d0,regime_marginal,1.0,observed,warehouse,9,4,1,144,150,6,True,True,False,1.0,1
43,switch_d0,regime_marginal,1.0,observed,transit_rough,10,5,0,72,84,12,True,True,False,6.0,6
43,switch_d0,regime_marginal,1.0,observed,transit_smooth,11,5,1,36,42,6,True,True,False,0.0,0
43,switch_d0,regime_marginal,1.0,observed,transit_rough,12,6,0,84,96,12,True,True,False,3.0,3
43,switch_d0,regime_marginal,1.0,observed,transit_smooth,13,6,2,12,18,6,True,True,False,1.0,1
43,switch_d0,regime_marginal,1.0,observed,transit_rough,14,7,1,96,108,12,True,True,False,2.0,2
43,switch_d0,regime_marginal,1.0,observed,warehouse,15,7,1,168,174,6,True,True,False,0.0,0
43,switch_d0,regime_marginal,1.0,observed,transit_rough,16,8,0,24,36,12,True,True,False,0.0,0
43,switch_d0,regime_marginal,1.0,observed,transit_rough,17,8,2,36,42,6,True,True,False,2.0,2
43,switch_d0,regime_marginal,1.0,observed,transit_rough,18,9,1,12,24,12,True,True,False,0.0,0
43,switch_d0,regime_marginal,1.0,observed,transit_smooth,19,9,1,144,150,6,False,False,False,,6
43,switch_d0,regime_marginal,1.0,observed,warehouse,20,10,1,60,72,12,True,True,False,3.0,3
43,switch_d0,regime_marginal,1.0,observed,warehouse,21,10,0,108,114,6,True,True,False,0.0,0
43,switch_d0,regime_marginal,1.0,observed,transit_rough,22,11,0,36,48,12,True,True,False,2.0,2
43,switch_d0,regime_marginal,1.0,observed,transit_smooth,23,11,1,132,138,6,True,True,False,1.0,1
43,switch_d0,regime_marginal,0.2,clean,warehouse,0,0,2,48,60,12,False,False,False,,12
43,switch_d0,regime_marginal,0.2,clean,transit_rough,1,0,2,120,126,6,False,False,False,,6
43,switch_d0,regime_marginal,0.2,clean,warehouse,2,1,0,12,24,12,False,False,False,,12
43,switch_d0,regime_marginal,0.2,clean,transit_rough,3,1,1,132,138,6,False,False,False,,6
43,switch_d0,regime_marginal,0.2,clean,warehouse,4,2,0,0,12,12,False,False,False,,12
43,switch_d0,regime_marginal,0.2,clean,transit_rough,5,2,1,156,162,6,False,False,False,,6
43,switch_d0,regime_marginal,0.2,clean,transit_smooth,6,3,2,60,72,12,True,True,False,10.0,10
43,switch_d0,regime_marginal,0.2,clean,transit_rough,7,3,1,132,138,6,False,False,False,,6
43,switch_d0,regime_marginal,0.2,clean,transit_rough,8,4,1,60,72,12,False,False,False,,12
43,switch_d0,regime_marginal,0.2,clean,warehouse,9,4,1,144,150,6,False,False,False,,6
43,switch_d0,regime_marginal,0.2,clean,transit_rough,10,5,0,72,84,12,False,False,False,,12
43,switch_d0,regime_marginal,0.2,clean,transit_smooth,11,5,1,36,42,6,False,False,False,,6
43,switch_d0,regime_marginal,0.2,clean,transit_rough,12,6,0,84,96,12,False,False,False,,12
43,switch_d0,regime_marginal,0.2,clean,transit_smooth,13,6,2,12,18,6,False,False,False,,6
43,switch_d0,regime_marginal,0.2,clean,transit_rough,14,7,1,96,108,12,False,False,False,,12
43,switch_d0,regime_marginal,0.2,clean,warehouse,15,7,1,168,174,6,False,False,False,,6
43,switch_d0,regime_marginal,0.2,clean,transit_rough,16,8,0,24,36,12,False,False,False,,12
43,switch_d0,regime_marginal,0.2,clean,transit_rough,17,8,2,36,42,6,False,False,False,,6
43,switch_d0,regime_marginal,0.2,clean,transit_rough,18,9,1,12,24,12,False,False,False,,12
43,switch_d0,regime_marginal,0.2,clean,transit_smooth,19,9,1,144,150,6,False,False,False,,6
43,switch_d0,regime_marginal,0.2,clean,warehouse,20,10,1,60,72,12,False,False,False,,12
43,switch_d0,regime_marginal,0.2,clean,warehouse,21,10,0,108,114,6,False,False,False,,6
43,switch_d0,regime_marginal,0.2,clean,transit_rough,22,11,0,36,48,12,False,False,False,,12
43,switch_d0,regime_marginal,0.2,clean,transit_smooth,23,11,1,132,138,6,False,False,False,,6
43,switch_d0,regime_marginal,0.2,observed,warehouse,0,0,2,48,60,12,True,True,False,9.0,9
43,switch_d0,regime_marginal,0.2,observed,transit_rough,1,0,2,120,126,6,True,True,False,1.0,1
43,switch_d0,regime_marginal,0.2,observed,warehouse,2,1,0,12,24,12,False,False,False,,12
43,switch_d0,regime_marginal,0.2,observed,transit_rough,3,1,1,132,138,6,False,False,False,,6
43,switch_d0,regime_marginal,0.2,observed,warehouse,4,2,0,0,12,12,True,True,False,4.0,4
43,switch_d0,regime_marginal,0.2,observed,transit_rough,5,2,1,156,162,6,False,False,False,,6
43,switch_d0,regime_marginal,0.2,observed,transit_smooth,6,3,2,60,72,12,False,False,False,,12
43,switch_d0,regime_marginal,0.2,observed,transit_rough,7,3,1,132,138,6,False,False,False,,6
43,switch_d0,regime_marginal,0.2,observed,transit_rough,8,4,1,60,72,12,True,True,False,9.0,9
43,switch_d0,regime_marginal,0.2,observed,warehouse,9,4,1,144,150,6,True,True,False,3.0,3
43,switch_d0,regime_marginal,0.2,observed,transit_rough,10,5,0,72,84,12,True,True,False,7.0,7
43,switch_d0,regime_marginal,0.2,observed,transit_smooth,11,5,1,36,42,6,True,True,False,3.0,3
43,switch_d0,regime_marginal,0.2,observed,transit_rough,12,6,0,84,96,12,True,True,False,3.0,3
43,switch_d0,regime_marginal,0.2,observed,transit_smooth,13,6,2,12,18,6,True,True,False,4.0,4
43,switch_d0,regime_marginal,0.2,observed,transit_rough,14,7,1,96,108,12,True,True,False,5.0,5
43,switch_d0,regime_marginal,0.2,observed,warehouse,15,7,1,168,174,6,True,True,False,3.0,3
43,switch_d0,regime_marginal,0.2,observed,transit_rough,16,8,0,24,36,12,True,True,False,1.0,1
43,switch_d0,regime_marginal,0.2,observed,transit_rough,17,8,2,36,42,6,True,True,False,3.0,3
43,switch_d0,regime_marginal,0.2,observed,transit_rough,18,9,1,12,24,12,True,True,False,2.0,2
43,switch_d0,regime_marginal,0.2,observed,transit_smooth,19,9,1,144,150,6,False,False,False,,6
43,switch_d0,regime_marginal,0.2,observed,warehouse,20,10,1,60,72,12,True,True,False,3.0,3
43,switch_d0,regime_marginal,0.2,observed,warehouse,21,10,0,108,114,6,True,True,False,1.0,1
43,switch_d0,regime_marginal,0.2,observed,transit_rough,22,11,0,36,48,12,True,True,False,5.0,5
43,switch_d0,regime_marginal,0.2,observed,transit_smooth,23,11,1,132,138,6,True,True,False,2.0,2
43,switch_d0,regime_conditional,1.0,clean,warehouse,0,0,2,48,60,12,False,False,False,,12
43,switch_d0,regime_conditional,1.0,clean,transit_rough,1,0,2,120,126,6,True,True,False,1.0,1
43,switch_d0,regime_conditional,1.0,clean,warehouse,2,1,0,12,24,12,False,False,False,,12
43,switch_d0,regime_conditional,1.0,clean,transit_rough,3,1,1,132,138,6,False,False,False,,6
43,switch_d0,regime_conditional,1.0,clean,warehouse,4,2,0,0,12,12,True,True,False,5.0,5
43,switch_d0,regime_conditional,1.0,clean,transit_rough,5,2,1,156,162,6,False,False,False,,6
43,switch_d0,regime_conditional,1.0,clean,transit_smooth,6,3,2,60,72,12,False,False,False,,12
43,switch_d0,regime_conditional,1.0,clean,transit_rough,7,3,1,132,138,6,False,False,False,,6
43,switch_d0,regime_conditional,1.0,clean,transit_rough,8,4,1,60,72,12,False,False,False,,12
43,switch_d0,regime_conditional,1.0,clean,warehouse,9,4,1,144,150,6,False,False,False,,6
43,switch_d0,regime_conditional,1.0,clean,transit_rough,10,5,0,72,84,12,False,False,False,,12
43,switch_d0,regime_conditional,1.0,clean,transit_smooth,11,5,1,36,42,6,True,True,False,0.0,0
43,switch_d0,regime_conditional,1.0,clean,transit_rough,12,6,0,84,96,12,False,False,False,,12
43,switch_d0,regime_conditional,1.0,clean,transit_smooth,13,6,2,12,18,6,False,False,False,,6
43,switch_d0,regime_conditional,1.0,clean,transit_rough,14,7,1,96,108,12,False,False,False,,12
43,switch_d0,regime_conditional,1.0,clean,warehouse,15,7,1,168,174,6,False,False,False,,6
43,switch_d0,regime_conditional,1.0,clean,transit_rough,16,8,0,24,36,12,False,False,False,,12
43,switch_d0,regime_conditional,1.0,clean,transit_rough,17,8,2,36,42,6,False,False,False,,6
43,switch_d0,regime_conditional,1.0,clean,transit_rough,18,9,1,12,24,12,False,False,False,,12
43,switch_d0,regime_conditional,1.0,clean,transit_smooth,19,9,1,144,150,6,False,False,False,,6
43,switch_d0,regime_conditional,1.0,clean,warehouse,20,10,1,60,72,12,False,False,False,,12
43,switch_d0,regime_conditional,1.0,clean,warehouse,21,10,0,108,114,6,False,False,False,,6
43,switch_d0,regime_conditional,1.0,clean,transit_rough,22,11,0,36,48,12,False,False,False,,12
43,switch_d0,regime_conditional,1.0,clean,transit_smooth,23,11,1,132,138,6,False,False,False,,6
43,switch_d0,regime_conditional,1.0,observed,warehouse,0,0,2,48,60,12,True,True,False,1.0,1
43,switch_d0,regime_conditional,1.0,observed,transit_rough,1,0,2,120,126,6,True,True,False,1.0,1
43,switch_d0,regime_conditional,1.0,observed,warehouse,2,1,0,12,24,12,True,True,False,2.0,2
43,switch_d0,regime_conditional,1.0,observed,transit_rough,3,1,1,132,138,6,True,True,False,1.0,1
43,switch_d0,regime_conditional,1.0,observed,warehouse,4,2,0,0,12,12,True,True,False,2.0,2
43,switch_d0,regime_conditional,1.0,observed,transit_rough,5,2,1,156,162,6,True,True,False,4.0,4
43,switch_d0,regime_conditional,1.0,observed,transit_smooth,6,3,2,60,72,12,True,True,False,0.0,0
43,switch_d0,regime_conditional,1.0,observed,transit_rough,7,3,1,132,138,6,True,True,False,4.0,4
43,switch_d0,regime_conditional,1.0,observed,transit_rough,8,4,1,60,72,12,True,True,False,6.0,6
43,switch_d0,regime_conditional,1.0,observed,warehouse,9,4,1,144,150,6,True,True,False,1.0,1
43,switch_d0,regime_conditional,1.0,observed,transit_rough,10,5,0,72,84,12,True,True,False,3.0,3
43,switch_d0,regime_conditional,1.0,observed,transit_smooth,11,5,1,36,42,6,True,True,False,0.0,0
43,switch_d0,regime_conditional,1.0,observed,transit_rough,12,6,0,84,96,12,True,True,False,1.0,1
43,switch_d0,regime_conditional,1.0,observed,transit_smooth,13,6,2,12,18,6,True,True,False,1.0,1
43,switch_d0,regime_conditional,1.0,observed,transit_rough,14,7,1,96,108,12,False,False,False,,12
43,switch_d0,regime_conditional,1.0,observed,warehouse,15,7,1,168,174,6,True,True,False,0.0,0
43,switch_d0,regime_conditional,1.0,observed,transit_rough,16,8,0,24,36,12,True,True,False,0.0,0
43,switch_d0,regime_conditional,1.0,observed,transit_rough,17,8,2,36,42,6,True,True,False,2.0,2
43,switch_d0,regime_conditional,1.0,observed,transit_rough,18,9,1,12,24,12,True,True,False,0.0,0
43,switch_d0,regime_conditional,1.0,observed,transit_smooth,19,9,1,144,150,6,True,True,False,0.0,0
43,switch_d0,regime_conditional,1.0,observed,warehouse,20,10,1,60,72,12,True,True,False,3.0,3
43,switch_d0,regime_conditional,1.0,observed,warehouse,21,10,0,108,114,6,True,True,False,0.0,0
43,switch_d0,regime_conditional,1.0,observed,transit_rough,22,11,0,36,48,12,True,True,False,2.0,2
43,switch_d0,regime_conditional,1.0,observed,transit_smooth,23,11,1,132,138,6,True,True,False,3.0,3
43,switch_d0,regime_conditional,0.2,clean,warehouse,0,0,2,48,60,12,False,False,False,,12
43,switch_d0,regime_conditional,0.2,clean,transit_rough,1,0,2,120,126,6,False,False,False,,6
43,switch_d0,regime_conditional,0.2,clean,warehouse,2,1,0,12,24,12,True,True,False,1.0,1
43,switch_d0,regime_conditional,0.2,clean,transit_rough,3,1,1,132,138,6,False,False,False,,6
43,switch_d0,regime_conditional,0.2,clean,warehouse,4,2,0,0,12,12,False,False,False,,12
43,switch_d0,regime_conditional,0.2,clean,transit_rough,5,2,1,156,162,6,False,False,False,,6
43,switch_d0,regime_conditional,0.2,clean,transit_smooth,6,3,2,60,72,12,False,False,False,,12
43,switch_d0,regime_conditional,0.2,clean,transit_rough,7,3,1,132,138,6,False,False,False,,6
43,switch_d0,regime_conditional,0.2,clean,transit_rough,8,4,1,60,72,12,False,False,False,,12
43,switch_d0,regime_conditional,0.2,clean,warehouse,9,4,1,144,150,6,False,False,False,,6
43,switch_d0,regime_conditional,0.2,clean,transit_rough,10,5,0,72,84,12,False,False,False,,12
43,switch_d0,regime_conditional,0.2,clean,transit_smooth,11,5,1,36,42,6,False,False,False,,6
43,switch_d0,regime_conditional,0.2,clean,transit_rough,12,6,0,84,96,12,False,False,False,,12
43,switch_d0,regime_conditional,0.2,clean,transit_smooth,13,6,2,12,18,6,False,False,False,,6
43,switch_d0,regime_conditional,0.2,clean,transit_rough,14,7,1,96,108,12,False,False,False,,12
43,switch_d0,regime_conditional,0.2,clean,warehouse,15,7,1,168,174,6,False,False,False,,6
43,switch_d0,regime_conditional,0.2,clean,transit_rough,16,8,0,24,36,12,False,False,False,,12
43,switch_d0,regime_conditional,0.2,clean,transit_rough,17,8,2,36,42,6,False,False,False,,6
43,switch_d0,regime_conditional,0.2,clean,transit_rough,18,9,1,12,24,12,False,False,False,,12
43,switch_d0,regime_conditional,0.2,clean,transit_smooth,19,9,1,144,150,6,False,False,False,,6
43,switch_d0,regime_conditional,0.2,clean,warehouse,20,10,1,60,72,12,False,False,False,,12
43,switch_d0,regime_conditional,0.2,clean,warehouse,21,10,0,108,114,6,False,False,False,,6
43,switch_d0,regime_conditional,0.2,clean,transit_rough,22,11,0,36,48,12,False,False,False,,12
43,switch_d0,regime_conditional,0.2,clean,transit_smooth,23,11,1,132,138,6,False,False,False,,6
43,switch_d0,regime_conditional,0.2,observed,warehouse,0,0,2,48,60,12,True,True,False,1.0,1
43,switch_d0,regime_conditional,0.2,observed,transit_rough,1,0,2,120,126,6,True,True,False,1.0,1
43,switch_d0,regime_conditional,0.2,observed,warehouse,2,1,0,12,24,12,True,True,False,5.0,5
43,switch_d0,regime_conditional,0.2,observed,transit_rough,3,1,1,132,138,6,True,True,False,1.0,1
43,switch_d0,regime_conditional,0.2,observed,warehouse,4,2,0,0,12,12,True,True,False,2.0,2
43,switch_d0,regime_conditional,0.2,observed,transit_rough,5,2,1,156,162,6,True,True,False,1.0,1
43,switch_d0,regime_conditional,0.2,observed,transit_smooth,6,3,2,60,72,12,True,True,False,1.0,1
43,switch_d0,regime_conditional,0.2,observed,transit_rough,7,3,1,132,138,6,True,True,False,3.0,3
43,switch_d0,regime_conditional,0.2,observed,transit_rough,8,4,1,60,72,12,True,True,False,3.0,3
43,switch_d0,regime_conditional,0.2,observed,warehouse,9,4,1,144,150,6,True,True,False,1.0,1
43,switch_d0,regime_conditional,0.2,observed,transit_rough,10,5,0,72,84,12,True,True,False,3.0,3
43,switch_d0,regime_conditional,0.2,observed,transit_smooth,11,5,1,36,42,6,True,True,False,1.0,1
43,switch_d0,regime_conditional,0.2,observed,transit_rough,12,6,0,84,96,12,True,True,False,0.0,0
43,switch_d0,regime_conditional,0.2,observed,transit_smooth,13,6,2,12,18,6,True,True,False,3.0,3
43,switch_d0,regime_conditional,0.2,observed,transit_rough,14,7,1,96,108,12,True,True,False,4.0,4
43,switch_d0,regime_conditional,0.2,observed,warehouse,15,7,1,168,174,6,True,True,False,2.0,2
43,switch_d0,regime_conditional,0.2,observed,transit_rough,16,8,0,24,36,12,True,True,False,1.0,1
43,switch_d0,regime_conditional,0.2,observed,transit_rough,17,8,2,36,42,6,True,True,False,2.0,2
43,switch_d0,regime_conditional,0.2,observed,transit_rough,18,9,1,12,24,12,True,True,False,1.0,1
43,switch_d0,regime_conditional,0.2,observed,transit_smooth,19,9,1,144,150,6,True,True,False,3.0,3
43,switch_d0,regime_conditional,0.2,observed,warehouse,20,10,1,60,72,12,True,True,False,3.0,3
43,switch_d0,regime_conditional,0.2,observed,warehouse,21,10,0,108,114,6,True,True,False,1.0,1
43,switch_d0,regime_conditional,0.2,observed,transit_rough,22,11,0,36,48,12,True,True,False,2.0,2
43,switch_d0,regime_conditional,0.2,observed,transit_smooth,23,11,1,132,138,6,True,True,False,2.0,2
43,switch_d4,regime_marginal,1.0,clean,warehouse,0,0,2,48,60,12,False,False,False,,12
43,switch_d4,regime_marginal,1.0,clean,transit_rough,1,0,2,120,126,6,True,True,False,0.0,0
43,switch_d4,regime_marginal,1.0,clean,warehouse,2,1,0,12,24,12,False,False,False,,12
43,switch_d4,regime_marginal,1.0,clean,transit_rough,3,1,1,132,138,6,False,False,False,,6
43,switch_d4,regime_marginal,1.0,clean,warehouse,4,2,0,0,12,12,False,False,False,,12
43,switch_d4,regime_marginal,1.0,clean,transit_rough,5,2,1,156,162,6,False,False,False,,6
43,switch_d4,regime_marginal,1.0,clean,transit_smooth,6,3,2,60,72,12,True,True,False,0.0,0
43,switch_d4,regime_marginal,1.0,clean,transit_rough,7,3,1,132,138,6,False,False,False,,6
43,switch_d4,regime_marginal,1.0,clean,transit_rough,8,4,1,60,72,12,False,False,False,,12
43,switch_d4,regime_marginal,1.0,clean,warehouse,9,4,1,144,150,6,False,False,False,,6
43,switch_d4,regime_marginal,1.0,clean,transit_rough,10,5,0,72,84,12,False,False,False,,12
43,switch_d4,regime_marginal,1.0,clean,transit_smooth,11,5,1,36,42,6,True,True,False,0.0,0
43,switch_d4,regime_marginal,1.0,clean,transit_rough,12,6,0,84,96,12,False,False,False,,12
43,switch_d4,regime_marginal,1.0,clean,transit_smooth,13,6,2,12,18,6,False,False,False,,6
43,switch_d4,regime_marginal,1.0,clean,transit_rough,14,7,1,96,108,12,False,False,False,,12
43,switch_d4,regime_marginal,1.0,clean,warehouse,15,7,1,168,174,6,False,False,False,,6
43,switch_d4,regime_marginal,1.0,clean,transit_rough,16,8,0,24,36,12,False,False,False,,12
43,switch_d4,regime_marginal,1.0,clean,transit_rough,17,8,2,36,42,6,False,False,False,,6
43,switch_d4,regime_marginal,1.0,clean,transit_rough,18,9,1,12,24,12,False,False,False,,12
43,switch_d4,regime_marginal,1.0,clean,transit_smooth,19,9,1,144,150,6,False,False,False,,6
43,switch_d4,regime_marginal,1.0,clean,warehouse,20,10,1,60,72,12,True,True,False,9.0,9
43,switch_d4,regime_marginal,1.0,clean,warehouse,21,10,0,108,114,6,False,False,False,,6
43,switch_d4,regime_marginal,1.0,clean,transit_rough,22,11,0,36,48,12,False,False,False,,12
43,switch_d4,regime_marginal,1.0,clean,transit_smooth,23,11,1,132,138,6,False,False,False,,6
43,switch_d4,regime_marginal,1.0,observed,warehouse,0,0,2,48,60,12,True,True,False,1.0,1
43,switch_d4,regime_marginal,1.0,observed,transit_rough,1,0,2,120,126,6,True,True,False,0.0,0
43,switch_d4,regime_marginal,1.0,observed,warehouse,2,1,0,12,24,12,False,False,False,,12
43,switch_d4,regime_marginal,1.0,observed,transit_rough,3,1,1,132,138,6,False,False,False,,6
43,switch_d4,regime_marginal,1.0,observed,warehouse,4,2,0,0,12,12,True,True,False,0.0,0
43,switch_d4,regime_marginal,1.0,observed,transit_rough,5,2,1,156,162,6,False,False,False,,6
43,switch_d4,regime_marginal,1.0,observed,transit_smooth,6,3,2,60,72,12,True,True,False,0.0,0
43,switch_d4,regime_marginal,1.0,observed,transit_rough,7,3,1,132,138,6,False,False,False,,6
43,switch_d4,regime_marginal,1.0,observed,transit_rough,8,4,1,60,72,12,True,True,False,0.0,0
43,switch_d4,regime_marginal,1.0,observed,warehouse,9,4,1,144,150,6,True,True,False,1.0,1
43,switch_d4,regime_marginal,1.0,observed,transit_rough,10,5,0,72,84,12,True,True,False,6.0,6
43,switch_d4,regime_marginal,1.0,observed,transit_smooth,11,5,1,36,42,6,True,True,False,0.0,0
43,switch_d4,regime_marginal,1.0,observed,transit_rough,12,6,0,84,96,12,True,True,False,3.0,3
43,switch_d4,regime_marginal,1.0,observed,transit_smooth,13,6,2,12,18,6,True,True,False,1.0,1
43,switch_d4,regime_marginal,1.0,observed,transit_rough,14,7,1,96,108,12,True,True,False,2.0,2
43,switch_d4,regime_marginal,1.0,observed,warehouse,15,7,1,168,174,6,True,True,False,0.0,0
43,switch_d4,regime_marginal,1.0,observed,transit_rough,16,8,0,24,36,12,True,True,False,0.0,0
43,switch_d4,regime_marginal,1.0,observed,transit_rough,17,8,2,36,42,6,True,True,False,2.0,2
43,switch_d4,regime_marginal,1.0,observed,transit_rough,18,9,1,12,24,12,True,True,False,0.0,0
43,switch_d4,regime_marginal,1.0,observed,transit_smooth,19,9,1,144,150,6,False,False,False,,6
43,switch_d4,regime_marginal,1.0,observed,warehouse,20,10,1,60,72,12,True,True,False,3.0,3
43,switch_d4,regime_marginal,1.0,observed,warehouse,21,10,0,108,114,6,True,True,False,0.0,0
43,switch_d4,regime_marginal,1.0,observed,transit_rough,22,11,0,36,48,12,True,True,False,2.0,2
43,switch_d4,regime_marginal,1.0,observed,transit_smooth,23,11,1,132,138,6,True,True,False,1.0,1
43,switch_d4,regime_marginal,0.2,clean,warehouse,0,0,2,48,60,12,False,False,False,,12
43,switch_d4,regime_marginal,0.2,clean,transit_rough,1,0,2,120,126,6,True,True,False,0.0,0
43,switch_d4,regime_marginal,0.2,clean,warehouse,2,1,0,12,24,12,False,False,False,,12
43,switch_d4,regime_marginal,0.2,clean,transit_rough,3,1,1,132,138,6,False,False,False,,6
43,switch_d4,regime_marginal,0.2,clean,warehouse,4,2,0,0,12,12,False,False,False,,12
43,switch_d4,regime_marginal,0.2,clean,transit_rough,5,2,1,156,162,6,False,False,False,,6
43,switch_d4,regime_marginal,0.2,clean,transit_smooth,6,3,2,60,72,12,True,True,False,0.0,0
43,switch_d4,regime_marginal,0.2,clean,transit_rough,7,3,1,132,138,6,False,False,False,,6
43,switch_d4,regime_marginal,0.2,clean,transit_rough,8,4,1,60,72,12,False,False,False,,12
43,switch_d4,regime_marginal,0.2,clean,warehouse,9,4,1,144,150,6,False,False,False,,6
43,switch_d4,regime_marginal,0.2,clean,transit_rough,10,5,0,72,84,12,False,False,False,,12
43,switch_d4,regime_marginal,0.2,clean,transit_smooth,11,5,1,36,42,6,False,False,False,,6
43,switch_d4,regime_marginal,0.2,clean,transit_rough,12,6,0,84,96,12,False,False,False,,12
43,switch_d4,regime_marginal,0.2,clean,transit_smooth,13,6,2,12,18,6,False,False,False,,6
43,switch_d4,regime_marginal,0.2,clean,transit_rough,14,7,1,96,108,12,False,False,False,,12
43,switch_d4,regime_marginal,0.2,clean,warehouse,15,7,1,168,174,6,False,False,False,,6
43,switch_d4,regime_marginal,0.2,clean,transit_rough,16,8,0,24,36,12,False,False,False,,12
43,switch_d4,regime_marginal,0.2,clean,transit_rough,17,8,2,36,42,6,False,False,False,,6
43,switch_d4,regime_marginal,0.2,clean,transit_rough,18,9,1,12,24,12,False,False,False,,12
43,switch_d4,regime_marginal,0.2,clean,transit_smooth,19,9,1,144,150,6,False,False,False,,6
43,switch_d4,regime_marginal,0.2,clean,warehouse,20,10,1,60,72,12,False,False,False,,12
43,switch_d4,regime_marginal,0.2,clean,warehouse,21,10,0,108,114,6,False,False,False,,6
43,switch_d4,regime_marginal,0.2,clean,transit_rough,22,11,0,36,48,12,False,False,False,,12
43,switch_d4,regime_marginal,0.2,clean,transit_smooth,23,11,1,132,138,6,False,False,False,,6
43,switch_d4,regime_marginal,0.2,observed,warehouse,0,0,2,48,60,12,True,True,False,9.0,9
43,switch_d4,regime_marginal,0.2,observed,transit_rough,1,0,2,120,126,6,True,True,False,2.0,2
43,switch_d4,regime_marginal,0.2,observed,warehouse,2,1,0,12,24,12,False,False,False,,12
43,switch_d4,regime_marginal,0.2,observed,transit_rough,3,1,1,132,138,6,False,False,False,,6
43,switch_d4,regime_marginal,0.2,observed,warehouse,4,2,0,0,12,12,True,True,False,4.0,4
43,switch_d4,regime_marginal,0.2,observed,transit_rough,5,2,1,156,162,6,False,False,False,,6
43,switch_d4,regime_marginal,0.2,observed,transit_smooth,6,3,2,60,72,12,True,True,False,0.0,0
43,switch_d4,regime_marginal,0.2,observed,transit_rough,7,3,1,132,138,6,False,False,False,,6
43,switch_d4,regime_marginal,0.2,observed,transit_rough,8,4,1,60,72,12,True,True,False,3.0,3
43,switch_d4,regime_marginal,0.2,observed,warehouse,9,4,1,144,150,6,True,True,False,3.0,3
43,switch_d4,regime_marginal,0.2,observed,transit_rough,10,5,0,72,84,12,True,True,False,7.0,7
43,switch_d4,regime_marginal,0.2,observed,transit_smooth,11,5,1,36,42,6,True,True,False,3.0,3
43,switch_d4,regime_marginal,0.2,observed,transit_rough,12,6,0,84,96,12,True,True,False,3.0,3
43,switch_d4,regime_marginal,0.2,observed,transit_smooth,13,6,2,12,18,6,True,True,False,4.0,4
43,switch_d4,regime_marginal,0.2,observed,transit_rough,14,7,1,96,108,12,True,True,False,5.0,5
43,switch_d4,regime_marginal,0.2,observed,warehouse,15,7,1,168,174,6,True,True,False,3.0,3
43,switch_d4,regime_marginal,0.2,observed,transit_rough,16,8,0,24,36,12,True,True,False,1.0,1
43,switch_d4,regime_marginal,0.2,observed,transit_rough,17,8,2,36,42,6,True,True,False,3.0,3
43,switch_d4,regime_marginal,0.2,observed,transit_rough,18,9,1,12,24,12,True,True,False,2.0,2
43,switch_d4,regime_marginal,0.2,observed,transit_smooth,19,9,1,144,150,6,False,False,False,,6
43,switch_d4,regime_marginal,0.2,observed,warehouse,20,10,1,60,72,12,False,False,False,,12
43,switch_d4,regime_marginal,0.2,observed,warehouse,21,10,0,108,114,6,True,True,False,1.0,1
43,switch_d4,regime_marginal,0.2,observed,transit_rough,22,11,0,36,48,12,True,True,False,5.0,5
43,switch_d4,regime_marginal,0.2,observed,transit_smooth,23,11,1,132,138,6,True,True,False,2.0,2
43,switch_d4,regime_conditional,1.0,clean,warehouse,0,0,2,48,60,12,False,False,False,,12
43,switch_d4,regime_conditional,1.0,clean,transit_rough,1,0,2,120,126,6,True,True,False,0.0,0
43,switch_d4,regime_conditional,1.0,clean,warehouse,2,1,0,12,24,12,False,False,False,,12
43,switch_d4,regime_conditional,1.0,clean,transit_rough,3,1,1,132,138,6,False,False,False,,6
43,switch_d4,regime_conditional,1.0,clean,warehouse,4,2,0,0,12,12,True,True,False,5.0,5
43,switch_d4,regime_conditional,1.0,clean,transit_rough,5,2,1,156,162,6,False,False,False,,6
43,switch_d4,regime_conditional,1.0,clean,transit_smooth,6,3,2,60,72,12,True,True,False,0.0,0
43,switch_d4,regime_conditional,1.0,clean,transit_rough,7,3,1,132,138,6,False,False,False,,6
43,switch_d4,regime_conditional,1.0,clean,transit_rough,8,4,1,60,72,12,True,True,False,2.0,2
43,switch_d4,regime_conditional,1.0,clean,warehouse,9,4,1,144,150,6,False,False,False,,6
43,switch_d4,regime_conditional,1.0,clean,transit_rough,10,5,0,72,84,12,False,False,False,,12
43,switch_d4,regime_conditional,1.0,clean,transit_smooth,11,5,1,36,42,6,True,True,False,0.0,0
43,switch_d4,regime_conditional,1.0,clean,transit_rough,12,6,0,84,96,12,False,False,False,,12
43,switch_d4,regime_conditional,1.0,clean,transit_smooth,13,6,2,12,18,6,False,False,False,,6
43,switch_d4,regime_conditional,1.0,clean,transit_rough,14,7,1,96,108,12,False,False,False,,12
43,switch_d4,regime_conditional,1.0,clean,warehouse,15,7,1,168,174,6,False,False,False,,6
43,switch_d4,regime_conditional,1.0,clean,transit_rough,16,8,0,24,36,12,False,False,False,,12
43,switch_d4,regime_conditional,1.0,clean,transit_rough,17,8,2,36,42,6,False,False,False,,6
43,switch_d4,regime_conditional,1.0,clean,transit_rough,18,9,1,12,24,12,False,False,False,,12
43,switch_d4,regime_conditional,1.0,clean,transit_smooth,19,9,1,144,150,6,False,False,False,,6
43,switch_d4,regime_conditional,1.0,clean,warehouse,20,10,1,60,72,12,True,True,False,2.0,2
43,switch_d4,regime_conditional,1.0,clean,warehouse,21,10,0,108,114,6,False,False,False,,6
43,switch_d4,regime_conditional,1.0,clean,transit_rough,22,11,0,36,48,12,False,False,False,,12
43,switch_d4,regime_conditional,1.0,clean,transit_smooth,23,11,1,132,138,6,False,False,False,,6
43,switch_d4,regime_conditional,1.0,observed,warehouse,0,0,2,48,60,12,True,True,False,1.0,1
43,switch_d4,regime_conditional,1.0,observed,transit_rough,1,0,2,120,126,6,True,True,False,0.0,0
43,switch_d4,regime_conditional,1.0,observed,warehouse,2,1,0,12,24,12,True,True,False,2.0,2
43,switch_d4,regime_conditional,1.0,observed,transit_rough,3,1,1,132,138,6,True,True,False,1.0,1
43,switch_d4,regime_conditional,1.0,observed,warehouse,4,2,0,0,12,12,True,True,False,2.0,2
43,switch_d4,regime_conditional,1.0,observed,transit_rough,5,2,1,156,162,6,True,True,False,4.0,4
43,switch_d4,regime_conditional,1.0,observed,transit_smooth,6,3,2,60,72,12,True,True,False,0.0,0
43,switch_d4,regime_conditional,1.0,observed,transit_rough,7,3,1,132,138,6,True,True,False,4.0,4
43,switch_d4,regime_conditional,1.0,observed,transit_rough,8,4,1,60,72,12,True,True,False,6.0,6
43,switch_d4,regime_conditional,1.0,observed,warehouse,9,4,1,144,150,6,True,True,False,1.0,1
43,switch_d4,regime_conditional,1.0,observed,transit_rough,10,5,0,72,84,12,True,True,False,3.0,3
43,switch_d4,regime_conditional,1.0,observed,transit_smooth,11,5,1,36,42,6,True,True,False,0.0,0
43,switch_d4,regime_conditional,1.0,observed,transit_rough,12,6,0,84,96,12,True,True,False,1.0,1
43,switch_d4,regime_conditional,1.0,observed,transit_smooth,13,6,2,12,18,6,True,True,False,1.0,1
43,switch_d4,regime_conditional,1.0,observed,transit_rough,14,7,1,96,108,12,False,False,False,,12
43,switch_d4,regime_conditional,1.0,observed,warehouse,15,7,1,168,174,6,True,True,False,0.0,0
43,switch_d4,regime_conditional,1.0,observed,transit_rough,16,8,0,24,36,12,True,True,False,0.0,0
43,switch_d4,regime_conditional,1.0,observed,transit_rough,17,8,2,36,42,6,True,True,False,2.0,2
43,switch_d4,regime_conditional,1.0,observed,transit_rough,18,9,1,12,24,12,True,True,False,0.0,0
43,switch_d4,regime_conditional,1.0,observed,transit_smooth,19,9,1,144,150,6,True,True,False,0.0,0
43,switch_d4,regime_conditional,1.0,observed,warehouse,20,10,1,60,72,12,True,True,False,4.0,4
43,switch_d4,regime_conditional,1.0,observed,warehouse,21,10,0,108,114,6,True,True,False,0.0,0
43,switch_d4,regime_conditional,1.0,observed,transit_rough,22,11,0,36,48,12,True,True,False,2.0,2
43,switch_d4,regime_conditional,1.0,observed,transit_smooth,23,11,1,132,138,6,True,True,False,3.0,3
43,switch_d4,regime_conditional,0.2,clean,warehouse,0,0,2,48,60,12,False,False,False,,12
43,switch_d4,regime_conditional,0.2,clean,transit_rough,1,0,2,120,126,6,True,True,False,0.0,0
43,switch_d4,regime_conditional,0.2,clean,warehouse,2,1,0,12,24,12,True,True,False,1.0,1
43,switch_d4,regime_conditional,0.2,clean,transit_rough,3,1,1,132,138,6,False,False,False,,6
43,switch_d4,regime_conditional,0.2,clean,warehouse,4,2,0,0,12,12,False,False,False,,12
43,switch_d4,regime_conditional,0.2,clean,transit_rough,5,2,1,156,162,6,False,False,False,,6
43,switch_d4,regime_conditional,0.2,clean,transit_smooth,6,3,2,60,72,12,True,True,False,0.0,0
43,switch_d4,regime_conditional,0.2,clean,transit_rough,7,3,1,132,138,6,False,False,False,,6
43,switch_d4,regime_conditional,0.2,clean,transit_rough,8,4,1,60,72,12,True,True,False,2.0,2
43,switch_d4,regime_conditional,0.2,clean,warehouse,9,4,1,144,150,6,False,False,False,,6
43,switch_d4,regime_conditional,0.2,clean,transit_rough,10,5,0,72,84,12,False,False,False,,12
43,switch_d4,regime_conditional,0.2,clean,transit_smooth,11,5,1,36,42,6,False,False,False,,6
43,switch_d4,regime_conditional,0.2,clean,transit_rough,12,6,0,84,96,12,False,False,False,,12
43,switch_d4,regime_conditional,0.2,clean,transit_smooth,13,6,2,12,18,6,False,False,False,,6
43,switch_d4,regime_conditional,0.2,clean,transit_rough,14,7,1,96,108,12,False,False,False,,12
43,switch_d4,regime_conditional,0.2,clean,warehouse,15,7,1,168,174,6,False,False,False,,6
43,switch_d4,regime_conditional,0.2,clean,transit_rough,16,8,0,24,36,12,False,False,False,,12
43,switch_d4,regime_conditional,0.2,clean,transit_rough,17,8,2,36,42,6,False,False,False,,6
43,switch_d4,regime_conditional,0.2,clean,transit_rough,18,9,1,12,24,12,False,False,False,,12
43,switch_d4,regime_conditional,0.2,clean,transit_smooth,19,9,1,144,150,6,False,False,False,,6
43,switch_d4,regime_conditional,0.2,clean,warehouse,20,10,1,60,72,12,True,True,False,2.0,2
43,switch_d4,regime_conditional,0.2,clean,warehouse,21,10,0,108,114,6,False,False,False,,6
43,switch_d4,regime_conditional,0.2,clean,transit_rough,22,11,0,36,48,12,False,False,False,,12
43,switch_d4,regime_conditional,0.2,clean,transit_smooth,23,11,1,132,138,6,False,False,False,,6
43,switch_d4,regime_conditional,0.2,observed,warehouse,0,0,2,48,60,12,True,True,False,1.0,1
43,switch_d4,regime_conditional,0.2,observed,transit_rough,1,0,2,120,126,6,True,True,False,2.0,2
43,switch_d4,regime_conditional,0.2,observed,warehouse,2,1,0,12,24,12,True,True,False,5.0,5
43,switch_d4,regime_conditional,0.2,observed,transit_rough,3,1,1,132,138,6,True,True,False,1.0,1
43,switch_d4,regime_conditional,0.2,observed,warehouse,4,2,0,0,12,12,True,True,False,2.0,2
43,switch_d4,regime_conditional,0.2,observed,transit_rough,5,2,1,156,162,6,True,True,False,1.0,1
43,switch_d4,regime_conditional,0.2,observed,transit_smooth,6,3,2,60,72,12,True,True,False,0.0,0
43,switch_d4,regime_conditional,0.2,observed,transit_rough,7,3,1,132,138,6,True,True,False,3.0,3
43,switch_d4,regime_conditional,0.2,observed,transit_rough,8,4,1,60,72,12,True,True,False,6.0,6
43,switch_d4,regime_conditional,0.2,observed,warehouse,9,4,1,144,150,6,True,True,False,1.0,1
43,switch_d4,regime_conditional,0.2,observed,transit_rough,10,5,0,72,84,12,True,True,False,3.0,3
43,switch_d4,regime_conditional,0.2,observed,transit_smooth,11,5,1,36,42,6,True,True,False,1.0,1
43,switch_d4,regime_conditional,0.2,observed,transit_rough,12,6,0,84,96,12,True,True,False,0.0,0
43,switch_d4,regime_conditional,0.2,observed,transit_smooth,13,6,2,12,18,6,True,True,False,3.0,3
43,switch_d4,regime_conditional,0.2,observed,transit_rough,14,7,1,96,108,12,True,True,False,4.0,4
43,switch_d4,regime_conditional,0.2,observed,warehouse,15,7,1,168,174,6,True,True,False,2.0,2
43,switch_d4,regime_conditional,0.2,observed,transit_rough,16,8,0,24,36,12,True,True,False,1.0,1
43,switch_d4,regime_conditional,0.2,observed,transit_rough,17,8,2,36,42,6,True,True,False,2.0,2
43,switch_d4,regime_conditional,0.2,observed,transit_rough,18,9,1,12,24,12,True,True,False,1.0,1
43,switch_d4,regime_conditional,0.2,observed,transit_smooth,19,9,1,144,150,6,True,True,False,3.0,3
43,switch_d4,regime_conditional,0.2,observed,warehouse,20,10,1,60,72,12,True,True,False,6.0,6
43,switch_d4,regime_conditional,0.2,observed,warehouse,21,10,0,108,114,6,True,True,False,1.0,1
43,switch_d4,regime_conditional,0.2,observed,transit_rough,22,11,0,36,48,12,True,True,False,2.0,2
43,switch_d4,regime_conditional,0.2,observed,transit_smooth,23,11,1,132,138,6,True,True,False,2.0,2
43,switch_d12,regime_marginal,1.0,clean,warehouse,0,0,2,48,60,12,False,False,False,,12
43,switch_d12,regime_marginal,1.0,clean,transit_rough,1,0,2,120,126,6,True,True,False,0.0,0
43,switch_d12,regime_marginal,1.0,clean,warehouse,2,1,0,12,24,12,False,False,False,,12
43,switch_d12,regime_marginal,1.0,clean,transit_rough,3,1,1,132,138,6,False,False,False,,6
43,switch_d12,regime_marginal,1.0,clean,warehouse,4,2,0,0,12,12,False,False,False,,12
43,switch_d12,regime_marginal,1.0,clean,transit_rough,5,2,1,156,162,6,False,False,False,,6
43,switch_d12,regime_marginal,1.0,clean,transit_smooth,6,3,2,60,72,12,True,True,False,0.0,0
43,switch_d12,regime_marginal,1.0,clean,transit_rough,7,3,1,132,138,6,False,False,False,,6
43,switch_d12,regime_marginal,1.0,clean,transit_rough,8,4,1,60,72,12,False,False,False,,12
43,switch_d12,regime_marginal,1.0,clean,warehouse,9,4,1,144,150,6,False,False,False,,6
43,switch_d12,regime_marginal,1.0,clean,transit_rough,10,5,0,72,84,12,False,False,False,,12
43,switch_d12,regime_marginal,1.0,clean,transit_smooth,11,5,1,36,42,6,True,True,False,0.0,0
43,switch_d12,regime_marginal,1.0,clean,transit_rough,12,6,0,84,96,12,False,False,False,,12
43,switch_d12,regime_marginal,1.0,clean,transit_smooth,13,6,2,12,18,6,False,False,False,,6
43,switch_d12,regime_marginal,1.0,clean,transit_rough,14,7,1,96,108,12,False,False,False,,12
43,switch_d12,regime_marginal,1.0,clean,warehouse,15,7,1,168,174,6,False,False,False,,6
43,switch_d12,regime_marginal,1.0,clean,transit_rough,16,8,0,24,36,12,False,False,False,,12
43,switch_d12,regime_marginal,1.0,clean,transit_rough,17,8,2,36,42,6,False,False,False,,6
43,switch_d12,regime_marginal,1.0,clean,transit_rough,18,9,1,12,24,12,False,False,False,,12
43,switch_d12,regime_marginal,1.0,clean,transit_smooth,19,9,1,144,150,6,False,False,False,,6
43,switch_d12,regime_marginal,1.0,clean,warehouse,20,10,1,60,72,12,False,False,False,,12
43,switch_d12,regime_marginal,1.0,clean,warehouse,21,10,0,108,114,6,False,False,False,,6
43,switch_d12,regime_marginal,1.0,clean,transit_rough,22,11,0,36,48,12,False,False,False,,12
43,switch_d12,regime_marginal,1.0,clean,transit_smooth,23,11,1,132,138,6,False,False,False,,6
43,switch_d12,regime_marginal,1.0,observed,warehouse,0,0,2,48,60,12,True,True,False,1.0,1
43,switch_d12,regime_marginal,1.0,observed,transit_rough,1,0,2,120,126,6,True,True,False,0.0,0
43,switch_d12,regime_marginal,1.0,observed,warehouse,2,1,0,12,24,12,False,False,False,,12
43,switch_d12,regime_marginal,1.0,observed,transit_rough,3,1,1,132,138,6,False,False,False,,6
43,switch_d12,regime_marginal,1.0,observed,warehouse,4,2,0,0,12,12,True,True,False,0.0,0
43,switch_d12,regime_marginal,1.0,observed,transit_rough,5,2,1,156,162,6,False,False,False,,6
43,switch_d12,regime_marginal,1.0,observed,transit_smooth,6,3,2,60,72,12,True,True,False,0.0,0
43,switch_d12,regime_marginal,1.0,observed,transit_rough,7,3,1,132,138,6,False,False,False,,6
43,switch_d12,regime_marginal,1.0,observed,transit_rough,8,4,1,60,72,12,True,True,False,0.0,0
43,switch_d12,regime_marginal,1.0,observed,warehouse,9,4,1,144,150,6,True,True,False,1.0,1
43,switch_d12,regime_marginal,1.0,observed,transit_rough,10,5,0,72,84,12,True,True,False,6.0,6
43,switch_d12,regime_marginal,1.0,observed,transit_smooth,11,5,1,36,42,6,True,True,False,0.0,0
43,switch_d12,regime_marginal,1.0,observed,transit_rough,12,6,0,84,96,12,True,True,False,3.0,3
43,switch_d12,regime_marginal,1.0,observed,transit_smooth,13,6,2,12,18,6,True,True,False,1.0,1
43,switch_d12,regime_marginal,1.0,observed,transit_rough,14,7,1,96,108,12,True,True,False,2.0,2
43,switch_d12,regime_marginal,1.0,observed,warehouse,15,7,1,168,174,6,True,True,False,0.0,0
43,switch_d12,regime_marginal,1.0,observed,transit_rough,16,8,0,24,36,12,True,True,False,0.0,0
43,switch_d12,regime_marginal,1.0,observed,transit_rough,17,8,2,36,42,6,True,True,False,2.0,2
43,switch_d12,regime_marginal,1.0,observed,transit_rough,18,9,1,12,24,12,True,True,False,0.0,0
43,switch_d12,regime_marginal,1.0,observed,transit_smooth,19,9,1,144,150,6,False,False,False,,6
43,switch_d12,regime_marginal,1.0,observed,warehouse,20,10,1,60,72,12,True,True,False,3.0,3
43,switch_d12,regime_marginal,1.0,observed,warehouse,21,10,0,108,114,6,True,True,False,0.0,0
43,switch_d12,regime_marginal,1.0,observed,transit_rough,22,11,0,36,48,12,True,True,False,2.0,2
43,switch_d12,regime_marginal,1.0,observed,transit_smooth,23,11,1,132,138,6,True,True,False,1.0,1
43,switch_d12,regime_marginal,0.2,clean,warehouse,0,0,2,48,60,12,False,False,False,,12
43,switch_d12,regime_marginal,0.2,clean,transit_rough,1,0,2,120,126,6,True,True,False,0.0,0
43,switch_d12,regime_marginal,0.2,clean,warehouse,2,1,0,12,24,12,False,False,False,,12
43,switch_d12,regime_marginal,0.2,clean,transit_rough,3,1,1,132,138,6,False,False,True,,6
43,switch_d12,regime_marginal,0.2,clean,warehouse,4,2,0,0,12,12,False,False,False,,12
43,switch_d12,regime_marginal,0.2,clean,transit_rough,5,2,1,156,162,6,False,False,False,,6
43,switch_d12,regime_marginal,0.2,clean,transit_smooth,6,3,2,60,72,12,True,True,False,0.0,0
43,switch_d12,regime_marginal,0.2,clean,transit_rough,7,3,1,132,138,6,False,False,True,,6
43,switch_d12,regime_marginal,0.2,clean,transit_rough,8,4,1,60,72,12,False,False,False,,12
43,switch_d12,regime_marginal,0.2,clean,warehouse,9,4,1,144,150,6,False,False,False,,6
43,switch_d12,regime_marginal,0.2,clean,transit_rough,10,5,0,72,84,12,False,False,False,,12
43,switch_d12,regime_marginal,0.2,clean,transit_smooth,11,5,1,36,42,6,False,False,False,,6
43,switch_d12,regime_marginal,0.2,clean,transit_rough,12,6,0,84,96,12,False,False,False,,12
43,switch_d12,regime_marginal,0.2,clean,transit_smooth,13,6,2,12,18,6,False,False,False,,6
43,switch_d12,regime_marginal,0.2,clean,transit_rough,14,7,1,96,108,12,False,False,False,,12
43,switch_d12,regime_marginal,0.2,clean,warehouse,15,7,1,168,174,6,False,False,False,,6
43,switch_d12,regime_marginal,0.2,clean,transit_rough,16,8,0,24,36,12,False,False,False,,12
43,switch_d12,regime_marginal,0.2,clean,transit_rough,17,8,2,36,42,6,False,False,False,,6
43,switch_d12,regime_marginal,0.2,clean,transit_rough,18,9,1,12,24,12,False,False,False,,12
43,switch_d12,regime_marginal,0.2,clean,transit_smooth,19,9,1,144,150,6,False,False,False,,6
43,switch_d12,regime_marginal,0.2,clean,warehouse,20,10,1,60,72,12,False,False,False,,12
43,switch_d12,regime_marginal,0.2,clean,warehouse,21,10,0,108,114,6,False,False,False,,6
43,switch_d12,regime_marginal,0.2,clean,transit_rough,22,11,0,36,48,12,False,False,False,,12
43,switch_d12,regime_marginal,0.2,clean,transit_smooth,23,11,1,132,138,6,False,False,True,,6
43,switch_d12,regime_marginal,0.2,observed,warehouse,0,0,2,48,60,12,True,True,False,9.0,9
43,switch_d12,regime_marginal,0.2,observed,transit_rough,1,0,2,120,126,6,True,True,False,2.0,2
43,switch_d12,regime_marginal,0.2,observed,warehouse,2,1,0,12,24,12,False,False,False,,12
43,switch_d12,regime_marginal,0.2,observed,transit_rough,3,1,1,132,138,6,False,False,True,,6
43,switch_d12,regime_marginal,0.2,observed,warehouse,4,2,0,0,12,12,True,True,False,4.0,4
43,switch_d12,regime_marginal,0.2,observed,transit_rough,5,2,1,156,162,6,False,False,False,,6
43,switch_d12,regime_marginal,0.2,observed,transit_smooth,6,3,2,60,72,12,True,True,False,0.0,0
43,switch_d12,regime_marginal,0.2,observed,transit_rough,7,3,1,132,138,6,False,False,True,,6
43,switch_d12,regime_marginal,0.2,observed,transit_rough,8,4,1,60,72,12,True,True,False,3.0,3
43,switch_d12,regime_marginal,0.2,observed,warehouse,9,4,1,144,150,6,True,True,False,3.0,3
43,switch_d12,regime_marginal,0.2,observed,transit_rough,10,5,0,72,84,12,True,True,False,7.0,7
43,switch_d12,regime_marginal,0.2,observed,transit_smooth,11,5,1,36,42,6,True,True,False,3.0,3
43,switch_d12,regime_marginal,0.2,observed,transit_rough,12,6,0,84,96,12,True,True,False,3.0,3
43,switch_d12,regime_marginal,0.2,observed,transit_smooth,13,6,2,12,18,6,True,True,False,4.0,4
43,switch_d12,regime_marginal,0.2,observed,transit_rough,14,7,1,96,108,12,True,True,False,5.0,5
43,switch_d12,regime_marginal,0.2,observed,warehouse,15,7,1,168,174,6,True,True,False,3.0,3
43,switch_d12,regime_marginal,0.2,observed,transit_rough,16,8,0,24,36,12,True,True,False,1.0,1
43,switch_d12,regime_marginal,0.2,observed,transit_rough,17,8,2,36,42,6,True,True,False,3.0,3
43,switch_d12,regime_marginal,0.2,observed,transit_rough,18,9,1,12,24,12,True,True,False,2.0,2
43,switch_d12,regime_marginal,0.2,observed,transit_smooth,19,9,1,144,150,6,False,False,False,,6
43,switch_d12,regime_marginal,0.2,observed,warehouse,20,10,1,60,72,12,True,True,False,4.0,4
43,switch_d12,regime_marginal,0.2,observed,warehouse,21,10,0,108,114,6,True,True,False,1.0,1
43,switch_d12,regime_marginal,0.2,observed,transit_rough,22,11,0,36,48,12,True,True,False,5.0,5
43,switch_d12,regime_marginal,0.2,observed,transit_smooth,23,11,1,132,138,6,True,True,True,3.0,3
43,switch_d12,regime_conditional,1.0,clean,warehouse,0,0,2,48,60,12,False,False,False,,12
43,switch_d12,regime_conditional,1.0,clean,transit_rough,1,0,2,120,126,6,True,True,False,0.0,0
43,switch_d12,regime_conditional,1.0,clean,warehouse,2,1,0,12,24,12,False,False,False,,12
43,switch_d12,regime_conditional,1.0,clean,transit_rough,3,1,1,132,138,6,False,False,False,,6
43,switch_d12,regime_conditional,1.0,clean,warehouse,4,2,0,0,12,12,True,True,False,5.0,5
43,switch_d12,regime_conditional,1.0,clean,transit_rough,5,2,1,156,162,6,False,False,False,,6
43,switch_d12,regime_conditional,1.0,clean,transit_smooth,6,3,2,60,72,12,True,True,False,0.0,0
43,switch_d12,regime_conditional,1.0,clean,transit_rough,7,3,1,132,138,6,False,False,False,,6
43,switch_d12,regime_conditional,1.0,clean,transit_rough,8,4,1,60,72,12,True,True,False,2.0,2
43,switch_d12,regime_conditional,1.0,clean,warehouse,9,4,1,144,150,6,False,False,False,,6
43,switch_d12,regime_conditional,1.0,clean,transit_rough,10,5,0,72,84,12,False,False,False,,12
43,switch_d12,regime_conditional,1.0,clean,transit_smooth,11,5,1,36,42,6,True,True,False,0.0,0
43,switch_d12,regime_conditional,1.0,clean,transit_rough,12,6,0,84,96,12,False,False,False,,12
43,switch_d12,regime_conditional,1.0,clean,transit_smooth,13,6,2,12,18,6,False,False,False,,6
43,switch_d12,regime_conditional,1.0,clean,transit_rough,14,7,1,96,108,12,False,False,False,,12
43,switch_d12,regime_conditional,1.0,clean,warehouse,15,7,1,168,174,6,False,False,False,,6
43,switch_d12,regime_conditional,1.0,clean,transit_rough,16,8,0,24,36,12,False,False,False,,12
43,switch_d12,regime_conditional,1.0,clean,transit_rough,17,8,2,36,42,6,False,False,False,,6
43,switch_d12,regime_conditional,1.0,clean,transit_rough,18,9,1,12,24,12,False,False,False,,12
43,switch_d12,regime_conditional,1.0,clean,transit_smooth,19,9,1,144,150,6,False,False,False,,6
43,switch_d12,regime_conditional,1.0,clean,warehouse,20,10,1,60,72,12,True,True,False,2.0,2
43,switch_d12,regime_conditional,1.0,clean,warehouse,21,10,0,108,114,6,False,False,False,,6
43,switch_d12,regime_conditional,1.0,clean,transit_rough,22,11,0,36,48,12,False,False,False,,12
43,switch_d12,regime_conditional,1.0,clean,transit_smooth,23,11,1,132,138,6,False,False,True,,6
43,switch_d12,regime_conditional,1.0,observed,warehouse,0,0,2,48,60,12,True,True,False,1.0,1
43,switch_d12,regime_conditional,1.0,observed,transit_rough,1,0,2,120,126,6,True,True,False,0.0,0
43,switch_d12,regime_conditional,1.0,observed,warehouse,2,1,0,12,24,12,True,True,False,2.0,2
43,switch_d12,regime_conditional,1.0,observed,transit_rough,3,1,1,132,138,6,True,True,False,1.0,1
43,switch_d12,regime_conditional,1.0,observed,warehouse,4,2,0,0,12,12,True,True,False,2.0,2
43,switch_d12,regime_conditional,1.0,observed,transit_rough,5,2,1,156,162,6,True,True,False,4.0,4
43,switch_d12,regime_conditional,1.0,observed,transit_smooth,6,3,2,60,72,12,True,True,False,0.0,0
43,switch_d12,regime_conditional,1.0,observed,transit_rough,7,3,1,132,138,6,True,True,False,4.0,4
43,switch_d12,regime_conditional,1.0,observed,transit_rough,8,4,1,60,72,12,True,True,False,6.0,6
43,switch_d12,regime_conditional,1.0,observed,warehouse,9,4,1,144,150,6,True,True,False,1.0,1
43,switch_d12,regime_conditional,1.0,observed,transit_rough,10,5,0,72,84,12,True,True,False,3.0,3
43,switch_d12,regime_conditional,1.0,observed,transit_smooth,11,5,1,36,42,6,True,True,False,0.0,0
43,switch_d12,regime_conditional,1.0,observed,transit_rough,12,6,0,84,96,12,True,True,False,1.0,1
43,switch_d12,regime_conditional,1.0,observed,transit_smooth,13,6,2,12,18,6,True,True,False,1.0,1
43,switch_d12,regime_conditional,1.0,observed,transit_rough,14,7,1,96,108,12,False,False,False,,12
43,switch_d12,regime_conditional,1.0,observed,warehouse,15,7,1,168,174,6,True,True,False,0.0,0
43,switch_d12,regime_conditional,1.0,observed,transit_rough,16,8,0,24,36,12,True,True,False,0.0,0
43,switch_d12,regime_conditional,1.0,observed,transit_rough,17,8,2,36,42,6,True,True,False,2.0,2
43,switch_d12,regime_conditional,1.0,observed,transit_rough,18,9,1,12,24,12,True,True,False,0.0,0
43,switch_d12,regime_conditional,1.0,observed,transit_smooth,19,9,1,144,150,6,True,True,False,0.0,0
43,switch_d12,regime_conditional,1.0,observed,warehouse,20,10,1,60,72,12,False,False,False,,12
43,switch_d12,regime_conditional,1.0,observed,warehouse,21,10,0,108,114,6,True,True,False,0.0,0
43,switch_d12,regime_conditional,1.0,observed,transit_rough,22,11,0,36,48,12,True,True,False,2.0,2
43,switch_d12,regime_conditional,1.0,observed,transit_smooth,23,11,1,132,138,6,True,True,True,3.0,3
43,switch_d12,regime_conditional,0.2,clean,warehouse,0,0,2,48,60,12,False,False,False,,12
43,switch_d12,regime_conditional,0.2,clean,transit_rough,1,0,2,120,126,6,True,True,False,0.0,0
43,switch_d12,regime_conditional,0.2,clean,warehouse,2,1,0,12,24,12,True,True,False,1.0,1
43,switch_d12,regime_conditional,0.2,clean,transit_rough,3,1,1,132,138,6,False,False,True,,6
43,switch_d12,regime_conditional,0.2,clean,warehouse,4,2,0,0,12,12,False,False,False,,12
43,switch_d12,regime_conditional,0.2,clean,transit_rough,5,2,1,156,162,6,False,False,False,,6
43,switch_d12,regime_conditional,0.2,clean,transit_smooth,6,3,2,60,72,12,True,True,False,0.0,0
43,switch_d12,regime_conditional,0.2,clean,transit_rough,7,3,1,132,138,6,False,False,False,,6
43,switch_d12,regime_conditional,0.2,clean,transit_rough,8,4,1,60,72,12,True,True,False,2.0,2
43,switch_d12,regime_conditional,0.2,clean,warehouse,9,4,1,144,150,6,False,False,False,,6
43,switch_d12,regime_conditional,0.2,clean,transit_rough,10,5,0,72,84,12,False,False,True,,12
43,switch_d12,regime_conditional,0.2,clean,transit_smooth,11,5,1,36,42,6,False,False,False,,6
43,switch_d12,regime_conditional,0.2,clean,transit_rough,12,6,0,84,96,12,False,False,False,,12
43,switch_d12,regime_conditional,0.2,clean,transit_smooth,13,6,2,12,18,6,False,False,False,,6
43,switch_d12,regime_conditional,0.2,clean,transit_rough,14,7,1,96,108,12,False,False,False,,12
43,switch_d12,regime_conditional,0.2,clean,warehouse,15,7,1,168,174,6,False,False,False,,6
43,switch_d12,regime_conditional,0.2,clean,transit_rough,16,8,0,24,36,12,False,False,False,,12
43,switch_d12,regime_conditional,0.2,clean,transit_rough,17,8,2,36,42,6,False,False,False,,6
43,switch_d12,regime_conditional,0.2,clean,transit_rough,18,9,1,12,24,12,False,False,False,,12
43,switch_d12,regime_conditional,0.2,clean,transit_smooth,19,9,1,144,150,6,False,False,False,,6
43,switch_d12,regime_conditional,0.2,clean,warehouse,20,10,1,60,72,12,True,True,False,2.0,2
43,switch_d12,regime_conditional,0.2,clean,warehouse,21,10,0,108,114,6,False,False,False,,6
43,switch_d12,regime_conditional,0.2,clean,transit_rough,22,11,0,36,48,12,False,False,False,,12
43,switch_d12,regime_conditional,0.2,clean,transit_smooth,23,11,1,132,138,6,False,False,True,,6
43,switch_d12,regime_conditional,0.2,observed,warehouse,0,0,2,48,60,12,True,True,False,1.0,1
43,switch_d12,regime_conditional,0.2,observed,transit_rough,1,0,2,120,126,6,True,True,False,2.0,2
43,switch_d12,regime_conditional,0.2,observed,warehouse,2,1,0,12,24,12,True,True,False,5.0,5
43,switch_d12,regime_conditional,0.2,observed,transit_rough,3,1,1,132,138,6,True,True,True,3.0,3
43,switch_d12,regime_conditional,0.2,observed,warehouse,4,2,0,0,12,12,True,True,False,2.0,2
43,switch_d12,regime_conditional,0.2,observed,transit_rough,5,2,1,156,162,6,True,True,False,1.0,1
43,switch_d12,regime_conditional,0.2,observed,transit_smooth,6,3,2,60,72,12,True,True,False,0.0,0
43,switch_d12,regime_conditional,0.2,observed,transit_rough,7,3,1,132,138,6,True,True,False,3.0,3
43,switch_d12,regime_conditional,0.2,observed,transit_rough,8,4,1,60,72,12,True,True,False,6.0,6
43,switch_d12,regime_conditional,0.2,observed,warehouse,9,4,1,144,150,6,True,True,False,1.0,1
43,switch_d12,regime_conditional,0.2,observed,transit_rough,10,5,0,72,84,12,True,True,True,3.0,3
43,switch_d12,regime_conditional,0.2,observed,transit_smooth,11,5,1,36,42,6,True,True,False,1.0,1
43,switch_d12,regime_conditional,0.2,observed,transit_rough,12,6,0,84,96,12,True,True,False,0.0,0
43,switch_d12,regime_conditional,0.2,observed,transit_smooth,13,6,2,12,18,6,True,True,False,3.0,3
43,switch_d12,regime_conditional,0.2,observed,transit_rough,14,7,1,96,108,12,True,True,False,4.0,4
43,switch_d12,regime_conditional,0.2,observed,warehouse,15,7,1,168,174,6,True,True,False,2.0,2
43,switch_d12,regime_conditional,0.2,observed,transit_rough,16,8,0,24,36,12,True,True,False,1.0,1
43,switch_d12,regime_conditional,0.2,observed,transit_rough,17,8,2,36,42,6,True,True,False,2.0,2
43,switch_d12,regime_conditional,0.2,observed,transit_rough,18,9,1,12,24,12,True,True,False,1.0,1
43,switch_d12,regime_conditional,0.2,observed,transit_smooth,19,9,1,144,150,6,True,True,False,3.0,3
43,switch_d12,regime_conditional,0.2,observed,warehouse,20,10,1,60,72,12,False,False,False,,12
43,switch_d12,regime_conditional,0.2,observed,warehouse,21,10,0,108,114,6,True,True,False,1.0,1
43,switch_d12,regime_conditional,0.2,observed,transit_rough,22,11,0,36,48,12,True,True,False,2.0,2
43,switch_d12,regime_conditional,0.2,observed,transit_smooth,23,11,1,132,138,6,True,True,True,2.0,2
44,steady_m05,regime_marginal,1.0,clean,warehouse,0,0,2,60,72,12,False,False,False,,12
44,steady_m05,regime_marginal,1.0,clean,warehouse,1,0,0,120,126,6,False,False,False,,6
44,steady_m05,regime_marginal,1.0,clean,warehouse,2,1,0,60,72,12,False,False,False,,12
44,steady_m05,regime_marginal,1.0,clean,warehouse,3,1,2,36,42,6,False,False,False,,6
44,steady_m05,regime_marginal,1.0,clean,warehouse,4,2,2,12,24,12,False,False,False,,12
44,steady_m05,regime_marginal,1.0,clean,warehouse,5,2,1,84,90,6,False,False,False,,6
44,steady_m05,regime_marginal,1.0,clean,warehouse,6,3,1,24,36,12,False,False,False,,12
44,steady_m05,regime_marginal,1.0,clean,warehouse,7,3,2,144,150,6,False,False,False,,6
44,steady_m05,regime_marginal,1.0,clean,transit_smooth,8,4,2,12,24,12,False,False,False,,12
44,steady_m05,regime_marginal,1.0,clean,transit_smooth,9,4,1,108,114,6,False,False,False,,6
44,steady_m05,regime_marginal,1.0,clean,transit_smooth,10,5,0,84,96,12,False,False,False,,12
44,steady_m05,regime_marginal,1.0,clean,transit_smooth,11,5,1,0,6,6,False,False,False,,6
44,steady_m05,regime_marginal,1.0,clean,transit_smooth,12,6,2,60,72,12,False,False,False,,12
44,steady_m05,regime_marginal,1.0,clean,transit_smooth,13,6,2,12,18,6,False,False,False,,6
44,steady_m05,regime_marginal,1.0,clean,transit_smooth,14,7,1,96,108,12,False,False,False,,12
44,steady_m05,regime_marginal,1.0,clean,transit_smooth,15,7,1,108,114,6,False,False,False,,6
44,steady_m05,regime_marginal,1.0,clean,transit_rough,16,8,0,12,24,12,False,False,False,,12
44,steady_m05,regime_marginal,1.0,clean,transit_rough,17,8,1,120,126,6,True,True,False,3.0,3
44,steady_m05,regime_marginal,1.0,clean,transit_rough,18,9,1,84,96,12,False,False,False,,12
44,steady_m05,regime_marginal,1.0,clean,transit_rough,19,9,1,48,54,6,False,False,False,,6
44,steady_m05,regime_marginal,1.0,clean,transit_rough,20,10,0,36,48,12,False,False,False,,12
44,steady_m05,regime_marginal,1.0,clean,transit_rough,21,10,0,132,138,6,False,False,False,,6
44,steady_m05,regime_marginal,1.0,clean,transit_rough,22,11,1,84,96,12,False,False,False,,12
44,steady_m05,regime_marginal,1.0,clean,transit_rough,23,11,1,96,102,6,False,False,False,,6
44,steady_m05,regime_marginal,1.0,observed,warehouse,0,0,2,60,72,12,False,False,False,,12
44,steady_m05,regime_marginal,1.0,observed,warehouse,1,0,0,120,126,6,False,False,False,,6
44,steady_m05,regime_marginal,1.0,observed,warehouse,2,1,0,60,72,12,False,False,False,,12
44,steady_m05,regime_marginal,1.0,observed,warehouse,3,1,2,36,42,6,False,False,False,,6
44,steady_m05,regime_marginal,1.0,observed,warehouse,4,2,2,12,24,12,False,False,False,,12
44,steady_m05,regime_marginal,1.0,observed,warehouse,5,2,1,84,90,6,False,False,False,,6
44,steady_m05,regime_marginal,1.0,observed,warehouse,6,3,1,24,36,12,False,False,False,,12
44,steady_m05,regime_marginal,1.0,observed,warehouse,7,3,2,144,150,6,False,False,False,,6
44,steady_m05,regime_marginal,1.0,observed,transit_smooth,8,4,2,12,24,12,False,False,False,,12
44,steady_m05,regime_marginal,1.0,observed,transit_smooth,9,4,1,108,114,6,False,False,False,,6
44,steady_m05,regime_marginal,1.0,observed,transit_smooth,10,5,0,84,96,12,False,False,False,,12
44,steady_m05,regime_marginal,1.0,observed,transit_smooth,11,5,1,0,6,6,False,False,False,,6
44,steady_m05,regime_marginal,1.0,observed,transit_smooth,12,6,2,60,72,12,False,False,False,,12
44,steady_m05,regime_marginal,1.0,observed,transit_smooth,13,6,2,12,18,6,False,False,False,,6
44,steady_m05,regime_marginal,1.0,observed,transit_smooth,14,7,1,96,108,12,False,False,False,,12
44,steady_m05,regime_marginal,1.0,observed,transit_smooth,15,7,1,108,114,6,False,False,False,,6
44,steady_m05,regime_marginal,1.0,observed,transit_rough,16,8,0,12,24,12,False,False,False,,12
44,steady_m05,regime_marginal,1.0,observed,transit_rough,17,8,1,120,126,6,True,True,False,3.0,3
44,steady_m05,regime_marginal,1.0,observed,transit_rough,18,9,1,84,96,12,False,False,False,,12
44,steady_m05,regime_marginal,1.0,observed,transit_rough,19,9,1,48,54,6,False,False,False,,6
44,steady_m05,regime_marginal,1.0,observed,transit_rough,20,10,0,36,48,12,False,False,False,,12
44,steady_m05,regime_marginal,1.0,observed,transit_rough,21,10,0,132,138,6,False,False,False,,6
44,steady_m05,regime_marginal,1.0,observed,transit_rough,22,11,1,84,96,12,False,False,False,,12
44,steady_m05,regime_marginal,1.0,observed,transit_rough,23,11,1,96,102,6,False,False,False,,6
44,steady_m05,regime_marginal,0.2,clean,warehouse,0,0,2,60,72,12,False,False,False,,12
44,steady_m05,regime_marginal,0.2,clean,warehouse,1,0,0,120,126,6,False,False,False,,6
44,steady_m05,regime_marginal,0.2,clean,warehouse,2,1,0,60,72,12,False,False,False,,12
44,steady_m05,regime_marginal,0.2,clean,warehouse,3,1,2,36,42,6,False,False,False,,6
44,steady_m05,regime_marginal,0.2,clean,warehouse,4,2,2,12,24,12,False,False,False,,12
44,steady_m05,regime_marginal,0.2,clean,warehouse,5,2,1,84,90,6,False,False,False,,6
44,steady_m05,regime_marginal,0.2,clean,warehouse,6,3,1,24,36,12,False,False,False,,12
44,steady_m05,regime_marginal,0.2,clean,warehouse,7,3,2,144,150,6,False,False,False,,6
44,steady_m05,regime_marginal,0.2,clean,transit_smooth,8,4,2,12,24,12,False,False,False,,12
44,steady_m05,regime_marginal,0.2,clean,transit_smooth,9,4,1,108,114,6,False,False,False,,6
44,steady_m05,regime_marginal,0.2,clean,transit_smooth,10,5,0,84,96,12,False,False,False,,12
44,steady_m05,regime_marginal,0.2,clean,transit_smooth,11,5,1,0,6,6,False,False,False,,6
44,steady_m05,regime_marginal,0.2,clean,transit_smooth,12,6,2,60,72,12,False,False,False,,12
44,steady_m05,regime_marginal,0.2,clean,transit_smooth,13,6,2,12,18,6,False,False,False,,6
44,steady_m05,regime_marginal,0.2,clean,transit_smooth,14,7,1,96,108,12,False,False,False,,12
44,steady_m05,regime_marginal,0.2,clean,transit_smooth,15,7,1,108,114,6,False,False,False,,6
44,steady_m05,regime_marginal,0.2,clean,transit_rough,16,8,0,12,24,12,False,False,False,,12
44,steady_m05,regime_marginal,0.2,clean,transit_rough,17,8,1,120,126,6,False,False,False,,6
44,steady_m05,regime_marginal,0.2,clean,transit_rough,18,9,1,84,96,12,False,False,False,,12
44,steady_m05,regime_marginal,0.2,clean,transit_rough,19,9,1,48,54,6,False,False,False,,6
44,steady_m05,regime_marginal,0.2,clean,transit_rough,20,10,0,36,48,12,False,False,False,,12
44,steady_m05,regime_marginal,0.2,clean,transit_rough,21,10,0,132,138,6,False,False,False,,6
44,steady_m05,regime_marginal,0.2,clean,transit_rough,22,11,1,84,96,12,False,False,False,,12
44,steady_m05,regime_marginal,0.2,clean,transit_rough,23,11,1,96,102,6,False,False,False,,6
44,steady_m05,regime_marginal,0.2,observed,warehouse,0,0,2,60,72,12,False,False,False,,12
44,steady_m05,regime_marginal,0.2,observed,warehouse,1,0,0,120,126,6,False,False,False,,6
44,steady_m05,regime_marginal,0.2,observed,warehouse,2,1,0,60,72,12,False,False,False,,12
44,steady_m05,regime_marginal,0.2,observed,warehouse,3,1,2,36,42,6,False,False,False,,6
44,steady_m05,regime_marginal,0.2,observed,warehouse,4,2,2,12,24,12,False,False,False,,12
44,steady_m05,regime_marginal,0.2,observed,warehouse,5,2,1,84,90,6,False,False,False,,6
44,steady_m05,regime_marginal,0.2,observed,warehouse,6,3,1,24,36,12,False,False,False,,12
44,steady_m05,regime_marginal,0.2,observed,warehouse,7,3,2,144,150,6,False,False,False,,6
44,steady_m05,regime_marginal,0.2,observed,transit_smooth,8,4,2,12,24,12,False,False,False,,12
44,steady_m05,regime_marginal,0.2,observed,transit_smooth,9,4,1,108,114,6,False,False,False,,6
44,steady_m05,regime_marginal,0.2,observed,transit_smooth,10,5,0,84,96,12,False,False,False,,12
44,steady_m05,regime_marginal,0.2,observed,transit_smooth,11,5,1,0,6,6,False,False,False,,6
44,steady_m05,regime_marginal,0.2,observed,transit_smooth,12,6,2,60,72,12,False,False,False,,12
44,steady_m05,regime_marginal,0.2,observed,transit_smooth,13,6,2,12,18,6,False,False,False,,6
44,steady_m05,regime_marginal,0.2,observed,transit_smooth,14,7,1,96,108,12,False,False,False,,12
44,steady_m05,regime_marginal,0.2,observed,transit_smooth,15,7,1,108,114,6,False,False,False,,6
44,steady_m05,regime_marginal,0.2,observed,transit_rough,16,8,0,12,24,12,False,False,False,,12
44,steady_m05,regime_marginal,0.2,observed,transit_rough,17,8,1,120,126,6,True,True,False,5.0,5
44,steady_m05,regime_marginal,0.2,observed,transit_rough,18,9,1,84,96,12,False,False,False,,12
44,steady_m05,regime_marginal,0.2,observed,transit_rough,19,9,1,48,54,6,False,False,False,,6
44,steady_m05,regime_marginal,0.2,observed,transit_rough,20,10,0,36,48,12,False,False,False,,12
44,steady_m05,regime_marginal,0.2,observed,transit_rough,21,10,0,132,138,6,False,False,False,,6
44,steady_m05,regime_marginal,0.2,observed,transit_rough,22,11,1,84,96,12,False,False,False,,12
44,steady_m05,regime_marginal,0.2,observed,transit_rough,23,11,1,96,102,6,False,False,False,,6
44,steady_m05,regime_conditional,1.0,clean,warehouse,0,0,2,60,72,12,False,False,False,,12
44,steady_m05,regime_conditional,1.0,clean,warehouse,1,0,0,120,126,6,False,False,False,,6
44,steady_m05,regime_conditional,1.0,clean,warehouse,2,1,0,60,72,12,False,False,False,,12
44,steady_m05,regime_conditional,1.0,clean,warehouse,3,1,2,36,42,6,False,False,False,,6
44,steady_m05,regime_conditional,1.0,clean,warehouse,4,2,2,12,24,12,False,False,False,,12
44,steady_m05,regime_conditional,1.0,clean,warehouse,5,2,1,84,90,6,False,False,False,,6
44,steady_m05,regime_conditional,1.0,clean,warehouse,6,3,1,24,36,12,False,False,False,,12
44,steady_m05,regime_conditional,1.0,clean,warehouse,7,3,2,144,150,6,False,False,False,,6
44,steady_m05,regime_conditional,1.0,clean,transit_smooth,8,4,2,12,24,12,False,False,False,,12
44,steady_m05,regime_conditional,1.0,clean,transit_smooth,9,4,1,108,114,6,False,False,False,,6
44,steady_m05,regime_conditional,1.0,clean,transit_smooth,10,5,0,84,96,12,False,False,False,,12
44,steady_m05,regime_conditional,1.0,clean,transit_smooth,11,5,1,0,6,6,False,False,False,,6
44,steady_m05,regime_conditional,1.0,clean,transit_smooth,12,6,2,60,72,12,False,False,False,,12
44,steady_m05,regime_conditional,1.0,clean,transit_smooth,13,6,2,12,18,6,False,False,False,,6
44,steady_m05,regime_conditional,1.0,clean,transit_smooth,14,7,1,96,108,12,False,False,False,,12
44,steady_m05,regime_conditional,1.0,clean,transit_smooth,15,7,1,108,114,6,False,False,False,,6
44,steady_m05,regime_conditional,1.0,clean,transit_rough,16,8,0,12,24,12,False,False,False,,12
44,steady_m05,regime_conditional,1.0,clean,transit_rough,17,8,1,120,126,6,True,True,False,3.0,3
44,steady_m05,regime_conditional,1.0,clean,transit_rough,18,9,1,84,96,12,False,False,False,,12
44,steady_m05,regime_conditional,1.0,clean,transit_rough,19,9,1,48,54,6,False,False,False,,6
44,steady_m05,regime_conditional,1.0,clean,transit_rough,20,10,0,36,48,12,False,False,False,,12
44,steady_m05,regime_conditional,1.0,clean,transit_rough,21,10,0,132,138,6,False,False,False,,6
44,steady_m05,regime_conditional,1.0,clean,transit_rough,22,11,1,84,96,12,False,False,False,,12
44,steady_m05,regime_conditional,1.0,clean,transit_rough,23,11,1,96,102,6,False,False,False,,6
44,steady_m05,regime_conditional,1.0,observed,warehouse,0,0,2,60,72,12,False,False,False,,12
44,steady_m05,regime_conditional,1.0,observed,warehouse,1,0,0,120,126,6,False,False,False,,6
44,steady_m05,regime_conditional,1.0,observed,warehouse,2,1,0,60,72,12,False,False,False,,12
44,steady_m05,regime_conditional,1.0,observed,warehouse,3,1,2,36,42,6,False,False,False,,6
44,steady_m05,regime_conditional,1.0,observed,warehouse,4,2,2,12,24,12,False,False,False,,12
44,steady_m05,regime_conditional,1.0,observed,warehouse,5,2,1,84,90,6,False,False,False,,6
44,steady_m05,regime_conditional,1.0,observed,warehouse,6,3,1,24,36,12,False,False,False,,12
44,steady_m05,regime_conditional,1.0,observed,warehouse,7,3,2,144,150,6,False,False,False,,6
44,steady_m05,regime_conditional,1.0,observed,transit_smooth,8,4,2,12,24,12,True,True,False,6.0,6
44,steady_m05,regime_conditional,1.0,observed,transit_smooth,9,4,1,108,114,6,False,False,False,,6
44,steady_m05,regime_conditional,1.0,observed,transit_smooth,10,5,0,84,96,12,False,False,False,,12
44,steady_m05,regime_conditional,1.0,observed,transit_smooth,11,5,1,0,6,6,False,False,False,,6
44,steady_m05,regime_conditional,1.0,observed,transit_smooth,12,6,2,60,72,12,False,False,False,,12
44,steady_m05,regime_conditional,1.0,observed,transit_smooth,13,6,2,12,18,6,True,True,False,5.0,5
44,steady_m05,regime_conditional,1.0,observed,transit_smooth,14,7,1,96,108,12,False,False,False,,12
44,steady_m05,regime_conditional,1.0,observed,transit_smooth,15,7,1,108,114,6,False,False,False,,6
44,steady_m05,regime_conditional,1.0,observed,transit_rough,16,8,0,12,24,12,False,False,False,,12
44,steady_m05,regime_conditional,1.0,observed,transit_rough,17,8,1,120,126,6,True,True,False,3.0,3
44,steady_m05,regime_conditional,1.0,observed,transit_rough,18,9,1,84,96,12,False,False,False,,12
44,steady_m05,regime_conditional,1.0,observed,transit_rough,19,9,1,48,54,6,False,False,False,,6
44,steady_m05,regime_conditional,1.0,observed,transit_rough,20,10,0,36,48,12,False,False,False,,12
44,steady_m05,regime_conditional,1.0,observed,transit_rough,21,10,0,132,138,6,False,False,False,,6
44,steady_m05,regime_conditional,1.0,observed,transit_rough,22,11,1,84,96,12,False,False,False,,12
44,steady_m05,regime_conditional,1.0,observed,transit_rough,23,11,1,96,102,6,False,False,False,,6
44,steady_m05,regime_conditional,0.2,clean,warehouse,0,0,2,60,72,12,True,True,False,10.0,10
44,steady_m05,regime_conditional,0.2,clean,warehouse,1,0,0,120,126,6,False,False,False,,6
44,steady_m05,regime_conditional,0.2,clean,warehouse,2,1,0,60,72,12,False,False,False,,12
44,steady_m05,regime_conditional,0.2,clean,warehouse,3,1,2,36,42,6,False,False,False,,6
44,steady_m05,regime_conditional,0.2,clean,warehouse,4,2,2,12,24,12,True,True,False,7.0,7
44,steady_m05,regime_conditional,0.2,clean,warehouse,5,2,1,84,90,6,False,False,False,,6
44,steady_m05,regime_conditional,0.2,clean,warehouse,6,3,1,24,36,12,False,False,False,,12
44,steady_m05,regime_conditional,0.2,clean,warehouse,7,3,2,144,150,6,False,False,False,,6
44,steady_m05,regime_conditional,0.2,clean,transit_smooth,8,4,2,12,24,12,False,False,False,,12
44,steady_m05,regime_conditional,0.2,clean,transit_smooth,9,4,1,108,114,6,False,False,False,,6
44,steady_m05,regime_conditional,0.2,clean,transit_smooth,10,5,0,84,96,12,False,False,False,,12
44,steady_m05,regime_conditional,0.2,clean,transit_smooth,11,5,1,0,6,6,False,False,False,,6
44,steady_m05,regime_conditional,0.2,clean,transit_smooth,12,6,2,60,72,12,False,False,False,,12
44,steady_m05,regime_conditional,0.2,clean,transit_smooth,13,6,2,12,18,6,False,False,False,,6
44,steady_m05,regime_conditional,0.2,clean,transit_smooth,14,7,1,96,108,12,False,False,False,,12
44,steady_m05,regime_conditional,0.2,clean,transit_smooth,15,7,1,108,114,6,False,False,False,,6
44,steady_m05,regime_conditional,0.2,clean,transit_rough,16,8,0,12,24,12,False,False,False,,12
44,steady_m05,regime_conditional,0.2,clean,transit_rough,17,8,1,120,126,6,True,True,False,4.0,4
44,steady_m05,regime_conditional,0.2,clean,transit_rough,18,9,1,84,96,12,False,False,False,,12
44,steady_m05,regime_conditional,0.2,clean,transit_rough,19,9,1,48,54,6,False,False,False,,6
44,steady_m05,regime_conditional,0.2,clean,transit_rough,20,10,0,36,48,12,False,False,False,,12
44,steady_m05,regime_conditional,0.2,clean,transit_rough,21,10,0,132,138,6,False,False,False,,6
44,steady_m05,regime_conditional,0.2,clean,transit_rough,22,11,1,84,96,12,False,False,False,,12
44,steady_m05,regime_conditional,0.2,clean,transit_rough,23,11,1,96,102,6,False,False,False,,6
44,steady_m05,regime_conditional,0.2,observed,warehouse,0,0,2,60,72,12,False,False,False,,12
44,steady_m05,regime_conditional,0.2,observed,warehouse,1,0,0,120,126,6,False,False,False,,6
44,steady_m05,regime_conditional,0.2,observed,warehouse,2,1,0,60,72,12,False,False,False,,12
44,steady_m05,regime_conditional,0.2,observed,warehouse,3,1,2,36,42,6,False,False,False,,6
44,steady_m05,regime_conditional,0.2,observed,warehouse,4,2,2,12,24,12,False,False,False,,12
44,steady_m05,regime_conditional,0.2,observed,warehouse,5,2,1,84,90,6,False,False,False,,6
44,steady_m05,regime_conditional,0.2,observed,warehouse,6,3,1,24,36,12,True,True,False,3.0,3
44,steady_m05,regime_conditional,0.2,observed,warehouse,7,3,2,144,150,6,False,False,False,,6
44,steady_m05,regime_conditional,0.2,observed,transit_smooth,8,4,2,12,24,12,True,True,False,9.0,9
44,steady_m05,regime_conditional,0.2,observed,transit_smooth,9,4,1,108,114,6,False,False,False,,6
44,steady_m05,regime_conditional,0.2,observed,transit_smooth,10,5,0,84,96,12,False,False,False,,12
44,steady_m05,regime_conditional,0.2,observed,transit_smooth,11,5,1,0,6,6,False,False,False,,6
44,steady_m05,regime_conditional,0.2,observed,transit_smooth,12,6,2,60,72,12,False,False,False,,12
44,steady_m05,regime_conditional,0.2,observed,transit_smooth,13,6,2,12,18,6,True,True,False,5.0,5
44,steady_m05,regime_conditional,0.2,observed,transit_smooth,14,7,1,96,108,12,True,True,False,7.0,7
44,steady_m05,regime_conditional,0.2,observed,transit_smooth,15,7,1,108,114,6,False,False,True,,6
44,steady_m05,regime_conditional,0.2,observed,transit_rough,16,8,0,12,24,12,False,False,False,,12
44,steady_m05,regime_conditional,0.2,observed,transit_rough,17,8,1,120,126,6,True,True,False,3.0,3
44,steady_m05,regime_conditional,0.2,observed,transit_rough,18,9,1,84,96,12,False,False,False,,12
44,steady_m05,regime_conditional,0.2,observed,transit_rough,19,9,1,48,54,6,False,False,False,,6
44,steady_m05,regime_conditional,0.2,observed,transit_rough,20,10,0,36,48,12,False,False,False,,12
44,steady_m05,regime_conditional,0.2,observed,transit_rough,21,10,0,132,138,6,False,False,False,,6
44,steady_m05,regime_conditional,0.2,observed,transit_rough,22,11,1,84,96,12,True,True,False,1.0,1
44,steady_m05,regime_conditional,0.2,observed,transit_rough,23,11,1,96,102,6,False,False,False,,6
44,steady_m1,regime_marginal,1.0,clean,warehouse,0,0,2,60,72,12,False,False,False,,12
44,steady_m1,regime_marginal,1.0,clean,warehouse,1,0,0,120,126,6,False,False,False,,6
44,steady_m1,regime_marginal,1.0,clean,warehouse,2,1,0,60,72,12,False,False,False,,12
44,steady_m1,regime_marginal,1.0,clean,warehouse,3,1,2,36,42,6,False,False,False,,6
44,steady_m1,regime_marginal,1.0,clean,warehouse,4,2,2,12,24,12,False,False,False,,12
44,steady_m1,regime_marginal,1.0,clean,warehouse,5,2,1,84,90,6,False,False,False,,6
44,steady_m1,regime_marginal,1.0,clean,warehouse,6,3,1,24,36,12,False,False,False,,12
44,steady_m1,regime_marginal,1.0,clean,warehouse,7,3,2,144,150,6,False,False,False,,6
44,steady_m1,regime_marginal,1.0,clean,transit_smooth,8,4,2,12,24,12,False,False,False,,12
44,steady_m1,regime_marginal,1.0,clean,transit_smooth,9,4,1,108,114,6,False,False,False,,6
44,steady_m1,regime_marginal,1.0,clean,transit_smooth,10,5,0,84,96,12,False,False,False,,12
44,steady_m1,regime_marginal,1.0,clean,transit_smooth,11,5,1,0,6,6,False,False,False,,6
44,steady_m1,regime_marginal,1.0,clean,transit_smooth,12,6,2,60,72,12,False,False,False,,12
44,steady_m1,regime_marginal,1.0,clean,transit_smooth,13,6,2,12,18,6,False,False,False,,6
44,steady_m1,regime_marginal,1.0,clean,transit_smooth,14,7,1,96,108,12,False,False,False,,12
44,steady_m1,regime_marginal,1.0,clean,transit_smooth,15,7,1,108,114,6,False,False,False,,6
44,steady_m1,regime_marginal,1.0,clean,transit_rough,16,8,0,12,24,12,False,False,False,,12
44,steady_m1,regime_marginal,1.0,clean,transit_rough,17,8,1,120,126,6,True,True,False,3.0,3
44,steady_m1,regime_marginal,1.0,clean,transit_rough,18,9,1,84,96,12,False,False,False,,12
44,steady_m1,regime_marginal,1.0,clean,transit_rough,19,9,1,48,54,6,False,False,False,,6
44,steady_m1,regime_marginal,1.0,clean,transit_rough,20,10,0,36,48,12,False,False,False,,12
44,steady_m1,regime_marginal,1.0,clean,transit_rough,21,10,0,132,138,6,False,False,False,,6
44,steady_m1,regime_marginal,1.0,clean,transit_rough,22,11,1,84,96,12,False,False,False,,12
44,steady_m1,regime_marginal,1.0,clean,transit_rough,23,11,1,96,102,6,False,False,False,,6
44,steady_m1,regime_marginal,1.0,observed,warehouse,0,0,2,60,72,12,False,False,False,,12
44,steady_m1,regime_marginal,1.0,observed,warehouse,1,0,0,120,126,6,False,False,False,,6
44,steady_m1,regime_marginal,1.0,observed,warehouse,2,1,0,60,72,12,False,False,False,,12
44,steady_m1,regime_marginal,1.0,observed,warehouse,3,1,2,36,42,6,False,False,False,,6
44,steady_m1,regime_marginal,1.0,observed,warehouse,4,2,2,12,24,12,False,False,False,,12
44,steady_m1,regime_marginal,1.0,observed,warehouse,5,2,1,84,90,6,False,False,False,,6
44,steady_m1,regime_marginal,1.0,observed,warehouse,6,3,1,24,36,12,True,True,False,3.0,3
44,steady_m1,regime_marginal,1.0,observed,warehouse,7,3,2,144,150,6,False,False,False,,6
44,steady_m1,regime_marginal,1.0,observed,transit_smooth,8,4,2,12,24,12,True,True,False,6.0,6
44,steady_m1,regime_marginal,1.0,observed,transit_smooth,9,4,1,108,114,6,False,False,False,,6
44,steady_m1,regime_marginal,1.0,observed,transit_smooth,10,5,0,84,96,12,False,False,False,,12
44,steady_m1,regime_marginal,1.0,observed,transit_smooth,11,5,1,0,6,6,False,False,False,,6
44,steady_m1,regime_marginal,1.0,observed,transit_smooth,12,6,2,60,72,12,False,False,False,,12
44,steady_m1,regime_marginal,1.0,observed,transit_smooth,13,6,2,12,18,6,False,False,False,,6
44,steady_m1,regime_marginal,1.0,observed,transit_smooth,14,7,1,96,108,12,False,False,False,,12
44,steady_m1,regime_marginal,1.0,observed,transit_smooth,15,7,1,108,114,6,False,False,False,,6
44,steady_m1,regime_marginal,1.0,observed,transit_rough,16,8,0,12,24,12,False,False,False,,12
44,steady_m1,regime_marginal,1.0,observed,transit_rough,17,8,1,120,126,6,True,True,False,3.0,3
44,steady_m1,regime_marginal,1.0,observed,transit_rough,18,9,1,84,96,12,False,False,False,,12
44,steady_m1,regime_marginal,1.0,observed,transit_rough,19,9,1,48,54,6,False,False,False,,6
44,steady_m1,regime_marginal,1.0,observed,transit_rough,20,10,0,36,48,12,False,False,False,,12
44,steady_m1,regime_marginal,1.0,observed,transit_rough,21,10,0,132,138,6,False,False,False,,6
44,steady_m1,regime_marginal,1.0,observed,transit_rough,22,11,1,84,96,12,False,False,False,,12
44,steady_m1,regime_marginal,1.0,observed,transit_rough,23,11,1,96,102,6,False,False,False,,6
44,steady_m1,regime_marginal,0.2,clean,warehouse,0,0,2,60,72,12,False,False,False,,12
44,steady_m1,regime_marginal,0.2,clean,warehouse,1,0,0,120,126,6,False,False,False,,6
44,steady_m1,regime_marginal,0.2,clean,warehouse,2,1,0,60,72,12,False,False,False,,12
44,steady_m1,regime_marginal,0.2,clean,warehouse,3,1,2,36,42,6,False,False,False,,6
44,steady_m1,regime_marginal,0.2,clean,warehouse,4,2,2,12,24,12,False,False,False,,12
44,steady_m1,regime_marginal,0.2,clean,warehouse,5,2,1,84,90,6,False,False,False,,6
44,steady_m1,regime_marginal,0.2,clean,warehouse,6,3,1,24,36,12,False,False,False,,12
44,steady_m1,regime_marginal,0.2,clean,warehouse,7,3,2,144,150,6,False,False,False,,6
44,steady_m1,regime_marginal,0.2,clean,transit_smooth,8,4,2,12,24,12,False,False,False,,12
44,steady_m1,regime_marginal,0.2,clean,transit_smooth,9,4,1,108,114,6,False,False,False,,6
44,steady_m1,regime_marginal,0.2,clean,transit_smooth,10,5,0,84,96,12,False,False,False,,12
44,steady_m1,regime_marginal,0.2,clean,transit_smooth,11,5,1,0,6,6,False,False,False,,6
44,steady_m1,regime_marginal,0.2,clean,transit_smooth,12,6,2,60,72,12,False,False,False,,12
44,steady_m1,regime_marginal,0.2,clean,transit_smooth,13,6,2,12,18,6,False,False,False,,6
44,steady_m1,regime_marginal,0.2,clean,transit_smooth,14,7,1,96,108,12,False,False,False,,12
44,steady_m1,regime_marginal,0.2,clean,transit_smooth,15,7,1,108,114,6,False,False,False,,6
44,steady_m1,regime_marginal,0.2,clean,transit_rough,16,8,0,12,24,12,False,False,False,,12
44,steady_m1,regime_marginal,0.2,clean,transit_rough,17,8,1,120,126,6,False,False,False,,6
44,steady_m1,regime_marginal,0.2,clean,transit_rough,18,9,1,84,96,12,False,False,False,,12
44,steady_m1,regime_marginal,0.2,clean,transit_rough,19,9,1,48,54,6,False,False,False,,6
44,steady_m1,regime_marginal,0.2,clean,transit_rough,20,10,0,36,48,12,False,False,False,,12
44,steady_m1,regime_marginal,0.2,clean,transit_rough,21,10,0,132,138,6,False,False,False,,6
44,steady_m1,regime_marginal,0.2,clean,transit_rough,22,11,1,84,96,12,False,False,False,,12
44,steady_m1,regime_marginal,0.2,clean,transit_rough,23,11,1,96,102,6,False,False,False,,6
44,steady_m1,regime_marginal,0.2,observed,warehouse,0,0,2,60,72,12,False,False,False,,12
44,steady_m1,regime_marginal,0.2,observed,warehouse,1,0,0,120,126,6,False,False,False,,6
44,steady_m1,regime_marginal,0.2,observed,warehouse,2,1,0,60,72,12,False,False,False,,12
44,steady_m1,regime_marginal,0.2,observed,warehouse,3,1,2,36,42,6,False,False,False,,6
44,steady_m1,regime_marginal,0.2,observed,warehouse,4,2,2,12,24,12,False,False,False,,12
44,steady_m1,regime_marginal,0.2,observed,warehouse,5,2,1,84,90,6,False,False,False,,6
44,steady_m1,regime_marginal,0.2,observed,warehouse,6,3,1,24,36,12,True,True,False,3.0,3
44,steady_m1,regime_marginal,0.2,observed,warehouse,7,3,2,144,150,6,False,False,False,,6
44,steady_m1,regime_marginal,0.2,observed,transit_smooth,8,4,2,12,24,12,False,False,False,,12
44,steady_m1,regime_marginal,0.2,observed,transit_smooth,9,4,1,108,114,6,False,False,False,,6
44,steady_m1,regime_marginal,0.2,observed,transit_smooth,10,5,0,84,96,12,False,False,False,,12
44,steady_m1,regime_marginal,0.2,observed,transit_smooth,11,5,1,0,6,6,False,False,False,,6
44,steady_m1,regime_marginal,0.2,observed,transit_smooth,12,6,2,60,72,12,False,False,False,,12
44,steady_m1,regime_marginal,0.2,observed,transit_smooth,13,6,2,12,18,6,False,False,False,,6
44,steady_m1,regime_marginal,0.2,observed,transit_smooth,14,7,1,96,108,12,False,False,False,,12
44,steady_m1,regime_marginal,0.2,observed,transit_smooth,15,7,1,108,114,6,False,False,False,,6
44,steady_m1,regime_marginal,0.2,observed,transit_rough,16,8,0,12,24,12,False,False,False,,12
44,steady_m1,regime_marginal,0.2,observed,transit_rough,17,8,1,120,126,6,True,True,False,4.0,4
44,steady_m1,regime_marginal,0.2,observed,transit_rough,18,9,1,84,96,12,False,False,False,,12
44,steady_m1,regime_marginal,0.2,observed,transit_rough,19,9,1,48,54,6,False,False,False,,6
44,steady_m1,regime_marginal,0.2,observed,transit_rough,20,10,0,36,48,12,False,False,False,,12
44,steady_m1,regime_marginal,0.2,observed,transit_rough,21,10,0,132,138,6,False,False,False,,6
44,steady_m1,regime_marginal,0.2,observed,transit_rough,22,11,1,84,96,12,True,True,False,11.0,11
44,steady_m1,regime_marginal,0.2,observed,transit_rough,23,11,1,96,102,6,False,False,True,,6
44,steady_m1,regime_conditional,1.0,clean,warehouse,0,0,2,60,72,12,False,False,False,,12
44,steady_m1,regime_conditional,1.0,clean,warehouse,1,0,0,120,126,6,False,False,False,,6
44,steady_m1,regime_conditional,1.0,clean,warehouse,2,1,0,60,72,12,False,False,False,,12
44,steady_m1,regime_conditional,1.0,clean,warehouse,3,1,2,36,42,6,False,False,False,,6
44,steady_m1,regime_conditional,1.0,clean,warehouse,4,2,2,12,24,12,False,False,False,,12
44,steady_m1,regime_conditional,1.0,clean,warehouse,5,2,1,84,90,6,False,False,False,,6
44,steady_m1,regime_conditional,1.0,clean,warehouse,6,3,1,24,36,12,False,False,False,,12
44,steady_m1,regime_conditional,1.0,clean,warehouse,7,3,2,144,150,6,False,False,False,,6
44,steady_m1,regime_conditional,1.0,clean,transit_smooth,8,4,2,12,24,12,False,False,False,,12
44,steady_m1,regime_conditional,1.0,clean,transit_smooth,9,4,1,108,114,6,False,False,False,,6
44,steady_m1,regime_conditional,1.0,clean,transit_smooth,10,5,0,84,96,12,False,False,False,,12
44,steady_m1,regime_conditional,1.0,clean,transit_smooth,11,5,1,0,6,6,False,False,False,,6
44,steady_m1,regime_conditional,1.0,clean,transit_smooth,12,6,2,60,72,12,False,False,False,,12
44,steady_m1,regime_conditional,1.0,clean,transit_smooth,13,6,2,12,18,6,False,False,False,,6
44,steady_m1,regime_conditional,1.0,clean,transit_smooth,14,7,1,96,108,12,False,False,False,,12
44,steady_m1,regime_conditional,1.0,clean,transit_smooth,15,7,1,108,114,6,False,False,False,,6
44,steady_m1,regime_conditional,1.0,clean,transit_rough,16,8,0,12,24,12,False,False,False,,12
44,steady_m1,regime_conditional,1.0,clean,transit_rough,17,8,1,120,126,6,True,True,False,3.0,3
44,steady_m1,regime_conditional,1.0,clean,transit_rough,18,9,1,84,96,12,False,False,False,,12
44,steady_m1,regime_conditional,1.0,clean,transit_rough,19,9,1,48,54,6,False,False,False,,6
44,steady_m1,regime_conditional,1.0,clean,transit_rough,20,10,0,36,48,12,False,False,False,,12
44,steady_m1,regime_conditional,1.0,clean,transit_rough,21,10,0,132,138,6,False,False,False,,6
44,steady_m1,regime_conditional,1.0,clean,transit_rough,22,11,1,84,96,12,False,False,False,,12
44,steady_m1,regime_conditional,1.0,clean,transit_rough,23,11,1,96,102,6,False,False,False,,6
44,steady_m1,regime_conditional,1.0,observed,warehouse,0,0,2,60,72,12,False,False,False,,12
44,steady_m1,regime_conditional,1.0,observed,warehouse,1,0,0,120,126,6,False,False,False,,6
44,steady_m1,regime_conditional,1.0,observed,warehouse,2,1,0,60,72,12,False,False,False,,12
44,steady_m1,regime_conditional,1.0,observed,warehouse,3,1,2,36,42,6,False,False,False,,6
44,steady_m1,regime_conditional,1.0,observed,warehouse,4,2,2,12,24,12,True,True,False,8.0,8
44,steady_m1,regime_conditional,1.0,observed,warehouse,5,2,1,84,90,6,True,True,False,4.0,4
44,steady_m1,regime_conditional,1.0,observed,warehouse,6,3,1,24,36,12,True,True,False,3.0,3
44,steady_m1,regime_conditional,1.0,observed,warehouse,7,3,2,144,150,6,False,False,False,,6
44,steady_m1,regime_conditional,1.0,observed,transit_smooth,8,4,2,12,24,12,True,True,False,3.0,3
44,steady_m1,regime_conditional,1.0,observed,transit_smooth,9,4,1,108,114,6,False,False,False,,6
44,steady_m1,regime_conditional,1.0,observed,transit_smooth,10,5,0,84,96,12,True,True,False,1.0,1
44,steady_m1,regime_conditional,1.0,observed,transit_smooth,11,5,1,0,6,6,False,False,False,,6
44,steady_m1,regime_conditional,1.0,observed,transit_smooth,12,6,2,60,72,12,True,True,False,8.0,8
44,steady_m1,regime_conditional,1.0,observed,transit_smooth,13,6,2,12,18,6,True,True,False,5.0,5
44,steady_m1,regime_conditional,1.0,observed,transit_smooth,14,7,1,96,108,12,True,True,False,7.0,7
44,steady_m1,regime_conditional,1.0,observed,transit_smooth,15,7,1,108,114,6,True,True,False,1.0,1
44,steady_m1,regime_conditional,1.0,observed,transit_rough,16,8,0,12,24,12,False,False,False,,12
44,steady_m1,regime_conditional,1.0,observed,transit_rough,17,8,1,120,126,6,True,True,False,3.0,3
44,steady_m1,regime_conditional,1.0,observed,transit_rough,18,9,1,84,96,12,False,False,False,,12
44,steady_m1,regime_conditional,1.0,observed,transit_rough,19,9,1,48,54,6,False,False,False,,6
44,steady_m1,regime_conditional,1.0,observed,transit_rough,20,10,0,36,48,12,False,False,False,,12
44,steady_m1,regime_conditional,1.0,observed,transit_rough,21,10,0,132,138,6,False,False,False,,6
44,steady_m1,regime_conditional,1.0,observed,transit_rough,22,11,1,84,96,12,True,True,False,1.0,1
44,steady_m1,regime_conditional,1.0,observed,transit_rough,23,11,1,96,102,6,True,True,False,1.0,1
44,steady_m1,regime_conditional,0.2,clean,warehouse,0,0,2,60,72,12,True,True,False,10.0,10
44,steady_m1,regime_conditional,0.2,clean,warehouse,1,0,0,120,126,6,False,False,False,,6
44,steady_m1,regime_conditional,0.2,clean,warehouse,2,1,0,60,72,12,False,False,False,,12
44,steady_m1,regime_conditional,0.2,clean,warehouse,3,1,2,36,42,6,False,False,False,,6
44,steady_m1,regime_conditional,0.2,clean,warehouse,4,2,2,12,24,12,True,True,False,7.0,7
44,steady_m1,regime_conditional,0.2,clean,warehouse,5,2,1,84,90,6,False,False,False,,6
44,steady_m1,regime_conditional,0.2,clean,warehouse,6,3,1,24,36,12,False,False,False,,12
44,steady_m1,regime_conditional,0.2,clean,warehouse,7,3,2,144,150,6,False,False,False,,6
44,steady_m1,regime_conditional,0.2,clean,transit_smooth,8,4,2,12,24,12,False,False,False,,12
44,steady_m1,regime_conditional,0.2,clean,transit_smooth,9,4,1,108,114,6,False,False,False,,6
44,steady_m1,regime_conditional,0.2,clean,transit_smooth,10,5,0,84,96,12,False,False,False,,12
44,steady_m1,regime_conditional,0.2,clean,transit_smooth,11,5,1,0,6,6,False,False,False,,6
44,steady_m1,regime_conditional,0.2,clean,transit_smooth,12,6,2,60,72,12,False,False,False,,12
44,steady_m1,regime_conditional,0.2,clean,transit_smooth,13,6,2,12,18,6,False,False,False,,6
44,steady_m1,regime_conditional,0.2,clean,transit_smooth,14,7,1,96,108,12,False,False,False,,12
44,steady_m1,regime_conditional,0.2,clean,transit_smooth,15,7,1,108,114,6,False,False,False,,6
44,steady_m1,regime_conditional,0.2,clean,transit_rough,16,8,0,12,24,12,False,False,False,,12
44,steady_m1,regime_conditional,0.2,clean,transit_rough,17,8,1,120,126,6,True,True,False,4.0,4
44,steady_m1,regime_conditional,0.2,clean,transit_rough,18,9,1,84,96,12,False,False,False,,12
44,steady_m1,regime_conditional,0.2,clean,transit_rough,19,9,1,48,54,6,False,False,False,,6
44,steady_m1,regime_conditional,0.2,clean,transit_rough,20,10,0,36,48,12,False,False,False,,12
44,steady_m1,regime_conditional,0.2,clean,transit_rough,21,10,0,132,138,6,False,False,False,,6
44,steady_m1,regime_conditional,0.2,clean,transit_rough,22,11,1,84,96,12,False,False,False,,12
44,steady_m1,regime_conditional,0.2,clean,transit_rough,23,11,1,96,102,6,False,False,False,,6
44,steady_m1,regime_conditional,0.2,observed,warehouse,0,0,2,60,72,12,False,False,False,,12
44,steady_m1,regime_conditional,0.2,observed,warehouse,1,0,0,120,126,6,False,False,False,,6
44,steady_m1,regime_conditional,0.2,observed,warehouse,2,1,0,60,72,12,False,False,False,,12
44,steady_m1,regime_conditional,0.2,observed,warehouse,3,1,2,36,42,6,True,True,False,4.0,4
44,steady_m1,regime_conditional,0.2,observed,warehouse,4,2,2,12,24,12,True,True,False,10.0,10
44,steady_m1,regime_conditional,0.2,observed,warehouse,5,2,1,84,90,6,True,True,False,4.0,4
44,steady_m1,regime_conditional,0.2,observed,warehouse,6,3,1,24,36,12,True,True,False,2.0,2
44,steady_m1,regime_conditional,0.2,observed,warehouse,7,3,2,144,150,6,False,False,False,,6
44,steady_m1,regime_conditional,0.2,observed,transit_smooth,8,4,2,12,24,12,True,True,False,3.0,3
44,steady_m1,regime_conditional,0.2,observed,transit_smooth,9,4,1,108,114,6,False,False,False,,6
44,steady_m1,regime_conditional,0.2,observed,transit_smooth,10,5,0,84,96,12,False,False,False,,12
44,steady_m1,regime_conditional,0.2,observed,transit_smooth,11,5,1,0,6,6,True,True,False,4.0,4
44,steady_m1,regime_conditional,0.2,observed,transit_smooth,12,6,2,60,72,12,True,True,False,11.0,11
44,steady_m1,regime_conditional,0.2,observed,transit_smooth,13,6,2,12,18,6,True,True,False,3.0,3
44,steady_m1,regime_conditional,0.2,observed,transit_smooth,14,7,1,96,108,12,True,True,False,3.0,3
44,steady_m1,regime_conditional,0.2,observed,transit_smooth,15,7,1,108,114,6,True,False,True,,6
44,steady_m1,regime_conditional,0.2,observed,transit_rough,16,8,0,12,24,12,False,False,False,,12
44,steady_m1,regime_conditional,0.2,observed,transit_rough,17,8,1,120,126,6,True,True,False,3.0,3
44,steady_m1,regime_conditional,0.2,observed,transit_rough,18,9,1,84,96,12,True,True,False,3.0,3
44,steady_m1,regime_conditional,0.2,observed,transit_rough,19,9,1,48,54,6,False,False,False,,6
44,steady_m1,regime_conditional,0.2,observed,transit_rough,20,10,0,36,48,12,True,True,False,7.0,7
44,steady_m1,regime_conditional,0.2,observed,transit_rough,21,10,0,132,138,6,False,False,False,,6
44,steady_m1,regime_conditional,0.2,observed,transit_rough,22,11,1,84,96,12,True,True,False,1.0,1
44,steady_m1,regime_conditional,0.2,observed,transit_rough,23,11,1,96,102,6,True,False,True,,6
44,steady_m2_r10_k1,regime_marginal,1.0,clean,warehouse,0,0,2,60,72,12,False,False,False,,12
44,steady_m2_r10_k1,regime_marginal,1.0,clean,warehouse,1,0,0,120,126,6,False,False,False,,6
44,steady_m2_r10_k1,regime_marginal,1.0,clean,warehouse,2,1,0,60,72,12,False,False,False,,12
44,steady_m2_r10_k1,regime_marginal,1.0,clean,warehouse,3,1,2,36,42,6,False,False,False,,6
44,steady_m2_r10_k1,regime_marginal,1.0,clean,warehouse,4,2,2,12,24,12,False,False,False,,12
44,steady_m2_r10_k1,regime_marginal,1.0,clean,warehouse,5,2,1,84,90,6,False,False,False,,6
44,steady_m2_r10_k1,regime_marginal,1.0,clean,warehouse,6,3,1,24,36,12,False,False,False,,12
44,steady_m2_r10_k1,regime_marginal,1.0,clean,warehouse,7,3,2,144,150,6,False,False,False,,6
44,steady_m2_r10_k1,regime_marginal,1.0,clean,transit_smooth,8,4,2,12,24,12,False,False,False,,12
44,steady_m2_r10_k1,regime_marginal,1.0,clean,transit_smooth,9,4,1,108,114,6,False,False,False,,6
44,steady_m2_r10_k1,regime_marginal,1.0,clean,transit_smooth,10,5,0,84,96,12,False,False,False,,12
44,steady_m2_r10_k1,regime_marginal,1.0,clean,transit_smooth,11,5,1,0,6,6,False,False,False,,6
44,steady_m2_r10_k1,regime_marginal,1.0,clean,transit_smooth,12,6,2,60,72,12,False,False,False,,12
44,steady_m2_r10_k1,regime_marginal,1.0,clean,transit_smooth,13,6,2,12,18,6,False,False,False,,6
44,steady_m2_r10_k1,regime_marginal,1.0,clean,transit_smooth,14,7,1,96,108,12,False,False,False,,12
44,steady_m2_r10_k1,regime_marginal,1.0,clean,transit_smooth,15,7,1,108,114,6,False,False,False,,6
44,steady_m2_r10_k1,regime_marginal,1.0,clean,transit_rough,16,8,0,12,24,12,False,False,False,,12
44,steady_m2_r10_k1,regime_marginal,1.0,clean,transit_rough,17,8,1,120,126,6,True,True,False,3.0,3
44,steady_m2_r10_k1,regime_marginal,1.0,clean,transit_rough,18,9,1,84,96,12,False,False,False,,12
44,steady_m2_r10_k1,regime_marginal,1.0,clean,transit_rough,19,9,1,48,54,6,False,False,False,,6
44,steady_m2_r10_k1,regime_marginal,1.0,clean,transit_rough,20,10,0,36,48,12,False,False,False,,12
44,steady_m2_r10_k1,regime_marginal,1.0,clean,transit_rough,21,10,0,132,138,6,False,False,False,,6
44,steady_m2_r10_k1,regime_marginal,1.0,clean,transit_rough,22,11,1,84,96,12,False,False,False,,12
44,steady_m2_r10_k1,regime_marginal,1.0,clean,transit_rough,23,11,1,96,102,6,False,False,False,,6
44,steady_m2_r10_k1,regime_marginal,1.0,observed,warehouse,0,0,2,60,72,12,False,False,False,,12
44,steady_m2_r10_k1,regime_marginal,1.0,observed,warehouse,1,0,0,120,126,6,False,False,False,,6
44,steady_m2_r10_k1,regime_marginal,1.0,observed,warehouse,2,1,0,60,72,12,False,False,False,,12
44,steady_m2_r10_k1,regime_marginal,1.0,observed,warehouse,3,1,2,36,42,6,True,True,False,2.0,2
44,steady_m2_r10_k1,regime_marginal,1.0,observed,warehouse,4,2,2,12,24,12,True,True,False,8.0,8
44,steady_m2_r10_k1,regime_marginal,1.0,observed,warehouse,5,2,1,84,90,6,False,False,False,,6
44,steady_m2_r10_k1,regime_marginal,1.0,observed,warehouse,6,3,1,24,36,12,True,True,False,0.0,0
44,steady_m2_r10_k1,regime_marginal,1.0,observed,warehouse,7,3,2,144,150,6,True,True,False,5.0,5
44,steady_m2_r10_k1,regime_marginal,1.0,observed,transit_smooth,8,4,2,12,24,12,True,True,False,0.0,0
44,steady_m2_r10_k1,regime_marginal,1.0,observed,transit_smooth,9,4,1,108,114,6,False,False,False,,6
44,steady_m2_r10_k1,regime_marginal,1.0,observed,transit_smooth,10,5,0,84,96,12,True,True,False,0.0,0
44,steady_m2_r10_k1,regime_marginal,1.0,observed,transit_smooth,11,5,1,0,6,6,False,False,False,,6
44,steady_m2_r10_k1,regime_marginal,1.0,observed,transit_smooth,12,6,2,60,72,12,True,True,False,8.0,8
44,steady_m2_r10_k1,regime_marginal,1.0,observed,transit_smooth,13,6,2,12,18,6,True,True,False,2.0,2
44,steady_m2_r10_k1,regime_marginal,1.0,observed,transit_smooth,14,7,1,96,108,12,True,True,False,0.0,0
44,steady_m2_r10_k1,regime_marginal,1.0,observed,transit_smooth,15,7,1,108,114,6,True,True,False,1.0,1
44,steady_m2_r10_k1,regime_marginal,1.0,observed,transit_rough,16,8,0,12,24,12,True,True,False,6.0,6
44,steady_m2_r10_k1,regime_marginal,1.0,observed,transit_rough,17,8,1,120,126,6,True,True,False,3.0,3
44,steady_m2_r10_k1,regime_marginal,1.0,observed,transit_rough,18,9,1,84,96,12,True,True,False,11.0,11
44,steady_m2_r10_k1,regime_marginal,1.0,observed,transit_rough,19,9,1,48,54,6,True,True,False,5.0,5
44,steady_m2_r10_k1,regime_marginal,1.0,observed,transit_rough,20,10,0,36,48,12,True,True,False,4.0,4
44,steady_m2_r10_k1,regime_marginal,1.0,observed,transit_rough,21,10,0,132,138,6,True,True,False,4.0,4
44,steady_m2_r10_k1,regime_marginal,1.0,observed,transit_rough,22,11,1,84,96,12,True,True,False,1.0,1
44,steady_m2_r10_k1,regime_marginal,1.0,observed,transit_rough,23,11,1,96,102,6,False,False,True,,6
44,steady_m2_r10_k1,regime_marginal,0.2,clean,warehouse,0,0,2,60,72,12,False,False,False,,12
44,steady_m2_r10_k1,regime_marginal,0.2,clean,warehouse,1,0,0,120,126,6,False,False,False,,6
44,steady_m2_r10_k1,regime_marginal,0.2,clean,warehouse,2,1,0,60,72,12,False,False,False,,12
44,steady_m2_r10_k1,regime_marginal,0.2,clean,warehouse,3,1,2,36,42,6,False,False,False,,6
44,steady_m2_r10_k1,regime_marginal,0.2,clean,warehouse,4,2,2,12,24,12,False,False,False,,12
44,steady_m2_r10_k1,regime_marginal,0.2,clean,warehouse,5,2,1,84,90,6,False,False,False,,6
44,steady_m2_r10_k1,regime_marginal,0.2,clean,warehouse,6,3,1,24,36,12,False,False,False,,12
44,steady_m2_r10_k1,regime_marginal,0.2,clean,warehouse,7,3,2,144,150,6,False,False,False,,6
44,steady_m2_r10_k1,regime_marginal,0.2,clean,transit_smooth,8,4,2,12,24,12,False,False,False,,12
44,steady_m2_r10_k1,regime_marginal,0.2,clean,transit_smooth,9,4,1,108,114,6,False,False,False,,6
44,steady_m2_r10_k1,regime_marginal,0.2,clean,transit_smooth,10,5,0,84,96,12,False,False,False,,12
44,steady_m2_r10_k1,regime_marginal,0.2,clean,transit_smooth,11,5,1,0,6,6,False,False,False,,6
44,steady_m2_r10_k1,regime_marginal,0.2,clean,transit_smooth,12,6,2,60,72,12,False,False,False,,12
44,steady_m2_r10_k1,regime_marginal,0.2,clean,transit_smooth,13,6,2,12,18,6,False,False,False,,6
44,steady_m2_r10_k1,regime_marginal,0.2,clean,transit_smooth,14,7,1,96,108,12,False,False,False,,12
44,steady_m2_r10_k1,regime_marginal,0.2,clean,transit_smooth,15,7,1,108,114,6,False,False,False,,6
44,steady_m2_r10_k1,regime_marginal,0.2,clean,transit_rough,16,8,0,12,24,12,False,False,False,,12
44,steady_m2_r10_k1,regime_marginal,0.2,clean,transit_rough,17,8,1,120,126,6,False,False,False,,6
44,steady_m2_r10_k1,regime_marginal,0.2,clean,transit_rough,18,9,1,84,96,12,False,False,False,,12
44,steady_m2_r10_k1,regime_marginal,0.2,clean,transit_rough,19,9,1,48,54,6,False,False,False,,6
44,steady_m2_r10_k1,regime_marginal,0.2,clean,transit_rough,20,10,0,36,48,12,False,False,False,,12
44,steady_m2_r10_k1,regime_marginal,0.2,clean,transit_rough,21,10,0,132,138,6,False,False,False,,6
44,steady_m2_r10_k1,regime_marginal,0.2,clean,transit_rough,22,11,1,84,96,12,False,False,False,,12
44,steady_m2_r10_k1,regime_marginal,0.2,clean,transit_rough,23,11,1,96,102,6,False,False,False,,6
44,steady_m2_r10_k1,regime_marginal,0.2,observed,warehouse,0,0,2,60,72,12,True,True,False,1.0,1
44,steady_m2_r10_k1,regime_marginal,0.2,observed,warehouse,1,0,0,120,126,6,False,False,False,,6
44,steady_m2_r10_k1,regime_marginal,0.2,observed,warehouse,2,1,0,60,72,12,False,False,False,,12
44,steady_m2_r10_k1,regime_marginal,0.2,observed,warehouse,3,1,2,36,42,6,True,True,False,3.0,3
44,steady_m2_r10_k1,regime_marginal,0.2,observed,warehouse,4,2,2,12,24,12,True,True,False,9.0,9
44,steady_m2_r10_k1,regime_marginal,0.2,observed,warehouse,5,2,1,84,90,6,False,False,False,,6
44,steady_m2_r10_k1,regime_marginal,0.2,observed,warehouse,6,3,1,24,36,12,True,True,False,1.0,1
44,steady_m2_r10_k1,regime_marginal,0.2,observed,warehouse,7,3,2,144,150,6,True,True,False,5.0,5
44,steady_m2_r10_k1,regime_marginal,0.2,observed,transit_smooth,8,4,2,12,24,12,True,True,False,3.0,3
44,steady_m2_r10_k1,regime_marginal,0.2,observed,transit_smooth,9,4,1,108,114,6,False,False,False,,6
44,steady_m2_r10_k1,regime_marginal,0.2,observed,transit_smooth,10,5,0,84,96,12,False,False,False,,12
44,steady_m2_r10_k1,regime_marginal,0.2,observed,transit_smooth,11,5,1,0,6,6,False,False,False,,6
44,steady_m2_r10_k1,regime_marginal,0.2,observed,transit_smooth,12,6,2,60,72,12,True,True,False,11.0,11
44,steady_m2_r10_k1,regime_marginal,0.2,observed,transit_smooth,13,6,2,12,18,6,True,True,False,5.0,5
44,steady_m2_r10_k1,regime_marginal,0.2,observed,transit_smooth,14,7,1,96,108,12,True,True,False,4.0,4
44,steady_m2_r10_k1,regime_marginal,0.2,observed,transit_smooth,15,7,1,108,114,6,False,False,True,,6
44,steady_m2_r10_k1,regime_marginal,0.2,observed,transit_rough,16,8,0,12,24,12,True,True,False,10.0,10
44,steady_m2_r10_k1,regime_marginal,0.2,observed,transit_rough,17,8,1,120,126,6,True,True,False,3.0,3
44,steady_m2_r10_k1,regime_marginal,0.2,observed,transit_rough,18,9,1,84,96,12,True,True,False,11.0,11
44,steady_m2_r10_k1,regime_marginal,0.2,observed,transit_rough,19,9,1,48,54,6,True,True,False,5.0,5
44,steady_m2_r10_k1,regime_marginal,0.2,observed,transit_rough,20,10,0,36,48,12,True,True,False,5.0,5
44,steady_m2_r10_k1,regime_marginal,0.2,observed,transit_rough,21,10,0,132,138,6,True,True,False,5.0,5
44,steady_m2_r10_k1,regime_marginal,0.2,observed,transit_rough,22,11,1,84,96,12,True,True,False,1.0,1
44,steady_m2_r10_k1,regime_marginal,0.2,observed,transit_rough,23,11,1,96,102,6,True,False,True,,6
44,steady_m2_r10_k1,regime_conditional,1.0,clean,warehouse,0,0,2,60,72,12,False,False,False,,12
44,steady_m2_r10_k1,regime_conditional,1.0,clean,warehouse,1,0,0,120,126,6,False,False,False,,6
44,steady_m2_r10_k1,regime_conditional,1.0,clean,warehouse,2,1,0,60,72,12,False,False,False,,12
44,steady_m2_r10_k1,regime_conditional,1.0,clean,warehouse,3,1,2,36,42,6,False,False,False,,6
44,steady_m2_r10_k1,regime_conditional,1.0,clean,warehouse,4,2,2,12,24,12,False,False,False,,12
44,steady_m2_r10_k1,regime_conditional,1.0,clean,warehouse,5,2,1,84,90,6,False,False,False,,6
44,steady_m2_r10_k1,regime_conditional,1.0,clean,warehouse,6,3,1,24,36,12,False,False,False,,12
44,steady_m2_r10_k1,regime_conditional,1.0,clean,warehouse,7,3,2,144,150,6,False,False,False,,6
44,steady_m2_r10_k1,regime_conditional,1.0,clean,transit_smooth,8,4,2,12,24,12,False,False,False,,12
44,steady_m2_r10_k1,regime_conditional,1.0,clean,transit_smooth,9,4,1,108,114,6,False,False,False,,6
44,steady_m2_r10_k1,regime_conditional,1.0,clean,transit_smooth,10,5,0,84,96,12,False,False,False,,12
44,steady_m2_r10_k1,regime_conditional,1.0,clean,transit_smooth,11,5,1,0,6,6,False,False,False,,6
44,steady_m2_r10_k1,regime_conditional,1.0,clean,transit_smooth,12,6,2,60,72,12,False,False,False,,12
44,steady_m2_r10_k1,regime_conditional,1.0,clean,transit_smooth,13,6,2,12,18,6,False,False,False,,6
44,steady_m2_r10_k1,regime_conditional,1.0,clean,transit_smooth,14,7,1,96,108,12,False,False,False,,12
44,steady_m2_r10_k1,regime_conditional,1.0,clean,transit_smooth,15,7,1,108,114,6,False,False,False,,6
44,steady_m2_r10_k1,regime_conditional,1.0,clean,transit_rough,16,8,0,12,24,12,False,False,False,,12
44,steady_m2_r10_k1,regime_conditional,1.0,clean,transit_rough,17,8,1,120,126,6,True,True,False,3.0,3
44,steady_m2_r10_k1,regime_conditional,1.0,clean,transit_rough,18,9,1,84,96,12,False,False,False,,12
44,steady_m2_r10_k1,regime_conditional,1.0,clean,transit_rough,19,9,1,48,54,6,False,False,False,,6
44,steady_m2_r10_k1,regime_conditional,1.0,clean,transit_rough,20,10,0,36,48,12,False,False,False,,12
44,steady_m2_r10_k1,regime_conditional,1.0,clean,transit_rough,21,10,0,132,138,6,False,False,False,,6
44,steady_m2_r10_k1,regime_conditional,1.0,clean,transit_rough,22,11,1,84,96,12,False,False,False,,12
44,steady_m2_r10_k1,regime_conditional,1.0,clean,transit_rough,23,11,1,96,102,6,False,False,False,,6
44,steady_m2_r10_k1,regime_conditional,1.0,observed,warehouse,0,0,2,60,72,12,True,True,False,0.0,0
44,steady_m2_r10_k1,regime_conditional,1.0,observed,warehouse,1,0,0,120,126,6,False,False,False,,6
44,steady_m2_r10_k1,regime_conditional,1.0,observed,warehouse,2,1,0,60,72,12,True,True,False,0.0,0
44,steady_m2_r10_k1,regime_conditional,1.0,observed,warehouse,3,1,2,36,42,6,True,True,False,2.0,2
44,steady_m2_r10_k1,regime_conditional,1.0,observed,warehouse,4,2,2,12,24,12,True,True,False,8.0,8
44,steady_m2_r10_k1,regime_conditional,1.0,observed,warehouse,5,2,1,84,90,6,True,True,False,0.0,0
44,steady_m2_r10_k1,regime_conditional,1.0,observed,warehouse,6,3,1,24,36,12,True,True,False,0.0,0
44,steady_m2_r10_k1,regime_conditional,1.0,observed,warehouse,7,3,2,144,150,6,True,True,False,4.0,4
44,steady_m2_r10_k1,regime_conditional,1.0,observed,transit_smooth,8,4,2,12,24,12,True,True,False,0.0,0
44,steady_m2_r10_k1,regime_conditional,1.0,observed,transit_smooth,9,4,1,108,114,6,True,True,False,1.0,1
44,steady_m2_r10_k1,regime_conditional,1.0,observed,transit_smooth,10,5,0,84,96,12,True,True,False,0.0,0
44,steady_m2_r10_k1,regime_conditional,1.0,observed,transit_smooth,11,5,1,0,6,6,True,True,False,0.0,0
44,steady_m2_r10_k1,regime_conditional,1.0,observed,transit_smooth,12,6,2,60,72,12,True,True,False,2.0,2
44,steady_m2_r10_k1,regime_conditional,1.0,observed,transit_smooth,13,6,2,12,18,6,True,True,False,2.0,2
44,steady_m2_r10_k1,regime_conditional,1.0,observed,transit_smooth,14,7,1,96,108,12,True,True,False,0.0,0
44,steady_m2_r10_k1,regime_conditional,1.0,observed,transit_smooth,15,7,1,108,114,6,True,True,True,1.0,1
44,steady_m2_r10_k1,regime_conditional,1.0,observed,transit_rough,16,8,0,12,24,12,True,True,False,6.0,6
44,steady_m2_r10_k1,regime_conditional,1.0,observed,transit_rough,17,8,1,120,126,6,True,True,False,3.0,3
44,steady_m2_r10_k1,regime_conditional,1.0,observed,transit_rough,18,9,1,84,96,12,True,True,False,2.0,2
44,steady_m2_r10_k1,regime_conditional,1.0,observed,transit_rough,19,9,1,48,54,6,True,True,False,0.0,0
44,steady_m2_r10_k1,regime_conditional,1.0,observed,transit_rough,20,10,0,36,48,12,True,True,False,0.0,0
44,steady_m2_r10_k1,regime_conditional,1.0,observed,transit_rough,21,10,0,132,138,6,True,True,False,0.0,0
44,steady_m2_r10_k1,regime_conditional,1.0,observed,transit_rough,22,11,1,84,96,12,True,True,False,0.0,0
44,steady_m2_r10_k1,regime_conditional,1.0,observed,transit_rough,23,11,1,96,102,6,True,True,True,1.0,1
44,steady_m2_r10_k1,regime_conditional,0.2,clean,warehouse,0,0,2,60,72,12,True,True,False,10.0,10
44,steady_m2_r10_k1,regime_conditional,0.2,clean,warehouse,1,0,0,120,126,6,False,False,False,,6
44,steady_m2_r10_k1,regime_conditional,0.2,clean,warehouse,2,1,0,60,72,12,False,False,False,,12
44,steady_m2_r10_k1,regime_conditional,0.2,clean,warehouse,3,1,2,36,42,6,False,False,False,,6
44,steady_m2_r10_k1,regime_conditional,0.2,clean,warehouse,4,2,2,12,24,12,True,True,False,7.0,7
44,steady_m2_r10_k1,regime_conditional,0.2,clean,warehouse,5,2,1,84,90,6,False,False,False,,6
44,steady_m2_r10_k1,regime_conditional,0.2,clean,warehouse,6,3,1,24,36,12,False,False,False,,12
44,steady_m2_r10_k1,regime_conditional,0.2,clean,warehouse,7,3,2,144,150,6,False,False,False,,6
44,steady_m2_r10_k1,regime_conditional,0.2,clean,transit_smooth,8,4,2,12,24,12,False,False,False,,12
44,steady_m2_r10_k1,regime_conditional,0.2,clean,transit_smooth,9,4,1,108,114,6,False,False,False,,6
44,steady_m2_r10_k1,regime_conditional,0.2,clean,transit_smooth,10,5,0,84,96,12,False,False,False,,12
44,steady_m2_r10_k1,regime_conditional,0.2,clean,transit_smooth,11,5,1,0,6,6,False,False,False,,6
44,steady_m2_r10_k1,regime_conditional,0.2,clean,transit_smooth,12,6,2,60,72,12,False,False,False,,12
44,steady_m2_r10_k1,regime_conditional,0.2,clean,transit_smooth,13,6,2,12,18,6,False,False,False,,6
44,steady_m2_r10_k1,regime_conditional,0.2,clean,transit_smooth,14,7,1,96,108,12,False,False,False,,12
44,steady_m2_r10_k1,regime_conditional,0.2,clean,transit_smooth,15,7,1,108,114,6,False,False,False,,6
44,steady_m2_r10_k1,regime_conditional,0.2,clean,transit_rough,16,8,0,12,24,12,False,False,False,,12
44,steady_m2_r10_k1,regime_conditional,0.2,clean,transit_rough,17,8,1,120,126,6,True,True,False,4.0,4
44,steady_m2_r10_k1,regime_conditional,0.2,clean,transit_rough,18,9,1,84,96,12,False,False,False,,12
44,steady_m2_r10_k1,regime_conditional,0.2,clean,transit_rough,19,9,1,48,54,6,False,False,False,,6
44,steady_m2_r10_k1,regime_conditional,0.2,clean,transit_rough,20,10,0,36,48,12,False,False,False,,12
44,steady_m2_r10_k1,regime_conditional,0.2,clean,transit_rough,21,10,0,132,138,6,False,False,False,,6
44,steady_m2_r10_k1,regime_conditional,0.2,clean,transit_rough,22,11,1,84,96,12,False,False,False,,12
44,steady_m2_r10_k1,regime_conditional,0.2,clean,transit_rough,23,11,1,96,102,6,False,False,False,,6
44,steady_m2_r10_k1,regime_conditional,0.2,observed,warehouse,0,0,2,60,72,12,True,True,False,1.0,1
44,steady_m2_r10_k1,regime_conditional,0.2,observed,warehouse,1,0,0,120,126,6,False,False,False,,6
44,steady_m2_r10_k1,regime_conditional,0.2,observed,warehouse,2,1,0,60,72,12,True,True,False,5.0,5
44,steady_m2_r10_k1,regime_conditional,0.2,observed,warehouse,3,1,2,36,42,6,True,True,False,3.0,3
44,steady_m2_r10_k1,regime_conditional,0.2,observed,warehouse,4,2,2,12,24,12,True,True,False,8.0,8
44,steady_m2_r10_k1,regime_conditional,0.2,observed,warehouse,5,2,1,84,90,6,True,True,False,1.0,1
44,steady_m2_r10_k1,regime_conditional,0.2,observed,warehouse,6,3,1,24,36,12,True,True,False,0.0,0
44,steady_m2_r10_k1,regime_conditional,0.2,observed,warehouse,7,3,2,144,150,6,True,True,False,2.0,2
44,steady_m2_r10_k1,regime_conditional,0.2,observed,transit_smooth,8,4,2,12,24,12,True,True,False,0.0,0
44,steady_m2_r10_k1,regime_conditional,0.2,observed,transit_smooth,9,4,1,108,114,6,True,True,False,1.0,1
44,steady_m2_r10_k1,regime_conditional,0.2,observed,transit_smooth,10,5,0,84,96,12,True,True,False,1.0,1
44,steady_m2_r10_k1,regime_conditional,0.2,observed,transit_smooth,11,5,1,0,6,6,True,True,False,2.0,2
44,steady_m2_r10_k1,regime_conditional,0.2,observed,transit_smooth,12,6,2,60,72,12,True,True,False,3.0,3
44,steady_m2_r10_k1,regime_conditional,0.2,observed,transit_smooth,13,6,2,12,18,6,True,True,False,2.0,2
44,steady_m2_r10_k1,regime_conditional,0.2,observed,transit_smooth,14,7,1,96,108,12,True,True,False,1.0,1
44,steady_m2_r10_k1,regime_conditional,0.2,observed,transit_smooth,15,7,1,108,114,6,True,False,True,,6
44,steady_m2_r10_k1,regime_conditional,0.2,observed,transit_rough,16,8,0,12,24,12,True,True,False,6.0,6
44,steady_m2_r10_k1,regime_conditional,0.2,observed,transit_rough,17,8,1,120,126,6,True,True,False,2.0,2
44,steady_m2_r10_k1,regime_conditional,0.2,observed,transit_rough,18,9,1,84,96,12,True,True,False,2.0,2
44,steady_m2_r10_k1,regime_conditional,0.2,observed,transit_rough,19,9,1,48,54,6,True,True,False,2.0,2
44,steady_m2_r10_k1,regime_conditional,0.2,observed,transit_rough,20,10,0,36,48,12,True,True,False,3.0,3
44,steady_m2_r10_k1,regime_conditional,0.2,observed,transit_rough,21,10,0,132,138,6,True,True,False,2.0,2
44,steady_m2_r10_k1,regime_conditional,0.2,observed,transit_rough,22,11,1,84,96,12,True,True,False,0.0,0
44,steady_m2_r10_k1,regime_conditional,0.2,observed,transit_rough,23,11,1,96,102,6,True,True,True,5.0,5
44,steady_m4,regime_marginal,1.0,clean,warehouse,0,0,2,60,72,12,False,False,False,,12
44,steady_m4,regime_marginal,1.0,clean,warehouse,1,0,0,120,126,6,False,False,False,,6
44,steady_m4,regime_marginal,1.0,clean,warehouse,2,1,0,60,72,12,False,False,False,,12
44,steady_m4,regime_marginal,1.0,clean,warehouse,3,1,2,36,42,6,False,False,False,,6
44,steady_m4,regime_marginal,1.0,clean,warehouse,4,2,2,12,24,12,False,False,False,,12
44,steady_m4,regime_marginal,1.0,clean,warehouse,5,2,1,84,90,6,False,False,False,,6
44,steady_m4,regime_marginal,1.0,clean,warehouse,6,3,1,24,36,12,False,False,False,,12
44,steady_m4,regime_marginal,1.0,clean,warehouse,7,3,2,144,150,6,False,False,False,,6
44,steady_m4,regime_marginal,1.0,clean,transit_smooth,8,4,2,12,24,12,False,False,False,,12
44,steady_m4,regime_marginal,1.0,clean,transit_smooth,9,4,1,108,114,6,False,False,False,,6
44,steady_m4,regime_marginal,1.0,clean,transit_smooth,10,5,0,84,96,12,False,False,False,,12
44,steady_m4,regime_marginal,1.0,clean,transit_smooth,11,5,1,0,6,6,False,False,False,,6
44,steady_m4,regime_marginal,1.0,clean,transit_smooth,12,6,2,60,72,12,False,False,False,,12
44,steady_m4,regime_marginal,1.0,clean,transit_smooth,13,6,2,12,18,6,False,False,False,,6
44,steady_m4,regime_marginal,1.0,clean,transit_smooth,14,7,1,96,108,12,False,False,False,,12
44,steady_m4,regime_marginal,1.0,clean,transit_smooth,15,7,1,108,114,6,False,False,False,,6
44,steady_m4,regime_marginal,1.0,clean,transit_rough,16,8,0,12,24,12,False,False,False,,12
44,steady_m4,regime_marginal,1.0,clean,transit_rough,17,8,1,120,126,6,True,True,False,3.0,3
44,steady_m4,regime_marginal,1.0,clean,transit_rough,18,9,1,84,96,12,False,False,False,,12
44,steady_m4,regime_marginal,1.0,clean,transit_rough,19,9,1,48,54,6,False,False,False,,6
44,steady_m4,regime_marginal,1.0,clean,transit_rough,20,10,0,36,48,12,False,False,False,,12
44,steady_m4,regime_marginal,1.0,clean,transit_rough,21,10,0,132,138,6,False,False,False,,6
44,steady_m4,regime_marginal,1.0,clean,transit_rough,22,11,1,84,96,12,False,False,False,,12
44,steady_m4,regime_marginal,1.0,clean,transit_rough,23,11,1,96,102,6,False,False,False,,6
44,steady_m4,regime_marginal,1.0,observed,warehouse,0,0,2,60,72,12,True,True,False,0.0,0
44,steady_m4,regime_marginal,1.0,observed,warehouse,1,0,0,120,126,6,True,True,False,1.0,1
44,steady_m4,regime_marginal,1.0,observed,warehouse,2,1,0,60,72,12,True,True,False,0.0,0
44,steady_m4,regime_marginal,1.0,observed,warehouse,3,1,2,36,42,6,True,True,False,0.0,0
44,steady_m4,regime_marginal,1.0,observed,warehouse,4,2,2,12,24,12,True,True,False,0.0,0
44,steady_m4,regime_marginal,1.0,observed,warehouse,5,2,1,84,90,6,True,True,False,0.0,0
44,steady_m4,regime_marginal,1.0,observed,warehouse,6,3,1,24,36,12,True,True,False,0.0,0
44,steady_m4,regime_marginal,1.0,observed,warehouse,7,3,2,144,150,6,True,True,False,0.0,0
44,steady_m4,regime_marginal,1.0,observed,transit_smooth,8,4,2,12,24,12,True,True,False,0.0,0
44,steady_m4,regime_marginal,1.0,observed,transit_smooth,9,4,1,108,114,6,True,True,False,0.0,0
44,steady_m4,regime_marginal,1.0,observed,transit_smooth,10,5,0,84,96,12,True,True,False,0.0,0
44,steady_m4,regime_marginal,1.0,observed,transit_smooth,11,5,1,0,6,6,True,True,False,0.0,0
44,steady_m4,regime_marginal,1.0,observed,transit_smooth,12,6,2,60,72,12,True,True,False,0.0,0
44,steady_m4,regime_marginal,1.0,observed,transit_smooth,13,6,2,12,18,6,True,True,False,0.0,0
44,steady_m4,regime_marginal,1.0,observed,transit_smooth,14,7,1,96,108,12,True,True,False,0.0,0
44,steady_m4,regime_marginal,1.0,observed,transit_smooth,15,7,1,108,114,6,True,True,True,3.0,3
44,steady_m4,regime_marginal,1.0,observed,transit_rough,16,8,0,12,24,12,True,True,False,0.0,0
44,steady_m4,regime_marginal,1.0,observed,transit_rough,17,8,1,120,126,6,True,True,False,0.0,0
44,steady_m4,regime_marginal,1.0,observed,transit_rough,18,9,1,84,96,12,True,True,False,0.0,0
44,steady_m4,regime_marginal,1.0,observed,transit_rough,19,9,1,48,54,6,True,True,False,0.0,0
44,steady_m4,regime_marginal,1.0,observed,transit_rough,20,10,0,36,48,12,True,True,False,0.0,0
44,steady_m4,regime_marginal,1.0,observed,transit_rough,21,10,0,132,138,6,True,True,False,0.0,0
44,steady_m4,regime_marginal,1.0,observed,transit_rough,22,11,1,84,96,12,True,True,False,0.0,0
44,steady_m4,regime_marginal,1.0,observed,transit_rough,23,11,1,96,102,6,True,True,True,1.0,1
44,steady_m4,regime_marginal,0.2,clean,warehouse,0,0,2,60,72,12,False,False,False,,12
44,steady_m4,regime_marginal,0.2,clean,warehouse,1,0,0,120,126,6,False,False,False,,6
44,steady_m4,regime_marginal,0.2,clean,warehouse,2,1,0,60,72,12,False,False,False,,12
44,steady_m4,regime_marginal,0.2,clean,warehouse,3,1,2,36,42,6,False,False,False,,6
44,steady_m4,regime_marginal,0.2,clean,warehouse,4,2,2,12,24,12,False,False,False,,12
44,steady_m4,regime_marginal,0.2,clean,warehouse,5,2,1,84,90,6,False,False,False,,6
44,steady_m4,regime_marginal,0.2,clean,warehouse,6,3,1,24,36,12,False,False,False,,12
44,steady_m4,regime_marginal,0.2,clean,warehouse,7,3,2,144,150,6,False,False,False,,6
44,steady_m4,regime_marginal,0.2,clean,transit_smooth,8,4,2,12,24,12,False,False,False,,12
44,steady_m4,regime_marginal,0.2,clean,transit_smooth,9,4,1,108,114,6,False,False,False,,6
44,steady_m4,regime_marginal,0.2,clean,transit_smooth,10,5,0,84,96,12,False,False,False,,12
44,steady_m4,regime_marginal,0.2,clean,transit_smooth,11,5,1,0,6,6,False,False,False,,6
44,steady_m4,regime_marginal,0.2,clean,transit_smooth,12,6,2,60,72,12,False,False,False,,12
44,steady_m4,regime_marginal,0.2,clean,transit_smooth,13,6,2,12,18,6,False,False,False,,6
44,steady_m4,regime_marginal,0.2,clean,transit_smooth,14,7,1,96,108,12,False,False,False,,12
44,steady_m4,regime_marginal,0.2,clean,transit_smooth,15,7,1,108,114,6,False,False,False,,6
44,steady_m4,regime_marginal,0.2,clean,transit_rough,16,8,0,12,24,12,False,False,False,,12
44,steady_m4,regime_marginal,0.2,clean,transit_rough,17,8,1,120,126,6,False,False,False,,6
44,steady_m4,regime_marginal,0.2,clean,transit_rough,18,9,1,84,96,12,False,False,False,,12
44,steady_m4,regime_marginal,0.2,clean,transit_rough,19,9,1,48,54,6,False,False,False,,6
44,steady_m4,regime_marginal,0.2,clean,transit_rough,20,10,0,36,48,12,False,False,False,,12
44,steady_m4,regime_marginal,0.2,clean,transit_rough,21,10,0,132,138,6,False,False,False,,6
44,steady_m4,regime_marginal,0.2,clean,transit_rough,22,11,1,84,96,12,False,False,False,,12
44,steady_m4,regime_marginal,0.2,clean,transit_rough,23,11,1,96,102,6,False,False,False,,6
44,steady_m4,regime_marginal,0.2,observed,warehouse,0,0,2,60,72,12,True,True,False,0.0,0
44,steady_m4,regime_marginal,0.2,observed,warehouse,1,0,0,120,126,6,True,True,False,5.0,5
44,steady_m4,regime_marginal,0.2,observed,warehouse,2,1,0,60,72,12,True,True,False,3.0,3
44,steady_m4,regime_marginal,0.2,observed,warehouse,3,1,2,36,42,6,True,True,False,2.0,2
44,steady_m4,regime_marginal,0.2,observed,warehouse,4,2,2,12,24,12,True,True,False,2.0,2
44,steady_m4,regime_marginal,0.2,observed,warehouse,5,2,1,84,90,6,True,True,False,1.0,1
44,steady_m4,regime_marginal,0.2,observed,warehouse,6,3,1,24,36,12,True,True,False,0.0,0
44,steady_m4,regime_marginal,0.2,observed,warehouse,7,3,2,144,150,6,True,True,False,2.0,2
44,steady_m4,regime_marginal,0.2,observed,transit_smooth,8,4,2,12,24,12,True,True,False,0.0,0
44,steady_m4,regime_marginal,0.2,observed,transit_smooth,9,4,1,108,114,6,True,True,False,2.0,2
44,steady_m4,regime_marginal,0.2,observed,transit_smooth,10,5,0,84,96,12,True,True,False,4.0,4
44,steady_m4,regime_marginal,0.2,observed,transit_smooth,11,5,1,0,6,6,True,True,False,2.0,2
44,steady_m4,regime_marginal,0.2,observed,transit_smooth,12,6,2,60,72,12,True,True,False,3.0,3
44,steady_m4,regime_marginal,0.2,observed,transit_smooth,13,6,2,12,18,6,True,True,False,2.0,2
44,steady_m4,regime_marginal,0.2,observed,transit_smooth,14,7,1,96,108,12,True,True,False,1.0,1
44,steady_m4,regime_marginal,0.2,observed,transit_smooth,15,7,1,108,114,6,True,False,True,,6
44,steady_m4,regime_marginal,0.2,observed,transit_rough,16,8,0,12,24,12,True,True,False,3.0,3
44,steady_m4,regime_marginal,0.2,observed,transit_rough,17,8,1,120,126,6,True,True,False,1.0,1
44,steady_m4,regime_marginal,0.2,observed,transit_rough,18,9,1,84,96,12,True,True,False,1.0,1
44,steady_m4,regime_marginal,0.2,observed,transit_rough,19,9,1,48,54,6,True,True,False,0.0,0
44,steady_m4,regime_marginal,0.2,observed,transit_rough,20,10,0,36,48,12,True,True,False,2.0,2
44,steady_m4,regime_marginal,0.2,observed,transit_rough,21,10,0,132,138,6,True,True,False,2.0,2
44,steady_m4,regime_marginal,0.2,observed,transit_rough,22,11,1,84,96,12,True,True,False,0.0,0
44,steady_m4,regime_marginal,0.2,observed,transit_rough,23,11,1,96,102,6,True,False,True,,6
44,steady_m4,regime_conditional,1.0,clean,warehouse,0,0,2,60,72,12,False,False,False,,12
44,steady_m4,regime_conditional,1.0,clean,warehouse,1,0,0,120,126,6,False,False,False,,6
44,steady_m4,regime_conditional,1.0,clean,warehouse,2,1,0,60,72,12,False,False,False,,12
44,steady_m4,regime_conditional,1.0,clean,warehouse,3,1,2,36,42,6,False,False,False,,6
44,steady_m4,regime_conditional,1.0,clean,warehouse,4,2,2,12,24,12,False,False,False,,12
44,steady_m4,regime_conditional,1.0,clean,warehouse,5,2,1,84,90,6,False,False,False,,6
44,steady_m4,regime_conditional,1.0,clean,warehouse,6,3,1,24,36,12,False,False,False,,12
44,steady_m4,regime_conditional,1.0,clean,warehouse,7,3,2,144,150,6,False,False,False,,6
44,steady_m4,regime_conditional,1.0,clean,transit_smooth,8,4,2,12,24,12,False,False,False,,12
44,steady_m4,regime_conditional,1.0,clean,transit_smooth,9,4,1,108,114,6,False,False,False,,6
44,steady_m4,regime_conditional,1.0,clean,transit_smooth,10,5,0,84,96,12,False,False,False,,12
44,steady_m4,regime_conditional,1.0,clean,transit_smooth,11,5,1,0,6,6,False,False,False,,6
44,steady_m4,regime_conditional,1.0,clean,transit_smooth,12,6,2,60,72,12,False,False,False,,12
44,steady_m4,regime_conditional,1.0,clean,transit_smooth,13,6,2,12,18,6,False,False,False,,6
44,steady_m4,regime_conditional,1.0,clean,transit_smooth,14,7,1,96,108,12,False,False,False,,12
44,steady_m4,regime_conditional,1.0,clean,transit_smooth,15,7,1,108,114,6,False,False,False,,6
44,steady_m4,regime_conditional,1.0,clean,transit_rough,16,8,0,12,24,12,False,False,False,,12
44,steady_m4,regime_conditional,1.0,clean,transit_rough,17,8,1,120,126,6,True,True,False,3.0,3
44,steady_m4,regime_conditional,1.0,clean,transit_rough,18,9,1,84,96,12,False,False,False,,12
44,steady_m4,regime_conditional,1.0,clean,transit_rough,19,9,1,48,54,6,False,False,False,,6
44,steady_m4,regime_conditional,1.0,clean,transit_rough,20,10,0,36,48,12,False,False,False,,12
44,steady_m4,regime_conditional,1.0,clean,transit_rough,21,10,0,132,138,6,False,False,False,,6
44,steady_m4,regime_conditional,1.0,clean,transit_rough,22,11,1,84,96,12,False,False,False,,12
44,steady_m4,regime_conditional,1.0,clean,transit_rough,23,11,1,96,102,6,False,False,False,,6
44,steady_m4,regime_conditional,1.0,observed,warehouse,0,0,2,60,72,12,True,True,False,0.0,0
44,steady_m4,regime_conditional,1.0,observed,warehouse,1,0,0,120,126,6,True,True,False,0.0,0
44,steady_m4,regime_conditional,1.0,observed,warehouse,2,1,0,60,72,12,True,True,False,0.0,0
44,steady_m4,regime_conditional,1.0,observed,warehouse,3,1,2,36,42,6,True,True,False,0.0,0
44,steady_m4,regime_conditional,1.0,observed,warehouse,4,2,2,12,24,12,True,True,False,0.0,0
44,steady_m4,regime_conditional,1.0,observed,warehouse,5,2,1,84,90,6,True,True,False,0.0,0
44,steady_m4,regime_conditional,1.0,observed,warehouse,6,3,1,24,36,12,True,True,False,0.0,0
44,steady_m4,regime_conditional,1.0,observed,warehouse,7,3,2,144,150,6,True,True,False,0.0,0
44,steady_m4,regime_conditional,1.0,observed,transit_smooth,8,4,2,12,24,12,True,True,False,0.0,0
44,steady_m4,regime_conditional,1.0,observed,transit_smooth,9,4,1,108,114,6,True,True,False,0.0,0
44,steady_m4,regime_conditional,1.0,observed,transit_smooth,10,5,0,84,96,12,True,True,False,0.0,0
44,steady_m4,regime_conditional,1.0,observed,transit_smooth,11,5,1,0,6,6,True,True,False,0.0,0
44,steady_m4,regime_conditional,1.0,observed,transit_smooth,12,6,2,60,72,12,True,True,False,0.0,0
44,steady_m4,regime_conditional,1.0,observed,transit_smooth,13,6,2,12,18,6,True,True,False,0.0,0
44,steady_m4,regime_conditional,1.0,observed,transit_smooth,14,7,1,96,108,12,True,True,False,0.0,0
44,steady_m4,regime_conditional,1.0,observed,transit_smooth,15,7,1,108,114,6,True,False,True,,6
44,steady_m4,regime_conditional,1.0,observed,transit_rough,16,8,0,12,24,12,True,True,False,0.0,0
44,steady_m4,regime_conditional,1.0,observed,transit_rough,17,8,1,120,126,6,True,True,False,0.0,0
44,steady_m4,regime_conditional,1.0,observed,transit_rough,18,9,1,84,96,12,True,True,False,0.0,0
44,steady_m4,regime_conditional,1.0,observed,transit_rough,19,9,1,48,54,6,True,True,False,0.0,0
44,steady_m4,regime_conditional,1.0,observed,transit_rough,20,10,0,36,48,12,True,True,False,0.0,0
44,steady_m4,regime_conditional,1.0,observed,transit_rough,21,10,0,132,138,6,True,True,False,0.0,0
44,steady_m4,regime_conditional,1.0,observed,transit_rough,22,11,1,84,96,12,True,True,False,0.0,0
44,steady_m4,regime_conditional,1.0,observed,transit_rough,23,11,1,96,102,6,True,False,True,,6
44,steady_m4,regime_conditional,0.2,clean,warehouse,0,0,2,60,72,12,True,True,False,10.0,10
44,steady_m4,regime_conditional,0.2,clean,warehouse,1,0,0,120,126,6,False,False,False,,6
44,steady_m4,regime_conditional,0.2,clean,warehouse,2,1,0,60,72,12,False,False,False,,12
44,steady_m4,regime_conditional,0.2,clean,warehouse,3,1,2,36,42,6,False,False,False,,6
44,steady_m4,regime_conditional,0.2,clean,warehouse,4,2,2,12,24,12,True,True,False,7.0,7
44,steady_m4,regime_conditional,0.2,clean,warehouse,5,2,1,84,90,6,False,False,False,,6
44,steady_m4,regime_conditional,0.2,clean,warehouse,6,3,1,24,36,12,False,False,False,,12
44,steady_m4,regime_conditional,0.2,clean,warehouse,7,3,2,144,150,6,False,False,False,,6
44,steady_m4,regime_conditional,0.2,clean,transit_smooth,8,4,2,12,24,12,False,False,False,,12
44,steady_m4,regime_conditional,0.2,clean,transit_smooth,9,4,1,108,114,6,False,False,False,,6
44,steady_m4,regime_conditional,0.2,clean,transit_smooth,10,5,0,84,96,12,False,False,False,,12
44,steady_m4,regime_conditional,0.2,clean,transit_smooth,11,5,1,0,6,6,False,False,False,,6
44,steady_m4,regime_conditional,0.2,clean,transit_smooth,12,6,2,60,72,12,False,False,False,,12
44,steady_m4,regime_conditional,0.2,clean,transit_smooth,13,6,2,12,18,6,False,False,False,,6
44,steady_m4,regime_conditional,0.2,clean,transit_smooth,14,7,1,96,108,12,False,False,False,,12
44,steady_m4,regime_conditional,0.2,clean,transit_smooth,15,7,1,108,114,6,False,False,False,,6
44,steady_m4,regime_conditional,0.2,clean,transit_rough,16,8,0,12,24,12,False,False,False,,12
44,steady_m4,regime_conditional,0.2,clean,transit_rough,17,8,1,120,126,6,True,True,False,4.0,4
44,steady_m4,regime_conditional,0.2,clean,transit_rough,18,9,1,84,96,12,False,False,False,,12
44,steady_m4,regime_conditional,0.2,clean,transit_rough,19,9,1,48,54,6,False,False,False,,6
44,steady_m4,regime_conditional,0.2,clean,transit_rough,20,10,0,36,48,12,False,False,False,,12
44,steady_m4,regime_conditional,0.2,clean,transit_rough,21,10,0,132,138,6,False,False,False,,6
44,steady_m4,regime_conditional,0.2,clean,transit_rough,22,11,1,84,96,12,False,False,False,,12
44,steady_m4,regime_conditional,0.2,clean,transit_rough,23,11,1,96,102,6,False,False,False,,6
44,steady_m4,regime_conditional,0.2,observed,warehouse,0,0,2,60,72,12,True,True,False,0.0,0
44,steady_m4,regime_conditional,0.2,observed,warehouse,1,0,0,120,126,6,True,True,False,2.0,2
44,steady_m4,regime_conditional,0.2,observed,warehouse,2,1,0,60,72,12,True,True,False,2.0,2
44,steady_m4,regime_conditional,0.2,observed,warehouse,3,1,2,36,42,6,True,True,False,1.0,1
44,steady_m4,regime_conditional,0.2,observed,warehouse,4,2,2,12,24,12,True,True,False,1.0,1
44,steady_m4,regime_conditional,0.2,observed,warehouse,5,2,1,84,90,6,True,True,False,0.0,0
44,steady_m4,regime_conditional,0.2,observed,warehouse,6,3,1,24,36,12,True,True,False,0.0,0
44,steady_m4,regime_conditional,0.2,observed,warehouse,7,3,2,144,150,6,True,True,False,1.0,1
44,steady_m4,regime_conditional,0.2,observed,transit_smooth,8,4,2,12,24,12,True,True,False,0.0,0
44,steady_m4,regime_conditional,0.2,observed,transit_smooth,9,4,1,108,114,6,True,True,False,1.0,1
44,steady_m4,regime_conditional,0.2,observed,transit_smooth,10,5,0,84,96,12,True,True,False,1.0,1
44,steady_m4,regime_conditional,0.2,observed,transit_smooth,11,5,1,0,6,6,True,True,False,0.0,0
44,steady_m4,regime_conditional,0.2,observed,transit_smooth,12,6,2,60,72,12,True,True,False,1.0,1
44,steady_m4,regime_conditional,0.2,observed,transit_smooth,13,6,2,12,18,6,True,True,False,0.0,0
44,steady_m4,regime_conditional,0.2,observed,transit_smooth,14,7,1,96,108,12,True,True,False,0.0,0
44,steady_m4,regime_conditional,0.2,observed,transit_smooth,15,7,1,108,114,6,True,True,True,3.0,3
44,steady_m4,regime_conditional,0.2,observed,transit_rough,16,8,0,12,24,12,True,True,False,1.0,1
44,steady_m4,regime_conditional,0.2,observed,transit_rough,17,8,1,120,126,6,True,True,False,1.0,1
44,steady_m4,regime_conditional,0.2,observed,transit_rough,18,9,1,84,96,12,True,True,False,1.0,1
44,steady_m4,regime_conditional,0.2,observed,transit_rough,19,9,1,48,54,6,True,True,False,0.0,0
44,steady_m4,regime_conditional,0.2,observed,transit_rough,20,10,0,36,48,12,True,True,False,1.0,1
44,steady_m4,regime_conditional,0.2,observed,transit_rough,21,10,0,132,138,6,True,True,False,0.0,0
44,steady_m4,regime_conditional,0.2,observed,transit_rough,22,11,1,84,96,12,True,True,False,0.0,0
44,steady_m4,regime_conditional,0.2,observed,transit_rough,23,11,1,96,102,6,True,True,True,4.0,4
44,steady_r02,regime_marginal,1.0,clean,warehouse,0,0,2,60,64,4,False,False,False,,4
44,steady_r02,regime_marginal,1.0,clean,warehouse,1,1,0,60,64,4,False,False,False,,4
44,steady_r02,regime_marginal,1.0,clean,warehouse,2,2,2,12,16,4,False,False,False,,4
44,steady_r02,regime_marginal,1.0,clean,warehouse,3,3,1,24,28,4,False,False,False,,4
44,steady_r02,regime_marginal,1.0,clean,transit_smooth,4,4,2,12,16,4,False,False,False,,4
44,steady_r02,regime_marginal,1.0,clean,transit_smooth,5,5,0,84,88,4,False,False,False,,4
44,steady_r02,regime_marginal,1.0,clean,transit_smooth,6,6,2,60,64,4,False,False,False,,4
44,steady_r02,regime_marginal,1.0,clean,transit_smooth,7,7,1,96,100,4,False,False,False,,4
44,steady_r02,regime_marginal,1.0,clean,transit_rough,8,8,0,12,16,4,False,False,False,,4
44,steady_r02,regime_marginal,1.0,clean,transit_rough,9,9,1,84,88,4,False,False,False,,4
44,steady_r02,regime_marginal,1.0,clean,transit_rough,10,10,0,36,40,4,False,False,False,,4
44,steady_r02,regime_marginal,1.0,clean,transit_rough,11,11,1,84,88,4,False,False,False,,4
44,steady_r02,regime_marginal,1.0,observed,warehouse,0,0,2,60,64,4,False,False,False,,4
44,steady_r02,regime_marginal,1.0,observed,warehouse,1,1,0,60,64,4,False,False,False,,4
44,steady_r02,regime_marginal,1.0,observed,warehouse,2,2,2,12,16,4,False,False,False,,4
44,steady_r02,regime_marginal,1.0,observed,warehouse,3,3,1,24,28,4,True,True,False,0.0,0
44,steady_r02,regime_marginal,1.0,observed,transit_smooth,4,4,2,12,16,4,True,True,False,0.0,0
44,steady_r02,regime_marginal,1.0,observed,transit_smooth,5,5,0,84,88,4,True,True,False,0.0,0
44,steady_r02,regime_marginal,1.0,observed,transit_smooth,6,6,2,60,64,4,False,False,False,,4
44,steady_r02,regime_marginal,1.0,observed,transit_smooth,7,7,1,96,100,4,True,True,False,0.0,0
44,steady_r02,regime_marginal,1.0,observed,transit_rough,8,8,0,12,16,4,False,False,False,,4
44,steady_r02,regime_marginal,1.0,observed,transit_rough,9,9,1,84,88,4,False,False,False,,4
44,steady_r02,regime_marginal,1.0,observed,transit_rough,10,10,0,36,40,4,False,False,False,,4
44,steady_r02,regime_marginal,1.0,observed,transit_rough,11,11,1,84,88,4,True,True,False,1.0,1
44,steady_r02,regime_marginal,0.2,clean,warehouse,0,0,2,60,64,4,False,False,False,,4
44,steady_r02,regime_marginal,0.2,clean,warehouse,1,1,0,60,64,4,False,False,False,,4
44,steady_r02,regime_marginal,0.2,clean,warehouse,2,2,2,12,16,4,False,False,False,,4
44,steady_r02,regime_marginal,0.2,clean,warehouse,3,3,1,24,28,4,False,False,False,,4
44,steady_r02,regime_marginal,0.2,clean,transit_smooth,4,4,2,12,16,4,False,False,False,,4
44,steady_r02,regime_marginal,0.2,clean,transit_smooth,5,5,0,84,88,4,False,False,False,,4
44,steady_r02,regime_marginal,0.2,clean,transit_smooth,6,6,2,60,64,4,False,False,False,,4
44,steady_r02,regime_marginal,0.2,clean,transit_smooth,7,7,1,96,100,4,False,False,False,,4
44,steady_r02,regime_marginal,0.2,clean,transit_rough,8,8,0,12,16,4,False,False,False,,4
44,steady_r02,regime_marginal,0.2,clean,transit_rough,9,9,1,84,88,4,False,False,False,,4
44,steady_r02,regime_marginal,0.2,clean,transit_rough,10,10,0,36,40,4,False,False,False,,4
44,steady_r02,regime_marginal,0.2,clean,transit_rough,11,11,1,84,88,4,False,False,False,,4
44,steady_r02,regime_marginal,0.2,observed,warehouse,0,0,2,60,64,4,True,True,False,1.0,1
44,steady_r02,regime_marginal,0.2,observed,warehouse,1,1,0,60,64,4,False,False,False,,4
44,steady_r02,regime_marginal,0.2,observed,warehouse,2,2,2,12,16,4,False,False,False,,4
44,steady_r02,regime_marginal,0.2,observed,warehouse,3,3,1,24,28,4,True,True,False,1.0,1
44,steady_r02,regime_marginal,0.2,observed,transit_smooth,4,4,2,12,16,4,True,True,False,3.0,3
44,steady_r02,regime_marginal,0.2,observed,transit_smooth,5,5,0,84,88,4,False,False,False,,4
44,steady_r02,regime_marginal,0.2,observed,transit_smooth,6,6,2,60,64,4,False,False,False,,4
44,steady_r02,regime_marginal,0.2,observed,transit_smooth,7,7,1,96,100,4,False,False,False,,4
44,steady_r02,regime_marginal,0.2,observed,transit_rough,8,8,0,12,16,4,False,False,False,,4
44,steady_r02,regime_marginal,0.2,observed,transit_rough,9,9,1,84,88,4,False,False,False,,4
44,steady_r02,regime_marginal,0.2,observed,transit_rough,10,10,0,36,40,4,False,False,False,,4
44,steady_r02,regime_marginal,0.2,observed,transit_rough,11,11,1,84,88,4,True,True,False,1.0,1
44,steady_r02,regime_conditional,1.0,clean,warehouse,0,0,2,60,64,4,False,False,False,,4
44,steady_r02,regime_conditional,1.0,clean,warehouse,1,1,0,60,64,4,False,False,False,,4
44,steady_r02,regime_conditional,1.0,clean,warehouse,2,2,2,12,16,4,False,False,False,,4
44,steady_r02,regime_conditional,1.0,clean,warehouse,3,3,1,24,28,4,False,False,False,,4
44,steady_r02,regime_conditional,1.0,clean,transit_smooth,4,4,2,12,16,4,False,False,False,,4
44,steady_r02,regime_conditional,1.0,clean,transit_smooth,5,5,0,84,88,4,False,False,False,,4
44,steady_r02,regime_conditional,1.0,clean,transit_smooth,6,6,2,60,64,4,False,False,False,,4
44,steady_r02,regime_conditional,1.0,clean,transit_smooth,7,7,1,96,100,4,False,False,False,,4
44,steady_r02,regime_conditional,1.0,clean,transit_rough,8,8,0,12,16,4,False,False,False,,4
44,steady_r02,regime_conditional,1.0,clean,transit_rough,9,9,1,84,88,4,False,False,False,,4
44,steady_r02,regime_conditional,1.0,clean,transit_rough,10,10,0,36,40,4,False,False,False,,4
44,steady_r02,regime_conditional,1.0,clean,transit_rough,11,11,1,84,88,4,False,False,False,,4
44,steady_r02,regime_conditional,1.0,observed,warehouse,0,0,2,60,64,4,True,True,False,0.0,0
44,steady_r02,regime_conditional,1.0,observed,warehouse,1,1,0,60,64,4,True,True,False,0.0,0
44,steady_r02,regime_conditional,1.0,observed,warehouse,2,2,2,12,16,4,False,False,False,,4
44,steady_r02,regime_conditional,1.0,observed,warehouse,3,3,1,24,28,4,True,True,False,0.0,0
44,steady_r02,regime_conditional,1.0,observed,transit_smooth,4,4,2,12,16,4,True,True,False,0.0,0
44,steady_r02,regime_conditional,1.0,observed,transit_smooth,5,5,0,84,88,4,True,True,False,0.0,0
44,steady_r02,regime_conditional,1.0,observed,transit_smooth,6,6,2,60,64,4,True,True,False,2.0,2
44,steady_r02,regime_conditional,1.0,observed,transit_smooth,7,7,1,96,100,4,True,True,False,0.0,0
44,steady_r02,regime_conditional,1.0,observed,transit_rough,8,8,0,12,16,4,False,False,False,,4
44,steady_r02,regime_conditional,1.0,observed,transit_rough,9,9,1,84,88,4,True,True,False,2.0,2
44,steady_r02,regime_conditional,1.0,observed,transit_rough,10,10,0,36,40,4,True,True,False,0.0,0
44,steady_r02,regime_conditional,1.0,observed,transit_rough,11,11,1,84,88,4,True,True,False,0.0,0
44,steady_r02,regime_conditional,0.2,clean,warehouse,0,0,2,60,64,4,False,False,False,,4
44,steady_r02,regime_conditional,0.2,clean,warehouse,1,1,0,60,64,4,False,False,False,,4
44,steady_r02,regime_conditional,0.2,clean,warehouse,2,2,2,12,16,4,False,False,False,,4
44,steady_r02,regime_conditional,0.2,clean,warehouse,3,3,1,24,28,4,False,False,False,,4
44,steady_r02,regime_conditional,0.2,clean,transit_smooth,4,4,2,12,16,4,False,False,False,,4
44,steady_r02,regime_conditional,0.2,clean,transit_smooth,5,5,0,84,88,4,False,False,False,,4
44,steady_r02,regime_conditional,0.2,clean,transit_smooth,6,6,2,60,64,4,False,False,False,,4
44,steady_r02,regime_conditional,0.2,clean,transit_smooth,7,7,1,96,100,4,False,False,False,,4
44,steady_r02,regime_conditional,0.2,clean,transit_rough,8,8,0,12,16,4,False,False,False,,4
44,steady_r02,regime_conditional,0.2,clean,transit_rough,9,9,1,84,88,4,False,False,False,,4
44,steady_r02,regime_conditional,0.2,clean,transit_rough,10,10,0,36,40,4,False,False,False,,4
44,steady_r02,regime_conditional,0.2,clean,transit_rough,11,11,1,84,88,4,False,False,False,,4
44,steady_r02,regime_conditional,0.2,observed,warehouse,0,0,2,60,64,4,True,True,False,1.0,1
44,steady_r02,regime_conditional,0.2,observed,warehouse,1,1,0,60,64,4,False,False,False,,4
44,steady_r02,regime_conditional,0.2,observed,warehouse,2,2,2,12,16,4,False,False,False,,4
44,steady_r02,regime_conditional,0.2,observed,warehouse,3,3,1,24,28,4,True,True,False,0.0,0
44,steady_r02,regime_conditional,0.2,observed,transit_smooth,4,4,2,12,16,4,True,True,False,0.0,0
44,steady_r02,regime_conditional,0.2,observed,transit_smooth,5,5,0,84,88,4,True,True,False,1.0,1
44,steady_r02,regime_conditional,0.2,observed,transit_smooth,6,6,2,60,64,4,True,True,False,3.0,3
44,steady_r02,regime_conditional,0.2,observed,transit_smooth,7,7,1,96,100,4,True,True,False,1.0,1
44,steady_r02,regime_conditional,0.2,observed,transit_rough,8,8,0,12,16,4,False,False,False,,4
44,steady_r02,regime_conditional,0.2,observed,transit_rough,9,9,1,84,88,4,True,True,False,2.0,2
44,steady_r02,regime_conditional,0.2,observed,transit_rough,10,10,0,36,40,4,True,True,False,3.0,3
44,steady_r02,regime_conditional,0.2,observed,transit_rough,11,11,1,84,88,4,True,True,False,0.0,0
44,steady_r20,regime_marginal,1.0,clean,warehouse,0,0,2,60,72,12,False,False,False,,12
44,steady_r20,regime_marginal,1.0,clean,warehouse,1,0,0,120,132,12,True,True,False,7.0,7
44,steady_r20,regime_marginal,1.0,clean,warehouse,2,0,1,144,156,12,False,False,False,,12
44,steady_r20,regime_marginal,1.0,clean,warehouse,3,1,0,60,72,12,False,False,False,,12
44,steady_r20,regime_marginal,1.0,clean,warehouse,4,1,2,36,48,12,False,False,False,,12
44,steady_r20,regime_marginal,1.0,clean,warehouse,5,1,1,96,108,12,False,False,False,,12
44,steady_r20,regime_marginal,1.0,clean,warehouse,6,2,2,12,24,12,False,False,False,,12
44,steady_r20,regime_marginal,1.0,clean,warehouse,7,2,1,84,96,12,False,False,False,,12
44,steady_r20,regime_marginal,1.0,clean,warehouse,8,2,0,168,180,12,False,False,False,,12
44,steady_r20,regime_marginal,1.0,clean,warehouse,9,3,1,24,36,12,False,False,False,,12
44,steady_r20,regime_marginal,1.0,clean,warehouse,10,3,2,144,156,12,False,False,False,,12
44,steady_r20,regime_marginal,1.0,clean,warehouse,11,3,1,60,72,12,False,False,False,,12
44,steady_r20,regime_marginal,1.0,clean,transit_smooth,12,4,2,12,24,12,False,False,False,,12
44,steady_r20,regime_marginal,1.0,clean,transit_smooth,13,4,1,108,120,12,False,False,False,,12
44,steady_r20,regime_marginal,1.0,clean,transit_smooth,14,4,0,60,72,12,False,False,False,,12
44,steady_r20,regime_marginal,1.0,clean,transit_smooth,15,5,0,84,96,12,False,False,False,,12
44,steady_r20,regime_marginal,1.0,clean,transit_smooth,16,5,1,0,12,12,False,False,False,,12
44,steady_r20,regime_marginal,1.0,clean,transit_smooth,17,5,2,48,60,12,False,False,False,,12
44,steady_r20,regime_marginal,1.0,clean,transit_smooth,18,6,2,60,72,12,False,False,False,,12
44,steady_r20,regime_marginal,1.0,clean,transit_smooth,19,6,2,12,24,12,False,False,False,,12
44,steady_r20,regime_marginal,1.0,clean,transit_smooth,20,6,0,132,144,12,False,False,False,,12
44,steady_r20,regime_marginal,1.0,clean,transit_smooth,21,7,1,96,108,12,False,False,False,,12
44,steady_r20,regime_marginal,1.0,clean,transit_smooth,22,7,1,108,120,12,False,False,False,,12
44,steady_r20,regime_marginal,1.0,clean,transit_smooth,23,7,2,60,72,12,False,False,False,,12
44,steady_r20,regime_marginal,1.0,clean,transit_rough,24,8,0,12,24,12,False,False,False,,12
44,steady_r20,regime_marginal,1.0,clean,transit_rough,25,8,1,120,132,12,True,True,False,3.0,3
44,steady_r20,regime_marginal,1.0,clean,transit_rough,26,8,0,72,84,12,False,False,False,,12
44,steady_r20,regime_marginal,1.0,clean,transit_rough,27,9,1,84,96,12,False,False,False,,12
44,steady_r20,regime_marginal,1.0,clean,transit_rough,28,9,1,48,60,12,False,False,False,,12
44,steady_r20,regime_marginal,1.0,clean,transit_rough,29,9,2,120,132,12,True,True,False,3.0,3
44,steady_r20,regime_marginal,1.0,clean,transit_rough,30,10,0,36,48,12,False,False,False,,12
44,steady_r20,regime_marginal,1.0,clean,transit_rough,31,10,0,132,144,12,False,False,False,,12
44,steady_r20,regime_marginal,1.0,clean,transit_rough,32,10,0,0,12,12,False,False,False,,12
44,steady_r20,regime_marginal,1.0,clean,transit_rough,33,11,1,84,96,12,False,False,False,,12
44,steady_r20,regime_marginal,1.0,clean,transit_rough,34,11,1,96,108,12,False,False,False,,12
44,steady_r20,regime_marginal,1.0,clean,transit_rough,35,11,0,156,168,12,True,True,False,0.0,0
44,steady_r20,regime_marginal,1.0,observed,warehouse,0,0,2,60,72,12,False,False,False,,12
44,steady_r20,regime_marginal,1.0,observed,warehouse,1,0,0,120,132,12,False,False,False,,12
44,steady_r20,regime_marginal,1.0,observed,warehouse,2,0,1,144,156,12,True,True,False,0.0,0
44,steady_r20,regime_marginal,1.0,observed,warehouse,3,1,0,60,72,12,False,False,False,,12
44,steady_r20,regime_marginal,1.0,observed,warehouse,4,1,2,36,48,12,True,True,False,2.0,2
44,steady_r20,regime_marginal,1.0,observed,warehouse,5,1,1,96,108,12,True,True,False,8.0,8
44,steady_r20,regime_marginal,1.0,observed,warehouse,6,2,2,12,24,12,True,True,False,8.0,8
44,steady_r20,regime_marginal,1.0,observed,warehouse,7,2,1,84,96,12,True,True,False,9.0,9
44,steady_r20,regime_marginal,1.0,observed,warehouse,8,2,0,168,180,12,True,True,False,0.0,0
44,steady_r20,regime_marginal,1.0,observed,warehouse,9,3,1,24,36,12,True,True,False,0.0,0
44,steady_r20,regime_marginal,1.0,observed,warehouse,10,3,2,144,156,12,True,True,False,5.0,5
44,steady_r20,regime_marginal,1.0,observed,warehouse,11,3,1,60,72,12,True,True,False,0.0,0
44,steady_r20,regime_marginal,1.0,observed,transit_smooth,12,4,2,12,24,12,True,True,False,0.0,0
44,steady_r20,regime_marginal,1.0,observed,transit_smooth,13,4,1,108,120,12,True,True,False,8.0,8
44,steady_r20,regime_marginal,1.0,observed,transit_smooth,14,4,0,60,72,12,True,True,False,8.0,8
44,steady_r20,regime_marginal,1.0,observed,transit_smooth,15,5,0,84,96,12,True,True,False,0.0,0
44,steady_r20,regime_marginal,1.0,observed,transit_smooth,16,5,1,0,12,12,True,True,False,11.0,11
44,steady_r20,regime_marginal,1.0,observed,transit_smooth,17,5,2,48,60,12,True,True,False,5.0,5
44,steady_r20,regime_marginal,1.0,observed,transit_smooth,18,6,2,60,72,12,True,True,False,8.0,8
44,steady_r20,regime_marginal,1.0,observed,transit_smooth,19,6,2,12,24,12,True,True,False,2.0,2
44,steady_r20,regime_marginal,1.0,observed,transit_smooth,20,6,0,132,144,12,True,True,False,3.0,3
44,steady_r20,regime_marginal,1.0,observed,transit_smooth,21,7,1,96,108,12,True,True,False,0.0,0
44,steady_r20,regime_marginal,1.0,observed,transit_smooth,22,7,1,108,120,12,True,True,False,1.0,1
44,steady_r20,regime_marginal,1.0,observed,transit_smooth,23,7,2,60,72,12,True,True,False,0.0,0
44,steady_r20,regime_marginal,1.0,observed,transit_rough,24,8,0,12,24,12,True,True,False,6.0,6
44,steady_r20,regime_marginal,1.0,observed,transit_rough,25,8,1,120,132,12,True,True,False,3.0,3
44,steady_r20,regime_marginal,1.0,observed,transit_rough,26,8,0,72,84,12,True,True,False,0.0,0
44,steady_r20,regime_marginal,1.0,observed,transit_rough,27,9,1,84,96,12,True,True,False,11.0,11
44,steady_r20,regime_marginal,1.0,observed,transit_rough,28,9,1,48,60,12,True,True,False,5.0,5
44,steady_r20,regime_marginal,1.0,observed,transit_rough,29,9,2,120,132,12,True,True,False,7.0,7
44,steady_r20,regime_marginal,1.0,observed,transit_rough,30,10,0,36,48,12,True,True,False,4.0,4
44,steady_r20,regime_marginal,1.0,observed,transit_rough,31,10,0,132,144,12,True,True,False,4.0,4
44,steady_r20,regime_marginal,1.0,observed,transit_rough,32,10,0,0,12,12,True,True,False,1.0,1
44,steady_r20,regime_marginal,1.0,observed,transit_rough,33,11,1,84,96,12,True,True,False,1.0,1
44,steady_r20,regime_marginal,1.0,observed,transit_rough,34,11,1,96,108,12,True,True,True,11.0,11
44,steady_r20,regime_marginal,1.0,observed,transit_rough,35,11,0,156,168,12,True,True,False,0.0,0
44,steady_r20,regime_marginal,0.2,clean,warehouse,0,0,2,60,72,12,False,False,False,,12
44,steady_r20,regime_marginal,0.2,clean,warehouse,1,0,0,120,132,12,True,True,False,8.0,8
44,steady_r20,regime_marginal,0.2,clean,warehouse,2,0,1,144,156,12,False,False,False,,12
44,steady_r20,regime_marginal,0.2,clean,warehouse,3,1,0,60,72,12,False,False,False,,12
44,steady_r20,regime_marginal,0.2,clean,warehouse,4,1,2,36,48,12,False,False,False,,12
44,steady_r20,regime_marginal,0.2,clean,warehouse,5,1,1,96,108,12,False,False,False,,12
44,steady_r20,regime_marginal,0.2,clean,warehouse,6,2,2,12,24,12,False,False,False,,12
44,steady_r20,regime_marginal,0.2,clean,warehouse,7,2,1,84,96,12,False,False,False,,12
44,steady_r20,regime_marginal,0.2,clean,warehouse,8,2,0,168,180,12,False,False,False,,12
44,steady_r20,regime_marginal,0.2,clean,warehouse,9,3,1,24,36,12,False,False,False,,12
44,steady_r20,regime_marginal,0.2,clean,warehouse,10,3,2,144,156,12,False,False,False,,12
44,steady_r20,regime_marginal,0.2,clean,warehouse,11,3,1,60,72,12,False,False,False,,12
44,steady_r20,regime_marginal,0.2,clean,transit_smooth,12,4,2,12,24,12,False,False,False,,12
44,steady_r20,regime_marginal,0.2,clean,transit_smooth,13,4,1,108,120,12,False,False,False,,12
44,steady_r20,regime_marginal,0.2,clean,transit_smooth,14,4,0,60,72,12,False,False,False,,12
44,steady_r20,regime_marginal,0.2,clean,transit_smooth,15,5,0,84,96,12,False,False,False,,12
44,steady_r20,regime_marginal,0.2,clean,transit_smooth,16,5,1,0,12,12,False,False,False,,12
44,steady_r20,regime_marginal,0.2,clean,transit_smooth,17,5,2,48,60,12,False,False,False,,12
44,steady_r20,regime_marginal,0.2,clean,transit_smooth,18,6,2,60,72,12,False,False,False,,12
44,steady_r20,regime_marginal,0.2,clean,transit_smooth,19,6,2,12,24,12,False,False,False,,12
44,steady_r20,regime_marginal,0.2,clean,transit_smooth,20,6,0,132,144,12,False,False,False,,12
44,steady_r20,regime_marginal,0.2,clean,transit_smooth,21,7,1,96,108,12,False,False,False,,12
44,steady_r20,regime_marginal,0.2,clean,transit_smooth,22,7,1,108,120,12,False,False,False,,12
44,steady_r20,regime_marginal,0.2,clean,transit_smooth,23,7,2,60,72,12,False,False,False,,12
44,steady_r20,regime_marginal,0.2,clean,transit_rough,24,8,0,12,24,12,False,False,False,,12
44,steady_r20,regime_marginal,0.2,clean,transit_rough,25,8,1,120,132,12,False,False,False,,12
44,steady_r20,regime_marginal,0.2,clean,transit_rough,26,8,0,72,84,12,False,False,False,,12
44,steady_r20,regime_marginal,0.2,clean,transit_rough,27,9,1,84,96,12,False,False,False,,12
44,steady_r20,regime_marginal,0.2,clean,transit_rough,28,9,1,48,60,12,False,False,False,,12
44,steady_r20,regime_marginal,0.2,clean,transit_rough,29,9,2,120,132,12,False,False,False,,12
44,steady_r20,regime_marginal,0.2,clean,transit_rough,30,10,0,36,48,12,False,False,False,,12
44,steady_r20,regime_marginal,0.2,clean,transit_rough,31,10,0,132,144,12,False,False,False,,12
44,steady_r20,regime_marginal,0.2,clean,transit_rough,32,10,0,0,12,12,False,False,False,,12
44,steady_r20,regime_marginal,0.2,clean,transit_rough,33,11,1,84,96,12,False,False,False,,12
44,steady_r20,regime_marginal,0.2,clean,transit_rough,34,11,1,96,108,12,False,False,False,,12
44,steady_r20,regime_marginal,0.2,clean,transit_rough,35,11,0,156,168,12,True,True,False,3.0,3
44,steady_r20,regime_marginal,0.2,observed,warehouse,0,0,2,60,72,12,True,True,False,1.0,1
44,steady_r20,regime_marginal,0.2,observed,warehouse,1,0,0,120,132,12,False,False,False,,12
44,steady_r20,regime_marginal,0.2,observed,warehouse,2,0,1,144,156,12,True,True,False,0.0,0
44,steady_r20,regime_marginal,0.2,observed,warehouse,3,1,0,60,72,12,False,False,False,,12
44,steady_r20,regime_marginal,0.2,observed,warehouse,4,1,2,36,48,12,True,True,False,3.0,3
44,steady_r20,regime_marginal,0.2,observed,warehouse,5,1,1,96,108,12,True,True,False,7.0,7
44,steady_r20,regime_marginal,0.2,observed,warehouse,6,2,2,12,24,12,True,True,False,9.0,9
44,steady_r20,regime_marginal,0.2,observed,warehouse,7,2,1,84,96,12,True,True,False,9.0,9
44,steady_r20,regime_marginal,0.2,observed,warehouse,8,2,0,168,180,12,True,True,False,2.0,2
44,steady_r20,regime_marginal,0.2,observed,warehouse,9,3,1,24,36,12,True,True,False,1.0,1
44,steady_r20,regime_marginal,0.2,observed,warehouse,10,3,2,144,156,12,True,True,False,5.0,5
44,steady_r20,regime_marginal,0.2,observed,warehouse,11,3,1,60,72,12,True,True,False,4.0,4
44,steady_r20,regime_marginal,0.2,observed,transit_smooth,12,4,2,12,24,12,True,True,False,3.0,3
44,steady_r20,regime_marginal,0.2,observed,transit_smooth,13,4,1,108,120,12,True,True,False,8.0,8
44,steady_r20,regime_marginal,0.2,observed,transit_smooth,14,4,0,60,72,12,True,True,False,10.0,10
44,steady_r20,regime_marginal,0.2,observed,transit_smooth,15,5,0,84,96,12,False,False,False,,12
44,steady_r20,regime_marginal,0.2,observed,transit_smooth,16,5,1,0,12,12,True,True,False,8.0,8
44,steady_r20,regime_marginal,0.2,observed,transit_smooth,17,5,2,48,60,12,True,True,False,4.0,4
44,steady_r20,regime_marginal,0.2,observed,transit_smooth,18,6,2,60,72,12,True,True,False,11.0,11
44,steady_r20,regime_marginal,0.2,observed,transit_smooth,19,6,2,12,24,12,True,True,False,5.0,5
44,steady_r20,regime_marginal,0.2,observed,transit_smooth,20,6,0,132,144,12,False,False,False,,12
44,steady_r20,regime_marginal,0.2,observed,transit_smooth,21,7,1,96,108,12,True,True,False,4.0,4
44,steady_r20,regime_marginal,0.2,observed,transit_smooth,22,7,1,108,120,12,False,False,True,,12
44,steady_r20,regime_marginal,0.2,observed,transit_smooth,23,7,2,60,72,12,True,True,False,2.0,2
44,steady_r20,regime_marginal,0.2,observed,transit_rough,24,8,0,12,24,12,True,True,False,10.0,10
44,steady_r20,regime_marginal,0.2,observed,transit_rough,25,8,1,120,132,12,True,True,False,3.0,3
44,steady_r20,regime_marginal,0.2,observed,transit_rough,26,8,0,72,84,12,True,True,False,3.0,3
44,steady_r20,regime_marginal,0.2,observed,transit_rough,27,9,1,84,96,12,True,True,False,11.0,11
44,steady_r20,regime_marginal,0.2,observed,transit_rough,28,9,1,48,60,12,True,True,False,5.0,5
44,steady_r20,regime_marginal,0.2,observed,transit_rough,29,9,2,120,132,12,True,True,False,8.0,8
44,steady_r20,regime_marginal,0.2,observed,transit_rough,30,10,0,36,48,12,True,True,False,5.0,5
44,steady_r20,regime_marginal,0.2,observed,transit_rough,31,10,0,132,144,12,True,True,False,5.0,5
44,steady_r20,regime_marginal,0.2,observed,transit_rough,32,10,0,0,12,12,True,True,False,5.0,5
44,steady_r20,regime_marginal,0.2,observed,transit_rough,33,11,1,84,96,12,True,True,False,1.0,1
44,steady_r20,regime_marginal,0.2,observed,transit_rough,34,11,1,96,108,12,True,True,True,11.0,11
44,steady_r20,regime_marginal,0.2,observed,transit_rough,35,11,0,156,168,12,True,True,False,0.0,0
44,steady_r20,regime_conditional,1.0,clean,warehouse,0,0,2,60,72,12,False,False,False,,12
44,steady_r20,regime_conditional,1.0,clean,warehouse,1,0,0,120,132,12,True,True,False,8.0,8
44,steady_r20,regime_conditional,1.0,clean,warehouse,2,0,1,144,156,12,False,False,False,,12
44,steady_r20,regime_conditional,1.0,clean,warehouse,3,1,0,60,72,12,False,False,False,,12
44,steady_r20,regime_conditional,1.0,clean,warehouse,4,1,2,36,48,12,False,False,False,,12
44,steady_r20,regime_conditional,1.0,clean,warehouse,5,1,1,96,108,12,False,False,False,,12
44,steady_r20,regime_conditional,1.0,clean,warehouse,6,2,2,12,24,12,False,False,False,,12
44,steady_r20,regime_conditional,1.0,clean,warehouse,7,2,1,84,96,12,False,False,False,,12
44,steady_r20,regime_conditional,1.0,clean,warehouse,8,2,0,168,180,12,False,False,False,,12
44,steady_r20,regime_conditional,1.0,clean,warehouse,9,3,1,24,36,12,False,False,False,,12
44,steady_r20,regime_conditional,1.0,clean,warehouse,10,3,2,144,156,12,False,False,False,,12
44,steady_r20,regime_conditional,1.0,clean,warehouse,11,3,1,60,72,12,False,False,False,,12
44,steady_r20,regime_conditional,1.0,clean,transit_smooth,12,4,2,12,24,12,False,False,False,,12
44,steady_r20,regime_conditional,1.0,clean,transit_smooth,13,4,1,108,120,12,False,False,False,,12
44,steady_r20,regime_conditional,1.0,clean,transit_smooth,14,4,0,60,72,12,False,False,False,,12
44,steady_r20,regime_conditional,1.0,clean,transit_smooth,15,5,0,84,96,12,False,False,False,,12
44,steady_r20,regime_conditional,1.0,clean,transit_smooth,16,5,1,0,12,12,True,True,False,10.0,10
44,steady_r20,regime_conditional,1.0,clean,transit_smooth,17,5,2,48,60,12,False,False,False,,12
44,steady_r20,regime_conditional,1.0,clean,transit_smooth,18,6,2,60,72,12,False,False,False,,12
44,steady_r20,regime_conditional,1.0,clean,transit_smooth,19,6,2,12,24,12,False,False,False,,12
44,steady_r20,regime_conditional,1.0,clean,transit_smooth,20,6,0,132,144,12,False,False,False,,12
44,steady_r20,regime_conditional,1.0,clean,transit_smooth,21,7,1,96,108,12,False,False,False,,12
44,steady_r20,regime_conditional,1.0,clean,transit_smooth,22,7,1,108,120,12,True,True,False,11.0,11
44,steady_r20,regime_conditional,1.0,clean,transit_smooth,23,7,2,60,72,12,False,False,False,,12
44,steady_r20,regime_conditional,1.0,clean,transit_rough,24,8,0,12,24,12,False,False,False,,12
44,steady_r20,regime_conditional,1.0,clean,transit_rough,25,8,1,120,132,12,True,True,False,3.0,3
44,steady_r20,regime_conditional,1.0,clean,transit_rough,26,8,0,72,84,12,False,False,False,,12
44,steady_r20,regime_conditional,1.0,clean,transit_rough,27,9,1,84,96,12,False,False,False,,12
44,steady_r20,regime_conditional,1.0,clean,transit_rough,28,9,1,48,60,12,False,False,False,,12
44,steady_r20,regime_conditional,1.0,clean,transit_rough,29,9,2,120,132,12,False,False,False,,12
44,steady_r20,regime_conditional,1.0,clean,transit_rough,30,10,0,36,48,12,False,False,False,,12
44,steady_r20,regime_conditional,1.0,clean,transit_rough,31,10,0,132,144,12,False,False,False,,12
44,steady_r20,regime_conditional,1.0,clean,transit_rough,32,10,0,0,12,12,False,False,False,,12
44,steady_r20,regime_conditional,1.0,clean,transit_rough,33,11,1,84,96,12,False,False,False,,12
44,steady_r20,regime_conditional,1.0,clean,transit_rough,34,11,1,96,108,12,False,False,False,,12
44,steady_r20,regime_conditional,1.0,clean,transit_rough,35,11,0,156,168,12,True,True,False,0.0,0
44,steady_r20,regime_conditional,1.0,observed,warehouse,0,0,2,60,72,12,True,True,False,0.0,0
44,steady_r20,regime_conditional,1.0,observed,warehouse,1,0,0,120,132,12,True,True,False,10.0,10
44,steady_r20,regime_conditional,1.0,observed,warehouse,2,0,1,144,156,12,True,True,False,0.0,0
44,steady_r20,regime_conditional,1.0,observed,warehouse,3,1,0,60,72,12,True,True,False,0.0,0
44,steady_r20,regime_conditional,1.0,observed,warehouse,4,1,2,36,48,12,True,True,False,2.0,2
44,steady_r20,regime_conditional,1.0,observed,warehouse,5,1,1,96,108,12,True,True,False,0.0,0
44,steady_r20,regime_conditional,1.0,observed,warehouse,6,2,2,12,24,12,True,True,False,8.0,8
44,steady_r20,regime_conditional,1.0,observed,warehouse,7,2,1,84,96,12,True,True,False,0.0,0
44,steady_r20,regime_conditional,1.0,observed,warehouse,8,2,0,168,180,12,True,True,False,0.0,0
44,steady_r20,regime_conditional,1.0,observed,warehouse,9,3,1,24,36,12,True,True,False,0.0,0
44,steady_r20,regime_conditional,1.0,observed,warehouse,10,3,2,144,156,12,True,True,False,4.0,4
44,steady_r20,regime_conditional,1.0,observed,warehouse,11,3,1,60,72,12,True,True,False,0.0,0
44,steady_r20,regime_conditional,1.0,observed,transit_smooth,12,4,2,12,24,12,True,True,False,0.0,0
44,steady_r20,regime_conditional,1.0,observed,transit_smooth,13,4,1,108,120,12,True,True,False,1.0,1
44,steady_r20,regime_conditional,1.0,observed,transit_smooth,14,4,0,60,72,12,True,True,False,8.0,8
44,steady_r20,regime_conditional,1.0,observed,transit_smooth,15,5,0,84,96,12,True,True,False,0.0,0
44,steady_r20,regime_conditional,1.0,observed,transit_smooth,16,5,1,0,12,12,True,True,False,0.0,0
44,steady_r20,regime_conditional,1.0,observed,transit_smooth,17,5,2,48,60,12,True,True,False,5.0,5
44,steady_r20,regime_conditional,1.0,observed,transit_smooth,18,6,2,60,72,12,True,True,False,2.0,2
44,steady_r20,regime_conditional,1.0,observed,transit_smooth,19,6,2,12,24,12,True,True,False,2.0,2
44,steady_r20,regime_conditional,1.0,observed,transit_smooth,20,6,0,132,144,12,True,True,False,2.0,2
44,steady_r20,regime_conditional,1.0,observed,transit_smooth,21,7,1,96,108,12,True,True,False,0.0,0
44,steady_r20,regime_conditional,1.0,observed,transit_smooth,22,7,1,108,120,12,True,True,True,1.0,1
44,steady_r20,regime_conditional,1.0,observed,transit_smooth,23,7,2,60,72,12,True,True,False,0.0,0
44,steady_r20,regime_conditional,1.0,observed,transit_rough,24,8,0,12,24,12,True,True,False,6.0,6
44,steady_r20,regime_conditional,1.0,observed,transit_rough,25,8,1,120,132,12,True,True,False,3.0,3
44,steady_r20,regime_conditional,1.0,observed,transit_rough,26,8,0,72,84,12,True,True,False,0.0,0
44,steady_r20,regime_conditional,1.0,observed,transit_rough,27,9,1,84,96,12,True,True,False,2.0,2
44,steady_r20,regime_conditional,1.0,observed,transit_rough,28,9,1,48,60,12,True,True,False,0.0,0
44,steady_r20,regime_conditional,1.0,observed,transit_rough,29,9,2,120,132,12,True,True,False,1.0,1
44,steady_r20,regime_conditional,1.0,observed,transit_rough,30,10,0,36,48,12,True,True,False,0.0,0
44,steady_r20,regime_conditional,1.0,observed,transit_rough,31,10,0,132,144,12,True,True,False,0.0,0
44,steady_r20,regime_conditional,1.0,observed,transit_rough,32,10,0,0,12,12,True,True,False,1.0,1
44,steady_r20,regime_conditional,1.0,observed,transit_rough,33,11,1,84,96,12,True,True,False,0.0,0
44,steady_r20,regime_conditional,1.0,observed,transit_rough,34,11,1,96,108,12,True,True,True,1.0,1
44,steady_r20,regime_conditional,1.0,observed,transit_rough,35,11,0,156,168,12,True,True,False,0.0,0
44,steady_r20,regime_conditional,0.2,clean,warehouse,0,0,2,60,72,12,True,True,False,10.0,10
44,steady_r20,regime_conditional,0.2,clean,warehouse,1,0,0,120,132,12,True,True,False,8.0,8
44,steady_r20,regime_conditional,0.2,clean,warehouse,2,0,1,144,156,12,False,False,False,,12
44,steady_r20,regime_conditional,0.2,clean,warehouse,3,1,0,60,72,12,False,False,False,,12
44,steady_r20,regime_conditional,0.2,clean,warehouse,4,1,2,36,48,12,False,False,False,,12
44,steady_r20,regime_conditional,0.2,clean,warehouse,5,1,1,96,108,12,False,False,False,,12
44,steady_r20,regime_conditional,0.2,clean,warehouse,6,2,2,12,24,12,True,True,False,7.0,7
44,steady_r20,regime_conditional,0.2,clean,warehouse,7,2,1,84,96,12,False,False,False,,12
44,steady_r20,regime_conditional,0.2,clean,warehouse,8,2,0,168,180,12,False,False,False,,12
44,steady_r20,regime_conditional,0.2,clean,warehouse,9,3,1,24,36,12,False,False,False,,12
44,steady_r20,regime_conditional,0.2,clean,warehouse,10,3,2,144,156,12,False,False,False,,12
44,steady_r20,regime_conditional,0.2,clean,warehouse,11,3,1,60,72,12,False,False,False,,12
44,steady_r20,regime_conditional,0.2,clean,transit_smooth,12,4,2,12,24,12,False,False,False,,12
44,steady_r20,regime_conditional,0.2,clean,transit_smooth,13,4,1,108,120,12,False,False,False,,12
44,steady_r20,regime_conditional,0.2,clean,transit_smooth,14,4,0,60,72,12,False,False,False,,12
44,steady_r20,regime_conditional,0.2,clean,transit_smooth,15,5,0,84,96,12,False,False,False,,12
44,steady_r20,regime_conditional,0.2,clean,transit_smooth,16,5,1,0,12,12,False,False,False,,12
44,steady_r20,regime_conditional,0.2,clean,transit_smooth,17,5,2,48,60,12,False,False,False,,12
44,steady_r20,regime_conditional,0.2,clean,transit_smooth,18,6,2,60,72,12,False,False,False,,12
44,steady_r20,regime_conditional,0.2,clean,transit_smooth,19,6,2,12,24,12,False,False,False,,12
44,steady_r20,regime_conditional,0.2,clean,transit_smooth,20,6,0,132,144,12,False,False,False,,12
44,steady_r20,regime_conditional,0.2,clean,transit_smooth,21,7,1,96,108,12,False,False,False,,12
44,steady_r20,regime_conditional,0.2,clean,transit_smooth,22,7,1,108,120,12,False,False,False,,12
44,steady_r20,regime_conditional,0.2,clean,transit_smooth,23,7,2,60,72,12,False,False,False,,12
44,steady_r20,regime_conditional,0.2,clean,transit_rough,24,8,0,12,24,12,False,False,False,,12
44,steady_r20,regime_conditional,0.2,clean,transit_rough,25,8,1,120,132,12,True,True,False,4.0,4
44,steady_r20,regime_conditional,0.2,clean,transit_rough,26,8,0,72,84,12,False,False,False,,12
44,steady_r20,regime_conditional,0.2,clean,transit_rough,27,9,1,84,96,12,False,False,False,,12
44,steady_r20,regime_conditional,0.2,clean,transit_rough,28,9,1,48,60,12,False,False,False,,12
44,steady_r20,regime_conditional,0.2,clean,transit_rough,29,9,2,120,132,12,False,False,False,,12
44,steady_r20,regime_conditional,0.2,clean,transit_rough,30,10,0,36,48,12,False,False,False,,12
44,steady_r20,regime_conditional,0.2,clean,transit_rough,31,10,0,132,144,12,False,False,False,,12
44,steady_r20,regime_conditional,0.2,clean,transit_rough,32,10,0,0,12,12,False,False,False,,12
44,steady_r20,regime_conditional,0.2,clean,transit_rough,33,11,1,84,96,12,False,False,False,,12
44,steady_r20,regime_conditional,0.2,clean,transit_rough,34,11,1,96,108,12,False,False,False,,12
44,steady_r20,regime_conditional,0.2,clean,transit_rough,35,11,0,156,168,12,True,True,False,7.0,7
44,steady_r20,regime_conditional,0.2,observed,warehouse,0,0,2,60,72,12,True,True,False,1.0,1
44,steady_r20,regime_conditional,0.2,observed,warehouse,1,0,0,120,132,12,True,True,False,11.0,11
44,steady_r20,regime_conditional,0.2,observed,warehouse,2,0,1,144,156,12,True,True,False,0.0,0
44,steady_r20,regime_conditional,0.2,observed,warehouse,3,1,0,60,72,12,True,True,False,5.0,5
44,steady_r20,regime_conditional,0.2,observed,warehouse,4,1,2,36,48,12,True,True,False,3.0,3
44,steady_r20,regime_conditional,0.2,observed,warehouse,5,1,1,96,108,12,True,True,False,2.0,2
44,steady_r20,regime_conditional,0.2,observed,warehouse,6,2,2,12,24,12,True,True,False,8.0,8
44,steady_r20,regime_conditional,0.2,observed,warehouse,7,2,1,84,96,12,True,True,False,1.0,1
44,steady_r20,regime_conditional,0.2,observed,warehouse,8,2,0,168,180,12,True,True,False,2.0,2
44,steady_r20,regime_conditional,0.2,observed,warehouse,9,3,1,24,36,12,True,True,False,0.0,0
44,steady_r20,regime_conditional,0.2,observed,warehouse,10,3,2,144,156,12,True,True,False,2.0,2
44,steady_r20,regime_conditional,0.2,observed,warehouse,11,3,1,60,72,12,True,True,False,2.0,2
44,steady_r20,regime_conditional,0.2,observed,transit_smooth,12,4,2,12,24,12,True,True,False,0.0,0
44,steady_r20,regime_conditional,0.2,observed,transit_smooth,13,4,1,108,120,12,True,True,False,1.0,1
44,steady_r20,regime_conditional,0.2,observed,transit_smooth,14,4,0,60,72,12,True,True,False,4.0,4
44,steady_r20,regime_conditional,0.2,observed,transit_smooth,15,5,0,84,96,12,True,True,False,1.0,1
44,steady_r20,regime_conditional,0.2,observed,transit_smooth,16,5,1,0,12,12,True,True,False,2.0,2
44,steady_r20,regime_conditional,0.2,observed,transit_smooth,17,5,2,48,60,12,True,True,False,2.0,2
44,steady_r20,regime_conditional,0.2,observed,transit_smooth,18,6,2,60,72,12,True,True,False,3.0,3
44,steady_r20,regime_conditional,0.2,observed,transit_smooth,19,6,2,12,24,12,True,True,False,2.0,2
44,steady_r20,regime_conditional,0.2,observed,transit_smooth,20,6,0,132,144,12,True,True,False,2.0,2
44,steady_r20,regime_conditional,0.2,observed,transit_smooth,21,7,1,96,108,12,True,True,False,1.0,1
44,steady_r20,regime_conditional,0.2,observed,transit_smooth,22,7,1,108,120,12,True,True,True,7.0,7
44,steady_r20,regime_conditional,0.2,observed,transit_smooth,23,7,2,60,72,12,True,True,False,1.0,1
44,steady_r20,regime_conditional,0.2,observed,transit_rough,24,8,0,12,24,12,True,True,False,6.0,6
44,steady_r20,regime_conditional,0.2,observed,transit_rough,25,8,1,120,132,12,True,True,False,2.0,2
44,steady_r20,regime_conditional,0.2,observed,transit_rough,26,8,0,72,84,12,True,True,False,2.0,2
44,steady_r20,regime_conditional,0.2,observed,transit_rough,27,9,1,84,96,12,True,True,False,2.0,2
44,steady_r20,regime_conditional,0.2,observed,transit_rough,28,9,1,48,60,12,True,True,False,2.0,2
44,steady_r20,regime_conditional,0.2,observed,transit_rough,29,9,2,120,132,12,True,True,False,1.0,1
44,steady_r20,regime_conditional,0.2,observed,transit_rough,30,10,0,36,48,12,True,True,False,3.0,3
44,steady_r20,regime_conditional,0.2,observed,transit_rough,31,10,0,132,144,12,True,True,False,2.0,2
44,steady_r20,regime_conditional,0.2,observed,transit_rough,32,10,0,0,12,12,True,True,False,3.0,3
44,steady_r20,regime_conditional,0.2,observed,transit_rough,33,11,1,84,96,12,True,True,False,0.0,0
44,steady_r20,regime_conditional,0.2,observed,transit_rough,34,11,1,96,108,12,True,True,True,5.0,5
44,steady_r20,regime_conditional,0.2,observed,transit_rough,35,11,0,156,168,12,True,True,False,0.0,0
44,steady_k2,regime_marginal,1.0,clean,warehouse,0,0,2,60,72,12,False,False,False,,12
44,steady_k2,regime_marginal,1.0,clean,warehouse,0,0,0,60,72,12,False,False,False,,12
44,steady_k2,regime_marginal,1.0,clean,warehouse,1,0,0,120,126,6,False,False,False,,6
44,steady_k2,regime_marginal,1.0,clean,warehouse,1,0,2,120,126,6,False,False,False,,6
44,steady_k2,regime_marginal,1.0,clean,warehouse,2,1,0,60,72,12,False,False,False,,12
44,steady_k2,regime_marginal,1.0,clean,warehouse,2,1,2,60,72,12,False,False,False,,12
44,steady_k2,regime_marginal,1.0,clean,warehouse,3,1,2,36,42,6,False,False,False,,6
44,steady_k2,regime_marginal,1.0,clean,warehouse,3,1,1,36,42,6,False,False,False,,6
44,steady_k2,regime_marginal,1.0,clean,warehouse,4,2,2,12,24,12,False,False,False,,12
44,steady_k2,regime_marginal,1.0,clean,warehouse,4,2,1,12,24,12,False,False,False,,12
44,steady_k2,regime_marginal,1.0,clean,warehouse,5,2,1,84,90,6,False,False,False,,6
44,steady_k2,regime_marginal,1.0,clean,warehouse,5,2,0,84,90,6,False,False,False,,6
44,steady_k2,regime_marginal,1.0,clean,warehouse,6,3,1,24,36,12,False,False,False,,12
44,steady_k2,regime_marginal,1.0,clean,warehouse,6,3,2,24,36,12,False,False,False,,12
44,steady_k2,regime_marginal,1.0,clean,warehouse,7,3,2,144,150,6,False,False,False,,6
44,steady_k2,regime_marginal,1.0,clean,warehouse,7,3,1,144,150,6,False,False,False,,6
44,steady_k2,regime_marginal,1.0,clean,transit_smooth,8,4,2,12,24,12,False,False,False,,12
44,steady_k2,regime_marginal,1.0,clean,transit_smooth,8,4,1,12,24,12,False,False,False,,12
44,steady_k2,regime_marginal,1.0,clean,transit_smooth,9,4,1,108,114,6,False,False,False,,6
44,steady_k2,regime_marginal,1.0,clean,transit_smooth,9,4,0,108,114,6,False,False,False,,6
44,steady_k2,regime_marginal,1.0,clean,transit_smooth,10,5,0,84,96,12,False,False,False,,12
44,steady_k2,regime_marginal,1.0,clean,transit_smooth,10,5,2,84,96,12,False,False,False,,12
44,steady_k2,regime_marginal,1.0,clean,transit_smooth,11,5,1,0,6,6,False,False,False,,6
44,steady_k2,regime_marginal,1.0,clean,transit_smooth,11,5,2,0,6,6,False,False,False,,6
44,steady_k2,regime_marginal,1.0,clean,transit_smooth,12,6,2,60,72,12,False,False,False,,12
44,steady_k2,regime_marginal,1.0,clean,transit_smooth,12,6,0,60,72,12,False,False,False,,12
44,steady_k2,regime_marginal,1.0,clean,transit_smooth,13,6,2,12,18,6,False,False,False,,6
44,steady_k2,regime_marginal,1.0,clean,transit_smooth,13,6,1,12,18,6,False,False,False,,6
44,steady_k2,regime_marginal,1.0,clean,transit_smooth,14,7,1,96,108,12,False,False,False,,12
44,steady_k2,regime_marginal,1.0,clean,transit_smooth,14,7,2,96,108,12,False,False,False,,12
44,steady_k2,regime_marginal,1.0,clean,transit_smooth,15,7,1,108,114,6,False,False,False,,6
44,steady_k2,regime_marginal,1.0,clean,transit_smooth,15,7,2,108,114,6,False,False,False,,6
44,steady_k2,regime_marginal,1.0,clean,transit_rough,16,8,0,12,24,12,False,False,False,,12
44,steady_k2,regime_marginal,1.0,clean,transit_rough,16,8,2,12,24,12,False,False,False,,12
44,steady_k2,regime_marginal,1.0,clean,transit_rough,17,8,1,120,126,6,True,True,False,3.0,3
44,steady_k2,regime_marginal,1.0,clean,transit_rough,17,8,0,120,126,6,False,False,False,,6
44,steady_k2,regime_marginal,1.0,clean,transit_rough,18,9,1,84,96,12,False,False,False,,12
44,steady_k2,regime_marginal,1.0,clean,transit_rough,18,9,0,84,96,12,False,False,False,,12
44,steady_k2,regime_marginal,1.0,clean,transit_rough,19,9,1,48,54,6,False,False,False,,6
44,steady_k2,regime_marginal,1.0,clean,transit_rough,19,9,2,48,54,6,False,False,False,,6
44,steady_k2,regime_marginal,1.0,clean,transit_rough,20,10,0,36,48,12,False,False,False,,12
44,steady_k2,regime_marginal,1.0,clean,transit_rough,20,10,2,36,48,12,False,False,False,,12
44,steady_k2,regime_marginal,1.0,clean,transit_rough,21,10,0,132,138,6,False,False,False,,6
44,steady_k2,regime_marginal,1.0,clean,transit_rough,21,10,2,132,138,6,False,False,False,,6
44,steady_k2,regime_marginal,1.0,clean,transit_rough,22,11,1,84,96,12,False,False,False,,12
44,steady_k2,regime_marginal,1.0,clean,transit_rough,22,11,0,84,96,12,False,False,False,,12
44,steady_k2,regime_marginal,1.0,clean,transit_rough,23,11,1,96,102,6,False,False,False,,6
44,steady_k2,regime_marginal,1.0,clean,transit_rough,23,11,0,96,102,6,False,False,False,,6
44,steady_k2,regime_marginal,1.0,observed,warehouse,0,0,2,60,72,12,False,False,False,,12
44,steady_k2,regime_marginal,1.0,observed,warehouse,0,0,0,60,72,12,True,True,False,1.0,1
44,steady_k2,regime_marginal,1.0,observed,warehouse,1,0,0,120,126,6,False,False,False,,6
44,steady_k2,regime_marginal,1.0,observed,warehouse,1,0,2,120,126,6,False,False,False,,6
44,steady_k2,regime_marginal,1.0,observed,warehouse,2,1,0,60,72,12,False,False,False,,12
44,steady_k2,regime_marginal,1.0,observed,warehouse,2,1,2,60,72,12,True,True,False,1.0,1
44,steady_k2,regime_marginal,1.0,observed,warehouse,3,1,2,36,42,6,True,True,False,2.0,2
44,steady_k2,regime_marginal,1.0,observed,warehouse,3,1,1,36,42,6,True,True,False,0.0,0
44,steady_k2,regime_marginal,1.0,observed,warehouse,4,2,2,12,24,12,True,True,False,8.0,8
44,steady_k2,regime_marginal,1.0,observed,warehouse,4,2,1,12,24,12,True,True,False,5.0,5
44,steady_k2,regime_marginal,1.0,observed,warehouse,5,2,1,84,90,6,False,False,False,,6
44,steady_k2,regime_marginal,1.0,observed,warehouse,5,2,0,84,90,6,True,True,False,0.0,0
44,steady_k2,regime_marginal,1.0,observed,warehouse,6,3,1,24,36,12,True,True,False,0.0,0
44,steady_k2,regime_marginal,1.0,observed,warehouse,6,3,2,24,36,12,True,True,False,7.0,7
44,steady_k2,regime_marginal,1.0,observed,warehouse,7,3,2,144,150,6,True,True,False,5.0,5
44,steady_k2,regime_marginal,1.0,observed,warehouse,7,3,1,144,150,6,True,True,False,2.0,2
44,steady_k2,regime_marginal,1.0,observed,transit_smooth,8,4,2,12,24,12,True,True,False,0.0,0
44,steady_k2,regime_marginal,1.0,observed,transit_smooth,8,4,1,12,24,12,True,True,False,2.0,2
44,steady_k2,regime_marginal,1.0,observed,transit_smooth,9,4,1,108,114,6,False,False,False,,6
44,steady_k2,regime_marginal,1.0,observed,transit_smooth,9,4,0,108,114,6,True,True,False,2.0,2
44,steady_k2,regime_marginal,1.0,observed,transit_smooth,10,5,0,84,96,12,True,True,False,0.0,0
44,steady_k2,regime_marginal,1.0,observed,transit_smooth,10,5,2,84,96,12,True,True,False,10.0,10
44,steady_k2,regime_marginal,1.0,observed,transit_smooth,11,5,1,0,6,6,False,False,False,,6
44,steady_k2,regime_marginal,1.0,observed,transit_smooth,11,5,2,0,6,6,False,False,False,,6
44,steady_k2,regime_marginal,1.0,observed,transit_smooth,12,6,2,60,72,12,True,True,False,8.0,8
44,steady_k2,regime_marginal,1.0,observed,transit_smooth,12,6,0,60,72,12,True,True,False,1.0,1
44,steady_k2,regime_marginal,1.0,observed,transit_smooth,13,6,2,12,18,6,True,True,False,2.0,2
44,steady_k2,regime_marginal,1.0,observed,transit_smooth,13,6,1,12,18,6,True,True,False,1.0,1
44,steady_k2,regime_marginal,1.0,observed,transit_smooth,14,7,1,96,108,12,True,True,False,0.0,0
44,steady_k2,regime_marginal,1.0,observed,transit_smooth,14,7,2,96,108,12,False,False,False,,12
44,steady_k2,regime_marginal,1.0,observed,transit_smooth,15,7,1,108,114,6,True,True,False,1.0,1
44,steady_k2,regime_marginal,1.0,observed,transit_smooth,15,7,2,108,114,6,True,True,False,4.0,4
44,steady_k2,regime_marginal,1.0,observed,transit_rough,16,8,0,12,24,12,True,True,False,6.0,6
44,steady_k2,regime_marginal,1.0,observed,transit_rough,16,8,2,12,24,12,True,True,False,1.0,1
44,steady_k2,regime_marginal,1.0,observed,transit_rough,17,8,1,120,126,6,True,True,False,3.0,3
44,steady_k2,regime_marginal,1.0,observed,transit_rough,17,8,0,120,126,6,True,True,False,1.0,1
44,steady_k2,regime_marginal,1.0,observed,transit_rough,18,9,1,84,96,12,True,True,False,11.0,11
44,steady_k2,regime_marginal,1.0,observed,transit_rough,18,9,0,84,96,12,True,True,False,0.0,0
44,steady_k2,regime_marginal,1.0,observed,transit_rough,19,9,1,48,54,6,True,True,False,5.0,5
44,steady_k2,regime_marginal,1.0,observed,transit_rough,19,9,2,48,54,6,True,True,False,2.0,2
44,steady_k2,regime_marginal,1.0,observed,transit_rough,20,10,0,36,48,12,True,True,False,4.0,4
44,steady_k2,regime_marginal,1.0,observed,transit_rough,20,10,2,36,48,12,True,True,False,0.0,0
44,steady_k2,regime_marginal,1.0,observed,transit_rough,21,10,0,132,138,6,True,True,False,4.0,4
44,steady_k2,regime_marginal,1.0,observed,transit_rough,21,10,2,132,138,6,True,True,False,3.0,3
44,steady_k2,regime_marginal,1.0,observed,transit_rough,22,11,1,84,96,12,True,True,False,1.0,1
44,steady_k2,regime_marginal,1.0,observed,transit_rough,22,11,0,84,96,12,True,True,False,7.0,7
44,steady_k2,regime_marginal,1.0,observed,transit_rough,23,11,1,96,102,6,False,False,True,,6
44,steady_k2,regime_marginal,1.0,observed,transit_rough,23,11,0,96,102,6,True,True,False,0.0,0
44,steady_k2,regime_marginal,0.2,clean,warehouse,0,0,2,60,72,12,False,False,False,,12
44,steady_k2,regime_marginal,0.2,clean,warehouse,0,0,0,60,72,12,False,False,False,,12
44,steady_k2,regime_marginal,0.2,clean,warehouse,1,0,0,120,126,6,False,False,False,,6
44,steady_k2,regime_marginal,0.2,clean,warehouse,1,0,2,120,126,6,False,False,False,,6
44,steady_k2,regime_marginal,0.2,clean,warehouse,2,1,0,60,72,12,False,False,False,,12
44,steady_k2,regime_marginal,0.2,clean,warehouse,2,1,2,60,72,12,True,True,False,7.0,7
44,steady_k2,regime_marginal,0.2,clean,warehouse,3,1,2,36,42,6,False,False,False,,6
44,steady_k2,regime_marginal,0.2,clean,warehouse,3,1,1,36,42,6,False,False,False,,6
44,steady_k2,regime_marginal,0.2,clean,warehouse,4,2,2,12,24,12,False,False,False,,12
44,steady_k2,regime_marginal,0.2,clean,warehouse,4,2,1,12,24,12,False,False,False,,12
44,steady_k2,regime_marginal,0.2,clean,warehouse,5,2,1,84,90,6,False,False,False,,6
44,steady_k2,regime_marginal,0.2,clean,warehouse,5,2,0,84,90,6,False,False,False,,6
44,steady_k2,regime_marginal,0.2,clean,warehouse,6,3,1,24,36,12,False,False,False,,12
44,steady_k2,regime_marginal,0.2,clean,warehouse,6,3,2,24,36,12,False,False,False,,12
44,steady_k2,regime_marginal,0.2,clean,warehouse,7,3,2,144,150,6,False,False,False,,6
44,steady_k2,regime_marginal,0.2,clean,warehouse,7,3,1,144,150,6,False,False,False,,6
44,steady_k2,regime_marginal,0.2,clean,transit_smooth,8,4,2,12,24,12,False,False,False,,12
44,steady_k2,regime_marginal,0.2,clean,transit_smooth,8,4,1,12,24,12,False,False,False,,12
44,steady_k2,regime_marginal,0.2,clean,transit_smooth,9,4,1,108,114,6,False,False,False,,6
44,steady_k2,regime_marginal,0.2,clean,transit_smooth,9,4,0,108,114,6,False,False,False,,6
44,steady_k2,regime_marginal,0.2,clean,transit_smooth,10,5,0,84,96,12,False,False,False,,12
44,steady_k2,regime_marginal,0.2,clean,transit_smooth,10,5,2,84,96,12,False,False,False,,12
44,steady_k2,regime_marginal,0.2,clean,transit_smooth,11,5,1,0,6,6,False,False,False,,6
44,steady_k2,regime_marginal,0.2,clean,transit_smooth,11,5,2,0,6,6,False,False,False,,6
44,steady_k2,regime_marginal,0.2,clean,transit_smooth,12,6,2,60,72,12,False,False,False,,12
44,steady_k2,regime_marginal,0.2,clean,transit_smooth,12,6,0,60,72,12,False,False,False,,12
44,steady_k2,regime_marginal,0.2,clean,transit_smooth,13,6,2,12,18,6,False,False,False,,6
44,steady_k2,regime_marginal,0.2,clean,transit_smooth,13,6,1,12,18,6,False,False,False,,6
44,steady_k2,regime_marginal,0.2,clean,transit_smooth,14,7,1,96,108,12,False,False,False,,12
44,steady_k2,regime_marginal,0.2,clean,transit_smooth,14,7,2,96,108,12,False,False,False,,12
44,steady_k2,regime_marginal,0.2,clean,transit_smooth,15,7,1,108,114,6,False,False,False,,6
44,steady_k2,regime_marginal,0.2,clean,transit_smooth,15,7,2,108,114,6,False,False,False,,6
44,steady_k2,regime_marginal,0.2,clean,transit_rough,16,8,0,12,24,12,False,False,False,,12
44,steady_k2,regime_marginal,0.2,clean,transit_rough,16,8,2,12,24,12,False,False,False,,12
44,steady_k2,regime_marginal,0.2,clean,transit_rough,17,8,1,120,126,6,False,False,False,,6
44,steady_k2,regime_marginal,0.2,clean,transit_rough,17,8,0,120,126,6,False,False,False,,6
44,steady_k2,regime_marginal,0.2,clean,transit_rough,18,9,1,84,96,12,False,False,False,,12
44,steady_k2,regime_marginal,0.2,clean,transit_rough,18,9,0,84,96,12,False,False,False,,12
44,steady_k2,regime_marginal,0.2,clean,transit_rough,19,9,1,48,54,6,False,False,False,,6
44,steady_k2,regime_marginal,0.2,clean,transit_rough,19,9,2,48,54,6,False,False,False,,6
44,steady_k2,regime_marginal,0.2,clean,transit_rough,20,10,0,36,48,12,False,False,False,,12
44,steady_k2,regime_marginal,0.2,clean,transit_rough,20,10,2,36,48,12,False,False,False,,12
44,steady_k2,regime_marginal,0.2,clean,transit_rough,21,10,0,132,138,6,False,False,False,,6
44,steady_k2,regime_marginal,0.2,clean,transit_rough,21,10,2,132,138,6,False,False,False,,6
44,steady_k2,regime_marginal,0.2,clean,transit_rough,22,11,1,84,96,12,False,False,False,,12
44,steady_k2,regime_marginal,0.2,clean,transit_rough,22,11,0,84,96,12,False,False,False,,12
44,steady_k2,regime_marginal,0.2,clean,transit_rough,23,11,1,96,102,6,False,False,False,,6
44,steady_k2,regime_marginal,0.2,clean,transit_rough,23,11,0,96,102,6,False,False,False,,6
44,steady_k2,regime_marginal,0.2,observed,warehouse,0,0,2,60,72,12,True,True,False,1.0,1
44,steady_k2,regime_marginal,0.2,observed,warehouse,0,0,0,60,72,12,True,True,False,1.0,1
44,steady_k2,regime_marginal,0.2,observed,warehouse,1,0,0,120,126,6,False,False,False,,6
44,steady_k2,regime_marginal,0.2,observed,warehouse,1,0,2,120,126,6,False,False,False,,6
44,steady_k2,regime_marginal,0.2,observed,warehouse,2,1,0,60,72,12,False,False,False,,12
44,steady_k2,regime_marginal,0.2,observed,warehouse,2,1,2,60,72,12,True,True,False,2.0,2
44,steady_k2,regime_marginal,0.2,observed,warehouse,3,1,2,36,42,6,True,True,False,3.0,3
44,steady_k2,regime_marginal,0.2,observed,warehouse,3,1,1,36,42,6,True,True,False,3.0,3
44,steady_k2,regime_marginal,0.2,observed,warehouse,4,2,2,12,24,12,True,True,False,9.0,9
44,steady_k2,regime_marginal,0.2,observed,warehouse,4,2,1,12,24,12,True,True,False,5.0,5
44,steady_k2,regime_marginal,0.2,observed,warehouse,5,2,1,84,90,6,False,False,False,,6
44,steady_k2,regime_marginal,0.2,observed,warehouse,5,2,0,84,90,6,True,True,False,2.0,2
44,steady_k2,regime_marginal,0.2,observed,warehouse,6,3,1,24,36,12,True,True,False,1.0,1
44,steady_k2,regime_marginal,0.2,observed,warehouse,6,3,2,24,36,12,True,True,False,6.0,6
44,steady_k2,regime_marginal,0.2,observed,warehouse,7,3,2,144,150,6,True,True,False,5.0,5
44,steady_k2,regime_marginal,0.2,observed,warehouse,7,3,1,144,150,6,True,True,False,4.0,4
44,steady_k2,regime_marginal,0.2,observed,transit_smooth,8,4,2,12,24,12,True,True,False,3.0,3
44,steady_k2,regime_marginal,0.2,observed,transit_smooth,8,4,1,12,24,12,True,True,False,7.0,7
44,steady_k2,regime_marginal,0.2,observed,transit_smooth,9,4,1,108,114,6,False,False,False,,6
44,steady_k2,regime_marginal,0.2,observed,transit_smooth,9,4,0,108,114,6,True,True,False,4.0,4
44,steady_k2,regime_marginal,0.2,observed,transit_smooth,10,5,0,84,96,12,False,False,False,,12
44,steady_k2,regime_marginal,0.2,observed,transit_smooth,10,5,2,84,96,12,True,True,False,10.0,10
44,steady_k2,regime_marginal,0.2,observed,transit_smooth,11,5,1,0,6,6,False,False,False,,6
44,steady_k2,regime_marginal,0.2,observed,transit_smooth,11,5,2,0,6,6,False,False,False,,6
44,steady_k2,regime_marginal,0.2,observed,transit_smooth,12,6,2,60,72,12,True,True,False,11.0,11
44,steady_k2,regime_marginal,0.2,observed,transit_smooth,12,6,0,60,72,12,True,True,False,3.0,3
44,steady_k2,regime_marginal,0.2,observed,transit_smooth,13,6,2,12,18,6,True,True,False,5.0,5
44,steady_k2,regime_marginal,0.2,observed,transit_smooth,13,6,1,12,18,6,False,False,False,,6
44,steady_k2,regime_marginal,0.2,observed,transit_smooth,14,7,1,96,108,12,True,True,False,4.0,4
44,steady_k2,regime_marginal,0.2,observed,transit_smooth,14,7,2,96,108,12,False,False,False,,12
44,steady_k2,regime_marginal,0.2,observed,transit_smooth,15,7,1,108,114,6,False,False,True,,6
44,steady_k2,regime_marginal,0.2,observed,transit_smooth,15,7,2,108,114,6,False,False,False,,6
44,steady_k2,regime_marginal,0.2,observed,transit_rough,16,8,0,12,24,12,True,True,False,10.0,10
44,steady_k2,regime_marginal,0.2,observed,transit_rough,16,8,2,12,24,12,True,True,False,4.0,4
44,steady_k2,regime_marginal,0.2,observed,transit_rough,17,8,1,120,126,6,True,True,False,3.0,3
44,steady_k2,regime_marginal,0.2,observed,transit_rough,17,8,0,120,126,6,True,True,False,5.0,5
44,steady_k2,regime_marginal,0.2,observed,transit_rough,18,9,1,84,96,12,True,True,False,11.0,11
44,steady_k2,regime_marginal,0.2,observed,transit_rough,18,9,0,84,96,12,True,True,False,3.0,3
44,steady_k2,regime_marginal,0.2,observed,transit_rough,19,9,1,48,54,6,True,True,False,5.0,5
44,steady_k2,regime_marginal,0.2,observed,transit_rough,19,9,2,48,54,6,True,True,False,3.0,3
44,steady_k2,regime_marginal,0.2,observed,transit_rough,20,10,0,36,48,12,True,True,False,5.0,5
44,steady_k2,regime_marginal,0.2,observed,transit_rough,20,10,2,36,48,12,True,True,False,3.0,3
44,steady_k2,regime_marginal,0.2,observed,transit_rough,21,10,0,132,138,6,True,True,False,5.0,5
44,steady_k2,regime_marginal,0.2,observed,transit_rough,21,10,2,132,138,6,True,True,False,5.0,5
44,steady_k2,regime_marginal,0.2,observed,transit_rough,22,11,1,84,96,12,True,True,False,1.0,1
44,steady_k2,regime_marginal,0.2,observed,transit_rough,22,11,0,84,96,12,True,True,False,7.0,7
44,steady_k2,regime_marginal,0.2,observed,transit_rough,23,11,1,96,102,6,True,False,True,,6
44,steady_k2,regime_marginal,0.2,observed,transit_rough,23,11,0,96,102,6,True,True,True,4.0,4
44,steady_k2,regime_conditional,1.0,clean,warehouse,0,0,2,60,72,12,False,False,False,,12
44,steady_k2,regime_conditional,1.0,clean,warehouse,0,0,0,60,72,12,False,False,False,,12
44,steady_k2,regime_conditional,1.0,clean,warehouse,1,0,0,120,126,6,False,False,False,,6
44,steady_k2,regime_conditional,1.0,clean,warehouse,1,0,2,120,126,6,False,False,False,,6
44,steady_k2,regime_conditional,1.0,clean,warehouse,2,1,0,60,72,12,False,False,False,,12
44,steady_k2,regime_conditional,1.0,clean,warehouse,2,1,2,60,72,12,False,False,False,,12
44,steady_k2,regime_conditional,1.0,clean,warehouse,3,1,2,36,42,6,False,False,False,,6
44,steady_k2,regime_conditional,1.0,clean,warehouse,3,1,1,36,42,6,False,False,False,,6
44,steady_k2,regime_conditional,1.0,clean,warehouse,4,2,2,12,24,12,False,False,False,,12
44,steady_k2,regime_conditional,1.0,clean,warehouse,4,2,1,12,24,12,False,False,False,,12
44,steady_k2,regime_conditional,1.0,clean,warehouse,5,2,1,84,90,6,False,False,False,,6
44,steady_k2,regime_conditional,1.0,clean,warehouse,5,2,0,84,90,6,True,True,False,4.0,4
44,steady_k2,regime_conditional,1.0,clean,warehouse,6,3,1,24,36,12,False,False,False,,12
44,steady_k2,regime_conditional,1.0,clean,warehouse,6,3,2,24,36,12,False,False,False,,12
44,steady_k2,regime_conditional,1.0,clean,warehouse,7,3,2,144,150,6,False,False,False,,6
44,steady_k2,regime_conditional,1.0,clean,warehouse,7,3,1,144,150,6,False,False,False,,6
44,steady_k2,regime_conditional,1.0,clean,transit_smooth,8,4,2,12,24,12,False,False,False,,12
44,steady_k2,regime_conditional,1.0,clean,transit_smooth,8,4,1,12,24,12,False,False,False,,12
44,steady_k2,regime_conditional,1.0,clean,transit_smooth,9,4,1,108,114,6,False,False,False,,6
44,steady_k2,regime_conditional,1.0,clean,transit_smooth,9,4,0,108,114,6,False,False,False,,6
44,steady_k2,regime_conditional,1.0,clean,transit_smooth,10,5,0,84,96,12,False,False,False,,12
44,steady_k2,regime_conditional,1.0,clean,transit_smooth,10,5,2,84,96,12,False,False,False,,12
44,steady_k2,regime_conditional,1.0,clean,transit_smooth,11,5,1,0,6,6,False,False,False,,6
44,steady_k2,regime_conditional,1.0,clean,transit_smooth,11,5,2,0,6,6,False,False,False,,6
44,steady_k2,regime_conditional,1.0,clean,transit_smooth,12,6,2,60,72,12,False,False,False,,12
44,steady_k2,regime_conditional,1.0,clean,transit_smooth,12,6,0,60,72,12,False,False,False,,12
44,steady_k2,regime_conditional,1.0,clean,transit_smooth,13,6,2,12,18,6,False,False,False,,6
44,steady_k2,regime_conditional,1.0,clean,transit_smooth,13,6,1,12,18,6,False,False,False,,6
44,steady_k2,regime_conditional,1.0,clean,transit_smooth,14,7,1,96,108,12,False,False,False,,12
44,steady_k2,regime_conditional,1.0,clean,transit_smooth,14,7,2,96,108,12,False,False,False,,12
44,steady_k2,regime_conditional,1.0,clean,transit_smooth,15,7,1,108,114,6,False,False,False,,6
44,steady_k2,regime_conditional,1.0,clean,transit_smooth,15,7,2,108,114,6,False,False,False,,6
44,steady_k2,regime_conditional,1.0,clean,transit_rough,16,8,0,12,24,12,False,False,False,,12
44,steady_k2,regime_conditional,1.0,clean,transit_rough,16,8,2,12,24,12,True,True,False,5.0,5
44,steady_k2,regime_conditional,1.0,clean,transit_rough,17,8,1,120,126,6,True,True,False,3.0,3
44,steady_k2,regime_conditional,1.0,clean,transit_rough,17,8,0,120,126,6,True,True,False,3.0,3
44,steady_k2,regime_conditional,1.0,clean,transit_rough,18,9,1,84,96,12,False,False,False,,12
44,steady_k2,regime_conditional,1.0,clean,transit_rough,18,9,0,84,96,12,False,False,False,,12
44,steady_k2,regime_conditional,1.0,clean,transit_rough,19,9,1,48,54,6,False,False,False,,6
44,steady_k2,regime_conditional,1.0,clean,transit_rough,19,9,2,48,54,6,True,True,False,4.0,4
44,steady_k2,regime_conditional,1.0,clean,transit_rough,20,10,0,36,48,12,False,False,False,,12
44,steady_k2,regime_conditional,1.0,clean,transit_rough,20,10,2,36,48,12,False,False,False,,12
44,steady_k2,regime_conditional,1.0,clean,transit_rough,21,10,0,132,138,6,False,False,False,,6
44,steady_k2,regime_conditional,1.0,clean,transit_rough,21,10,2,132,138,6,False,False,False,,6
44,steady_k2,regime_conditional,1.0,clean,transit_rough,22,11,1,84,96,12,False,False,False,,12
44,steady_k2,regime_conditional,1.0,clean,transit_rough,22,11,0,84,96,12,False,False,False,,12
44,steady_k2,regime_conditional,1.0,clean,transit_rough,23,11,1,96,102,6,False,False,False,,6
44,steady_k2,regime_conditional,1.0,clean,transit_rough,23,11,0,96,102,6,False,False,False,,6
44,steady_k2,regime_conditional,1.0,observed,warehouse,0,0,2,60,72,12,False,False,False,,12
44,steady_k2,regime_conditional,1.0,observed,warehouse,0,0,0,60,72,12,True,True,False,1.0,1
44,steady_k2,regime_conditional,1.0,observed,warehouse,1,0,0,120,126,6,False,False,False,,6
44,steady_k2,regime_conditional,1.0,observed,warehouse,1,0,2,120,126,6,False,False,False,,6
44,steady_k2,regime_conditional,1.0,observed,warehouse,2,1,0,60,72,12,True,True,False,0.0,0
44,steady_k2,regime_conditional,1.0,observed,warehouse,2,1,2,60,72,12,True,True,False,0.0,0
44,steady_k2,regime_conditional,1.0,observed,warehouse,3,1,2,36,42,6,True,True,False,2.0,2
44,steady_k2,regime_conditional,1.0,observed,warehouse,3,1,1,36,42,6,True,True,False,0.0,0
44,steady_k2,regime_conditional,1.0,observed,warehouse,4,2,2,12,24,12,True,True,False,8.0,8
44,steady_k2,regime_conditional,1.0,observed,warehouse,4,2,1,12,24,12,True,True,False,0.0,0
44,steady_k2,regime_conditional,1.0,observed,warehouse,5,2,1,84,90,6,True,True,False,0.0,0
44,steady_k2,regime_conditional,1.0,observed,warehouse,5,2,0,84,90,6,True,True,False,0.0,0
44,steady_k2,regime_conditional,1.0,observed,warehouse,6,3,1,24,36,12,True,True,False,0.0,0
44,steady_k2,regime_conditional,1.0,observed,warehouse,6,3,2,24,36,12,True,True,False,0.0,0
44,steady_k2,regime_conditional,1.0,observed,warehouse,7,3,2,144,150,6,True,True,False,5.0,5
44,steady_k2,regime_conditional,1.0,observed,warehouse,7,3,1,144,150,6,True,True,False,2.0,2
44,steady_k2,regime_conditional,1.0,observed,transit_smooth,8,4,2,12,24,12,True,True,False,0.0,0
44,steady_k2,regime_conditional,1.0,observed,transit_smooth,8,4,1,12,24,12,True,True,False,0.0,0
44,steady_k2,regime_conditional,1.0,observed,transit_smooth,9,4,1,108,114,6,True,True,False,1.0,1
44,steady_k2,regime_conditional,1.0,observed,transit_smooth,9,4,0,108,114,6,True,True,False,0.0,0
44,steady_k2,regime_conditional,1.0,observed,transit_smooth,10,5,0,84,96,12,True,True,False,0.0,0
44,steady_k2,regime_conditional,1.0,observed,transit_smooth,10,5,2,84,96,12,True,True,False,10.0,10
44,steady_k2,regime_conditional,1.0,observed,transit_smooth,11,5,1,0,6,6,True,True,False,0.0,0
44,steady_k2,regime_conditional,1.0,observed,transit_smooth,11,5,2,0,6,6,False,False,False,,6
44,steady_k2,regime_conditional,1.0,observed,transit_smooth,12,6,2,60,72,12,True,True,False,0.0,0
44,steady_k2,regime_conditional,1.0,observed,transit_smooth,12,6,0,60,72,12,True,True,False,0.0,0
44,steady_k2,regime_conditional,1.0,observed,transit_smooth,13,6,2,12,18,6,True,True,False,2.0,2
44,steady_k2,regime_conditional,1.0,observed,transit_smooth,13,6,1,12,18,6,True,True,False,1.0,1
44,steady_k2,regime_conditional,1.0,observed,transit_smooth,14,7,1,96,108,12,True,True,False,0.0,0
44,steady_k2,regime_conditional,1.0,observed,transit_smooth,14,7,2,96,108,12,False,False,False,,12
44,steady_k2,regime_conditional,1.0,observed,transit_smooth,15,7,1,108,114,6,True,True,False,1.0,1
44,steady_k2,regime_conditional,1.0,observed,transit_smooth,15,7,2,108,114,6,True,True,False,4.0,4
44,steady_k2,regime_conditional,1.0,observed,transit_rough,16,8,0,12,24,12,True,True,False,1.0,1
44,steady_k2,regime_conditional,1.0,observed,transit_rough,16,8,2,12,24,12,True,True,False,1.0,1
44,steady_k2,regime_conditional,1.0,observed,transit_rough,17,8,1,120,126,6,True,True,False,0.0,0
44,steady_k2,regime_conditional,1.0,observed,transit_rough,17,8,0,120,126,6,True,True,False,0.0,0
44,steady_k2,regime_conditional,1.0,observed,transit_rough,18,9,1,84,96,12,True,True,False,1.0,1
44,steady_k2,regime_conditional,1.0,observed,transit_rough,18,9,0,84,96,12,True,True,False,0.0,0
44,steady_k2,regime_conditional,1.0,observed,transit_rough,19,9,1,48,54,6,True,True,False,0.0,0
44,steady_k2,regime_conditional,1.0,observed,transit_rough,19,9,2,48,54,6,True,True,False,2.0,2
44,steady_k2,regime_conditional,1.0,observed,transit_rough,20,10,0,36,48,12,True,True,False,0.0,0
44,steady_k2,regime_conditional,1.0,observed,transit_rough,20,10,2,36,48,12,True,True,False,0.0,0
44,steady_k2,regime_conditional,1.0,observed,transit_rough,21,10,0,132,138,6,False,False,False,,6
44,steady_k2,regime_conditional,1.0,observed,transit_rough,21,10,2,132,138,6,False,False,False,,6
44,steady_k2,regime_conditional,1.0,observed,transit_rough,22,11,1,84,96,12,True,True,False,0.0,0
44,steady_k2,regime_conditional,1.0,observed,transit_rough,22,11,0,84,96,12,True,True,False,0.0,0
44,steady_k2,regime_conditional,1.0,observed,transit_rough,23,11,1,96,102,6,True,True,True,1.0,1
44,steady_k2,regime_conditional,1.0,observed,transit_rough,23,11,0,96,102,6,True,False,True,,6
44,steady_k2,regime_conditional,0.2,clean,warehouse,0,0,2,60,72,12,True,True,False,10.0,10
44,steady_k2,regime_conditional,0.2,clean,warehouse,0,0,0,60,72,12,False,False,False,,12
44,steady_k2,regime_conditional,0.2,clean,warehouse,1,0,0,120,126,6,False,False,False,,6
44,steady_k2,regime_conditional,0.2,clean,warehouse,1,0,2,120,126,6,False,False,False,,6
44,steady_k2,regime_conditional,0.2,clean,warehouse,2,1,0,60,72,12,False,False,False,,12
44,steady_k2,regime_conditional,0.2,clean,warehouse,2,1,2,60,72,12,True,True,False,4.0,4
44,steady_k2,regime_conditional,0.2,clean,warehouse,3,1,2,36,42,6,False,False,False,,6
44,steady_k2,regime_conditional,0.2,clean,warehouse,3,1,1,36,42,6,False,False,False,,6
44,steady_k2,regime_conditional,0.2,clean,warehouse,4,2,2,12,24,12,True,True,False,7.0,7
44,steady_k2,regime_conditional,0.2,clean,warehouse,4,2,1,12,24,12,False,False,False,,12
44,steady_k2,regime_conditional,0.2,clean,warehouse,5,2,1,84,90,6,False,False,False,,6
44,steady_k2,regime_conditional,0.2,clean,warehouse,5,2,0,84,90,6,False,False,False,,6
44,steady_k2,regime_conditional,0.2,clean,warehouse,6,3,1,24,36,12,False,False,False,,12
44,steady_k2,regime_conditional,0.2,clean,warehouse,6,3,2,24,36,12,False,False,False,,12
44,steady_k2,regime_conditional,0.2,clean,warehouse,7,3,2,144,150,6,False,False,False,,6
44,steady_k2,regime_conditional,0.2,clean,warehouse,7,3,1,144,150,6,False,False,False,,6
44,steady_k2,regime_conditional,0.2,clean,transit_smooth,8,4,2,12,24,12,False,False,False,,12
44,steady_k2,regime_conditional,0.2,clean,transit_smooth,8,4,1,12,24,12,False,False,False,,12
44,steady_k2,regime_conditional,0.2,clean,transit_smooth,9,4,1,108,114,6,False,False,False,,6
44,steady_k2,regime_conditional,0.2,clean,transit_smooth,9,4,0,108,114,6,False,False,False,,6
44,steady_k2,regime_conditional,0.2,clean,transit_smooth,10,5,0,84,96,12,False,False,False,,12
44,steady_k2,regime_conditional,0.2,clean,transit_smooth,10,5,2,84,96,12,False,False,False,,12
44,steady_k2,regime_conditional,0.2,clean,transit_smooth,11,5,1,0,6,6,False,False,False,,6
44,steady_k2,regime_conditional,0.2,clean,transit_smooth,11,5,2,0,6,6,False,False,False,,6
44,steady_k2,regime_conditional,0.2,clean,transit_smooth,12,6,2,60,72,12,False,False,False,,12
44,steady_k2,regime_conditional,0.2,clean,transit_smooth,12,6,0,60,72,12,False,False,False,,12
44,steady_k2,regime_conditional,0.2,clean,transit_smooth,13,6,2,12,18,6,False,False,False,,6
44,steady_k2,regime_conditional,0.2,clean,transit_smooth,13,6,1,12,18,6,False,False,False,,6
44,steady_k2,regime_conditional,0.2,clean,transit_smooth,14,7,1,96,108,12,False,False,False,,12
44,steady_k2,regime_conditional,0.2,clean,transit_smooth,14,7,2,96,108,12,True,True,False,2.0,2
44,steady_k2,regime_conditional,0.2,clean,transit_smooth,15,7,1,108,114,6,False,False,False,,6
44,steady_k2,regime_conditional,0.2,clean,transit_smooth,15,7,2,108,114,6,False,False,False,,6
44,steady_k2,regime_conditional,0.2,clean,transit_rough,16,8,0,12,24,12,False,False,False,,12
44,steady_k2,regime_conditional,0.2,clean,transit_rough,16,8,2,12,24,12,False,False,False,,12
44,steady_k2,regime_conditional,0.2,clean,transit_rough,17,8,1,120,126,6,True,True,False,4.0,4
44,steady_k2,regime_conditional,0.2,clean,transit_rough,17,8,0,120,126,6,False,False,False,,6
44,steady_k2,regime_conditional,0.2,clean,transit_rough,18,9,1,84,96,12,False,False,False,,12
44,steady_k2,regime_conditional,0.2,clean,transit_rough,18,9,0,84,96,12,False,False,False,,12
44,steady_k2,regime_conditional,0.2,clean,transit_rough,19,9,1,48,54,6,False,False,False,,6
44,steady_k2,regime_conditional,0.2,clean,transit_rough,19,9,2,48,54,6,False,False,False,,6
44,steady_k2,regime_conditional,0.2,clean,transit_rough,20,10,0,36,48,12,False,False,False,,12
44,steady_k2,regime_conditional,0.2,clean,transit_rough,20,10,2,36,48,12,False,False,False,,12
44,steady_k2,regime_conditional,0.2,clean,transit_rough,21,10,0,132,138,6,False,False,False,,6
44,steady_k2,regime_conditional,0.2,clean,transit_rough,21,10,2,132,138,6,False,False,False,,6
44,steady_k2,regime_conditional,0.2,clean,transit_rough,22,11,1,84,96,12,False,False,False,,12
44,steady_k2,regime_conditional,0.2,clean,transit_rough,22,11,0,84,96,12,False,False,False,,12
44,steady_k2,regime_conditional,0.2,clean,transit_rough,23,11,1,96,102,6,False,False,False,,6
44,steady_k2,regime_conditional,0.2,clean,transit_rough,23,11,0,96,102,6,False,False,False,,6
44,steady_k2,regime_conditional,0.2,observed,warehouse,0,0,2,60,72,12,True,True,False,2.0,2
44,steady_k2,regime_conditional,0.2,observed,warehouse,0,0,0,60,72,12,True,True,False,1.0,1
44,steady_k2,regime_conditional,0.2,observed,warehouse,1,0,0,120,126,6,False,False,False,,6
44,steady_k2,regime_conditional,0.2,observed,warehouse,1,0,2,120,126,6,False,False,False,,6
44,steady_k2,regime_conditional,0.2,observed,warehouse,2,1,0,60,72,12,True,True,False,4.0,4
44,steady_k2,regime_conditional,0.2,observed,warehouse,2,1,2,60,72,12,True,True,False,1.0,1
44,steady_k2,regime_conditional,0.2,observed,warehouse,3,1,2,36,42,6,True,True,False,3.0,3
44,steady_k2,regime_conditional,0.2,observed,warehouse,3,1,1,36,42,6,True,True,False,2.0,2
44,steady_k2,regime_conditional,0.2,observed,warehouse,4,2,2,12,24,12,True,True,False,4.0,4
44,steady_k2,regime_conditional,0.2,observed,warehouse,4,2,1,12,24,12,True,True,False,1.0,1
44,steady_k2,regime_conditional,0.2,observed,warehouse,5,2,1,84,90,6,True,True,False,1.0,1
44,steady_k2,regime_conditional,0.2,observed,warehouse,5,2,0,84,90,6,True,True,False,0.0,0
44,steady_k2,regime_conditional,0.2,observed,warehouse,6,3,1,24,36,12,True,True,False,0.0,0
44,steady_k2,regime_conditional,0.2,observed,warehouse,6,3,2,24,36,12,True,True,False,2.0,2
44,steady_k2,regime_conditional,0.2,observed,warehouse,7,3,2,144,150,6,True,True,False,4.0,4
44,steady_k2,regime_conditional,0.2,observed,warehouse,7,3,1,144,150,6,True,True,False,2.0,2
44,steady_k2,regime_conditional,0.2,observed,transit_smooth,8,4,2,12,24,12,True,True,False,0.0,0
44,steady_k2,regime_conditional,0.2,observed,transit_smooth,8,4,1,12,24,12,True,True,False,2.0,2
44,steady_k2,regime_conditional,0.2,observed,transit_smooth,9,4,1,108,114,6,True,True,False,1.0,1
44,steady_k2,regime_conditional,0.2,observed,transit_smooth,9,4,0,108,114,6,True,True,False,1.0,1
44,steady_k2,regime_conditional,0.2,observed,transit_smooth,10,5,0,84,96,12,True,True,False,7.0,7
44,steady_k2,regime_conditional,0.2,observed,transit_smooth,10,5,2,84,96,12,True,True,False,10.0,10
44,steady_k2,regime_conditional,0.2,observed,transit_smooth,11,5,1,0,6,6,True,True,False,1.0,1
44,steady_k2,regime_conditional,0.2,observed,transit_smooth,11,5,2,0,6,6,True,True,False,3.0,3
44,steady_k2,regime_conditional,0.2,observed,transit_smooth,12,6,2,60,72,12,True,True,False,2.0,2
44,steady_k2,regime_conditional,0.2,observed,transit_smooth,12,6,0,60,72,12,True,True,False,1.0,1
44,steady_k2,regime_conditional,0.2,observed,transit_smooth,13,6,2,12,18,6,True,True,False,2.0,2
44,steady_k2,regime_conditional,0.2,observed,transit_smooth,13,6,1,12,18,6,True,True,False,4.0,4
44,steady_k2,regime_conditional,0.2,observed,transit_smooth,14,7,1,96,108,12,True,True,False,1.0,1
44,steady_k2,regime_conditional,0.2,observed,transit_smooth,14,7,2,96,108,12,True,True,False,11.0,11
44,steady_k2,regime_conditional,0.2,observed,transit_smooth,15,7,1,108,114,6,True,False,True,,6
44,steady_k2,regime_conditional,0.2,observed,transit_smooth,15,7,2,108,114,6,True,True,True,4.0,4
44,steady_k2,regime_conditional,0.2,observed,transit_rough,16,8,0,12,24,12,True,True,False,2.0,2
44,steady_k2,regime_conditional,0.2,observed,transit_rough,16,8,2,12,24,12,True,True,False,1.0,1
44,steady_k2,regime_conditional,0.2,observed,transit_rough,17,8,1,120,126,6,True,True,False,1.0,1
44,steady_k2,regime_conditional,0.2,observed,transit_rough,17,8,0,120,126,6,True,True,False,2.0,2
44,steady_k2,regime_conditional,0.2,observed,transit_rough,18,9,1,84,96,12,True,True,False,1.0,1
44,steady_k2,regime_conditional,0.2,observed,transit_rough,18,9,0,84,96,12,True,True,False,1.0,1
44,steady_k2,regime_conditional,0.2,observed,transit_rough,19,9,1,48,54,6,True,True,False,2.0,2
44,steady_k2,regime_conditional,0.2,observed,transit_rough,19,9,2,48,54,6,True,True,False,2.0,2
44,steady_k2,regime_conditional,0.2,observed,transit_rough,20,10,0,36,48,12,True,True,False,2.0,2
44,steady_k2,regime_conditional,0.2,observed,transit_rough,20,10,2,36,48,12,True,True,False,1.0,1
44,steady_k2,regime_conditional,0.2,observed,transit_rough,21,10,0,132,138,6,True,True,False,4.0,4
44,steady_k2,regime_conditional,0.2,observed,transit_rough,21,10,2,132,138,6,True,True,False,5.0,5
44,steady_k2,regime_conditional,0.2,observed,transit_rough,22,11,1,84,96,12,True,True,False,0.0,0
44,steady_k2,regime_conditional,0.2,observed,transit_rough,22,11,0,84,96,12,True,True,False,1.0,1
44,steady_k2,regime_conditional,0.2,observed,transit_rough,23,11,1,96,102,6,True,True,True,5.0,5
44,steady_k2,regime_conditional,0.2,observed,transit_rough,23,11,0,96,102,6,True,True,True,4.0,4
44,switch_d0,regime_marginal,1.0,clean,transit_smooth,0,0,2,60,72,12,False,False,False,,12
44,switch_d0,regime_marginal,1.0,clean,transit_rough,1,0,0,120,126,6,False,False,False,,6
44,switch_d0,regime_marginal,1.0,clean,transit_smooth,2,1,0,60,72,12,False,False,False,,12
44,switch_d0,regime_marginal,1.0,clean,warehouse,3,1,2,36,42,6,False,False,False,,6
44,switch_d0,regime_marginal,1.0,clean,warehouse,4,2,2,12,24,12,False,False,False,,12
44,switch_d0,regime_marginal,1.0,clean,transit_smooth,5,2,1,84,90,6,False,False,False,,6
44,switch_d0,regime_marginal,1.0,clean,warehouse,6,3,1,24,36,12,False,False,False,,12
44,switch_d0,regime_marginal,1.0,clean,transit_rough,7,3,2,144,150,6,False,False,False,,6
44,switch_d0,regime_marginal,1.0,clean,transit_smooth,8,4,2,12,24,12,False,False,False,,12
44,switch_d0,regime_marginal,1.0,clean,transit_rough,9,4,1,108,114,6,False,False,False,,6
44,switch_d0,regime_marginal,1.0,clean,transit_rough,10,5,0,84,96,12,False,False,False,,12
44,switch_d0,regime_marginal,1.0,clean,transit_smooth,11,5,1,0,6,6,False,False,False,,6
44,switch_d0,regime_marginal,1.0,clean,transit_rough,12,6,2,60,72,12,False,False,False,,12
44,switch_d0,regime_marginal,1.0,clean,transit_smooth,13,6,2,12,18,6,False,False,False,,6
44,switch_d0,regime_marginal,1.0,clean,transit_rough,14,7,1,96,108,12,False,False,False,,12
44,switch_d0,regime_marginal,1.0,clean,transit_rough,15,7,1,108,114,6,False,False,False,,6
44,switch_d0,regime_marginal,1.0,clean,transit_rough,16,8,0,12,24,12,False,False,False,,12
44,switch_d0,regime_marginal,1.0,clean,transit_smooth,17,8,1,120,126,6,True,True,False,3.0,3
44,switch_d0,regime_marginal,1.0,clean,warehouse,18,9,1,84,96,12,False,False,False,,12
44,switch_d0,regime_marginal,1.0,clean,transit_rough,19,9,1,48,54,6,False,False,False,,6
44,switch_d0,regime_marginal,1.0,clean,transit_rough,20,10,0,36,48,12,False,False,False,,12
44,switch_d0,regime_marginal,1.0,clean,transit_smooth,21,10,0,132,138,6,False,False,False,,6
44,switch_d0,regime_marginal,1.0,clean,warehouse,22,11,1,84,96,12,False,False,False,,12
44,switch_d0,regime_marginal,1.0,clean,warehouse,23,11,1,96,102,6,False,False,False,,6
44,switch_d0,regime_marginal,1.0,observed,transit_smooth,0,0,2,60,72,12,True,True,False,0.0,0
44,switch_d0,regime_marginal,1.0,observed,transit_rough,1,0,0,120,126,6,False,False,False,,6
44,switch_d0,regime_marginal,1.0,observed,transit_smooth,2,1,0,60,72,12,False,False,False,,12
44,switch_d0,regime_marginal,1.0,observed,warehouse,3,1,2,36,42,6,True,True,False,2.0,2
44,switch_d0,regime_marginal,1.0,observed,warehouse,4,2,2,12,24,12,True,True,False,8.0,8
44,switch_d0,regime_marginal,1.0,observed,transit_smooth,5,2,1,84,90,6,False,False,False,,6
44,switch_d0,regime_marginal,1.0,observed,warehouse,6,3,1,24,36,12,True,True,False,0.0,0
44,switch_d0,regime_marginal,1.0,observed,transit_rough,7,3,2,144,150,6,True,True,False,5.0,5
44,switch_d0,regime_marginal,1.0,observed,transit_smooth,8,4,2,12,24,12,True,True,False,0.0,0
44,switch_d0,regime_marginal,1.0,observed,transit_rough,9,4,1,108,114,6,False,False,False,,6
44,switch_d0,regime_marginal,1.0,observed,transit_rough,10,5,0,84,96,12,True,True,False,0.0,0
44,switch_d0,regime_marginal,1.0,observed,transit_smooth,11,5,1,0,6,6,False,False,False,,6
44,switch_d0,regime_marginal,1.0,observed,transit_rough,12,6,2,60,72,12,True,True,False,8.0,8
44,switch_d0,regime_marginal,1.0,observed,transit_smooth,13,6,2,12,18,6,True,True,False,2.0,2
44,switch_d0,regime_marginal,1.0,observed,transit_rough,14,7,1,96,108,12,True,True,False,6.0,6
44,switch_d0,regime_marginal,1.0,observed,transit_rough,15,7,1,108,114,6,False,False,False,,6
44,switch_d0,regime_marginal,1.0,observed,transit_rough,16,8,0,12,24,12,True,True,False,6.0,6
44,switch_d0,regime_marginal,1.0,observed,transit_smooth,17,8,1,120,126,6,True,True,False,3.0,3
44,switch_d0,regime_marginal,1.0,observed,warehouse,18,9,1,84,96,12,True,True,False,2.0,2
44,switch_d0,regime_marginal,1.0,observed,transit_rough,19,9,1,48,54,6,True,True,False,5.0,5
44,switch_d0,regime_marginal,1.0,observed,transit_rough,20,10,0,36,48,12,True,True,False,4.0,4
44,switch_d0,regime_marginal,1.0,observed,transit_smooth,21,10,0,132,138,6,True,True,False,4.0,4
44,switch_d0,regime_marginal,1.0,observed,warehouse,22,11,1,84,96,12,True,True,False,0.0,0
44,switch_d0,regime_marginal,1.0,observed,warehouse,23,11,1,96,102,6,True,True,True,1.0,1
44,switch_d0,regime_marginal,0.2,clean,transit_smooth,0,0,2,60,72,12,False,False,False,,12
44,switch_d0,regime_marginal,0.2,clean,transit_rough,1,0,0,120,126,6,False,False,False,,6
44,switch_d0,regime_marginal,0.2,clean,transit_smooth,2,1,0,60,72,12,False,False,False,,12
44,switch_d0,regime_marginal,0.2,clean,warehouse,3,1,2,36,42,6,False,False,False,,6
44,switch_d0,regime_marginal,0.2,clean,warehouse,4,2,2,12,24,12,False,False,False,,12
44,switch_d0,regime_marginal,0.2,clean,transit_smooth,5,2,1,84,90,6,False,False,False,,6
44,switch_d0,regime_marginal,0.2,clean,warehouse,6,3,1,24,36,12,False,False,False,,12
44,switch_d0,regime_marginal,0.2,clean,transit_rough,7,3,2,144,150,6,False,False,False,,6
44,switch_d0,regime_marginal,0.2,clean,transit_smooth,8,4,2,12,24,12,False,False,False,,12
44,switch_d0,regime_marginal,0.2,clean,transit_rough,9,4,1,108,114,6,False,False,False,,6
44,switch_d0,regime_marginal,0.2,clean,transit_rough,10,5,0,84,96,12,False,False,False,,12
44,switch_d0,regime_marginal,0.2,clean,transit_smooth,11,5,1,0,6,6,False,False,False,,6
44,switch_d0,regime_marginal,0.2,clean,transit_rough,12,6,2,60,72,12,False,False,False,,12
44,switch_d0,regime_marginal,0.2,clean,transit_smooth,13,6,2,12,18,6,False,False,False,,6
44,switch_d0,regime_marginal,0.2,clean,transit_rough,14,7,1,96,108,12,False,False,False,,12
44,switch_d0,regime_marginal,0.2,clean,transit_rough,15,7,1,108,114,6,False,False,False,,6
44,switch_d0,regime_marginal,0.2,clean,transit_rough,16,8,0,12,24,12,False,False,False,,12
44,switch_d0,regime_marginal,0.2,clean,transit_smooth,17,8,1,120,126,6,False,False,False,,6
44,switch_d0,regime_marginal,0.2,clean,warehouse,18,9,1,84,96,12,False,False,False,,12
44,switch_d0,regime_marginal,0.2,clean,transit_rough,19,9,1,48,54,6,False,False,False,,6
44,switch_d0,regime_marginal,0.2,clean,transit_rough,20,10,0,36,48,12,False,False,False,,12
44,switch_d0,regime_marginal,0.2,clean,transit_smooth,21,10,0,132,138,6,False,False,False,,6
44,switch_d0,regime_marginal,0.2,clean,warehouse,22,11,1,84,96,12,False,False,False,,12
44,switch_d0,regime_marginal,0.2,clean,warehouse,23,11,1,96,102,6,False,False,False,,6
44,switch_d0,regime_marginal,0.2,observed,transit_smooth,0,0,2,60,72,12,False,False,False,,12
44,switch_d0,regime_marginal,0.2,observed,transit_rough,1,0,0,120,126,6,False,False,False,,6
44,switch_d0,regime_marginal,0.2,observed,transit_smooth,2,1,0,60,72,12,False,False,False,,12
44,switch_d0,regime_marginal,0.2,observed,warehouse,3,1,2,36,42,6,True,True,False,3.0,3
44,switch_d0,regime_marginal,0.2,observed,warehouse,4,2,2,12,24,12,True,True,False,9.0,9
44,switch_d0,regime_marginal,0.2,observed,transit_smooth,5,2,1,84,90,6,False,False,False,,6
44,switch_d0,regime_marginal,0.2,observed,warehouse,6,3,1,24,36,12,True,True,False,1.0,1
44,switch_d0,regime_marginal,0.2,observed,transit_rough,7,3,2,144,150,6,True,True,False,5.0,5
44,switch_d0,regime_marginal,0.2,observed,transit_smooth,8,4,2,12,24,12,True,True,False,3.0,3
44,switch_d0,regime_marginal,0.2,observed,transit_rough,9,4,1,108,114,6,True,True,False,5.0,5
44,switch_d0,regime_marginal,0.2,observed,transit_rough,10,5,0,84,96,12,True,True,False,9.0,9
44,switch_d0,regime_marginal,0.2,observed,transit_smooth,11,5,1,0,6,6,False,False,False,,6
44,switch_d0,regime_marginal,0.2,observed,transit_rough,12,6,2,60,72,12,True,True,False,8.0,8
44,switch_d0,regime_marginal,0.2,observed,transit_smooth,13,6,2,12,18,6,True,True,False,5.0,5
44,switch_d0,regime_marginal,0.2,observed,transit_rough,14,7,1,96,108,12,True,True,False,3.0,3
44,switch_d0,regime_marginal,0.2,observed,transit_rough,15,7,1,108,114,6,True,False,True,,6
44,switch_d0,regime_marginal,0.2,observed,transit_rough,16,8,0,12,24,12,True,True,False,10.0,10
44,switch_d0,regime_marginal,0.2,observed,transit_smooth,17,8,1,120,126,6,True,True,False,3.0,3
44,switch_d0,regime_marginal,0.2,observed,warehouse,18,9,1,84,96,12,True,True,False,11.0,11
44,switch_d0,regime_marginal,0.2,observed,transit_rough,19,9,1,48,54,6,True,True,False,5.0,5
44,switch_d0,regime_marginal,0.2,observed,transit_rough,20,10,0,36,48,12,True,True,False,5.0,5
44,switch_d0,regime_marginal,0.2,observed,transit_smooth,21,10,0,132,138,6,True,True,False,5.0,5
44,switch_d0,regime_marginal,0.2,observed,warehouse,22,11,1,84,96,12,True,True,False,1.0,1
44,switch_d0,regime_marginal,0.2,observed,warehouse,23,11,1,96,102,6,True,False,True,,6
44,switch_d0,regime_conditional,1.0,clean,transit_smooth,0,0,2,60,72,12,False,False,False,,12
44,switch_d0,regime_conditional,1.0,clean,transit_rough,1,0,0,120,126,6,False,False,False,,6
44,switch_d0,regime_conditional,1.0,clean,transit_smooth,2,1,0,60,72,12,False,False,False,,12
44,switch_d0,regime_conditional,1.0,clean,warehouse,3,1,2,36,42,6,False,False,False,,6
44,switch_d0,regime_conditional,1.0,clean,warehouse,4,2,2,12,24,12,False,False,False,,12
44,switch_d0,regime_conditional,1.0,clean,transit_smooth,5,2,1,84,90,6,False,False,False,,6
44,switch_d0,regime_conditional,1.0,clean,warehouse,6,3,1,24,36,12,False,False,False,,12
44,switch_d0,regime_conditional,1.0,clean,transit_rough,7,3,2,144,150,6,False,False,False,,6
44,switch_d0,regime_conditional,1.0,clean,transit_smooth,8,4,2,12,24,12,False,False,False,,12
44,switch_d0,regime_conditional,1.0,clean,transit_rough,9,4,1,108,114,6,False,False,False,,6
44,switch_d0,regime_conditional,1.0,clean,transit_rough,10,5,0,84,96,12,False,False,False,,12
44,switch_d0,regime_conditional,1.0,clean,transit_smooth,11,5,1,0,6,6,False,False,False,,6
44,switch_d0,regime_conditional,1.0,clean,transit_rough,12,6,2,60,72,12,False,False,False,,12
44,switch_d0,regime_conditional,1.0,clean,transit_smooth,13,6,2,12,18,6,False,False,False,,6
44,switch_d0,regime_conditional,1.0,clean,transit_rough,14,7,1,96,108,12,False,False,False,,12
44,switch_d0,regime_conditional,1.0,clean,transit_rough,15,7,1,108,114,6,False,False,False,,6
44,switch_d0,regime_conditional,1.0,clean,transit_rough,16,8,0,12,24,12,False,False,False,,12
44,switch_d0,regime_conditional,1.0,clean,transit_smooth,17,8,1,120,126,6,True,True,False,3.0,3
44,switch_d0,regime_conditional,1.0,clean,warehouse,18,9,1,84,96,12,False,False,False,,12
44,switch_d0,regime_conditional,1.0,clean,transit_rough,19,9,1,48,54,6,False,False,False,,6
44,switch_d0,regime_conditional,1.0,clean,transit_rough,20,10,0,36,48,12,False,False,False,,12
44,switch_d0,regime_conditional,1.0,clean,transit_smooth,21,10,0,132,138,6,False,False,False,,6
44,switch_d0,regime_conditional,1.0,clean,warehouse,22,11,1,84,96,12,False,False,False,,12
44,switch_d0,regime_conditional,1.0,clean,warehouse,23,11,1,96,102,6,False,False,False,,6
44,switch_d0,regime_conditional,1.0,observed,transit_smooth,0,0,2,60,72,12,True,True,False,0.0,0
44,switch_d0,regime_conditional,1.0,observed,transit_rough,1,0,0,120,126,6,False,False,False,,6
44,switch_d0,regime_conditional,1.0,observed,transit_smooth,2,1,0,60,72,12,True,True,False,0.0,0
44,switch_d0,regime_conditional,1.0,observed,warehouse,3,1,2,36,42,6,True,True,False,2.0,2
44,switch_d0,regime_conditional,1.0,observed,warehouse,4,2,2,12,24,12,True,True,False,8.0,8
44,switch_d0,regime_conditional,1.0,observed,transit_smooth,5,2,1,84,90,6,True,True,False,0.0,0
44,switch_d0,regime_conditional,1.0,observed,warehouse,6,3,1,24,36,12,True,True,False,0.0,0
44,switch_d0,regime_conditional,1.0,observed,transit_rough,7,3,2,144,150,6,True,True,False,5.0,5
44,switch_d0,regime_conditional,1.0,observed,transit_smooth,8,4,2,12,24,12,True,True,False,0.0,0
44,switch_d0,regime_conditional,1.0,observed,transit_rough,9,4,1,108,114,6,True,True,False,1.0,1
44,switch_d0,regime_conditional,1.0,observed,transit_rough,10,5,0,84,96,12,True,True,False,0.0,0
44,switch_d0,regime_conditional,1.0,observed,transit_smooth,11,5,1,0,6,6,True,True,False,0.0,0
44,switch_d0,regime_conditional,1.0,observed,transit_rough,12,6,2,60,72,12,True,True,False,2.0,2
44,switch_d0,regime_conditional,1.0,observed,transit_smooth,13,6,2,12,18,6,True,True,False,2.0,2
44,switch_d0,regime_conditional,1.0,observed,transit_rough,14,7,1,96,108,12,True,True,False,0.0,0
44,switch_d0,regime_conditional,1.0,observed,transit_rough,15,7,1,108,114,6,True,True,False,1.0,1
44,switch_d0,regime_conditional,1.0,observed,transit_rough,16,8,0,12,24,12,True,True,False,6.0,6
44,switch_d0,regime_conditional,1.0,observed,transit_smooth,17,8,1,120,126,6,True,True,False,2.0,2
44,switch_d0,regime_conditional,1.0,observed,warehouse,18,9,1,84,96,12,True,True,False,1.0,1
44,switch_d0,regime_conditional,1.0,observed,transit_rough,19,9,1,48,54,6,True,True,False,0.0,0
44,switch_d0,regime_conditional,1.0,observed,transit_rough,20,10,0,36,48,12,True,True,False,0.0,0
44,switch_d0,regime_conditional,1.0,observed,transit_smooth,21,10,0,132,138,6,True,True,False,0.0,0
44,switch_d0,regime_conditional,1.0,observed,warehouse,22,11,1,84,96,12,True,True,False,0.0,0
44,switch_d0,regime_conditional,1.0,observed,warehouse,23,11,1,96,102,6,True,True,True,1.0,1
44,switch_d0,regime_conditional,0.2,clean,transit_smooth,0,0,2,60,72,12,False,False,False,,12
44,switch_d0,regime_conditional,0.2,clean,transit_rough,1,0,0,120,126,6,False,False,False,,6
44,switch_d0,regime_conditional,0.2,clean,transit_smooth,2,1,0,60,72,12,False,False,False,,12
44,switch_d0,regime_conditional,0.2,clean,warehouse,3,1,2,36,42,6,False,False,False,,6
44,switch_d0,regime_conditional,0.2,clean,warehouse,4,2,2,12,24,12,True,True,False,7.0,7
44,switch_d0,regime_conditional,0.2,clean,transit_smooth,5,2,1,84,90,6,False,False,False,,6
44,switch_d0,regime_conditional,0.2,clean,warehouse,6,3,1,24,36,12,False,False,False,,12
44,switch_d0,regime_conditional,0.2,clean,transit_rough,7,3,2,144,150,6,False,False,False,,6
44,switch_d0,regime_conditional,0.2,clean,transit_smooth,8,4,2,12,24,12,False,False,False,,12
44,switch_d0,regime_conditional,0.2,clean,transit_rough,9,4,1,108,114,6,False,False,False,,6
44,switch_d0,regime_conditional,0.2,clean,transit_rough,10,5,0,84,96,12,False,False,False,,12
44,switch_d0,regime_conditional,0.2,clean,transit_smooth,11,5,1,0,6,6,False,False,False,,6
44,switch_d0,regime_conditional,0.2,clean,transit_rough,12,6,2,60,72,12,False,False,False,,12
44,switch_d0,regime_conditional,0.2,clean,transit_smooth,13,6,2,12,18,6,False,False,False,,6
44,switch_d0,regime_conditional,0.2,clean,transit_rough,14,7,1,96,108,12,False,False,False,,12
44,switch_d0,regime_conditional,0.2,clean,transit_rough,15,7,1,108,114,6,False,False,False,,6
44,switch_d0,regime_conditional,0.2,clean,transit_rough,16,8,0,12,24,12,False,False,False,,12
44,switch_d0,regime_conditional,0.2,clean,transit_smooth,17,8,1,120,126,6,True,True,False,3.0,3
44,switch_d0,regime_conditional,0.2,clean,warehouse,18,9,1,84,96,12,False,False,False,,12
44,switch_d0,regime_conditional,0.2,clean,transit_rough,19,9,1,48,54,6,False,False,False,,6
44,switch_d0,regime_conditional,0.2,clean,transit_rough,20,10,0,36,48,12,False,False,False,,12
44,switch_d0,regime_conditional,0.2,clean,transit_smooth,21,10,0,132,138,6,False,False,False,,6
44,switch_d0,regime_conditional,0.2,clean,warehouse,22,11,1,84,96,12,False,False,False,,12
44,switch_d0,regime_conditional,0.2,clean,warehouse,23,11,1,96,102,6,False,False,False,,6
44,switch_d0,regime_conditional,0.2,observed,transit_smooth,0,0,2,60,72,12,True,True,False,1.0,1
44,switch_d0,regime_conditional,0.2,observed,transit_rough,1,0,0,120,126,6,False,False,False,,6
44,switch_d0,regime_conditional,0.2,observed,transit_smooth,2,1,0,60,72,12,True,True,False,3.0,3
44,switch_d0,regime_conditional,0.2,observed,warehouse,3,1,2,36,42,6,True,True,False,3.0,3
44,switch_d0,regime_conditional,0.2,observed,warehouse,4,2,2,12,24,12,True,True,False,8.0,8
44,switch_d0,regime_conditional,0.2,observed,transit_smooth,5,2,1,84,90,6,True,True,False,1.0,1
44,switch_d0,regime_conditional,0.2,observed,warehouse,6,3,1,24,36,12,True,True,False,0.0,0
44,switch_d0,regime_conditional,0.2,observed,transit_rough,7,3,2,144,150,6,True,True,False,3.0,3
44,switch_d0,regime_conditional,0.2,observed,transit_smooth,8,4,2,12,24,12,True,True,False,0.0,0
44,switch_d0,regime_conditional,0.2,observed,transit_rough,9,4,1,108,114,6,True,True,False,1.0,1
44,switch_d0,regime_conditional,0.2,observed,transit_rough,10,5,0,84,96,12,True,True,False,1.0,1
44,switch_d0,regime_conditional,0.2,observed,transit_smooth,11,5,1,0,6,6,True,True,False,2.0,2
44,switch_d0,regime_conditional,0.2,observed,transit_rough,12,6,2,60,72,12,True,True,False,2.0,2
44,switch_d0,regime_conditional,0.2,observed,transit_smooth,13,6,2,12,18,6,True,True,False,2.0,2
44,switch_d0,regime_conditional,0.2,observed,transit_rough,14,7,1,96,108,12,True,True,False,1.0,1
44,switch_d0,regime_conditional,0.2,observed,transit_rough,15,7,1,108,114,6,True,False,True,,6
44,switch_d0,regime_conditional,0.2,observed,transit_rough,16,8,0,12,24,12,True,True,False,6.0,6
44,switch_d0,regime_conditional,0.2,observed,transit_smooth,17,8,1,120,126,6,True,True,False,2.0,2
44,switch_d0,regime_conditional,0.2,observed,warehouse,18,9,1,84,96,12,True,True,False,2.0,2
44,switch_d0,regime_conditional,0.2,observed,transit_rough,19,9,1,48,54,6,True,True,False,2.0,2
44,switch_d0,regime_conditional,0.2,observed,transit_rough,20,10,0,36,48,12,True,True,False,3.0,3
44,switch_d0,regime_conditional,0.2,observed,transit_smooth,21,10,0,132,138,6,True,True,False,2.0,2
44,switch_d0,regime_conditional,0.2,observed,warehouse,22,11,1,84,96,12,True,True,False,0.0,0
44,switch_d0,regime_conditional,0.2,observed,warehouse,23,11,1,96,102,6,True,True,True,5.0,5
44,switch_d4,regime_marginal,1.0,clean,transit_smooth,0,0,2,60,72,12,True,True,False,0.0,0
44,switch_d4,regime_marginal,1.0,clean,transit_rough,1,0,0,120,126,6,True,True,False,0.0,0
44,switch_d4,regime_marginal,1.0,clean,transit_smooth,2,1,0,60,72,12,True,True,False,0.0,0
44,switch_d4,regime_marginal,1.0,clean,warehouse,3,1,2,36,42,6,False,False,False,,6
44,switch_d4,regime_marginal,1.0,clean,warehouse,4,2,2,12,24,12,False,False,False,,12
44,switch_d4,regime_marginal,1.0,clean,transit_smooth,5,2,1,84,90,6,False,False,False,,6
44,switch_d4,regime_marginal,1.0,clean,warehouse,6,3,1,24,36,12,False,False,False,,12
44,switch_d4,regime_marginal,1.0,clean,transit_rough,7,3,2,144,150,6,False,False,False,,6
44,switch_d4,regime_marginal,1.0,clean,transit_smooth,8,4,2,12,24,12,False,False,False,,12
44,switch_d4,regime_marginal,1.0,clean,transit_rough,9,4,1,108,114,6,False,False,False,,6
44,switch_d4,regime_marginal,1.0,clean,transit_rough,10,5,0,84,96,12,False,False,False,,12
44,switch_d4,regime_marginal,1.0,clean,transit_smooth,11,5,1,0,6,6,False,False,False,,6
44,switch_d4,regime_marginal,1.0,clean,transit_rough,12,6,2,60,72,12,True,True,False,0.0,0
44,switch_d4,regime_marginal,1.0,clean,transit_smooth,13,6,2,12,18,6,False,False,False,,6
44,switch_d4,regime_marginal,1.0,clean,transit_rough,14,7,1,96,108,12,False,False,False,,12
44,switch_d4,regime_marginal,1.0,clean,transit_rough,15,7,1,108,114,6,False,False,False,,6
44,switch_d4,regime_marginal,1.0,clean,transit_rough,16,8,0,12,24,12,False,False,False,,12
44,switch_d4,regime_marginal,1.0,clean,transit_smooth,17,8,1,120,126,6,True,True,False,3.0,3
44,switch_d4,regime_marginal,1.0,clean,warehouse,18,9,1,84,96,12,False,False,False,,12
44,switch_d4,regime_marginal,1.0,clean,transit_rough,19,9,1,48,54,6,False,False,False,,6
44,switch_d4,regime_marginal,1.0,clean,transit_rough,20,10,0,36,48,12,False,False,False,,12
44,switch_d4,regime_marginal,1.0,clean,transit_smooth,21,10,0,132,138,6,False,False,False,,6
44,switch_d4,regime_marginal,1.0,clean,warehouse,22,11,1,84,96,12,False,False,False,,12
44,switch_d4,regime_marginal,1.0,clean,warehouse,23,11,1,96,102,6,False,False,False,,6
44,switch_d4,regime_marginal,1.0,observed,transit_smooth,0,0,2,60,72,12,True,True,False,0.0,0
44,switch_d4,regime_marginal,1.0,observed,transit_rough,1,0,0,120,126,6,False,False,False,,6
44,switch_d4,regime_marginal,1.0,observed,transit_smooth,2,1,0,60,72,12,True,True,False,0.0,0
44,switch_d4,regime_marginal,1.0,observed,warehouse,3,1,2,36,42,6,True,True,False,2.0,2
44,switch_d4,regime_marginal,1.0,observed,warehouse,4,2,2,12,24,12,True,True,False,8.0,8
44,switch_d4,regime_marginal,1.0,observed,transit_smooth,5,2,1,84,90,6,False,False,False,,6
44,switch_d4,regime_marginal,1.0,observed,warehouse,6,3,1,24,36,12,True,True,False,0.0,0
44,switch_d4,regime_marginal,1.0,observed,transit_rough,7,3,2,144,150,6,True,True,False,5.0,5
44,switch_d4,regime_marginal,1.0,observed,transit_smooth,8,4,2,12,24,12,True,True,False,0.0,0
44,switch_d4,regime_marginal,1.0,observed,transit_rough,9,4,1,108,114,6,False,False,False,,6
44,switch_d4,regime_marginal,1.0,observed,transit_rough,10,5,0,84,96,12,True,True,False,0.0,0
44,switch_d4,regime_marginal,1.0,observed,transit_smooth,11,5,1,0,6,6,False,False,False,,6
44,switch_d4,regime_marginal,1.0,observed,transit_rough,12,6,2,60,72,12,True,True,False,0.0,0
44,switch_d4,regime_marginal,1.0,observed,transit_smooth,13,6,2,12,18,6,True,True,False,2.0,2
44,switch_d4,regime_marginal,1.0,observed,transit_rough,14,7,1,96,108,12,True,True,False,6.0,6
44,switch_d4,regime_marginal,1.0,observed,transit_rough,15,7,1,108,114,6,False,False,False,,6
44,switch_d4,regime_marginal,1.0,observed,transit_rough,16,8,0,12,24,12,True,True,False,6.0,6
44,switch_d4,regime_marginal,1.0,observed,transit_smooth,17,8,1,120,126,6,True,True,False,0.0,0
44,switch_d4,regime_marginal,1.0,observed,warehouse,18,9,1,84,96,12,True,True,False,2.0,2
44,switch_d4,regime_marginal,1.0,observed,transit_rough,19,9,1,48,54,6,True,True,False,5.0,5
44,switch_d4,regime_marginal,1.0,observed,transit_rough,20,10,0,36,48,12,True,True,False,4.0,4
44,switch_d4,regime_marginal,1.0,observed,transit_smooth,21,10,0,132,138,6,True,True,False,4.0,4
44,switch_d4,regime_marginal,1.0,observed,warehouse,22,11,1,84,96,12,True,True,False,0.0,0
44,switch_d4,regime_marginal,1.0,observed,warehouse,23,11,1,96,102,6,True,True,True,1.0,1
44,switch_d4,regime_marginal,0.2,clean,transit_smooth,0,0,2,60,72,12,True,True,False,0.0,0
44,switch_d4,regime_marginal,0.2,clean,transit_rough,1,0,0,120,126,6,True,True,False,2.0,2
44,switch_d4,regime_marginal,0.2,clean,transit_smooth,2,1,0,60,72,12,False,False,False,,12
44,switch_d4,regime_marginal,0.2,clean,warehouse,3,1,2,36,42,6,False,False,False,,6
44,switch_d4,regime_marginal,0.2,clean,warehouse,4,2,2,12,24,12,False,False,False,,12
44,switch_d4,regime_marginal,0.2,clean,transit_smooth,5,2,1,84,90,6,False,False,False,,6
44,switch_d4,regime_marginal,0.2,clean,warehouse,6,3,1,24,36,12,False,False,False,,12
44,switch_d4,regime_marginal,0.2,clean,transit_rough,7,3,2,144,150,6,False,False,False,,6
44,switch_d4,regime_marginal,0.2,clean,transit_smooth,8,4,2,12,24,12,False,False,False,,12
44,switch_d4,regime_marginal,0.2,clean,transit_rough,9,4,1,108,114,6,False,False,False,,6
44,switch_d4,regime_marginal,0.2,clean,transit_rough,10,5,0,84,96,12,False,False,False,,12
44,switch_d4,regime_marginal,0.2,clean,transit_smooth,11,5,1,0,6,6,False,False,False,,6
44,switch_d4,regime_marginal,0.2,clean,transit_rough,12,6,2,60,72,12,True,True,False,0.0,0
44,switch_d4,regime_marginal,0.2,clean,transit_smooth,13,6,2,12,18,6,False,False,False,,6
44,switch_d4,regime_marginal,0.2,clean,transit_rough,14,7,1,96,108,12,False,False,False,,12
44,switch_d4,regime_marginal,0.2,clean,transit_rough,15,7,1,108,114,6,False,False,False,,6
44,switch_d4,regime_marginal,0.2,clean,transit_rough,16,8,0,12,24,12,False,False,False,,12
44,switch_d4,regime_marginal,0.2,clean,transit_smooth,17,8,1,120,126,6,False,False,False,,6
44,switch_d4,regime_marginal,0.2,clean,warehouse,18,9,1,84,96,12,False,False,False,,12
44,switch_d4,regime_marginal,0.2,clean,transit_rough,19,9,1,48,54,6,False,False,False,,6
44,switch_d4,regime_marginal,0.2,clean,transit_rough,20,10,0,36,48,12,False,False,False,,12
44,switch_d4,regime_marginal,0.2,clean,transit_smooth,21,10,0,132,138,6,False,False,False,,6
44,switch_d4,regime_marginal,0.2,clean,warehouse,22,11,1,84,96,12,False,False,False,,12
44,switch_d4,regime_marginal,0.2,clean,warehouse,23,11,1,96,102,6,False,False,False,,6
44,switch_d4,regime_marginal,0.2,observed,transit_smooth,0,0,2,60,72,12,True,True,False,0.0,0
44,switch_d4,regime_marginal,0.2,observed,transit_rough,1,0,0,120,126,6,False,False,False,,6
44,switch_d4,regime_marginal,0.2,observed,transit_smooth,2,1,0,60,72,12,True,True,False,2.0,2
44,switch_d4,regime_marginal,0.2,observed,warehouse,3,1,2,36,42,6,True,True,False,3.0,3
44,switch_d4,regime_marginal,0.2,observed,warehouse,4,2,2,12,24,12,True,True,False,9.0,9
44,switch_d4,regime_marginal,0.2,observed,transit_smooth,5,2,1,84,90,6,False,False,False,,6
44,switch_d4,regime_marginal,0.2,observed,warehouse,6,3,1,24,36,12,True,True,False,1.0,1
44,switch_d4,regime_marginal,0.2,observed,transit_rough,7,3,2,144,150,6,True,True,False,5.0,5
44,switch_d4,regime_marginal,0.2,observed,transit_smooth,8,4,2,12,24,12,True,True,False,3.0,3
44,switch_d4,regime_marginal,0.2,observed,transit_rough,9,4,1,108,114,6,True,True,False,5.0,5
44,switch_d4,regime_marginal,0.2,observed,transit_rough,10,5,0,84,96,12,True,True,False,9.0,9
44,switch_d4,regime_marginal,0.2,observed,transit_smooth,11,5,1,0,6,6,False,False,False,,6
44,switch_d4,regime_marginal,0.2,observed,transit_rough,12,6,2,60,72,12,True,True,False,0.0,0
44,switch_d4,regime_marginal,0.2,observed,transit_smooth,13,6,2,12,18,6,True,True,False,5.0,5
44,switch_d4,regime_marginal,0.2,observed,transit_rough,14,7,1,96,108,12,True,True,False,3.0,3
44,switch_d4,regime_marginal,0.2,observed,transit_rough,15,7,1,108,114,6,True,False,True,,6
44,switch_d4,regime_marginal,0.2,observed,transit_rough,16,8,0,12,24,12,True,True,False,10.0,10
44,switch_d4,regime_marginal,0.2,observed,transit_smooth,17,8,1,120,126,6,True,True,False,2.0,2
44,switch_d4,regime_marginal,0.2,observed,warehouse,18,9,1,84,96,12,True,True,False,11.0,11
44,switch_d4,regime_marginal,0.2,observed,transit_rough,19,9,1,48,54,6,True,True,False,5.0,5
44,switch_d4,regime_marginal,0.2,observed,transit_rough,20,10,0,36,48,12,True,True,False,5.0,5
44,switch_d4,regime_marginal,0.2,observed,transit_smooth,21,10,0,132,138,6,True,True,False,5.0,5
44,switch_d4,regime_marginal,0.2,observed,warehouse,22,11,1,84,96,12,True,True,False,1.0,1
44,switch_d4,regime_marginal,0.2,observed,warehouse,23,11,1,96,102,6,True,False,True,,6
44,switch_d4,regime_conditional,1.0,clean,transit_smooth,0,0,2,60,72,12,True,True,False,0.0,0
44,switch_d4,regime_conditional,1.0,clean,transit_rough,1,0,0,120,126,6,False,False,False,,6
44,switch_d4,regime_conditional,1.0,clean,transit_smooth,2,1,0,60,72,12,False,False,False,,12
44,switch_d4,regime_conditional,1.0,clean,warehouse,3,1,2,36,42,6,False,False,False,,6
44,switch_d4,regime_conditional,1.0,clean,warehouse,4,2,2,12,24,12,False,False,False,,12
44,switch_d4,regime_conditional,1.0,clean,transit_smooth,5,2,1,84,90,6,False,False,False,,6
44,switch_d4,regime_conditional,1.0,clean,warehouse,6,3,1,24,36,12,False,False,False,,12
44,switch_d4,regime_conditional,1.0,clean,transit_rough,7,3,2,144,150,6,False,False,False,,6
44,switch_d4,regime_conditional,1.0,clean,transit_smooth,8,4,2,12,24,12,False,False,False,,12
44,switch_d4,regime_conditional,1.0,clean,transit_rough,9,4,1,108,114,6,False,False,False,,6
44,switch_d4,regime_conditional,1.0,clean,transit_rough,10,5,0,84,96,12,False,False,False,,12
44,switch_d4,regime_conditional,1.0,clean,transit_smooth,11,5,1,0,6,6,False,False,False,,6
44,switch_d4,regime_conditional,1.0,clean,transit_rough,12,6,2,60,72,12,True,True,False,0.0,0
44,switch_d4,regime_conditional,1.0,clean,transit_smooth,13,6,2,12,18,6,False,False,False,,6
44,switch_d4,regime_conditional,1.0,clean,transit_rough,14,7,1,96,108,12,False,False,False,,12
44,switch_d4,regime_conditional,1.0,clean,transit_rough,15,7,1,108,114,6,False,False,False,,6
44,switch_d4,regime_conditional,1.0,clean,transit_rough,16,8,0,12,24,12,False,False,False,,12
44,switch_d4,regime_conditional,1.0,clean,transit_smooth,17,8,1,120,126,6,True,True,False,0.0,0
44,switch_d4,regime_conditional,1.0,clean,warehouse,18,9,1,84,96,12,False,False,False,,12
44,switch_d4,regime_conditional,1.0,clean,transit_rough,19,9,1,48,54,6,False,False,False,,6
44,switch_d4,regime_conditional,1.0,clean,transit_rough,20,10,0,36,48,12,False,False,False,,12
44,switch_d4,regime_conditional,1.0,clean,transit_smooth,21,10,0,132,138,6,False,False,False,,6
44,switch_d4,regime_conditional,1.0,clean,warehouse,22,11,1,84,96,12,False,False,False,,12
44,switch_d4,regime_conditional,1.0,clean,warehouse,23,11,1,96,102,6,False,False,False,,6
44,switch_d4,regime_conditional,1.0,observed,transit_smooth,0,0,2,60,72,12,True,True,False,0.0,0
44,switch_d4,regime_conditional,1.0,observed,transit_rough,1,0,0,120,126,6,True,True,False,0.0,0
44,switch_d4,regime_conditional,1.0,observed,transit_smooth,2,1,0,60,72,12,True,True,False,4.0,4
44,switch_d4,regime_conditional,1.0,observed,warehouse,3,1,2,36,42,6,True,True,False,2.0,2
44,switch_d4,regime_conditional,1.0,observed,warehouse,4,2,2,12,24,12,True,True,False,8.0,8
44,switch_d4,regime_conditional,1.0,observed,transit_smooth,5,2,1,84,90,6,True,True,False,0.0,0
44,switch_d4,regime_conditional,1.0,observed,warehouse,6,3,1,24,36,12,True,True,False,0.0,0
44,switch_d4,regime_conditional,1.0,observed,transit_rough,7,3,2,144,150,6,True,True,False,5.0,5
44,switch_d4,regime_conditional,1.0,observed,transit_smooth,8,4,2,12,24,12,True,True,False,0.0,0
44,switch_d4,regime_conditional,1.0,observed,transit_rough,9,4,1,108,114,6,True,True,False,1.0,1
44,switch_d4,regime_conditional,1.0,observed,transit_rough,10,5,0,84,96,12,True,True,False,0.0,0
44,switch_d4,regime_conditional,1.0,observed,transit_smooth,11,5,1,0,6,6,True,True,False,0.0,0
44,switch_d4,regime_conditional,1.0,observed,transit_rough,12,6,2,60,72,12,True,True,False,0.0,0
44,switch_d4,regime_conditional,1.0,observed,transit_smooth,13,6,2,12,18,6,True,True,False,2.0,2
44,switch_d4,regime_conditional,1.0,observed,transit_rough,14,7,1,96,108,12,True,True,False,0.0,0
44,switch_d4,regime_conditional,1.0,observed,transit_rough,15,7,1,108,114,6,True,True,False,1.0,1
44,switch_d4,regime_conditional,1.0,observed,transit_rough,16,8,0,12,24,12,True,True,False,6.0,6
44,switch_d4,regime_conditional,1.0,observed,transit_smooth,17,8,1,120,126,6,True,True,False,0.0,0
44,switch_d4,regime_conditional,1.0,observed,warehouse,18,9,1,84,96,12,True,True,False,1.0,1
44,switch_d4,regime_conditional,1.0,observed,transit_rough,19,9,1,48,54,6,True,True,False,0.0,0
44,switch_d4,regime_conditional,1.0,observed,transit_rough,20,10,0,36,48,12,True,True,False,0.0,0
44,switch_d4,regime_conditional,1.0,observed,transit_smooth,21,10,0,132,138,6,True,True,False,0.0,0
44,switch_d4,regime_conditional,1.0,observed,warehouse,22,11,1,84,96,12,True,True,False,0.0,0
44,switch_d4,regime_conditional,1.0,observed,warehouse,23,11,1,96,102,6,True,True,True,1.0,1
44,switch_d4,regime_conditional,0.2,clean,transit_smooth,0,0,2,60,72,12,True,True,False,0.0,0
44,switch_d4,regime_conditional,0.2,clean,transit_rough,1,0,0,120,126,6,False,False,False,,6
44,switch_d4,regime_conditional,0.2,clean,transit_smooth,2,1,0,60,72,12,False,False,False,,12
44,switch_d4,regime_conditional,0.2,clean,warehouse,3,1,2,36,42,6,False,False,False,,6
44,switch_d4,regime_conditional,0.2,clean,warehouse,4,2,2,12,24,12,True,True,False,7.0,7
44,switch_d4,regime_conditional,0.2,clean,transit_smooth,5,2,1,84,90,6,False,False,False,,6
44,switch_d4,regime_conditional,0.2,clean,warehouse,6,3,1,24,36,12,False,False,False,,12
44,switch_d4,regime_conditional,0.2,clean,transit_rough,7,3,2,144,150,6,False,False,False,,6
44,switch_d4,regime_conditional,0.2,clean,transit_smooth,8,4,2,12,24,12,False,False,False,,12
44,switch_d4,regime_conditional,0.2,clean,transit_rough,9,4,1,108,114,6,False,False,False,,6
44,switch_d4,regime_conditional,0.2,clean,transit_rough,10,5,0,84,96,12,False,False,False,,12
44,switch_d4,regime_conditional,0.2,clean,transit_smooth,11,5,1,0,6,6,False,False,False,,6
44,switch_d4,regime_conditional,0.2,clean,transit_rough,12,6,2,60,72,12,True,True,False,0.0,0
44,switch_d4,regime_conditional,0.2,clean,transit_smooth,13,6,2,12,18,6,False,False,False,,6
44,switch_d4,regime_conditional,0.2,clean,transit_rough,14,7,1,96,108,12,False,False,False,,12
44,switch_d4,regime_conditional,0.2,clean,transit_rough,15,7,1,108,114,6,False,False,False,,6
44,switch_d4,regime_conditional,0.2,clean,transit_rough,16,8,0,12,24,12,False,False,False,,12
44,switch_d4,regime_conditional,0.2,clean,transit_smooth,17,8,1,120,126,6,True,True,False,1.0,1
44,switch_d4,regime_conditional,0.2,clean,warehouse,18,9,1,84,96,12,False,False,False,,12
44,switch_d4,regime_conditional,0.2,clean,transit_rough,19,9,1,48,54,6,False,False,False,,6
44,switch_d4,regime_conditional,0.2,clean,transit_rough,20,10,0,36,48,12,False,False,False,,12
44,switch_d4,regime_conditional,0.2,clean,transit_smooth,21,10,0,132,138,6,False,False,False,,6
44,switch_d4,regime_conditional,0.2,clean,warehouse,22,11,1,84,96,12,False,False,False,,12
44,switch_d4,regime_conditional,0.2,clean,warehouse,23,11,1,96,102,6,False,False,False,,6
44,switch_d4,regime_conditional,0.2,observed,transit_smooth,0,0,2,60,72,12,True,True,False,0.0,0
44,switch_d4,regime_conditional,0.2,observed,transit_rough,1,0,0,120,126,6,True,True,False,2.0,2
44,switch_d4,regime_conditional,0.2,observed,transit_smooth,2,1,0,60,72,12,True,True,False,7.0,7
44,switch_d4,regime_conditional,0.2,observed,warehouse,3,1,2,36,42,6,True,True,False,3.0,3
44,switch_d4,regime_conditional,0.2,observed,warehouse,4,2,2,12,24,12,True,True,False,8.0,8
44,switch_d4,regime_conditional,0.2,observed,transit_smooth,5,2,1,84,90,6,True,True,False,1.0,1
44,switch_d4,regime_conditional,0.2,observed,warehouse,6,3,1,24,36,12,True,True,False,0.0,0
44,switch_d4,regime_conditional,0.2,observed,transit_rough,7,3,2,144,150,6,True,True,False,3.0,3
44,switch_d4,regime_conditional,0.2,observed,transit_smooth,8,4,2,12,24,12,True,True,False,0.0,0
44,switch_d4,regime_conditional,0.2,observed,transit_rough,9,4,1,108,114,6,True,True,False,1.0,1
44,switch_d4,regime_conditional,0.2,observed,transit_rough,10,5,0,84,96,12,True,True,False,1.0,1
44,switch_d4,regime_conditional,0.2,observed,transit_smooth,11,5,1,0,6,6,True,True,False,2.0,2
44,switch_d4,regime_conditional,0.2,observed,transit_rough,12,6,2,60,72,12,True,True,False,0.0,0
44,switch_d4,regime_conditional,0.2,observed,transit_smooth,13,6,2,12,18,6,True,True,False,2.0,2
44,switch_d4,regime_conditional,0.2,observed,transit_rough,14,7,1,96,108,12,True,True,False,1.0,1
44,switch_d4,regime_conditional,0.2,observed,transit_rough,15,7,1,108,114,6,True,False,True,,6
44,switch_d4,regime_conditional,0.2,observed,transit_rough,16,8,0,12,24,12,True,True,False,6.0,6
44,switch_d4,regime_conditional,0.2,observed,transit_smooth,17,8,1,120,126,6,True,True,False,0.0,0
44,switch_d4,regime_conditional,0.2,observed,warehouse,18,9,1,84,96,12,True,True,False,2.0,2
44,switch_d4,regime_conditional,0.2,observed,transit_rough,19,9,1,48,54,6,True,True,False,2.0,2
44,switch_d4,regime_conditional,0.2,observed,transit_rough,20,10,0,36,48,12,True,True,False,3.0,3
44,switch_d4,regime_conditional,0.2,observed,transit_smooth,21,10,0,132,138,6,True,True,False,2.0,2
44,switch_d4,regime_conditional,0.2,observed,warehouse,22,11,1,84,96,12,True,True,False,0.0,0
44,switch_d4,regime_conditional,0.2,observed,warehouse,23,11,1,96,102,6,True,True,True,5.0,5
44,switch_d12,regime_marginal,1.0,clean,transit_smooth,0,0,2,60,72,12,True,True,False,0.0,0
44,switch_d12,regime_marginal,1.0,clean,transit_rough,1,0,0,120,126,6,True,True,False,0.0,0
44,switch_d12,regime_marginal,1.0,clean,transit_smooth,2,1,0,60,72,12,True,True,False,0.0,0
44,switch_d12,regime_marginal,1.0,clean,warehouse,3,1,2,36,42,6,False,False,False,,6
44,switch_d12,regime_marginal,1.0,clean,warehouse,4,2,2,12,24,12,False,False,False,,12
44,switch_d12,regime_marginal,1.0,clean,transit_smooth,5,2,1,84,90,6,False,False,False,,6
44,switch_d12,regime_marginal,1.0,clean,warehouse,6,3,1,24,36,12,False,False,False,,12
44,switch_d12,regime_marginal,1.0,clean,transit_rough,7,3,2,144,150,6,False,False,False,,6
44,switch_d12,regime_marginal,1.0,clean,transit_smooth,8,4,2,12,24,12,False,False,False,,12
44,switch_d12,regime_marginal,1.0,clean,transit_rough,9,4,1,108,114,6,False,False,False,,6
44,switch_d12,regime_marginal,1.0,clean,transit_rough,10,5,0,84,96,12,False,False,False,,12
44,switch_d12,regime_marginal,1.0,clean,transit_smooth,11,5,1,0,6,6,False,False,False,,6
44,switch_d12,regime_marginal,1.0,clean,transit_rough,12,6,2,60,72,12,True,True,False,0.0,0
44,switch_d12,regime_marginal,1.0,clean,transit_smooth,13,6,2,12,18,6,False,False,False,,6
44,switch_d12,regime_marginal,1.0,clean,transit_rough,14,7,1,96,108,12,False,False,False,,12
44,switch_d12,regime_marginal,1.0,clean,transit_rough,15,7,1,108,114,6,False,False,False,,6
44,switch_d12,regime_marginal,1.0,clean,transit_rough,16,8,0,12,24,12,False,False,False,,12
44,switch_d12,regime_marginal,1.0,clean,transit_smooth,17,8,1,120,126,6,True,True,False,3.0,3
44,switch_d12,regime_marginal,1.0,clean,warehouse,18,9,1,84,96,12,False,False,False,,12
44,switch_d12,regime_marginal,1.0,clean,transit_rough,19,9,1,48,54,6,False,False,False,,6
44,switch_d12,regime_marginal,1.0,clean,transit_rough,20,10,0,36,48,12,False,False,False,,12
44,switch_d12,regime_marginal,1.0,clean,transit_smooth,21,10,0,132,138,6,False,False,True,,6
44,switch_d12,regime_marginal,1.0,clean,warehouse,22,11,1,84,96,12,False,False,False,,12
44,switch_d12,regime_marginal,1.0,clean,warehouse,23,11,1,96,102,6,False,False,False,,6
44,switch_d12,regime_marginal,1.0,observed,transit_smooth,0,0,2,60,72,12,True,True,False,0.0,0
44,switch_d12,regime_marginal,1.0,observed,transit_rough,1,0,0,120,126,6,False,False,False,,6
44,switch_d12,regime_marginal,1.0,observed,transit_smooth,2,1,0,60,72,12,True,True,False,0.0,0
44,switch_d12,regime_marginal,1.0,observed,warehouse,3,1,2,36,42,6,True,True,False,2.0,2
44,switch_d12,regime_marginal,1.0,observed,warehouse,4,2,2,12,24,12,True,True,False,8.0,8
44,switch_d12,regime_marginal,1.0,observed,transit_smooth,5,2,1,84,90,6,False,False,False,,6
44,switch_d12,regime_marginal,1.0,observed,warehouse,6,3,1,24,36,12,True,True,False,0.0,0
44,switch_d12,regime_marginal,1.0,observed,transit_rough,7,3,2,144,150,6,True,True,False,5.0,5
44,switch_d12,regime_marginal,1.0,observed,transit_smooth,8,4,2,12,24,12,True,True,False,0.0,0
44,switch_d12,regime_marginal,1.0,observed,transit_rough,9,4,1,108,114,6,False,False,False,,6
44,switch_d12,regime_marginal,1.0,observed,transit_rough,10,5,0,84,96,12,True,True,False,0.0,0
44,switch_d12,regime_marginal,1.0,observed,transit_smooth,11,5,1,0,6,6,False,False,False,,6
44,switch_d12,regime_marginal,1.0,observed,transit_rough,12,6,2,60,72,12,True,True,False,0.0,0
44,switch_d12,regime_marginal,1.0,observed,transit_smooth,13,6,2,12,18,6,True,True,False,2.0,2
44,switch_d12,regime_marginal,1.0,observed,transit_rough,14,7,1,96,108,12,True,True,False,6.0,6
44,switch_d12,regime_marginal,1.0,observed,transit_rough,15,7,1,108,114,6,False,False,False,,6
44,switch_d12,regime_marginal,1.0,observed,transit_rough,16,8,0,12,24,12,True,True,False,6.0,6
44,switch_d12,regime_marginal,1.0,observed,transit_smooth,17,8,1,120,126,6,True,True,False,0.0,0
44,switch_d12,regime_marginal,1.0,observed,warehouse,18,9,1,84,96,12,True,True,False,2.0,2
44,switch_d12,regime_marginal,1.0,observed,transit_rough,19,9,1,48,54,6,True,True,False,5.0,5
44,switch_d12,regime_marginal,1.0,observed,transit_rough,20,10,0,36,48,12,True,True,False,4.0,4
44,switch_d12,regime_marginal,1.0,observed,transit_smooth,21,10,0,132,138,6,True,True,True,4.0,4
44,switch_d12,regime_marginal,1.0,observed,warehouse,22,11,1,84,96,12,True,True,False,0.0,0
44,switch_d12,regime_marginal,1.0,observed,warehouse,23,11,1,96,102,6,True,True,True,1.0,1
44,switch_d12,regime_marginal,0.2,clean,transit_smooth,0,0,2,60,72,12,True,True,False,0.0,0
44,switch_d12,regime_marginal,0.2,clean,transit_rough,1,0,0,120,126,6,True,True,False,2.0,2
44,switch_d12,regime_marginal,0.2,clean,transit_smooth,2,1,0,60,72,12,False,False,False,,12
44,switch_d12,regime_marginal,0.2,clean,warehouse,3,1,2,36,42,6,False,False,False,,6
44,switch_d12,regime_marginal,0.2,clean,warehouse,4,2,2,12,24,12,False,False,False,,12
44,switch_d12,regime_marginal,0.2,clean,transit_smooth,5,2,1,84,90,6,False,False,False,,6
44,switch_d12,regime_marginal,0.2,clean,warehouse,6,3,1,24,36,12,False,False,False,,12
44,switch_d12,regime_marginal,0.2,clean,transit_rough,7,3,2,144,150,6,False,False,False,,6
44,switch_d12,regime_marginal,0.2,clean,transit_smooth,8,4,2,12,24,12,False,False,False,,12
44,switch_d12,regime_marginal,0.2,clean,transit_rough,9,4,1,108,114,6,False,False,False,,6
44,switch_d12,regime_marginal,0.2,clean,transit_rough,10,5,0,84,96,12,False,False,False,,12
44,switch_d12,regime_marginal,0.2,clean,transit_smooth,11,5,1,0,6,6,False,False,False,,6
44,switch_d12,regime_marginal,0.2,clean,transit_rough,12,6,2,60,72,12,True,True,False,0.0,0
44,switch_d12,regime_marginal,0.2,clean,transit_smooth,13,6,2,12,18,6,False,False,False,,6
44,switch_d12,regime_marginal,0.2,clean,transit_rough,14,7,1,96,108,12,False,False,False,,12
44,switch_d12,regime_marginal,0.2,clean,transit_rough,15,7,1,108,114,6,False,False,False,,6
44,switch_d12,regime_marginal,0.2,clean,transit_rough,16,8,0,12,24,12,False,False,False,,12
44,switch_d12,regime_marginal,0.2,clean,transit_smooth,17,8,1,120,126,6,True,True,False,4.0,4
44,switch_d12,regime_marginal,0.2,clean,warehouse,18,9,1,84,96,12,False,False,False,,12
44,switch_d12,regime_marginal,0.2,clean,transit_rough,19,9,1,48,54,6,False,False,False,,6
44,switch_d12,regime_marginal,0.2,clean,transit_rough,20,10,0,36,48,12,False,False,False,,12
44,switch_d12,regime_marginal,0.2,clean,transit_smooth,21,10,0,132,138,6,False,False,True,,6
44,switch_d12,regime_marginal,0.2,clean,warehouse,22,11,1,84,96,12,False,False,False,,12
44,switch_d12,regime_marginal,0.2,clean,warehouse,23,11,1,96,102,6,False,False,False,,6
44,switch_d12,regime_marginal,0.2,observed,transit_smooth,0,0,2,60,72,12,True,True,False,0.0,0
44,switch_d12,regime_marginal,0.2,observed,transit_rough,1,0,0,120,126,6,False,False,False,,6
44,switch_d12,regime_marginal,0.2,observed,transit_smooth,2,1,0,60,72,12,True,True,False,2.0,2
44,switch_d12,regime_marginal,0.2,observed,warehouse,3,1,2,36,42,6,True,True,False,3.0,3
44,switch_d12,regime_marginal,0.2,observed,warehouse,4,2,2,12,24,12,True,True,False,9.0,9
44,switch_d12,regime_marginal,0.2,observed,transit_smooth,5,2,1,84,90,6,False,False,False,,6
44,switch_d12,regime_marginal,0.2,observed,warehouse,6,3,1,24,36,12,True,True,False,1.0,1
44,switch_d12,regime_marginal,0.2,observed,transit_rough,7,3,2,144,150,6,True,True,False,5.0,5
44,switch_d12,regime_marginal,0.2,observed,transit_smooth,8,4,2,12,24,12,True,True,False,3.0,3
44,switch_d12,regime_marginal,0.2,observed,transit_rough,9,4,1,108,114,6,True,True,False,5.0,5
44,switch_d12,regime_marginal,0.2,observed,transit_rough,10,5,0,84,96,12,True,True,False,9.0,9
44,switch_d12,regime_marginal,0.2,observed,transit_smooth,11,5,1,0,6,6,False,False,False,,6
44,switch_d12,regime_marginal,0.2,observed,transit_rough,12,6,2,60,72,12,True,True,False,0.0,0
44,switch_d12,regime_marginal,0.2,observed,transit_smooth,13,6,2,12,18,6,True,True,False,5.0,5
44,switch_d12,regime_marginal,0.2,observed,transit_rough,14,7,1,96,108,12,True,True,False,3.0,3
44,switch_d12,regime_marginal,0.2,observed,transit_rough,15,7,1,108,114,6,True,False,True,,6
44,switch_d12,regime_marginal,0.2,observed,transit_rough,16,8,0,12,24,12,True,True,False,10.0,10
44,switch_d12,regime_marginal,0.2,observed,transit_smooth,17,8,1,120,126,6,True,True,False,2.0,2
44,switch_d12,regime_marginal,0.2,observed,warehouse,18,9,1,84,96,12,True,True,False,11.0,11
44,switch_d12,regime_marginal,0.2,observed,transit_rough,19,9,1,48,54,6,True,True,False,5.0,5
44,switch_d12,regime_marginal,0.2,observed,transit_rough,20,10,0,36,48,12,True,True,False,5.0,5
44,switch_d12,regime_marginal,0.2,observed,transit_smooth,21,10,0,132,138,6,True,True,True,5.0,5
44,switch_d12,regime_marginal,0.2,observed,warehouse,22,11,1,84,96,12,True,True,False,1.0,1
44,switch_d12,regime_marginal,0.2,observed,warehouse,23,11,1,96,102,6,True,False,True,,6
44,switch_d12,regime_conditional,1.0,clean,transit_smooth,0,0,2,60,72,12,True,True,False,0.0,0
44,switch_d12,regime_conditional,1.0,clean,transit_rough,1,0,0,120,126,6,False,False,False,,6
44,switch_d12,regime_conditional,1.0,clean,transit_smooth,2,1,0,60,72,12,False,False,False,,12
44,switch_d12,regime_conditional,1.0,clean,warehouse,3,1,2,36,42,6,False,False,False,,6
44,switch_d12,regime_conditional,1.0,clean,warehouse,4,2,2,12,24,12,False,False,False,,12
44,switch_d12,regime_conditional,1.0,clean,transit_smooth,5,2,1,84,90,6,False,False,False,,6
44,switch_d12,regime_conditional,1.0,clean,warehouse,6,3,1,24,36,12,False,False,False,,12
44,switch_d12,regime_conditional,1.0,clean,transit_rough,7,3,2,144,150,6,False,False,False,,6
44,switch_d12,regime_conditional,1.0,clean,transit_smooth,8,4,2,12,24,12,False,False,False,,12
44,switch_d12,regime_conditional,1.0,clean,transit_rough,9,4,1,108,114,6,False,False,False,,6
44,switch_d12,regime_conditional,1.0,clean,transit_rough,10,5,0,84,96,12,False,False,False,,12
44,switch_d12,regime_conditional,1.0,clean,transit_smooth,11,5,1,0,6,6,False,False,False,,6
44,switch_d12,regime_conditional,1.0,clean,transit_rough,12,6,2,60,72,12,True,True,False,0.0,0
44,switch_d12,regime_conditional,1.0,clean,transit_smooth,13,6,2,12,18,6,False,False,False,,6
44,switch_d12,regime_conditional,1.0,clean,transit_rough,14,7,1,96,108,12,False,False,False,,12
44,switch_d12,regime_conditional,1.0,clean,transit_rough,15,7,1,108,114,6,False,False,False,,6
44,switch_d12,regime_conditional,1.0,clean,transit_rough,16,8,0,12,24,12,False,False,False,,12
44,switch_d12,regime_conditional,1.0,clean,transit_smooth,17,8,1,120,126,6,True,True,False,0.0,0
44,switch_d12,regime_conditional,1.0,clean,warehouse,18,9,1,84,96,12,False,False,False,,12
44,switch_d12,regime_conditional,1.0,clean,transit_rough,19,9,1,48,54,6,False,False,False,,6
44,switch_d12,regime_conditional,1.0,clean,transit_rough,20,10,0,36,48,12,False,False,False,,12
44,switch_d12,regime_conditional,1.0,clean,transit_smooth,21,10,0,132,138,6,False,False,False,,6
44,switch_d12,regime_conditional,1.0,clean,warehouse,22,11,1,84,96,12,False,False,False,,12
44,switch_d12,regime_conditional,1.0,clean,warehouse,23,11,1,96,102,6,False,False,False,,6
44,switch_d12,regime_conditional,1.0,observed,transit_smooth,0,0,2,60,72,12,True,True,False,0.0,0
44,switch_d12,regime_conditional,1.0,observed,transit_rough,1,0,0,120,126,6,True,True,False,0.0,0
44,switch_d12,regime_conditional,1.0,observed,transit_smooth,2,1,0,60,72,12,True,True,False,4.0,4
44,switch_d12,regime_conditional,1.0,observed,warehouse,3,1,2,36,42,6,True,True,False,2.0,2
44,switch_d12,regime_conditional,1.0,observed,warehouse,4,2,2,12,24,12,True,True,False,8.0,8
44,switch_d12,regime_conditional,1.0,observed,transit_smooth,5,2,1,84,90,6,True,True,False,0.0,0
44,switch_d12,regime_conditional,1.0,observed,warehouse,6,3,1,24,36,12,True,True,False,0.0,0
44,switch_d12,regime_conditional,1.0,observed,transit_rough,7,3,2,144,150,6,True,True,False,5.0,5
44,switch_d12,regime_conditional,1.0,observed,transit_smooth,8,4,2,12,24,12,True,True,False,0.0,0
44,switch_d12,regime_conditional,1.0,observed,transit_rough,9,4,1,108,114,6,True,True,False,1.0,1
44,switch_d12,regime_conditional,1.0,observed,transit_rough,10,5,0,84,96,12,True,True,False,0.0,0
44,switch_d12,regime_conditional,1.0,observed,transit_smooth,11,5,1,0,6,6,True,True,False,0.0,0
44,switch_d12,regime_conditional,1.0,observed,transit_rough,12,6,2,60,72,12,True,True,False,0.0,0
44,switch_d12,regime_conditional,1.0,observed,transit_smooth,13,6,2,12,18,6,True,True,False,2.0,2
44,switch_d12,regime_conditional,1.0,observed,transit_rough,14,7,1,96,108,12,True,True,False,0.0,0
44,switch_d12,regime_conditional,1.0,observed,transit_rough,15,7,1,108,114,6,True,True,False,1.0,1
44,switch_d12,regime_conditional,1.0,observed,transit_rough,16,8,0,12,24,12,True,True,False,6.0,6
44,switch_d12,regime_conditional,1.0,observed,transit_smooth,17,8,1,120,126,6,True,True,False,0.0,0
44,switch_d12,regime_conditional,1.0,observed,warehouse,18,9,1,84,96,12,True,True,False,1.0,1
44,switch_d12,regime_conditional,1.0,observed,transit_rough,19,9,1,48,54,6,True,True,False,0.0,0
44,switch_d12,regime_conditional,1.0,observed,transit_rough,20,10,0,36,48,12,True,True,False,0.0,0
44,switch_d12,regime_conditional,1.0,observed,transit_smooth,21,10,0,132,138,6,True,True,False,0.0,0
44,switch_d12,regime_conditional,1.0,observed,warehouse,22,11,1,84,96,12,True,True,False,0.0,0
44,switch_d12,regime_conditional,1.0,observed,warehouse,23,11,1,96,102,6,True,True,True,1.0,1
44,switch_d12,regime_conditional,0.2,clean,transit_smooth,0,0,2,60,72,12,True,True,False,0.0,0
44,switch_d12,regime_conditional,0.2,clean,transit_rough,1,0,0,120,126,6,False,False,False,,6
44,switch_d12,regime_conditional,0.2,clean,transit_smooth,2,1,0,60,72,12,False,False,False,,12
44,switch_d12,regime_conditional,0.2,clean,warehouse,3,1,2,36,42,6,False,False,False,,6
44,switch_d12,regime_conditional,0.2,clean,warehouse,4,2,2,12,24,12,True,True,False,7.0,7
44,switch_d12,regime_conditional,0.2,clean,transit_smooth,5,2,1,84,90,6,False,False,False,,6
44,switch_d12,regime_conditional,0.2,clean,warehouse,6,3,1,24,36,12,False,False,False,,12
44,switch_d12,regime_conditional,0.2,clean,transit_rough,7,3,2,144,150,6,False,False,False,,6
44,switch_d12,regime_conditional,0.2,clean,transit_smooth,8,4,2,12,24,12,False,False,False,,12
44,switch_d12,regime_conditional,0.2,clean,transit_rough,9,4,1,108,114,6,False,False,False,,6
44,switch_d12,regime_conditional,0.2,clean,transit_rough,10,5,0,84,96,12,False,False,False,,12
44,switch_d12,regime_conditional,0.2,clean,transit_smooth,11,5,1,0,6,6,False,False,False,,6
44,switch_d12,regime_conditional,0.2,clean,transit_rough,12,6,2,60,72,12,True,True,False,0.0,0
44,switch_d12,regime_conditional,0.2,clean,transit_smooth,13,6,2,12,18,6,False,False,False,,6
44,switch_d12,regime_conditional,0.2,clean,transit_rough,14,7,1,96,108,12,False,False,False,,12
44,switch_d12,regime_conditional,0.2,clean,transit_rough,15,7,1,108,114,6,False,False,False,,6
44,switch_d12,regime_conditional,0.2,clean,transit_rough,16,8,0,12,24,12,False,False,False,,12
44,switch_d12,regime_conditional,0.2,clean,transit_smooth,17,8,1,120,126,6,True,True,False,1.0,1
44,switch_d12,regime_conditional,0.2,clean,warehouse,18,9,1,84,96,12,False,False,False,,12
44,switch_d12,regime_conditional,0.2,clean,transit_rough,19,9,1,48,54,6,False,False,False,,6
44,switch_d12,regime_conditional,0.2,clean,transit_rough,20,10,0,36,48,12,False,False,False,,12
44,switch_d12,regime_conditional,0.2,clean,transit_smooth,21,10,0,132,138,6,False,False,False,,6
44,switch_d12,regime_conditional,0.2,clean,warehouse,22,11,1,84,96,12,False,False,False,,12
44,switch_d12,regime_conditional,0.2,clean,warehouse,23,11,1,96,102,6,False,False,False,,6
44,switch_d12,regime_conditional,0.2,observed,transit_smooth,0,0,2,60,72,12,True,True,False,0.0,0
44,switch_d12,regime_conditional,0.2,observed,transit_rough,1,0,0,120,126,6,True,True,False,2.0,2
44,switch_d12,regime_conditional,0.2,observed,transit_smooth,2,1,0,60,72,12,True,True,False,4.0,4
44,switch_d12,regime_conditional,0.2,observed,warehouse,3,1,2,36,42,6,True,True,False,3.0,3
44,switch_d12,regime_conditional,0.2,observed,warehouse,4,2,2,12,24,12,True,True,False,8.0,8
44,switch_d12,regime_conditional,0.2,observed,transit_smooth,5,2,1,84,90,6,True,True,False,1.0,1
44,switch_d12,regime_conditional,0.2,observed,warehouse,6,3,1,24,36,12,True,True,False,0.0,0
44,switch_d12,regime_conditional,0.2,observed,transit_rough,7,3,2,144,150,6,True,True,False,3.0,3
44,switch_d12,regime_conditional,0.2,observed,transit_smooth,8,4,2,12,24,12,True,True,False,0.0,0
44,switch_d12,regime_conditional,0.2,observed,transit_rough,9,4,1,108,114,6,True,True,False,1.0,1
44,switch_d12,regime_conditional,0.2,observed,transit_rough,10,5,0,84,96,12,True,True,False,1.0,1
44,switch_d12,regime_conditional,0.2,observed,transit_smooth,11,5,1,0,6,6,True,True,False,2.0,2
44,switch_d12,regime_conditional,0.2,observed,transit_rough,12,6,2,60,72,12,True,True,False,0.0,0
44,switch_d12,regime_conditional,0.2,observed,transit_smooth,13,6,2,12,18,6,True,True,False,2.0,2
44,switch_d12,regime_conditional,0.2,observed,transit_rough,14,7,1,96,108,12,True,True,False,1.0,1
44,switch_d12,regime_conditional,0.2,observed,transit_rough,15,7,1,108,114,6,True,False,True,,6
44,switch_d12,regime_conditional,0.2,observed,transit_rough,16,8,0,12,24,12,True,True,False,6.0,6
44,switch_d12,regime_conditional,0.2,observed,transit_smooth,17,8,1,120,126,6,True,True,False,0.0,0
44,switch_d12,regime_conditional,0.2,observed,warehouse,18,9,1,84,96,12,True,True,False,2.0,2
44,switch_d12,regime_conditional,0.2,observed,transit_rough,19,9,1,48,54,6,True,True,False,2.0,2
44,switch_d12,regime_conditional,0.2,observed,transit_rough,20,10,0,36,48,12,True,True,False,3.0,3
44,switch_d12,regime_conditional,0.2,observed,transit_smooth,21,10,0,132,138,6,True,True,False,2.0,2
44,switch_d12,regime_conditional,0.2,observed,warehouse,22,11,1,84,96,12,True,True,False,0.0,0
44,switch_d12,regime_conditional,0.2,observed,warehouse,23,11,1,96,102,6,True,True,True,5.0,5
45,steady_m05,regime_marginal,1.0,clean,warehouse,0,0,0,48,60,12,False,False,False,,12
45,steady_m05,regime_marginal,1.0,clean,warehouse,1,0,1,0,6,6,False,False,False,,6
45,steady_m05,regime_marginal,1.0,clean,warehouse,2,1,1,168,180,12,False,False,False,,12
45,steady_m05,regime_marginal,1.0,clean,warehouse,3,1,2,12,18,6,False,False,False,,6
45,steady_m05,regime_marginal,1.0,clean,warehouse,4,2,0,84,96,12,False,False,False,,12
45,steady_m05,regime_marginal,1.0,clean,warehouse,5,2,1,48,54,6,False,False,False,,6
45,steady_m05,regime_marginal,1.0,clean,warehouse,6,3,0,72,84,12,False,False,False,,12
45,steady_m05,regime_marginal,1.0,clean,warehouse,7,3,0,48,54,6,False,False,False,,6
45,steady_m05,regime_marginal,1.0,clean,transit_smooth,8,4,1,168,180,12,False,False,False,,12
45,steady_m05,regime_marginal,1.0,clean,transit_smooth,9,4,0,60,66,6,False,False,False,,6
45,steady_m05,regime_marginal,1.0,clean,transit_smooth,10,5,2,36,48,12,False,False,False,,12
45,steady_m05,regime_marginal,1.0,clean,transit_smooth,11,5,1,84,90,6,False,False,False,,6
45,steady_m05,regime_marginal,1.0,clean,transit_smooth,12,6,1,84,96,12,False,False,False,,12
45,steady_m05,regime_marginal,1.0,clean,transit_smooth,13,6,2,120,126,6,False,False,False,,6
45,steady_m05,regime_marginal,1.0,clean,transit_smooth,14,7,0,132,144,12,False,False,False,,12
45,steady_m05,regime_marginal,1.0,clean,transit_smooth,15,7,1,48,54,6,False,False,False,,6
45,steady_m05,regime_marginal,1.0,clean,transit_rough,16,8,0,72,84,12,False,False,False,,12
45,steady_m05,regime_marginal,1.0,clean,transit_rough,17,8,0,168,174,6,False,False,False,,6
45,steady_m05,regime_marginal,1.0,clean,transit_rough,18,9,2,72,84,12,False,False,False,,12
45,steady_m05,regime_marginal,1.0,clean,transit_rough,19,9,0,168,174,6,False,False,False,,6
45,steady_m05,regime_marginal,1.0,clean,transit_rough,20,10,1,96,108,12,False,False,False,,12
45,steady_m05,regime_marginal,1.0,clean,transit_rough,21,10,1,84,90,6,False,False,False,,6
45,steady_m05,regime_marginal,1.0,clean,transit_rough,22,11,0,156,168,12,False,False,False,,12
45,steady_m05,regime_marginal,1.0,clean,transit_rough,23,11,1,120,126,6,False,False,False,,6
45,steady_m05,regime_marginal,1.0,observed,warehouse,0,0,0,48,60,12,False,False,False,,12
45,steady_m05,regime_marginal,1.0,observed,warehouse,1,0,1,0,6,6,False,False,False,,6
45,steady_m05,regime_marginal,1.0,observed,warehouse,2,1,1,168,180,12,False,False,False,,12
45,steady_m05,regime_marginal,1.0,observed,warehouse,3,1,2,12,18,6,False,False,False,,6
45,steady_m05,regime_marginal,1.0,observed,warehouse,4,2,0,84,96,12,False,False,False,,12
45,steady_m05,regime_marginal,1.0,observed,warehouse,5,2,1,48,54,6,False,False,False,,6
45,steady_m05,regime_marginal,1.0,observed,warehouse,6,3,0,72,84,12,False,False,False,,12
45,steady_m05,regime_marginal,1.0,observed,warehouse,7,3,0,48,54,6,False,False,False,,6
45,steady_m05,regime_marginal,1.0,observed,transit_smooth,8,4,1,168,180,12,False,False,False,,12
45,steady_m05,regime_marginal,1.0,observed,transit_smooth,9,4,0,60,66,6,False,False,False,,6
45,steady_m05,regime_marginal,1.0,observed,transit_smooth,10,5,2,36,48,12,False,False,False,,12
45,steady_m05,regime_marginal,1.0,observed,transit_smooth,11,5,1,84,90,6,False,False,False,,6
45,steady_m05,regime_marginal,1.0,observed,transit_smooth,12,6,1,84,96,12,False,False,False,,12
45,steady_m05,regime_marginal,1.0,observed,transit_smooth,13,6,2,120,126,6,False,False,False,,6
45,steady_m05,regime_marginal,1.0,observed,transit_smooth,14,7,0,132,144,12,False,False,False,,12
45,steady_m05,regime_marginal,1.0,observed,transit_smooth,15,7,1,48,54,6,False,False,False,,6
45,steady_m05,regime_marginal,1.0,observed,transit_rough,16,8,0,72,84,12,False,False,False,,12
45,steady_m05,regime_marginal,1.0,observed,transit_rough,17,8,0,168,174,6,False,False,False,,6
45,steady_m05,regime_marginal,1.0,observed,transit_rough,18,9,2,72,84,12,False,False,False,,12
45,steady_m05,regime_marginal,1.0,observed,transit_rough,19,9,0,168,174,6,False,False,False,,6
45,steady_m05,regime_marginal,1.0,observed,transit_rough,20,10,1,96,108,12,True,True,False,9.0,9
45,steady_m05,regime_marginal,1.0,observed,transit_rough,21,10,1,84,90,6,False,False,False,,6
45,steady_m05,regime_marginal,1.0,observed,transit_rough,22,11,0,156,168,12,True,True,False,7.0,7
45,steady_m05,regime_marginal,1.0,observed,transit_rough,23,11,1,120,126,6,False,False,False,,6
45,steady_m05,regime_marginal,0.2,clean,warehouse,0,0,0,48,60,12,False,False,False,,12
45,steady_m05,regime_marginal,0.2,clean,warehouse,1,0,1,0,6,6,False,False,False,,6
45,steady_m05,regime_marginal,0.2,clean,warehouse,2,1,1,168,180,12,False,False,False,,12
45,steady_m05,regime_marginal,0.2,clean,warehouse,3,1,2,12,18,6,False,False,False,,6
45,steady_m05,regime_marginal,0.2,clean,warehouse,4,2,0,84,96,12,False,False,False,,12
45,steady_m05,regime_marginal,0.2,clean,warehouse,5,2,1,48,54,6,False,False,False,,6
45,steady_m05,regime_marginal,0.2,clean,warehouse,6,3,0,72,84,12,False,False,False,,12
45,steady_m05,regime_marginal,0.2,clean,warehouse,7,3,0,48,54,6,False,False,False,,6
45,steady_m05,regime_marginal,0.2,clean,transit_smooth,8,4,1,168,180,12,False,False,False,,12
45,steady_m05,regime_marginal,0.2,clean,transit_smooth,9,4,0,60,66,6,False,False,False,,6
45,steady_m05,regime_marginal,0.2,clean,transit_smooth,10,5,2,36,48,12,False,False,False,,12
45,steady_m05,regime_marginal,0.2,clean,transit_smooth,11,5,1,84,90,6,False,False,False,,6
45,steady_m05,regime_marginal,0.2,clean,transit_smooth,12,6,1,84,96,12,False,False,False,,12
45,steady_m05,regime_marginal,0.2,clean,transit_smooth,13,6,2,120,126,6,False,False,False,,6
45,steady_m05,regime_marginal,0.2,clean,transit_smooth,14,7,0,132,144,12,False,False,False,,12
45,steady_m05,regime_marginal,0.2,clean,transit_smooth,15,7,1,48,54,6,False,False,False,,6
45,steady_m05,regime_marginal,0.2,clean,transit_rough,16,8,0,72,84,12,False,False,False,,12
45,steady_m05,regime_marginal,0.2,clean,transit_rough,17,8,0,168,174,6,False,False,False,,6
45,steady_m05,regime_marginal,0.2,clean,transit_rough,18,9,2,72,84,12,False,False,False,,12
45,steady_m05,regime_marginal,0.2,clean,transit_rough,19,9,0,168,174,6,False,False,False,,6
45,steady_m05,regime_marginal,0.2,clean,transit_rough,20,10,1,96,108,12,False,False,False,,12
45,steady_m05,regime_marginal,0.2,clean,transit_rough,21,10,1,84,90,6,False,False,False,,6
45,steady_m05,regime_marginal,0.2,clean,transit_rough,22,11,0,156,168,12,False,False,False,,12
45,steady_m05,regime_marginal,0.2,clean,transit_rough,23,11,1,120,126,6,False,False,False,,6
45,steady_m05,regime_marginal,0.2,observed,warehouse,0,0,0,48,60,12,False,False,False,,12
45,steady_m05,regime_marginal,0.2,observed,warehouse,1,0,1,0,6,6,False,False,False,,6
45,steady_m05,regime_marginal,0.2,observed,warehouse,2,1,1,168,180,12,False,False,False,,12
45,steady_m05,regime_marginal,0.2,observed,warehouse,3,1,2,12,18,6,False,False,False,,6
45,steady_m05,regime_marginal,0.2,observed,warehouse,4,2,0,84,96,12,False,False,False,,12
45,steady_m05,regime_marginal,0.2,observed,warehouse,5,2,1,48,54,6,False,False,False,,6
45,steady_m05,regime_marginal,0.2,observed,warehouse,6,3,0,72,84,12,False,False,False,,12
45,steady_m05,regime_marginal,0.2,observed,warehouse,7,3,0,48,54,6,False,False,False,,6
45,steady_m05,regime_marginal,0.2,observed,transit_smooth,8,4,1,168,180,12,False,False,False,,12
45,steady_m05,regime_marginal,0.2,observed,transit_smooth,9,4,0,60,66,6,False,False,False,,6
45,steady_m05,regime_marginal,0.2,observed,transit_smooth,10,5,2,36,48,12,False,False,False,,12
45,steady_m05,regime_marginal,0.2,observed,transit_smooth,11,5,1,84,90,6,False,False,False,,6
45,steady_m05,regime_marginal,0.2,observed,transit_smooth,12,6,1,84,96,12,False,False,False,,12
45,steady_m05,regime_marginal,0.2,observed,transit_smooth,13,6,2,120,126,6,False,False,False,,6
45,steady_m05,regime_marginal,0.2,observed,transit_smooth,14,7,0,132,144,12,False,False,False,,12
45,steady_m05,regime_marginal,0.2,observed,transit_smooth,15,7,1,48,54,6,True,True,False,5.0,5
45,steady_m05,regime_marginal,0.2,observed,transit_rough,16,8,0,72,84,12,False,False,False,,12
45,steady_m05,regime_marginal,0.2,observed,transit_rough,17,8,0,168,174,6,False,False,False,,6
45,steady_m05,regime_marginal,0.2,observed,transit_rough,18,9,2,72,84,12,False,False,False,,12
45,steady_m05,regime_marginal,0.2,observed,transit_rough,19,9,0,168,174,6,False,False,False,,6
45,steady_m05,regime_marginal,0.2,observed,transit_rough,20,10,1,96,108,12,False,False,False,,12
45,steady_m05,regime_marginal,0.2,observed,transit_rough,21,10,1,84,90,6,False,False,False,,6
45,steady_m05,regime_marginal,0.2,observed,transit_rough,22,11,0,156,168,12,False,False,False,,12
45,steady_m05,regime_marginal,0.2,observed,transit_rough,23,11,1,120,126,6,False,False,False,,6
45,steady_m05,regime_conditional,1.0,clean,warehouse,0,0,0,48,60,12,False,False,False,,12
45,steady_m05,regime_conditional,1.0,clean,warehouse,1,0,1,0,6,6,False,False,False,,6
45,steady_m05,regime_conditional,1.0,clean,warehouse,2,1,1,168,180,12,False,False,False,,12
45,steady_m05,regime_conditional,1.0,clean,warehouse,3,1,2,12,18,6,False,False,False,,6
45,steady_m05,regime_conditional,1.0,clean,warehouse,4,2,0,84,96,12,False,False,False,,12
45,steady_m05,regime_conditional,1.0,clean,warehouse,5,2,1,48,54,6,False,False,False,,6
45,steady_m05,regime_conditional,1.0,clean,warehouse,6,3,0,72,84,12,False,False,False,,12
45,steady_m05,regime_conditional,1.0,clean,warehouse,7,3,0,48,54,6,False,False,False,,6
45,steady_m05,regime_conditional,1.0,clean,transit_smooth,8,4,1,168,180,12,True,True,False,9.0,9
45,steady_m05,regime_conditional,1.0,clean,transit_smooth,9,4,0,60,66,6,False,False,False,,6
45,steady_m05,regime_conditional,1.0,clean,transit_smooth,10,5,2,36,48,12,False,False,False,,12
45,steady_m05,regime_conditional,1.0,clean,transit_smooth,11,5,1,84,90,6,False,False,False,,6
45,steady_m05,regime_conditional,1.0,clean,transit_smooth,12,6,1,84,96,12,True,True,False,11.0,11
45,steady_m05,regime_conditional,1.0,clean,transit_smooth,13,6,2,120,126,6,False,False,True,,6
45,steady_m05,regime_conditional,1.0,clean,transit_smooth,14,7,0,132,144,12,False,False,False,,12
45,steady_m05,regime_conditional,1.0,clean,transit_smooth,15,7,1,48,54,6,False,False,False,,6
45,steady_m05,regime_conditional,1.0,clean,transit_rough,16,8,0,72,84,12,False,False,False,,12
45,steady_m05,regime_conditional,1.0,clean,transit_rough,17,8,0,168,174,6,True,True,False,1.0,1
45,steady_m05,regime_conditional,1.0,clean,transit_rough,18,9,2,72,84,12,False,False,False,,12
45,steady_m05,regime_conditional,1.0,clean,transit_rough,19,9,0,168,174,6,False,False,False,,6
45,steady_m05,regime_conditional,1.0,clean,transit_rough,20,10,1,96,108,12,False,False,False,,12
45,steady_m05,regime_conditional,1.0,clean,transit_rough,21,10,1,84,90,6,False,False,False,,6
45,steady_m05,regime_conditional,1.0,clean,transit_rough,22,11,0,156,168,12,False,False,False,,12
45,steady_m05,regime_conditional,1.0,clean,transit_rough,23,11,1,120,126,6,False,False,False,,6
45,steady_m05,regime_conditional,1.0,observed,warehouse,0,0,0,48,60,12,False,False,False,,12
45,steady_m05,regime_conditional,1.0,observed,warehouse,1,0,1,0,6,6,True,True,False,1.0,1
45,steady_m05,regime_conditional,1.0,observed,warehouse,2,1,1,168,180,12,False,False,False,,12
45,steady_m05,regime_conditional,1.0,observed,warehouse,3,1,2,12,18,6,False,False,False,,6
45,steady_m05,regime_conditional,1.0,observed,warehouse,4,2,0,84,96,12,False,False,False,,12
45,steady_m05,regime_conditional,1.0,observed,warehouse,5,2,1,48,54,6,False,False,False,,6
45,steady_m05,regime_conditional,1.0,observed,warehouse,6,3,0,72,84,12,False,False,False,,12
45,steady_m05,regime_conditional,1.0,observed,warehouse,7,3,0,48,54,6,False,False,False,,6
45,steady_m05,regime_conditional,1.0,observed,transit_smooth,8,4,1,168,180,12,True,True,False,11.0,11
45,steady_m05,regime_conditional,1.0,observed,transit_smooth,9,4,0,60,66,6,False,False,False,,6
45,steady_m05,regime_conditional,1.0,observed,transit_smooth,10,5,2,36,48,12,False,False,False,,12
45,steady_m05,regime_conditional,1.0,observed,transit_smooth,11,5,1,84,90,6,False,False,False,,6
45,steady_m05,regime_conditional,1.0,observed,transit_smooth,12,6,1,84,96,12,False,False,False,,12
45,steady_m05,regime_conditional,1.0,observed,transit_smooth,13,6,2,120,126,6,False,False,True,,6
45,steady_m05,regime_conditional,1.0,observed,transit_smooth,14,7,0,132,144,12,True,True,False,5.0,5
45,steady_m05,regime_conditional,1.0,observed,transit_smooth,15,7,1,48,54,6,False,False,False,,6
45,steady_m05,regime_conditional,1.0,observed,transit_rough,16,8,0,72,84,12,False,False,False,,12
45,steady_m05,regime_conditional,1.0,observed,transit_rough,17,8,0,168,174,6,False,False,False,,6
45,steady_m05,regime_conditional,1.0,observed,transit_rough,18,9,2,72,84,12,False,False,False,,12
45,steady_m05,regime_conditional,1.0,observed,transit_rough,19,9,0,168,174,6,False,False,False,,6
45,steady_m05,regime_conditional,1.0,observed,transit_rough,20,10,1,96,108,12,False,False,False,,12
45,steady_m05,regime_conditional,1.0,observed,transit_rough,21,10,1,84,90,6,False,False,False,,6
45,steady_m05,regime_conditional,1.0,observed,transit_rough,22,11,0,156,168,12,False,False,False,,12
45,steady_m05,regime_conditional,1.0,observed,transit_rough,23,11,1,120,126,6,False,False,False,,6
45,steady_m05,regime_conditional,0.2,clean,warehouse,0,0,0,48,60,12,False,False,False,,12
45,steady_m05,regime_conditional,0.2,clean,warehouse,1,0,1,0,6,6,False,False,False,,6
45,steady_m05,regime_conditional,0.2,clean,warehouse,2,1,1,168,180,12,False,False,False,,12
45,steady_m05,regime_conditional,0.2,clean,warehouse,3,1,2,12,18,6,False,False,False,,6
45,steady_m05,regime_conditional,0.2,clean,warehouse,4,2,0,84,96,12,False,False,False,,12
45,steady_m05,regime_conditional,0.2,clean,warehouse,5,2,1,48,54,6,False,False,False,,6
45,steady_m05,regime_conditional,0.2,clean,warehouse,6,3,0,72,84,12,False,False,False,,12
45,steady_m05,regime_conditional,0.2,clean,warehouse,7,3,0,48,54,6,False,False,False,,6
45,steady_m05,regime_conditional,0.2,clean,transit_smooth,8,4,1,168,180,12,True,True,False,9.0,9
45,steady_m05,regime_conditional,0.2,clean,transit_smooth,9,4,0,60,66,6,False,False,False,,6
45,steady_m05,regime_conditional,0.2,clean,transit_smooth,10,5,2,36,48,12,False,False,False,,12
45,steady_m05,regime_conditional,0.2,clean,transit_smooth,11,5,1,84,90,6,False,False,False,,6
45,steady_m05,regime_conditional,0.2,clean,transit_smooth,12,6,1,84,96,12,False,False,False,,12
45,steady_m05,regime_conditional,0.2,clean,transit_smooth,13,6,2,120,126,6,False,False,False,,6
45,steady_m05,regime_conditional,0.2,clean,transit_smooth,14,7,0,132,144,12,False,False,False,,12
45,steady_m05,regime_conditional,0.2,clean,transit_smooth,15,7,1,48,54,6,False,False,False,,6
45,steady_m05,regime_conditional,0.2,clean,transit_rough,16,8,0,72,84,12,False,False,False,,12
45,steady_m05,regime_conditional,0.2,clean,transit_rough,17,8,0,168,174,6,False,False,False,,6
45,steady_m05,regime_conditional,0.2,clean,transit_rough,18,9,2,72,84,12,False,False,False,,12
45,steady_m05,regime_conditional,0.2,clean,transit_rough,19,9,0,168,174,6,False,False,False,,6
45,steady_m05,regime_conditional,0.2,clean,transit_rough,20,10,1,96,108,12,False,False,False,,12
45,steady_m05,regime_conditional,0.2,clean,transit_rough,21,10,1,84,90,6,False,False,False,,6
45,steady_m05,regime_conditional,0.2,clean,transit_rough,22,11,0,156,168,12,False,False,False,,12
45,steady_m05,regime_conditional,0.2,clean,transit_rough,23,11,1,120,126,6,False,False,False,,6
45,steady_m05,regime_conditional,0.2,observed,warehouse,0,0,0,48,60,12,False,False,False,,12
45,steady_m05,regime_conditional,0.2,observed,warehouse,1,0,1,0,6,6,True,True,False,5.0,5
45,steady_m05,regime_conditional,0.2,observed,warehouse,2,1,1,168,180,12,False,False,False,,12
45,steady_m05,regime_conditional,0.2,observed,warehouse,3,1,2,12,18,6,True,True,False,3.0,3
45,steady_m05,regime_conditional,0.2,observed,warehouse,4,2,0,84,96,12,False,False,False,,12
45,steady_m05,regime_conditional,0.2,observed,warehouse,5,2,1,48,54,6,False,False,False,,6
45,steady_m05,regime_conditional,0.2,observed,warehouse,6,3,0,72,84,12,True,True,False,5.0,5
45,steady_m05,regime_conditional,0.2,observed,warehouse,7,3,0,48,54,6,False,False,False,,6
45,steady_m05,regime_conditional,0.2,observed,transit_smooth,8,4,1,168,180,12,False,False,False,,12
45,steady_m05,regime_conditional,0.2,observed,transit_smooth,9,4,0,60,66,6,False,False,False,,6
45,steady_m05,regime_conditional,0.2,observed,transit_smooth,10,5,2,36,48,12,False,False,False,,12
45,steady_m05,regime_conditional,0.2,observed,transit_smooth,11,5,1,84,90,6,False,False,False,,6
45,steady_m05,regime_conditional,0.2,observed,transit_smooth,12,6,1,84,96,12,False,False,False,,12
45,steady_m05,regime_conditional,0.2,observed,transit_smooth,13,6,2,120,126,6,False,False,False,,6
45,steady_m05,regime_conditional,0.2,observed,transit_smooth,14,7,0,132,144,12,False,False,False,,12
45,steady_m05,regime_conditional,0.2,observed,transit_smooth,15,7,1,48,54,6,False,False,False,,6
45,steady_m05,regime_conditional,0.2,observed,transit_rough,16,8,0,72,84,12,False,False,False,,12
45,steady_m05,regime_conditional,0.2,observed,transit_rough,17,8,0,168,174,6,False,False,False,,6
45,steady_m05,regime_conditional,0.2,observed,transit_rough,18,9,2,72,84,12,False,False,False,,12
45,steady_m05,regime_conditional,0.2,observed,transit_rough,19,9,0,168,174,6,False,False,False,,6
45,steady_m05,regime_conditional,0.2,observed,transit_rough,20,10,1,96,108,12,True,True,False,9.0,9
45,steady_m05,regime_conditional,0.2,observed,transit_rough,21,10,1,84,90,6,False,False,False,,6
45,steady_m05,regime_conditional,0.2,observed,transit_rough,22,11,0,156,168,12,False,False,False,,12
45,steady_m05,regime_conditional,0.2,observed,transit_rough,23,11,1,120,126,6,False,False,False,,6
45,steady_m1,regime_marginal,1.0,clean,warehouse,0,0,0,48,60,12,False,False,False,,12
45,steady_m1,regime_marginal,1.0,clean,warehouse,1,0,1,0,6,6,False,False,False,,6
45,steady_m1,regime_marginal,1.0,clean,warehouse,2,1,1,168,180,12,False,False,False,,12
45,steady_m1,regime_marginal,1.0,clean,warehouse,3,1,2,12,18,6,False,False,False,,6
45,steady_m1,regime_marginal,1.0,clean,warehouse,4,2,0,84,96,12,False,False,False,,12
45,steady_m1,regime_marginal,1.0,clean,warehouse,5,2,1,48,54,6,False,False,False,,6
45,steady_m1,regime_marginal,1.0,clean,warehouse,6,3,0,72,84,12,False,False,False,,12
45,steady_m1,regime_marginal,1.0,clean,warehouse,7,3,0,48,54,6,False,False,False,,6
45,steady_m1,regime_marginal,1.0,clean,transit_smooth,8,4,1,168,180,12,False,False,False,,12
45,steady_m1,regime_marginal,1.0,clean,transit_smooth,9,4,0,60,66,6,False,False,False,,6
45,steady_m1,regime_marginal,1.0,clean,transit_smooth,10,5,2,36,48,12,False,False,False,,12
45,steady_m1,regime_marginal,1.0,clean,transit_smooth,11,5,1,84,90,6,False,False,False,,6
45,steady_m1,regime_marginal,1.0,clean,transit_smooth,12,6,1,84,96,12,False,False,False,,12
45,steady_m1,regime_marginal,1.0,clean,transit_smooth,13,6,2,120,126,6,False,False,False,,6
45,steady_m1,regime_marginal,1.0,clean,transit_smooth,14,7,0,132,144,12,False,False,False,,12
45,steady_m1,regime_marginal,1.0,clean,transit_smooth,15,7,1,48,54,6,False,False,False,,6
45,steady_m1,regime_marginal,1.0,clean,transit_rough,16,8,0,72,84,12,False,False,False,,12
45,steady_m1,regime_marginal,1.0,clean,transit_rough,17,8,0,168,174,6,False,False,False,,6
45,steady_m1,regime_marginal,1.0,clean,transit_rough,18,9,2,72,84,12,False,False,False,,12
45,steady_m1,regime_marginal,1.0,clean,transit_rough,19,9,0,168,174,6,False,False,False,,6
45,steady_m1,regime_marginal,1.0,clean,transit_rough,20,10,1,96,108,12,False,False,False,,12
45,steady_m1,regime_marginal,1.0,clean,transit_rough,21,10,1,84,90,6,False,False,False,,6
45,steady_m1,regime_marginal,1.0,clean,transit_rough,22,11,0,156,168,12,False,False,False,,12
45,steady_m1,regime_marginal,1.0,clean,transit_rough,23,11,1,120,126,6,False,False,False,,6
45,steady_m1,regime_marginal,1.0,observed,warehouse,0,0,0,48,60,12,False,False,False,,12
45,steady_m1,regime_marginal,1.0,observed,warehouse,1,0,1,0,6,6,True,True,False,1.0,1
45,steady_m1,regime_marginal,1.0,observed,warehouse,2,1,1,168,180,12,False,False,False,,12
45,steady_m1,regime_marginal,1.0,observed,warehouse,3,1,2,12,18,6,True,True,False,3.0,3
45,steady_m1,regime_marginal,1.0,observed,warehouse,4,2,0,84,96,12,False,False,False,,12
45,steady_m1,regime_marginal,1.0,observed,warehouse,5,2,1,48,54,6,True,True,False,5.0,5
45,steady_m1,regime_marginal,1.0,observed,warehouse,6,3,0,72,84,12,False,False,False,,12
45,steady_m1,regime_marginal,1.0,observed,warehouse,7,3,0,48,54,6,False,False,False,,6
45,steady_m1,regime_marginal,1.0,observed,transit_smooth,8,4,1,168,180,12,True,True,False,11.0,11
45,steady_m1,regime_marginal,1.0,observed,transit_smooth,9,4,0,60,66,6,False,False,False,,6
45,steady_m1,regime_marginal,1.0,observed,transit_smooth,10,5,2,36,48,12,False,False,False,,12
45,steady_m1,regime_marginal,1.0,observed,transit_smooth,11,5,1,84,90,6,False,False,False,,6
45,steady_m1,regime_marginal,1.0,observed,transit_smooth,12,6,1,84,96,12,False,False,False,,12
45,steady_m1,regime_marginal,1.0,observed,transit_smooth,13,6,2,120,126,6,False,False,False,,6
45,steady_m1,regime_marginal,1.0,observed,transit_smooth,14,7,0,132,144,12,False,False,False,,12
45,steady_m1,regime_marginal,1.0,observed,transit_smooth,15,7,1,48,54,6,True,True,False,3.0,3
45,steady_m1,regime_marginal,1.0,observed,transit_rough,16,8,0,72,84,12,False,False,False,,12
45,steady_m1,regime_marginal,1.0,observed,transit_rough,17,8,0,168,174,6,False,False,False,,6
45,steady_m1,regime_marginal,1.0,observed,transit_rough,18,9,2,72,84,12,False,False,False,,12
45,steady_m1,regime_marginal,1.0,observed,transit_rough,19,9,0,168,174,6,False,False,False,,6
45,steady_m1,regime_marginal,1.0,observed,transit_rough,20,10,1,96,108,12,True,True,False,5.0,5
45,steady_m1,regime_marginal,1.0,observed,transit_rough,21,10,1,84,90,6,False,False,False,,6
45,steady_m1,regime_marginal,1.0,observed,transit_rough,22,11,0,156,168,12,True,True,False,7.0,7
45,steady_m1,regime_marginal,1.0,observed,transit_rough,23,11,1,120,126,6,False,False,False,,6
45,steady_m1,regime_marginal,0.2,clean,warehouse,0,0,0,48,60,12,False,False,False,,12
45,steady_m1,regime_marginal,0.2,clean,warehouse,1,0,1,0,6,6,False,False,False,,6
45,steady_m1,regime_marginal,0.2,clean,warehouse,2,1,1,168,180,12,False,False,False,,12
45,steady_m1,regime_marginal,0.2,clean,warehouse,3,1,2,12,18,6,False,False,False,,6
45,steady_m1,regime_marginal,0.2,clean,warehouse,4,2,0,84,96,12,False,False,False,,12
45,steady_m1,regime_marginal,0.2,clean,warehouse,5,2,1,48,54,6,False,False,False,,6
45,steady_m1,regime_marginal,0.2,clean,warehouse,6,3,0,72,84,12,False,False,False,,12
45,steady_m1,regime_marginal,0.2,clean,warehouse,7,3,0,48,54,6,False,False,False,,6
45,steady_m1,regime_marginal,0.2,clean,transit_smooth,8,4,1,168,180,12,False,False,False,,12
45,steady_m1,regime_marginal,0.2,clean,transit_smooth,9,4,0,60,66,6,False,False,False,,6
45,steady_m1,regime_marginal,0.2,clean,transit_smooth,10,5,2,36,48,12,False,False,False,,12
45,steady_m1,regime_marginal,0.2,clean,transit_smooth,11,5,1,84,90,6,False,False,False,,6
45,steady_m1,regime_marginal,0.2,clean,transit_smooth,12,6,1,84,96,12,False,False,False,,12
45,steady_m1,regime_marginal,0.2,clean,transit_smooth,13,6,2,120,126,6,False,False,False,,6
45,steady_m1,regime_marginal,0.2,clean,transit_smooth,14,7,0,132,144,12,False,False,False,,12
45,steady_m1,regime_marginal,0.2,clean,transit_smooth,15,7,1,48,54,6,False,False,False,,6
45,steady_m1,regime_marginal,0.2,clean,transit_rough,16,8,0,72,84,12,False,False,False,,12
45,steady_m1,regime_marginal,0.2,clean,transit_rough,17,8,0,168,174,6,False,False,False,,6
45,steady_m1,regime_marginal,0.2,clean,transit_rough,18,9,2,72,84,12,False,False,False,,12
45,steady_m1,regime_marginal,0.2,clean,transit_rough,19,9,0,168,174,6,False,False,False,,6
45,steady_m1,regime_marginal,0.2,clean,transit_rough,20,10,1,96,108,12,False,False,False,,12
45,steady_m1,regime_marginal,0.2,clean,transit_rough,21,10,1,84,90,6,False,False,False,,6
45,steady_m1,regime_marginal,0.2,clean,transit_rough,22,11,0,156,168,12,False,False,False,,12
45,steady_m1,regime_marginal,0.2,clean,transit_rough,23,11,1,120,126,6,False,False,False,,6
45,steady_m1,regime_marginal,0.2,observed,warehouse,0,0,0,48,60,12,False,False,False,,12
45,steady_m1,regime_marginal,0.2,observed,warehouse,1,0,1,0,6,6,False,False,False,,6
45,steady_m1,regime_marginal,0.2,observed,warehouse,2,1,1,168,180,12,False,False,False,,12
45,steady_m1,regime_marginal,0.2,observed,warehouse,3,1,2,12,18,6,False,False,False,,6
45,steady_m1,regime_marginal,0.2,observed,warehouse,4,2,0,84,96,12,True,True,False,6.0,6
45,steady_m1,regime_marginal,0.2,observed,warehouse,5,2,1,48,54,6,False,False,False,,6
45,steady_m1,regime_marginal,0.2,observed,warehouse,6,3,0,72,84,12,False,False,False,,12
45,steady_m1,regime_marginal,0.2,observed,warehouse,7,3,0,48,54,6,False,False,False,,6
45,steady_m1,regime_marginal,0.2,observed,transit_smooth,8,4,1,168,180,12,False,False,False,,12
45,steady_m1,regime_marginal,0.2,observed,transit_smooth,9,4,0,60,66,6,False,False,False,,6
45,steady_m1,regime_marginal,0.2,observed,transit_smooth,10,5,2,36,48,12,True,True,False,11.0,11
45,steady_m1,regime_marginal,0.2,observed,transit_smooth,11,5,1,84,90,6,False,False,False,,6
45,steady_m1,regime_marginal,0.2,observed,transit_smooth,12,6,1,84,96,12,False,False,False,,12
45,steady_m1,regime_marginal,0.2,observed,transit_smooth,13,6,2,120,126,6,False,False,False,,6
45,steady_m1,regime_marginal,0.2,observed,transit_smooth,14,7,0,132,144,12,False,False,False,,12
45,steady_m1,regime_marginal,0.2,observed,transit_smooth,15,7,1,48,54,6,True,True,False,3.0,3
45,steady_m1,regime_marginal,0.2,observed,transit_rough,16,8,0,72,84,12,False,False,False,,12
45,steady_m1,regime_marginal,0.2,observed,transit_rough,17,8,0,168,174,6,False,False,False,,6
45,steady_m1,regime_marginal,0.2,observed,transit_rough,18,9,2,72,84,12,False,False,False,,12
45,steady_m1,regime_marginal,0.2,observed,transit_rough,19,9,0,168,174,6,False,False,False,,6
45,steady_m1,regime_marginal,0.2,observed,transit_rough,20,10,1,96,108,12,True,True,False,5.0,5
45,steady_m1,regime_marginal,0.2,observed,transit_rough,21,10,1,84,90,6,False,False,False,,6
45,steady_m1,regime_marginal,0.2,observed,transit_rough,22,11,0,156,168,12,False,False,False,,12
45,steady_m1,regime_marginal,0.2,observed,transit_rough,23,11,1,120,126,6,False,False,False,,6
45,steady_m1,regime_conditional,1.0,clean,warehouse,0,0,0,48,60,12,False,False,False,,12
45,steady_m1,regime_conditional,1.0,clean,warehouse,1,0,1,0,6,6,False,False,False,,6
45,steady_m1,regime_conditional,1.0,clean,warehouse,2,1,1,168,180,12,False,False,False,,12
45,steady_m1,regime_conditional,1.0,clean,warehouse,3,1,2,12,18,6,False,False,False,,6
45,steady_m1,regime_conditional,1.0,clean,warehouse,4,2,0,84,96,12,False,False,False,,12
45,steady_m1,regime_conditional,1.0,clean,warehouse,5,2,1,48,54,6,False,False,False,,6
45,steady_m1,regime_conditional,1.0,clean,warehouse,6,3,0,72,84,12,False,False,False,,12
45,steady_m1,regime_conditional,1.0,clean,warehouse,7,3,0,48,54,6,False,False,False,,6
45,steady_m1,regime_conditional,1.0,clean,transit_smooth,8,4,1,168,180,12,True,True,False,9.0,9
45,steady_m1,regime_conditional,1.0,clean,transit_smooth,9,4,0,60,66,6,False,False,False,,6
45,steady_m1,regime_conditional,1.0,clean,transit_smooth,10,5,2,36,48,12,False,False,False,,12
45,steady_m1,regime_conditional,1.0,clean,transit_smooth,11,5,1,84,90,6,False,False,False,,6
45,steady_m1,regime_conditional,1.0,clean,transit_smooth,12,6,1,84,96,12,True,True,False,11.0,11
45,steady_m1,regime_conditional,1.0,clean,transit_smooth,13,6,2,120,126,6,False,False,True,,6
45,steady_m1,regime_conditional,1.0,clean,transit_smooth,14,7,0,132,144,12,False,False,False,,12
45,steady_m1,regime_conditional,1.0,clean,transit_smooth,15,7,1,48,54,6,False,False,False,,6
45,steady_m1,regime_conditional,1.0,clean,transit_rough,16,8,0,72,84,12,False,False,False,,12
45,steady_m1,regime_conditional,1.0,clean,transit_rough,17,8,0,168,174,6,True,True,False,1.0,1
45,steady_m1,regime_conditional,1.0,clean,transit_rough,18,9,2,72,84,12,False,False,False,,12
45,steady_m1,regime_conditional,1.0,clean,transit_rough,19,9,0,168,174,6,False,False,False,,6
45,steady_m1,regime_conditional,1.0,clean,transit_rough,20,10,1,96,108,12,False,False,False,,12
45,steady_m1,regime_conditional,1.0,clean,transit_rough,21,10,1,84,90,6,False,False,False,,6
45,steady_m1,regime_conditional,1.0,clean,transit_rough,22,11,0,156,168,12,False,False,False,,12
45,steady_m1,regime_conditional,1.0,clean,transit_rough,23,11,1,120,126,6,False,False,False,,6
45,steady_m1,regime_conditional,1.0,observed,warehouse,0,0,0,48,60,12,False,False,False,,12
45,steady_m1,regime_conditional,1.0,observed,warehouse,1,0,1,0,6,6,True,True,False,1.0,1
45,steady_m1,regime_conditional,1.0,observed,warehouse,2,1,1,168,180,12,True,True,False,7.0,7
45,steady_m1,regime_conditional,1.0,observed,warehouse,3,1,2,12,18,6,True,True,False,2.0,2
45,steady_m1,regime_conditional,1.0,observed,warehouse,4,2,0,84,96,12,True,True,False,1.0,1
45,steady_m1,regime_conditional,1.0,observed,warehouse,5,2,1,48,54,6,True,True,False,5.0,5
45,steady_m1,regime_conditional,1.0,observed,warehouse,6,3,0,72,84,12,True,True,False,5.0,5
45,steady_m1,regime_conditional,1.0,observed,warehouse,7,3,0,48,54,6,False,False,False,,6
45,steady_m1,regime_conditional,1.0,observed,transit_smooth,8,4,1,168,180,12,True,True,False,11.0,11
45,steady_m1,regime_conditional,1.0,observed,transit_smooth,9,4,0,60,66,6,False,False,False,,6
45,steady_m1,regime_conditional,1.0,observed,transit_smooth,10,5,2,36,48,12,True,True,False,11.0,11
45,steady_m1,regime_conditional,1.0,observed,transit_smooth,11,5,1,84,90,6,False,False,False,,6
45,steady_m1,regime_conditional,1.0,observed,transit_smooth,12,6,1,84,96,12,False,False,False,,12
45,steady_m1,regime_conditional,1.0,observed,transit_smooth,13,6,2,120,126,6,False,False,True,,6
45,steady_m1,regime_conditional,1.0,observed,transit_smooth,14,7,0,132,144,12,True,True,False,5.0,5
45,steady_m1,regime_conditional,1.0,observed,transit_smooth,15,7,1,48,54,6,False,False,False,,6
45,steady_m1,regime_conditional,1.0,observed,transit_rough,16,8,0,72,84,12,True,True,False,4.0,4
45,steady_m1,regime_conditional,1.0,observed,transit_rough,17,8,0,168,174,6,False,False,False,,6
45,steady_m1,regime_conditional,1.0,observed,transit_rough,18,9,2,72,84,12,True,True,False,10.0,10
45,steady_m1,regime_conditional,1.0,observed,transit_rough,19,9,0,168,174,6,True,True,False,1.0,1
45,steady_m1,regime_conditional,1.0,observed,transit_rough,20,10,1,96,108,12,True,True,False,5.0,5
45,steady_m1,regime_conditional,1.0,observed,transit_rough,21,10,1,84,90,6,False,False,False,,6
45,steady_m1,regime_conditional,1.0,observed,transit_rough,22,11,0,156,168,12,True,True,False,7.0,7
45,steady_m1,regime_conditional,1.0,observed,transit_rough,23,11,1,120,126,6,False,False,False,,6
45,steady_m1,regime_conditional,0.2,clean,warehouse,0,0,0,48,60,12,False,False,False,,12
45,steady_m1,regime_conditional,0.2,clean,warehouse,1,0,1,0,6,6,False,False,False,,6
45,steady_m1,regime_conditional,0.2,clean,warehouse,2,1,1,168,180,12,False,False,False,,12
45,steady_m1,regime_conditional,0.2,clean,warehouse,3,1,2,12,18,6,False,False,False,,6
45,steady_m1,regime_conditional,0.2,clean,warehouse,4,2,0,84,96,12,False,False,False,,12
45,steady_m1,regime_conditional,0.2,clean,warehouse,5,2,1,48,54,6,False,False,False,,6
45,steady_m1,regime_conditional,0.2,clean,warehouse,6,3,0,72,84,12,False,False,False,,12
45,steady_m1,regime_conditional,0.2,clean,warehouse,7,3,0,48,54,6,False,False,False,,6
45,steady_m1,regime_conditional,0.2,clean,transit_smooth,8,4,1,168,180,12,True,True,False,9.0,9
45,steady_m1,regime_conditional,0.2,clean,transit_smooth,9,4,0,60,66,6,False,False,False,,6
45,steady_m1,regime_conditional,0.2,clean,transit_smooth,10,5,2,36,48,12,False,False,False,,12
45,steady_m1,regime_conditional,0.2,clean,transit_smooth,11,5,1,84,90,6,False,False,False,,6
45,steady_m1,regime_conditional,0.2,clean,transit_smooth,12,6,1,84,96,12,False,False,False,,12
45,steady_m1,regime_conditional,0.2,clean,transit_smooth,13,6,2,120,126,6,False,False,False,,6
45,steady_m1,regime_conditional,0.2,clean,transit_smooth,14,7,0,132,144,12,False,False,False,,12
45,steady_m1,regime_conditional,0.2,clean,transit_smooth,15,7,1,48,54,6,False,False,False,,6
45,steady_m1,regime_conditional,0.2,clean,transit_rough,16,8,0,72,84,12,False,False,False,,12
45,steady_m1,regime_conditional,0.2,clean,transit_rough,17,8,0,168,174,6,False,False,False,,6
45,steady_m1,regime_conditional,0.2,clean,transit_rough,18,9,2,72,84,12,False,False,False,,12
45,steady_m1,regime_conditional,0.2,clean,transit_rough,19,9,0,168,174,6,False,False,False,,6
45,steady_m1,regime_conditional,0.2,clean,transit_rough,20,10,1,96,108,12,False,False,False,,12
45,steady_m1,regime_conditional,0.2,clean,transit_rough,21,10,1,84,90,6,False,False,False,,6
45,steady_m1,regime_conditional,0.2,clean,transit_rough,22,11,0,156,168,12,False,False,False,,12
45,steady_m1,regime_conditional,0.2,clean,transit_rough,23,11,1,120,126,6,False,False,False,,6
45,steady_m1,regime_conditional,0.2,observed,warehouse,0,0,0,48,60,12,False,False,False,,12
45,steady_m1,regime_conditional,0.2,observed,warehouse,1,0,1,0,6,6,True,True,False,1.0,1
45,steady_m1,regime_conditional,0.2,observed,warehouse,2,1,1,168,180,12,True,True,False,7.0,7
45,steady_m1,regime_conditional,0.2,observed,warehouse,3,1,2,12,18,6,True,True,False,3.0,3
45,steady_m1,regime_conditional,0.2,observed,warehouse,4,2,0,84,96,12,True,True,False,3.0,3
45,steady_m1,regime_conditional,0.2,observed,warehouse,5,2,1,48,54,6,False,False,False,,6
45,steady_m1,regime_conditional,0.2,observed,warehouse,6,3,0,72,84,12,True,True,False,3.0,3
45,steady_m1,regime_conditional,0.2,observed,warehouse,7,3,0,48,54,6,False,False,False,,6
45,steady_m1,regime_conditional,0.2,observed,transit_smooth,8,4,1,168,180,12,True,True,False,11.0,11
45,steady_m1,regime_conditional,0.2,observed,transit_smooth,9,4,0,60,66,6,False,False,False,,6
45,steady_m1,regime_conditional,0.2,observed,transit_smooth,10,5,2,36,48,12,True,True,False,8.0,8
45,steady_m1,regime_conditional,0.2,observed,transit_smooth,11,5,1,84,90,6,False,False,False,,6
45,steady_m1,regime_conditional,0.2,observed,transit_smooth,12,6,1,84,96,12,False,False,False,,12
45,steady_m1,regime_conditional,0.2,observed,transit_smooth,13,6,2,120,126,6,False,False,False,,6
45,steady_m1,regime_conditional,0.2,observed,transit_smooth,14,7,0,132,144,12,True,True,False,5.0,5
45,steady_m1,regime_conditional,0.2,observed,transit_smooth,15,7,1,48,54,6,True,True,False,0.0,0
45,steady_m1,regime_conditional,0.2,observed,transit_rough,16,8,0,72,84,12,True,True,False,5.0,5
45,steady_m1,regime_conditional,0.2,observed,transit_rough,17,8,0,168,174,6,False,False,False,,6
45,steady_m1,regime_conditional,0.2,observed,transit_rough,18,9,2,72,84,12,True,True,False,10.0,10
45,steady_m1,regime_conditional,0.2,observed,transit_rough,19,9,0,168,174,6,True,True,False,5.0,5
45,steady_m1,regime_conditional,0.2,observed,transit_rough,20,10,1,96,108,12,True,True,False,5.0,5
45,steady_m1,regime_conditional,0.2,observed,transit_rough,21,10,1,84,90,6,True,True,False,2.0,2
45,steady_m1,regime_conditional,0.2,observed,transit_rough,22,11,0,156,168,12,False,False,False,,12
45,steady_m1,regime_conditional,0.2,observed,transit_rough,23,11,1,120,126,6,False,False,False,,6
45,steady_m2_r10_k1,regime_marginal,1.0,clean,warehouse,0,0,0,48,60,12,False,False,False,,12
45,steady_m2_r10_k1,regime_marginal,1.0,clean,warehouse,1,0,1,0,6,6,False,False,False,,6
45,steady_m2_r10_k1,regime_marginal,1.0,clean,warehouse,2,1,1,168,180,12,False,False,False,,12
45,steady_m2_r10_k1,regime_marginal,1.0,clean,warehouse,3,1,2,12,18,6,False,False,False,,6
45,steady_m2_r10_k1,regime_marginal,1.0,clean,warehouse,4,2,0,84,96,12,False,False,False,,12
45,steady_m2_r10_k1,regime_marginal,1.0,clean,warehouse,5,2,1,48,54,6,False,False,False,,6
45,steady_m2_r10_k1,regime_marginal,1.0,clean,warehouse,6,3,0,72,84,12,False,False,False,,12
45,steady_m2_r10_k1,regime_marginal,1.0,clean,warehouse,7,3,0,48,54,6,False,False,False,,6
45,steady_m2_r10_k1,regime_marginal,1.0,clean,transit_smooth,8,4,1,168,180,12,False,False,False,,12
45,steady_m2_r10_k1,regime_marginal,1.0,clean,transit_smooth,9,4,0,60,66,6,False,False,False,,6
45,steady_m2_r10_k1,regime_marginal,1.0,clean,transit_smooth,10,5,2,36,48,12,False,False,False,,12
45,steady_m2_r10_k1,regime_marginal,1.0,clean,transit_smooth,11,5,1,84,90,6,False,False,False,,6
45,steady_m2_r10_k1,regime_marginal,1.0,clean,transit_smooth,12,6,1,84,96,12,False,False,False,,12
45,steady_m2_r10_k1,regime_marginal,1.0,clean,transit_smooth,13,6,2,120,126,6,False,False,False,,6
45,steady_m2_r10_k1,regime_marginal,1.0,clean,transit_smooth,14,7,0,132,144,12,False,False,False,,12
45,steady_m2_r10_k1,regime_marginal,1.0,clean,transit_smooth,15,7,1,48,54,6,False,False,False,,6
45,steady_m2_r10_k1,regime_marginal,1.0,clean,transit_rough,16,8,0,72,84,12,False,False,False,,12
45,steady_m2_r10_k1,regime_marginal,1.0,clean,transit_rough,17,8,0,168,174,6,False,False,False,,6
45,steady_m2_r10_k1,regime_marginal,1.0,clean,transit_rough,18,9,2,72,84,12,False,False,False,,12
45,steady_m2_r10_k1,regime_marginal,1.0,clean,transit_rough,19,9,0,168,174,6,False,False,False,,6
45,steady_m2_r10_k1,regime_marginal,1.0,clean,transit_rough,20,10,1,96,108,12,False,False,False,,12
45,steady_m2_r10_k1,regime_marginal,1.0,clean,transit_rough,21,10,1,84,90,6,False,False,False,,6
45,steady_m2_r10_k1,regime_marginal,1.0,clean,transit_rough,22,11,0,156,168,12,False,False,False,,12
45,steady_m2_r10_k1,regime_marginal,1.0,clean,transit_rough,23,11,1,120,126,6,False,False,False,,6
45,steady_m2_r10_k1,regime_marginal,1.0,observed,warehouse,0,0,0,48,60,12,True,True,False,4.0,4
45,steady_m2_r10_k1,regime_marginal,1.0,observed,warehouse,1,0,1,0,6,6,True,True,False,1.0,1
45,steady_m2_r10_k1,regime_marginal,1.0,observed,warehouse,2,1,1,168,180,12,True,True,False,2.0,2
45,steady_m2_r10_k1,regime_marginal,1.0,observed,warehouse,3,1,2,12,18,6,True,True,False,0.0,0
45,steady_m2_r10_k1,regime_marginal,1.0,observed,warehouse,4,2,0,84,96,12,True,True,False,0.0,0
45,steady_m2_r10_k1,regime_marginal,1.0,observed,warehouse,5,2,1,48,54,6,True,True,False,5.0,5
45,steady_m2_r10_k1,regime_marginal,1.0,observed,warehouse,6,3,0,72,84,12,True,True,False,0.0,0
45,steady_m2_r10_k1,regime_marginal,1.0,observed,warehouse,7,3,0,48,54,6,False,False,False,,6
45,steady_m2_r10_k1,regime_marginal,1.0,observed,transit_smooth,8,4,1,168,180,12,True,True,False,10.0,10
45,steady_m2_r10_k1,regime_marginal,1.0,observed,transit_smooth,9,4,0,60,66,6,False,False,False,,6
45,steady_m2_r10_k1,regime_marginal,1.0,observed,transit_smooth,10,5,2,36,48,12,True,True,False,3.0,3
45,steady_m2_r10_k1,regime_marginal,1.0,observed,transit_smooth,11,5,1,84,90,6,False,False,False,,6
45,steady_m2_r10_k1,regime_marginal,1.0,observed,transit_smooth,12,6,1,84,96,12,False,False,False,,12
45,steady_m2_r10_k1,regime_marginal,1.0,observed,transit_smooth,13,6,2,120,126,6,False,False,False,,6
45,steady_m2_r10_k1,regime_marginal,1.0,observed,transit_smooth,14,7,0,132,144,12,True,True,False,0.0,0
45,steady_m2_r10_k1,regime_marginal,1.0,observed,transit_smooth,15,7,1,48,54,6,True,True,False,3.0,3
45,steady_m2_r10_k1,regime_marginal,1.0,observed,transit_rough,16,8,0,72,84,12,True,True,False,0.0,0
45,steady_m2_r10_k1,regime_marginal,1.0,observed,transit_rough,17,8,0,168,174,6,True,True,False,3.0,3
45,steady_m2_r10_k1,regime_marginal,1.0,observed,transit_rough,18,9,2,72,84,12,True,True,False,10.0,10
45,steady_m2_r10_k1,regime_marginal,1.0,observed,transit_rough,19,9,0,168,174,6,True,True,False,1.0,1
45,steady_m2_r10_k1,regime_marginal,1.0,observed,transit_rough,20,10,1,96,108,12,True,True,False,1.0,1
45,steady_m2_r10_k1,regime_marginal,1.0,observed,transit_rough,21,10,1,84,90,6,True,True,False,0.0,0
45,steady_m2_r10_k1,regime_marginal,1.0,observed,transit_rough,22,11,0,156,168,12,True,True,False,7.0,7
45,steady_m2_r10_k1,regime_marginal,1.0,observed,transit_rough,23,11,1,120,126,6,True,True,False,0.0,0
45,steady_m2_r10_k1,regime_marginal,0.2,clean,warehouse,0,0,0,48,60,12,False,False,False,,12
45,steady_m2_r10_k1,regime_marginal,0.2,clean,warehouse,1,0,1,0,6,6,False,False,False,,6
45,steady_m2_r10_k1,regime_marginal,0.2,clean,warehouse,2,1,1,168,180,12,False,False,False,,12
45,steady_m2_r10_k1,regime_marginal,0.2,clean,warehouse,3,1,2,12,18,6,False,False,False,,6
45,steady_m2_r10_k1,regime_marginal,0.2,clean,warehouse,4,2,0,84,96,12,False,False,False,,12
45,steady_m2_r10_k1,regime_marginal,0.2,clean,warehouse,5,2,1,48,54,6,False,False,False,,6
45,steady_m2_r10_k1,regime_marginal,0.2,clean,warehouse,6,3,0,72,84,12,False,False,False,,12
45,steady_m2_r10_k1,regime_marginal,0.2,clean,warehouse,7,3,0,48,54,6,False,False,False,,6
45,steady_m2_r10_k1,regime_marginal,0.2,clean,transit_smooth,8,4,1,168,180,12,False,False,False,,12
45,steady_m2_r10_k1,regime_marginal,0.2,clean,transit_smooth,9,4,0,60,66,6,False,False,False,,6
45,steady_m2_r10_k1,regime_marginal,0.2,clean,transit_smooth,10,5,2,36,48,12,False,False,False,,12
45,steady_m2_r10_k1,regime_marginal,0.2,clean,transit_smooth,11,5,1,84,90,6,False,False,False,,6
45,steady_m2_r10_k1,regime_marginal,0.2,clean,transit_smooth,12,6,1,84,96,12,False,False,False,,12
45,steady_m2_r10_k1,regime_marginal,0.2,clean,transit_smooth,13,6,2,120,126,6,False,False,False,,6
45,steady_m2_r10_k1,regime_marginal,0.2,clean,transit_smooth,14,7,0,132,144,12,False,False,False,,12
45,steady_m2_r10_k1,regime_marginal,0.2,clean,transit_smooth,15,7,1,48,54,6,False,False,False,,6
45,steady_m2_r10_k1,regime_marginal,0.2,clean,transit_rough,16,8,0,72,84,12,False,False,False,,12
45,steady_m2_r10_k1,regime_marginal,0.2,clean,transit_rough,17,8,0,168,174,6,False,False,False,,6
45,steady_m2_r10_k1,regime_marginal,0.2,clean,transit_rough,18,9,2,72,84,12,False,False,False,,12
45,steady_m2_r10_k1,regime_marginal,0.2,clean,transit_rough,19,9,0,168,174,6,False,False,False,,6
45,steady_m2_r10_k1,regime_marginal,0.2,clean,transit_rough,20,10,1,96,108,12,False,False,False,,12
45,steady_m2_r10_k1,regime_marginal,0.2,clean,transit_rough,21,10,1,84,90,6,False,False,False,,6
45,steady_m2_r10_k1,regime_marginal,0.2,clean,transit_rough,22,11,0,156,168,12,False,False,False,,12
45,steady_m2_r10_k1,regime_marginal,0.2,clean,transit_rough,23,11,1,120,126,6,False,False,False,,6
45,steady_m2_r10_k1,regime_marginal,0.2,observed,warehouse,0,0,0,48,60,12,False,False,False,,12
45,steady_m2_r10_k1,regime_marginal,0.2,observed,warehouse,1,0,1,0,6,6,True,True,False,3.0,3
45,steady_m2_r10_k1,regime_marginal,0.2,observed,warehouse,2,1,1,168,180,12,True,True,False,6.0,6
45,steady_m2_r10_k1,regime_marginal,0.2,observed,warehouse,3,1,2,12,18,6,True,True,False,3.0,3
45,steady_m2_r10_k1,regime_marginal,0.2,observed,warehouse,4,2,0,84,96,12,True,True,False,2.0,2
45,steady_m2_r10_k1,regime_marginal,0.2,observed,warehouse,5,2,1,48,54,6,True,True,False,5.0,5
45,steady_m2_r10_k1,regime_marginal,0.2,observed,warehouse,6,3,0,72,84,12,True,True,False,3.0,3
45,steady_m2_r10_k1,regime_marginal,0.2,observed,warehouse,7,3,0,48,54,6,False,False,False,,6
45,steady_m2_r10_k1,regime_marginal,0.2,observed,transit_smooth,8,4,1,168,180,12,True,True,False,8.0,8
45,steady_m2_r10_k1,regime_marginal,0.2,observed,transit_smooth,9,4,0,60,66,6,False,False,False,,6
45,steady_m2_r10_k1,regime_marginal,0.2,observed,transit_smooth,10,5,2,36,48,12,True,True,False,3.0,3
45,steady_m2_r10_k1,regime_marginal,0.2,observed,transit_smooth,11,5,1,84,90,6,False,False,False,,6
45,steady_m2_r10_k1,regime_marginal,0.2,observed,transit_smooth,12,6,1,84,96,12,True,True,False,10.0,10
45,steady_m2_r10_k1,regime_marginal,0.2,observed,transit_smooth,13,6,2,120,126,6,True,True,False,3.0,3
45,steady_m2_r10_k1,regime_marginal,0.2,observed,transit_smooth,14,7,0,132,144,12,True,True,False,5.0,5
45,steady_m2_r10_k1,regime_marginal,0.2,observed,transit_smooth,15,7,1,48,54,6,True,True,False,2.0,2
45,steady_m2_r10_k1,regime_marginal,0.2,observed,transit_rough,16,8,0,72,84,12,True,True,False,3.0,3
45,steady_m2_r10_k1,regime_marginal,0.2,observed,transit_rough,17,8,0,168,174,6,False,False,False,,6
45,steady_m2_r10_k1,regime_marginal,0.2,observed,transit_rough,18,9,2,72,84,12,True,True,False,8.0,8
45,steady_m2_r10_k1,regime_marginal,0.2,observed,transit_rough,19,9,0,168,174,6,True,True,False,4.0,4
45,steady_m2_r10_k1,regime_marginal,0.2,observed,transit_rough,20,10,1,96,108,12,True,True,False,4.0,4
45,steady_m2_r10_k1,regime_marginal,0.2,observed,transit_rough,21,10,1,84,90,6,True,True,False,2.0,2
45,steady_m2_r10_k1,regime_marginal,0.2,observed,transit_rough,22,11,0,156,168,12,True,True,False,7.0,7
45,steady_m2_r10_k1,regime_marginal,0.2,observed,transit_rough,23,11,1,120,126,6,True,True,False,3.0,3
45,steady_m2_r10_k1,regime_conditional,1.0,clean,warehouse,0,0,0,48,60,12,False,False,False,,12
45,steady_m2_r10_k1,regime_conditional,1.0,clean,warehouse,1,0,1,0,6,6,False,False,False,,6
45,steady_m2_r10_k1,regime_conditional,1.0,clean,warehouse,2,1,1,168,180,12,False,False,False,,12
45,steady_m2_r10_k1,regime_conditional,1.0,clean,warehouse,3,1,2,12,18,6,False,False,False,,6
45,steady_m2_r10_k1,regime_conditional,1.0,clean,warehouse,4,2,0,84,96,12,False,False,False,,12
45,steady_m2_r10_k1,regime_conditional,1.0,clean,warehouse,5,2,1,48,54,6,False,False,False,,6
45,steady_m2_r10_k1,regime_conditional,1.0,clean,warehouse,6,3,0,72,84,12,False,False,False,,12
45,steady_m2_r10_k1,regime_conditional,1.0,clean,warehouse,7,3,0,48,54,6,False,False,False,,6
45,steady_m2_r10_k1,regime_conditional,1.0,clean,transit_smooth,8,4,1,168,180,12,True,True,False,9.0,9
45,steady_m2_r10_k1,regime_conditional,1.0,clean,transit_smooth,9,4,0,60,66,6,False,False,False,,6
45,steady_m2_r10_k1,regime_conditional,1.0,clean,transit_smooth,10,5,2,36,48,12,False,False,False,,12
45,steady_m2_r10_k1,regime_conditional,1.0,clean,transit_smooth,11,5,1,84,90,6,False,False,False,,6
45,steady_m2_r10_k1,regime_conditional,1.0,clean,transit_smooth,12,6,1,84,96,12,True,True,False,11.0,11
45,steady_m2_r10_k1,regime_conditional,1.0,clean,transit_smooth,13,6,2,120,126,6,False,False,True,,6
45,steady_m2_r10_k1,regime_conditional,1.0,clean,transit_smooth,14,7,0,132,144,12,False,False,False,,12
45,steady_m2_r10_k1,regime_conditional,1.0,clean,transit_smooth,15,7,1,48,54,6,False,False,False,,6
45,steady_m2_r10_k1,regime_conditional,1.0,clean,transit_rough,16,8,0,72,84,12,False,False,False,,12
45,steady_m2_r10_k1,regime_conditional,1.0,clean,transit_rough,17,8,0,168,174,6,True,True,False,1.0,1
45,steady_m2_r10_k1,regime_conditional,1.0,clean,transit_rough,18,9,2,72,84,12,False,False,False,,12
45,steady_m2_r10_k1,regime_conditional,1.0,clean,transit_rough,19,9,0,168,174,6,False,False,False,,6
45,steady_m2_r10_k1,regime_conditional,1.0,clean,transit_rough,20,10,1,96,108,12,False,False,False,,12
45,steady_m2_r10_k1,regime_conditional,1.0,clean,transit_rough,21,10,1,84,90,6,False,False,False,,6
45,steady_m2_r10_k1,regime_conditional,1.0,clean,transit_rough,22,11,0,156,168,12,False,False,False,,12
45,steady_m2_r10_k1,regime_conditional,1.0,clean,transit_rough,23,11,1,120,126,6,False,False,False,,6
45,steady_m2_r10_k1,regime_conditional,1.0,observed,warehouse,0,0,0,48,60,12,True,True,False,0.0,0
45,steady_m2_r10_k1,regime_conditional,1.0,observed,warehouse,1,0,1,0,6,6,True,True,False,0.0,0
45,steady_m2_r10_k1,regime_conditional,1.0,observed,warehouse,2,1,1,168,180,12,True,True,False,2.0,2
45,steady_m2_r10_k1,regime_conditional,1.0,observed,warehouse,3,1,2,12,18,6,True,True,False,0.0,0
45,steady_m2_r10_k1,regime_conditional,1.0,observed,warehouse,4,2,0,84,96,12,True,True,False,0.0,0
45,steady_m2_r10_k1,regime_conditional,1.0,observed,warehouse,5,2,1,48,54,6,True,True,False,5.0,5
45,steady_m2_r10_k1,regime_conditional,1.0,observed,warehouse,6,3,0,72,84,12,True,True,False,0.0,0
45,steady_m2_r10_k1,regime_conditional,1.0,observed,warehouse,7,3,0,48,54,6,True,True,False,5.0,5
45,steady_m2_r10_k1,regime_conditional,1.0,observed,transit_smooth,8,4,1,168,180,12,True,True,False,0.0,0
45,steady_m2_r10_k1,regime_conditional,1.0,observed,transit_smooth,9,4,0,60,66,6,False,False,False,,6
45,steady_m2_r10_k1,regime_conditional,1.0,observed,transit_smooth,10,5,2,36,48,12,True,True,False,3.0,3
45,steady_m2_r10_k1,regime_conditional,1.0,observed,transit_smooth,11,5,1,84,90,6,False,False,False,,6
45,steady_m2_r10_k1,regime_conditional,1.0,observed,transit_smooth,12,6,1,84,96,12,True,True,False,1.0,1
45,steady_m2_r10_k1,regime_conditional,1.0,observed,transit_smooth,13,6,2,120,126,6,True,True,True,1.0,1
45,steady_m2_r10_k1,regime_conditional,1.0,observed,transit_smooth,14,7,0,132,144,12,True,True,False,0.0,0
45,steady_m2_r10_k1,regime_conditional,1.0,observed,transit_smooth,15,7,1,48,54,6,True,True,False,0.0,0
45,steady_m2_r10_k1,regime_conditional,1.0,observed,transit_rough,16,8,0,72,84,12,True,True,False,0.0,0
45,steady_m2_r10_k1,regime_conditional,1.0,observed,transit_rough,17,8,0,168,174,6,True,True,False,3.0,3
45,steady_m2_r10_k1,regime_conditional,1.0,observed,transit_rough,18,9,2,72,84,12,True,True,False,0.0,0
45,steady_m2_r10_k1,regime_conditional,1.0,observed,transit_rough,19,9,0,168,174,6,True,True,False,1.0,1
45,steady_m2_r10_k1,regime_conditional,1.0,observed,transit_rough,20,10,1,96,108,12,True,True,False,1.0,1
45,steady_m2_r10_k1,regime_conditional,1.0,observed,transit_rough,21,10,1,84,90,6,True,True,False,0.0,0
45,steady_m2_r10_k1,regime_conditional,1.0,observed,transit_rough,22,11,0,156,168,12,True,True,False,0.0,0
45,steady_m2_r10_k1,regime_conditional,1.0,observed,transit_rough,23,11,1,120,126,6,True,True,False,1.0,1
45,steady_m2_r10_k1,regime_conditional,0.2,clean,warehouse,0,0,0,48,60,12,False,False,False,,12
45,steady_m2_r10_k1,regime_conditional,0.2,clean,warehouse,1,0,1,0,6,6,False,False,False,,6
45,steady_m2_r10_k1,regime_conditional,0.2,clean,warehouse,2,1,1,168,180,12,False,False,False,,12
45,steady_m2_r10_k1,regime_conditional,0.2,clean,warehouse,3,1,2,12,18,6,False,False,False,,6
45,steady_m2_r10_k1,regime_conditional,0.2,clean,warehouse,4,2,0,84,96,12,False,False,False,,12
45,steady_m2_r10_k1,regime_conditional,0.2,clean,warehouse,5,2,1,48,54,6,False,False,False,,6
45,steady_m2_r10_k1,regime_conditional,0.2,clean,warehouse,6,3,0,72,84,12,False,False,False,,12
45,steady_m2_r10_k1,regime_conditional,0.2,clean,warehouse,7,3,0,48,54,6,False,False,False,,6
45,steady_m2_r10_k1,regime_conditional,0.2,clean,transit_smooth,8,4,1,168,180,12,True,True,False,9.0,9
45,steady_m2_r10_k1,regime_conditional,0.2,clean,transit_smooth,9,4,0,60,66,6,False,False,False,,6
45,steady_m2_r10_k1,regime_conditional,0.2,clean,transit_smooth,10,5,2,36,48,12,False,False,False,,12
45,steady_m2_r10_k1,regime_conditional,0.2,clean,transit_smooth,11,5,1,84,90,6,False,False,False,,6
45,steady_m2_r10_k1,regime_conditional,0.2,clean,transit_smooth,12,6,1,84,96,12,False,False,False,,12
45,steady_m2_r10_k1,regime_conditional,0.2,clean,transit_smooth,13,6,2,120,126,6,False,False,False,,6
45,steady_m2_r10_k1,regime_conditional,0.2,clean,transit_smooth,14,7,0,132,144,12,False,False,False,,12
45,steady_m2_r10_k1,regime_conditional,0.2,clean,transit_smooth,15,7,1,48,54,6,False,False,False,,6
45,steady_m2_r10_k1,regime_conditional,0.2,clean,transit_rough,16,8,0,72,84,12,False,False,False,,12
45,steady_m2_r10_k1,regime_conditional,0.2,clean,transit_rough,17,8,0,168,174,6,False,False,False,,6
45,steady_m2_r10_k1,regime_conditional,0.2,clean,transit_rough,18,9,2,72,84,12,False,False,False,,12
45,steady_m2_r10_k1,regime_conditional,0.2,clean,transit_rough,19,9,0,168,174,6,False,False,False,,6
45,steady_m2_r10_k1,regime_conditional,0.2,clean,transit_rough,20,10,1,96,108,12,False,False,False,,12
45,steady_m2_r10_k1,regime_conditional,0.2,clean,transit_rough,21,10,1,84,90,6,False,False,False,,6
45,steady_m2_r10_k1,regime_conditional,0.2,clean,transit_rough,22,11,0,156,168,12,False,False,False,,12
45,steady_m2_r10_k1,regime_conditional,0.2,clean,transit_rough,23,11,1,120,126,6,False,False,False,,6
45,steady_m2_r10_k1,regime_conditional,0.2,observed,warehouse,0,0,0,48,60,12,True,True,False,3.0,3
45,steady_m2_r10_k1,regime_conditional,0.2,observed,warehouse,1,0,1,0,6,6,True,True,False,1.0,1
45,steady_m2_r10_k1,regime_conditional,0.2,observed,warehouse,2,1,1,168,180,12,True,True,False,2.0,2
45,steady_m2_r10_k1,regime_conditional,0.2,observed,warehouse,3,1,2,12,18,6,True,True,False,2.0,2
45,steady_m2_r10_k1,regime_conditional,0.2,observed,warehouse,4,2,0,84,96,12,True,True,False,1.0,1
45,steady_m2_r10_k1,regime_conditional,0.2,observed,warehouse,5,2,1,48,54,6,True,True,False,4.0,4
45,steady_m2_r10_k1,regime_conditional,0.2,observed,warehouse,6,3,0,72,84,12,True,True,False,1.0,1
45,steady_m2_r10_k1,regime_conditional,0.2,observed,warehouse,7,3,0,48,54,6,True,True,False,3.0,3
45,steady_m2_r10_k1,regime_conditional,0.2,observed,transit_smooth,8,4,1,168,180,12,True,True,False,2.0,2
45,steady_m2_r10_k1,regime_conditional,0.2,observed,transit_smooth,9,4,0,60,66,6,True,True,False,5.0,5
45,steady_m2_r10_k1,regime_conditional,0.2,observed,transit_smooth,10,5,2,36,48,12,True,True,False,2.0,2
45,steady_m2_r10_k1,regime_conditional,0.2,observed,transit_smooth,11,5,1,84,90,6,True,True,False,2.0,2
45,steady_m2_r10_k1,regime_conditional,0.2,observed,transit_smooth,12,6,1,84,96,12,True,True,False,3.0,3
45,steady_m2_r10_k1,regime_conditional,0.2,observed,transit_smooth,13,6,2,120,126,6,True,True,False,1.0,1
45,steady_m2_r10_k1,regime_conditional,0.2,observed,transit_smooth,14,7,0,132,144,12,True,True,False,3.0,3
45,steady_m2_r10_k1,regime_conditional,0.2,observed,transit_smooth,15,7,1,48,54,6,True,True,False,0.0,0
45,steady_m2_r10_k1,regime_conditional,0.2,observed,transit_rough,16,8,0,72,84,12,True,True,False,2.0,2
45,steady_m2_r10_k1,regime_conditional,0.2,observed,transit_rough,17,8,0,168,174,6,True,True,False,5.0,5
45,steady_m2_r10_k1,regime_conditional,0.2,observed,transit_rough,18,9,2,72,84,12,True,True,False,3.0,3
45,steady_m2_r10_k1,regime_conditional,0.2,observed,transit_rough,19,9,0,168,174,6,True,True,False,3.0,3
45,steady_m2_r10_k1,regime_conditional,0.2,observed,transit_rough,20,10,1,96,108,12,True,True,False,2.0,2
45,steady_m2_r10_k1,regime_conditional,0.2,observed,transit_rough,21,10,1,84,90,6,True,True,False,0.0,0
45,steady_m2_r10_k1,regime_conditional,0.2,observed,transit_rough,22,11,0,156,168,12,True,True,False,2.0,2
45,steady_m2_r10_k1,regime_conditional,0.2,observed,transit_rough,23,11,1,120,126,6,True,True,False,3.0,3
45,steady_m4,regime_marginal,1.0,clean,warehouse,0,0,0,48,60,12,False,False,False,,12
45,steady_m4,regime_marginal,1.0,clean,warehouse,1,0,1,0,6,6,False,False,False,,6
45,steady_m4,regime_marginal,1.0,clean,warehouse,2,1,1,168,180,12,False,False,False,,12
45,steady_m4,regime_marginal,1.0,clean,warehouse,3,1,2,12,18,6,False,False,False,,6
45,steady_m4,regime_marginal,1.0,clean,warehouse,4,2,0,84,96,12,False,False,False,,12
45,steady_m4,regime_marginal,1.0,clean,warehouse,5,2,1,48,54,6,False,False,False,,6
45,steady_m4,regime_marginal,1.0,clean,warehouse,6,3,0,72,84,12,False,False,False,,12
45,steady_m4,regime_marginal,1.0,clean,warehouse,7,3,0,48,54,6,False,False,False,,6
45,steady_m4,regime_marginal,1.0,clean,transit_smooth,8,4,1,168,180,12,False,False,False,,12
45,steady_m4,regime_marginal,1.0,clean,transit_smooth,9,4,0,60,66,6,False,False,False,,6
45,steady_m4,regime_marginal,1.0,clean,transit_smooth,10,5,2,36,48,12,False,False,False,,12
45,steady_m4,regime_marginal,1.0,clean,transit_smooth,11,5,1,84,90,6,False,False,False,,6
45,steady_m4,regime_marginal,1.0,clean,transit_smooth,12,6,1,84,96,12,False,False,False,,12
45,steady_m4,regime_marginal,1.0,clean,transit_smooth,13,6,2,120,126,6,False,False,False,,6
45,steady_m4,regime_marginal,1.0,clean,transit_smooth,14,7,0,132,144,12,False,False,False,,12
45,steady_m4,regime_marginal,1.0,clean,transit_smooth,15,7,1,48,54,6,False,False,False,,6
45,steady_m4,regime_marginal,1.0,clean,transit_rough,16,8,0,72,84,12,False,False,False,,12
45,steady_m4,regime_marginal,1.0,clean,transit_rough,17,8,0,168,174,6,False,False,False,,6
45,steady_m4,regime_marginal,1.0,clean,transit_rough,18,9,2,72,84,12,False,False,False,,12
45,steady_m4,regime_marginal,1.0,clean,transit_rough,19,9,0,168,174,6,False,False,False,,6
45,steady_m4,regime_marginal,1.0,clean,transit_rough,20,10,1,96,108,12,False,False,False,,12
45,steady_m4,regime_marginal,1.0,clean,transit_rough,21,10,1,84,90,6,False,False,False,,6
45,steady_m4,regime_marginal,1.0,clean,transit_rough,22,11,0,156,168,12,False,False,False,,12
45,steady_m4,regime_marginal,1.0,clean,transit_rough,23,11,1,120,126,6,False,False,False,,6
45,steady_m4,regime_marginal,1.0,observed,warehouse,0,0,0,48,60,12,True,True,False,0.0,0
45,steady_m4,regime_marginal,1.0,observed,warehouse,1,0,1,0,6,6,True,True,False,0.0,0
45,steady_m4,regime_marginal,1.0,observed,warehouse,2,1,1,168,180,12,True,True,False,0.0,0
45,steady_m4,regime_marginal,1.0,observed,warehouse,3,1,2,12,18,6,True,True,False,0.0,0
45,steady_m4,regime_marginal,1.0,observed,warehouse,4,2,0,84,96,12,True,True,False,0.0,0
45,steady_m4,regime_marginal,1.0,observed,warehouse,5,2,1,48,54,6,True,True,False,0.0,0
45,steady_m4,regime_marginal,1.0,observed,warehouse,6,3,0,72,84,12,True,True,False,0.0,0
45,steady_m4,regime_marginal,1.0,observed,warehouse,7,3,0,48,54,6,True,True,False,0.0,0
45,steady_m4,regime_marginal,1.0,observed,transit_smooth,8,4,1,168,180,12,True,True,False,0.0,0
45,steady_m4,regime_marginal,1.0,observed,transit_smooth,9,4,0,60,66,6,True,True,False,1.0,1
45,steady_m4,regime_marginal,1.0,observed,transit_smooth,10,5,2,36,48,12,True,True,False,0.0,0
45,steady_m4,regime_marginal,1.0,observed,transit_smooth,11,5,1,84,90,6,True,True,False,0.0,0
45,steady_m4,regime_marginal,1.0,observed,transit_smooth,12,6,1,84,96,12,True,True,False,1.0,1
45,steady_m4,regime_marginal,1.0,observed,transit_smooth,13,6,2,120,126,6,True,True,False,0.0,0
45,steady_m4,regime_marginal,1.0,observed,transit_smooth,14,7,0,132,144,12,True,True,False,0.0,0
45,steady_m4,regime_marginal,1.0,observed,transit_smooth,15,7,1,48,54,6,True,True,False,0.0,0
45,steady_m4,regime_marginal,1.0,observed,transit_rough,16,8,0,72,84,12,True,True,False,0.0,0
45,steady_m4,regime_marginal,1.0,observed,transit_rough,17,8,0,168,174,6,True,True,False,0.0,0
45,steady_m4,regime_marginal,1.0,observed,transit_rough,18,9,2,72,84,12,True,True,False,0.0,0
45,steady_m4,regime_marginal,1.0,observed,transit_rough,19,9,0,168,174,6,True,True,False,0.0,0
45,steady_m4,regime_marginal,1.0,observed,transit_rough,20,10,1,96,108,12,True,True,False,1.0,1
45,steady_m4,regime_marginal,1.0,observed,transit_rough,21,10,1,84,90,6,True,True,False,0.0,0
45,steady_m4,regime_marginal,1.0,observed,transit_rough,22,11,0,156,168,12,True,True,False,0.0,0
45,steady_m4,regime_marginal,1.0,observed,transit_rough,23,11,1,120,126,6,True,True,False,0.0,0
45,steady_m4,regime_marginal,0.2,clean,warehouse,0,0,0,48,60,12,False,False,False,,12
45,steady_m4,regime_marginal,0.2,clean,warehouse,1,0,1,0,6,6,False,False,False,,6
45,steady_m4,regime_marginal,0.2,clean,warehouse,2,1,1,168,180,12,False,False,False,,12
45,steady_m4,regime_marginal,0.2,clean,warehouse,3,1,2,12,18,6,False,False,False,,6
45,steady_m4,regime_marginal,0.2,clean,warehouse,4,2,0,84,96,12,False,False,False,,12
45,steady_m4,regime_marginal,0.2,clean,warehouse,5,2,1,48,54,6,False,False,False,,6
45,steady_m4,regime_marginal,0.2,clean,warehouse,6,3,0,72,84,12,False,False,False,,12
45,steady_m4,regime_marginal,0.2,clean,warehouse,7,3,0,48,54,6,False,False,False,,6
45,steady_m4,regime_marginal,0.2,clean,transit_smooth,8,4,1,168,180,12,False,False,False,,12
45,steady_m4,regime_marginal,0.2,clean,transit_smooth,9,4,0,60,66,6,False,False,False,,6
45,steady_m4,regime_marginal,0.2,clean,transit_smooth,10,5,2,36,48,12,False,False,False,,12
45,steady_m4,regime_marginal,0.2,clean,transit_smooth,11,5,1,84,90,6,False,False,False,,6
45,steady_m4,regime_marginal,0.2,clean,transit_smooth,12,6,1,84,96,12,False,False,False,,12
45,steady_m4,regime_marginal,0.2,clean,transit_smooth,13,6,2,120,126,6,False,False,False,,6
45,steady_m4,regime_marginal,0.2,clean,transit_smooth,14,7,0,132,144,12,False,False,False,,12
45,steady_m4,regime_marginal,0.2,clean,transit_smooth,15,7,1,48,54,6,False,False,False,,6
45,steady_m4,regime_marginal,0.2,clean,transit_rough,16,8,0,72,84,12,False,False,False,,12
45,steady_m4,regime_marginal,0.2,clean,transit_rough,17,8,0,168,174,6,False,False,False,,6
45,steady_m4,regime_marginal,0.2,clean,transit_rough,18,9,2,72,84,12,False,False,False,,12
45,steady_m4,regime_marginal,0.2,clean,transit_rough,19,9,0,168,174,6,False,False,False,,6
45,steady_m4,regime_marginal,0.2,clean,transit_rough,20,10,1,96,108,12,False,False,False,,12
45,steady_m4,regime_marginal,0.2,clean,transit_rough,21,10,1,84,90,6,False,False,False,,6
45,steady_m4,regime_marginal,0.2,clean,transit_rough,22,11,0,156,168,12,False,False,False,,12
45,steady_m4,regime_marginal,0.2,clean,transit_rough,23,11,1,120,126,6,False,False,False,,6
45,steady_m4,regime_marginal,0.2,observed,warehouse,0,0,0,48,60,12,True,True,False,3.0,3
45,steady_m4,regime_marginal,0.2,observed,warehouse,1,0,1,0,6,6,True,True,False,1.0,1
45,steady_m4,regime_marginal,0.2,observed,warehouse,2,1,1,168,180,12,True,True,False,2.0,2
45,steady_m4,regime_marginal,0.2,observed,warehouse,3,1,2,12,18,6,True,True,False,1.0,1
45,steady_m4,regime_marginal,0.2,observed,warehouse,4,2,0,84,96,12,True,True,False,1.0,1
45,steady_m4,regime_marginal,0.2,observed,warehouse,5,2,1,48,54,6,True,True,False,1.0,1
45,steady_m4,regime_marginal,0.2,observed,warehouse,6,3,0,72,84,12,True,True,False,1.0,1
45,steady_m4,regime_marginal,0.2,observed,warehouse,7,3,0,48,54,6,True,True,False,2.0,2
45,steady_m4,regime_marginal,0.2,observed,transit_smooth,8,4,1,168,180,12,True,True,False,2.0,2
45,steady_m4,regime_marginal,0.2,observed,transit_smooth,9,4,0,60,66,6,True,True,False,4.0,4
45,steady_m4,regime_marginal,0.2,observed,transit_smooth,10,5,2,36,48,12,True,True,False,1.0,1
45,steady_m4,regime_marginal,0.2,observed,transit_smooth,11,5,1,84,90,6,True,True,False,1.0,1
45,steady_m4,regime_marginal,0.2,observed,transit_smooth,12,6,1,84,96,12,True,True,False,3.0,3
45,steady_m4,regime_marginal,0.2,observed,transit_smooth,13,6,2,120,126,6,True,True,False,1.0,1
45,steady_m4,regime_marginal,0.2,observed,transit_smooth,14,7,0,132,144,12,True,True,False,1.0,1
45,steady_m4,regime_marginal,0.2,observed,transit_smooth,15,7,1,48,54,6,True,True,False,0.0,0
45,steady_m4,regime_marginal,0.2,observed,transit_rough,16,8,0,72,84,12,True,True,False,1.0,1
45,steady_m4,regime_marginal,0.2,observed,transit_rough,17,8,0,168,174,6,True,True,False,2.0,2
45,steady_m4,regime_marginal,0.2,observed,transit_rough,18,9,2,72,84,12,True,True,False,1.0,1
45,steady_m4,regime_marginal,0.2,observed,transit_rough,19,9,0,168,174,6,True,True,False,1.0,1
45,steady_m4,regime_marginal,0.2,observed,transit_rough,20,10,1,96,108,12,True,True,False,2.0,2
45,steady_m4,regime_marginal,0.2,observed,transit_rough,21,10,1,84,90,6,True,True,False,0.0,0
45,steady_m4,regime_marginal,0.2,observed,transit_rough,22,11,0,156,168,12,True,True,False,1.0,1
45,steady_m4,regime_marginal,0.2,observed,transit_rough,23,11,1,120,126,6,True,True,False,1.0,1
45,steady_m4,regime_conditional,1.0,clean,warehouse,0,0,0,48,60,12,False,False,False,,12
45,steady_m4,regime_conditional,1.0,clean,warehouse,1,0,1,0,6,6,False,False,False,,6
45,steady_m4,regime_conditional,1.0,clean,warehouse,2,1,1,168,180,12,False,False,False,,12
45,steady_m4,regime_conditional,1.0,clean,warehouse,3,1,2,12,18,6,False,False,False,,6
45,steady_m4,regime_conditional,1.0,clean,warehouse,4,2,0,84,96,12,False,False,False,,12
45,steady_m4,regime_conditional,1.0,clean,warehouse,5,2,1,48,54,6,False,False,False,,6
45,steady_m4,regime_conditional,1.0,clean,warehouse,6,3,0,72,84,12,False,False,False,,12
45,steady_m4,regime_conditional,1.0,clean,warehouse,7,3,0,48,54,6,False,False,False,,6
45,steady_m4,regime_conditional,1.0,clean,transit_smooth,8,4,1,168,180,12,True,True,False,9.0,9
45,steady_m4,regime_conditional,1.0,clean,transit_smooth,9,4,0,60,66,6,False,False,False,,6
45,steady_m4,regime_conditional,1.0,clean,transit_smooth,10,5,2,36,48,12,False,False,False,,12
45,steady_m4,regime_conditional,1.0,clean,transit_smooth,11,5,1,84,90,6,False,False,False,,6
45,steady_m4,regime_conditional,1.0,clean,transit_smooth,12,6,1,84,96,12,True,True,False,11.0,11
45,steady_m4,regime_conditional,1.0,clean,transit_smooth,13,6,2,120,126,6,False,False,True,,6
45,steady_m4,regime_conditional,1.0,clean,transit_smooth,14,7,0,132,144,12,False,False,False,,12
45,steady_m4,regime_conditional,1.0,clean,transit_smooth,15,7,1,48,54,6,False,False,False,,6
45,steady_m4,regime_conditional,1.0,clean,transit_rough,16,8,0,72,84,12,False,False,False,,12
45,steady_m4,regime_conditional,1.0,clean,transit_rough,17,8,0,168,174,6,True,True,False,1.0,1
45,steady_m4,regime_conditional,1.0,clean,transit_rough,18,9,2,72,84,12,False,False,False,,12
45,steady_m4,regime_conditional,1.0,clean,transit_rough,19,9,0,168,174,6,False,False,False,,6
45,steady_m4,regime_conditional,1.0,clean,transit_rough,20,10,1,96,108,12,False,False,False,,12
45,steady_m4,regime_conditional,1.0,clean,transit_rough,21,10,1,84,90,6,False,False,False,,6
45,steady_m4,regime_conditional,1.0,clean,transit_rough,22,11,0,156,168,12,False,False,False,,12
45,steady_m4,regime_conditional,1.0,clean,transit_rough,23,11,1,120,126,6,False,False,False,,6
45,steady_m4,regime_conditional,1.0,observed,warehouse,0,0,0,48,60,12,True,True,False,0.0,0
45,steady_m4,regime_conditional,1.0,observed,warehouse,1,0,1,0,6,6,True,True,False,0.0,0
45,steady_m4,regime_conditional,1.0,observed,warehouse,2,1,1,168,180,12,True,True,False,0.0,0
45,steady_m4,regime_conditional,1.0,observed,warehouse,3,1,2,12,18,6,True,True,False,0.0,0
45,steady_m4,regime_conditional,1.0,observed,warehouse,4,2,0,84,96,12,True,True,False,0.0,0
45,steady_m4,regime_conditional,1.0,observed,warehouse,5,2,1,48,54,6,True,True,False,0.0,0
45,steady_m4,regime_conditional,1.0,observed,warehouse,6,3,0,72,84,12,True,True,False,0.0,0
45,steady_m4,regime_conditional,1.0,observed,warehouse,7,3,0,48,54,6,True,True,False,0.0,0
45,steady_m4,regime_conditional,1.0,observed,transit_smooth,8,4,1,168,180,12,True,True,False,0.0,0
45,steady_m4,regime_conditional,1.0,observed,transit_smooth,9,4,0,60,66,6,True,True,False,0.0,0
45,steady_m4,regime_conditional,1.0,observed,transit_smooth,10,5,2,36,48,12,True,True,False,0.0,0
45,steady_m4,regime_conditional,1.0,observed,transit_smooth,11,5,1,84,90,6,True,True,False,0.0,0
45,steady_m4,regime_conditional,1.0,observed,transit_smooth,12,6,1,84,96,12,True,True,False,0.0,0
45,steady_m4,regime_conditional,1.0,observed,transit_smooth,13,6,2,120,126,6,True,False,True,,6
45,steady_m4,regime_conditional,1.0,observed,transit_smooth,14,7,0,132,144,12,True,True,False,0.0,0
45,steady_m4,regime_conditional,1.0,observed,transit_smooth,15,7,1,48,54,6,True,True,False,0.0,0
45,steady_m4,regime_conditional,1.0,observed,transit_rough,16,8,0,72,84,12,True,True,False,0.0,0
45,steady_m4,regime_conditional,1.0,observed,transit_rough,17,8,0,168,174,6,True,True,False,0.0,0
45,steady_m4,regime_conditional,1.0,observed,transit_rough,18,9,2,72,84,12,True,True,False,0.0,0
45,steady_m4,regime_conditional,1.0,observed,transit_rough,19,9,0,168,174,6,True,True,False,0.0,0
45,steady_m4,regime_conditional,1.0,observed,transit_rough,20,10,1,96,108,12,True,True,False,1.0,1
45,steady_m4,regime_conditional,1.0,observed,transit_rough,21,10,1,84,90,6,True,True,False,0.0,0
45,steady_m4,regime_conditional,1.0,observed,transit_rough,22,11,0,156,168,12,True,True,False,0.0,0
45,steady_m4,regime_conditional,1.0,observed,transit_rough,23,11,1,120,126,6,True,True,False,0.0,0
45,steady_m4,regime_conditional,0.2,clean,warehouse,0,0,0,48,60,12,False,False,False,,12
45,steady_m4,regime_conditional,0.2,clean,warehouse,1,0,1,0,6,6,False,False,False,,6
45,steady_m4,regime_conditional,0.2,clean,warehouse,2,1,1,168,180,12,False,False,False,,12
45,steady_m4,regime_conditional,0.2,clean,warehouse,3,1,2,12,18,6,False,False,False,,6
45,steady_m4,regime_conditional,0.2,clean,warehouse,4,2,0,84,96,12,False,False,False,,12
45,steady_m4,regime_conditional,0.2,clean,warehouse,5,2,1,48,54,6,False,False,False,,6
45,steady_m4,regime_conditional,0.2,clean,warehouse,6,3,0,72,84,12,False,False,False,,12
45,steady_m4,regime_conditional,0.2,clean,warehouse,7,3,0,48,54,6,False,False,False,,6
45,steady_m4,regime_conditional,0.2,clean,transit_smooth,8,4,1,168,180,12,True,True,False,9.0,9
45,steady_m4,regime_conditional,0.2,clean,transit_smooth,9,4,0,60,66,6,False,False,False,,6
45,steady_m4,regime_conditional,0.2,clean,transit_smooth,10,5,2,36,48,12,False,False,False,,12
45,steady_m4,regime_conditional,0.2,clean,transit_smooth,11,5,1,84,90,6,False,False,False,,6
45,steady_m4,regime_conditional,0.2,clean,transit_smooth,12,6,1,84,96,12,False,False,False,,12
45,steady_m4,regime_conditional,0.2,clean,transit_smooth,13,6,2,120,126,6,False,False,False,,6
45,steady_m4,regime_conditional,0.2,clean,transit_smooth,14,7,0,132,144,12,False,False,False,,12
45,steady_m4,regime_conditional,0.2,clean,transit_smooth,15,7,1,48,54,6,False,False,False,,6
45,steady_m4,regime_conditional,0.2,clean,transit_rough,16,8,0,72,84,12,False,False,False,,12
45,steady_m4,regime_conditional,0.2,clean,transit_rough,17,8,0,168,174,6,False,False,False,,6
45,steady_m4,regime_conditional,0.2,clean,transit_rough,18,9,2,72,84,12,False,False,False,,12
45,steady_m4,regime_conditional,0.2,clean,transit_rough,19,9,0,168,174,6,False,False,False,,6
45,steady_m4,regime_conditional,0.2,clean,transit_rough,20,10,1,96,108,12,False,False,False,,12
45,steady_m4,regime_conditional,0.2,clean,transit_rough,21,10,1,84,90,6,False,False,False,,6
45,steady_m4,regime_conditional,0.2,clean,transit_rough,22,11,0,156,168,12,False,False,False,,12
45,steady_m4,regime_conditional,0.2,clean,transit_rough,23,11,1,120,126,6,False,False,False,,6
45,steady_m4,regime_conditional,0.2,observed,warehouse,0,0,0,48,60,12,True,True,False,1.0,1
45,steady_m4,regime_conditional,0.2,observed,warehouse,1,0,1,0,6,6,True,True,False,0.0,0
45,steady_m4,regime_conditional,0.2,observed,warehouse,2,1,1,168,180,12,True,True,False,1.0,1
45,steady_m4,regime_conditional,0.2,observed,warehouse,3,1,2,12,18,6,True,True,False,1.0,1
45,steady_m4,regime_conditional,0.2,observed,warehouse,4,2,0,84,96,12,True,True,False,0.0,0
45,steady_m4,regime_conditional,0.2,observed,warehouse,5,2,1,48,54,6,True,True,False,0.0,0
45,steady_m4,regime_conditional,0.2,observed,warehouse,6,3,0,72,84,12,True,True,False,0.0,0
45,steady_m4,regime_conditional,0.2,observed,warehouse,7,3,0,48,54,6,True,True,False,1.0,1
45,steady_m4,regime_conditional,0.2,observed,transit_smooth,8,4,1,168,180,12,True,True,False,1.0,1
45,steady_m4,regime_conditional,0.2,observed,transit_smooth,9,4,0,60,66,6,True,True,False,1.0,1
45,steady_m4,regime_conditional,0.2,observed,transit_smooth,10,5,2,36,48,12,True,True,False,1.0,1
45,steady_m4,regime_conditional,0.2,observed,transit_smooth,11,5,1,84,90,6,True,True,False,0.0,0
45,steady_m4,regime_conditional,0.2,observed,transit_smooth,12,6,1,84,96,12,True,True,False,1.0,1
45,steady_m4,regime_conditional,0.2,observed,transit_smooth,13,6,2,120,126,6,True,True,False,0.0,0
45,steady_m4,regime_conditional,0.2,observed,transit_smooth,14,7,0,132,144,12,True,True,False,0.0,0
45,steady_m4,regime_conditional,0.2,observed,transit_smooth,15,7,1,48,54,6,True,True,False,0.0,0
45,steady_m4,regime_conditional,0.2,observed,transit_rough,16,8,0,72,84,12,True,True,False,1.0,1
45,steady_m4,regime_conditional,0.2,observed,transit_rough,17,8,0,168,174,6,True,True,False,1.0,1
45,steady_m4,regime_conditional,0.2,observed,transit_rough,18,9,2,72,84,12,True,True,False,1.0,1
45,steady_m4,regime_conditional,0.2,observed,transit_rough,19,9,0,168,174,6,True,True,False,1.0,1
45,steady_m4,regime_conditional,0.2,observed,transit_rough,20,10,1,96,108,12,True,True,False,1.0,1
45,steady_m4,regime_conditional,0.2,observed,transit_rough,21,10,1,84,90,6,True,True,False,0.0,0
45,steady_m4,regime_conditional,0.2,observed,transit_rough,22,11,0,156,168,12,True,True,False,0.0,0
45,steady_m4,regime_conditional,0.2,observed,transit_rough,23,11,1,120,126,6,True,True,False,1.0,1
45,steady_r02,regime_marginal,1.0,clean,warehouse,0,0,0,48,52,4,False,False,False,,4
45,steady_r02,regime_marginal,1.0,clean,warehouse,1,1,1,168,172,4,False,False,False,,4
45,steady_r02,regime_marginal,1.0,clean,warehouse,2,2,0,84,88,4,False,False,False,,4
45,steady_r02,regime_marginal,1.0,clean,warehouse,3,3,0,72,76,4,False,False,False,,4
45,steady_r02,regime_marginal,1.0,clean,transit_smooth,4,4,1,168,172,4,False,False,False,,4
45,steady_r02,regime_marginal,1.0,clean,transit_smooth,5,5,2,36,40,4,False,False,False,,4
45,steady_r02,regime_marginal,1.0,clean,transit_smooth,6,6,1,84,88,4,False,False,False,,4
45,steady_r02,regime_marginal,1.0,clean,transit_smooth,7,7,0,132,136,4,False,False,False,,4
45,steady_r02,regime_marginal,1.0,clean,transit_rough,8,8,0,72,76,4,False,False,False,,4
45,steady_r02,regime_marginal,1.0,clean,transit_rough,9,9,2,72,76,4,False,False,False,,4
45,steady_r02,regime_marginal,1.0,clean,transit_rough,10,10,1,96,100,4,False,False,False,,4
45,steady_r02,regime_marginal,1.0,clean,transit_rough,11,11,0,156,160,4,False,False,False,,4
45,steady_r02,regime_marginal,1.0,observed,warehouse,0,0,0,48,52,4,False,False,False,,4
45,steady_r02,regime_marginal,1.0,observed,warehouse,1,1,1,168,172,4,True,True,False,2.0,2
45,steady_r02,regime_marginal,1.0,observed,warehouse,2,2,0,84,88,4,True,True,False,0.0,0
45,steady_r02,regime_marginal,1.0,observed,warehouse,3,3,0,72,76,4,True,True,False,0.0,0
45,steady_r02,regime_marginal,1.0,observed,transit_smooth,4,4,1,168,172,4,False,False,False,,4
45,steady_r02,regime_marginal,1.0,observed,transit_smooth,5,5,2,36,40,4,True,True,False,3.0,3
45,steady_r02,regime_marginal,1.0,observed,transit_smooth,6,6,1,84,88,4,False,False,False,,4
45,steady_r02,regime_marginal,1.0,observed,transit_smooth,7,7,0,132,136,4,True,True,False,0.0,0
45,steady_r02,regime_marginal,1.0,observed,transit_rough,8,8,0,72,76,4,True,True,False,0.0,0
45,steady_r02,regime_marginal,1.0,observed,transit_rough,9,9,2,72,76,4,False,False,False,,4
45,steady_r02,regime_marginal,1.0,observed,transit_rough,10,10,1,96,100,4,True,True,False,1.0,1
45,steady_r02,regime_marginal,1.0,observed,transit_rough,11,11,0,156,160,4,False,False,False,,4
45,steady_r02,regime_marginal,0.2,clean,warehouse,0,0,0,48,52,4,False,False,False,,4
45,steady_r02,regime_marginal,0.2,clean,warehouse,1,1,1,168,172,4,False,False,False,,4
45,steady_r02,regime_marginal,0.2,clean,warehouse,2,2,0,84,88,4,False,False,False,,4
45,steady_r02,regime_marginal,0.2,clean,warehouse,3,3,0,72,76,4,False,False,False,,4
45,steady_r02,regime_marginal,0.2,clean,transit_smooth,4,4,1,168,172,4,False,False,False,,4
45,steady_r02,regime_marginal,0.2,clean,transit_smooth,5,5,2,36,40,4,False,False,False,,4
45,steady_r02,regime_marginal,0.2,clean,transit_smooth,6,6,1,84,88,4,False,False,False,,4
45,steady_r02,regime_marginal,0.2,clean,transit_smooth,7,7,0,132,136,4,False,False,False,,4
45,steady_r02,regime_marginal,0.2,clean,transit_rough,8,8,0,72,76,4,False,False,False,,4
45,steady_r02,regime_marginal,0.2,clean,transit_rough,9,9,2,72,76,4,False,False,False,,4
45,steady_r02,regime_marginal,0.2,clean,transit_rough,10,10,1,96,100,4,False,False,False,,4
45,steady_r02,regime_marginal,0.2,clean,transit_rough,11,11,0,156,160,4,False,False,False,,4
45,steady_r02,regime_marginal,0.2,observed,warehouse,0,0,0,48,52,4,False,False,False,,4
45,steady_r02,regime_marginal,0.2,observed,warehouse,1,1,1,168,172,4,False,False,False,,4
45,steady_r02,regime_marginal,0.2,observed,warehouse,2,2,0,84,88,4,True,True,False,2.0,2
45,steady_r02,regime_marginal,0.2,observed,warehouse,3,3,0,72,76,4,True,True,False,2.0,2
45,steady_r02,regime_marginal,0.2,observed,transit_smooth,4,4,1,168,172,4,False,False,False,,4
45,steady_r02,regime_marginal,0.2,observed,transit_smooth,5,5,2,36,40,4,True,True,False,3.0,3
45,steady_r02,regime_marginal,0.2,observed,transit_smooth,6,6,1,84,88,4,False,False,False,,4
45,steady_r02,regime_marginal,0.2,observed,transit_smooth,7,7,0,132,136,4,False,False,False,,4
45,steady_r02,regime_marginal,0.2,observed,transit_rough,8,8,0,72,76,4,True,True,False,3.0,3
45,steady_r02,regime_marginal,0.2,observed,transit_rough,9,9,2,72,76,4,False,False,False,,4
45,steady_r02,regime_marginal,0.2,observed,transit_rough,10,10,1,96,100,4,True,True,False,3.0,3
45,steady_r02,regime_marginal,0.2,observed,transit_rough,11,11,0,156,160,4,False,False,False,,4
45,steady_r02,regime_conditional,1.0,clean,warehouse,0,0,0,48,52,4,False,False,False,,4
45,steady_r02,regime_conditional,1.0,clean,warehouse,1,1,1,168,172,4,False,False,False,,4
45,steady_r02,regime_conditional,1.0,clean,warehouse,2,2,0,84,88,4,False,False,False,,4
45,steady_r02,regime_conditional,1.0,clean,warehouse,3,3,0,72,76,4,False,False,False,,4
45,steady_r02,regime_conditional,1.0,clean,transit_smooth,4,4,1,168,172,4,False,False,False,,4
45,steady_r02,regime_conditional,1.0,clean,transit_smooth,5,5,2,36,40,4,False,False,False,,4
45,steady_r02,regime_conditional,1.0,clean,transit_smooth,6,6,1,84,88,4,False,False,False,,4
45,steady_r02,regime_conditional,1.0,clean,transit_smooth,7,7,0,132,136,4,False,False,False,,4
45,steady_r02,regime_conditional,1.0,clean,transit_rough,8,8,0,72,76,4,False,False,False,,4
45,steady_r02,regime_conditional,1.0,clean,transit_rough,9,9,2,72,76,4,False,False,False,,4
45,steady_r02,regime_conditional,1.0,clean,transit_rough,10,10,1,96,100,4,False,False,False,,4
45,steady_r02,regime_conditional,1.0,clean,transit_rough,11,11,0,156,160,4,False,False,False,,4
45,steady_r02,regime_conditional,1.0,observed,warehouse,0,0,0,48,52,4,True,True,False,0.0,0
45,steady_r02,regime_conditional,1.0,observed,warehouse,1,1,1,168,172,4,True,True,False,2.0,2
45,steady_r02,regime_conditional,1.0,observed,warehouse,2,2,0,84,88,4,True,True,False,0.0,0
45,steady_r02,regime_conditional,1.0,observed,warehouse,3,3,0,72,76,4,True,True,False,0.0,0
45,steady_r02,regime_conditional,1.0,observed,transit_smooth,4,4,1,168,172,4,True,True,False,0.0,0
45,steady_r02,regime_conditional,1.0,observed,transit_smooth,5,5,2,36,40,4,True,True,False,3.0,3
45,steady_r02,regime_conditional,1.0,observed,transit_smooth,6,6,1,84,88,4,True,True,False,1.0,1
45,steady_r02,regime_conditional,1.0,observed,transit_smooth,7,7,0,132,136,4,True,True,False,0.0,0
45,steady_r02,regime_conditional,1.0,observed,transit_rough,8,8,0,72,76,4,True,True,False,0.0,0
45,steady_r02,regime_conditional,1.0,observed,transit_rough,9,9,2,72,76,4,True,True,False,0.0,0
45,steady_r02,regime_conditional,1.0,observed,transit_rough,10,10,1,96,100,4,True,True,False,1.0,1
45,steady_r02,regime_conditional,1.0,observed,transit_rough,11,11,0,156,160,4,True,True,False,0.0,0
45,steady_r02,regime_conditional,0.2,clean,warehouse,0,0,0,48,52,4,False,False,False,,4
45,steady_r02,regime_conditional,0.2,clean,warehouse,1,1,1,168,172,4,False,False,False,,4
45,steady_r02,regime_conditional,0.2,clean,warehouse,2,2,0,84,88,4,False,False,False,,4
45,steady_r02,regime_conditional,0.2,clean,warehouse,3,3,0,72,76,4,False,False,False,,4
45,steady_r02,regime_conditional,0.2,clean,transit_smooth,4,4,1,168,172,4,False,False,False,,4
45,steady_r02,regime_conditional,0.2,clean,transit_smooth,5,5,2,36,40,4,False,False,False,,4
45,steady_r02,regime_conditional,0.2,clean,transit_smooth,6,6,1,84,88,4,False,False,False,,4
45,steady_r02,regime_conditional,0.2,clean,transit_smooth,7,7,0,132,136,4,False,False,False,,4
45,steady_r02,regime_conditional,0.2,clean,transit_rough,8,8,0,72,76,4,False,False,False,,4
45,steady_r02,regime_conditional,0.2,clean,transit_rough,9,9,2,72,76,4,False,False,False,,4
45,steady_r02,regime_conditional,0.2,clean,transit_rough,10,10,1,96,100,4,False,False,False,,4
45,steady_r02,regime_conditional,0.2,clean,transit_rough,11,11,0,156,160,4,False,False,False,,4
45,steady_r02,regime_conditional,0.2,observed,warehouse,0,0,0,48,52,4,True,True,False,3.0,3
45,steady_r02,regime_conditional,0.2,observed,warehouse,1,1,1,168,172,4,True,True,False,2.0,2
45,steady_r02,regime_conditional,0.2,observed,warehouse,2,2,0,84,88,4,True,True,False,1.0,1
45,steady_r02,regime_conditional,0.2,observed,warehouse,3,3,0,72,76,4,True,True,False,1.0,1
45,steady_r02,regime_conditional,0.2,observed,transit_smooth,4,4,1,168,172,4,True,True,False,2.0,2
45,steady_r02,regime_conditional,0.2,observed,transit_smooth,5,5,2,36,40,4,True,True,False,2.0,2
45,steady_r02,regime_conditional,0.2,observed,transit_smooth,6,6,1,84,88,4,True,True,False,3.0,3
45,steady_r02,regime_conditional,0.2,observed,transit_smooth,7,7,0,132,136,4,True,True,False,3.0,3
45,steady_r02,regime_conditional,0.2,observed,transit_rough,8,8,0,72,76,4,True,True,False,2.0,2
45,steady_r02,regime_conditional,0.2,observed,transit_rough,9,9,2,72,76,4,True,True,False,3.0,3
45,steady_r02,regime_conditional,0.2,observed,transit_rough,10,10,1,96,100,4,True,True,False,2.0,2
45,steady_r02,regime_conditional,0.2,observed,transit_rough,11,11,0,156,160,4,True,True,False,2.0,2
45,steady_r20,regime_marginal,1.0,clean,warehouse,0,0,0,48,60,12,False,False,False,,12
45,steady_r20,regime_marginal,1.0,clean,warehouse,1,0,1,0,12,12,False,False,False,,12
45,steady_r20,regime_marginal,1.0,clean,warehouse,2,0,2,12,24,12,False,False,False,,12
45,steady_r20,regime_marginal,1.0,clean,warehouse,3,1,1,168,180,12,False,False,False,,12
45,steady_r20,regime_marginal,1.0,clean,warehouse,4,1,2,12,24,12,False,False,False,,12
45,steady_r20,regime_marginal,1.0,clean,warehouse,5,1,2,120,132,12,False,False,False,,12
45,steady_r20,regime_marginal,1.0,clean,warehouse,6,2,0,84,96,12,False,False,False,,12
45,steady_r20,regime_marginal,1.0,clean,warehouse,7,2,1,48,60,12,False,False,False,,12
45,steady_r20,regime_marginal,1.0,clean,warehouse,8,2,2,156,168,12,False,False,False,,12
45,steady_r20,regime_marginal,1.0,clean,warehouse,9,3,0,72,84,12,False,False,False,,12
45,steady_r20,regime_marginal,1.0,clean,warehouse,10,3,0,48,60,12,False,False,False,,12
45,steady_r20,regime_marginal,1.0,clean,warehouse,11,3,1,96,108,12,False,False,False,,12
45,steady_r20,regime_marginal,1.0,clean,transit_smooth,12,4,1,168,180,12,False,False,False,,12
45,steady_r20,regime_marginal,1.0,clean,transit_smooth,13,4,0,60,72,12,False,False,False,,12
45,steady_r20,regime_marginal,1.0,clean,transit_smooth,14,4,1,0,12,12,False,False,False,,12
45,steady_r20,regime_marginal,1.0,clean,transit_smooth,15,5,2,36,48,12,False,False,False,,12
45,steady_r20,regime_marginal,1.0,clean,transit_smooth,16,5,1,84,96,12,False,False,False,,12
45,steady_r20,regime_marginal,1.0,clean,transit_smooth,17,5,1,72,84,12,False,False,False,,12
45,steady_r20,regime_marginal,1.0,clean,transit_smooth,18,6,1,84,96,12,False,False,False,,12
45,steady_r20,regime_marginal,1.0,clean,transit_smooth,19,6,2,120,132,12,False,False,False,,12
45,steady_r20,regime_marginal,1.0,clean,transit_smooth,20,6,1,12,24,12,False,False,False,,12
45,steady_r20,regime_marginal,1.0,clean,transit_smooth,21,7,0,132,144,12,False,False,False,,12
45,steady_r20,regime_marginal,1.0,clean,transit_smooth,22,7,1,48,60,12,False,False,False,,12
45,steady_r20,regime_marginal,1.0,clean,transit_smooth,23,7,1,84,96,12,False,False,False,,12
45,steady_r20,regime_marginal,1.0,clean,transit_rough,24,8,0,72,84,12,False,False,False,,12
45,steady_r20,regime_marginal,1.0,clean,transit_rough,25,8,0,168,180,12,False,False,False,,12
45,steady_r20,regime_marginal,1.0,clean,transit_rough,26,8,1,96,108,12,False,False,False,,12
45,steady_r20,regime_marginal,1.0,clean,transit_rough,27,9,2,72,84,12,False,False,False,,12
45,steady_r20,regime_marginal,1.0,clean,transit_rough,28,9,0,168,180,12,False,False,False,,12
45,steady_r20,regime_marginal,1.0,clean,transit_rough,29,9,2,108,120,12,True,True,False,4.0,4
45,steady_r20,regime_marginal,1.0,clean,transit_rough,30,10,1,96,108,12,False,False,False,,12
45,steady_r20,regime_marginal,1.0,clean,transit_rough,31,10,1,84,96,12,False,False,False,,12
45,steady_r20,regime_marginal,1.0,clean,transit_rough,32,10,1,72,84,12,False,False,False,,12
45,steady_r20,regime_marginal,1.0,clean,transit_rough,33,11,0,156,168,12,False,False,False,,12
45,steady_r20,regime_marginal,1.0,clean,transit_rough,34,11,1,120,132,12,False,False,False,,12
45,steady_r20,regime_marginal,1.0,clean,transit_rough,35,11,1,48,60,12,False,False,False,,12
45,steady_r20,regime_marginal,1.0,observed,warehouse,0,0,0,48,60,12,True,True,False,4.0,4
45,steady_r20,regime_marginal,1.0,observed,warehouse,1,0,1,0,12,12,True,True,False,1.0,1
45,steady_r20,regime_marginal,1.0,observed,warehouse,2,0,2,12,24,12,True,True,False,0.0,0
45,steady_r20,regime_marginal,1.0,observed,warehouse,3,1,1,168,180,12,True,True,False,2.0,2
45,steady_r20,regime_marginal,1.0,observed,warehouse,4,1,2,12,24,12,True,True,False,0.0,0
45,steady_r20,regime_marginal,1.0,observed,warehouse,5,1,2,120,132,12,True,True,False,0.0,0
45,steady_r20,regime_marginal,1.0,observed,warehouse,6,2,0,84,96,12,True,True,False,0.0,0
45,steady_r20,regime_marginal,1.0,observed,warehouse,7,2,1,48,60,12,True,True,False,5.0,5
45,steady_r20,regime_marginal,1.0,observed,warehouse,8,2,2,156,168,12,True,True,False,8.0,8
45,steady_r20,regime_marginal,1.0,observed,warehouse,9,3,0,72,84,12,True,True,False,0.0,0
45,steady_r20,regime_marginal,1.0,observed,warehouse,10,3,0,48,60,12,False,False,False,,12
45,steady_r20,regime_marginal,1.0,observed,warehouse,11,3,1,96,108,12,True,True,False,1.0,1
45,steady_r20,regime_marginal,1.0,observed,transit_smooth,12,4,1,168,180,12,True,True,False,10.0,10
45,steady_r20,regime_marginal,1.0,observed,transit_smooth,13,4,0,60,72,12,False,False,False,,12
45,steady_r20,regime_marginal,1.0,observed,transit_smooth,14,4,1,0,12,12,True,True,False,0.0,0
45,steady_r20,regime_marginal,1.0,observed,transit_smooth,15,5,2,36,48,12,True,True,False,3.0,3
45,steady_r20,regime_marginal,1.0,observed,transit_smooth,16,5,1,84,96,12,True,True,True,10.0,10
45,steady_r20,regime_marginal,1.0,observed,transit_smooth,17,5,1,72,84,12,True,True,False,0.0,0
45,steady_r20,regime_marginal,1.0,observed,transit_smooth,18,6,1,84,96,12,False,False,False,,12
45,steady_r20,regime_marginal,1.0,observed,transit_smooth,19,6,2,120,132,12,True,True,False,6.0,6
45,steady_r20,regime_marginal,1.0,observed,transit_smooth,20,6,1,12,24,12,True,True,False,6.0,6
45,steady_r20,regime_marginal,1.0,observed,transit_smooth,21,7,0,132,144,12,True,True,False,0.0,0
45,steady_r20,regime_marginal,1.0,observed,transit_smooth,22,7,1,48,60,12,True,True,False,3.0,3
45,steady_r20,regime_marginal,1.0,observed,transit_smooth,23,7,1,84,96,12,True,True,False,10.0,10
45,steady_r20,regime_marginal,1.0,observed,transit_rough,24,8,0,72,84,12,True,True,False,0.0,0
45,steady_r20,regime_marginal,1.0,observed,transit_rough,25,8,0,168,180,12,True,True,False,3.0,3
45,steady_r20,regime_marginal,1.0,observed,transit_rough,26,8,1,96,108,12,True,True,False,2.0,2
45,steady_r20,regime_marginal,1.0,observed,transit_rough,27,9,2,72,84,12,True,True,False,10.0,10
45,steady_r20,regime_marginal,1.0,observed,transit_rough,28,9,0,168,180,12,True,True,False,1.0,1
45,steady_r20,regime_marginal,1.0,observed,transit_rough,29,9,2,108,120,12,True,True,False,2.0,2
45,steady_r20,regime_marginal,1.0,observed,transit_rough,30,10,1,96,108,12,True,True,False,1.0,1
45,steady_r20,regime_marginal,1.0,observed,transit_rough,31,10,1,84,96,12,True,True,False,0.0,0
45,steady_r20,regime_marginal,1.0,observed,transit_rough,32,10,1,72,84,12,True,True,False,4.0,4
45,steady_r20,regime_marginal,1.0,observed,transit_rough,33,11,0,156,168,12,True,True,False,7.0,7
45,steady_r20,regime_marginal,1.0,observed,transit_rough,34,11,1,120,132,12,True,True,False,0.0,0
45,steady_r20,regime_marginal,1.0,observed,transit_rough,35,11,1,48,60,12,True,True,False,3.0,3
45,steady_r20,regime_marginal,0.2,clean,warehouse,0,0,0,48,60,12,False,False,False,,12
45,steady_r20,regime_marginal,0.2,clean,warehouse,1,0,1,0,12,12,False,False,False,,12
45,steady_r20,regime_marginal,0.2,clean,warehouse,2,0,2,12,24,12,False,False,False,,12
45,steady_r20,regime_marginal,0.2,clean,warehouse,3,1,1,168,180,12,False,False,False,,12
45,steady_r20,regime_marginal,0.2,clean,warehouse,4,1,2,12,24,12,False,False,False,,12
45,steady_r20,regime_marginal,0.2,clean,warehouse,5,1,2,120,132,12,False,False,False,,12
45,steady_r20,regime_marginal,0.2,clean,warehouse,6,2,0,84,96,12,False,False,False,,12
45,steady_r20,regime_marginal,0.2,clean,warehouse,7,2,1,48,60,12,False,False,False,,12
45,steady_r20,regime_marginal,0.2,clean,warehouse,8,2,2,156,168,12,False,False,False,,12
45,steady_r20,regime_marginal,0.2,clean,warehouse,9,3,0,72,84,12,False,False,False,,12
45,steady_r20,regime_marginal,0.2,clean,warehouse,10,3,0,48,60,12,False,False,False,,12
45,steady_r20,regime_marginal,0.2,clean,warehouse,11,3,1,96,108,12,False,False,True,,12
45,steady_r20,regime_marginal,0.2,clean,transit_smooth,12,4,1,168,180,12,False,False,False,,12
45,steady_r20,regime_marginal,0.2,clean,transit_smooth,13,4,0,60,72,12,False,False,False,,12
45,steady_r20,regime_marginal,0.2,clean,transit_smooth,14,4,1,0,12,12,False,False,False,,12
45,steady_r20,regime_marginal,0.2,clean,transit_smooth,15,5,2,36,48,12,False,False,False,,12
45,steady_r20,regime_marginal,0.2,clean,transit_smooth,16,5,1,84,96,12,False,False,False,,12
45,steady_r20,regime_marginal,0.2,clean,transit_smooth,17,5,1,72,84,12,True,True,False,4.0,4
45,steady_r20,regime_marginal,0.2,clean,transit_smooth,18,6,1,84,96,12,False,False,False,,12
45,steady_r20,regime_marginal,0.2,clean,transit_smooth,19,6,2,120,132,12,False,False,False,,12
45,steady_r20,regime_marginal,0.2,clean,transit_smooth,20,6,1,12,24,12,False,False,False,,12
45,steady_r20,regime_marginal,0.2,clean,transit_smooth,21,7,0,132,144,12,False,False,False,,12
45,steady_r20,regime_marginal,0.2,clean,transit_smooth,22,7,1,48,60,12,False,False,False,,12
45,steady_r20,regime_marginal,0.2,clean,transit_smooth,23,7,1,84,96,12,False,False,False,,12
45,steady_r20,regime_marginal,0.2,clean,transit_rough,24,8,0,72,84,12,False,False,False,,12
45,steady_r20,regime_marginal,0.2,clean,transit_rough,25,8,0,168,180,12,False,False,False,,12
45,steady_r20,regime_marginal,0.2,clean,transit_rough,26,8,1,96,108,12,False,False,False,,12
45,steady_r20,regime_marginal,0.2,clean,transit_rough,27,9,2,72,84,12,False,False,False,,12
45,steady_r20,regime_marginal,0.2,clean,transit_rough,28,9,0,168,180,12,False,False,False,,12
45,steady_r20,regime_marginal,0.2,clean,transit_rough,29,9,2,108,120,12,False,False,False,,12
45,steady_r20,regime_marginal,0.2,clean,transit_rough,30,10,1,96,108,12,False,False,False,,12
45,steady_r20,regime_marginal,0.2,clean,transit_rough,31,10,1,84,96,12,False,False,False,,12
45,steady_r20,regime_marginal,0.2,clean,transit_rough,32,10,1,72,84,12,False,False,False,,12
45,steady_r20,regime_marginal,0.2,clean,transit_rough,33,11,0,156,168,12,False,False,False,,12
45,steady_r20,regime_marginal,0.2,clean,transit_rough,34,11,1,120,132,12,False,False,False,,12
45,steady_r20,regime_marginal,0.2,clean,transit_rough,35,11,1,48,60,12,False,False,False,,12
45,steady_r20,regime_marginal,0.2,observed,warehouse,0,0,0,48,60,12,False,False,False,,12
45,steady_r20,regime_marginal,0.2,observed,warehouse,1,0,1,0,12,12,True,True,False,3.0,3
45,steady_r20,regime_marginal,0.2,observed,warehouse,2,0,2,12,24,12,True,True,False,0.0,0
45,steady_r20,regime_marginal,0.2,observed,warehouse,3,1,1,168,180,12,True,True,False,6.0,6
45,steady_r20,regime_marginal,0.2,observed,warehouse,4,1,2,12,24,12,True,True,False,3.0,3
45,steady_r20,regime_marginal,0.2,observed,warehouse,5,1,2,120,132,12,True,True,False,1.0,1
45,steady_r20,regime_marginal,0.2,observed,warehouse,6,2,0,84,96,12,True,True,False,2.0,2
45,steady_r20,regime_marginal,0.2,observed,warehouse,7,2,1,48,60,12,True,True,False,5.0,5
45,steady_r20,regime_marginal,0.2,observed,warehouse,8,2,2,156,168,12,True,True,False,3.0,3
45,steady_r20,regime_marginal,0.2,observed,warehouse,9,3,0,72,84,12,True,True,False,3.0,3
45,steady_r20,regime_marginal,0.2,observed,warehouse,10,3,0,48,60,12,False,False,False,,12
45,steady_r20,regime_marginal,0.2,observed,warehouse,11,3,1,96,108,12,True,False,True,,12
45,steady_r20,regime_marginal,0.2,observed,transit_smooth,12,4,1,168,180,12,True,True,False,8.0,8
45,steady_r20,regime_marginal,0.2,observed,transit_smooth,13,4,0,60,72,12,True,True,False,11.0,11
45,steady_r20,regime_marginal,0.2,observed,transit_smooth,14,4,1,0,12,12,True,True,False,2.0,2
45,steady_r20,regime_marginal,0.2,observed,transit_smooth,15,5,2,36,48,12,True,True,False,3.0,3
45,steady_r20,regime_marginal,0.2,observed,transit_smooth,16,5,1,84,96,12,True,False,True,,12
45,steady_r20,regime_marginal,0.2,observed,transit_smooth,17,5,1,72,84,12,True,True,False,1.0,1
45,steady_r20,regime_marginal,0.2,observed,transit_smooth,18,6,1,84,96,12,True,True,False,10.0,10
45,steady_r20,regime_marginal,0.2,observed,transit_smooth,19,6,2,120,132,12,True,True,False,3.0,3
45,steady_r20,regime_marginal,0.2,observed,transit_smooth,20,6,1,12,24,12,True,True,False,4.0,4
45,steady_r20,regime_marginal,0.2,observed,transit_smooth,21,7,0,132,144,12,True,True,False,5.0,5
45,steady_r20,regime_marginal,0.2,observed,transit_smooth,22,7,1,48,60,12,True,True,False,2.0,2
45,steady_r20,regime_marginal,0.2,observed,transit_smooth,23,7,1,84,96,12,True,True,False,4.0,4
45,steady_r20,regime_marginal,0.2,observed,transit_rough,24,8,0,72,84,12,True,True,False,3.0,3
45,steady_r20,regime_marginal,0.2,observed,transit_rough,25,8,0,168,180,12,False,False,False,,12
45,steady_r20,regime_marginal,0.2,observed,transit_rough,26,8,1,96,108,12,False,False,False,,12
45,steady_r20,regime_marginal,0.2,observed,transit_rough,27,9,2,72,84,12,True,True,False,8.0,8
45,steady_r20,regime_marginal,0.2,observed,transit_rough,28,9,0,168,180,12,True,True,False,4.0,4
45,steady_r20,regime_marginal,0.2,observed,transit_rough,29,9,2,108,120,12,True,True,False,1.0,1
45,steady_r20,regime_marginal,0.2,observed,transit_rough,30,10,1,96,108,12,True,True,True,5.0,5
45,steady_r20,regime_marginal,0.2,observed,transit_rough,31,10,1,84,96,12,True,True,False,6.0,6
45,steady_r20,regime_marginal,0.2,observed,transit_rough,32,10,1,72,84,12,True,True,False,5.0,5
45,steady_r20,regime_marginal,0.2,observed,transit_rough,33,11,0,156,168,12,True,True,False,7.0,7
45,steady_r20,regime_marginal,0.2,observed,transit_rough,34,11,1,120,132,12,True,True,False,3.0,3
45,steady_r20,regime_marginal,0.2,observed,transit_rough,35,11,1,48,60,12,True,True,False,6.0,6
45,steady_r20,regime_conditional,1.0,clean,warehouse,0,0,0,48,60,12,False,False,False,,12
45,steady_r20,regime_conditional,1.0,clean,warehouse,1,0,1,0,12,12,False,False,False,,12
45,steady_r20,regime_conditional,1.0,clean,warehouse,2,0,2,12,24,12,False,False,False,,12
45,steady_r20,regime_conditional,1.0,clean,warehouse,3,1,1,168,180,12,False,False,False,,12
45,steady_r20,regime_conditional,1.0,clean,warehouse,4,1,2,12,24,12,False,False,False,,12
45,steady_r20,regime_conditional,1.0,clean,warehouse,5,1,2,120,132,12,False,False,False,,12
45,steady_r20,regime_conditional,1.0,clean,warehouse,6,2,0,84,96,12,False,False,False,,12
45,steady_r20,regime_conditional,1.0,clean,warehouse,7,2,1,48,60,12,False,False,False,,12
45,steady_r20,regime_conditional,1.0,clean,warehouse,8,2,2,156,168,12,False,False,False,,12
45,steady_r20,regime_conditional,1.0,clean,warehouse,9,3,0,72,84,12,False,False,False,,12
45,steady_r20,regime_conditional,1.0,clean,warehouse,10,3,0,48,60,12,False,False,False,,12
45,steady_r20,regime_conditional,1.0,clean,warehouse,11,3,1,96,108,12,False,False,False,,12
45,steady_r20,regime_conditional,1.0,clean,transit_smooth,12,4,1,168,180,12,True,True,False,9.0,9
45,steady_r20,regime_conditional,1.0,clean,transit_smooth,13,4,0,60,72,12,True,True,False,6.0,6
45,steady_r20,regime_conditional,1.0,clean,transit_smooth,14,4,1,0,12,12,False,False,False,,12
45,steady_r20,regime_conditional,1.0,clean,transit_smooth,15,5,2,36,48,12,False,False,False,,12
45,steady_r20,regime_conditional,1.0,clean,transit_smooth,16,5,1,84,96,12,False,False,False,,12
45,steady_r20,regime_conditional,1.0,clean,transit_smooth,17,5,1,72,84,12,True,True,False,6.0,6
45,steady_r20,regime_conditional,1.0,clean,transit_smooth,18,6,1,84,96,12,True,True,False,11.0,11
45,steady_r20,regime_conditional,1.0,clean,transit_smooth,19,6,2,120,132,12,False,False,True,,12
45,steady_r20,regime_conditional,1.0,clean,transit_smooth,20,6,1,12,24,12,False,False,False,,12
45,steady_r20,regime_conditional,1.0,clean,transit_smooth,21,7,0,132,144,12,False,False,False,,12
45,steady_r20,regime_conditional,1.0,clean,transit_smooth,22,7,1,48,60,12,False,False,False,,12
45,steady_r20,regime_conditional,1.0,clean,transit_smooth,23,7,1,84,96,12,False,False,False,,12
45,steady_r20,regime_conditional,1.0,clean,transit_rough,24,8,0,72,84,12,False,False,False,,12
45,steady_r20,regime_conditional,1.0,clean,transit_rough,25,8,0,168,180,12,True,True,False,1.0,1
45,steady_r20,regime_conditional,1.0,clean,transit_rough,26,8,1,96,108,12,False,False,False,,12
45,steady_r20,regime_conditional,1.0,clean,transit_rough,27,9,2,72,84,12,False,False,False,,12
45,steady_r20,regime_conditional,1.0,clean,transit_rough,28,9,0,168,180,12,False,False,False,,12
45,steady_r20,regime_conditional,1.0,clean,transit_rough,29,9,2,108,120,12,True,True,False,4.0,4
45,steady_r20,regime_conditional,1.0,clean,transit_rough,30,10,1,96,108,12,False,False,False,,12
45,steady_r20,regime_conditional,1.0,clean,transit_rough,31,10,1,84,96,12,False,False,False,,12
45,steady_r20,regime_conditional,1.0,clean,transit_rough,32,10,1,72,84,12,False,False,False,,12
45,steady_r20,regime_conditional,1.0,clean,transit_rough,33,11,0,156,168,12,False,False,False,,12
45,steady_r20,regime_conditional,1.0,clean,transit_rough,34,11,1,120,132,12,False,False,False,,12
45,steady_r20,regime_conditional,1.0,clean,transit_rough,35,11,1,48,60,12,False,False,False,,12
45,steady_r20,regime_conditional,1.0,observed,warehouse,0,0,0,48,60,12,True,True,False,0.0,0
45,steady_r20,regime_conditional,1.0,observed,warehouse,1,0,1,0,12,12,True,True,False,0.0,0
45,steady_r20,regime_conditional,1.0,observed,warehouse,2,0,2,12,24,12,True,True,False,0.0,0
45,steady_r20,regime_conditional,1.0,observed,warehouse,3,1,1,168,180,12,True,True,False,2.0,2
45,steady_r20,regime_conditional,1.0,observed,warehouse,4,1,2,12,24,12,True,True,False,0.0,0
45,steady_r20,regime_conditional,1.0,observed,warehouse,5,1,2,120,132,12,True,True,False,0.0,0
45,steady_r20,regime_conditional,1.0,observed,warehouse,6,2,0,84,96,12,True,True,False,0.0,0
45,steady_r20,regime_conditional,1.0,observed,warehouse,7,2,1,48,60,12,True,True,False,5.0,5
45,steady_r20,regime_conditional,1.0,observed,warehouse,8,2,2,156,168,12,True,True,False,3.0,3
45,steady_r20,regime_conditional,1.0,observed,warehouse,9,3,0,72,84,12,True,True,False,0.0,0
45,steady_r20,regime_conditional,1.0,observed,warehouse,10,3,0,48,60,12,True,True,False,5.0,5
45,steady_r20,regime_conditional,1.0,observed,warehouse,11,3,1,96,108,12,True,True,False,0.0,0
45,steady_r20,regime_conditional,1.0,observed,transit_smooth,12,4,1,168,180,12,True,True,False,0.0,0
45,steady_r20,regime_conditional,1.0,observed,transit_smooth,13,4,0,60,72,12,True,True,False,7.0,7
45,steady_r20,regime_conditional,1.0,observed,transit_smooth,14,4,1,0,12,12,True,True,False,0.0,0
45,steady_r20,regime_conditional,1.0,observed,transit_smooth,15,5,2,36,48,12,True,True,False,3.0,3
45,steady_r20,regime_conditional,1.0,observed,transit_smooth,16,5,1,84,96,12,True,True,True,10.0,10
45,steady_r20,regime_conditional,1.0,observed,transit_smooth,17,5,1,72,84,12,True,True,False,0.0,0
45,steady_r20,regime_conditional,1.0,observed,transit_smooth,18,6,1,84,96,12,True,True,False,1.0,1
45,steady_r20,regime_conditional,1.0,observed,transit_smooth,19,6,2,120,132,12,True,True,True,1.0,1
45,steady_r20,regime_conditional,1.0,observed,transit_smooth,20,6,1,12,24,12,True,True,False,0.0,0
45,steady_r20,regime_conditional,1.0,observed,transit_smooth,21,7,0,132,144,12,True,True,False,0.0,0
45,steady_r20,regime_conditional,1.0,observed,transit_smooth,22,7,1,48,60,12,True,True,False,0.0,0
45,steady_r20,regime_conditional,1.0,observed,transit_smooth,23,7,1,84,96,12,True,True,False,4.0,4
45,steady_r20,regime_conditional,1.0,observed,transit_rough,24,8,0,72,84,12,True,True,False,0.0,0
45,steady_r20,regime_conditional,1.0,observed,transit_rough,25,8,0,168,180,12,True,True,False,3.0,3
45,steady_r20,regime_conditional,1.0,observed,transit_rough,26,8,1,96,108,12,True,True,False,2.0,2
45,steady_r20,regime_conditional,1.0,observed,transit_rough,27,9,2,72,84,12,True,True,False,0.0,0
45,steady_r20,regime_conditional,1.0,observed,transit_rough,28,9,0,168,180,12,True,True,False,1.0,1
45,steady_r20,regime_conditional,1.0,observed,transit_rough,29,9,2,108,120,12,True,True,False,2.0,2
45,steady_r20,regime_conditional,1.0,observed,transit_rough,30,10,1,96,108,12,True,True,False,1.0,1
45,steady_r20,regime_conditional,1.0,observed,transit_rough,31,10,1,84,96,12,True,True,False,0.0,0
45,steady_r20,regime_conditional,1.0,observed,transit_rough,32,10,1,72,84,12,True,True,False,4.0,4
45,steady_r20,regime_conditional,1.0,observed,transit_rough,33,11,0,156,168,12,True,True,False,0.0,0
45,steady_r20,regime_conditional,1.0,observed,transit_rough,34,11,1,120,132,12,True,True,False,1.0,1
45,steady_r20,regime_conditional,1.0,observed,transit_rough,35,11,1,48,60,12,True,True,False,3.0,3
45,steady_r20,regime_conditional,0.2,clean,warehouse,0,0,0,48,60,12,False,False,False,,12
45,steady_r20,regime_conditional,0.2,clean,warehouse,1,0,1,0,12,12,False,False,False,,12
45,steady_r20,regime_conditional,0.2,clean,warehouse,2,0,2,12,24,12,False,False,False,,12
45,steady_r20,regime_conditional,0.2,clean,warehouse,3,1,1,168,180,12,False,False,False,,12
45,steady_r20,regime_conditional,0.2,clean,warehouse,4,1,2,12,24,12,False,False,False,,12
45,steady_r20,regime_conditional,0.2,clean,warehouse,5,1,2,120,132,12,False,False,False,,12
45,steady_r20,regime_conditional,0.2,clean,warehouse,6,2,0,84,96,12,False,False,False,,12
45,steady_r20,regime_conditional,0.2,clean,warehouse,7,2,1,48,60,12,False,False,False,,12
45,steady_r20,regime_conditional,0.2,clean,warehouse,8,2,2,156,168,12,False,False,False,,12
45,steady_r20,regime_conditional,0.2,clean,warehouse,9,3,0,72,84,12,False,False,False,,12
45,steady_r20,regime_conditional,0.2,clean,warehouse,10,3,0,48,60,12,False,False,False,,12
45,steady_r20,regime_conditional,0.2,clean,warehouse,11,3,1,96,108,12,True,False,True,,12
45,steady_r20,regime_conditional,0.2,clean,transit_smooth,12,4,1,168,180,12,True,True,False,9.0,9
45,steady_r20,regime_conditional,0.2,clean,transit_smooth,13,4,0,60,72,12,False,False,False,,12
45,steady_r20,regime_conditional,0.2,clean,transit_smooth,14,4,1,0,12,12,False,False,False,,12
45,steady_r20,regime_conditional,0.2,clean,transit_smooth,15,5,2,36,48,12,False,False,False,,12
45,steady_r20,regime_conditional,0.2,clean,transit_smooth,16,5,1,84,96,12,False,False,False,,12
45,steady_r20,regime_conditional,0.2,clean,transit_smooth,17,5,1,72,84,12,True,True,False,6.0,6
45,steady_r20,regime_conditional,0.2,clean,transit_smooth,18,6,1,84,96,12,False,False,False,,12
45,steady_r20,regime_conditional,0.2,clean,transit_smooth,19,6,2,120,132,12,False,False,False,,12
45,steady_r20,regime_conditional,0.2,clean,transit_smooth,20,6,1,12,24,12,False,False,False,,12
45,steady_r20,regime_conditional,0.2,clean,transit_smooth,21,7,0,132,144,12,False,False,False,,12
45,steady_r20,regime_conditional,0.2,clean,transit_smooth,22,7,1,48,60,12,False,False,False,,12
45,steady_r20,regime_conditional,0.2,clean,transit_smooth,23,7,1,84,96,12,False,False,False,,12
45,steady_r20,regime_conditional,0.2,clean,transit_rough,24,8,0,72,84,12,False,False,False,,12
45,steady_r20,regime_conditional,0.2,clean,transit_rough,25,8,0,168,180,12,False,False,False,,12
45,steady_r20,regime_conditional,0.2,clean,transit_rough,26,8,1,96,108,12,False,False,False,,12
45,steady_r20,regime_conditional,0.2,clean,transit_rough,27,9,2,72,84,12,False,False,False,,12
45,steady_r20,regime_conditional,0.2,clean,transit_rough,28,9,0,168,180,12,False,False,False,,12
45,steady_r20,regime_conditional,0.2,clean,transit_rough,29,9,2,108,120,12,False,False,False,,12
45,steady_r20,regime_conditional,0.2,clean,transit_rough,30,10,1,96,108,12,False,False,False,,12
45,steady_r20,regime_conditional,0.2,clean,transit_rough,31,10,1,84,96,12,False,False,False,,12
45,steady_r20,regime_conditional,0.2,clean,transit_rough,32,10,1,72,84,12,False,False,False,,12
45,steady_r20,regime_conditional,0.2,clean,transit_rough,33,11,0,156,168,12,False,False,False,,12
45,steady_r20,regime_conditional,0.2,clean,transit_rough,34,11,1,120,132,12,False,False,False,,12
45,steady_r20,regime_conditional,0.2,clean,transit_rough,35,11,1,48,60,12,False,False,False,,12
45,steady_r20,regime_conditional,0.2,observed,warehouse,0,0,0,48,60,12,True,True,False,3.0,3
45,steady_r20,regime_conditional,0.2,observed,warehouse,1,0,1,0,12,12,True,True,False,1.0,1
45,steady_r20,regime_conditional,0.2,observed,warehouse,2,0,2,12,24,12,True,False,True,,12
45,steady_r20,regime_conditional,0.2,observed,warehouse,3,1,1,168,180,12,True,True,False,2.0,2
45,steady_r20,regime_conditional,0.2,observed,warehouse,4,1,2,12,24,12,True,True,False,2.0,2
45,steady_r20,regime_conditional,0.2,observed,warehouse,5,1,2,120,132,12,True,True,False,2.0,2
45,steady_r20,regime_conditional,0.2,observed,warehouse,6,2,0,84,96,12,True,True,False,1.0,1
45,steady_r20,regime_conditional,0.2,observed,warehouse,7,2,1,48,60,12,True,True,False,4.0,4
45,steady_r20,regime_conditional,0.2,observed,warehouse,8,2,2,156,168,12,True,True,False,3.0,3
45,steady_r20,regime_conditional,0.2,observed,warehouse,9,3,0,72,84,12,True,True,False,1.0,1
45,steady_r20,regime_conditional,0.2,observed,warehouse,10,3,0,48,60,12,True,True,False,3.0,3
45,steady_r20,regime_conditional,0.2,observed,warehouse,11,3,1,96,108,12,True,False,True,,12
45,steady_r20,regime_conditional,0.2,observed,transit_smooth,12,4,1,168,180,12,True,True,False,2.0,2
45,steady_r20,regime_conditional,0.2,observed,transit_smooth,13,4,0,60,72,12,True,True,False,5.0,5
45,steady_r20,regime_conditional,0.2,observed,transit_smooth,14,4,1,0,12,12,True,True,False,1.0,1
45,steady_r20,regime_conditional,0.2,observed,transit_smooth,15,5,2,36,48,12,True,True,False,2.0,2
45,steady_r20,regime_conditional,0.2,observed,transit_smooth,16,5,1,84,96,12,True,False,True,,12
45,steady_r20,regime_conditional,0.2,observed,transit_smooth,17,5,1,72,84,12,True,True,False,1.0,1
45,steady_r20,regime_conditional,0.2,observed,transit_smooth,18,6,1,84,96,12,True,True,False,3.0,3
45,steady_r20,regime_conditional,0.2,observed,transit_smooth,19,6,2,120,132,12,True,True,False,1.0,1
45,steady_r20,regime_conditional,0.2,observed,transit_smooth,20,6,1,12,24,12,True,True,False,2.0,2
45,steady_r20,regime_conditional,0.2,observed,transit_smooth,21,7,0,132,144,12,True,True,False,3.0,3
45,steady_r20,regime_conditional,0.2,observed,transit_smooth,22,7,1,48,60,12,True,True,False,0.0,0
45,steady_r20,regime_conditional,0.2,observed,transit_smooth,23,7,1,84,96,12,True,True,False,3.0,3
45,steady_r20,regime_conditional,0.2,observed,transit_rough,24,8,0,72,84,12,True,True,False,2.0,2
45,steady_r20,regime_conditional,0.2,observed,transit_rough,25,8,0,168,180,12,True,True,False,5.0,5
45,steady_r20,regime_conditional,0.2,observed,transit_rough,26,8,1,96,108,12,True,True,False,5.0,5
45,steady_r20,regime_conditional,0.2,observed,transit_rough,27,9,2,72,84,12,True,True,False,3.0,3
45,steady_r20,regime_conditional,0.2,observed,transit_rough,28,9,0,168,180,12,True,True,False,3.0,3
45,steady_r20,regime_conditional,0.2,observed,transit_rough,29,9,2,108,120,12,True,True,False,1.0,1
45,steady_r20,regime_conditional,0.2,observed,transit_rough,30,10,1,96,108,12,True,True,True,4.0,4
45,steady_r20,regime_conditional,0.2,observed,transit_rough,31,10,1,84,96,12,True,True,True,5.0,5
45,steady_r20,regime_conditional,0.2,observed,transit_rough,32,10,1,72,84,12,True,True,False,4.0,4
45,steady_r20,regime_conditional,0.2,observed,transit_rough,33,11,0,156,168,12,True,True,False,2.0,2
45,steady_r20,regime_conditional,0.2,observed,transit_rough,34,11,1,120,132,12,True,True,False,3.0,3
45,steady_r20,regime_conditional,0.2,observed,transit_rough,35,11,1,48,60,12,True,True,False,3.0,3
45,steady_k2,regime_marginal,1.0,clean,warehouse,0,0,0,48,60,12,False,False,False,,12
45,steady_k2,regime_marginal,1.0,clean,warehouse,0,0,1,48,60,12,False,False,False,,12
45,steady_k2,regime_marginal,1.0,clean,warehouse,1,0,1,0,6,6,False,False,False,,6
45,steady_k2,regime_marginal,1.0,clean,warehouse,1,0,0,0,6,6,False,False,False,,6
45,steady_k2,regime_marginal,1.0,clean,warehouse,2,1,1,168,180,12,False,False,False,,12
45,steady_k2,regime_marginal,1.0,clean,warehouse,2,1,0,168,180,12,False,False,False,,12
45,steady_k2,regime_marginal,1.0,clean,warehouse,3,1,2,12,18,6,False,False,False,,6
45,steady_k2,regime_marginal,1.0,clean,warehouse,3,1,1,12,18,6,False,False,False,,6
45,steady_k2,regime_marginal,1.0,clean,warehouse,4,2,0,84,96,12,False,False,False,,12
45,steady_k2,regime_marginal,1.0,clean,warehouse,4,2,2,84,96,12,False,False,False,,12
45,steady_k2,regime_marginal,1.0,clean,warehouse,5,2,1,48,54,6,False,False,False,,6
45,steady_k2,regime_marginal,1.0,clean,warehouse,5,2,0,48,54,6,False,False,False,,6
45,steady_k2,regime_marginal,1.0,clean,warehouse,6,3,0,72,84,12,False,False,False,,12
45,steady_k2,regime_marginal,1.0,clean,warehouse,6,3,2,72,84,12,False,False,False,,12
45,steady_k2,regime_marginal,1.0,clean,warehouse,7,3,0,48,54,6,False,False,False,,6
45,steady_k2,regime_marginal,1.0,clean,warehouse,7,3,1,48,54,6,False,False,False,,6
45,steady_k2,regime_marginal,1.0,clean,transit_smooth,8,4,1,168,180,12,False,False,False,,12
45,steady_k2,regime_marginal,1.0,clean,transit_smooth,8,4,0,168,180,12,False,False,False,,12
45,steady_k2,regime_marginal,1.0,clean,transit_smooth,9,4,0,60,66,6,False,False,False,,6
45,steady_k2,regime_marginal,1.0,clean,transit_smooth,9,4,1,60,66,6,False,False,False,,6
45,steady_k2,regime_marginal,1.0,clean,transit_smooth,10,5,2,36,48,12,False,False,False,,12
45,steady_k2,regime_marginal,1.0,clean,transit_smooth,10,5,0,36,48,12,False,False,False,,12
45,steady_k2,regime_marginal,1.0,clean,transit_smooth,11,5,1,84,90,6,False,False,False,,6
45,steady_k2,regime_marginal,1.0,clean,transit_smooth,11,5,0,84,90,6,False,False,False,,6
45,steady_k2,regime_marginal,1.0,clean,transit_smooth,12,6,1,84,96,12,False,False,False,,12
45,steady_k2,regime_marginal,1.0,clean,transit_smooth,12,6,2,84,96,12,False,False,False,,12
45,steady_k2,regime_marginal,1.0,clean,transit_smooth,13,6,2,120,126,6,False,False,False,,6
45,steady_k2,regime_marginal,1.0,clean,transit_smooth,13,6,1,120,126,6,False,False,False,,6
45,steady_k2,regime_marginal,1.0,clean,transit_smooth,14,7,0,132,144,12,False,False,False,,12
45,steady_k2,regime_marginal,1.0,clean,transit_smooth,14,7,1,132,144,12,False,False,False,,12
45,steady_k2,regime_marginal,1.0,clean,transit_smooth,15,7,1,48,54,6,False,False,False,,6
45,steady_k2,regime_marginal,1.0,clean,transit_smooth,15,7,2,48,54,6,False,False,False,,6
45,steady_k2,regime_marginal,1.0,clean,transit_rough,16,8,0,72,84,12,False,False,False,,12
45,steady_k2,regime_marginal,1.0,clean,transit_rough,16,8,1,72,84,12,False,False,False,,12
45,steady_k2,regime_marginal,1.0,clean,transit_rough,17,8,0,168,174,6,False,False,False,,6
45,steady_k2,regime_marginal,1.0,clean,transit_rough,17,8,1,168,174,6,False,False,False,,6
45,steady_k2,regime_marginal,1.0,clean,transit_rough,18,9,2,72,84,12,False,False,False,,12
45,steady_k2,regime_marginal,1.0,clean,transit_rough,18,9,0,72,84,12,True,True,False,3.0,3
45,steady_k2,regime_marginal,1.0,clean,transit_rough,19,9,0,168,174,6,False,False,False,,6
45,steady_k2,regime_marginal,1.0,clean,transit_rough,19,9,1,168,174,6,False,False,False,,6
45,steady_k2,regime_marginal,1.0,clean,transit_rough,20,10,1,96,108,12,False,False,False,,12
45,steady_k2,regime_marginal,1.0,clean,transit_rough,20,10,2,96,108,12,False,False,False,,12
45,steady_k2,regime_marginal,1.0,clean,transit_rough,21,10,1,84,90,6,False,False,False,,6
45,steady_k2,regime_marginal,1.0,clean,transit_rough,21,10,0,84,90,6,False,False,False,,6
45,steady_k2,regime_marginal,1.0,clean,transit_rough,22,11,0,156,168,12,False,False,False,,12
45,steady_k2,regime_marginal,1.0,clean,transit_rough,22,11,2,156,168,12,False,False,False,,12
45,steady_k2,regime_marginal,1.0,clean,transit_rough,23,11,1,120,126,6,False,False,False,,6
45,steady_k2,regime_marginal,1.0,clean,transit_rough,23,11,0,120,126,6,False,False,False,,6
45,steady_k2,regime_marginal,1.0,observed,warehouse,0,0,0,48,60,12,True,True,False,4.0,4
45,steady_k2,regime_marginal,1.0,observed,warehouse,0,0,1,48,60,12,True,True,False,0.0,0
45,steady_k2,regime_marginal,1.0,observed,warehouse,1,0,1,0,6,6,True,True,False,1.0,1
45,steady_k2,regime_marginal,1.0,observed,warehouse,1,0,0,0,6,6,False,False,False,,6
45,steady_k2,regime_marginal,1.0,observed,warehouse,2,1,1,168,180,12,True,True,False,2.0,2
45,steady_k2,regime_marginal,1.0,observed,warehouse,2,1,0,168,180,12,True,True,False,1.0,1
45,steady_k2,regime_marginal,1.0,observed,warehouse,3,1,2,12,18,6,True,True,False,0.0,0
45,steady_k2,regime_marginal,1.0,observed,warehouse,3,1,1,12,18,6,True,True,False,1.0,1
45,steady_k2,regime_marginal,1.0,observed,warehouse,4,2,0,84,96,12,True,True,False,0.0,0
45,steady_k2,regime_marginal,1.0,observed,warehouse,4,2,2,84,96,12,True,True,False,0.0,0
45,steady_k2,regime_marginal,1.0,observed,warehouse,5,2,1,48,54,6,True,True,False,5.0,5
45,steady_k2,regime_marginal,1.0,observed,warehouse,5,2,0,48,54,6,True,True,False,2.0,2
45,steady_k2,regime_marginal,1.0,observed,warehouse,6,3,0,72,84,12,True,True,False,0.0,0
45,steady_k2,regime_marginal,1.0,observed,warehouse,6,3,2,72,84,12,False,False,False,,12
45,steady_k2,regime_marginal,1.0,observed,warehouse,7,3,0,48,54,6,False,False,False,,6
45,steady_k2,regime_marginal,1.0,observed,warehouse,7,3,1,48,54,6,True,True,False,0.0,0
45,steady_k2,regime_marginal,1.0,observed,transit_smooth,8,4,1,168,180,12,True,True,False,10.0,10
45,steady_k2,regime_marginal,1.0,observed,transit_smooth,8,4,0,168,180,12,True,True,False,4.0,4
45,steady_k2,regime_marginal,1.0,observed,transit_smooth,9,4,0,60,66,6,False,False,False,,6
45,steady_k2,regime_marginal,1.0,observed,transit_smooth,9,4,1,60,66,6,True,True,False,0.0,0
45,steady_k2,regime_marginal,1.0,observed,transit_smooth,10,5,2,36,48,12,True,True,False,3.0,3
45,steady_k2,regime_marginal,1.0,observed,transit_smooth,10,5,0,36,48,12,True,True,False,0.0,0
45,steady_k2,regime_marginal,1.0,observed,transit_smooth,11,5,1,84,90,6,False,False,False,,6
45,steady_k2,regime_marginal,1.0,observed,transit_smooth,11,5,0,84,90,6,False,False,False,,6
45,steady_k2,regime_marginal,1.0,observed,transit_smooth,12,6,1,84,96,12,False,False,False,,12
45,steady_k2,regime_marginal,1.0,observed,transit_smooth,12,6,2,84,96,12,True,True,False,8.0,8
45,steady_k2,regime_marginal,1.0,observed,transit_smooth,13,6,2,120,126,6,False,False,False,,6
45,steady_k2,regime_marginal,1.0,observed,transit_smooth,13,6,1,120,126,6,False,False,False,,6
45,steady_k2,regime_marginal,1.0,observed,transit_smooth,14,7,0,132,144,12,True,True,False,0.0,0
45,steady_k2,regime_marginal,1.0,observed,transit_smooth,14,7,1,132,144,12,True,True,False,3.0,3
45,steady_k2,regime_marginal,1.0,observed,transit_smooth,15,7,1,48,54,6,True,True,False,3.0,3
45,steady_k2,regime_marginal,1.0,observed,transit_smooth,15,7,2,48,54,6,True,True,False,0.0,0
45,steady_k2,regime_marginal,1.0,observed,transit_rough,16,8,0,72,84,12,True,True,False,0.0,0
45,steady_k2,regime_marginal,1.0,observed,transit_rough,16,8,1,72,84,12,True,True,False,0.0,0
45,steady_k2,regime_marginal,1.0,observed,transit_rough,17,8,0,168,174,6,True,True,False,3.0,3
45,steady_k2,regime_marginal,1.0,observed,transit_rough,17,8,1,168,174,6,True,True,False,2.0,2
45,steady_k2,regime_marginal,1.0,observed,transit_rough,18,9,2,72,84,12,True,True,False,10.0,10
45,steady_k2,regime_marginal,1.0,observed,transit_rough,18,9,0,72,84,12,True,True,False,4.0,4
45,steady_k2,regime_marginal,1.0,observed,transit_rough,19,9,0,168,174,6,True,True,False,1.0,1
45,steady_k2,regime_marginal,1.0,observed,transit_rough,19,9,1,168,174,6,False,False,False,,6
45,steady_k2,regime_marginal,1.0,observed,transit_rough,20,10,1,96,108,12,True,True,False,1.0,1
45,steady_k2,regime_marginal,1.0,observed,transit_rough,20,10,2,96,108,12,True,True,False,1.0,1
45,steady_k2,regime_marginal,1.0,observed,transit_rough,21,10,1,84,90,6,True,True,False,0.0,0
45,steady_k2,regime_marginal,1.0,observed,transit_rough,21,10,0,84,90,6,True,True,False,3.0,3
45,steady_k2,regime_marginal,1.0,observed,transit_rough,22,11,0,156,168,12,True,True,False,7.0,7
45,steady_k2,regime_marginal,1.0,observed,transit_rough,22,11,2,156,168,12,True,True,False,4.0,4
45,steady_k2,regime_marginal,1.0,observed,transit_rough,23,11,1,120,126,6,True,True,False,0.0,0
45,steady_k2,regime_marginal,1.0,observed,transit_rough,23,11,0,120,126,6,False,False,False,,6
45,steady_k2,regime_marginal,0.2,clean,warehouse,0,0,0,48,60,12,False,False,False,,12
45,steady_k2,regime_marginal,0.2,clean,warehouse,0,0,1,48,60,12,False,False,False,,12
45,steady_k2,regime_marginal,0.2,clean,warehouse,1,0,1,0,6,6,False,False,False,,6
45,steady_k2,regime_marginal,0.2,clean,warehouse,1,0,0,0,6,6,False,False,False,,6
45,steady_k2,regime_marginal,0.2,clean,warehouse,2,1,1,168,180,12,False,False,False,,12
45,steady_k2,regime_marginal,0.2,clean,warehouse,2,1,0,168,180,12,False,False,False,,12
45,steady_k2,regime_marginal,0.2,clean,warehouse,3,1,2,12,18,6,False,False,False,,6
45,steady_k2,regime_marginal,0.2,clean,warehouse,3,1,1,12,18,6,False,False,False,,6
45,steady_k2,regime_marginal,0.2,clean,warehouse,4,2,0,84,96,12,False,False,False,,12
45,steady_k2,regime_marginal,0.2,clean,warehouse,4,2,2,84,96,12,False,False,False,,12
45,steady_k2,regime_marginal,0.2,clean,warehouse,5,2,1,48,54,6,False,False,False,,6
45,steady_k2,regime_marginal,0.2,clean,warehouse,5,2,0,48,54,6,False,False,False,,6
45,steady_k2,regime_marginal,0.2,clean,warehouse,6,3,0,72,84,12,False,False,False,,12
45,steady_k2,regime_marginal,0.2,clean,warehouse,6,3,2,72,84,12,False,False,False,,12
45,steady_k2,regime_marginal,0.2,clean,warehouse,7,3,0,48,54,6,False,False,False,,6
45,steady_k2,regime_marginal,0.2,clean,warehouse,7,3,1,48,54,6,False,False,False,,6
45,steady_k2,regime_marginal,0.2,clean,transit_smooth,8,4,1,168,180,12,False,False,False,,12
45,steady_k2,regime_marginal,0.2,clean,transit_smooth,8,4,0,168,180,12,False,False,False,,12
45,steady_k2,regime_marginal,0.2,clean,transit_smooth,9,4,0,60,66,6,False,False,False,,6
45,steady_k2,regime_marginal,0.2,clean,transit_smooth,9,4,1,60,66,6,False,False,False,,6
45,steady_k2,regime_marginal,0.2,clean,transit_smooth,10,5,2,36,48,12,False,False,False,,12
45,steady_k2,regime_marginal,0.2,clean,transit_smooth,10,5,0,36,48,12,False,False,False,,12
45,steady_k2,regime_marginal,0.2,clean,transit_smooth,11,5,1,84,90,6,False,False,False,,6
45,steady_k2,regime_marginal,0.2,clean,transit_smooth,11,5,0,84,90,6,False,False,False,,6
45,steady_k2,regime_marginal,0.2,clean,transit_smooth,12,6,1,84,96,12,False,False,False,,12
45,steady_k2,regime_marginal,0.2,clean,transit_smooth,12,6,2,84,96,12,False,False,False,,12
45,steady_k2,regime_marginal,0.2,clean,transit_smooth,13,6,2,120,126,6,False,False,False,,6
45,steady_k2,regime_marginal,0.2,clean,transit_smooth,13,6,1,120,126,6,False,False,False,,6
45,steady_k2,regime_marginal,0.2,clean,transit_smooth,14,7,0,132,144,12,False,False,False,,12
45,steady_k2,regime_marginal,0.2,clean,transit_smooth,14,7,1,132,144,12,False,False,False,,12
45,steady_k2,regime_marginal,0.2,clean,transit_smooth,15,7,1,48,54,6,False,False,False,,6
45,steady_k2,regime_marginal,0.2,clean,transit_smooth,15,7,2,48,54,6,False,False,False,,6
45,steady_k2,regime_marginal,0.2,clean,transit_rough,16,8,0,72,84,12,False,False,False,,12
45,steady_k2,regime_marginal,0.2,clean,transit_rough,16,8,1,72,84,12,False,False,False,,12
45,steady_k2,regime_marginal,0.2,clean,transit_rough,17,8,0,168,174,6,False,False,False,,6
45,steady_k2,regime_marginal,0.2,clean,transit_rough,17,8,1,168,174,6,False,False,False,,6
45,steady_k2,regime_marginal,0.2,clean,transit_rough,18,9,2,72,84,12,False,False,False,,12
45,steady_k2,regime_marginal,0.2,clean,transit_rough,18,9,0,72,84,12,False,False,False,,12
45,steady_k2,regime_marginal,0.2,clean,transit_rough,19,9,0,168,174,6,False,False,False,,6
45,steady_k2,regime_marginal,0.2,clean,transit_rough,19,9,1,168,174,6,False,False,False,,6
45,steady_k2,regime_marginal,0.2,clean,transit_rough,20,10,1,96,108,12,False,False,False,,12
45,steady_k2,regime_marginal,0.2,clean,transit_rough,20,10,2,96,108,12,False,False,False,,12
45,steady_k2,regime_marginal,0.2,clean,transit_rough,21,10,1,84,90,6,False,False,False,,6
45,steady_k2,regime_marginal,0.2,clean,transit_rough,21,10,0,84,90,6,False,False,False,,6
45,steady_k2,regime_marginal,0.2,clean,transit_rough,22,11,0,156,168,12,False,False,False,,12
45,steady_k2,regime_marginal,0.2,clean,transit_rough,22,11,2,156,168,12,False,False,False,,12
45,steady_k2,regime_marginal,0.2,clean,transit_rough,23,11,1,120,126,6,False,False,False,,6
45,steady_k2,regime_marginal,0.2,clean,transit_rough,23,11,0,120,126,6,False,False,False,,6
45,steady_k2,regime_marginal,0.2,observed,warehouse,0,0,0,48,60,12,False,False,False,,12
45,steady_k2,regime_marginal,0.2,observed,warehouse,0,0,1,48,60,12,True,True,False,1.0,1
45,steady_k2,regime_marginal,0.2,observed,warehouse,1,0,1,0,6,6,True,True,False,3.0,3
45,steady_k2,regime_marginal,0.2,observed,warehouse,1,0,0,0,6,6,False,False,False,,6
45,steady_k2,regime_marginal,0.2,observed,warehouse,2,1,1,168,180,12,True,True,False,6.0,6
45,steady_k2,regime_marginal,0.2,observed,warehouse,2,1,0,168,180,12,True,True,False,4.0,4
45,steady_k2,regime_marginal,0.2,observed,warehouse,3,1,2,12,18,6,True,True,False,3.0,3
45,steady_k2,regime_marginal,0.2,observed,warehouse,3,1,1,12,18,6,True,True,False,3.0,3
45,steady_k2,regime_marginal,0.2,observed,warehouse,4,2,0,84,96,12,True,True,False,2.0,2
45,steady_k2,regime_marginal,0.2,observed,warehouse,4,2,2,84,96,12,True,True,False,2.0,2
45,steady_k2,regime_marginal,0.2,observed,warehouse,5,2,1,48,54,6,True,True,False,5.0,5
45,steady_k2,regime_marginal,0.2,observed,warehouse,5,2,0,48,54,6,False,False,False,,6
45,steady_k2,regime_marginal,0.2,observed,warehouse,6,3,0,72,84,12,True,True,False,3.0,3
45,steady_k2,regime_marginal,0.2,observed,warehouse,6,3,2,72,84,12,True,True,False,5.0,5
45,steady_k2,regime_marginal,0.2,observed,warehouse,7,3,0,48,54,6,False,False,False,,6
45,steady_k2,regime_marginal,0.2,observed,warehouse,7,3,1,48,54,6,True,True,False,2.0,2
45,steady_k2,regime_marginal,0.2,observed,transit_smooth,8,4,1,168,180,12,True,True,False,8.0,8
45,steady_k2,regime_marginal,0.2,observed,transit_smooth,8,4,0,168,180,12,True,True,False,7.0,7
45,steady_k2,regime_marginal,0.2,observed,transit_smooth,9,4,0,60,66,6,False,False,False,,6
45,steady_k2,regime_marginal,0.2,observed,transit_smooth,9,4,1,60,66,6,True,True,False,0.0,0
45,steady_k2,regime_marginal,0.2,observed,transit_smooth,10,5,2,36,48,12,True,True,False,3.0,3
45,steady_k2,regime_marginal,0.2,observed,transit_smooth,10,5,0,36,48,12,True,True,False,1.0,1
45,steady_k2,regime_marginal,0.2,observed,transit_smooth,11,5,1,84,90,6,False,False,False,,6
45,steady_k2,regime_marginal,0.2,observed,transit_smooth,11,5,0,84,90,6,False,False,False,,6
45,steady_k2,regime_marginal,0.2,observed,transit_smooth,12,6,1,84,96,12,True,True,False,10.0,10
45,steady_k2,regime_marginal,0.2,observed,transit_smooth,12,6,2,84,96,12,True,True,False,8.0,8
45,steady_k2,regime_marginal,0.2,observed,transit_smooth,13,6,2,120,126,6,True,True,False,3.0,3
45,steady_k2,regime_marginal,0.2,observed,transit_smooth,13,6,1,120,126,6,False,False,False,,6
45,steady_k2,regime_marginal,0.2,observed,transit_smooth,14,7,0,132,144,12,True,True,False,5.0,5
45,steady_k2,regime_marginal,0.2,observed,transit_smooth,14,7,1,132,144,12,True,True,False,3.0,3
45,steady_k2,regime_marginal,0.2,observed,transit_smooth,15,7,1,48,54,6,True,True,False,2.0,2
45,steady_k2,regime_marginal,0.2,observed,transit_smooth,15,7,2,48,54,6,False,False,False,,6
45,steady_k2,regime_marginal,0.2,observed,transit_rough,16,8,0,72,84,12,True,True,False,3.0,3
45,steady_k2,regime_marginal,0.2,observed,transit_rough,16,8,1,72,84,12,True,True,False,4.0,4
45,steady_k2,regime_marginal,0.2,observed,transit_rough,17,8,0,168,174,6,False,False,False,,6
45,steady_k2,regime_marginal,0.2,observed,transit_rough,17,8,1,168,174,6,True,True,False,4.0,4
45,steady_k2,regime_marginal,0.2,observed,transit_rough,18,9,2,72,84,12,True,True,False,8.0,8
45,steady_k2,regime_marginal,0.2,observed,transit_rough,18,9,0,72,84,12,False,False,False,,12
45,steady_k2,regime_marginal,0.2,observed,transit_rough,19,9,0,168,174,6,True,True,False,4.0,4
45,steady_k2,regime_marginal,0.2,observed,transit_rough,19,9,1,168,174,6,True,True,False,5.0,5
45,steady_k2,regime_marginal,0.2,observed,transit_rough,20,10,1,96,108,12,True,True,False,4.0,4
45,steady_k2,regime_marginal,0.2,observed,transit_rough,20,10,2,96,108,12,True,True,False,2.0,2
45,steady_k2,regime_marginal,0.2,observed,transit_rough,21,10,1,84,90,6,True,True,False,2.0,2
45,steady_k2,regime_marginal,0.2,observed,transit_rough,21,10,0,84,90,6,True,True,False,5.0,5
45,steady_k2,regime_marginal,0.2,observed,transit_rough,22,11,0,156,168,12,True,True,False,7.0,7
45,steady_k2,regime_marginal,0.2,observed,transit_rough,22,11,2,156,168,12,True,True,False,4.0,4
45,steady_k2,regime_marginal,0.2,observed,transit_rough,23,11,1,120,126,6,True,True,False,3.0,3
45,steady_k2,regime_marginal,0.2,observed,transit_rough,23,11,0,120,126,6,False,False,False,,6
45,steady_k2,regime_conditional,1.0,clean,warehouse,0,0,0,48,60,12,False,False,False,,12
45,steady_k2,regime_conditional,1.0,clean,warehouse,0,0,1,48,60,12,False,False,False,,12
45,steady_k2,regime_conditional,1.0,clean,warehouse,1,0,1,0,6,6,False,False,False,,6
45,steady_k2,regime_conditional,1.0,clean,warehouse,1,0,0,0,6,6,False,False,False,,6
45,steady_k2,regime_conditional,1.0,clean,warehouse,2,1,1,168,180,12,False,False,False,,12
45,steady_k2,regime_conditional,1.0,clean,warehouse,2,1,0,168,180,12,False,False,False,,12
45,steady_k2,regime_conditional,1.0,clean,warehouse,3,1,2,12,18,6,False,False,False,,6
45,steady_k2,regime_conditional,1.0,clean,warehouse,3,1,1,12,18,6,False,False,False,,6
45,steady_k2,regime_conditional,1.0,clean,warehouse,4,2,0,84,96,12,False,False,False,,12
45,steady_k2,regime_conditional,1.0,clean,warehouse,4,2,2,84,96,12,False,False,False,,12
45,steady_k2,regime_conditional,1.0,clean,warehouse,5,2,1,48,54,6,False,False,False,,6
45,steady_k2,regime_conditional,1.0,clean,warehouse,5,2,0,48,54,6,False,False,False,,6
45,steady_k2,regime_conditional,1.0,clean,warehouse,6,3,0,72,84,12,False,False,False,,12
45,steady_k2,regime_conditional,1.0,clean,warehouse,6,3,2,72,84,12,False,False,False,,12
45,steady_k2,regime_conditional,1.0,clean,warehouse,7,3,0,48,54,6,False,False,False,,6
45,steady_k2,regime_conditional,1.0,clean,warehouse,7,3,1,48,54,6,False,False,True,,6
45,steady_k2,regime_conditional,1.0,clean,transit_smooth,8,4,1,168,180,12,True,True,False,9.0,9
45,steady_k2,regime_conditional,1.0,clean,transit_smooth,8,4,0,168,180,12,False,False,False,,12
45,steady_k2,regime_conditional,1.0,clean,transit_smooth,9,4,0,60,66,6,False,False,False,,6
45,steady_k2,regime_conditional,1.0,clean,transit_smooth,9,4,1,60,66,6,False,False,False,,6
45,steady_k2,regime_conditional,1.0,clean,transit_smooth,10,5,2,36,48,12,False,False,False,,12
45,steady_k2,regime_conditional,1.0,clean,transit_smooth,10,5,0,36,48,12,False,False,False,,12
45,steady_k2,regime_conditional,1.0,clean,transit_smooth,11,5,1,84,90,6,False,False,False,,6
45,steady_k2,regime_conditional,1.0,clean,transit_smooth,11,5,0,84,90,6,False,False,False,,6
45,steady_k2,regime_conditional,1.0,clean,transit_smooth,12,6,1,84,96,12,True,True,False,11.0,11
45,steady_k2,regime_conditional,1.0,clean,transit_smooth,12,6,2,84,96,12,False,False,False,,12
45,steady_k2,regime_conditional,1.0,clean,transit_smooth,13,6,2,120,126,6,False,False,True,,6
45,steady_k2,regime_conditional,1.0,clean,transit_smooth,13,6,1,120,126,6,False,False,False,,6
45,steady_k2,regime_conditional,1.0,clean,transit_smooth,14,7,0,132,144,12,False,False,False,,12
45,steady_k2,regime_conditional,1.0,clean,transit_smooth,14,7,1,132,144,12,True,True,False,5.0,5
45,steady_k2,regime_conditional,1.0,clean,transit_smooth,15,7,1,48,54,6,False,False,False,,6
45,steady_k2,regime_conditional,1.0,clean,transit_smooth,15,7,2,48,54,6,False,False,False,,6
45,steady_k2,regime_conditional,1.0,clean,transit_rough,16,8,0,72,84,12,False,False,False,,12
45,steady_k2,regime_conditional,1.0,clean,transit_rough,16,8,1,72,84,12,False,False,False,,12
45,steady_k2,regime_conditional,1.0,clean,transit_rough,17,8,0,168,174,6,True,True,False,1.0,1
45,steady_k2,regime_conditional,1.0,clean,transit_rough,17,8,1,168,174,6,False,False,False,,6
45,steady_k2,regime_conditional,1.0,clean,transit_rough,18,9,2,72,84,12,False,False,False,,12
45,steady_k2,regime_conditional,1.0,clean,transit_rough,18,9,0,72,84,12,False,False,False,,12
45,steady_k2,regime_conditional,1.0,clean,transit_rough,19,9,0,168,174,6,False,False,False,,6
45,steady_k2,regime_conditional,1.0,clean,transit_rough,19,9,1,168,174,6,False,False,False,,6
45,steady_k2,regime_conditional,1.0,clean,transit_rough,20,10,1,96,108,12,False,False,False,,12
45,steady_k2,regime_conditional,1.0,clean,transit_rough,20,10,2,96,108,12,False,False,False,,12
45,steady_k2,regime_conditional,1.0,clean,transit_rough,21,10,1,84,90,6,False,False,False,,6
45,steady_k2,regime_conditional,1.0,clean,transit_rough,21,10,0,84,90,6,False,False,False,,6
45,steady_k2,regime_conditional,1.0,clean,transit_rough,22,11,0,156,168,12,False,False,False,,12
45,steady_k2,regime_conditional,1.0,clean,transit_rough,22,11,2,156,168,12,False,False,False,,12
45,steady_k2,regime_conditional,1.0,clean,transit_rough,23,11,1,120,126,6,False,False,False,,6
45,steady_k2,regime_conditional,1.0,clean,transit_rough,23,11,0,120,126,6,False,False,False,,6
45,steady_k2,regime_conditional,1.0,observed,warehouse,0,0,0,48,60,12,True,True,False,0.0,0
45,steady_k2,regime_conditional,1.0,observed,warehouse,0,0,1,48,60,12,True,True,False,0.0,0
45,steady_k2,regime_conditional,1.0,observed,warehouse,1,0,1,0,6,6,True,True,False,0.0,0
45,steady_k2,regime_conditional,1.0,observed,warehouse,1,0,0,0,6,6,True,True,False,0.0,0
45,steady_k2,regime_conditional,1.0,observed,warehouse,2,1,1,168,180,12,True,True,False,7.0,7
45,steady_k2,regime_conditional,1.0,observed,warehouse,2,1,0,168,180,12,True,True,False,9.0,9
45,steady_k2,regime_conditional,1.0,observed,warehouse,3,1,2,12,18,6,True,True,False,0.0,0
45,steady_k2,regime_conditional,1.0,observed,warehouse,3,1,1,12,18,6,True,True,False,0.0,0
45,steady_k2,regime_conditional,1.0,observed,warehouse,4,2,0,84,96,12,True,True,False,0.0,0
45,steady_k2,regime_conditional,1.0,observed,warehouse,4,2,2,84,96,12,True,True,False,0.0,0
45,steady_k2,regime_conditional,1.0,observed,warehouse,5,2,1,48,54,6,True,True,False,0.0,0
45,steady_k2,regime_conditional,1.0,observed,warehouse,5,2,0,48,54,6,True,True,False,0.0,0
45,steady_k2,regime_conditional,1.0,observed,warehouse,6,3,0,72,84,12,True,True,False,0.0,0
45,steady_k2,regime_conditional,1.0,observed,warehouse,6,3,2,72,84,12,True,True,False,3.0,3
45,steady_k2,regime_conditional,1.0,observed,warehouse,7,3,0,48,54,6,True,True,False,0.0,0
45,steady_k2,regime_conditional,1.0,observed,warehouse,7,3,1,48,54,6,True,True,True,5.0,5
45,steady_k2,regime_conditional,1.0,observed,transit_smooth,8,4,1,168,180,12,True,True,False,11.0,11
45,steady_k2,regime_conditional,1.0,observed,transit_smooth,8,4,0,168,180,12,True,True,False,4.0,4
45,steady_k2,regime_conditional,1.0,observed,transit_smooth,9,4,0,60,66,6,True,True,False,1.0,1
45,steady_k2,regime_conditional,1.0,observed,transit_smooth,9,4,1,60,66,6,True,True,False,0.0,0
45,steady_k2,regime_conditional,1.0,observed,transit_smooth,10,5,2,36,48,12,True,True,False,3.0,3
45,steady_k2,regime_conditional,1.0,observed,transit_smooth,10,5,0,36,48,12,True,True,False,0.0,0
45,steady_k2,regime_conditional,1.0,observed,transit_smooth,11,5,1,84,90,6,False,False,False,,6
45,steady_k2,regime_conditional,1.0,observed,transit_smooth,11,5,0,84,90,6,False,False,False,,6
45,steady_k2,regime_conditional,1.0,observed,transit_smooth,12,6,1,84,96,12,False,False,False,,12
45,steady_k2,regime_conditional,1.0,observed,transit_smooth,12,6,2,84,96,12,True,True,False,6.0,6
45,steady_k2,regime_conditional,1.0,observed,transit_smooth,13,6,2,120,126,6,True,True,True,1.0,1
45,steady_k2,regime_conditional,1.0,observed,transit_smooth,13,6,1,120,126,6,True,True,False,1.0,1
45,steady_k2,regime_conditional,1.0,observed,transit_smooth,14,7,0,132,144,12,True,True,False,0.0,0
45,steady_k2,regime_conditional,1.0,observed,transit_smooth,14,7,1,132,144,12,True,True,False,0.0,0
45,steady_k2,regime_conditional,1.0,observed,transit_smooth,15,7,1,48,54,6,True,True,False,0.0,0
45,steady_k2,regime_conditional,1.0,observed,transit_smooth,15,7,2,48,54,6,True,True,False,0.0,0
45,steady_k2,regime_conditional,1.0,observed,transit_rough,16,8,0,72,84,12,True,True,False,0.0,0
45,steady_k2,regime_conditional,1.0,observed,transit_rough,16,8,1,72,84,12,True,True,False,0.0,0
45,steady_k2,regime_conditional,1.0,observed,transit_rough,17,8,0,168,174,6,True,True,False,0.0,0
45,steady_k2,regime_conditional,1.0,observed,transit_rough,17,8,1,168,174,6,True,True,False,0.0,0
45,steady_k2,regime_conditional,1.0,observed,transit_rough,18,9,2,72,84,12,True,True,False,10.0,10
45,steady_k2,regime_conditional,1.0,observed,transit_rough,18,9,0,72,84,12,True,True,False,4.0,4
45,steady_k2,regime_conditional,1.0,observed,transit_rough,19,9,0,168,174,6,True,True,False,1.0,1
45,steady_k2,regime_conditional,1.0,observed,transit_rough,19,9,1,168,174,6,True,True,False,1.0,1
45,steady_k2,regime_conditional,1.0,observed,transit_rough,20,10,1,96,108,12,True,True,False,1.0,1
45,steady_k2,regime_conditional,1.0,observed,transit_rough,20,10,2,96,108,12,True,True,False,1.0,1
45,steady_k2,regime_conditional,1.0,observed,transit_rough,21,10,1,84,90,6,True,True,False,0.0,0
45,steady_k2,regime_conditional,1.0,observed,transit_rough,21,10,0,84,90,6,True,True,False,0.0,0
45,steady_k2,regime_conditional,1.0,observed,transit_rough,22,11,0,156,168,12,True,True,False,7.0,7
45,steady_k2,regime_conditional,1.0,observed,transit_rough,22,11,2,156,168,12,True,True,False,7.0,7
45,steady_k2,regime_conditional,1.0,observed,transit_rough,23,11,1,120,126,6,True,True,False,0.0,0
45,steady_k2,regime_conditional,1.0,observed,transit_rough,23,11,0,120,126,6,True,True,False,0.0,0
45,steady_k2,regime_conditional,0.2,clean,warehouse,0,0,0,48,60,12,False,False,False,,12
45,steady_k2,regime_conditional,0.2,clean,warehouse,0,0,1,48,60,12,False,False,False,,12
45,steady_k2,regime_conditional,0.2,clean,warehouse,1,0,1,0,6,6,False,False,False,,6
45,steady_k2,regime_conditional,0.2,clean,warehouse,1,0,0,0,6,6,False,False,False,,6
45,steady_k2,regime_conditional,0.2,clean,warehouse,2,1,1,168,180,12,False,False,False,,12
45,steady_k2,regime_conditional,0.2,clean,warehouse,2,1,0,168,180,12,False,False,False,,12
45,steady_k2,regime_conditional,0.2,clean,warehouse,3,1,2,12,18,6,False,False,False,,6
45,steady_k2,regime_conditional,0.2,clean,warehouse,3,1,1,12,18,6,False,False,False,,6
45,steady_k2,regime_conditional,0.2,clean,warehouse,4,2,0,84,96,12,False,False,False,,12
45,steady_k2,regime_conditional,0.2,clean,warehouse,4,2,2,84,96,12,False,False,False,,12
45,steady_k2,regime_conditional,0.2,clean,warehouse,5,2,1,48,54,6,False,False,False,,6
45,steady_k2,regime_conditional,0.2,clean,warehouse,5,2,0,48,54,6,False,False,False,,6
45,steady_k2,regime_conditional,0.2,clean,warehouse,6,3,0,72,84,12,False,False,False,,12
45,steady_k2,regime_conditional,0.2,clean,warehouse,6,3,2,72,84,12,False,False,False,,12
45,steady_k2,regime_conditional,0.2,clean,warehouse,7,3,0,48,54,6,False,False,False,,6
45,steady_k2,regime_conditional,0.2,clean,warehouse,7,3,1,48,54,6,False,False,False,,6
45,steady_k2,regime_conditional,0.2,clean,transit_smooth,8,4,1,168,180,12,True,True,False,9.0,9
45,steady_k2,regime_conditional,0.2,clean,transit_smooth,8,4,0,168,180,12,False,False,False,,12
45,steady_k2,regime_conditional,0.2,clean,transit_smooth,9,4,0,60,66,6,False,False,False,,6
45,steady_k2,regime_conditional,0.2,clean,transit_smooth,9,4,1,60,66,6,False,False,False,,6
45,steady_k2,regime_conditional,0.2,clean,transit_smooth,10,5,2,36,48,12,False,False,False,,12
45,steady_k2,regime_conditional,0.2,clean,transit_smooth,10,5,0,36,48,12,False,False,False,,12
45,steady_k2,regime_conditional,0.2,clean,transit_smooth,11,5,1,84,90,6,False,False,False,,6
45,steady_k2,regime_conditional,0.2,clean,transit_smooth,11,5,0,84,90,6,False,False,False,,6
45,steady_k2,regime_conditional,0.2,clean,transit_smooth,12,6,1,84,96,12,False,False,False,,12
45,steady_k2,regime_conditional,0.2,clean,transit_smooth,12,6,2,84,96,12,False,False,False,,12
45,steady_k2,regime_conditional,0.2,clean,transit_smooth,13,6,2,120,126,6,False,False,False,,6
45,steady_k2,regime_conditional,0.2,clean,transit_smooth,13,6,1,120,126,6,False,False,False,,6
45,steady_k2,regime_conditional,0.2,clean,transit_smooth,14,7,0,132,144,12,False,False,False,,12
45,steady_k2,regime_conditional,0.2,clean,transit_smooth,14,7,1,132,144,12,True,True,False,5.0,5
45,steady_k2,regime_conditional,0.2,clean,transit_smooth,15,7,1,48,54,6,False,False,False,,6
45,steady_k2,regime_conditional,0.2,clean,transit_smooth,15,7,2,48,54,6,False,False,False,,6
45,steady_k2,regime_conditional,0.2,clean,transit_rough,16,8,0,72,84,12,False,False,False,,12
45,steady_k2,regime_conditional,0.2,clean,transit_rough,16,8,1,72,84,12,False,False,False,,12
45,steady_k2,regime_conditional,0.2,clean,transit_rough,17,8,0,168,174,6,False,False,False,,6
45,steady_k2,regime_conditional,0.2,clean,transit_rough,17,8,1,168,174,6,False,False,False,,6
45,steady_k2,regime_conditional,0.2,clean,transit_rough,18,9,2,72,84,12,False,False,False,,12
45,steady_k2,regime_conditional,0.2,clean,transit_rough,18,9,0,72,84,12,False,False,False,,12
45,steady_k2,regime_conditional,0.2,clean,transit_rough,19,9,0,168,174,6,False,False,False,,6
45,steady_k2,regime_conditional,0.2,clean,transit_rough,19,9,1,168,174,6,False,False,False,,6
45,steady_k2,regime_conditional,0.2,clean,transit_rough,20,10,1,96,108,12,False,False,False,,12
45,steady_k2,regime_conditional,0.2,clean,transit_rough,20,10,2,96,108,12,False,False,False,,12
45,steady_k2,regime_conditional,0.2,clean,transit_rough,21,10,1,84,90,6,False,False,False,,6
45,steady_k2,regime_conditional,0.2,clean,transit_rough,21,10,0,84,90,6,False,False,False,,6
45,steady_k2,regime_conditional,0.2,clean,transit_rough,22,11,0,156,168,12,False,False,False,,12
45,steady_k2,regime_conditional,0.2,clean,transit_rough,22,11,2,156,168,12,False,False,False,,12
45,steady_k2,regime_conditional,0.2,clean,transit_rough,23,11,1,120,126,6,False,False,False,,6
45,steady_k2,regime_conditional,0.2,clean,transit_rough,23,11,0,120,126,6,False,False,False,,6
45,steady_k2,regime_conditional,0.2,observed,warehouse,0,0,0,48,60,12,True,True,False,1.0,1
45,steady_k2,regime_conditional,0.2,observed,warehouse,0,0,1,48,60,12,True,True,False,0.0,0
45,steady_k2,regime_conditional,0.2,observed,warehouse,1,0,1,0,6,6,True,True,False,1.0,1
45,steady_k2,regime_conditional,0.2,observed,warehouse,1,0,0,0,6,6,True,True,False,1.0,1
45,steady_k2,regime_conditional,0.2,observed,warehouse,2,1,1,168,180,12,True,True,False,7.0,7
45,steady_k2,regime_conditional,0.2,observed,warehouse,2,1,0,168,180,12,True,True,False,9.0,9
45,steady_k2,regime_conditional,0.2,observed,warehouse,3,1,2,12,18,6,True,True,False,2.0,2
45,steady_k2,regime_conditional,0.2,observed,warehouse,3,1,1,12,18,6,True,True,False,1.0,1
45,steady_k2,regime_conditional,0.2,observed,warehouse,4,2,0,84,96,12,True,True,False,1.0,1
45,steady_k2,regime_conditional,0.2,observed,warehouse,4,2,2,84,96,12,True,True,False,1.0,1
45,steady_k2,regime_conditional,0.2,observed,warehouse,5,2,1,48,54,6,True,True,False,1.0,1
45,steady_k2,regime_conditional,0.2,observed,warehouse,5,2,0,48,54,6,True,True,False,2.0,2
45,steady_k2,regime_conditional,0.2,observed,warehouse,6,3,0,72,84,12,True,True,False,1.0,1
45,steady_k2,regime_conditional,0.2,observed,warehouse,6,3,2,72,84,12,True,True,False,3.0,3
45,steady_k2,regime_conditional,0.2,observed,warehouse,7,3,0,48,54,6,True,True,False,1.0,1
45,steady_k2,regime_conditional,0.2,observed,warehouse,7,3,1,48,54,6,True,True,False,0.0,0
45,steady_k2,regime_conditional,0.2,observed,transit_smooth,8,4,1,168,180,12,True,True,False,11.0,11
45,steady_k2,regime_conditional,0.2,observed,transit_smooth,8,4,0,168,180,12,True,True,False,6.0,6
45,steady_k2,regime_conditional,0.2,observed,transit_smooth,9,4,0,60,66,6,True,True,False,3.0,3
45,steady_k2,regime_conditional,0.2,observed,transit_smooth,9,4,1,60,66,6,True,True,False,0.0,0
45,steady_k2,regime_conditional,0.2,observed,transit_smooth,10,5,2,36,48,12,True,True,False,3.0,3
45,steady_k2,regime_conditional,0.2,observed,transit_smooth,10,5,0,36,48,12,True,True,False,0.0,0
45,steady_k2,regime_conditional,0.2,observed,transit_smooth,11,5,1,84,90,6,False,False,False,,6
45,steady_k2,regime_conditional,0.2,observed,transit_smooth,11,5,0,84,90,6,False,False,False,,6
45,steady_k2,regime_conditional,0.2,observed,transit_smooth,12,6,1,84,96,12,True,True,False,4.0,4
45,steady_k2,regime_conditional,0.2,observed,transit_smooth,12,6,2,84,96,12,True,True,False,5.0,5
45,steady_k2,regime_conditional,0.2,observed,transit_smooth,13,6,2,120,126,6,True,True,False,1.0,1
45,steady_k2,regime_conditional,0.2,observed,transit_smooth,13,6,1,120,126,6,True,True,False,2.0,2
45,steady_k2,regime_conditional,0.2,observed,transit_smooth,14,7,0,132,144,12,True,True,False,1.0,1
45,steady_k2,regime_conditional,0.2,observed,transit_smooth,14,7,1,132,144,12,True,True,False,0.0,0
45,steady_k2,regime_conditional,0.2,observed,transit_smooth,15,7,1,48,54,6,True,True,False,0.0,0
45,steady_k2,regime_conditional,0.2,observed,transit_smooth,15,7,2,48,54,6,True,True,False,4.0,4
45,steady_k2,regime_conditional,0.2,observed,transit_rough,16,8,0,72,84,12,True,True,False,1.0,1
45,steady_k2,regime_conditional,0.2,observed,transit_rough,16,8,1,72,84,12,True,True,False,1.0,1
45,steady_k2,regime_conditional,0.2,observed,transit_rough,17,8,0,168,174,6,True,True,False,3.0,3
45,steady_k2,regime_conditional,0.2,observed,transit_rough,17,8,1,168,174,6,True,True,False,1.0,1
45,steady_k2,regime_conditional,0.2,observed,transit_rough,18,9,2,72,84,12,True,True,False,8.0,8
45,steady_k2,regime_conditional,0.2,observed,transit_rough,18,9,0,72,84,12,True,True,False,4.0,4
45,steady_k2,regime_conditional,0.2,observed,transit_rough,19,9,0,168,174,6,True,True,False,1.0,1
45,steady_k2,regime_conditional,0.2,observed,transit_rough,19,9,1,168,174,6,True,True,False,1.0,1
45,steady_k2,regime_conditional,0.2,observed,transit_rough,20,10,1,96,108,12,True,True,False,3.0,3
45,steady_k2,regime_conditional,0.2,observed,transit_rough,20,10,2,96,108,12,True,True,False,1.0,1
45,steady_k2,regime_conditional,0.2,observed,transit_rough,21,10,1,84,90,6,True,True,False,0.0,0
45,steady_k2,regime_conditional,0.2,observed,transit_rough,21,10,0,84,90,6,True,True,False,2.0,2
45,steady_k2,regime_conditional,0.2,observed,transit_rough,22,11,0,156,168,12,True,True,False,7.0,7
45,steady_k2,regime_conditional,0.2,observed,transit_rough,22,11,2,156,168,12,True,True,False,4.0,4
45,steady_k2,regime_conditional,0.2,observed,transit_rough,23,11,1,120,126,6,True,True,False,1.0,1
45,steady_k2,regime_conditional,0.2,observed,transit_rough,23,11,0,120,126,6,True,True,False,3.0,3
45,switch_d0,regime_marginal,1.0,clean,warehouse,0,0,0,48,60,12,False,False,False,,12
45,switch_d0,regime_marginal,1.0,clean,warehouse,1,0,1,0,6,6,False,False,False,,6
45,switch_d0,regime_marginal,1.0,clean,transit_rough,2,1,1,168,180,12,False,False,False,,12
45,switch_d0,regime_marginal,1.0,clean,warehouse,3,1,2,12,18,6,False,False,False,,6
45,switch_d0,regime_marginal,1.0,clean,transit_smooth,4,2,0,84,96,12,False,False,False,,12
45,switch_d0,regime_marginal,1.0,clean,warehouse,5,2,1,48,54,6,False,False,False,,6
45,switch_d0,regime_marginal,1.0,clean,transit_smooth,6,3,0,72,84,12,False,False,False,,12
45,switch_d0,regime_marginal,1.0,clean,warehouse,7,3,0,48,54,6,False,False,False,,6
45,switch_d0,regime_marginal,1.0,clean,warehouse,8,4,1,168,180,12,False,False,False,,12
45,switch_d0,regime_marginal,1.0,clean,transit_rough,9,4,0,60,66,6,False,False,False,,6
45,switch_d0,regime_marginal,1.0,clean,transit_smooth,10,5,2,36,48,12,False,False,False,,12
45,switch_d0,regime_marginal,1.0,clean,transit_rough,11,5,1,84,90,6,False,False,False,,6
45,switch_d0,regime_marginal,1.0,clean,transit_rough,12,6,1,84,96,12,True,True,False,11.0,11
45,switch_d0,regime_marginal,1.0,clean,warehouse,13,6,2,120,126,6,False,False,False,,6
45,switch_d0,regime_marginal,1.0,clean,warehouse,14,7,0,132,144,12,False,False,False,,12
45,switch_d0,regime_marginal,1.0,clean,transit_smooth,15,7,1,48,54,6,False,False,False,,6
45,switch_d0,regime_marginal,1.0,clean,warehouse,16,8,0,72,84,12,False,False,False,,12
45,switch_d0,regime_marginal,1.0,clean,transit_smooth,17,8,0,168,174,6,False,False,False,,6
45,switch_d0,regime_marginal,1.0,clean,warehouse,18,9,2,72,84,12,False,False,False,,12
45,switch_d0,regime_marginal,1.0,clean,transit_smooth,19,9,0,168,174,6,False,False,False,,6
45,switch_d0,regime_marginal,1.0,clean,warehouse,20,10,1,96,108,12,False,False,False,,12
45,switch_d0,regime_marginal,1.0,clean,warehouse,21,10,1,84,90,6,False,False,False,,6
45,switch_d0,regime_marginal,1.0,clean,transit_smooth,22,11,0,156,168,12,False,False,False,,12
45,switch_d0,regime_marginal,1.0,clean,transit_smooth,23,11,1,120,126,6,False,False,False,,6
45,switch_d0,regime_marginal,1.0,observed,warehouse,0,0,0,48,60,12,True,True,False,4.0,4
45,switch_d0,regime_marginal,1.0,observed,warehouse,1,0,1,0,6,6,True,True,False,1.0,1
45,switch_d0,regime_marginal,1.0,observed,transit_rough,2,1,1,168,180,12,True,True,False,1.0,1
45,switch_d0,regime_marginal,1.0,observed,warehouse,3,1,2,12,18,6,True,True,False,0.0,0
45,switch_d0,regime_marginal,1.0,observed,transit_smooth,4,2,0,84,96,12,True,True,False,0.0,0
45,switch_d0,regime_marginal,1.0,observed,warehouse,5,2,1,48,54,6,True,True,False,5.0,5
45,switch_d0,regime_marginal,1.0,observed,transit_smooth,6,3,0,72,84,12,True,True,False,0.0,0
45,switch_d0,regime_marginal,1.0,observed,warehouse,7,3,0,48,54,6,False,False,False,,6
45,switch_d0,regime_marginal,1.0,observed,warehouse,8,4,1,168,180,12,True,True,False,11.0,11
45,switch_d0,regime_marginal,1.0,observed,transit_rough,9,4,0,60,66,6,False,False,False,,6
45,switch_d0,regime_marginal,1.0,observed,transit_smooth,10,5,2,36,48,12,True,True,False,3.0,3
45,switch_d0,regime_marginal,1.0,observed,transit_rough,11,5,1,84,90,6,False,False,False,,6
45,switch_d0,regime_marginal,1.0,observed,transit_rough,12,6,1,84,96,12,False,False,False,,12
45,switch_d0,regime_marginal,1.0,observed,warehouse,13,6,2,120,126,6,False,False,False,,6
45,switch_d0,regime_marginal,1.0,observed,warehouse,14,7,0,132,144,12,True,True,False,0.0,0
45,switch_d0,regime_marginal,1.0,observed,transit_smooth,15,7,1,48,54,6,True,True,False,3.0,3
45,switch_d0,regime_marginal,1.0,observed,warehouse,16,8,0,72,84,12,True,True,False,0.0,0
45,switch_d0,regime_marginal,1.0,observed,transit_smooth,17,8,0,168,174,6,True,True,False,3.0,3
45,switch_d0,regime_marginal,1.0,observed,warehouse,18,9,2,72,84,12,True,True,False,10.0,10
45,switch_d0,regime_marginal,1.0,observed,transit_smooth,19,9,0,168,174,6,True,True,False,1.0,1
45,switch_d0,regime_marginal,1.0,observed,warehouse,20,10,1,96,108,12,True,True,False,5.0,5
45,switch_d0,regime_marginal,1.0,observed,warehouse,21,10,1,84,90,6,True,True,False,0.0,0
45,switch_d0,regime_marginal,1.0,observed,transit_smooth,22,11,0,156,168,12,True,True,False,7.0,7
45,switch_d0,regime_marginal,1.0,observed,transit_smooth,23,11,1,120,126,6,True,True,False,0.0,0
45,switch_d0,regime_marginal,0.2,clean,warehouse,0,0,0,48,60,12,False,False,False,,12
45,switch_d0,regime_marginal,0.2,clean,warehouse,1,0,1,0,6,6,False,False,False,,6
45,switch_d0,regime_marginal,0.2,clean,transit_rough,2,1,1,168,180,12,False,False,False,,12
45,switch_d0,regime_marginal,0.2,clean,warehouse,3,1,2,12,18,6,False,False,False,,6
45,switch_d0,regime_marginal,0.2,clean,transit_smooth,4,2,0,84,96,12,False,False,False,,12
45,switch_d0,regime_marginal,0.2,clean,warehouse,5,2,1,48,54,6,False,False,False,,6
45,switch_d0,regime_marginal,0.2,clean,transit_smooth,6,3,0,72,84,12,False,False,False,,12
45,switch_d0,regime_marginal,0.2,clean,warehouse,7,3,0,48,54,6,False,False,False,,6
45,switch_d0,regime_marginal,0.2,clean,warehouse,8,4,1,168,180,12,False,False,False,,12
45,switch_d0,regime_marginal,0.2,clean,transit_rough,9,4,0,60,66,6,False,False,False,,6
45,switch_d0,regime_marginal,0.2,clean,transit_smooth,10,5,2,36,48,12,False,False,False,,12
45,switch_d0,regime_marginal,0.2,clean,transit_rough,11,5,1,84,90,6,False,False,False,,6
45,switch_d0,regime_marginal,0.2,clean,transit_rough,12,6,1,84,96,12,False,False,False,,12
45,switch_d0,regime_marginal,0.2,clean,warehouse,13,6,2,120,126,6,False,False,False,,6
45,switch_d0,regime_marginal,0.2,clean,warehouse,14,7,0,132,144,12,False,False,False,,12
45,switch_d0,regime_marginal,0.2,clean,transit_smooth,15,7,1,48,54,6,False,False,False,,6
45,switch_d0,regime_marginal,0.2,clean,warehouse,16,8,0,72,84,12,False,False,False,,12
45,switch_d0,regime_marginal,0.2,clean,transit_smooth,17,8,0,168,174,6,False,False,False,,6
45,switch_d0,regime_marginal,0.2,clean,warehouse,18,9,2,72,84,12,False,False,False,,12
45,switch_d0,regime_marginal,0.2,clean,transit_smooth,19,9,0,168,174,6,False,False,False,,6
45,switch_d0,regime_marginal,0.2,clean,warehouse,20,10,1,96,108,12,False,False,False,,12
45,switch_d0,regime_marginal,0.2,clean,warehouse,21,10,1,84,90,6,False,False,False,,6
45,switch_d0,regime_marginal,0.2,clean,transit_smooth,22,11,0,156,168,12,False,False,False,,12
45,switch_d0,regime_marginal,0.2,clean,transit_smooth,23,11,1,120,126,6,False,False,False,,6
45,switch_d0,regime_marginal,0.2,observed,warehouse,0,0,0,48,60,12,False,False,False,,12
45,switch_d0,regime_marginal,0.2,observed,warehouse,1,0,1,0,6,6,True,True,False,3.0,3
45,switch_d0,regime_marginal,0.2,observed,transit_rough,2,1,1,168,180,12,True,True,False,3.0,3
45,switch_d0,regime_marginal,0.2,observed,warehouse,3,1,2,12,18,6,True,True,False,3.0,3
45,switch_d0,regime_marginal,0.2,observed,transit_smooth,4,2,0,84,96,12,True,True,False,2.0,2
45,switch_d0,regime_marginal,0.2,observed,warehouse,5,2,1,48,54,6,True,True,False,5.0,5
45,switch_d0,regime_marginal,0.2,observed,transit_smooth,6,3,0,72,84,12,True,True,False,2.0,2
45,switch_d0,regime_marginal,0.2,observed,warehouse,7,3,0,48,54,6,False,False,False,,6
45,switch_d0,regime_marginal,0.2,observed,warehouse,8,4,1,168,180,12,True,True,False,11.0,11
45,switch_d0,regime_marginal,0.2,observed,transit_rough,9,4,0,60,66,6,False,False,False,,6
45,switch_d0,regime_marginal,0.2,observed,transit_smooth,10,5,2,36,48,12,True,True,False,3.0,3
45,switch_d0,regime_marginal,0.2,observed,transit_rough,11,5,1,84,90,6,True,True,False,4.0,4
45,switch_d0,regime_marginal,0.2,observed,transit_rough,12,6,1,84,96,12,True,True,False,9.0,9
45,switch_d0,regime_marginal,0.2,observed,warehouse,13,6,2,120,126,6,True,True,False,2.0,2
45,switch_d0,regime_marginal,0.2,observed,warehouse,14,7,0,132,144,12,True,True,False,5.0,5
45,switch_d0,regime_marginal,0.2,observed,transit_smooth,15,7,1,48,54,6,True,True,False,2.0,2
45,switch_d0,regime_marginal,0.2,observed,warehouse,16,8,0,72,84,12,True,True,False,5.0,5
45,switch_d0,regime_marginal,0.2,observed,transit_smooth,17,8,0,168,174,6,False,False,False,,6
45,switch_d0,regime_marginal,0.2,observed,warehouse,18,9,2,72,84,12,True,True,False,8.0,8
45,switch_d0,regime_marginal,0.2,observed,transit_smooth,19,9,0,168,174,6,True,True,False,4.0,4
45,switch_d0,regime_marginal,0.2,observed,warehouse,20,10,1,96,108,12,True,True,False,5.0,5
45,switch_d0,regime_marginal,0.2,observed,warehouse,21,10,1,84,90,6,True,True,False,2.0,2
45,switch_d0,regime_marginal,0.2,observed,transit_smooth,22,11,0,156,168,12,True,True,False,7.0,7
45,switch_d0,regime_marginal,0.2,observed,transit_smooth,23,11,1,120,126,6,True,True,False,3.0,3
45,switch_d0,regime_conditional,1.0,clean,warehouse,0,0,0,48,60,12,False,False,False,,12
45,switch_d0,regime_conditional,1.0,clean,warehouse,1,0,1,0,6,6,False,False,False,,6
45,switch_d0,regime_conditional,1.0,clean,transit_rough,2,1,1,168,180,12,False,False,False,,12
45,switch_d0,regime_conditional,1.0,clean,warehouse,3,1,2,12,18,6,False,False,False,,6
45,switch_d0,regime_conditional,1.0,clean,transit_smooth,4,2,0,84,96,12,False,False,False,,12
45,switch_d0,regime_conditional,1.0,clean,warehouse,5,2,1,48,54,6,False,False,False,,6
45,switch_d0,regime_conditional,1.0,clean,transit_smooth,6,3,0,72,84,12,False,False,False,,12
45,switch_d0,regime_conditional,1.0,clean,warehouse,7,3,0,48,54,6,False,False,False,,6
45,switch_d0,regime_conditional,1.0,clean,warehouse,8,4,1,168,180,12,True,True,False,9.0,9
45,switch_d0,regime_conditional,1.0,clean,transit_rough,9,4,0,60,66,6,False,False,False,,6
45,switch_d0,regime_conditional,1.0,clean,transit_smooth,10,5,2,36,48,12,False,False,False,,12
45,switch_d0,regime_conditional,1.0,clean,transit_rough,11,5,1,84,90,6,False,False,False,,6
45,switch_d0,regime_conditional,1.0,clean,transit_rough,12,6,1,84,96,12,False,False,False,,12
45,switch_d0,regime_conditional,1.0,clean,warehouse,13,6,2,120,126,6,False,False,True,,6
45,switch_d0,regime_conditional,1.0,clean,warehouse,14,7,0,132,144,12,True,True,False,5.0,5
45,switch_d0,regime_conditional,1.0,clean,transit_smooth,15,7,1,48,54,6,False,False,False,,6
45,switch_d0,regime_conditional,1.0,clean,warehouse,16,8,0,72,84,12,False,False,False,,12
45,switch_d0,regime_conditional,1.0,clean,transit_smooth,17,8,0,168,174,6,False,False,False,,6
45,switch_d0,regime_conditional,1.0,clean,warehouse,18,9,2,72,84,12,False,False,False,,12
45,switch_d0,regime_conditional,1.0,clean,transit_smooth,19,9,0,168,174,6,False,False,False,,6
45,switch_d0,regime_conditional,1.0,clean,warehouse,20,10,1,96,108,12,False,False,False,,12
45,switch_d0,regime_conditional,1.0,clean,warehouse,21,10,1,84,90,6,False,False,False,,6
45,switch_d0,regime_conditional,1.0,clean,transit_smooth,22,11,0,156,168,12,False,False,False,,12
45,switch_d0,regime_conditional,1.0,clean,transit_smooth,23,11,1,120,126,6,False,False,False,,6
45,switch_d0,regime_conditional,1.0,observed,warehouse,0,0,0,48,60,12,True,True,False,0.0,0
45,switch_d0,regime_conditional,1.0,observed,warehouse,1,0,1,0,6,6,True,True,False,0.0,0
45,switch_d0,regime_conditional,1.0,observed,transit_rough,2,1,1,168,180,12,True,True,False,2.0,2
45,switch_d0,regime_conditional,1.0,observed,warehouse,3,1,2,12,18,6,True,True,False,0.0,0
45,switch_d0,regime_conditional,1.0,observed,transit_smooth,4,2,0,84,96,12,True,True,False,1.0,1
45,switch_d0,regime_conditional,1.0,observed,warehouse,5,2,1,48,54,6,True,True,False,5.0,5
45,switch_d0,regime_conditional,1.0,observed,transit_smooth,6,3,0,72,84,12,True,True,False,0.0,0
45,switch_d0,regime_conditional,1.0,observed,warehouse,7,3,0,48,54,6,True,True,False,5.0,5
45,switch_d0,regime_conditional,1.0,observed,warehouse,8,4,1,168,180,12,True,True,False,0.0,0
45,switch_d0,regime_conditional,1.0,observed,transit_rough,9,4,0,60,66,6,True,True,False,4.0,4
45,switch_d0,regime_conditional,1.0,observed,transit_smooth,10,5,2,36,48,12,True,True,False,3.0,3
45,switch_d0,regime_conditional,1.0,observed,transit_rough,11,5,1,84,90,6,False,False,False,,6
45,switch_d0,regime_conditional,1.0,observed,transit_rough,12,6,1,84,96,12,True,True,False,1.0,1
45,switch_d0,regime_conditional,1.0,observed,warehouse,13,6,2,120,126,6,True,True,True,1.0,1
45,switch_d0,regime_conditional,1.0,observed,warehouse,14,7,0,132,144,12,True,True,False,0.0,0
45,switch_d0,regime_conditional,1.0,observed,transit_smooth,15,7,1,48,54,6,True,True,False,0.0,0
45,switch_d0,regime_conditional,1.0,observed,warehouse,16,8,0,72,84,12,True,True,False,0.0,0
45,switch_d0,regime_conditional,1.0,observed,transit_smooth,17,8,0,168,174,6,True,True,False,5.0,5
45,switch_d0,regime_conditional,1.0,observed,warehouse,18,9,2,72,84,12,True,True,False,1.0,1
45,switch_d0,regime_conditional,1.0,observed,transit_smooth,19,9,0,168,174,6,True,True,False,1.0,1
45,switch_d0,regime_conditional,1.0,observed,warehouse,20,10,1,96,108,12,True,True,False,1.0,1
45,switch_d0,regime_conditional,1.0,observed,warehouse,21,10,1,84,90,6,True,True,False,0.0,0
45,switch_d0,regime_conditional,1.0,observed,transit_smooth,22,11,0,156,168,12,True,True,False,7.0,7
45,switch_d0,regime_conditional,1.0,observed,transit_smooth,23,11,1,120,126,6,True,True,False,1.0,1
45,switch_d0,regime_conditional,0.2,clean,warehouse,0,0,0,48,60,12,False,False,False,,12
45,switch_d0,regime_conditional,0.2,clean,warehouse,1,0,1,0,6,6,False,False,False,,6
45,switch_d0,regime_conditional,0.2,clean,transit_rough,2,1,1,168,180,12,False,False,False,,12
45,switch_d0,regime_conditional,0.2,clean,warehouse,3,1,2,12,18,6,False,False,False,,6
45,switch_d0,regime_conditional,0.2,clean,transit_smooth,4,2,0,84,96,12,False,False,False,,12
45,switch_d0,regime_conditional,0.2,clean,warehouse,5,2,1,48,54,6,False,False,False,,6
45,switch_d0,regime_conditional,0.2,clean,transit_smooth,6,3,0,72,84,12,False,False,False,,12
45,switch_d0,regime_conditional,0.2,clean,warehouse,7,3,0,48,54,6,False,False,False,,6
45,switch_d0,regime_conditional,0.2,clean,warehouse,8,4,1,168,180,12,True,True,False,9.0,9
45,switch_d0,regime_conditional,0.2,clean,transit_rough,9,4,0,60,66,6,False,False,False,,6
45,switch_d0,regime_conditional,0.2,clean,transit_smooth,10,5,2,36,48,12,False,False,False,,12
45,switch_d0,regime_conditional,0.2,clean,transit_rough,11,5,1,84,90,6,False,False,False,,6
45,switch_d0,regime_conditional,0.2,clean,transit_rough,12,6,1,84,96,12,False,False,False,,12
45,switch_d0,regime_conditional,0.2,clean,warehouse,13,6,2,120,126,6,False,False,False,,6
45,switch_d0,regime_conditional,0.2,clean,warehouse,14,7,0,132,144,12,False,False,False,,12
45,switch_d0,regime_conditional,0.2,clean,transit_smooth,15,7,1,48,54,6,False,False,False,,6
45,switch_d0,regime_conditional,0.2,clean,warehouse,16,8,0,72,84,12,False,False,False,,12
45,switch_d0,regime_conditional,0.2,clean,transit_smooth,17,8,0,168,174,6,False,False,False,,6
45,switch_d0,regime_conditional,0.2,clean,warehouse,18,9,2,72,84,12,False,False,False,,12
45,switch_d0,regime_conditional,0.2,clean,transit_smooth,19,9,0,168,174,6,False,False,False,,6
45,switch_d0,regime_conditional,0.2,clean,warehouse,20,10,1,96,108,12,False,False,False,,12
45,switch_d0,regime_conditional,0.2,clean,warehouse,21,10,1,84,90,6,False,False,False,,6
45,switch_d0,regime_conditional,0.2,clean,transit_smooth,22,11,0,156,168,12,False,False,False,,12
45,switch_d0,regime_conditional,0.2,clean,transit_smooth,23,11,1,120,126,6,False,False,False,,6
45,switch_d0,regime_conditional,0.2,observed,warehouse,0,0,0,48,60,12,True,True,False,3.0,3
45,switch_d0,regime_conditional,0.2,observed,warehouse,1,0,1,0,6,6,True,True,False,1.0,1
45,switch_d0,regime_conditional,0.2,observed,transit_rough,2,1,1,168,180,12,True,True,False,2.0,2
45,switch_d0,regime_conditional,0.2,observed,warehouse,3,1,2,12,18,6,True,True,False,2.0,2
45,switch_d0,regime_conditional,0.2,observed,transit_smooth,4,2,0,84,96,12,True,True,False,1.0,1
45,switch_d0,regime_conditional,0.2,observed,warehouse,5,2,1,48,54,6,True,True,False,4.0,4
45,switch_d0,regime_conditional,0.2,observed,transit_smooth,6,3,0,72,84,12,True,True,False,1.0,1
45,switch_d0,regime_conditional,0.2,observed,warehouse,7,3,0,48,54,6,True,True,False,3.0,3
45,switch_d0,regime_conditional,0.2,observed,warehouse,8,4,1,168,180,12,True,True,False,2.0,2
45,switch_d0,regime_conditional,0.2,observed,transit_rough,9,4,0,60,66,6,True,True,False,4.0,4
45,switch_d0,regime_conditional,0.2,observed,transit_smooth,10,5,2,36,48,12,True,True,False,2.0,2
45,switch_d0,regime_conditional,0.2,observed,transit_rough,11,5,1,84,90,6,True,True,False,2.0,2
45,switch_d0,regime_conditional,0.2,observed,transit_rough,12,6,1,84,96,12,True,True,False,4.0,4
45,switch_d0,regime_conditional,0.2,observed,warehouse,13,6,2,120,126,6,True,True,False,1.0,1
45,switch_d0,regime_conditional,0.2,observed,warehouse,14,7,0,132,144,12,True,True,False,2.0,2
45,switch_d0,regime_conditional,0.2,observed,transit_smooth,15,7,1,48,54,6,True,True,False,0.0,0
45,switch_d0,regime_conditional,0.2,observed,warehouse,16,8,0,72,84,12,True,True,False,2.0,2
45,switch_d0,regime_conditional,0.2,observed,transit_smooth,17,8,0,168,174,6,True,True,False,5.0,5
45,switch_d0,regime_conditional,0.2,observed,warehouse,18,9,2,72,84,12,True,True,False,3.0,3
45,switch_d0,regime_conditional,0.2,observed,transit_smooth,19,9,0,168,174,6,True,True,False,3.0,3
45,switch_d0,regime_conditional,0.2,observed,warehouse,20,10,1,96,108,12,True,True,False,2.0,2
45,switch_d0,regime_conditional,0.2,observed,warehouse,21,10,1,84,90,6,True,True,False,0.0,0
45,switch_d0,regime_conditional,0.2,observed,transit_smooth,22,11,0,156,168,12,True,True,False,6.0,6
45,switch_d0,regime_conditional,0.2,observed,transit_smooth,23,11,1,120,126,6,True,True,False,1.0,1
45,switch_d4,regime_marginal,1.0,clean,warehouse,0,0,0,48,60,12,False,False,False,,12
45,switch_d4,regime_marginal,1.0,clean,warehouse,1,0,1,0,6,6,False,False,False,,6
45,switch_d4,regime_marginal,1.0,clean,transit_rough,2,1,1,168,180,12,False,False,False,,12
45,switch_d4,regime_marginal,1.0,clean,warehouse,3,1,2,12,18,6,False,False,False,,6
45,switch_d4,regime_marginal,1.0,clean,transit_smooth,4,2,0,84,96,12,False,False,False,,12
45,switch_d4,regime_marginal,1.0,clean,warehouse,5,2,1,48,54,6,False,False,False,,6
45,switch_d4,regime_marginal,1.0,clean,transit_smooth,6,3,0,72,84,12,False,False,False,,12
45,switch_d4,regime_marginal,1.0,clean,warehouse,7,3,0,48,54,6,False,False,False,,6
45,switch_d4,regime_marginal,1.0,clean,warehouse,8,4,1,168,180,12,False,False,False,,12
45,switch_d4,regime_marginal,1.0,clean,transit_rough,9,4,0,60,66,6,False,False,False,,6
45,switch_d4,regime_marginal,1.0,clean,transit_smooth,10,5,2,36,48,12,False,False,False,,12
45,switch_d4,regime_marginal,1.0,clean,transit_rough,11,5,1,84,90,6,False,False,False,,6
45,switch_d4,regime_marginal,1.0,clean,transit_rough,12,6,1,84,96,12,True,True,False,11.0,11
45,switch_d4,regime_marginal,1.0,clean,warehouse,13,6,2,120,126,6,True,True,False,0.0,0
45,switch_d4,regime_marginal,1.0,clean,warehouse,14,7,0,132,144,12,False,False,False,,12
45,switch_d4,regime_marginal,1.0,clean,transit_smooth,15,7,1,48,54,6,False,False,False,,6
45,switch_d4,regime_marginal,1.0,clean,warehouse,16,8,0,72,84,12,False,False,False,,12
45,switch_d4,regime_marginal,1.0,clean,transit_smooth,17,8,0,168,174,6,False,False,False,,6
45,switch_d4,regime_marginal,1.0,clean,warehouse,18,9,2,72,84,12,False,False,False,,12
45,switch_d4,regime_marginal,1.0,clean,transit_smooth,19,9,0,168,174,6,False,False,False,,6
45,switch_d4,regime_marginal,1.0,clean,warehouse,20,10,1,96,108,12,False,False,False,,12
45,switch_d4,regime_marginal,1.0,clean,warehouse,21,10,1,84,90,6,False,False,False,,6
45,switch_d4,regime_marginal,1.0,clean,transit_smooth,22,11,0,156,168,12,False,False,False,,12
45,switch_d4,regime_marginal,1.0,clean,transit_smooth,23,11,1,120,126,6,False,False,False,,6
45,switch_d4,regime_marginal,1.0,observed,warehouse,0,0,0,48,60,12,True,True,False,4.0,4
45,switch_d4,regime_marginal,1.0,observed,warehouse,1,0,1,0,6,6,True,True,False,1.0,1
45,switch_d4,regime_marginal,1.0,observed,transit_rough,2,1,1,168,180,12,True,True,False,1.0,1
45,switch_d4,regime_marginal,1.0,observed,warehouse,3,1,2,12,18,6,True,True,False,0.0,0
45,switch_d4,regime_marginal,1.0,observed,transit_smooth,4,2,0,84,96,12,True,True,False,0.0,0
45,switch_d4,regime_marginal,1.0,observed,warehouse,5,2,1,48,54,6,True,True,False,5.0,5
45,switch_d4,regime_marginal,1.0,observed,transit_smooth,6,3,0,72,84,12,True,True,False,0.0,0
45,switch_d4,regime_marginal,1.0,observed,warehouse,7,3,0,48,54,6,False,False,False,,6
45,switch_d4,regime_marginal,1.0,observed,warehouse,8,4,1,168,180,12,True,True,False,11.0,11
45,switch_d4,regime_marginal,1.0,observed,transit_rough,9,4,0,60,66,6,True,True,False,1.0,1
45,switch_d4,regime_marginal,1.0,observed,transit_smooth,10,5,2,36,48,12,True,True,False,3.0,3
45,switch_d4,regime_marginal,1.0,observed,transit_rough,11,5,1,84,90,6,False,False,False,,6
45,switch_d4,regime_marginal,1.0,observed,transit_rough,12,6,1,84,96,12,False,False,False,,12
45,switch_d4,regime_marginal,1.0,observed,warehouse,13,6,2,120,126,6,True,True,False,0.0,0
45,switch_d4,regime_marginal,1.0,observed,warehouse,14,7,0,132,144,12,True,True,False,0.0,0
45,switch_d4,regime_marginal,1.0,observed,transit_smooth,15,7,1,48,54,6,True,True,False,3.0,3
45,switch_d4,regime_marginal,1.0,observed,warehouse,16,8,0,72,84,12,True,True,False,0.0,0
45,switch_d4,regime_marginal,1.0,observed,transit_smooth,17,8,0,168,174,6,True,True,False,3.0,3
45,switch_d4,regime_marginal,1.0,observed,warehouse,18,9,2,72,84,12,True,True,False,10.0,10
45,switch_d4,regime_marginal,1.0,observed,transit_smooth,19,9,0,168,174,6,True,True,False,1.0,1
45,switch_d4,regime_marginal,1.0,observed,warehouse,20,10,1,96,108,12,True,True,False,5.0,5
45,switch_d4,regime_marginal,1.0,observed,warehouse,21,10,1,84,90,6,True,True,False,0.0,0
45,switch_d4,regime_marginal,1.0,observed,transit_smooth,22,11,0,156,168,12,True,True,False,7.0,7
45,switch_d4,regime_marginal,1.0,observed,transit_smooth,23,11,1,120,126,6,True,True,False,0.0,0
45,switch_d4,regime_marginal,0.2,clean,warehouse,0,0,0,48,60,12,False,False,False,,12
45,switch_d4,regime_marginal,0.2,clean,warehouse,1,0,1,0,6,6,False,False,False,,6
45,switch_d4,regime_marginal,0.2,clean,transit_rough,2,1,1,168,180,12,False,False,False,,12
45,switch_d4,regime_marginal,0.2,clean,warehouse,3,1,2,12,18,6,False,False,False,,6
45,switch_d4,regime_marginal,0.2,clean,transit_smooth,4,2,0,84,96,12,False,False,False,,12
45,switch_d4,regime_marginal,0.2,clean,warehouse,5,2,1,48,54,6,False,False,False,,6
45,switch_d4,regime_marginal,0.2,clean,transit_smooth,6,3,0,72,84,12,False,False,False,,12
45,switch_d4,regime_marginal,0.2,clean,warehouse,7,3,0,48,54,6,False,False,False,,6
45,switch_d4,regime_marginal,0.2,clean,warehouse,8,4,1,168,180,12,False,False,False,,12
45,switch_d4,regime_marginal,0.2,clean,transit_rough,9,4,0,60,66,6,False,False,False,,6
45,switch_d4,regime_marginal,0.2,clean,transit_smooth,10,5,2,36,48,12,False,False,False,,12
45,switch_d4,regime_marginal,0.2,clean,transit_rough,11,5,1,84,90,6,False,False,False,,6
45,switch_d4,regime_marginal,0.2,clean,transit_rough,12,6,1,84,96,12,False,False,False,,12
45,switch_d4,regime_marginal,0.2,clean,warehouse,13,6,2,120,126,6,True,True,False,0.0,0
45,switch_d4,regime_marginal,0.2,clean,warehouse,14,7,0,132,144,12,False,False,False,,12
45,switch_d4,regime_marginal,0.2,clean,transit_smooth,15,7,1,48,54,6,False,False,False,,6
45,switch_d4,regime_marginal,0.2,clean,warehouse,16,8,0,72,84,12,False,False,False,,12
45,switch_d4,regime_marginal,0.2,clean,transit_smooth,17,8,0,168,174,6,False,False,False,,6
45,switch_d4,regime_marginal,0.2,clean,warehouse,18,9,2,72,84,12,False,False,False,,12
45,switch_d4,regime_marginal,0.2,clean,transit_smooth,19,9,0,168,174,6,False,False,False,,6
45,switch_d4,regime_marginal,0.2,clean,warehouse,20,10,1,96,108,12,False,False,False,,12
45,switch_d4,regime_marginal,0.2,clean,warehouse,21,10,1,84,90,6,False,False,False,,6
45,switch_d4,regime_marginal,0.2,clean,transit_smooth,22,11,0,156,168,12,False,False,False,,12
45,switch_d4,regime_marginal,0.2,clean,transit_smooth,23,11,1,120,126,6,False,False,False,,6
45,switch_d4,regime_marginal,0.2,observed,warehouse,0,0,0,48,60,12,False,False,False,,12
45,switch_d4,regime_marginal,0.2,observed,warehouse,1,0,1,0,6,6,True,True,False,3.0,3
45,switch_d4,regime_marginal,0.2,observed,transit_rough,2,1,1,168,180,12,True,True,False,3.0,3
45,switch_d4,regime_marginal,0.2,observed,warehouse,3,1,2,12,18,6,True,True,False,3.0,3
45,switch_d4,regime_marginal,0.2,observed,transit_smooth,4,2,0,84,96,12,True,True,False,2.0,2
45,switch_d4,regime_marginal,0.2,observed,warehouse,5,2,1,48,54,6,True,True,False,5.0,5
45,switch_d4,regime_marginal,0.2,observed,transit_smooth,6,3,0,72,84,12,True,True,False,2.0,2
45,switch_d4,regime_marginal,0.2,observed,warehouse,7,3,0,48,54,6,False,False,False,,6
45,switch_d4,regime_marginal,0.2,observed,warehouse,8,4,1,168,180,12,True,True,False,11.0,11
45,switch_d4,regime_marginal,0.2,observed,transit_rough,9,4,0,60,66,6,False,False,False,,6
45,switch_d4,regime_marginal,0.2,observed,transit_smooth,10,5,2,36,48,12,True,True,False,3.0,3
45,switch_d4,regime_marginal,0.2,observed,transit_rough,11,5,1,84,90,6,True,True,False,4.0,4
45,switch_d4,regime_marginal,0.2,observed,transit_rough,12,6,1,84,96,12,True,True,False,9.0,9
45,switch_d4,regime_marginal,0.2,observed,warehouse,13,6,2,120,126,6,True,True,False,0.0,0
45,switch_d4,regime_marginal,0.2,observed,warehouse,14,7,0,132,144,12,True,True,False,5.0,5
45,switch_d4,regime_marginal,0.2,observed,transit_smooth,15,7,1,48,54,6,True,True,False,2.0,2
45,switch_d4,regime_marginal,0.2,observed,warehouse,16,8,0,72,84,12,True,True,False,5.0,5
45,switch_d4,regime_marginal,0.2,observed,transit_smooth,17,8,0,168,174,6,False,False,False,,6
45,switch_d4,regime_marginal,0.2,observed,warehouse,18,9,2,72,84,12,True,True,False,8.0,8
45,switch_d4,regime_marginal,0.2,observed,transit_smooth,19,9,0,168,174,6,True,True,False,4.0,4
45,switch_d4,regime_marginal,0.2,observed,warehouse,20,10,1,96,108,12,True,True,False,5.0,5
45,switch_d4,regime_marginal,0.2,observed,warehouse,21,10,1,84,90,6,True,True,False,2.0,2
45,switch_d4,regime_marginal,0.2,observed,transit_smooth,22,11,0,156,168,12,True,True,False,7.0,7
45,switch_d4,regime_marginal,0.2,observed,transit_smooth,23,11,1,120,126,6,True,True,False,2.0,2
45,switch_d4,regime_conditional,1.0,clean,warehouse,0,0,0,48,60,12,False,False,False,,12
45,switch_d4,regime_conditional,1.0,clean,warehouse,1,0,1,0,6,6,False,False,False,,6
45,switch_d4,regime_conditional,1.0,clean,transit_rough,2,1,1,168,180,12,False,False,False,,12
45,switch_d4,regime_conditional,1.0,clean,warehouse,3,1,2,12,18,6,False,False,False,,6
45,switch_d4,regime_conditional,1.0,clean,transit_smooth,4,2,0,84,96,12,False,False,False,,12
45,switch_d4,regime_conditional,1.0,clean,warehouse,5,2,1,48,54,6,False,False,False,,6
45,switch_d4,regime_conditional,1.0,clean,transit_smooth,6,3,0,72,84,12,False,False,False,,12
45,switch_d4,regime_conditional,1.0,clean,warehouse,7,3,0,48,54,6,False,False,False,,6
45,switch_d4,regime_conditional,1.0,clean,warehouse,8,4,1,168,180,12,True,True,False,9.0,9
45,switch_d4,regime_conditional,1.0,clean,transit_rough,9,4,0,60,66,6,True,True,False,0.0,0
45,switch_d4,regime_conditional,1.0,clean,transit_smooth,10,5,2,36,48,12,False,False,False,,12
45,switch_d4,regime_conditional,1.0,clean,transit_rough,11,5,1,84,90,6,False,False,False,,6
45,switch_d4,regime_conditional,1.0,clean,transit_rough,12,6,1,84,96,12,False,False,False,,12
45,switch_d4,regime_conditional,1.0,clean,warehouse,13,6,2,120,126,6,True,False,True,,6
45,switch_d4,regime_conditional,1.0,clean,warehouse,14,7,0,132,144,12,True,True,False,5.0,5
45,switch_d4,regime_conditional,1.0,clean,transit_smooth,15,7,1,48,54,6,False,False,False,,6
45,switch_d4,regime_conditional,1.0,clean,warehouse,16,8,0,72,84,12,False,False,False,,12
45,switch_d4,regime_conditional,1.0,clean,transit_smooth,17,8,0,168,174,6,False,False,False,,6
45,switch_d4,regime_conditional,1.0,clean,warehouse,18,9,2,72,84,12,False,False,False,,12
45,switch_d4,regime_conditional,1.0,clean,transit_smooth,19,9,0,168,174,6,False,False,False,,6
45,switch_d4,regime_conditional,1.0,clean,warehouse,20,10,1,96,108,12,False,False,False,,12
45,switch_d4,regime_conditional,1.0,clean,warehouse,21,10,1,84,90,6,False,False,False,,6
45,switch_d4,regime_conditional,1.0,clean,transit_smooth,22,11,0,156,168,12,False,False,False,,12
45,switch_d4,regime_conditional,1.0,clean,transit_smooth,23,11,1,120,126,6,True,True,False,0.0,0
45,switch_d4,regime_conditional,1.0,observed,warehouse,0,0,0,48,60,12,True,True,False,0.0,0
45,switch_d4,regime_conditional,1.0,observed,warehouse,1,0,1,0,6,6,True,True,False,0.0,0
45,switch_d4,regime_conditional,1.0,observed,transit_rough,2,1,1,168,180,12,True,True,False,2.0,2
45,switch_d4,regime_conditional,1.0,observed,warehouse,3,1,2,12,18,6,True,True,False,0.0,0
45,switch_d4,regime_conditional,1.0,observed,transit_smooth,4,2,0,84,96,12,True,True,False,1.0,1
45,switch_d4,regime_conditional,1.0,observed,warehouse,5,2,1,48,54,6,True,True,False,5.0,5
45,switch_d4,regime_conditional,1.0,observed,transit_smooth,6,3,0,72,84,12,True,True,False,0.0,0
45,switch_d4,regime_conditional,1.0,observed,warehouse,7,3,0,48,54,6,True,True,False,5.0,5
45,switch_d4,regime_conditional,1.0,observed,warehouse,8,4,1,168,180,12,True,True,False,0.0,0
45,switch_d4,regime_conditional,1.0,observed,transit_rough,9,4,0,60,66,6,True,True,False,4.0,4
45,switch_d4,regime_conditional,1.0,observed,transit_smooth,10,5,2,36,48,12,True,True,False,3.0,3
45,switch_d4,regime_conditional,1.0,observed,transit_rough,11,5,1,84,90,6,False,False,False,,6
45,switch_d4,regime_conditional,1.0,observed,transit_rough,12,6,1,84,96,12,True,True,False,1.0,1
45,switch_d4,regime_conditional,1.0,observed,warehouse,13,6,2,120,126,6,True,False,True,,6
45,switch_d4,regime_conditional,1.0,observed,warehouse,14,7,0,132,144,12,True,True,False,0.0,0
45,switch_d4,regime_conditional,1.0,observed,transit_smooth,15,7,1,48,54,6,True,True,False,0.0,0
45,switch_d4,regime_conditional,1.0,observed,warehouse,16,8,0,72,84,12,True,True,False,0.0,0
45,switch_d4,regime_conditional,1.0,observed,transit_smooth,17,8,0,168,174,6,True,True,False,5.0,5
45,switch_d4,regime_conditional,1.0,observed,warehouse,18,9,2,72,84,12,True,True,False,1.0,1
45,switch_d4,regime_conditional,1.0,observed,transit_smooth,19,9,0,168,174,6,True,True,False,1.0,1
45,switch_d4,regime_conditional,1.0,observed,warehouse,20,10,1,96,108,12,True,True,False,1.0,1
45,switch_d4,regime_conditional,1.0,observed,warehouse,21,10,1,84,90,6,True,True,False,0.0,0
45,switch_d4,regime_conditional,1.0,observed,transit_smooth,22,11,0,156,168,12,True,True,False,7.0,7
45,switch_d4,regime_conditional,1.0,observed,transit_smooth,23,11,1,120,126,6,True,True,False,0.0,0
45,switch_d4,regime_conditional,0.2,clean,warehouse,0,0,0,48,60,12,False,False,False,,12
45,switch_d4,regime_conditional,0.2,clean,warehouse,1,0,1,0,6,6,False,False,False,,6
45,switch_d4,regime_conditional,0.2,clean,transit_rough,2,1,1,168,180,12,False,False,False,,12
45,switch_d4,regime_conditional,0.2,clean,warehouse,3,1,2,12,18,6,False,False,False,,6
45,switch_d4,regime_conditional,0.2,clean,transit_smooth,4,2,0,84,96,12,False,False,False,,12
45,switch_d4,regime_conditional,0.2,clean,warehouse,5,2,1,48,54,6,False,False,False,,6
45,switch_d4,regime_conditional,0.2,clean,transit_smooth,6,3,0,72,84,12,False,False,False,,12
45,switch_d4,regime_conditional,0.2,clean,warehouse,7,3,0,48,54,6,False,False,False,,6
45,switch_d4,regime_conditional,0.2,clean,warehouse,8,4,1,168,180,12,True,True,False,9.0,9
45,switch_d4,regime_conditional,0.2,clean,transit_rough,9,4,0,60,66,6,True,True,False,2.0,2
45,switch_d4,regime_conditional,0.2,clean,transit_smooth,10,5,2,36,48,12,False,False,False,,12
45,switch_d4,regime_conditional,0.2,clean,transit_rough,11,5,1,84,90,6,False,False,False,,6
45,switch_d4,regime_conditional,0.2,clean,transit_rough,12,6,1,84,96,12,False,False,False,,12
45,switch_d4,regime_conditional,0.2,clean,warehouse,13,6,2,120,126,6,True,True,False,0.0,0
45,switch_d4,regime_conditional,0.2,clean,warehouse,14,7,0,132,144,12,False,False,False,,12
45,switch_d4,regime_conditional,0.2,clean,transit_smooth,15,7,1,48,54,6,False,False,False,,6
45,switch_d4,regime_conditional,0.2,clean,warehouse,16,8,0,72,84,12,False,False,False,,12
45,switch_d4,regime_conditional,0.2,clean,transit_smooth,17,8,0,168,174,6,False,False,False,,6
45,switch_d4,regime_conditional,0.2,clean,warehouse,18,9,2,72,84,12,False,False,False,,12
45,switch_d4,regime_conditional,0.2,clean,transit_smooth,19,9,0,168,174,6,False,False,False,,6
45,switch_d4,regime_conditional,0.2,clean,warehouse,20,10,1,96,108,12,False,False,False,,12
45,switch_d4,regime_conditional,0.2,clean,warehouse,21,10,1,84,90,6,False,False,False,,6
45,switch_d4,regime_conditional,0.2,clean,transit_smooth,22,11,0,156,168,12,False,False,False,,12
45,switch_d4,regime_conditional,0.2,clean,transit_smooth,23,11,1,120,126,6,True,True,False,1.0,1
45,switch_d4,regime_conditional,0.2,observed,warehouse,0,0,0,48,60,12,True,True,False,3.0,3
45,switch_d4,regime_conditional,0.2,observed,warehouse,1,0,1,0,6,6,True,True,False,1.0,1
45,switch_d4,regime_conditional,0.2,observed,transit_rough,2,1,1,168,180,12,True,True,False,2.0,2
45,switch_d4,regime_conditional,0.2,observed,warehouse,3,1,2,12,18,6,True,True,False,2.0,2
45,switch_d4,regime_conditional,0.2,observed,transit_smooth,4,2,0,84,96,12,True,True,False,1.0,1
45,switch_d4,regime_conditional,0.2,observed,warehouse,5,2,1,48,54,6,True,True,False,4.0,4
45,switch_d4,regime_conditional,0.2,observed,transit_smooth,6,3,0,72,84,12,True,True,False,1.0,1
45,switch_d4,regime_conditional,0.2,observed,warehouse,7,3,0,48,54,6,True,True,False,3.0,3
45,switch_d4,regime_conditional,0.2,observed,warehouse,8,4,1,168,180,12,True,True,False,2.0,2
45,switch_d4,regime_conditional,0.2,observed,transit_rough,9,4,0,60,66,6,False,False,False,,6
45,switch_d4,regime_conditional,0.2,observed,transit_smooth,10,5,2,36,48,12,True,True,False,2.0,2
45,switch_d4,regime_conditional,0.2,observed,transit_rough,11,5,1,84,90,6,True,True,False,2.0,2
45,switch_d4,regime_conditional,0.2,observed,transit_rough,12,6,1,84,96,12,True,True,False,4.0,4
45,switch_d4,regime_conditional,0.2,observed,warehouse,13,6,2,120,126,6,True,True,False,0.0,0
45,switch_d4,regime_conditional,0.2,observed,warehouse,14,7,0,132,144,12,True,True,False,3.0,3
45,switch_d4,regime_conditional,0.2,observed,transit_smooth,15,7,1,48,54,6,True,True,False,0.0,0
45,switch_d4,regime_conditional,0.2,observed,warehouse,16,8,0,72,84,12,True,True,False,2.0,2
45,switch_d4,regime_conditional,0.2,observed,transit_smooth,17,8,0,168,174,6,True,True,False,5.0,5
45,switch_d4,regime_conditional,0.2,observed,warehouse,18,9,2,72,84,12,True,True,False,3.0,3
45,switch_d4,regime_conditional,0.2,observed,transit_smooth,19,9,0,168,174,6,True,True,False,3.0,3
45,switch_d4,regime_conditional,0.2,observed,warehouse,20,10,1,96,108,12,True,True,False,2.0,2
45,switch_d4,regime_conditional,0.2,observed,warehouse,21,10,1,84,90,6,True,True,False,0.0,0
45,switch_d4,regime_conditional,0.2,observed,transit_smooth,22,11,0,156,168,12,True,True,False,6.0,6
45,switch_d4,regime_conditional,0.2,observed,transit_smooth,23,11,1,120,126,6,True,True,False,0.0,0
45,switch_d12,regime_marginal,1.0,clean,warehouse,0,0,0,48,60,12,False,False,False,,12
45,switch_d12,regime_marginal,1.0,clean,warehouse,1,0,1,0,6,6,False,False,False,,6
45,switch_d12,regime_marginal,1.0,clean,transit_rough,2,1,1,168,180,12,False,False,False,,12
45,switch_d12,regime_marginal,1.0,clean,warehouse,3,1,2,12,18,6,False,False,False,,6
45,switch_d12,regime_marginal,1.0,clean,transit_smooth,4,2,0,84,96,12,False,False,False,,12
45,switch_d12,regime_marginal,1.0,clean,warehouse,5,2,1,48,54,6,False,False,False,,6
45,switch_d12,regime_marginal,1.0,clean,transit_smooth,6,3,0,72,84,12,False,False,True,,12
45,switch_d12,regime_marginal,1.0,clean,warehouse,7,3,0,48,54,6,False,False,False,,6
45,switch_d12,regime_marginal,1.0,clean,warehouse,8,4,1,168,180,12,False,False,False,,12
45,switch_d12,regime_marginal,1.0,clean,transit_rough,9,4,0,60,66,6,False,False,False,,6
45,switch_d12,regime_marginal,1.0,clean,transit_smooth,10,5,2,36,48,12,False,False,False,,12
45,switch_d12,regime_marginal,1.0,clean,transit_rough,11,5,1,84,90,6,False,False,False,,6
45,switch_d12,regime_marginal,1.0,clean,transit_rough,12,6,1,84,96,12,True,True,False,11.0,11
45,switch_d12,regime_marginal,1.0,clean,warehouse,13,6,2,120,126,6,True,True,False,0.0,0
45,switch_d12,regime_marginal,1.0,clean,warehouse,14,7,0,132,144,12,False,False,True,,12
45,switch_d12,regime_marginal,1.0,clean,transit_smooth,15,7,1,48,54,6,False,False,False,,6
45,switch_d12,regime_marginal,1.0,clean,warehouse,16,8,0,72,84,12,False,False,True,,12
45,switch_d12,regime_marginal,1.0,clean,transit_smooth,17,8,0,168,174,6,False,False,False,,6
45,switch_d12,regime_marginal,1.0,clean,warehouse,18,9,2,72,84,12,False,False,True,,12
45,switch_d12,regime_marginal,1.0,clean,transit_smooth,19,9,0,168,174,6,False,False,False,,6
45,switch_d12,regime_marginal,1.0,clean,warehouse,20,10,1,96,108,12,False,False,False,,12
45,switch_d12,regime_marginal,1.0,clean,warehouse,21,10,1,84,90,6,False,False,False,,6
45,switch_d12,regime_marginal,1.0,clean,transit_smooth,22,11,0,156,168,12,False,False,False,,12
45,switch_d12,regime_marginal,1.0,clean,transit_smooth,23,11,1,120,126,6,False,False,False,,6
45,switch_d12,regime_marginal,1.0,observed,warehouse,0,0,0,48,60,12,True,True,False,4.0,4
45,switch_d12,regime_marginal,1.0,observed,warehouse,1,0,1,0,6,6,True,True,False,1.0,1
45,switch_d12,regime_marginal,1.0,observed,transit_rough,2,1,1,168,180,12,True,True,False,1.0,1
45,switch_d12,regime_marginal,1.0,observed,warehouse,3,1,2,12,18,6,True,True,False,0.0,0
45,switch_d12,regime_marginal,1.0,observed,transit_smooth,4,2,0,84,96,12,True,True,False,0.0,0
45,switch_d12,regime_marginal,1.0,observed,warehouse,5,2,1,48,54,6,True,True,False,5.0,5
45,switch_d12,regime_marginal,1.0,observed,transit_smooth,6,3,0,72,84,12,True,True,True,3.0,3
45,switch_d12,regime_marginal,1.0,observed,warehouse,7,3,0,48,54,6,False,False,False,,6
45,switch_d12,regime_marginal,1.0,observed,warehouse,8,4,1,168,180,12,True,True,False,11.0,11
45,switch_d12,regime_marginal,1.0,observed,transit_rough,9,4,0,60,66,6,True,True,False,1.0,1
45,switch_d12,regime_marginal,1.0,observed,transit_smooth,10,5,2,36,48,12,True,True,False,3.0,3
45,switch_d12,regime_marginal,1.0,observed,transit_rough,11,5,1,84,90,6,False,False,False,,6
45,switch_d12,regime_marginal,1.0,observed,transit_rough,12,6,1,84,96,12,False,False,False,,12
45,switch_d12,regime_marginal,1.0,observed,warehouse,13,6,2,120,126,6,True,True,False,0.0,0
45,switch_d12,regime_marginal,1.0,observed,warehouse,14,7,0,132,144,12,True,True,True,5.0,5
45,switch_d12,regime_marginal,1.0,observed,transit_smooth,15,7,1,48,54,6,True,True,False,3.0,3
45,switch_d12,regime_marginal,1.0,observed,warehouse,16,8,0,72,84,12,True,False,True,,12
45,switch_d12,regime_marginal,1.0,observed,transit_smooth,17,8,0,168,174,6,True,True,False,3.0,3
45,switch_d12,regime_marginal,1.0,observed,warehouse,18,9,2,72,84,12,True,True,True,10.0,10
45,switch_d12,regime_marginal,1.0,observed,transit_smooth,19,9,0,168,174,6,True,True,False,1.0,1
45,switch_d12,regime_marginal,1.0,observed,warehouse,20,10,1,96,108,12,True,True,False,5.0,5
45,switch_d12,regime_marginal,1.0,observed,warehouse,21,10,1,84,90,6,True,True,False,0.0,0
45,switch_d12,regime_marginal,1.0,observed,transit_smooth,22,11,0,156,168,12,True,True,False,7.0,7
45,switch_d12,regime_marginal,1.0,observed,transit_smooth,23,11,1,120,126,6,True,True,False,0.0,0
45,switch_d12,regime_marginal,0.2,clean,warehouse,0,0,0,48,60,12,False,False,False,,12
45,switch_d12,regime_marginal,0.2,clean,warehouse,1,0,1,0,6,6,False,False,False,,6
45,switch_d12,regime_marginal,0.2,clean,transit_rough,2,1,1,168,180,12,False,False,False,,12
45,switch_d12,regime_marginal,0.2,clean,warehouse,3,1,2,12,18,6,False,False,False,,6
45,switch_d12,regime_marginal,0.2,clean,transit_smooth,4,2,0,84,96,12,False,False,False,,12
45,switch_d12,regime_marginal,0.2,clean,warehouse,5,2,1,48,54,6,False,False,False,,6
45,switch_d12,regime_marginal,0.2,clean,transit_smooth,6,3,0,72,84,12,False,False,True,,12
45,switch_d12,regime_marginal,0.2,clean,warehouse,7,3,0,48,54,6,False,False,False,,6
45,switch_d12,regime_marginal,0.2,clean,warehouse,8,4,1,168,180,12,False,False,False,,12
45,switch_d12,regime_marginal,0.2,clean,transit_rough,9,4,0,60,66,6,False,False,False,,6
45,switch_d12,regime_marginal,0.2,clean,transit_smooth,10,5,2,36,48,12,False,False,False,,12
45,switch_d12,regime_marginal,0.2,clean,transit_rough,11,5,1,84,90,6,False,False,False,,6
45,switch_d12,regime_marginal,0.2,clean,transit_rough,12,6,1,84,96,12,False,False,False,,12
45,switch_d12,regime_marginal,0.2,clean,warehouse,13,6,2,120,126,6,True,True,False,0.0,0
45,switch_d12,regime_marginal,0.2,clean,warehouse,14,7,0,132,144,12,False,False,True,,12
45,switch_d12,regime_marginal,0.2,clean,transit_smooth,15,7,1,48,54,6,False,False,False,,6
45,switch_d12,regime_marginal,0.2,clean,warehouse,16,8,0,72,84,12,False,False,True,,12
45,switch_d12,regime_marginal,0.2,clean,transit_smooth,17,8,0,168,174,6,False,False,False,,6
45,switch_d12,regime_marginal,0.2,clean,warehouse,18,9,2,72,84,12,False,False,True,,12
45,switch_d12,regime_marginal,0.2,clean,transit_smooth,19,9,0,168,174,6,False,False,False,,6
45,switch_d12,regime_marginal,0.2,clean,warehouse,20,10,1,96,108,12,False,False,False,,12
45,switch_d12,regime_marginal,0.2,clean,warehouse,21,10,1,84,90,6,False,False,False,,6
45,switch_d12,regime_marginal,0.2,clean,transit_smooth,22,11,0,156,168,12,False,False,False,,12
45,switch_d12,regime_marginal,0.2,clean,transit_smooth,23,11,1,120,126,6,False,False,False,,6
45,switch_d12,regime_marginal,0.2,observed,warehouse,0,0,0,48,60,12,False,False,False,,12
45,switch_d12,regime_marginal,0.2,observed,warehouse,1,0,1,0,6,6,True,True,False,3.0,3
45,switch_d12,regime_marginal,0.2,observed,transit_rough,2,1,1,168,180,12,True,True,False,3.0,3
45,switch_d12,regime_marginal,0.2,observed,warehouse,3,1,2,12,18,6,True,True,False,3.0,3
45,switch_d12,regime_marginal,0.2,observed,transit_smooth,4,2,0,84,96,12,True,True,False,1.0,1
45,switch_d12,regime_marginal,0.2,observed,warehouse,5,2,1,48,54,6,True,True,False,5.0,5
45,switch_d12,regime_marginal,0.2,observed,transit_smooth,6,3,0,72,84,12,True,True,True,3.0,3
45,switch_d12,regime_marginal,0.2,observed,warehouse,7,3,0,48,54,6,False,False,False,,6
45,switch_d12,regime_marginal,0.2,observed,warehouse,8,4,1,168,180,12,True,True,False,11.0,11
45,switch_d12,regime_marginal,0.2,observed,transit_rough,9,4,0,60,66,6,True,True,False,5.0,5
45,switch_d12,regime_marginal,0.2,observed,transit_smooth,10,5,2,36,48,12,True,True,False,3.0,3
45,switch_d12,regime_marginal,0.2,observed,transit_rough,11,5,1,84,90,6,True,True,False,4.0,4
45,switch_d12,regime_marginal,0.2,observed,transit_rough,12,6,1,84,96,12,True,True,False,9.0,9
45,switch_d12,regime_marginal,0.2,observed,warehouse,13,6,2,120,126,6,True,True,False,0.0,0
45,switch_d12,regime_marginal,0.2,observed,warehouse,14,7,0,132,144,12,True,True,True,5.0,5
45,switch_d12,regime_marginal,0.2,observed,transit_smooth,15,7,1,48,54,6,True,True,False,2.0,2
45,switch_d12,regime_marginal,0.2,observed,warehouse,16,8,0,72,84,12,True,True,True,4.0,4
45,switch_d12,regime_marginal,0.2,observed,transit_smooth,17,8,0,168,174,6,False,False,False,,6
45,switch_d12,regime_marginal,0.2,observed,warehouse,18,9,2,72,84,12,True,True,True,8.0,8
45,switch_d12,regime_marginal,0.2,observed,transit_smooth,19,9,0,168,174,6,True,True,False,4.0,4
45,switch_d12,regime_marginal,0.2,observed,warehouse,20,10,1,96,108,12,True,True,False,5.0,5
45,switch_d12,regime_marginal,0.2,observed,warehouse,21,10,1,84,90,6,True,True,False,2.0,2
45,switch_d12,regime_marginal,0.2,observed,transit_smooth,22,11,0,156,168,12,True,True,False,7.0,7
45,switch_d12,regime_marginal,0.2,observed,transit_smooth,23,11,1,120,126,6,True,True,False,2.0,2
45,switch_d12,regime_conditional,1.0,clean,warehouse,0,0,0,48,60,12,False,False,False,,12
45,switch_d12,regime_conditional,1.0,clean,warehouse,1,0,1,0,6,6,False,False,False,,6
45,switch_d12,regime_conditional,1.0,clean,transit_rough,2,1,1,168,180,12,False,False,False,,12
45,switch_d12,regime_conditional,1.0,clean,warehouse,3,1,2,12,18,6,False,False,False,,6
45,switch_d12,regime_conditional,1.0,clean,transit_smooth,4,2,0,84,96,12,False,False,False,,12
45,switch_d12,regime_conditional,1.0,clean,warehouse,5,2,1,48,54,6,False,False,False,,6
45,switch_d12,regime_conditional,1.0,clean,transit_smooth,6,3,0,72,84,12,False,False,False,,12
45,switch_d12,regime_conditional,1.0,clean,warehouse,7,3,0,48,54,6,False,False,False,,6
45,switch_d12,regime_conditional,1.0,clean,warehouse,8,4,1,168,180,12,True,True,False,9.0,9
45,switch_d12,regime_conditional,1.0,clean,transit_rough,9,4,0,60,66,6,True,True,False,0.0,0
45,switch_d12,regime_conditional,1.0,clean,transit_smooth,10,5,2,36,48,12,False,False,False,,12
45,switch_d12,regime_conditional,1.0,clean,transit_rough,11,5,1,84,90,6,False,False,False,,6
45,switch_d12,regime_conditional,1.0,clean,transit_rough,12,6,1,84,96,12,False,False,False,,12
45,switch_d12,regime_conditional,1.0,clean,warehouse,13,6,2,120,126,6,True,False,True,,6
45,switch_d12,regime_conditional,1.0,clean,warehouse,14,7,0,132,144,12,True,True,False,5.0,5
45,switch_d12,regime_conditional,1.0,clean,transit_smooth,15,7,1,48,54,6,False,False,False,,6
45,switch_d12,regime_conditional,1.0,clean,warehouse,16,8,0,72,84,12,False,False,False,,12
45,switch_d12,regime_conditional,1.0,clean,transit_smooth,17,8,0,168,174,6,False,False,False,,6
45,switch_d12,regime_conditional,1.0,clean,warehouse,18,9,2,72,84,12,False,False,True,,12
45,switch_d12,regime_conditional,1.0,clean,transit_smooth,19,9,0,168,174,6,False,False,False,,6
45,switch_d12,regime_conditional,1.0,clean,warehouse,20,10,1,96,108,12,False,False,False,,12
45,switch_d12,regime_conditional,1.0,clean,warehouse,21,10,1,84,90,6,False,False,False,,6
45,switch_d12,regime_conditional,1.0,clean,transit_smooth,22,11,0,156,168,12,False,False,False,,12
45,switch_d12,regime_conditional,1.0,clean,transit_smooth,23,11,1,120,126,6,True,True,False,0.0,0
45,switch_d12,regime_conditional,1.0,observed,warehouse,0,0,0,48,60,12,True,True,False,0.0,0
45,switch_d12,regime_conditional,1.0,observed,warehouse,1,0,1,0,6,6,True,True,False,0.0,0
45,switch_d12,regime_conditional,1.0,observed,transit_rough,2,1,1,168,180,12,True,True,False,2.0,2
45,switch_d12,regime_conditional,1.0,observed,warehouse,3,1,2,12,18,6,True,True,False,0.0,0
45,switch_d12,regime_conditional,1.0,observed,transit_smooth,4,2,0,84,96,12,True,True,False,1.0,1
45,switch_d12,regime_conditional,1.0,observed,warehouse,5,2,1,48,54,6,True,True,False,5.0,5
45,switch_d12,regime_conditional,1.0,observed,transit_smooth,6,3,0,72,84,12,True,True,False,0.0,0
45,switch_d12,regime_conditional,1.0,observed,warehouse,7,3,0,48,54,6,True,True,False,5.0,5
45,switch_d12,regime_conditional,1.0,observed,warehouse,8,4,1,168,180,12,True,True,False,0.0,0
45,switch_d12,regime_conditional,1.0,observed,transit_rough,9,4,0,60,66,6,False,False,False,,6
45,switch_d12,regime_conditional,1.0,observed,transit_smooth,10,5,2,36,48,12,True,True,False,3.0,3
45,switch_d12,regime_conditional,1.0,observed,transit_rough,11,5,1,84,90,6,False,False,False,,6
45,switch_d12,regime_conditional,1.0,observed,transit_rough,12,6,1,84,96,12,True,True,False,1.0,1
45,switch_d12,regime_conditional,1.0,observed,warehouse,13,6,2,120,126,6,True,False,True,,6
45,switch_d12,regime_conditional,1.0,observed,warehouse,14,7,0,132,144,12,True,True,False,0.0,0
45,switch_d12,regime_conditional,1.0,observed,transit_smooth,15,7,1,48,54,6,True,True,False,0.0,0
45,switch_d12,regime_conditional,1.0,observed,warehouse,16,8,0,72,84,12,True,True,False,0.0,0
45,switch_d12,regime_conditional,1.0,observed,transit_smooth,17,8,0,168,174,6,True,True,False,5.0,5
45,switch_d12,regime_conditional,1.0,observed,warehouse,18,9,2,72,84,12,True,True,True,1.0,1
45,switch_d12,regime_conditional,1.0,observed,transit_smooth,19,9,0,168,174,6,True,True,False,1.0,1
45,switch_d12,regime_conditional,1.0,observed,warehouse,20,10,1,96,108,12,True,True,False,1.0,1
45,switch_d12,regime_conditional,1.0,observed,warehouse,21,10,1,84,90,6,True,True,False,0.0,0
45,switch_d12,regime_conditional,1.0,observed,transit_smooth,22,11,0,156,168,12,True,True,False,7.0,7
45,switch_d12,regime_conditional,1.0,observed,transit_smooth,23,11,1,120,126,6,True,True,False,0.0,0
45,switch_d12,regime_conditional,0.2,clean,warehouse,0,0,0,48,60,12,False,False,False,,12
45,switch_d12,regime_conditional,0.2,clean,warehouse,1,0,1,0,6,6,False,False,False,,6
45,switch_d12,regime_conditional,0.2,clean,transit_rough,2,1,1,168,180,12,False,False,False,,12
45,switch_d12,regime_conditional,0.2,clean,warehouse,3,1,2,12,18,6,False,False,False,,6
45,switch_d12,regime_conditional,0.2,clean,transit_smooth,4,2,0,84,96,12,False,False,False,,12
45,switch_d12,regime_conditional,0.2,clean,warehouse,5,2,1,48,54,6,False,False,False,,6
45,switch_d12,regime_conditional,0.2,clean,transit_smooth,6,3,0,72,84,12,False,False,False,,12
45,switch_d12,regime_conditional,0.2,clean,warehouse,7,3,0,48,54,6,False,False,False,,6
45,switch_d12,regime_conditional,0.2,clean,warehouse,8,4,1,168,180,12,True,True,False,9.0,9
45,switch_d12,regime_conditional,0.2,clean,transit_rough,9,4,0,60,66,6,True,True,False,2.0,2
45,switch_d12,regime_conditional,0.2,clean,transit_smooth,10,5,2,36,48,12,False,False,False,,12
45,switch_d12,regime_conditional,0.2,clean,transit_rough,11,5,1,84,90,6,False,False,False,,6
45,switch_d12,regime_conditional,0.2,clean,transit_rough,12,6,1,84,96,12,False,False,False,,12
45,switch_d12,regime_conditional,0.2,clean,warehouse,13,6,2,120,126,6,True,True,False,0.0,0
45,switch_d12,regime_conditional,0.2,clean,warehouse,14,7,0,132,144,12,False,False,False,,12
45,switch_d12,regime_conditional,0.2,clean,transit_smooth,15,7,1,48,54,6,False,False,False,,6
45,switch_d12,regime_conditional,0.2,clean,warehouse,16,8,0,72,84,12,False,False,False,,12
45,switch_d12,regime_conditional,0.2,clean,transit_smooth,17,8,0,168,174,6,False,False,False,,6
45,switch_d12,regime_conditional,0.2,clean,warehouse,18,9,2,72,84,12,False,False,True,,12
45,switch_d12,regime_conditional,0.2,clean,transit_smooth,19,9,0,168,174,6,False,False,False,,6
45,switch_d12,regime_conditional,0.2,clean,warehouse,20,10,1,96,108,12,False,False,False,,12
45,switch_d12,regime_conditional,0.2,clean,warehouse,21,10,1,84,90,6,False,False,False,,6
45,switch_d12,regime_conditional,0.2,clean,transit_smooth,22,11,0,156,168,12,False,False,False,,12
45,switch_d12,regime_conditional,0.2,clean,transit_smooth,23,11,1,120,126,6,True,True,False,1.0,1
45,switch_d12,regime_conditional,0.2,observed,warehouse,0,0,0,48,60,12,True,True,False,3.0,3
45,switch_d12,regime_conditional,0.2,observed,warehouse,1,0,1,0,6,6,True,True,False,1.0,1
45,switch_d12,regime_conditional,0.2,observed,transit_rough,2,1,1,168,180,12,True,True,False,2.0,2
45,switch_d12,regime_conditional,0.2,observed,warehouse,3,1,2,12,18,6,True,True,False,2.0,2
45,switch_d12,regime_conditional,0.2,observed,transit_smooth,4,2,0,84,96,12,True,True,False,1.0,1
45,switch_d12,regime_conditional,0.2,observed,warehouse,5,2,1,48,54,6,True,True,False,4.0,4
45,switch_d12,regime_conditional,0.2,observed,transit_smooth,6,3,0,72,84,12,True,True,False,2.0,2
45,switch_d12,regime_conditional,0.2,observed,warehouse,7,3,0,48,54,6,True,True,False,3.0,3
45,switch_d12,regime_conditional,0.2,observed,warehouse,8,4,1,168,180,12,True,True,False,2.0,2
45,switch_d12,regime_conditional,0.2,observed,transit_rough,9,4,0,60,66,6,False,False,False,,6
45,switch_d12,regime_conditional,0.2,observed,transit_smooth,10,5,2,36,48,12,True,True,False,2.0,2
45,switch_d12,regime_conditional,0.2,observed,transit_rough,11,5,1,84,90,6,True,True,False,2.0,2
45,switch_d12,regime_conditional,0.2,observed,transit_rough,12,6,1,84,96,12,True,True,False,4.0,4
45,switch_d12,regime_conditional,0.2,observed,warehouse,13,6,2,120,126,6,True,True,False,0.0,0
45,switch_d12,regime_conditional,0.2,observed,warehouse,14,7,0,132,144,12,True,True,False,3.0,3
45,switch_d12,regime_conditional,0.2,observed,transit_smooth,15,7,1,48,54,6,True,True,False,0.0,0
45,switch_d12,regime_conditional,0.2,observed,warehouse,16,8,0,72,84,12,True,True,False,2.0,2
45,switch_d12,regime_conditional,0.2,observed,transit_smooth,17,8,0,168,174,6,True,True,False,5.0,5
45,switch_d12,regime_conditional,0.2,observed,warehouse,18,9,2,72,84,12,True,True,True,1.0,1
45,switch_d12,regime_conditional,0.2,observed,transit_smooth,19,9,0,168,174,6,True,True,False,3.0,3
45,switch_d12,regime_conditional,0.2,observed,warehouse,20,10,1,96,108,12,True,True,False,2.0,2
45,switch_d12,regime_conditional,0.2,observed,warehouse,21,10,1,84,90,6,True,True,False,0.0,0
45,switch_d12,regime_conditional,0.2,observed,transit_smooth,22,11,0,156,168,12,True,True,False,6.0,6
45,switch_d12,regime_conditional,0.2,observed,transit_smooth,23,11,1,120,126,6,True,True,False,0.0,0
46,steady_m05,regime_marginal,1.0,clean,warehouse,0,0,2,48,60,12,False,False,False,,12
46,steady_m05,regime_marginal,1.0,clean,warehouse,1,0,1,0,6,6,False,False,False,,6
46,steady_m05,regime_marginal,1.0,clean,warehouse,2,1,1,108,120,12,True,True,False,7.0,7
46,steady_m05,regime_marginal,1.0,clean,warehouse,3,1,1,48,54,6,False,False,True,,6
46,steady_m05,regime_marginal,1.0,clean,warehouse,4,2,1,0,12,12,False,False,False,,12
46,steady_m05,regime_marginal,1.0,clean,warehouse,5,2,0,12,18,6,False,False,False,,6
46,steady_m05,regime_marginal,1.0,clean,warehouse,6,3,0,96,108,12,False,False,False,,12
46,steady_m05,regime_marginal,1.0,clean,warehouse,7,3,1,120,126,6,False,False,False,,6
46,steady_m05,regime_marginal,1.0,clean,transit_smooth,8,4,2,0,12,12,False,False,False,,12
46,steady_m05,regime_marginal,1.0,clean,transit_smooth,9,4,2,48,54,6,False,False,False,,6
46,steady_m05,regime_marginal,1.0,clean,transit_smooth,10,5,1,144,156,12,False,False,False,,12
46,steady_m05,regime_marginal,1.0,clean,transit_smooth,11,5,1,48,54,6,False,False,False,,6
46,steady_m05,regime_marginal,1.0,clean,transit_smooth,12,6,0,132,144,12,False,False,False,,12
46,steady_m05,regime_marginal,1.0,clean,transit_smooth,13,6,2,24,30,6,False,False,False,,6
46,steady_m05,regime_marginal,1.0,clean,transit_smooth,14,7,0,96,108,12,True,True,False,5.0,5
46,steady_m05,regime_marginal,1.0,clean,transit_smooth,15,7,1,84,90,6,False,False,False,,6
46,steady_m05,regime_marginal,1.0,clean,transit_rough,16,8,0,0,12,12,True,True,False,4.0,4
46,steady_m05,regime_marginal,1.0,clean,transit_rough,17,8,2,156,162,6,False,False,False,,6
46,steady_m05,regime_marginal,1.0,clean,transit_rough,18,9,0,24,36,12,False,False,False,,12
46,steady_m05,regime_marginal,1.0,clean,transit_rough,19,9,2,156,162,6,False,False,False,,6
46,steady_m05,regime_marginal,1.0,clean,transit_rough,20,10,1,132,144,12,False,False,False,,12
46,steady_m05,regime_marginal,1.0,clean,transit_rough,21,10,1,36,42,6,False,False,False,,6
46,steady_m05,regime_marginal,1.0,clean,transit_rough,22,11,0,108,120,12,False,False,False,,12
46,steady_m05,regime_marginal,1.0,clean,transit_rough,23,11,0,84,90,6,False,False,False,,6
46,steady_m05,regime_marginal,1.0,observed,warehouse,0,0,2,48,60,12,False,False,False,,12
46,steady_m05,regime_marginal,1.0,observed,warehouse,1,0,1,0,6,6,False,False,False,,6
46,steady_m05,regime_marginal,1.0,observed,warehouse,2,1,1,108,120,12,False,False,False,,12
46,steady_m05,regime_marginal,1.0,observed,warehouse,3,1,1,48,54,6,False,False,True,,6
46,steady_m05,regime_marginal,1.0,observed,warehouse,4,2,1,0,12,12,False,False,False,,12
46,steady_m05,regime_marginal,1.0,observed,warehouse,5,2,0,12,18,6,False,False,False,,6
46,steady_m05,regime_marginal,1.0,observed,warehouse,6,3,0,96,108,12,False,False,False,,12
46,steady_m05,regime_marginal,1.0,observed,warehouse,7,3,1,120,126,6,False,False,False,,6
46,steady_m05,regime_marginal,1.0,observed,transit_smooth,8,4,2,0,12,12,False,False,False,,12
46,steady_m05,regime_marginal,1.0,observed,transit_smooth,9,4,2,48,54,6,False,False,False,,6
46,steady_m05,regime_marginal,1.0,observed,transit_smooth,10,5,1,144,156,12,True,True,False,2.0,2
46,steady_m05,regime_marginal,1.0,observed,transit_smooth,11,5,1,48,54,6,False,False,False,,6
46,steady_m05,regime_marginal,1.0,observed,transit_smooth,12,6,0,132,144,12,False,False,False,,12
46,steady_m05,regime_marginal,1.0,observed,transit_smooth,13,6,2,24,30,6,False,False,False,,6
46,steady_m05,regime_marginal,1.0,observed,transit_smooth,14,7,0,96,108,12,False,False,False,,12
46,steady_m05,regime_marginal,1.0,observed,transit_smooth,15,7,1,84,90,6,False,False,False,,6
46,steady_m05,regime_marginal,1.0,observed,transit_rough,16,8,0,0,12,12,False,False,False,,12
46,steady_m05,regime_marginal,1.0,observed,transit_rough,17,8,2,156,162,6,False,False,False,,6
46,steady_m05,regime_marginal,1.0,observed,transit_rough,18,9,0,24,36,12,False,False,False,,12
46,steady_m05,regime_marginal,1.0,observed,transit_rough,19,9,2,156,162,6,False,False,False,,6
46,steady_m05,regime_marginal,1.0,observed,transit_rough,20,10,1,132,144,12,False,False,False,,12
46,steady_m05,regime_marginal,1.0,observed,transit_rough,21,10,1,36,42,6,False,False,False,,6
46,steady_m05,regime_marginal,1.0,observed,transit_rough,22,11,0,108,120,12,False,False,False,,12
46,steady_m05,regime_marginal,1.0,observed,transit_rough,23,11,0,84,90,6,False,False,False,,6
46,steady_m05,regime_marginal,0.2,clean,warehouse,0,0,2,48,60,12,False,False,False,,12
46,steady_m05,regime_marginal,0.2,clean,warehouse,1,0,1,0,6,6,False,False,False,,6
46,steady_m05,regime_marginal,0.2,clean,warehouse,2,1,1,108,120,12,False,False,False,,12
46,steady_m05,regime_marginal,0.2,clean,warehouse,3,1,1,48,54,6,False,False,False,,6
46,steady_m05,regime_marginal,0.2,clean,warehouse,4,2,1,0,12,12,False,False,False,,12
46,steady_m05,regime_marginal,0.2,clean,warehouse,5,2,0,12,18,6,False,False,False,,6
46,steady_m05,regime_marginal,0.2,clean,warehouse,6,3,0,96,108,12,False,False,False,,12
46,steady_m05,regime_marginal,0.2,clean,warehouse,7,3,1,120,126,6,False,False,False,,6
46,steady_m05,regime_marginal,0.2,clean,transit_smooth,8,4,2,0,12,12,False,False,False,,12
46,steady_m05,regime_marginal,0.2,clean,transit_smooth,9,4,2,48,54,6,False,False,False,,6
46,steady_m05,regime_marginal,0.2,clean,transit_smooth,10,5,1,144,156,12,True,True,False,2.0,2
46,steady_m05,regime_marginal,0.2,clean,transit_smooth,11,5,1,48,54,6,False,False,False,,6
46,steady_m05,regime_marginal,0.2,clean,transit_smooth,12,6,0,132,144,12,False,False,False,,12
46,steady_m05,regime_marginal,0.2,clean,transit_smooth,13,6,2,24,30,6,False,False,False,,6
46,steady_m05,regime_marginal,0.2,clean,transit_smooth,14,7,0,96,108,12,False,False,False,,12
46,steady_m05,regime_marginal,0.2,clean,transit_smooth,15,7,1,84,90,6,False,False,False,,6
46,steady_m05,regime_marginal,0.2,clean,transit_rough,16,8,0,0,12,12,False,False,False,,12
46,steady_m05,regime_marginal,0.2,clean,transit_rough,17,8,2,156,162,6,False,False,False,,6
46,steady_m05,regime_marginal,0.2,clean,transit_rough,18,9,0,24,36,12,False,False,False,,12
46,steady_m05,regime_marginal,0.2,clean,transit_rough,19,9,2,156,162,6,False,False,False,,6
46,steady_m05,regime_marginal,0.2,clean,transit_rough,20,10,1,132,144,12,False,False,False,,12
46,steady_m05,regime_marginal,0.2,clean,transit_rough,21,10,1,36,42,6,False,False,False,,6
46,steady_m05,regime_marginal,0.2,clean,transit_rough,22,11,0,108,120,12,False,False,False,,12
46,steady_m05,regime_marginal,0.2,clean,transit_rough,23,11,0,84,90,6,False,False,False,,6
46,steady_m05,regime_marginal,0.2,observed,warehouse,0,0,2,48,60,12,False,False,False,,12
46,steady_m05,regime_marginal,0.2,observed,warehouse,1,0,1,0,6,6,False,False,False,,6
46,steady_m05,regime_marginal,0.2,observed,warehouse,2,1,1,108,120,12,False,False,False,,12
46,steady_m05,regime_marginal,0.2,observed,warehouse,3,1,1,48,54,6,False,False,False,,6
46,steady_m05,regime_marginal,0.2,observed,warehouse,4,2,1,0,12,12,False,False,False,,12
46,steady_m05,regime_marginal,0.2,observed,warehouse,5,2,0,12,18,6,False,False,False,,6
46,steady_m05,regime_marginal,0.2,observed,warehouse,6,3,0,96,108,12,False,False,False,,12
46,steady_m05,regime_marginal,0.2,observed,warehouse,7,3,1,120,126,6,False,False,False,,6
46,steady_m05,regime_marginal,0.2,observed,transit_smooth,8,4,2,0,12,12,False,False,False,,12
46,steady_m05,regime_marginal,0.2,observed,transit_smooth,9,4,2,48,54,6,False,False,False,,6
46,steady_m05,regime_marginal,0.2,observed,transit_smooth,10,5,1,144,156,12,True,True,False,2.0,2
46,steady_m05,regime_marginal,0.2,observed,transit_smooth,11,5,1,48,54,6,False,False,False,,6
46,steady_m05,regime_marginal,0.2,observed,transit_smooth,12,6,0,132,144,12,False,False,False,,12
46,steady_m05,regime_marginal,0.2,observed,transit_smooth,13,6,2,24,30,6,False,False,False,,6
46,steady_m05,regime_marginal,0.2,observed,transit_smooth,14,7,0,96,108,12,False,False,False,,12
46,steady_m05,regime_marginal,0.2,observed,transit_smooth,15,7,1,84,90,6,False,False,False,,6
46,steady_m05,regime_marginal,0.2,observed,transit_rough,16,8,0,0,12,12,False,False,False,,12
46,steady_m05,regime_marginal,0.2,observed,transit_rough,17,8,2,156,162,6,False,False,False,,6
46,steady_m05,regime_marginal,0.2,observed,transit_rough,18,9,0,24,36,12,False,False,False,,12
46,steady_m05,regime_marginal,0.2,observed,transit_rough,19,9,2,156,162,6,False,False,False,,6
46,steady_m05,regime_marginal,0.2,observed,transit_rough,20,10,1,132,144,12,False,False,False,,12
46,steady_m05,regime_marginal,0.2,observed,transit_rough,21,10,1,36,42,6,False,False,False,,6
46,steady_m05,regime_marginal,0.2,observed,transit_rough,22,11,0,108,120,12,False,False,False,,12
46,steady_m05,regime_marginal,0.2,observed,transit_rough,23,11,0,84,90,6,False,False,False,,6
46,steady_m05,regime_conditional,1.0,clean,warehouse,0,0,2,48,60,12,False,False,False,,12
46,steady_m05,regime_conditional,1.0,clean,warehouse,1,0,1,0,6,6,True,True,False,2.0,2
46,steady_m05,regime_conditional,1.0,clean,warehouse,2,1,1,108,120,12,True,True,False,7.0,7
46,steady_m05,regime_conditional,1.0,clean,warehouse,3,1,1,48,54,6,False,False,True,,6
46,steady_m05,regime_conditional,1.0,clean,warehouse,4,2,1,0,12,12,False,False,False,,12
46,steady_m05,regime_conditional,1.0,clean,warehouse,5,2,0,12,18,6,False,False,False,,6
46,steady_m05,regime_conditional,1.0,clean,warehouse,6,3,0,96,108,12,False,False,False,,12
46,steady_m05,regime_conditional,1.0,clean,warehouse,7,3,1,120,126,6,False,False,False,,6
46,steady_m05,regime_conditional,1.0,clean,transit_smooth,8,4,2,0,12,12,False,False,False,,12
46,steady_m05,regime_conditional,1.0,clean,transit_smooth,9,4,2,48,54,6,False,False,False,,6
46,steady_m05,regime_conditional,1.0,clean,transit_smooth,10,5,1,144,156,12,True,True,False,2.0,2
46,steady_m05,regime_conditional,1.0,clean,transit_smooth,11,5,1,48,54,6,False,False,False,,6
46,steady_m05,regime_conditional,1.0,clean,transit_smooth,12,6,0,132,144,12,False,False,False,,12
46,steady_m05,regime_conditional,1.0,clean,transit_smooth,13,6,2,24,30,6,False,False,False,,6
46,steady_m05,regime_conditional,1.0,clean,transit_smooth,14,7,0,96,108,12,False,False,False,,12
46,steady_m05,regime_conditional,1.0,clean,transit_smooth,15,7,1,84,90,6,False,False,False,,6
46,steady_m05,regime_conditional,1.0,clean,transit_rough,16,8,0,0,12,12,False,False,False,,12
46,steady_m05,regime_conditional,1.0,clean,transit_rough,17,8,2,156,162,6,False,False,False,,6
46,steady_m05,regime_conditional,1.0,clean,transit_rough,18,9,0,24,36,12,False,False,False,,12
46,steady_m05,regime_conditional,1.0,clean,transit_rough,19,9,2,156,162,6,False,False,False,,6
46,steady_m05,regime_conditional,1.0,clean,transit_rough,20,10,1,132,144,12,False,False,False,,12
46,steady_m05,regime_conditional,1.0,clean,transit_rough,21,10,1,36,42,6,False,False,False,,6
46,steady_m05,regime_conditional,1.0,clean,transit_rough,22,11,0,108,120,12,False,False,False,,12
46,steady_m05,regime_conditional,1.0,clean,transit_rough,23,11,0,84,90,6,False,False,False,,6
46,steady_m05,regime_conditional,1.0,observed,warehouse,0,0,2,48,60,12,False,False,False,,12
46,steady_m05,regime_conditional,1.0,observed,warehouse,1,0,1,0,6,6,True,True,False,1.0,1
46,steady_m05,regime_conditional,1.0,observed,warehouse,2,1,1,108,120,12,False,False,False,,12
46,steady_m05,regime_conditional,1.0,observed,warehouse,3,1,1,48,54,6,False,False,True,,6
46,steady_m05,regime_conditional,1.0,observed,warehouse,4,2,1,0,12,12,False,False,False,,12
46,steady_m05,regime_conditional,1.0,observed,warehouse,5,2,0,12,18,6,False,False,False,,6
46,steady_m05,regime_conditional,1.0,observed,warehouse,6,3,0,96,108,12,False,False,False,,12
46,steady_m05,regime_conditional,1.0,observed,warehouse,7,3,1,120,126,6,False,False,False,,6
46,steady_m05,regime_conditional,1.0,observed,transit_smooth,8,4,2,0,12,12,False,False,False,,12
46,steady_m05,regime_conditional,1.0,observed,transit_smooth,9,4,2,48,54,6,False,False,False,,6
46,steady_m05,regime_conditional,1.0,observed,transit_smooth,10,5,1,144,156,12,True,True,False,2.0,2
46,steady_m05,regime_conditional,1.0,observed,transit_smooth,11,5,1,48,54,6,False,False,False,,6
46,steady_m05,regime_conditional,1.0,observed,transit_smooth,12,6,0,132,144,12,False,False,False,,12
46,steady_m05,regime_conditional,1.0,observed,transit_smooth,13,6,2,24,30,6,False,False,False,,6
46,steady_m05,regime_conditional,1.0,observed,transit_smooth,14,7,0,96,108,12,False,False,False,,12
46,steady_m05,regime_conditional,1.0,observed,transit_smooth,15,7,1,84,90,6,False,False,False,,6
46,steady_m05,regime_conditional,1.0,observed,transit_rough,16,8,0,0,12,12,False,False,False,,12
46,steady_m05,regime_conditional,1.0,observed,transit_rough,17,8,2,156,162,6,False,False,False,,6
46,steady_m05,regime_conditional,1.0,observed,transit_rough,18,9,0,24,36,12,True,True,False,1.0,1
46,steady_m05,regime_conditional,1.0,observed,transit_rough,19,9,2,156,162,6,False,False,False,,6
46,steady_m05,regime_conditional,1.0,observed,transit_rough,20,10,1,132,144,12,False,False,False,,12
46,steady_m05,regime_conditional,1.0,observed,transit_rough,21,10,1,36,42,6,False,False,False,,6
46,steady_m05,regime_conditional,1.0,observed,transit_rough,22,11,0,108,120,12,True,True,False,2.0,2
46,steady_m05,regime_conditional,1.0,observed,transit_rough,23,11,0,84,90,6,False,False,False,,6
46,steady_m05,regime_conditional,0.2,clean,warehouse,0,0,2,48,60,12,False,False,False,,12
46,steady_m05,regime_conditional,0.2,clean,warehouse,1,0,1,0,6,6,False,False,False,,6
46,steady_m05,regime_conditional,0.2,clean,warehouse,2,1,1,108,120,12,True,True,False,7.0,7
46,steady_m05,regime_conditional,0.2,clean,warehouse,3,1,1,48,54,6,False,False,False,,6
46,steady_m05,regime_conditional,0.2,clean,warehouse,4,2,1,0,12,12,False,False,False,,12
46,steady_m05,regime_conditional,0.2,clean,warehouse,5,2,0,12,18,6,False,False,False,,6
46,steady_m05,regime_conditional,0.2,clean,warehouse,6,3,0,96,108,12,False,False,False,,12
46,steady_m05,regime_conditional,0.2,clean,warehouse,7,3,1,120,126,6,False,False,False,,6
46,steady_m05,regime_conditional,0.2,clean,transit_smooth,8,4,2,0,12,12,False,False,False,,12
46,steady_m05,regime_conditional,0.2,clean,transit_smooth,9,4,2,48,54,6,False,False,False,,6
46,steady_m05,regime_conditional,0.2,clean,transit_smooth,10,5,1,144,156,12,True,True,False,2.0,2
46,steady_m05,regime_conditional,0.2,clean,transit_smooth,11,5,1,48,54,6,False,False,False,,6
46,steady_m05,regime_conditional,0.2,clean,transit_smooth,12,6,0,132,144,12,False,False,False,,12
46,steady_m05,regime_conditional,0.2,clean,transit_smooth,13,6,2,24,30,6,False,False,False,,6
46,steady_m05,regime_conditional,0.2,clean,transit_smooth,14,7,0,96,108,12,False,False,False,,12
46,steady_m05,regime_conditional,0.2,clean,transit_smooth,15,7,1,84,90,6,False,False,False,,6
46,steady_m05,regime_conditional,0.2,clean,transit_rough,16,8,0,0,12,12,False,False,False,,12
46,steady_m05,regime_conditional,0.2,clean,transit_rough,17,8,2,156,162,6,False,False,False,,6
46,steady_m05,regime_conditional,0.2,clean,transit_rough,18,9,0,24,36,12,False,False,False,,12
46,steady_m05,regime_conditional,0.2,clean,transit_rough,19,9,2,156,162,6,False,False,False,,6
46,steady_m05,regime_conditional,0.2,clean,transit_rough,20,10,1,132,144,12,False,False,False,,12
46,steady_m05,regime_conditional,0.2,clean,transit_rough,21,10,1,36,42,6,False,False,False,,6
46,steady_m05,regime_conditional,0.2,clean,transit_rough,22,11,0,108,120,12,False,False,False,,12
46,steady_m05,regime_conditional,0.2,clean,transit_rough,23,11,0,84,90,6,False,False,False,,6
46,steady_m05,regime_conditional,0.2,observed,warehouse,0,0,2,48,60,12,False,False,False,,12
46,steady_m05,regime_conditional,0.2,observed,warehouse,1,0,1,0,6,6,True,True,False,2.0,2
46,steady_m05,regime_conditional,0.2,observed,warehouse,2,1,1,108,120,12,False,False,False,,12
46,steady_m05,regime_conditional,0.2,observed,warehouse,3,1,1,48,54,6,False,False,False,,6
46,steady_m05,regime_conditional,0.2,observed,warehouse,4,2,1,0,12,12,False,False,False,,12
46,steady_m05,regime_conditional,0.2,observed,warehouse,5,2,0,12,18,6,False,False,False,,6
46,steady_m05,regime_conditional,0.2,observed,warehouse,6,3,0,96,108,12,True,True,False,7.0,7
46,steady_m05,regime_conditional,0.2,observed,warehouse,7,3,1,120,126,6,False,False,False,,6
46,steady_m05,regime_conditional,0.2,observed,transit_smooth,8,4,2,0,12,12,False,False,False,,12
46,steady_m05,regime_conditional,0.2,observed,transit_smooth,9,4,2,48,54,6,False,False,False,,6
46,steady_m05,regime_conditional,0.2,observed,transit_smooth,10,5,1,144,156,12,True,True,False,1.0,1
46,steady_m05,regime_conditional,0.2,observed,transit_smooth,11,5,1,48,54,6,True,True,False,1.0,1
46,steady_m05,regime_conditional,0.2,observed,transit_smooth,12,6,0,132,144,12,False,False,False,,12
46,steady_m05,regime_conditional,0.2,observed,transit_smooth,13,6,2,24,30,6,False,False,False,,6
46,steady_m05,regime_conditional,0.2,observed,transit_smooth,14,7,0,96,108,12,False,False,False,,12
46,steady_m05,regime_conditional,0.2,observed,transit_smooth,15,7,1,84,90,6,False,False,False,,6
46,steady_m05,regime_conditional,0.2,observed,transit_rough,16,8,0,0,12,12,False,False,False,,12
46,steady_m05,regime_conditional,0.2,observed,transit_rough,17,8,2,156,162,6,False,False,False,,6
46,steady_m05,regime_conditional,0.2,observed,transit_rough,18,9,0,24,36,12,False,False,False,,12
46,steady_m05,regime_conditional,0.2,observed,transit_rough,19,9,2,156,162,6,False,False,False,,6
46,steady_m05,regime_conditional,0.2,observed,transit_rough,20,10,1,132,144,12,True,True,False,10.0,10
46,steady_m05,regime_conditional,0.2,observed,transit_rough,21,10,1,36,42,6,False,False,False,,6
46,steady_m05,regime_conditional,0.2,observed,transit_rough,22,11,0,108,120,12,False,False,False,,12
46,steady_m05,regime_conditional,0.2,observed,transit_rough,23,11,0,84,90,6,False,False,False,,6
46,steady_m1,regime_marginal,1.0,clean,warehouse,0,0,2,48,60,12,False,False,False,,12
46,steady_m1,regime_marginal,1.0,clean,warehouse,1,0,1,0,6,6,False,False,False,,6
46,steady_m1,regime_marginal,1.0,clean,warehouse,2,1,1,108,120,12,True,True,False,7.0,7
46,steady_m1,regime_marginal,1.0,clean,warehouse,3,1,1,48,54,6,False,False,True,,6
46,steady_m1,regime_marginal,1.0,clean,warehouse,4,2,1,0,12,12,False,False,False,,12
46,steady_m1,regime_marginal,1.0,clean,warehouse,5,2,0,12,18,6,False,False,False,,6
46,steady_m1,regime_marginal,1.0,clean,warehouse,6,3,0,96,108,12,False,False,False,,12
46,steady_m1,regime_marginal,1.0,clean,warehouse,7,3,1,120,126,6,False,False,False,,6
46,steady_m1,regime_marginal,1.0,clean,transit_smooth,8,4,2,0,12,12,False,False,False,,12
46,steady_m1,regime_marginal,1.0,clean,transit_smooth,9,4,2,48,54,6,False,False,False,,6
46,steady_m1,regime_marginal,1.0,clean,transit_smooth,10,5,1,144,156,12,False,False,False,,12
46,steady_m1,regime_marginal,1.0,clean,transit_smooth,11,5,1,48,54,6,False,False,False,,6
46,steady_m1,regime_marginal,1.0,clean,transit_smooth,12,6,0,132,144,12,False,False,False,,12
46,steady_m1,regime_marginal,1.0,clean,transit_smooth,13,6,2,24,30,6,False,False,False,,6
46,steady_m1,regime_marginal,1.0,clean,transit_smooth,14,7,0,96,108,12,True,True,False,5.0,5
46,steady_m1,regime_marginal,1.0,clean,transit_smooth,15,7,1,84,90,6,False,False,False,,6
46,steady_m1,regime_marginal,1.0,clean,transit_rough,16,8,0,0,12,12,True,True,False,4.0,4
46,steady_m1,regime_marginal,1.0,clean,transit_rough,17,8,2,156,162,6,False,False,False,,6
46,steady_m1,regime_marginal,1.0,clean,transit_rough,18,9,0,24,36,12,False,False,False,,12
46,steady_m1,regime_marginal,1.0,clean,transit_rough,19,9,2,156,162,6,False,False,False,,6
46,steady_m1,regime_marginal,1.0,clean,transit_rough,20,10,1,132,144,12,False,False,False,,12
46,steady_m1,regime_marginal,1.0,clean,transit_rough,21,10,1,36,42,6,False,False,False,,6
46,steady_m1,regime_marginal,1.0,clean,transit_rough,22,11,0,108,120,12,False,False,False,,12
46,steady_m1,regime_marginal,1.0,clean,transit_rough,23,11,0,84,90,6,False,False,False,,6
46,steady_m1,regime_marginal,1.0,observed,warehouse,0,0,2,48,60,12,False,False,False,,12
46,steady_m1,regime_marginal,1.0,observed,warehouse,1,0,1,0,6,6,True,True,False,1.0,1
46,steady_m1,regime_marginal,1.0,observed,warehouse,2,1,1,108,120,12,False,False,False,,12
46,steady_m1,regime_marginal,1.0,observed,warehouse,3,1,1,48,54,6,False,False,True,,6
46,steady_m1,regime_marginal,1.0,observed,warehouse,4,2,1,0,12,12,False,False,False,,12
46,steady_m1,regime_marginal,1.0,observed,warehouse,5,2,0,12,18,6,False,False,False,,6
46,steady_m1,regime_marginal,1.0,observed,warehouse,6,3,0,96,108,12,True,True,False,7.0,7
46,steady_m1,regime_marginal,1.0,observed,warehouse,7,3,1,120,126,6,False,False,False,,6
46,steady_m1,regime_marginal,1.0,observed,transit_smooth,8,4,2,0,12,12,True,True,False,11.0,11
46,steady_m1,regime_marginal,1.0,observed,transit_smooth,9,4,2,48,54,6,False,False,False,,6
46,steady_m1,regime_marginal,1.0,observed,transit_smooth,10,5,1,144,156,12,True,True,False,2.0,2
46,steady_m1,regime_marginal,1.0,observed,transit_smooth,11,5,1,48,54,6,False,False,False,,6
46,steady_m1,regime_marginal,1.0,observed,transit_smooth,12,6,0,132,144,12,False,False,False,,12
46,steady_m1,regime_marginal,1.0,observed,transit_smooth,13,6,2,24,30,6,False,False,False,,6
46,steady_m1,regime_marginal,1.0,observed,transit_smooth,14,7,0,96,108,12,False,False,False,,12
46,steady_m1,regime_marginal,1.0,observed,transit_smooth,15,7,1,84,90,6,True,True,False,3.0,3
46,steady_m1,regime_marginal,1.0,observed,transit_rough,16,8,0,0,12,12,False,False,False,,12
46,steady_m1,regime_marginal,1.0,observed,transit_rough,17,8,2,156,162,6,False,False,False,,6
46,steady_m1,regime_marginal,1.0,observed,transit_rough,18,9,0,24,36,12,True,True,False,1.0,1
46,steady_m1,regime_marginal,1.0,observed,transit_rough,19,9,2,156,162,6,False,False,False,,6
46,steady_m1,regime_marginal,1.0,observed,transit_rough,20,10,1,132,144,12,False,False,False,,12
46,steady_m1,regime_marginal,1.0,observed,transit_rough,21,10,1,36,42,6,False,False,False,,6
46,steady_m1,regime_marginal,1.0,observed,transit_rough,22,11,0,108,120,12,True,True,False,2.0,2
46,steady_m1,regime_marginal,1.0,observed,transit_rough,23,11,0,84,90,6,False,False,False,,6
46,steady_m1,regime_marginal,0.2,clean,warehouse,0,0,2,48,60,12,False,False,False,,12
46,steady_m1,regime_marginal,0.2,clean,warehouse,1,0,1,0,6,6,False,False,False,,6
46,steady_m1,regime_marginal,0.2,clean,warehouse,2,1,1,108,120,12,False,False,False,,12
46,steady_m1,regime_marginal,0.2,clean,warehouse,3,1,1,48,54,6,False,False,False,,6
46,steady_m1,regime_marginal,0.2,clean,warehouse,4,2,1,0,12,12,False,False,False,,12
46,steady_m1,regime_marginal,0.2,clean,warehouse,5,2,0,12,18,6,False,False,False,,6
46,steady_m1,regime_marginal,0.2,clean,warehouse,6,3,0,96,108,12,False,False,False,,12
46,steady_m1,regime_marginal,0.2,clean,warehouse,7,3,1,120,126,6,False,False,False,,6
46,steady_m1,regime_marginal,0.2,clean,transit_smooth,8,4,2,0,12,12,False,False,False,,12
46,steady_m1,regime_marginal,0.2,clean,transit_smooth,9,4,2,48,54,6,False,False,False,,6
46,steady_m1,regime_marginal,0.2,clean,transit_smooth,10,5,1,144,156,12,True,True,False,2.0,2
46,steady_m1,regime_marginal,0.2,clean,transit_smooth,11,5,1,48,54,6,False,False,False,,6
46,steady_m1,regime_marginal,0.2,clean,transit_smooth,12,6,0,132,144,12,False,False,False,,12
46,steady_m1,regime_marginal,0.2,clean,transit_smooth,13,6,2,24,30,6,False,False,False,,6
46,steady_m1,regime_marginal,0.2,clean,transit_smooth,14,7,0,96,108,12,False,False,False,,12
46,steady_m1,regime_marginal,0.2,clean,transit_smooth,15,7,1,84,90,6,False,False,False,,6
46,steady_m1,regime_marginal,0.2,clean,transit_rough,16,8,0,0,12,12,False,False,False,,12
46,steady_m1,regime_marginal,0.2,clean,transit_rough,17,8,2,156,162,6,False,False,False,,6
46,steady_m1,regime_marginal,0.2,clean,transit_rough,18,9,0,24,36,12,False,False,False,,12
46,steady_m1,regime_marginal,0.2,clean,transit_rough,19,9,2,156,162,6,False,False,False,,6
46,steady_m1,regime_marginal,0.2,clean,transit_rough,20,10,1,132,144,12,False,False,False,,12
46,steady_m1,regime_marginal,0.2,clean,transit_rough,21,10,1,36,42,6,False,False,False,,6
46,steady_m1,regime_marginal,0.2,clean,transit_rough,22,11,0,108,120,12,False,False,False,,12
46,steady_m1,regime_marginal,0.2,clean,transit_rough,23,11,0,84,90,6,False,False,False,,6
46,steady_m1,regime_marginal,0.2,observed,warehouse,0,0,2,48,60,12,False,False,False,,12
46,steady_m1,regime_marginal,0.2,observed,warehouse,1,0,1,0,6,6,False,False,False,,6
46,steady_m1,regime_marginal,0.2,observed,warehouse,2,1,1,108,120,12,False,False,False,,12
46,steady_m1,regime_marginal,0.2,observed,warehouse,3,1,1,48,54,6,False,False,False,,6
46,steady_m1,regime_marginal,0.2,observed,warehouse,4,2,1,0,12,12,False,False,False,,12
46,steady_m1,regime_marginal,0.2,observed,warehouse,5,2,0,12,18,6,False,False,False,,6
46,steady_m1,regime_marginal,0.2,observed,warehouse,6,3,0,96,108,12,True,True,False,6.0,6
46,steady_m1,regime_marginal,0.2,observed,warehouse,7,3,1,120,126,6,False,False,False,,6
46,steady_m1,regime_marginal,0.2,observed,transit_smooth,8,4,2,0,12,12,True,True,False,11.0,11
46,steady_m1,regime_marginal,0.2,observed,transit_smooth,9,4,2,48,54,6,False,False,False,,6
46,steady_m1,regime_marginal,0.2,observed,transit_smooth,10,5,1,144,156,12,True,True,False,1.0,1
46,steady_m1,regime_marginal,0.2,observed,transit_smooth,11,5,1,48,54,6,False,False,False,,6
46,steady_m1,regime_marginal,0.2,observed,transit_smooth,12,6,0,132,144,12,False,False,False,,12
46,steady_m1,regime_marginal,0.2,observed,transit_smooth,13,6,2,24,30,6,False,False,False,,6
46,steady_m1,regime_marginal,0.2,observed,transit_smooth,14,7,0,96,108,12,False,False,False,,12
46,steady_m1,regime_marginal,0.2,observed,transit_smooth,15,7,1,84,90,6,False,False,False,,6
46,steady_m1,regime_marginal,0.2,observed,transit_rough,16,8,0,0,12,12,False,False,False,,12
46,steady_m1,regime_marginal,0.2,observed,transit_rough,17,8,2,156,162,6,False,False,False,,6
46,steady_m1,regime_marginal,0.2,observed,transit_rough,18,9,0,24,36,12,False,False,False,,12
46,steady_m1,regime_marginal,0.2,observed,transit_rough,19,9,2,156,162,6,False,False,False,,6
46,steady_m1,regime_marginal,0.2,observed,transit_rough,20,10,1,132,144,12,False,False,False,,12
46,steady_m1,regime_marginal,0.2,observed,transit_rough,21,10,1,36,42,6,False,False,False,,6
46,steady_m1,regime_marginal,0.2,observed,transit_rough,22,11,0,108,120,12,False,False,False,,12
46,steady_m1,regime_marginal,0.2,observed,transit_rough,23,11,0,84,90,6,False,False,False,,6
46,steady_m1,regime_conditional,1.0,clean,warehouse,0,0,2,48,60,12,False,False,False,,12
46,steady_m1,regime_conditional,1.0,clean,warehouse,1,0,1,0,6,6,True,True,False,2.0,2
46,steady_m1,regime_conditional,1.0,clean,warehouse,2,1,1,108,120,12,True,True,False,7.0,7
46,steady_m1,regime_conditional,1.0,clean,warehouse,3,1,1,48,54,6,False,False,True,,6
46,steady_m1,regime_conditional,1.0,clean,warehouse,4,2,1,0,12,12,False,False,False,,12
46,steady_m1,regime_conditional,1.0,clean,warehouse,5,2,0,12,18,6,False,False,False,,6
46,steady_m1,regime_conditional,1.0,clean,warehouse,6,3,0,96,108,12,False,False,False,,12
46,steady_m1,regime_conditional,1.0,clean,warehouse,7,3,1,120,126,6,False,False,False,,6
46,steady_m1,regime_conditional,1.0,clean,transit_smooth,8,4,2,0,12,12,False,False,False,,12
46,steady_m1,regime_conditional,1.0,clean,transit_smooth,9,4,2,48,54,6,False,False,False,,6
46,steady_m1,regime_conditional,1.0,clean,transit_smooth,10,5,1,144,156,12,True,True,False,2.0,2
46,steady_m1,regime_conditional,1.0,clean,transit_smooth,11,5,1,48,54,6,False,False,False,,6
46,steady_m1,regime_conditional,1.0,clean,transit_smooth,12,6,0,132,144,12,False,False,False,,12
46,steady_m1,regime_conditional,1.0,clean,transit_smooth,13,6,2,24,30,6,False,False,False,,6
46,steady_m1,regime_conditional,1.0,clean,transit_smooth,14,7,0,96,108,12,False,False,False,,12
46,steady_m1,regime_conditional,1.0,clean,transit_smooth,15,7,1,84,90,6,False,False,False,,6
46,steady_m1,regime_conditional,1.0,clean,transit_rough,16,8,0,0,12,12,False,False,False,,12
46,steady_m1,regime_conditional,1.0,clean,transit_rough,17,8,2,156,162,6,False,False,False,,6
46,steady_m1,regime_conditional,1.0,clean,transit_rough,18,9,0,24,36,12,False,False,False,,12
46,steady_m1,regime_conditional,1.0,clean,transit_rough,19,9,2,156,162,6,False,False,False,,6
46,steady_m1,regime_conditional,1.0,clean,transit_rough,20,10,1,132,144,12,False,False,False,,12
46,steady_m1,regime_conditional,1.0,clean,transit_rough,21,10,1,36,42,6,False,False,False,,6
46,steady_m1,regime_conditional,1.0,clean,transit_rough,22,11,0,108,120,12,False,False,False,,12
46,steady_m1,regime_conditional,1.0,clean,transit_rough,23,11,0,84,90,6,False,False,False,,6
46,steady_m1,regime_conditional,1.0,observed,warehouse,0,0,2,48,60,12,False,False,False,,12
46,steady_m1,regime_conditional,1.0,observed,warehouse,1,0,1,0,6,6,True,True,False,1.0,1
46,steady_m1,regime_conditional,1.0,observed,warehouse,2,1,1,108,120,12,False,False,False,,12
46,steady_m1,regime_conditional,1.0,observed,warehouse,3,1,1,48,54,6,False,False,True,,6
46,steady_m1,regime_conditional,1.0,observed,warehouse,4,2,1,0,12,12,False,False,False,,12
46,steady_m1,regime_conditional,1.0,observed,warehouse,5,2,0,12,18,6,False,False,False,,6
46,steady_m1,regime_conditional,1.0,observed,warehouse,6,3,0,96,108,12,True,True,False,4.0,4
46,steady_m1,regime_conditional,1.0,observed,warehouse,7,3,1,120,126,6,False,False,False,,6
46,steady_m1,regime_conditional,1.0,observed,transit_smooth,8,4,2,0,12,12,False,False,False,,12
46,steady_m1,regime_conditional,1.0,observed,transit_smooth,9,4,2,48,54,6,False,False,False,,6
46,steady_m1,regime_conditional,1.0,observed,transit_smooth,10,5,1,144,156,12,True,True,False,2.0,2
46,steady_m1,regime_conditional,1.0,observed,transit_smooth,11,5,1,48,54,6,False,False,False,,6
46,steady_m1,regime_conditional,1.0,observed,transit_smooth,12,6,0,132,144,12,True,True,False,4.0,4
46,steady_m1,regime_conditional,1.0,observed,transit_smooth,13,6,2,24,30,6,False,False,False,,6
46,steady_m1,regime_conditional,1.0,observed,transit_smooth,14,7,0,96,108,12,False,False,False,,12
46,steady_m1,regime_conditional,1.0,observed,transit_smooth,15,7,1,84,90,6,True,True,False,3.0,3
46,steady_m1,regime_conditional,1.0,observed,transit_rough,16,8,0,0,12,12,False,False,False,,12
46,steady_m1,regime_conditional,1.0,observed,transit_rough,17,8,2,156,162,6,False,False,False,,6
46,steady_m1,regime_conditional,1.0,observed,transit_rough,18,9,0,24,36,12,True,True,False,1.0,1
46,steady_m1,regime_conditional,1.0,observed,transit_rough,19,9,2,156,162,6,False,False,False,,6
46,steady_m1,regime_conditional,1.0,observed,transit_rough,20,10,1,132,144,12,False,False,False,,12
46,steady_m1,regime_conditional,1.0,observed,transit_rough,21,10,1,36,42,6,False,False,False,,6
46,steady_m1,regime_conditional,1.0,observed,transit_rough,22,11,0,108,120,12,True,True,False,2.0,2
46,steady_m1,regime_conditional,1.0,observed,transit_rough,23,11,0,84,90,6,False,False,False,,6
46,steady_m1,regime_conditional,0.2,clean,warehouse,0,0,2,48,60,12,False,False,False,,12
46,steady_m1,regime_conditional,0.2,clean,warehouse,1,0,1,0,6,6,False,False,False,,6
46,steady_m1,regime_conditional,0.2,clean,warehouse,2,1,1,108,120,12,True,True,False,7.0,7
46,steady_m1,regime_conditional,0.2,clean,warehouse,3,1,1,48,54,6,False,False,False,,6
46,steady_m1,regime_conditional,0.2,clean,warehouse,4,2,1,0,12,12,False,False,False,,12
46,steady_m1,regime_conditional,0.2,clean,warehouse,5,2,0,12,18,6,False,False,False,,6
46,steady_m1,regime_conditional,0.2,clean,warehouse,6,3,0,96,108,12,False,False,False,,12
46,steady_m1,regime_conditional,0.2,clean,warehouse,7,3,1,120,126,6,False,False,False,,6
46,steady_m1,regime_conditional,0.2,clean,transit_smooth,8,4,2,0,12,12,False,False,False,,12
46,steady_m1,regime_conditional,0.2,clean,transit_smooth,9,4,2,48,54,6,False,False,False,,6
46,steady_m1,regime_conditional,0.2,clean,transit_smooth,10,5,1,144,156,12,True,True,False,2.0,2
46,steady_m1,regime_conditional,0.2,clean,transit_smooth,11,5,1,48,54,6,False,False,False,,6
46,steady_m1,regime_conditional,0.2,clean,transit_smooth,12,6,0,132,144,12,False,False,False,,12
46,steady_m1,regime_conditional,0.2,clean,transit_smooth,13,6,2,24,30,6,False,False,False,,6
46,steady_m1,regime_conditional,0.2,clean,transit_smooth,14,7,0,96,108,12,False,False,False,,12
46,steady_m1,regime_conditional,0.2,clean,transit_smooth,15,7,1,84,90,6,False,False,False,,6
46,steady_m1,regime_conditional,0.2,clean,transit_rough,16,8,0,0,12,12,False,False,False,,12
46,steady_m1,regime_conditional,0.2,clean,transit_rough,17,8,2,156,162,6,False,False,False,,6
46,steady_m1,regime_conditional,0.2,clean,transit_rough,18,9,0,24,36,12,False,False,False,,12
46,steady_m1,regime_conditional,0.2,clean,transit_rough,19,9,2,156,162,6,False,False,False,,6
46,steady_m1,regime_conditional,0.2,clean,transit_rough,20,10,1,132,144,12,False,False,False,,12
46,steady_m1,regime_conditional,0.2,clean,transit_rough,21,10,1,36,42,6,False,False,False,,6
46,steady_m1,regime_conditional,0.2,clean,transit_rough,22,11,0,108,120,12,False,False,False,,12
46,steady_m1,regime_conditional,0.2,clean,transit_rough,23,11,0,84,90,6,False,False,False,,6
46,steady_m1,regime_conditional,0.2,observed,warehouse,0,0,2,48,60,12,False,False,False,,12
46,steady_m1,regime_conditional,0.2,observed,warehouse,1,0,1,0,6,6,True,True,False,2.0,2
46,steady_m1,regime_conditional,0.2,observed,warehouse,2,1,1,108,120,12,False,False,False,,12
46,steady_m1,regime_conditional,0.2,observed,warehouse,3,1,1,48,54,6,False,False,False,,6
46,steady_m1,regime_conditional,0.2,observed,warehouse,4,2,1,0,12,12,True,True,False,5.0,5
46,steady_m1,regime_conditional,0.2,observed,warehouse,5,2,0,12,18,6,False,False,False,,6
46,steady_m1,regime_conditional,0.2,observed,warehouse,6,3,0,96,108,12,True,True,False,3.0,3
46,steady_m1,regime_conditional,0.2,observed,warehouse,7,3,1,120,126,6,False,False,False,,6
46,steady_m1,regime_conditional,0.2,observed,transit_smooth,8,4,2,0,12,12,True,True,False,5.0,5
46,steady_m1,regime_conditional,0.2,observed,transit_smooth,9,4,2,48,54,6,False,False,False,,6
46,steady_m1,regime_conditional,0.2,observed,transit_smooth,10,5,1,144,156,12,True,True,False,0.0,0
46,steady_m1,regime_conditional,0.2,observed,transit_smooth,11,5,1,48,54,6,True,True,False,1.0,1
46,steady_m1,regime_conditional,0.2,observed,transit_smooth,12,6,0,132,144,12,False,False,False,,12
46,steady_m1,regime_conditional,0.2,observed,transit_smooth,13,6,2,24,30,6,True,True,False,3.0,3
46,steady_m1,regime_conditional,0.2,observed,transit_smooth,14,7,0,96,108,12,False,False,False,,12
46,steady_m1,regime_conditional,0.2,observed,transit_smooth,15,7,1,84,90,6,True,True,False,4.0,4
46,steady_m1,regime_conditional,0.2,observed,transit_rough,16,8,0,0,12,12,False,False,False,,12
46,steady_m1,regime_conditional,0.2,observed,transit_rough,17,8,2,156,162,6,True,True,False,3.0,3
46,steady_m1,regime_conditional,0.2,observed,transit_rough,18,9,0,24,36,12,False,False,False,,12
46,steady_m1,regime_conditional,0.2,observed,transit_rough,19,9,2,156,162,6,False,False,False,,6
46,steady_m1,regime_conditional,0.2,observed,transit_rough,20,10,1,132,144,12,True,True,False,7.0,7
46,steady_m1,regime_conditional,0.2,observed,transit_rough,21,10,1,36,42,6,True,True,False,1.0,1
46,steady_m1,regime_conditional,0.2,observed,transit_rough,22,11,0,108,120,12,True,True,False,5.0,5
46,steady_m1,regime_conditional,0.2,observed,transit_rough,23,11,0,84,90,6,False,False,False,,6
46,steady_m2_r10_k1,regime_marginal,1.0,clean,warehouse,0,0,2,48,60,12,False,False,False,,12
46,steady_m2_r10_k1,regime_marginal,1.0,clean,warehouse,1,0,1,0,6,6,False,False,False,,6
46,steady_m2_r10_k1,regime_marginal,1.0,clean,warehouse,2,1,1,108,120,12,True,True,False,7.0,7
46,steady_m2_r10_k1,regime_marginal,1.0,clean,warehouse,3,1,1,48,54,6,False,False,True,,6
46,steady_m2_r10_k1,regime_marginal,1.0,clean,warehouse,4,2,1,0,12,12,False,False,False,,12
46,steady_m2_r10_k1,regime_marginal,1.0,clean,warehouse,5,2,0,12,18,6,False,False,False,,6
46,steady_m2_r10_k1,regime_marginal,1.0,clean,warehouse,6,3,0,96,108,12,False,False,False,,12
46,steady_m2_r10_k1,regime_marginal,1.0,clean,warehouse,7,3,1,120,126,6,False,False,False,,6
46,steady_m2_r10_k1,regime_marginal,1.0,clean,transit_smooth,8,4,2,0,12,12,False,False,False,,12
46,steady_m2_r10_k1,regime_marginal,1.0,clean,transit_smooth,9,4,2,48,54,6,False,False,False,,6
46,steady_m2_r10_k1,regime_marginal,1.0,clean,transit_smooth,10,5,1,144,156,12,False,False,False,,12
46,steady_m2_r10_k1,regime_marginal,1.0,clean,transit_smooth,11,5,1,48,54,6,False,False,False,,6
46,steady_m2_r10_k1,regime_marginal,1.0,clean,transit_smooth,12,6,0,132,144,12,False,False,False,,12
46,steady_m2_r10_k1,regime_marginal,1.0,clean,transit_smooth,13,6,2,24,30,6,False,False,False,,6
46,steady_m2_r10_k1,regime_marginal,1.0,clean,transit_smooth,14,7,0,96,108,12,True,True,False,5.0,5
46,steady_m2_r10_k1,regime_marginal,1.0,clean,transit_smooth,15,7,1,84,90,6,False,False,False,,6
46,steady_m2_r10_k1,regime_marginal,1.0,clean,transit_rough,16,8,0,0,12,12,True,True,False,4.0,4
46,steady_m2_r10_k1,regime_marginal,1.0,clean,transit_rough,17,8,2,156,162,6,False,False,False,,6
46,steady_m2_r10_k1,regime_marginal,1.0,clean,transit_rough,18,9,0,24,36,12,False,False,False,,12
46,steady_m2_r10_k1,regime_marginal,1.0,clean,transit_rough,19,9,2,156,162,6,False,False,False,,6
46,steady_m2_r10_k1,regime_marginal,1.0,clean,transit_rough,20,10,1,132,144,12,False,False,False,,12
46,steady_m2_r10_k1,regime_marginal,1.0,clean,transit_rough,21,10,1,36,42,6,False,False,False,,6
46,steady_m2_r10_k1,regime_marginal,1.0,clean,transit_rough,22,11,0,108,120,12,False,False,False,,12
46,steady_m2_r10_k1,regime_marginal,1.0,clean,transit_rough,23,11,0,84,90,6,False,False,False,,6
46,steady_m2_r10_k1,regime_marginal,1.0,observed,warehouse,0,0,2,48,60,12,True,True,False,6.0,6
46,steady_m2_r10_k1,regime_marginal,1.0,observed,warehouse,1,0,1,0,6,6,True,True,False,1.0,1
46,steady_m2_r10_k1,regime_marginal,1.0,observed,warehouse,2,1,1,108,120,12,False,False,False,,12
46,steady_m2_r10_k1,regime_marginal,1.0,observed,warehouse,3,1,1,48,54,6,False,False,True,,6
46,steady_m2_r10_k1,regime_marginal,1.0,observed,warehouse,4,2,1,0,12,12,True,True,False,2.0,2
46,steady_m2_r10_k1,regime_marginal,1.0,observed,warehouse,5,2,0,12,18,6,True,True,False,2.0,2
46,steady_m2_r10_k1,regime_marginal,1.0,observed,warehouse,6,3,0,96,108,12,True,True,False,3.0,3
46,steady_m2_r10_k1,regime_marginal,1.0,observed,warehouse,7,3,1,120,126,6,False,False,False,,6
46,steady_m2_r10_k1,regime_marginal,1.0,observed,transit_smooth,8,4,2,0,12,12,True,True,False,5.0,5
46,steady_m2_r10_k1,regime_marginal,1.0,observed,transit_smooth,9,4,2,48,54,6,False,False,False,,6
46,steady_m2_r10_k1,regime_marginal,1.0,observed,transit_smooth,10,5,1,144,156,12,True,True,False,0.0,0
46,steady_m2_r10_k1,regime_marginal,1.0,observed,transit_smooth,11,5,1,48,54,6,True,True,False,0.0,0
46,steady_m2_r10_k1,regime_marginal,1.0,observed,transit_smooth,12,6,0,132,144,12,True,True,False,1.0,1
46,steady_m2_r10_k1,regime_marginal,1.0,observed,transit_smooth,13,6,2,24,30,6,False,False,False,,6
46,steady_m2_r10_k1,regime_marginal,1.0,observed,transit_smooth,14,7,0,96,108,12,True,True,False,1.0,1
46,steady_m2_r10_k1,regime_marginal,1.0,observed,transit_smooth,15,7,1,84,90,6,True,True,False,1.0,1
46,steady_m2_r10_k1,regime_marginal,1.0,observed,transit_rough,16,8,0,0,12,12,False,False,False,,12
46,steady_m2_r10_k1,regime_marginal,1.0,observed,transit_rough,17,8,2,156,162,6,True,True,False,0.0,0
46,steady_m2_r10_k1,regime_marginal,1.0,observed,transit_rough,18,9,0,24,36,12,True,True,False,1.0,1
46,steady_m2_r10_k1,regime_marginal,1.0,observed,transit_rough,19,9,2,156,162,6,False,False,False,,6
46,steady_m2_r10_k1,regime_marginal,1.0,observed,transit_rough,20,10,1,132,144,12,True,True,False,5.0,5
46,steady_m2_r10_k1,regime_marginal,1.0,observed,transit_rough,21,10,1,36,42,6,True,True,False,0.0,0
46,steady_m2_r10_k1,regime_marginal,1.0,observed,transit_rough,22,11,0,108,120,12,True,True,False,2.0,2
46,steady_m2_r10_k1,regime_marginal,1.0,observed,transit_rough,23,11,0,84,90,6,False,False,False,,6
46,steady_m2_r10_k1,regime_marginal,0.2,clean,warehouse,0,0,2,48,60,12,False,False,False,,12
46,steady_m2_r10_k1,regime_marginal,0.2,clean,warehouse,1,0,1,0,6,6,False,False,False,,6
46,steady_m2_r10_k1,regime_marginal,0.2,clean,warehouse,2,1,1,108,120,12,False,False,False,,12
46,steady_m2_r10_k1,regime_marginal,0.2,clean,warehouse,3,1,1,48,54,6,False,False,False,,6
46,steady_m2_r10_k1,regime_marginal,0.2,clean,warehouse,4,2,1,0,12,12,False,False,False,,12
46,steady_m2_r10_k1,regime_marginal,0.2,clean,warehouse,5,2,0,12,18,6,False,False,False,,6
46,steady_m2_r10_k1,regime_marginal,0.2,clean,warehouse,6,3,0,96,108,12,False,False,False,,12
46,steady_m2_r10_k1,regime_marginal,0.2,clean,warehouse,7,3,1,120,126,6,False,False,False,,6
46,steady_m2_r10_k1,regime_marginal,0.2,clean,transit_smooth,8,4,2,0,12,12,False,False,False,,12
46,steady_m2_r10_k1,regime_marginal,0.2,clean,transit_smooth,9,4,2,48,54,6,False,False,False,,6
46,steady_m2_r10_k1,regime_marginal,0.2,clean,transit_smooth,10,5,1,144,156,12,True,True,False,2.0,2
46,steady_m2_r10_k1,regime_marginal,0.2,clean,transit_smooth,11,5,1,48,54,6,False,False,False,,6
46,steady_m2_r10_k1,regime_marginal,0.2,clean,transit_smooth,12,6,0,132,144,12,False,False,False,,12
46,steady_m2_r10_k1,regime_marginal,0.2,clean,transit_smooth,13,6,2,24,30,6,False,False,False,,6
46,steady_m2_r10_k1,regime_marginal,0.2,clean,transit_smooth,14,7,0,96,108,12,False,False,False,,12
46,steady_m2_r10_k1,regime_marginal,0.2,clean,transit_smooth,15,7,1,84,90,6,False,False,False,,6
46,steady_m2_r10_k1,regime_marginal,0.2,clean,transit_rough,16,8,0,0,12,12,False,False,False,,12
46,steady_m2_r10_k1,regime_marginal,0.2,clean,transit_rough,17,8,2,156,162,6,False,False,False,,6
46,steady_m2_r10_k1,regime_marginal,0.2,clean,transit_rough,18,9,0,24,36,12,False,False,False,,12
46,steady_m2_r10_k1,regime_marginal,0.2,clean,transit_rough,19,9,2,156,162,6,False,False,False,,6
46,steady_m2_r10_k1,regime_marginal,0.2,clean,transit_rough,20,10,1,132,144,12,False,False,False,,12
46,steady_m2_r10_k1,regime_marginal,0.2,clean,transit_rough,21,10,1,36,42,6,False,False,False,,6
46,steady_m2_r10_k1,regime_marginal,0.2,clean,transit_rough,22,11,0,108,120,12,False,False,False,,12
46,steady_m2_r10_k1,regime_marginal,0.2,clean,transit_rough,23,11,0,84,90,6,False,False,False,,6
46,steady_m2_r10_k1,regime_marginal,0.2,observed,warehouse,0,0,2,48,60,12,True,True,False,5.0,5
46,steady_m2_r10_k1,regime_marginal,0.2,observed,warehouse,1,0,1,0,6,6,True,True,False,2.0,2
46,steady_m2_r10_k1,regime_marginal,0.2,observed,warehouse,2,1,1,108,120,12,False,False,False,,12
46,steady_m2_r10_k1,regime_marginal,0.2,observed,warehouse,3,1,1,48,54,6,False,False,False,,6
46,steady_m2_r10_k1,regime_marginal,0.2,observed,warehouse,4,2,1,0,12,12,True,True,False,3.0,3
46,steady_m2_r10_k1,regime_marginal,0.2,observed,warehouse,5,2,0,12,18,6,False,False,False,,6
46,steady_m2_r10_k1,regime_marginal,0.2,observed,warehouse,6,3,0,96,108,12,True,True,False,3.0,3
46,steady_m2_r10_k1,regime_marginal,0.2,observed,warehouse,7,3,1,120,126,6,False,False,False,,6
46,steady_m2_r10_k1,regime_marginal,0.2,observed,transit_smooth,8,4,2,0,12,12,True,True,False,5.0,5
46,steady_m2_r10_k1,regime_marginal,0.2,observed,transit_smooth,9,4,2,48,54,6,True,True,False,5.0,5
46,steady_m2_r10_k1,regime_marginal,0.2,observed,transit_smooth,10,5,1,144,156,12,True,True,False,0.0,0
46,steady_m2_r10_k1,regime_marginal,0.2,observed,transit_smooth,11,5,1,48,54,6,True,True,False,1.0,1
46,steady_m2_r10_k1,regime_marginal,0.2,observed,transit_smooth,12,6,0,132,144,12,True,True,False,8.0,8
46,steady_m2_r10_k1,regime_marginal,0.2,observed,transit_smooth,13,6,2,24,30,6,True,True,False,3.0,3
46,steady_m2_r10_k1,regime_marginal,0.2,observed,transit_smooth,14,7,0,96,108,12,True,True,False,3.0,3
46,steady_m2_r10_k1,regime_marginal,0.2,observed,transit_smooth,15,7,1,84,90,6,True,True,False,3.0,3
46,steady_m2_r10_k1,regime_marginal,0.2,observed,transit_rough,16,8,0,0,12,12,False,False,False,,12
46,steady_m2_r10_k1,regime_marginal,0.2,observed,transit_rough,17,8,2,156,162,6,True,True,False,3.0,3
46,steady_m2_r10_k1,regime_marginal,0.2,observed,transit_rough,18,9,0,24,36,12,True,True,False,5.0,5
46,steady_m2_r10_k1,regime_marginal,0.2,observed,transit_rough,19,9,2,156,162,6,False,False,False,,6
46,steady_m2_r10_k1,regime_marginal,0.2,observed,transit_rough,20,10,1,132,144,12,True,True,False,5.0,5
46,steady_m2_r10_k1,regime_marginal,0.2,observed,transit_rough,21,10,1,36,42,6,True,True,False,4.0,4
46,steady_m2_r10_k1,regime_marginal,0.2,observed,transit_rough,22,11,0,108,120,12,True,True,False,3.0,3
46,steady_m2_r10_k1,regime_marginal,0.2,observed,transit_rough,23,11,0,84,90,6,False,False,False,,6
46,steady_m2_r10_k1,regime_conditional,1.0,clean,warehouse,0,0,2,48,60,12,False,False,False,,12
46,steady_m2_r10_k1,regime_conditional,1.0,clean,warehouse,1,0,1,0,6,6,True,True,False,2.0,2
46,steady_m2_r10_k1,regime_conditional,1.0,clean,warehouse,2,1,1,108,120,12,True,True,False,7.0,7
46,steady_m2_r10_k1,regime_conditional,1.0,clean,warehouse,3,1,1,48,54,6,False,False,True,,6
46,steady_m2_r10_k1,regime_conditional,1.0,clean,warehouse,4,2,1,0,12,12,False,False,False,,12
46,steady_m2_r10_k1,regime_conditional,1.0,clean,warehouse,5,2,0,12,18,6,False,False,False,,6
46,steady_m2_r10_k1,regime_conditional,1.0,clean,warehouse,6,3,0,96,108,12,False,False,False,,12
46,steady_m2_r10_k1,regime_conditional,1.0,clean,warehouse,7,3,1,120,126,6,False,False,False,,6
46,steady_m2_r10_k1,regime_conditional,1.0,clean,transit_smooth,8,4,2,0,12,12,False,False,False,,12
46,steady_m2_r10_k1,regime_conditional,1.0,clean,transit_smooth,9,4,2,48,54,6,False,False,False,,6
46,steady_m2_r10_k1,regime_conditional,1.0,clean,transit_smooth,10,5,1,144,156,12,True,True,False,2.0,2
46,steady_m2_r10_k1,regime_conditional,1.0,clean,transit_smooth,11,5,1,48,54,6,False,False,False,,6
46,steady_m2_r10_k1,regime_conditional,1.0,clean,transit_smooth,12,6,0,132,144,12,False,False,False,,12
46,steady_m2_r10_k1,regime_conditional,1.0,clean,transit_smooth,13,6,2,24,30,6,False,False,False,,6
46,steady_m2_r10_k1,regime_conditional,1.0,clean,transit_smooth,14,7,0,96,108,12,False,False,False,,12
46,steady_m2_r10_k1,regime_conditional,1.0,clean,transit_smooth,15,7,1,84,90,6,False,False,False,,6
46,steady_m2_r10_k1,regime_conditional,1.0,clean,transit_rough,16,8,0,0,12,12,False,False,False,,12
46,steady_m2_r10_k1,regime_conditional,1.0,clean,transit_rough,17,8,2,156,162,6,False,False,False,,6
46,steady_m2_r10_k1,regime_conditional,1.0,clean,transit_rough,18,9,0,24,36,12,False,False,False,,12
46,steady_m2_r10_k1,regime_conditional,1.0,clean,transit_rough,19,9,2,156,162,6,False,False,False,,6
46,steady_m2_r10_k1,regime_conditional,1.0,clean,transit_rough,20,10,1,132,144,12,False,False,False,,12
46,steady_m2_r10_k1,regime_conditional,1.0,clean,transit_rough,21,10,1,36,42,6,False,False,False,,6
46,steady_m2_r10_k1,regime_conditional,1.0,clean,transit_rough,22,11,0,108,120,12,False,False,False,,12
46,steady_m2_r10_k1,regime_conditional,1.0,clean,transit_rough,23,11,0,84,90,6,False,False,False,,6
46,steady_m2_r10_k1,regime_conditional,1.0,observed,warehouse,0,0,2,48,60,12,True,True,False,6.0,6
46,steady_m2_r10_k1,regime_conditional,1.0,observed,warehouse,1,0,1,0,6,6,True,True,False,0.0,0
46,steady_m2_r10_k1,regime_conditional,1.0,observed,warehouse,2,1,1,108,120,12,True,True,False,3.0,3
46,steady_m2_r10_k1,regime_conditional,1.0,observed,warehouse,3,1,1,48,54,6,True,True,True,5.0,5
46,steady_m2_r10_k1,regime_conditional,1.0,observed,warehouse,4,2,1,0,12,12,True,True,False,3.0,3
46,steady_m2_r10_k1,regime_conditional,1.0,observed,warehouse,5,2,0,12,18,6,True,True,False,1.0,1
46,steady_m2_r10_k1,regime_conditional,1.0,observed,warehouse,6,3,0,96,108,12,True,True,False,3.0,3
46,steady_m2_r10_k1,regime_conditional,1.0,observed,warehouse,7,3,1,120,126,6,True,True,False,0.0,0
46,steady_m2_r10_k1,regime_conditional,1.0,observed,transit_smooth,8,4,2,0,12,12,True,True,False,3.0,3
46,steady_m2_r10_k1,regime_conditional,1.0,observed,transit_smooth,9,4,2,48,54,6,True,True,False,2.0,2
46,steady_m2_r10_k1,regime_conditional,1.0,observed,transit_smooth,10,5,1,144,156,12,True,True,False,0.0,0
46,steady_m2_r10_k1,regime_conditional,1.0,observed,transit_smooth,11,5,1,48,54,6,True,True,False,0.0,0
46,steady_m2_r10_k1,regime_conditional,1.0,observed,transit_smooth,12,6,0,132,144,12,True,True,False,1.0,1
46,steady_m2_r10_k1,regime_conditional,1.0,observed,transit_smooth,13,6,2,24,30,6,True,True,False,0.0,0
46,steady_m2_r10_k1,regime_conditional,1.0,observed,transit_smooth,14,7,0,96,108,12,True,True,False,1.0,1
46,steady_m2_r10_k1,regime_conditional,1.0,observed,transit_smooth,15,7,1,84,90,6,True,True,False,0.0,0
46,steady_m2_r10_k1,regime_conditional,1.0,observed,transit_rough,16,8,0,0,12,12,True,True,False,2.0,2
46,steady_m2_r10_k1,regime_conditional,1.0,observed,transit_rough,17,8,2,156,162,6,True,True,False,0.0,0
46,steady_m2_r10_k1,regime_conditional,1.0,observed,transit_rough,18,9,0,24,36,12,True,True,False,1.0,1
46,steady_m2_r10_k1,regime_conditional,1.0,observed,transit_rough,19,9,2,156,162,6,False,False,False,,6
46,steady_m2_r10_k1,regime_conditional,1.0,observed,transit_rough,20,10,1,132,144,12,True,True,False,7.0,7
46,steady_m2_r10_k1,regime_conditional,1.0,observed,transit_rough,21,10,1,36,42,6,True,True,False,0.0,0
46,steady_m2_r10_k1,regime_conditional,1.0,observed,transit_rough,22,11,0,108,120,12,True,True,False,1.0,1
46,steady_m2_r10_k1,regime_conditional,1.0,observed,transit_rough,23,11,0,84,90,6,True,True,False,0.0,0
46,steady_m2_r10_k1,regime_conditional,0.2,clean,warehouse,0,0,2,48,60,12,False,False,False,,12
46,steady_m2_r10_k1,regime_conditional,0.2,clean,warehouse,1,0,1,0,6,6,False,False,False,,6
46,steady_m2_r10_k1,regime_conditional,0.2,clean,warehouse,2,1,1,108,120,12,True,True,False,7.0,7
46,steady_m2_r10_k1,regime_conditional,0.2,clean,warehouse,3,1,1,48,54,6,False,False,False,,6
46,steady_m2_r10_k1,regime_conditional,0.2,clean,warehouse,4,2,1,0,12,12,False,False,False,,12
46,steady_m2_r10_k1,regime_conditional,0.2,clean,warehouse,5,2,0,12,18,6,False,False,False,,6
46,steady_m2_r10_k1,regime_conditional,0.2,clean,warehouse,6,3,0,96,108,12,False,False,False,,12
46,steady_m2_r10_k1,regime_conditional,0.2,clean,warehouse,7,3,1,120,126,6,False,False,False,,6
46,steady_m2_r10_k1,regime_conditional,0.2,clean,transit_smooth,8,4,2,0,12,12,False,False,False,,12
46,steady_m2_r10_k1,regime_conditional,0.2,clean,transit_smooth,9,4,2,48,54,6,False,False,False,,6
46,steady_m2_r10_k1,regime_conditional,0.2,clean,transit_smooth,10,5,1,144,156,12,True,True,False,2.0,2
46,steady_m2_r10_k1,regime_conditional,0.2,clean,transit_smooth,11,5,1,48,54,6,False,False,False,,6
46,steady_m2_r10_k1,regime_conditional,0.2,clean,transit_smooth,12,6,0,132,144,12,False,False,False,,12
46,steady_m2_r10_k1,regime_conditional,0.2,clean,transit_smooth,13,6,2,24,30,6,False,False,False,,6
46,steady_m2_r10_k1,regime_conditional,0.2,clean,transit_smooth,14,7,0,96,108,12,False,False,False,,12
46,steady_m2_r10_k1,regime_conditional,0.2,clean,transit_smooth,15,7,1,84,90,6,False,False,False,,6
46,steady_m2_r10_k1,regime_conditional,0.2,clean,transit_rough,16,8,0,0,12,12,False,False,False,,12
46,steady_m2_r10_k1,regime_conditional,0.2,clean,transit_rough,17,8,2,156,162,6,False,False,False,,6
46,steady_m2_r10_k1,regime_conditional,0.2,clean,transit_rough,18,9,0,24,36,12,False,False,False,,12
46,steady_m2_r10_k1,regime_conditional,0.2,clean,transit_rough,19,9,2,156,162,6,False,False,False,,6
46,steady_m2_r10_k1,regime_conditional,0.2,clean,transit_rough,20,10,1,132,144,12,False,False,False,,12
46,steady_m2_r10_k1,regime_conditional,0.2,clean,transit_rough,21,10,1,36,42,6,False,False,False,,6
46,steady_m2_r10_k1,regime_conditional,0.2,clean,transit_rough,22,11,0,108,120,12,False,False,False,,12
46,steady_m2_r10_k1,regime_conditional,0.2,clean,transit_rough,23,11,0,84,90,6,False,False,False,,6
46,steady_m2_r10_k1,regime_conditional,0.2,observed,warehouse,0,0,2,48,60,12,True,True,False,3.0,3
46,steady_m2_r10_k1,regime_conditional,0.2,observed,warehouse,1,0,1,0,6,6,True,True,False,1.0,1
46,steady_m2_r10_k1,regime_conditional,0.2,observed,warehouse,2,1,1,108,120,12,True,True,False,3.0,3
46,steady_m2_r10_k1,regime_conditional,0.2,observed,warehouse,3,1,1,48,54,6,True,True,False,5.0,5
46,steady_m2_r10_k1,regime_conditional,0.2,observed,warehouse,4,2,1,0,12,12,True,True,False,3.0,3
46,steady_m2_r10_k1,regime_conditional,0.2,observed,warehouse,5,2,0,12,18,6,True,True,False,3.0,3
46,steady_m2_r10_k1,regime_conditional,0.2,observed,warehouse,6,3,0,96,108,12,True,True,False,2.0,2
46,steady_m2_r10_k1,regime_conditional,0.2,observed,warehouse,7,3,1,120,126,6,True,True,False,3.0,3
46,steady_m2_r10_k1,regime_conditional,0.2,observed,transit_smooth,8,4,2,0,12,12,True,True,False,3.0,3
46,steady_m2_r10_k1,regime_conditional,0.2,observed,transit_smooth,9,4,2,48,54,6,True,True,False,3.0,3
46,steady_m2_r10_k1,regime_conditional,0.2,observed,transit_smooth,10,5,1,144,156,12,True,True,False,0.0,0
46,steady_m2_r10_k1,regime_conditional,0.2,observed,transit_smooth,11,5,1,48,54,6,True,True,False,0.0,0
46,steady_m2_r10_k1,regime_conditional,0.2,observed,transit_smooth,12,6,0,132,144,12,True,True,False,3.0,3
46,steady_m2_r10_k1,regime_conditional,0.2,observed,transit_smooth,13,6,2,24,30,6,True,True,False,0.0,0
46,steady_m2_r10_k1,regime_conditional,0.2,observed,transit_smooth,14,7,0,96,108,12,True,True,False,3.0,3
46,steady_m2_r10_k1,regime_conditional,0.2,observed,transit_smooth,15,7,1,84,90,6,True,True,False,2.0,2
46,steady_m2_r10_k1,regime_conditional,0.2,observed,transit_rough,16,8,0,0,12,12,True,True,False,9.0,9
46,steady_m2_r10_k1,regime_conditional,0.2,observed,transit_rough,17,8,2,156,162,6,True,True,False,1.0,1
46,steady_m2_r10_k1,regime_conditional,0.2,observed,transit_rough,18,9,0,24,36,12,True,True,False,1.0,1
46,steady_m2_r10_k1,regime_conditional,0.2,observed,transit_rough,19,9,2,156,162,6,True,True,False,5.0,5
46,steady_m2_r10_k1,regime_conditional,0.2,observed,transit_rough,20,10,1,132,144,12,True,True,False,3.0,3
46,steady_m2_r10_k1,regime_conditional,0.2,observed,transit_rough,21,10,1,36,42,6,True,True,False,1.0,1
46,steady_m2_r10_k1,regime_conditional,0.2,observed,transit_rough,22,11,0,108,120,12,True,True,False,2.0,2
46,steady_m2_r10_k1,regime_conditional,0.2,observed,transit_rough,23,11,0,84,90,6,True,True,False,4.0,4
46,steady_m4,regime_marginal,1.0,clean,warehouse,0,0,2,48,60,12,False,False,False,,12
46,steady_m4,regime_marginal,1.0,clean,warehouse,1,0,1,0,6,6,False,False,False,,6
46,steady_m4,regime_marginal,1.0,clean,warehouse,2,1,1,108,120,12,True,True,False,7.0,7
46,steady_m4,regime_marginal,1.0,clean,warehouse,3,1,1,48,54,6,False,False,True,,6
46,steady_m4,regime_marginal,1.0,clean,warehouse,4,2,1,0,12,12,False,False,False,,12
46,steady_m4,regime_marginal,1.0,clean,warehouse,5,2,0,12,18,6,False,False,False,,6
46,steady_m4,regime_marginal,1.0,clean,warehouse,6,3,0,96,108,12,False,False,False,,12
46,steady_m4,regime_marginal,1.0,clean,warehouse,7,3,1,120,126,6,False,False,False,,6
46,steady_m4,regime_marginal,1.0,clean,transit_smooth,8,4,2,0,12,12,False,False,False,,12
46,steady_m4,regime_marginal,1.0,clean,transit_smooth,9,4,2,48,54,6,False,False,False,,6
46,steady_m4,regime_marginal,1.0,clean,transit_smooth,10,5,1,144,156,12,False,False,False,,12
46,steady_m4,regime_marginal,1.0,clean,transit_smooth,11,5,1,48,54,6,False,False,False,,6
46,steady_m4,regime_marginal,1.0,clean,transit_smooth,12,6,0,132,144,12,False,False,False,,12
46,steady_m4,regime_marginal,1.0,clean,transit_smooth,13,6,2,24,30,6,False,False,False,,6
46,steady_m4,regime_marginal,1.0,clean,transit_smooth,14,7,0,96,108,12,True,True,False,5.0,5
46,steady_m4,regime_marginal,1.0,clean,transit_smooth,15,7,1,84,90,6,False,False,False,,6
46,steady_m4,regime_marginal,1.0,clean,transit_rough,16,8,0,0,12,12,True,True,False,4.0,4
46,steady_m4,regime_marginal,1.0,clean,transit_rough,17,8,2,156,162,6,False,False,False,,6
46,steady_m4,regime_marginal,1.0,clean,transit_rough,18,9,0,24,36,12,False,False,False,,12
46,steady_m4,regime_marginal,1.0,clean,transit_rough,19,9,2,156,162,6,False,False,False,,6
46,steady_m4,regime_marginal,1.0,clean,transit_rough,20,10,1,132,144,12,False,False,False,,12
46,steady_m4,regime_marginal,1.0,clean,transit_rough,21,10,1,36,42,6,False,False,False,,6
46,steady_m4,regime_marginal,1.0,clean,transit_rough,22,11,0,108,120,12,False,False,False,,12
46,steady_m4,regime_marginal,1.0,clean,transit_rough,23,11,0,84,90,6,False,False,False,,6
46,steady_m4,regime_marginal,1.0,observed,warehouse,0,0,2,48,60,12,True,True,False,1.0,1
46,steady_m4,regime_marginal,1.0,observed,warehouse,1,0,1,0,6,6,True,True,False,0.0,0
46,steady_m4,regime_marginal,1.0,observed,warehouse,2,1,1,108,120,12,True,True,False,1.0,1
46,steady_m4,regime_marginal,1.0,observed,warehouse,3,1,1,48,54,6,True,False,True,,6
46,steady_m4,regime_marginal,1.0,observed,warehouse,4,2,1,0,12,12,True,True,False,0.0,0
46,steady_m4,regime_marginal,1.0,observed,warehouse,5,2,0,12,18,6,True,True,False,0.0,0
46,steady_m4,regime_marginal,1.0,observed,warehouse,6,3,0,96,108,12,True,True,False,0.0,0
46,steady_m4,regime_marginal,1.0,observed,warehouse,7,3,1,120,126,6,True,True,False,0.0,0
46,steady_m4,regime_marginal,1.0,observed,transit_smooth,8,4,2,0,12,12,True,True,False,0.0,0
46,steady_m4,regime_marginal,1.0,observed,transit_smooth,9,4,2,48,54,6,True,True,False,0.0,0
46,steady_m4,regime_marginal,1.0,observed,transit_smooth,10,5,1,144,156,12,True,True,False,0.0,0
46,steady_m4,regime_marginal,1.0,observed,transit_smooth,11,5,1,48,54,6,True,True,False,0.0,0
46,steady_m4,regime_marginal,1.0,observed,transit_smooth,12,6,0,132,144,12,True,True,False,0.0,0
46,steady_m4,regime_marginal,1.0,observed,transit_smooth,13,6,2,24,30,6,True,True,False,0.0,0
46,steady_m4,regime_marginal,1.0,observed,transit_smooth,14,7,0,96,108,12,True,True,False,0.0,0
46,steady_m4,regime_marginal,1.0,observed,transit_smooth,15,7,1,84,90,6,True,True,False,0.0,0
46,steady_m4,regime_marginal,1.0,observed,transit_rough,16,8,0,0,12,12,True,True,False,2.0,2
46,steady_m4,regime_marginal,1.0,observed,transit_rough,17,8,2,156,162,6,True,True,False,0.0,0
46,steady_m4,regime_marginal,1.0,observed,transit_rough,18,9,0,24,36,12,True,True,False,0.0,0
46,steady_m4,regime_marginal,1.0,observed,transit_rough,19,9,2,156,162,6,True,True,False,0.0,0
46,steady_m4,regime_marginal,1.0,observed,transit_rough,20,10,1,132,144,12,True,True,False,0.0,0
46,steady_m4,regime_marginal,1.0,observed,transit_rough,21,10,1,36,42,6,True,True,False,0.0,0
46,steady_m4,regime_marginal,1.0,observed,transit_rough,22,11,0,108,120,12,True,True,False,0.0,0
46,steady_m4,regime_marginal,1.0,observed,transit_rough,23,11,0,84,90,6,True,True,False,0.0,0
46,steady_m4,regime_marginal,0.2,clean,warehouse,0,0,2,48,60,12,False,False,False,,12
46,steady_m4,regime_marginal,0.2,clean,warehouse,1,0,1,0,6,6,False,False,False,,6
46,steady_m4,regime_marginal,0.2,clean,warehouse,2,1,1,108,120,12,False,False,False,,12
46,steady_m4,regime_marginal,0.2,clean,warehouse,3,1,1,48,54,6,False,False,False,,6
46,steady_m4,regime_marginal,0.2,clean,warehouse,4,2,1,0,12,12,False,False,False,,12
46,steady_m4,regime_marginal,0.2,clean,warehouse,5,2,0,12,18,6,False,False,False,,6
46,steady_m4,regime_marginal,0.2,clean,warehouse,6,3,0,96,108,12,False,False,False,,12
46,steady_m4,regime_marginal,0.2,clean,warehouse,7,3,1,120,126,6,False,False,False,,6
46,steady_m4,regime_marginal,0.2,clean,transit_smooth,8,4,2,0,12,12,False,False,False,,12
46,steady_m4,regime_marginal,0.2,clean,transit_smooth,9,4,2,48,54,6,False,False,False,,6
46,steady_m4,regime_marginal,0.2,clean,transit_smooth,10,5,1,144,156,12,True,True,False,2.0,2
46,steady_m4,regime_marginal,0.2,clean,transit_smooth,11,5,1,48,54,6,False,False,False,,6
46,steady_m4,regime_marginal,0.2,clean,transit_smooth,12,6,0,132,144,12,False,False,False,,12
46,steady_m4,regime_marginal,0.2,clean,transit_smooth,13,6,2,24,30,6,False,False,False,,6
46,steady_m4,regime_marginal,0.2,clean,transit_smooth,14,7,0,96,108,12,False,False,False,,12
46,steady_m4,regime_marginal,0.2,clean,transit_smooth,15,7,1,84,90,6,False,False,False,,6
46,steady_m4,regime_marginal,0.2,clean,transit_rough,16,8,0,0,12,12,False,False,False,,12
46,steady_m4,regime_marginal,0.2,clean,transit_rough,17,8,2,156,162,6,False,False,False,,6
46,steady_m4,regime_marginal,0.2,clean,transit_rough,18,9,0,24,36,12,False,False,False,,12
46,steady_m4,regime_marginal,0.2,clean,transit_rough,19,9,2,156,162,6,False,False,False,,6
46,steady_m4,regime_marginal,0.2,clean,transit_rough,20,10,1,132,144,12,False,False,False,,12
46,steady_m4,regime_marginal,0.2,clean,transit_rough,21,10,1,36,42,6,False,False,False,,6
46,steady_m4,regime_marginal,0.2,clean,transit_rough,22,11,0,108,120,12,False,False,False,,12
46,steady_m4,regime_marginal,0.2,clean,transit_rough,23,11,0,84,90,6,False,False,False,,6
46,steady_m4,regime_marginal,0.2,observed,warehouse,0,0,2,48,60,12,True,True,False,2.0,2
46,steady_m4,regime_marginal,0.2,observed,warehouse,1,0,1,0,6,6,True,True,False,1.0,1
46,steady_m4,regime_marginal,0.2,observed,warehouse,2,1,1,108,120,12,True,True,False,3.0,3
46,steady_m4,regime_marginal,0.2,observed,warehouse,3,1,1,48,54,6,True,True,False,2.0,2
46,steady_m4,regime_marginal,0.2,observed,warehouse,4,2,1,0,12,12,True,True,False,1.0,1
46,steady_m4,regime_marginal,0.2,observed,warehouse,5,2,0,12,18,6,True,True,False,2.0,2
46,steady_m4,regime_marginal,0.2,observed,warehouse,6,3,0,96,108,12,True,True,False,1.0,1
46,steady_m4,regime_marginal,0.2,observed,warehouse,7,3,1,120,126,6,True,True,False,3.0,3
46,steady_m4,regime_marginal,0.2,observed,transit_smooth,8,4,2,0,12,12,True,True,False,2.0,2
46,steady_m4,regime_marginal,0.2,observed,transit_smooth,9,4,2,48,54,6,True,True,False,2.0,2
46,steady_m4,regime_marginal,0.2,observed,transit_smooth,10,5,1,144,156,12,True,True,False,0.0,0
46,steady_m4,regime_marginal,0.2,observed,transit_smooth,11,5,1,48,54,6,True,True,False,0.0,0
46,steady_m4,regime_marginal,0.2,observed,transit_smooth,12,6,0,132,144,12,True,True,False,2.0,2
46,steady_m4,regime_marginal,0.2,observed,transit_smooth,13,6,2,24,30,6,True,True,False,1.0,1
46,steady_m4,regime_marginal,0.2,observed,transit_smooth,14,7,0,96,108,12,True,True,False,1.0,1
46,steady_m4,regime_marginal,0.2,observed,transit_smooth,15,7,1,84,90,6,True,True,False,1.0,1
46,steady_m4,regime_marginal,0.2,observed,transit_rough,16,8,0,0,12,12,True,True,False,6.0,6
46,steady_m4,regime_marginal,0.2,observed,transit_rough,17,8,2,156,162,6,True,True,False,1.0,1
46,steady_m4,regime_marginal,0.2,observed,transit_rough,18,9,0,24,36,12,True,True,False,1.0,1
46,steady_m4,regime_marginal,0.2,observed,transit_rough,19,9,2,156,162,6,True,True,False,2.0,2
46,steady_m4,regime_marginal,0.2,observed,transit_rough,20,10,1,132,144,12,True,True,False,1.0,1
46,steady_m4,regime_marginal,0.2,observed,transit_rough,21,10,1,36,42,6,True,True,False,1.0,1
46,steady_m4,regime_marginal,0.2,observed,transit_rough,22,11,0,108,120,12,True,True,False,2.0,2
46,steady_m4,regime_marginal,0.2,observed,transit_rough,23,11,0,84,90,6,True,True,False,3.0,3
46,steady_m4,regime_conditional,1.0,clean,warehouse,0,0,2,48,60,12,False,False,False,,12
46,steady_m4,regime_conditional,1.0,clean,warehouse,1,0,1,0,6,6,True,True,False,2.0,2
46,steady_m4,regime_conditional,1.0,clean,warehouse,2,1,1,108,120,12,True,True,False,7.0,7
46,steady_m4,regime_conditional,1.0,clean,warehouse,3,1,1,48,54,6,False,False,True,,6
46,steady_m4,regime_conditional,1.0,clean,warehouse,4,2,1,0,12,12,False,False,False,,12
46,steady_m4,regime_conditional,1.0,clean,warehouse,5,2,0,12,18,6,False,False,False,,6
46,steady_m4,regime_conditional,1.0,clean,warehouse,6,3,0,96,108,12,False,False,False,,12
46,steady_m4,regime_conditional,1.0,clean,warehouse,7,3,1,120,126,6,False,False,False,,6
46,steady_m4,regime_conditional,1.0,clean,transit_smooth,8,4,2,0,12,12,False,False,False,,12
46,steady_m4,regime_conditional,1.0,clean,transit_smooth,9,4,2,48,54,6,False,False,False,,6
46,steady_m4,regime_conditional,1.0,clean,transit_smooth,10,5,1,144,156,12,True,True,False,2.0,2
46,steady_m4,regime_conditional,1.0,clean,transit_smooth,11,5,1,48,54,6,False,False,False,,6
46,steady_m4,regime_conditional,1.0,clean,transit_smooth,12,6,0,132,144,12,False,False,False,,12
46,steady_m4,regime_conditional,1.0,clean,transit_smooth,13,6,2,24,30,6,False,False,False,,6
46,steady_m4,regime_conditional,1.0,clean,transit_smooth,14,7,0,96,108,12,False,False,False,,12
46,steady_m4,regime_conditional,1.0,clean,transit_smooth,15,7,1,84,90,6,False,False,False,,6
46,steady_m4,regime_conditional,1.0,clean,transit_rough,16,8,0,0,12,12,False,False,False,,12
46,steady_m4,regime_conditional,1.0,clean,transit_rough,17,8,2,156,162,6,False,False,False,,6
46,steady_m4,regime_conditional,1.0,clean,transit_rough,18,9,0,24,36,12,False,False,False,,12
46,steady_m4,regime_conditional,1.0,clean,transit_rough,19,9,2,156,162,6,False,False,False,,6
46,steady_m4,regime_conditional,1.0,clean,transit_rough,20,10,1,132,144,12,False,False,False,,12
46,steady_m4,regime_conditional,1.0,clean,transit_rough,21,10,1,36,42,6,False,False,False,,6
46,steady_m4,regime_conditional,1.0,clean,transit_rough,22,11,0,108,120,12,False,False,False,,12
46,steady_m4,regime_conditional,1.0,clean,transit_rough,23,11,0,84,90,6,False,False,False,,6
46,steady_m4,regime_conditional,1.0,observed,warehouse,0,0,2,48,60,12,True,True,False,0.0,0
46,steady_m4,regime_conditional,1.0,observed,warehouse,1,0,1,0,6,6,True,True,False,0.0,0
46,steady_m4,regime_conditional,1.0,observed,warehouse,2,1,1,108,120,12,True,True,False,0.0,0
46,steady_m4,regime_conditional,1.0,observed,warehouse,3,1,1,48,54,6,True,False,True,,6
46,steady_m4,regime_conditional,1.0,observed,warehouse,4,2,1,0,12,12,True,True,False,0.0,0
46,steady_m4,regime_conditional,1.0,observed,warehouse,5,2,0,12,18,6,True,True,False,0.0,0
46,steady_m4,regime_conditional,1.0,observed,warehouse,6,3,0,96,108,12,True,True,False,0.0,0
46,steady_m4,regime_conditional,1.0,observed,warehouse,7,3,1,120,126,6,True,True,False,0.0,0
46,steady_m4,regime_conditional,1.0,observed,transit_smooth,8,4,2,0,12,12,True,True,False,0.0,0
46,steady_m4,regime_conditional,1.0,observed,transit_smooth,9,4,2,48,54,6,True,True,False,0.0,0
46,steady_m4,regime_conditional,1.0,observed,transit_smooth,10,5,1,144,156,12,True,True,False,0.0,0
46,steady_m4,regime_conditional,1.0,observed,transit_smooth,11,5,1,48,54,6,True,True,False,0.0,0
46,steady_m4,regime_conditional,1.0,observed,transit_smooth,12,6,0,132,144,12,True,True,False,0.0,0
46,steady_m4,regime_conditional,1.0,observed,transit_smooth,13,6,2,24,30,6,True,True,False,0.0,0
46,steady_m4,regime_conditional,1.0,observed,transit_smooth,14,7,0,96,108,12,True,True,False,0.0,0
46,steady_m4,regime_conditional,1.0,observed,transit_smooth,15,7,1,84,90,6,True,True,False,0.0,0
46,steady_m4,regime_conditional,1.0,observed,transit_rough,16,8,0,0,12,12,True,True,False,0.0,0
46,steady_m4,regime_conditional,1.0,observed,transit_rough,17,8,2,156,162,6,True,True,False,0.0,0
46,steady_m4,regime_conditional,1.0,observed,transit_rough,18,9,0,24,36,12,True,True,False,0.0,0
46,steady_m4,regime_conditional,1.0,observed,transit_rough,19,9,2,156,162,6,True,True,False,0.0,0
46,steady_m4,regime_conditional,1.0,observed,transit_rough,20,10,1,132,144,12,True,True,False,0.0,0
46,steady_m4,regime_conditional,1.0,observed,transit_rough,21,10,1,36,42,6,True,True,False,0.0,0
46,steady_m4,regime_conditional,1.0,observed,transit_rough,22,11,0,108,120,12,True,True,False,0.0,0
46,steady_m4,regime_conditional,1.0,observed,transit_rough,23,11,0,84,90,6,True,True,False,0.0,0
46,steady_m4,regime_conditional,0.2,clean,warehouse,0,0,2,48,60,12,False,False,False,,12
46,steady_m4,regime_conditional,0.2,clean,warehouse,1,0,1,0,6,6,False,False,False,,6
46,steady_m4,regime_conditional,0.2,clean,warehouse,2,1,1,108,120,12,True,True,False,7.0,7
46,steady_m4,regime_conditional,0.2,clean,warehouse,3,1,1,48,54,6,False,False,False,,6
46,steady_m4,regime_conditional,0.2,clean,warehouse,4,2,1,0,12,12,False,False,False,,12
46,steady_m4,regime_conditional,0.2,clean,warehouse,5,2,0,12,18,6,False,False,False,,6
46,steady_m4,regime_conditional,0.2,clean,warehouse,6,3,0,96,108,12,False,False,False,,12
46,steady_m4,regime_conditional,0.2,clean,warehouse,7,3,1,120,126,6,False,False,False,,6
46,steady_m4,regime_conditional,0.2,clean,transit_smooth,8,4,2,0,12,12,False,False,False,,12
46,steady_m4,regime_conditional,0.2,clean,transit_smooth,9,4,2,48,54,6,False,False,False,,6
46,steady_m4,regime_conditional,0.2,clean,transit_smooth,10,5,1,144,156,12,True,True,False,2.0,2
46,steady_m4,regime_conditional,0.2,clean,transit_smooth,11,5,1,48,54,6,False,False,False,,6
46,steady_m4,regime_conditional,0.2,clean,transit_smooth,12,6,0,132,144,12,False,False,False,,12
46,steady_m4,regime_conditional,0.2,clean,transit_smooth,13,6,2,24,30,6,False,False,False,,6
46,steady_m4,regime_conditional,0.2,clean,transit_smooth,14,7,0,96,108,12,False,False,False,,12
46,steady_m4,regime_conditional,0.2,clean,transit_smooth,15,7,1,84,90,6,False,False,False,,6
46,steady_m4,regime_conditional,0.2,clean,transit_rough,16,8,0,0,12,12,False,False,False,,12
46,steady_m4,regime_conditional,0.2,clean,transit_rough,17,8,2,156,162,6,False,False,False,,6
46,steady_m4,regime_conditional,0.2,clean,transit_rough,18,9,0,24,36,12,False,False,False,,12
46,steady_m4,regime_conditional,0.2,clean,transit_rough,19,9,2,156,162,6,False,False,False,,6
46,steady_m4,regime_conditional,0.2,clean,transit_rough,20,10,1,132,144,12,False,False,False,,12
46,steady_m4,regime_conditional,0.2,clean,transit_rough,21,10,1,36,42,6,False,False,False,,6
46,steady_m4,regime_conditional,0.2,clean,transit_rough,22,11,0,108,120,12,False,False,False,,12
46,steady_m4,regime_conditional,0.2,clean,transit_rough,23,11,0,84,90,6,False,False,False,,6
46,steady_m4,regime_conditional,0.2,observed,warehouse,0,0,2,48,60,12,True,True,False,1.0,1
46,steady_m4,regime_conditional,0.2,observed,warehouse,1,0,1,0,6,6,True,True,False,0.0,0
46,steady_m4,regime_conditional,0.2,observed,warehouse,2,1,1,108,120,12,True,True,False,1.0,1
46,steady_m4,regime_conditional,0.2,observed,warehouse,3,1,1,48,54,6,True,True,False,1.0,1
46,steady_m4,regime_conditional,0.2,observed,warehouse,4,2,1,0,12,12,True,True,False,1.0,1
46,steady_m4,regime_conditional,0.2,observed,warehouse,5,2,0,12,18,6,True,True,True,2.0,2
46,steady_m4,regime_conditional,0.2,observed,warehouse,6,3,0,96,108,12,True,True,False,0.0,0
46,steady_m4,regime_conditional,0.2,observed,warehouse,7,3,1,120,126,6,True,True,False,1.0,1
46,steady_m4,regime_conditional,0.2,observed,transit_smooth,8,4,2,0,12,12,True,True,False,1.0,1
46,steady_m4,regime_conditional,0.2,observed,transit_smooth,9,4,2,48,54,6,True,True,False,0.0,0
46,steady_m4,regime_conditional,0.2,observed,transit_smooth,10,5,1,144,156,12,True,True,False,0.0,0
46,steady_m4,regime_conditional,0.2,observed,transit_smooth,11,5,1,48,54,6,True,True,False,0.0,0
46,steady_m4,regime_conditional,0.2,observed,transit_smooth,12,6,0,132,144,12,True,True,False,1.0,1
46,steady_m4,regime_conditional,0.2,observed,transit_smooth,13,6,2,24,30,6,True,True,False,0.0,0
46,steady_m4,regime_conditional,0.2,observed,transit_smooth,14,7,0,96,108,12,True,True,False,1.0,1
46,steady_m4,regime_conditional,0.2,observed,transit_smooth,15,7,1,84,90,6,True,True,False,1.0,1
46,steady_m4,regime_conditional,0.2,observed,transit_rough,16,8,0,0,12,12,True,True,False,2.0,2
46,steady_m4,regime_conditional,0.2,observed,transit_rough,17,8,2,156,162,6,True,True,False,0.0,0
46,steady_m4,regime_conditional,0.2,observed,transit_rough,18,9,0,24,36,12,True,True,False,1.0,1
46,steady_m4,regime_conditional,0.2,observed,transit_rough,19,9,2,156,162,6,True,True,False,1.0,1
46,steady_m4,regime_conditional,0.2,observed,transit_rough,20,10,1,132,144,12,True,True,False,1.0,1
46,steady_m4,regime_conditional,0.2,observed,transit_rough,21,10,1,36,42,6,True,True,False,0.0,0
46,steady_m4,regime_conditional,0.2,observed,transit_rough,22,11,0,108,120,12,True,True,False,1.0,1
46,steady_m4,regime_conditional,0.2,observed,transit_rough,23,11,0,84,90,6,True,True,False,2.0,2
46,steady_r02,regime_marginal,1.0,clean,warehouse,0,0,2,48,52,4,False,False,False,,4
46,steady_r02,regime_marginal,1.0,clean,warehouse,1,1,1,108,112,4,False,False,False,,4
46,steady_r02,regime_marginal,1.0,clean,warehouse,2,2,1,0,4,4,False,False,False,,4
46,steady_r02,regime_marginal,1.0,clean,warehouse,3,3,0,96,100,4,False,False,False,,4
46,steady_r02,regime_marginal,1.0,clean,transit_smooth,4,4,2,0,4,4,False,False,False,,4
46,steady_r02,regime_marginal,1.0,clean,transit_smooth,5,5,1,144,148,4,False,False,False,,4
46,steady_r02,regime_marginal,1.0,clean,transit_smooth,6,6,0,132,136,4,False,False,False,,4
46,steady_r02,regime_marginal,1.0,clean,transit_smooth,7,7,0,96,100,4,False,False,False,,4
46,steady_r02,regime_marginal,1.0,clean,transit_rough,8,8,0,0,4,4,False,False,False,,4
46,steady_r02,regime_marginal,1.0,clean,transit_rough,9,9,0,24,28,4,False,False,False,,4
46,steady_r02,regime_marginal,1.0,clean,transit_rough,10,10,1,132,136,4,False,False,False,,4
46,steady_r02,regime_marginal,1.0,clean,transit_rough,11,11,0,108,112,4,False,False,False,,4
46,steady_r02,regime_marginal,1.0,observed,warehouse,0,0,2,48,52,4,False,False,False,,4
46,steady_r02,regime_marginal,1.0,observed,warehouse,1,1,1,108,112,4,False,False,False,,4
46,steady_r02,regime_marginal,1.0,observed,warehouse,2,2,1,0,4,4,True,True,False,2.0,2
46,steady_r02,regime_marginal,1.0,observed,warehouse,3,3,0,96,100,4,True,True,False,3.0,3
46,steady_r02,regime_marginal,1.0,observed,transit_smooth,4,4,2,0,4,4,False,False,False,,4
46,steady_r02,regime_marginal,1.0,observed,transit_smooth,5,5,1,144,148,4,True,True,False,0.0,0
46,steady_r02,regime_marginal,1.0,observed,transit_smooth,6,6,0,132,136,4,True,True,False,1.0,1
46,steady_r02,regime_marginal,1.0,observed,transit_smooth,7,7,0,96,100,4,True,True,False,1.0,1
46,steady_r02,regime_marginal,1.0,observed,transit_rough,8,8,0,0,4,4,False,False,False,,4
46,steady_r02,regime_marginal,1.0,observed,transit_rough,9,9,0,24,28,4,True,True,False,1.0,1
46,steady_r02,regime_marginal,1.0,observed,transit_rough,10,10,1,132,136,4,False,False,False,,4
46,steady_r02,regime_marginal,1.0,observed,transit_rough,11,11,0,108,112,4,True,True,False,2.0,2
46,steady_r02,regime_marginal,0.2,clean,warehouse,0,0,2,48,52,4,False,False,False,,4
46,steady_r02,regime_marginal,0.2,clean,warehouse,1,1,1,108,112,4,False,False,False,,4
46,steady_r02,regime_marginal,0.2,clean,warehouse,2,2,1,0,4,4,False,False,False,,4
46,steady_r02,regime_marginal,0.2,clean,warehouse,3,3,0,96,100,4,False,False,False,,4
46,steady_r02,regime_marginal,0.2,clean,transit_smooth,4,4,2,0,4,4,False,False,False,,4
46,steady_r02,regime_marginal,0.2,clean,transit_smooth,5,5,1,144,148,4,True,True,False,2.0,2
46,steady_r02,regime_marginal,0.2,clean,transit_smooth,6,6,0,132,136,4,False,False,False,,4
46,steady_r02,regime_marginal,0.2,clean,transit_smooth,7,7,0,96,100,4,False,False,False,,4
46,steady_r02,regime_marginal,0.2,clean,transit_rough,8,8,0,0,4,4,False,False,False,,4
46,steady_r02,regime_marginal,0.2,clean,transit_rough,9,9,0,24,28,4,False,False,False,,4
46,steady_r02,regime_marginal,0.2,clean,transit_rough,10,10,1,132,136,4,False,False,False,,4
46,steady_r02,regime_marginal,0.2,clean,transit_rough,11,11,0,108,112,4,False,False,False,,4
46,steady_r02,regime_marginal,0.2,observed,warehouse,0,0,2,48,52,4,False,False,False,,4
46,steady_r02,regime_marginal,0.2,observed,warehouse,1,1,1,108,112,4,False,False,False,,4
46,steady_r02,regime_marginal,0.2,observed,warehouse,2,2,1,0,4,4,True,True,False,3.0,3
46,steady_r02,regime_marginal,0.2,observed,warehouse,3,3,0,96,100,4,True,True,False,3.0,3
46,steady_r02,regime_marginal,0.2,observed,transit_smooth,4,4,2,0,4,4,False,False,False,,4
46,steady_r02,regime_marginal,0.2,observed,transit_smooth,5,5,1,144,148,4,True,True,False,0.0,0
46,steady_r02,regime_marginal,0.2,observed,transit_smooth,6,6,0,132,136,4,False,False,False,,4
46,steady_r02,regime_marginal,0.2,observed,transit_smooth,7,7,0,96,100,4,True,True,False,3.0,3
46,steady_r02,regime_marginal,0.2,observed,transit_rough,8,8,0,0,4,4,False,False,False,,4
46,steady_r02,regime_marginal,0.2,observed,transit_rough,9,9,0,24,28,4,False,False,False,,4
46,steady_r02,regime_marginal,0.2,observed,transit_rough,10,10,1,132,136,4,False,False,False,,4
46,steady_r02,regime_marginal,0.2,observed,transit_rough,11,11,0,108,112,4,True,True,False,3.0,3
46,steady_r02,regime_conditional,1.0,clean,warehouse,0,0,2,48,52,4,False,False,False,,4
46,steady_r02,regime_conditional,1.0,clean,warehouse,1,1,1,108,112,4,False,False,False,,4
46,steady_r02,regime_conditional,1.0,clean,warehouse,2,2,1,0,4,4,False,False,False,,4
46,steady_r02,regime_conditional,1.0,clean,warehouse,3,3,0,96,100,4,False,False,False,,4
46,steady_r02,regime_conditional,1.0,clean,transit_smooth,4,4,2,0,4,4,False,False,False,,4
46,steady_r02,regime_conditional,1.0,clean,transit_smooth,5,5,1,144,148,4,True,True,False,2.0,2
46,steady_r02,regime_conditional,1.0,clean,transit_smooth,6,6,0,132,136,4,False,False,False,,4
46,steady_r02,regime_conditional,1.0,clean,transit_smooth,7,7,0,96,100,4,False,False,False,,4
46,steady_r02,regime_conditional,1.0,clean,transit_rough,8,8,0,0,4,4,False,False,False,,4
46,steady_r02,regime_conditional,1.0,clean,transit_rough,9,9,0,24,28,4,False,False,False,,4
46,steady_r02,regime_conditional,1.0,clean,transit_rough,10,10,1,132,136,4,False,False,False,,4
46,steady_r02,regime_conditional,1.0,clean,transit_rough,11,11,0,108,112,4,False,False,False,,4
46,steady_r02,regime_conditional,1.0,observed,warehouse,0,0,2,48,52,4,False,False,False,,4
46,steady_r02,regime_conditional,1.0,observed,warehouse,1,1,1,108,112,4,True,True,False,3.0,3
46,steady_r02,regime_conditional,1.0,observed,warehouse,2,2,1,0,4,4,True,True,False,3.0,3
46,steady_r02,regime_conditional,1.0,observed,warehouse,3,3,0,96,100,4,True,True,False,3.0,3
46,steady_r02,regime_conditional,1.0,observed,transit_smooth,4,4,2,0,4,4,True,True,False,3.0,3
46,steady_r02,regime_conditional,1.0,observed,transit_smooth,5,5,1,144,148,4,True,True,False,0.0,0
46,steady_r02,regime_conditional,1.0,observed,transit_smooth,6,6,0,132,136,4,True,True,False,1.0,1
46,steady_r02,regime_conditional,1.0,observed,transit_smooth,7,7,0,96,100,4,True,True,False,1.0,1
46,steady_r02,regime_conditional,1.0,observed,transit_rough,8,8,0,0,4,4,True,True,False,2.0,2
46,steady_r02,regime_conditional,1.0,observed,transit_rough,9,9,0,24,28,4,True,True,False,1.0,1
46,steady_r02,regime_conditional,1.0,observed,transit_rough,10,10,1,132,136,4,False,False,False,,4
46,steady_r02,regime_conditional,1.0,observed,transit_rough,11,11,0,108,112,4,True,True,False,1.0,1
46,steady_r02,regime_conditional,0.2,clean,warehouse,0,0,2,48,52,4,False,False,False,,4
46,steady_r02,regime_conditional,0.2,clean,warehouse,1,1,1,108,112,4,False,False,False,,4
46,steady_r02,regime_conditional,0.2,clean,warehouse,2,2,1,0,4,4,False,False,False,,4
46,steady_r02,regime_conditional,0.2,clean,warehouse,3,3,0,96,100,4,False,False,False,,4
46,steady_r02,regime_conditional,0.2,clean,transit_smooth,4,4,2,0,4,4,False,False,False,,4
46,steady_r02,regime_conditional,0.2,clean,transit_smooth,5,5,1,144,148,4,True,True,False,2.0,2
46,steady_r02,regime_conditional,0.2,clean,transit_smooth,6,6,0,132,136,4,False,False,False,,4
46,steady_r02,regime_conditional,0.2,clean,transit_smooth,7,7,0,96,100,4,False,False,False,,4
46,steady_r02,regime_conditional,0.2,clean,transit_rough,8,8,0,0,4,4,False,False,False,,4
46,steady_r02,regime_conditional,0.2,clean,transit_rough,9,9,0,24,28,4,False,False,False,,4
46,steady_r02,regime_conditional,0.2,clean,transit_rough,10,10,1,132,136,4,False,False,False,,4
46,steady_r02,regime_conditional,0.2,clean,transit_rough,11,11,0,108,112,4,False,False,False,,4
46,steady_r02,regime_conditional,0.2,observed,warehouse,0,0,2,48,52,4,True,True,False,3.0,3
46,steady_r02,regime_conditional,0.2,observed,warehouse,1,1,1,108,112,4,True,True,False,3.0,3
46,steady_r02,regime_conditional,0.2,observed,warehouse,2,2,1,0,4,4,True,True,False,3.0,3
46,steady_r02,regime_conditional,0.2,observed,warehouse,3,3,0,96,100,4,True,True,False,2.0,2
46,steady_r02,regime_conditional,0.2,observed,transit_smooth,4,4,2,0,4,4,True,True,False,3.0,3
46,steady_r02,regime_conditional,0.2,observed,transit_smooth,5,5,1,144,148,4,True,True,False,0.0,0
46,steady_r02,regime_conditional,0.2,observed,transit_smooth,6,6,0,132,136,4,True,True,False,3.0,3
46,steady_r02,regime_conditional,0.2,observed,transit_smooth,7,7,0,96,100,4,True,True,False,2.0,2
46,steady_r02,regime_conditional,0.2,observed,transit_rough,8,8,0,0,4,4,False,False,False,,4
46,steady_r02,regime_conditional,0.2,observed,transit_rough,9,9,0,24,28,4,True,True,False,1.0,1
46,steady_r02,regime_conditional,0.2,observed,transit_rough,10,10,1,132,136,4,True,True,False,3.0,3
46,steady_r02,regime_conditional,0.2,observed,transit_rough,11,11,0,108,112,4,True,True,False,2.0,2
46,steady_r20,regime_marginal,1.0,clean,warehouse,0,0,2,48,60,12,False,False,False,,12
46,steady_r20,regime_marginal,1.0,clean,warehouse,1,0,1,0,12,12,False,False,False,,12
46,steady_r20,regime_marginal,1.0,clean,warehouse,2,0,0,168,180,12,False,False,False,,12
46,steady_r20,regime_marginal,1.0,clean,warehouse,3,1,1,108,120,12,True,True,False,7.0,7
46,steady_r20,regime_marginal,1.0,clean,warehouse,4,1,1,48,60,12,False,False,True,,12
46,steady_r20,regime_marginal,1.0,clean,warehouse,5,1,1,0,12,12,False,False,False,,12
46,steady_r20,regime_marginal,1.0,clean,warehouse,6,2,1,0,12,12,False,False,False,,12
46,steady_r20,regime_marginal,1.0,clean,warehouse,7,2,0,12,24,12,False,False,False,,12
46,steady_r20,regime_marginal,1.0,clean,warehouse,8,2,0,72,84,12,False,False,False,,12
46,steady_r20,regime_marginal,1.0,clean,warehouse,9,3,0,96,108,12,False,False,False,,12
46,steady_r20,regime_marginal,1.0,clean,warehouse,10,3,1,120,132,12,False,False,False,,12
46,steady_r20,regime_marginal,1.0,clean,warehouse,11,3,1,72,84,12,True,True,False,3.0,3
46,steady_r20,regime_marginal,1.0,clean,transit_smooth,12,4,2,0,12,12,False,False,False,,12
46,steady_r20,regime_marginal,1.0,clean,transit_smooth,13,4,2,48,60,12,False,False,False,,12
46,steady_r20,regime_marginal,1.0,clean,transit_smooth,14,4,2,120,132,12,False,False,False,,12
46,steady_r20,regime_marginal,1.0,clean,transit_smooth,15,5,1,144,156,12,False,False,False,,12
46,steady_r20,regime_marginal,1.0,clean,transit_smooth,16,5,1,48,60,12,False,False,False,,12
46,steady_r20,regime_marginal,1.0,clean,transit_smooth,17,5,2,132,144,12,False,False,False,,12
46,steady_r20,regime_marginal,1.0,clean,transit_smooth,18,6,0,132,144,12,False,False,False,,12
46,steady_r20,regime_marginal,1.0,clean,transit_smooth,19,6,2,24,36,12,False,False,False,,12
46,steady_r20,regime_marginal,1.0,clean,transit_smooth,20,6,0,60,72,12,False,False,False,,12
46,steady_r20,regime_marginal,1.0,clean,transit_smooth,21,7,0,96,108,12,True,True,False,5.0,5
46,steady_r20,regime_marginal,1.0,clean,transit_smooth,22,7,1,84,96,12,False,False,False,,12
46,steady_r20,regime_marginal,1.0,clean,transit_smooth,23,7,1,72,84,12,False,False,False,,12
46,steady_r20,regime_marginal,1.0,clean,transit_rough,24,8,0,0,12,12,True,True,False,4.0,4
46,steady_r20,regime_marginal,1.0,clean,transit_rough,25,8,2,156,168,12,False,False,False,,12
46,steady_r20,regime_marginal,1.0,clean,transit_rough,26,8,1,24,36,12,False,False,False,,12
46,steady_r20,regime_marginal,1.0,clean,transit_rough,27,9,0,24,36,12,False,False,False,,12
46,steady_r20,regime_marginal,1.0,clean,transit_rough,28,9,2,156,168,12,False,False,False,,12
46,steady_r20,regime_marginal,1.0,clean,transit_rough,29,9,2,72,84,12,False,False,False,,12
46,steady_r20,regime_marginal,1.0,clean,transit_rough,30,10,1,132,144,12,False,False,False,,12
46,steady_r20,regime_marginal,1.0,clean,transit_rough,31,10,1,36,48,12,False,False,False,,12
46,steady_r20,regime_marginal,1.0,clean,transit_rough,32,10,2,24,36,12,False,False,False,,12
46,steady_r20,regime_marginal,1.0,clean,transit_rough,33,11,0,108,120,12,False,False,False,,12
46,steady_r20,regime_marginal,1.0,clean,transit_rough,34,11,0,84,96,12,False,False,False,,12
46,steady_r20,regime_marginal,1.0,clean,transit_rough,35,11,2,168,180,12,False,False,False,,12
46,steady_r20,regime_marginal,1.0,observed,warehouse,0,0,2,48,60,12,True,True,False,6.0,6
46,steady_r20,regime_marginal,1.0,observed,warehouse,1,0,1,0,12,12,True,True,False,1.0,1
46,steady_r20,regime_marginal,1.0,observed,warehouse,2,0,0,168,180,12,True,True,False,11.0,11
46,steady_r20,regime_marginal,1.0,observed,warehouse,3,1,1,108,120,12,False,False,False,,12
46,steady_r20,regime_marginal,1.0,observed,warehouse,4,1,1,48,60,12,True,True,True,6.0,6
46,steady_r20,regime_marginal,1.0,observed,warehouse,5,1,1,0,12,12,True,True,False,2.0,2
46,steady_r20,regime_marginal,1.0,observed,warehouse,6,2,1,0,12,12,True,True,False,2.0,2
46,steady_r20,regime_marginal,1.0,observed,warehouse,7,2,0,12,24,12,True,True,False,2.0,2
46,steady_r20,regime_marginal,1.0,observed,warehouse,8,2,0,72,84,12,True,True,False,5.0,5
46,steady_r20,regime_marginal,1.0,observed,warehouse,9,3,0,96,108,12,True,True,False,3.0,3
46,steady_r20,regime_marginal,1.0,observed,warehouse,10,3,1,120,132,12,False,False,False,,12
46,steady_r20,regime_marginal,1.0,observed,warehouse,11,3,1,72,84,12,True,True,False,7.0,7
46,steady_r20,regime_marginal,1.0,observed,transit_smooth,12,4,2,0,12,12,True,True,False,5.0,5
46,steady_r20,regime_marginal,1.0,observed,transit_smooth,13,4,2,48,60,12,False,False,False,,12
46,steady_r20,regime_marginal,1.0,observed,transit_smooth,14,4,2,120,132,12,True,True,False,3.0,3
46,steady_r20,regime_marginal,1.0,observed,transit_smooth,15,5,1,144,156,12,True,True,False,0.0,0
46,steady_r20,regime_marginal,1.0,observed,transit_smooth,16,5,1,48,60,12,True,True,False,0.0,0
46,steady_r20,regime_marginal,1.0,observed,transit_smooth,17,5,2,132,144,12,True,True,False,5.0,5
46,steady_r20,regime_marginal,1.0,observed,transit_smooth,18,6,0,132,144,12,True,True,False,1.0,1
46,steady_r20,regime_marginal,1.0,observed,transit_smooth,19,6,2,24,36,12,True,True,False,10.0,10
46,steady_r20,regime_marginal,1.0,observed,transit_smooth,20,6,0,60,72,12,True,True,False,0.0,0
46,steady_r20,regime_marginal,1.0,observed,transit_smooth,21,7,0,96,108,12,True,True,False,1.0,1
46,steady_r20,regime_marginal,1.0,observed,transit_smooth,22,7,1,84,96,12,True,True,False,1.0,1
46,steady_r20,regime_marginal,1.0,observed,transit_smooth,23,7,1,72,84,12,False,False,False,,12
46,steady_r20,regime_marginal,1.0,observed,transit_rough,24,8,0,0,12,12,False,False,False,,12
46,steady_r20,regime_marginal,1.0,observed,transit_rough,25,8,2,156,168,12,True,True,False,0.0,0
46,steady_r20,regime_marginal,1.0,observed,transit_rough,26,8,1,24,36,12,True,True,False,0.0,0
46,steady_r20,regime_marginal,1.0,observed,transit_rough,27,9,0,24,36,12,True,True,False,1.0,1
46,steady_r20,regime_marginal,1.0,observed,transit_rough,28,9,2,156,168,12,True,True,False,6.0,6
46,steady_r20,regime_marginal,1.0,observed,transit_rough,29,9,2,72,84,12,True,True,False,11.0,11
46,steady_r20,regime_marginal,1.0,observed,transit_rough,30,10,1,132,144,12,True,True,False,5.0,5
46,steady_r20,regime_marginal,1.0,observed,transit_rough,31,10,1,36,48,12,True,True,False,0.0,0
46,steady_r20,regime_marginal,1.0,observed,transit_rough,32,10,2,24,36,12,True,True,False,0.0,0
46,steady_r20,regime_marginal,1.0,observed,transit_rough,33,11,0,108,120,12,True,True,False,2.0,2
46,steady_r20,regime_marginal,1.0,observed,transit_rough,34,11,0,84,96,12,True,True,False,7.0,7
46,steady_r20,regime_marginal,1.0,observed,transit_rough,35,11,2,168,180,12,True,True,False,4.0,4
46,steady_r20,regime_marginal,0.2,clean,warehouse,0,0,2,48,60,12,False,False,False,,12
46,steady_r20,regime_marginal,0.2,clean,warehouse,1,0,1,0,12,12,False,False,False,,12
46,steady_r20,regime_marginal,0.2,clean,warehouse,2,0,0,168,180,12,False,False,False,,12
46,steady_r20,regime_marginal,0.2,clean,warehouse,3,1,1,108,120,12,False,False,False,,12
46,steady_r20,regime_marginal,0.2,clean,warehouse,4,1,1,48,60,12,False,False,False,,12
46,steady_r20,regime_marginal,0.2,clean,warehouse,5,1,1,0,12,12,False,False,False,,12
46,steady_r20,regime_marginal,0.2,clean,warehouse,6,2,1,0,12,12,False,False,False,,12
46,steady_r20,regime_marginal,0.2,clean,warehouse,7,2,0,12,24,12,False,False,False,,12
46,steady_r20,regime_marginal,0.2,clean,warehouse,8,2,0,72,84,12,False,False,False,,12
46,steady_r20,regime_marginal,0.2,clean,warehouse,9,3,0,96,108,12,False,False,False,,12
46,steady_r20,regime_marginal,0.2,clean,warehouse,10,3,1,120,132,12,False,False,False,,12
46,steady_r20,regime_marginal,0.2,clean,warehouse,11,3,1,72,84,12,False,False,False,,12
46,steady_r20,regime_marginal,0.2,clean,transit_smooth,12,4,2,0,12,12,False,False,False,,12
46,steady_r20,regime_marginal,0.2,clean,transit_smooth,13,4,2,48,60,12,False,False,False,,12
46,steady_r20,regime_marginal,0.2,clean,transit_smooth,14,4,2,120,132,12,False,False,False,,12
46,steady_r20,regime_marginal,0.2,clean,transit_smooth,15,5,1,144,156,12,True,True,False,2.0,2
46,steady_r20,regime_marginal,0.2,clean,transit_smooth,16,5,1,48,60,12,False,False,False,,12
46,steady_r20,regime_marginal,0.2,clean,transit_smooth,17,5,2,132,144,12,False,False,False,,12
46,steady_r20,regime_marginal,0.2,clean,transit_smooth,18,6,0,132,144,12,False,False,False,,12
46,steady_r20,regime_marginal,0.2,clean,transit_smooth,19,6,2,24,36,12,False,False,False,,12
46,steady_r20,regime_marginal,0.2,clean,transit_smooth,20,6,0,60,72,12,False,False,False,,12
46,steady_r20,regime_marginal,0.2,clean,transit_smooth,21,7,0,96,108,12,False,False,False,,12
46,steady_r20,regime_marginal,0.2,clean,transit_smooth,22,7,1,84,96,12,False,False,False,,12
46,steady_r20,regime_marginal,0.2,clean,transit_smooth,23,7,1,72,84,12,False,False,False,,12
46,steady_r20,regime_marginal,0.2,clean,transit_rough,24,8,0,0,12,12,False,False,False,,12
46,steady_r20,regime_marginal,0.2,clean,transit_rough,25,8,2,156,168,12,False,False,False,,12
46,steady_r20,regime_marginal,0.2,clean,transit_rough,26,8,1,24,36,12,True,True,False,3.0,3
46,steady_r20,regime_marginal,0.2,clean,transit_rough,27,9,0,24,36,12,False,False,False,,12
46,steady_r20,regime_marginal,0.2,clean,transit_rough,28,9,2,156,168,12,False,False,False,,12
46,steady_r20,regime_marginal,0.2,clean,transit_rough,29,9,2,72,84,12,False,False,False,,12
46,steady_r20,regime_marginal,0.2,clean,transit_rough,30,10,1,132,144,12,False,False,False,,12
46,steady_r20,regime_marginal,0.2,clean,transit_rough,31,10,1,36,48,12,False,False,False,,12
46,steady_r20,regime_marginal,0.2,clean,transit_rough,32,10,2,24,36,12,False,False,False,,12
46,steady_r20,regime_marginal,0.2,clean,transit_rough,33,11,0,108,120,12,False,False,False,,12
46,steady_r20,regime_marginal,0.2,clean,transit_rough,34,11,0,84,96,12,False,False,False,,12
46,steady_r20,regime_marginal,0.2,clean,transit_rough,35,11,2,168,180,12,False,False,False,,12
46,steady_r20,regime_marginal,0.2,observed,warehouse,0,0,2,48,60,12,True,True,False,5.0,5
46,steady_r20,regime_marginal,0.2,observed,warehouse,1,0,1,0,12,12,True,True,False,2.0,2
46,steady_r20,regime_marginal,0.2,observed,warehouse,2,0,0,168,180,12,True,True,False,8.0,8
46,steady_r20,regime_marginal,0.2,observed,warehouse,3,1,1,108,120,12,False,False,False,,12
46,steady_r20,regime_marginal,0.2,observed,warehouse,4,1,1,48,60,12,True,True,False,7.0,7
46,steady_r20,regime_marginal,0.2,observed,warehouse,5,1,1,0,12,12,True,True,False,4.0,4
46,steady_r20,regime_marginal,0.2,observed,warehouse,6,2,1,0,12,12,True,True,False,3.0,3
46,steady_r20,regime_marginal,0.2,observed,warehouse,7,2,0,12,24,12,True,True,False,6.0,6
46,steady_r20,regime_marginal,0.2,observed,warehouse,8,2,0,72,84,12,True,True,False,3.0,3
46,steady_r20,regime_marginal,0.2,observed,warehouse,9,3,0,96,108,12,True,True,False,3.0,3
46,steady_r20,regime_marginal,0.2,observed,warehouse,10,3,1,120,132,12,True,True,False,10.0,10
46,steady_r20,regime_marginal,0.2,observed,warehouse,11,3,1,72,84,12,True,True,False,8.0,8
46,steady_r20,regime_marginal,0.2,observed,transit_smooth,12,4,2,0,12,12,True,True,False,5.0,5
46,steady_r20,regime_marginal,0.2,observed,transit_smooth,13,4,2,48,60,12,True,True,False,5.0,5
46,steady_r20,regime_marginal,0.2,observed,transit_smooth,14,4,2,120,132,12,True,True,False,4.0,4
46,steady_r20,regime_marginal,0.2,observed,transit_smooth,15,5,1,144,156,12,True,True,False,0.0,0
46,steady_r20,regime_marginal,0.2,observed,transit_smooth,16,5,1,48,60,12,True,True,False,1.0,1
46,steady_r20,regime_marginal,0.2,observed,transit_smooth,17,5,2,132,144,12,True,True,False,5.0,5
46,steady_r20,regime_marginal,0.2,observed,transit_smooth,18,6,0,132,144,12,True,True,False,8.0,8
46,steady_r20,regime_marginal,0.2,observed,transit_smooth,19,6,2,24,36,12,True,True,False,3.0,3
46,steady_r20,regime_marginal,0.2,observed,transit_smooth,20,6,0,60,72,12,True,True,False,6.0,6
46,steady_r20,regime_marginal,0.2,observed,transit_smooth,21,7,0,96,108,12,True,True,False,3.0,3
46,steady_r20,regime_marginal,0.2,observed,transit_smooth,22,7,1,84,96,12,True,False,True,,12
46,steady_r20,regime_marginal,0.2,observed,transit_smooth,23,7,1,72,84,12,True,True,False,10.0,10
46,steady_r20,regime_marginal,0.2,observed,transit_rough,24,8,0,0,12,12,False,False,False,,12
46,steady_r20,regime_marginal,0.2,observed,transit_rough,25,8,2,156,168,12,True,True,False,3.0,3
46,steady_r20,regime_marginal,0.2,observed,transit_rough,26,8,1,24,36,12,True,True,False,0.0,0
46,steady_r20,regime_marginal,0.2,observed,transit_rough,27,9,0,24,36,12,True,True,False,5.0,5
46,steady_r20,regime_marginal,0.2,observed,transit_rough,28,9,2,156,168,12,True,True,False,8.0,8
46,steady_r20,regime_marginal,0.2,observed,transit_rough,29,9,2,72,84,12,False,False,False,,12
46,steady_r20,regime_marginal,0.2,observed,transit_rough,30,10,1,132,144,12,True,True,False,5.0,5
46,steady_r20,regime_marginal,0.2,observed,transit_rough,31,10,1,36,48,12,True,True,False,4.0,4
46,steady_r20,regime_marginal,0.2,observed,transit_rough,32,10,2,24,36,12,True,True,False,3.0,3
46,steady_r20,regime_marginal,0.2,observed,transit_rough,33,11,0,108,120,12,True,True,False,4.0,4
46,steady_r20,regime_marginal,0.2,observed,transit_rough,34,11,0,84,96,12,True,True,False,7.0,7
46,steady_r20,regime_marginal,0.2,observed,transit_rough,35,11,2,168,180,12,True,True,False,4.0,4
46,steady_r20,regime_conditional,1.0,clean,warehouse,0,0,2,48,60,12,False,False,False,,12
46,steady_r20,regime_conditional,1.0,clean,warehouse,1,0,1,0,12,12,True,True,False,2.0,2
46,steady_r20,regime_conditional,1.0,clean,warehouse,2,0,0,168,180,12,False,False,False,,12
46,steady_r20,regime_conditional,1.0,clean,warehouse,3,1,1,108,120,12,True,True,False,7.0,7
46,steady_r20,regime_conditional,1.0,clean,warehouse,4,1,1,48,60,12,False,False,True,,12
46,steady_r20,regime_conditional,1.0,clean,warehouse,5,1,1,0,12,12,False,False,False,,12
46,steady_r20,regime_conditional,1.0,clean,warehouse,6,2,1,0,12,12,False,False,False,,12
46,steady_r20,regime_conditional,1.0,clean,warehouse,7,2,0,12,24,12,False,False,False,,12
46,steady_r20,regime_conditional,1.0,clean,warehouse,8,2,0,72,84,12,False,False,False,,12
46,steady_r20,regime_conditional,1.0,clean,warehouse,9,3,0,96,108,12,False,False,False,,12
46,steady_r20,regime_conditional,1.0,clean,warehouse,10,3,1,120,132,12,False,False,False,,12
46,steady_r20,regime_conditional,1.0,clean,warehouse,11,3,1,72,84,12,True,True,False,3.0,3
46,steady_r20,regime_conditional,1.0,clean,transit_smooth,12,4,2,0,12,12,False,False,False,,12
46,steady_r20,regime_conditional,1.0,clean,transit_smooth,13,4,2,48,60,12,False,False,False,,12
46,steady_r20,regime_conditional,1.0,clean,transit_smooth,14,4,2,120,132,12,False,False,False,,12
46,steady_r20,regime_conditional,1.0,clean,transit_smooth,15,5,1,144,156,12,True,True,False,2.0,2
46,steady_r20,regime_conditional,1.0,clean,transit_smooth,16,5,1,48,60,12,False,False,False,,12
46,steady_r20,regime_conditional,1.0,clean,transit_smooth,17,5,2,132,144,12,False,False,False,,12
46,steady_r20,regime_conditional,1.0,clean,transit_smooth,18,6,0,132,144,12,False,False,False,,12
46,steady_r20,regime_conditional,1.0,clean,transit_smooth,19,6,2,24,36,12,False,False,False,,12
46,steady_r20,regime_conditional,1.0,clean,transit_smooth,20,6,0,60,72,12,False,False,False,,12
46,steady_r20,regime_conditional,1.0,clean,transit_smooth,21,7,0,96,108,12,False,False,False,,12
46,steady_r20,regime_conditional,1.0,clean,transit_smooth,22,7,1,84,96,12,False,False,False,,12
46,steady_r20,regime_conditional,1.0,clean,transit_smooth,23,7,1,72,84,12,False,False,False,,12
46,steady_r20,regime_conditional,1.0,clean,transit_rough,24,8,0,0,12,12,False,False,False,,12
46,steady_r20,regime_conditional,1.0,clean,transit_rough,25,8,2,156,168,12,False,False,False,,12
46,steady_r20,regime_conditional,1.0,clean,transit_rough,26,8,1,24,36,12,False,False,False,,12
46,steady_r20,regime_conditional,1.0,clean,transit_rough,27,9,0,24,36,12,False,False,False,,12
46,steady_r20,regime_conditional,1.0,clean,transit_rough,28,9,2,156,168,12,False,False,False,,12
46,steady_r20,regime_conditional,1.0,clean,transit_rough,29,9,2,72,84,12,False,False,False,,12
46,steady_r20,regime_conditional,1.0,clean,transit_rough,30,10,1,132,144,12,False,False,False,,12
46,steady_r20,regime_conditional,1.0,clean,transit_rough,31,10,1,36,48,12,False,False,False,,12
46,steady_r20,regime_conditional,1.0,clean,transit_rough,32,10,2,24,36,12,False,False,False,,12
46,steady_r20,regime_conditional,1.0,clean,transit_rough,33,11,0,108,120,12,False,False,False,,12
46,steady_r20,regime_conditional,1.0,clean,transit_rough,34,11,0,84,96,12,False,False,False,,12
46,steady_r20,regime_conditional,1.0,clean,transit_rough,35,11,2,168,180,12,False,False,False,,12
46,steady_r20,regime_conditional,1.0,observed,warehouse,0,0,2,48,60,12,True,True,False,6.0,6
46,steady_r20,regime_conditional,1.0,observed,warehouse,1,0,1,0,12,12,True,True,False,0.0,0
46,steady_r20,regime_conditional,1.0,observed,warehouse,2,0,0,168,180,12,True,True,False,2.0,2
46,steady_r20,regime_conditional,1.0,observed,warehouse,3,1,1,108,120,12,True,True,False,3.0,3
46,steady_r20,regime_conditional,1.0,observed,warehouse,4,1,1,48,60,12,True,True,True,5.0,5
46,steady_r20,regime_conditional,1.0,observed,warehouse,5,1,1,0,12,12,True,True,False,2.0,2
46,steady_r20,regime_conditional,1.0,observed,warehouse,6,2,1,0,12,12,True,True,False,3.0,3
46,steady_r20,regime_conditional,1.0,observed,warehouse,7,2,0,12,24,12,True,True,False,1.0,1
46,steady_r20,regime_conditional,1.0,observed,warehouse,8,2,0,72,84,12,True,True,False,5.0,5
46,steady_r20,regime_conditional,1.0,observed,warehouse,9,3,0,96,108,12,True,True,False,3.0,3
46,steady_r20,regime_conditional,1.0,observed,warehouse,10,3,1,120,132,12,True,True,False,0.0,0
46,steady_r20,regime_conditional,1.0,observed,warehouse,11,3,1,72,84,12,True,True,False,0.0,0
46,steady_r20,regime_conditional,1.0,observed,transit_smooth,12,4,2,0,12,12,True,True,False,3.0,3
46,steady_r20,regime_conditional,1.0,observed,transit_smooth,13,4,2,48,60,12,True,True,False,2.0,2
46,steady_r20,regime_conditional,1.0,observed,transit_smooth,14,4,2,120,132,12,True,True,False,3.0,3
46,steady_r20,regime_conditional,1.0,observed,transit_smooth,15,5,1,144,156,12,True,True,False,0.0,0
46,steady_r20,regime_conditional,1.0,observed,transit_smooth,16,5,1,48,60,12,True,True,False,0.0,0
46,steady_r20,regime_conditional,1.0,observed,transit_smooth,17,5,2,132,144,12,True,True,False,2.0,2
46,steady_r20,regime_conditional,1.0,observed,transit_smooth,18,6,0,132,144,12,True,True,False,1.0,1
46,steady_r20,regime_conditional,1.0,observed,transit_smooth,19,6,2,24,36,12,True,True,False,0.0,0
46,steady_r20,regime_conditional,1.0,observed,transit_smooth,20,6,0,60,72,12,True,True,False,0.0,0
46,steady_r20,regime_conditional,1.0,observed,transit_smooth,21,7,0,96,108,12,True,True,False,1.0,1
46,steady_r20,regime_conditional,1.0,observed,transit_smooth,22,7,1,84,96,12,True,True,False,0.0,0
46,steady_r20,regime_conditional,1.0,observed,transit_smooth,23,7,1,72,84,12,True,True,False,4.0,4
46,steady_r20,regime_conditional,1.0,observed,transit_rough,24,8,0,0,12,12,True,True,False,2.0,2
46,steady_r20,regime_conditional,1.0,observed,transit_rough,25,8,2,156,168,12,True,True,False,0.0,0
46,steady_r20,regime_conditional,1.0,observed,transit_rough,26,8,1,24,36,12,True,True,False,2.0,2
46,steady_r20,regime_conditional,1.0,observed,transit_rough,27,9,0,24,36,12,True,True,False,1.0,1
46,steady_r20,regime_conditional,1.0,observed,transit_rough,28,9,2,156,168,12,True,True,False,6.0,6
46,steady_r20,regime_conditional,1.0,observed,transit_rough,29,9,2,72,84,12,True,True,False,0.0,0
46,steady_r20,regime_conditional,1.0,observed,transit_rough,30,10,1,132,144,12,True,True,False,7.0,7
46,steady_r20,regime_conditional,1.0,observed,transit_rough,31,10,1,36,48,12,True,True,False,0.0,0
46,steady_r20,regime_conditional,1.0,observed,transit_rough,32,10,2,24,36,12,True,True,False,0.0,0
46,steady_r20,regime_conditional,1.0,observed,transit_rough,33,11,0,108,120,12,True,True,False,1.0,1
46,steady_r20,regime_conditional,1.0,observed,transit_rough,34,11,0,84,96,12,True,True,False,0.0,0
46,steady_r20,regime_conditional,1.0,observed,transit_rough,35,11,2,168,180,12,True,True,False,4.0,4
46,steady_r20,regime_conditional,0.2,clean,warehouse,0,0,2,48,60,12,False,False,False,,12
46,steady_r20,regime_conditional,0.2,clean,warehouse,1,0,1,0,12,12,False,False,False,,12
46,steady_r20,regime_conditional,0.2,clean,warehouse,2,0,0,168,180,12,False,False,False,,12
46,steady_r20,regime_conditional,0.2,clean,warehouse,3,1,1,108,120,12,True,True,False,7.0,7
46,steady_r20,regime_conditional,0.2,clean,warehouse,4,1,1,48,60,12,False,False,False,,12
46,steady_r20,regime_conditional,0.2,clean,warehouse,5,1,1,0,12,12,False,False,False,,12
46,steady_r20,regime_conditional,0.2,clean,warehouse,6,2,1,0,12,12,False,False,False,,12
46,steady_r20,regime_conditional,0.2,clean,warehouse,7,2,0,12,24,12,False,False,False,,12
46,steady_r20,regime_conditional,0.2,clean,warehouse,8,2,0,72,84,12,False,False,False,,12
46,steady_r20,regime_conditional,0.2,clean,warehouse,9,3,0,96,108,12,False,False,False,,12
46,steady_r20,regime_conditional,0.2,clean,warehouse,10,3,1,120,132,12,False,False,False,,12
46,steady_r20,regime_conditional,0.2,clean,warehouse,11,3,1,72,84,12,False,False,False,,12
46,steady_r20,regime_conditional,0.2,clean,transit_smooth,12,4,2,0,12,12,False,False,False,,12
46,steady_r20,regime_conditional,0.2,clean,transit_smooth,13,4,2,48,60,12,False,False,False,,12
46,steady_r20,regime_conditional,0.2,clean,transit_smooth,14,4,2,120,132,12,False,False,False,,12
46,steady_r20,regime_conditional,0.2,clean,transit_smooth,15,5,1,144,156,12,True,True,False,2.0,2
46,steady_r20,regime_conditional,0.2,clean,transit_smooth,16,5,1,48,60,12,False,False,False,,12
46,steady_r20,regime_conditional,0.2,clean,transit_smooth,17,5,2,132,144,12,False,False,False,,12
46,steady_r20,regime_conditional,0.2,clean,transit_smooth,18,6,0,132,144,12,False,False,False,,12
46,steady_r20,regime_conditional,0.2,clean,transit_smooth,19,6,2,24,36,12,False,False,False,,12
46,steady_r20,regime_conditional,0.2,clean,transit_smooth,20,6,0,60,72,12,False,False,False,,12
46,steady_r20,regime_conditional,0.2,clean,transit_smooth,21,7,0,96,108,12,False,False,False,,12
46,steady_r20,regime_conditional,0.2,clean,transit_smooth,22,7,1,84,96,12,False,False,False,,12
46,steady_r20,regime_conditional,0.2,clean,transit_smooth,23,7,1,72,84,12,False,False,False,,12
46,steady_r20,regime_conditional,0.2,clean,transit_rough,24,8,0,0,12,12,False,False,False,,12
46,steady_r20,regime_conditional,0.2,clean,transit_rough,25,8,2,156,168,12,False,False,False,,12
46,steady_r20,regime_conditional,0.2,clean,transit_rough,26,8,1,24,36,12,False,False,False,,12
46,steady_r20,regime_conditional,0.2,clean,transit_rough,27,9,0,24,36,12,False,False,False,,12
46,steady_r20,regime_conditional,0.2,clean,transit_rough,28,9,2,156,168,12,False,False,False,,12
46,steady_r20,regime_conditional,0.2,clean,transit_rough,29,9,2,72,84,12,True,True,False,9.0,9
46,steady_r20,regime_conditional,0.2,clean,transit_rough,30,10,1,132,144,12,False,False,False,,12
46,steady_r20,regime_conditional,0.2,clean,transit_rough,31,10,1,36,48,12,False,False,False,,12
46,steady_r20,regime_conditional,0.2,clean,transit_rough,32,10,2,24,36,12,False,False,False,,12
46,steady_r20,regime_conditional,0.2,clean,transit_rough,33,11,0,108,120,12,False,False,False,,12
46,steady_r20,regime_conditional,0.2,clean,transit_rough,34,11,0,84,96,12,False,False,False,,12
46,steady_r20,regime_conditional,0.2,clean,transit_rough,35,11,2,168,180,12,False,False,False,,12
46,steady_r20,regime_conditional,0.2,observed,warehouse,0,0,2,48,60,12,True,True,False,3.0,3
46,steady_r20,regime_conditional,0.2,observed,warehouse,1,0,1,0,12,12,True,True,False,1.0,1
46,steady_r20,regime_conditional,0.2,observed,warehouse,2,0,0,168,180,12,True,True,False,2.0,2
46,steady_r20,regime_conditional,0.2,observed,warehouse,3,1,1,108,120,12,True,True,False,3.0,3
46,steady_r20,regime_conditional,0.2,observed,warehouse,4,1,1,48,60,12,True,True,False,5.0,5
46,steady_r20,regime_conditional,0.2,observed,warehouse,5,1,1,0,12,12,True,True,False,2.0,2
46,steady_r20,regime_conditional,0.2,observed,warehouse,6,2,1,0,12,12,True,True,False,3.0,3
46,steady_r20,regime_conditional,0.2,observed,warehouse,7,2,0,12,24,12,True,True,False,3.0,3
46,steady_r20,regime_conditional,0.2,observed,warehouse,8,2,0,72,84,12,True,True,False,2.0,2
46,steady_r20,regime_conditional,0.2,observed,warehouse,9,3,0,96,108,12,True,True,False,1.0,1
46,steady_r20,regime_conditional,0.2,observed,warehouse,10,3,1,120,132,12,True,True,False,3.0,3
46,steady_r20,regime_conditional,0.2,observed,warehouse,11,3,1,72,84,12,True,True,False,1.0,1
46,steady_r20,regime_conditional,0.2,observed,transit_smooth,12,4,2,0,12,12,True,True,False,3.0,3
46,steady_r20,regime_conditional,0.2,observed,transit_smooth,13,4,2,48,60,12,True,True,False,3.0,3
46,steady_r20,regime_conditional,0.2,observed,transit_smooth,14,4,2,120,132,12,True,True,False,3.0,3
46,steady_r20,regime_conditional,0.2,observed,transit_smooth,15,5,1,144,156,12,True,True,False,0.0,0
46,steady_r20,regime_conditional,0.2,observed,transit_smooth,16,5,1,48,60,12,True,True,False,0.0,0
46,steady_r20,regime_conditional,0.2,observed,transit_smooth,17,5,2,132,144,12,True,True,False,4.0,4
46,steady_r20,regime_conditional,0.2,observed,transit_smooth,18,6,0,132,144,12,True,True,False,3.0,3
46,steady_r20,regime_conditional,0.2,observed,transit_smooth,19,6,2,24,36,12,True,True,False,0.0,0
46,steady_r20,regime_conditional,0.2,observed,transit_smooth,20,6,0,60,72,12,True,True,False,4.0,4
46,steady_r20,regime_conditional,0.2,observed,transit_smooth,21,7,0,96,108,12,True,True,False,4.0,4
46,steady_r20,regime_conditional,0.2,observed,transit_smooth,22,7,1,84,96,12,True,False,True,,12
46,steady_r20,regime_conditional,0.2,observed,transit_smooth,23,7,1,72,84,12,True,True,False,4.0,4
46,steady_r20,regime_conditional,0.2,observed,transit_rough,24,8,0,0,12,12,True,True,False,9.0,9
46,steady_r20,regime_conditional,0.2,observed,transit_rough,25,8,2,156,168,12,True,True,False,1.0,1
46,steady_r20,regime_conditional,0.2,observed,transit_rough,26,8,1,24,36,12,True,True,False,1.0,1
46,steady_r20,regime_conditional,0.2,observed,transit_rough,27,9,0,24,36,12,True,True,False,1.0,1
46,steady_r20,regime_conditional,0.2,observed,transit_rough,28,9,2,156,168,12,True,True,False,5.0,5
46,steady_r20,regime_conditional,0.2,observed,transit_rough,29,9,2,72,84,12,True,True,False,5.0,5
46,steady_r20,regime_conditional,0.2,observed,transit_rough,30,10,1,132,144,12,True,True,False,3.0,3
46,steady_r20,regime_conditional,0.2,observed,transit_rough,31,10,1,36,48,12,True,True,False,0.0,0
46,steady_r20,regime_conditional,0.2,observed,transit_rough,32,10,2,24,36,12,True,True,False,3.0,3
46,steady_r20,regime_conditional,0.2,observed,transit_rough,33,11,0,108,120,12,True,True,False,2.0,2
46,steady_r20,regime_conditional,0.2,observed,transit_rough,34,11,0,84,96,12,True,True,False,4.0,4
46,steady_r20,regime_conditional,0.2,observed,transit_rough,35,11,2,168,180,12,True,True,False,4.0,4
46,steady_k2,regime_marginal,1.0,clean,warehouse,0,0,2,48,60,12,False,False,False,,12
46,steady_k2,regime_marginal,1.0,clean,warehouse,0,0,0,48,60,12,False,False,False,,12
46,steady_k2,regime_marginal,1.0,clean,warehouse,1,0,1,0,6,6,False,False,False,,6
46,steady_k2,regime_marginal,1.0,clean,warehouse,1,0,2,0,6,6,False,False,False,,6
46,steady_k2,regime_marginal,1.0,clean,warehouse,2,1,1,108,120,12,True,True,False,7.0,7
46,steady_k2,regime_marginal,1.0,clean,warehouse,2,1,2,108,120,12,False,False,False,,12
46,steady_k2,regime_marginal,1.0,clean,warehouse,3,1,1,48,54,6,False,False,True,,6
46,steady_k2,regime_marginal,1.0,clean,warehouse,3,1,0,48,54,6,False,False,False,,6
46,steady_k2,regime_marginal,1.0,clean,warehouse,4,2,1,0,12,12,False,False,False,,12
46,steady_k2,regime_marginal,1.0,clean,warehouse,4,2,2,0,12,12,False,False,False,,12
46,steady_k2,regime_marginal,1.0,clean,warehouse,5,2,0,12,18,6,False,False,False,,6
46,steady_k2,regime_marginal,1.0,clean,warehouse,5,2,2,12,18,6,False,False,False,,6
46,steady_k2,regime_marginal,1.0,clean,warehouse,6,3,0,96,108,12,False,False,False,,12
46,steady_k2,regime_marginal,1.0,clean,warehouse,6,3,2,96,108,12,False,False,False,,12
46,steady_k2,regime_marginal,1.0,clean,warehouse,7,3,1,120,126,6,False,False,False,,6
46,steady_k2,regime_marginal,1.0,clean,warehouse,7,3,0,120,126,6,False,False,False,,6
46,steady_k2,regime_marginal,1.0,clean,transit_smooth,8,4,2,0,12,12,False,False,False,,12
46,steady_k2,regime_marginal,1.0,clean,transit_smooth,8,4,0,0,12,12,False,False,False,,12
46,steady_k2,regime_marginal,1.0,clean,transit_smooth,9,4,2,48,54,6,False,False,False,,6
46,steady_k2,regime_marginal,1.0,clean,transit_smooth,9,4,1,48,54,6,False,False,False,,6
46,steady_k2,regime_marginal,1.0,clean,transit_smooth,10,5,1,144,156,12,False,False,False,,12
46,steady_k2,regime_marginal,1.0,clean,transit_smooth,10,5,0,144,156,12,False,False,False,,12
46,steady_k2,regime_marginal,1.0,clean,transit_smooth,11,5,1,48,54,6,False,False,False,,6
46,steady_k2,regime_marginal,1.0,clean,transit_smooth,11,5,0,48,54,6,False,False,False,,6
46,steady_k2,regime_marginal,1.0,clean,transit_smooth,12,6,0,132,144,12,False,False,False,,12
46,steady_k2,regime_marginal,1.0,clean,transit_smooth,12,6,2,132,144,12,False,False,False,,12
46,steady_k2,regime_marginal,1.0,clean,transit_smooth,13,6,2,24,30,6,False,False,False,,6
46,steady_k2,regime_marginal,1.0,clean,transit_smooth,13,6,1,24,30,6,False,False,False,,6
46,steady_k2,regime_marginal,1.0,clean,transit_smooth,14,7,0,96,108,12,True,True,False,5.0,5
46,steady_k2,regime_marginal,1.0,clean,transit_smooth,14,7,2,96,108,12,False,False,False,,12
46,steady_k2,regime_marginal,1.0,clean,transit_smooth,15,7,1,84,90,6,False,False,False,,6
46,steady_k2,regime_marginal,1.0,clean,transit_smooth,15,7,0,84,90,6,False,False,False,,6
46,steady_k2,regime_marginal,1.0,clean,transit_rough,16,8,0,0,12,12,True,True,False,4.0,4
46,steady_k2,regime_marginal,1.0,clean,transit_rough,16,8,2,0,12,12,False,False,False,,12
46,steady_k2,regime_marginal,1.0,clean,transit_rough,17,8,2,156,162,6,False,False,False,,6
46,steady_k2,regime_marginal,1.0,clean,transit_rough,17,8,1,156,162,6,False,False,False,,6
46,steady_k2,regime_marginal,1.0,clean,transit_rough,18,9,0,24,36,12,False,False,False,,12
46,steady_k2,regime_marginal,1.0,clean,transit_rough,18,9,1,24,36,12,False,False,False,,12
46,steady_k2,regime_marginal,1.0,clean,transit_rough,19,9,2,156,162,6,False,False,False,,6
46,steady_k2,regime_marginal,1.0,clean,transit_rough,19,9,0,156,162,6,True,True,False,1.0,1
46,steady_k2,regime_marginal,1.0,clean,transit_rough,20,10,1,132,144,12,False,False,False,,12
46,steady_k2,regime_marginal,1.0,clean,transit_rough,20,10,0,132,144,12,False,False,False,,12
46,steady_k2,regime_marginal,1.0,clean,transit_rough,21,10,1,36,42,6,False,False,False,,6
46,steady_k2,regime_marginal,1.0,clean,transit_rough,21,10,0,36,42,6,False,False,False,,6
46,steady_k2,regime_marginal,1.0,clean,transit_rough,22,11,0,108,120,12,False,False,False,,12
46,steady_k2,regime_marginal,1.0,clean,transit_rough,22,11,1,108,120,12,False,False,False,,12
46,steady_k2,regime_marginal,1.0,clean,transit_rough,23,11,0,84,90,6,False,False,False,,6
46,steady_k2,regime_marginal,1.0,clean,transit_rough,23,11,1,84,90,6,False,False,False,,6
46,steady_k2,regime_marginal,1.0,observed,warehouse,0,0,2,48,60,12,True,True,False,6.0,6
46,steady_k2,regime_marginal,1.0,observed,warehouse,0,0,0,48,60,12,True,True,False,1.0,1
46,steady_k2,regime_marginal,1.0,observed,warehouse,1,0,1,0,6,6,True,True,False,1.0,1
46,steady_k2,regime_marginal,1.0,observed,warehouse,1,0,2,0,6,6,False,False,False,,6
46,steady_k2,regime_marginal,1.0,observed,warehouse,2,1,1,108,120,12,False,False,False,,12
46,steady_k2,regime_marginal,1.0,observed,warehouse,2,1,2,108,120,12,True,True,False,1.0,1
46,steady_k2,regime_marginal,1.0,observed,warehouse,3,1,1,48,54,6,False,False,True,,6
46,steady_k2,regime_marginal,1.0,observed,warehouse,3,1,0,48,54,6,True,True,False,0.0,0
46,steady_k2,regime_marginal,1.0,observed,warehouse,4,2,1,0,12,12,True,True,False,2.0,2
46,steady_k2,regime_marginal,1.0,observed,warehouse,4,2,2,0,12,12,True,True,False,5.0,5
46,steady_k2,regime_marginal,1.0,observed,warehouse,5,2,0,12,18,6,True,True,False,2.0,2
46,steady_k2,regime_marginal,1.0,observed,warehouse,5,2,2,12,18,6,True,True,False,4.0,4
46,steady_k2,regime_marginal,1.0,observed,warehouse,6,3,0,96,108,12,True,True,False,3.0,3
46,steady_k2,regime_marginal,1.0,observed,warehouse,6,3,2,96,108,12,True,True,False,4.0,4
46,steady_k2,regime_marginal,1.0,observed,warehouse,7,3,1,120,126,6,False,False,False,,6
46,steady_k2,regime_marginal,1.0,observed,warehouse,7,3,0,120,126,6,True,True,False,0.0,0
46,steady_k2,regime_marginal,1.0,observed,transit_smooth,8,4,2,0,12,12,True,True,False,5.0,5
46,steady_k2,regime_marginal,1.0,observed,transit_smooth,8,4,0,0,12,12,True,True,False,7.0,7
46,steady_k2,regime_marginal,1.0,observed,transit_smooth,9,4,2,48,54,6,False,False,False,,6
46,steady_k2,regime_marginal,1.0,observed,transit_smooth,9,4,1,48,54,6,False,False,False,,6
46,steady_k2,regime_marginal,1.0,observed,transit_smooth,10,5,1,144,156,12,True,True,False,0.0,0
46,steady_k2,regime_marginal,1.0,observed,transit_smooth,10,5,0,144,156,12,True,True,False,0.0,0
46,steady_k2,regime_marginal,1.0,observed,transit_smooth,11,5,1,48,54,6,True,True,False,0.0,0
46,steady_k2,regime_marginal,1.0,observed,transit_smooth,11,5,0,48,54,6,True,True,False,0.0,0
46,steady_k2,regime_marginal,1.0,observed,transit_smooth,12,6,0,132,144,12,True,True,False,1.0,1
46,steady_k2,regime_marginal,1.0,observed,transit_smooth,12,6,2,132,144,12,True,True,False,1.0,1
46,steady_k2,regime_marginal,1.0,observed,transit_smooth,13,6,2,24,30,6,False,False,False,,6
46,steady_k2,regime_marginal,1.0,observed,transit_smooth,13,6,1,24,30,6,True,True,False,4.0,4
46,steady_k2,regime_marginal,1.0,observed,transit_smooth,14,7,0,96,108,12,True,True,False,1.0,1
46,steady_k2,regime_marginal,1.0,observed,transit_smooth,14,7,2,96,108,12,True,True,False,5.0,5
46,steady_k2,regime_marginal,1.0,observed,transit_smooth,15,7,1,84,90,6,True,True,False,1.0,1
46,steady_k2,regime_marginal,1.0,observed,transit_smooth,15,7,0,84,90,6,False,False,False,,6
46,steady_k2,regime_marginal,1.0,observed,transit_rough,16,8,0,0,12,12,False,False,False,,12
46,steady_k2,regime_marginal,1.0,observed,transit_rough,16,8,2,0,12,12,True,True,False,2.0,2
46,steady_k2,regime_marginal,1.0,observed,transit_rough,17,8,2,156,162,6,True,True,False,0.0,0
46,steady_k2,regime_marginal,1.0,observed,transit_rough,17,8,1,156,162,6,True,True,False,4.0,4
46,steady_k2,regime_marginal,1.0,observed,transit_rough,18,9,0,24,36,12,True,True,False,1.0,1
46,steady_k2,regime_marginal,1.0,observed,transit_rough,18,9,1,24,36,12,True,True,False,3.0,3
46,steady_k2,regime_marginal,1.0,observed,transit_rough,19,9,2,156,162,6,False,False,False,,6
46,steady_k2,regime_marginal,1.0,observed,transit_rough,19,9,0,156,162,6,True,True,False,1.0,1
46,steady_k2,regime_marginal,1.0,observed,transit_rough,20,10,1,132,144,12,True,True,False,5.0,5
46,steady_k2,regime_marginal,1.0,observed,transit_rough,20,10,0,132,144,12,True,True,False,8.0,8
46,steady_k2,regime_marginal,1.0,observed,transit_rough,21,10,1,36,42,6,True,True,False,0.0,0
46,steady_k2,regime_marginal,1.0,observed,transit_rough,21,10,0,36,42,6,False,False,False,,6
46,steady_k2,regime_marginal,1.0,observed,transit_rough,22,11,0,108,120,12,True,True,False,2.0,2
46,steady_k2,regime_marginal,1.0,observed,transit_rough,22,11,1,108,120,12,True,True,False,3.0,3
46,steady_k2,regime_marginal,1.0,observed,transit_rough,23,11,0,84,90,6,False,False,False,,6
46,steady_k2,regime_marginal,1.0,observed,transit_rough,23,11,1,84,90,6,True,True,False,0.0,0
46,steady_k2,regime_marginal,0.2,clean,warehouse,0,0,2,48,60,12,False,False,False,,12
46,steady_k2,regime_marginal,0.2,clean,warehouse,0,0,0,48,60,12,False,False,False,,12
46,steady_k2,regime_marginal,0.2,clean,warehouse,1,0,1,0,6,6,False,False,False,,6
46,steady_k2,regime_marginal,0.2,clean,warehouse,1,0,2,0,6,6,False,False,False,,6
46,steady_k2,regime_marginal,0.2,clean,warehouse,2,1,1,108,120,12,False,False,False,,12
46,steady_k2,regime_marginal,0.2,clean,warehouse,2,1,2,108,120,12,False,False,False,,12
46,steady_k2,regime_marginal,0.2,clean,warehouse,3,1,1,48,54,6,False,False,False,,6
46,steady_k2,regime_marginal,0.2,clean,warehouse,3,1,0,48,54,6,False,False,False,,6
46,steady_k2,regime_marginal,0.2,clean,warehouse,4,2,1,0,12,12,False,False,False,,12
46,steady_k2,regime_marginal,0.2,clean,warehouse,4,2,2,0,12,12,False,False,False,,12
46,steady_k2,regime_marginal,0.2,clean,warehouse,5,2,0,12,18,6,False,False,False,,6
46,steady_k2,regime_marginal,0.2,clean,warehouse,5,2,2,12,18,6,False,False,False,,6
46,steady_k2,regime_marginal,0.2,clean,warehouse,6,3,0,96,108,12,False,False,False,,12
46,steady_k2,regime_marginal,0.2,clean,warehouse,6,3,2,96,108,12,False,False,False,,12
46,steady_k2,regime_marginal,0.2,clean,warehouse,7,3,1,120,126,6,False,False,False,,6
46,steady_k2,regime_marginal,0.2,clean,warehouse,7,3,0,120,126,6,True,True,False,5.0,5
46,steady_k2,regime_marginal,0.2,clean,transit_smooth,8,4,2,0,12,12,False,False,False,,12
46,steady_k2,regime_marginal,0.2,clean,transit_smooth,8,4,0,0,12,12,False,False,False,,12
46,steady_k2,regime_marginal,0.2,clean,transit_smooth,9,4,2,48,54,6,False,False,False,,6
46,steady_k2,regime_marginal,0.2,clean,transit_smooth,9,4,1,48,54,6,False,False,False,,6
46,steady_k2,regime_marginal,0.2,clean,transit_smooth,10,5,1,144,156,12,True,True,False,2.0,2
46,steady_k2,regime_marginal,0.2,clean,transit_smooth,10,5,0,144,156,12,False,False,False,,12
46,steady_k2,regime_marginal,0.2,clean,transit_smooth,11,5,1,48,54,6,False,False,False,,6
46,steady_k2,regime_marginal,0.2,clean,transit_smooth,11,5,0,48,54,6,False,False,False,,6
46,steady_k2,regime_marginal,0.2,clean,transit_smooth,12,6,0,132,144,12,False,False,False,,12
46,steady_k2,regime_marginal,0.2,clean,transit_smooth,12,6,2,132,144,12,False,False,False,,12
46,steady_k2,regime_marginal,0.2,clean,transit_smooth,13,6,2,24,30,6,False,False,False,,6
46,steady_k2,regime_marginal,0.2,clean,transit_smooth,13,6,1,24,30,6,False,False,False,,6
46,steady_k2,regime_marginal,0.2,clean,transit_smooth,14,7,0,96,108,12,False,False,False,,12
46,steady_k2,regime_marginal,0.2,clean,transit_smooth,14,7,2,96,108,12,False,False,False,,12
46,steady_k2,regime_marginal,0.2,clean,transit_smooth,15,7,1,84,90,6,False,False,False,,6
46,steady_k2,regime_marginal,0.2,clean,transit_smooth,15,7,0,84,90,6,False,False,False,,6
46,steady_k2,regime_marginal,0.2,clean,transit_rough,16,8,0,0,12,12,False,False,False,,12
46,steady_k2,regime_marginal,0.2,clean,transit_rough,16,8,2,0,12,12,False,False,False,,12
46,steady_k2,regime_marginal,0.2,clean,transit_rough,17,8,2,156,162,6,False,False,False,,6
46,steady_k2,regime_marginal,0.2,clean,transit_rough,17,8,1,156,162,6,False,False,False,,6
46,steady_k2,regime_marginal,0.2,clean,transit_rough,18,9,0,24,36,12,False,False,False,,12
46,steady_k2,regime_marginal,0.2,clean,transit_rough,18,9,1,24,36,12,False,False,False,,12
46,steady_k2,regime_marginal,0.2,clean,transit_rough,19,9,2,156,162,6,False,False,False,,6
46,steady_k2,regime_marginal,0.2,clean,transit_rough,19,9,0,156,162,6,False,False,False,,6
46,steady_k2,regime_marginal,0.2,clean,transit_rough,20,10,1,132,144,12,False,False,False,,12
46,steady_k2,regime_marginal,0.2,clean,transit_rough,20,10,0,132,144,12,False,False,False,,12
46,steady_k2,regime_marginal,0.2,clean,transit_rough,21,10,1,36,42,6,False,False,False,,6
46,steady_k2,regime_marginal,0.2,clean,transit_rough,21,10,0,36,42,6,False,False,False,,6
46,steady_k2,regime_marginal,0.2,clean,transit_rough,22,11,0,108,120,12,False,False,False,,12
46,steady_k2,regime_marginal,0.2,clean,transit_rough,22,11,1,108,120,12,False,False,False,,12
46,steady_k2,regime_marginal,0.2,clean,transit_rough,23,11,0,84,90,6,False,False,False,,6
46,steady_k2,regime_marginal,0.2,clean,transit_rough,23,11,1,84,90,6,False,False,False,,6
46,steady_k2,regime_marginal,0.2,observed,warehouse,0,0,2,48,60,12,True,True,False,5.0,5
46,steady_k2,regime_marginal,0.2,observed,warehouse,0,0,0,48,60,12,True,True,False,4.0,4
46,steady_k2,regime_marginal,0.2,observed,warehouse,1,0,1,0,6,6,True,True,False,2.0,2
46,steady_k2,regime_marginal,0.2,observed,warehouse,1,0,2,0,6,6,True,True,False,5.0,5
46,steady_k2,regime_marginal,0.2,observed,warehouse,2,1,1,108,120,12,False,False,False,,12
46,steady_k2,regime_marginal,0.2,observed,warehouse,2,1,2,108,120,12,True,True,False,1.0,1
46,steady_k2,regime_marginal,0.2,observed,warehouse,3,1,1,48,54,6,False,False,False,,6
46,steady_k2,regime_marginal,0.2,observed,warehouse,3,1,0,48,54,6,True,True,False,1.0,1
46,steady_k2,regime_marginal,0.2,observed,warehouse,4,2,1,0,12,12,True,True,False,3.0,3
46,steady_k2,regime_marginal,0.2,observed,warehouse,4,2,2,0,12,12,True,True,False,3.0,3
46,steady_k2,regime_marginal,0.2,observed,warehouse,5,2,0,12,18,6,False,False,False,,6
46,steady_k2,regime_marginal,0.2,observed,warehouse,5,2,2,12,18,6,True,False,True,,6
46,steady_k2,regime_marginal,0.2,observed,warehouse,6,3,0,96,108,12,True,True,False,3.0,3
46,steady_k2,regime_marginal,0.2,observed,warehouse,6,3,2,96,108,12,True,True,False,4.0,4
46,steady_k2,regime_marginal,0.2,observed,warehouse,7,3,1,120,126,6,False,False,False,,6
46,steady_k2,regime_marginal,0.2,observed,warehouse,7,3,0,120,126,6,True,True,False,0.0,0
46,steady_k2,regime_marginal,0.2,observed,transit_smooth,8,4,2,0,12,12,True,True,False,5.0,5
46,steady_k2,regime_marginal,0.2,observed,transit_smooth,8,4,0,0,12,12,True,True,False,8.0,8
46,steady_k2,regime_marginal,0.2,observed,transit_smooth,9,4,2,48,54,6,True,True,False,5.0,5
46,steady_k2,regime_marginal,0.2,observed,transit_smooth,9,4,1,48,54,6,True,True,False,5.0,5
46,steady_k2,regime_marginal,0.2,observed,transit_smooth,10,5,1,144,156,12,True,True,False,0.0,0
46,steady_k2,regime_marginal,0.2,observed,transit_smooth,10,5,0,144,156,12,True,True,False,0.0,0
46,steady_k2,regime_marginal,0.2,observed,transit_smooth,11,5,1,48,54,6,True,True,False,1.0,1
46,steady_k2,regime_marginal,0.2,observed,transit_smooth,11,5,0,48,54,6,False,False,False,,6
46,steady_k2,regime_marginal,0.2,observed,transit_smooth,12,6,0,132,144,12,True,True,False,8.0,8
46,steady_k2,regime_marginal,0.2,observed,transit_smooth,12,6,2,132,144,12,True,True,False,4.0,4
46,steady_k2,regime_marginal,0.2,observed,transit_smooth,13,6,2,24,30,6,True,True,False,3.0,3
46,steady_k2,regime_marginal,0.2,observed,transit_smooth,13,6,1,24,30,6,True,True,False,5.0,5
46,steady_k2,regime_marginal,0.2,observed,transit_smooth,14,7,0,96,108,12,False,False,False,,12
46,steady_k2,regime_marginal,0.2,observed,transit_smooth,14,7,2,96,108,12,True,True,False,7.0,7
46,steady_k2,regime_marginal,0.2,observed,transit_smooth,15,7,1,84,90,6,True,True,False,3.0,3
46,steady_k2,regime_marginal,0.2,observed,transit_smooth,15,7,0,84,90,6,False,False,False,,6
46,steady_k2,regime_marginal,0.2,observed,transit_rough,16,8,0,0,12,12,False,False,False,,12
46,steady_k2,regime_marginal,0.2,observed,transit_rough,16,8,2,0,12,12,True,True,False,2.0,2
46,steady_k2,regime_marginal,0.2,observed,transit_rough,17,8,2,156,162,6,True,True,False,3.0,3
46,steady_k2,regime_marginal,0.2,observed,transit_rough,17,8,1,156,162,6,True,True,False,4.0,4
46,steady_k2,regime_marginal,0.2,observed,transit_rough,18,9,0,24,36,12,True,True,False,5.0,5
46,steady_k2,regime_marginal,0.2,observed,transit_rough,18,9,1,24,36,12,True,True,False,3.0,3
46,steady_k2,regime_marginal,0.2,observed,transit_rough,19,9,2,156,162,6,False,False,False,,6
46,steady_k2,regime_marginal,0.2,observed,transit_rough,19,9,0,156,162,6,True,True,False,2.0,2
46,steady_k2,regime_marginal,0.2,observed,transit_rough,20,10,1,132,144,12,True,True,False,5.0,5
46,steady_k2,regime_marginal,0.2,observed,transit_rough,20,10,0,132,144,12,True,True,False,9.0,9
46,steady_k2,regime_marginal,0.2,observed,transit_rough,21,10,1,36,42,6,True,True,False,4.0,4
46,steady_k2,regime_marginal,0.2,observed,transit_rough,21,10,0,36,42,6,False,False,False,,6
46,steady_k2,regime_marginal,0.2,observed,transit_rough,22,11,0,108,120,12,True,True,False,3.0,3
46,steady_k2,regime_marginal,0.2,observed,transit_rough,22,11,1,108,120,12,True,True,False,3.0,3
46,steady_k2,regime_marginal,0.2,observed,transit_rough,23,11,0,84,90,6,False,False,False,,6
46,steady_k2,regime_marginal,0.2,observed,transit_rough,23,11,1,84,90,6,True,True,False,2.0,2
46,steady_k2,regime_conditional,1.0,clean,warehouse,0,0,2,48,60,12,False,False,False,,12
46,steady_k2,regime_conditional,1.0,clean,warehouse,0,0,0,48,60,12,False,False,False,,12
46,steady_k2,regime_conditional,1.0,clean,warehouse,1,0,1,0,6,6,True,True,False,2.0,2
46,steady_k2,regime_conditional,1.0,clean,warehouse,1,0,2,0,6,6,False,False,False,,6
46,steady_k2,regime_conditional,1.0,clean,warehouse,2,1,1,108,120,12,True,True,False,7.0,7
46,steady_k2,regime_conditional,1.0,clean,warehouse,2,1,2,108,120,12,False,False,False,,12
46,steady_k2,regime_conditional,1.0,clean,warehouse,3,1,1,48,54,6,False,False,True,,6
46,steady_k2,regime_conditional,1.0,clean,warehouse,3,1,0,48,54,6,False,False,False,,6
46,steady_k2,regime_conditional,1.0,clean,warehouse,4,2,1,0,12,12,False,False,False,,12
46,steady_k2,regime_conditional,1.0,clean,warehouse,4,2,2,0,12,12,False,False,False,,12
46,steady_k2,regime_conditional,1.0,clean,warehouse,5,2,0,12,18,6,False,False,False,,6
46,steady_k2,regime_conditional,1.0,clean,warehouse,5,2,2,12,18,6,False,False,False,,6
46,steady_k2,regime_conditional,1.0,clean,warehouse,6,3,0,96,108,12,False,False,False,,12
46,steady_k2,regime_conditional,1.0,clean,warehouse,6,3,2,96,108,12,False,False,False,,12
46,steady_k2,regime_conditional,1.0,clean,warehouse,7,3,1,120,126,6,False,False,False,,6
46,steady_k2,regime_conditional,1.0,clean,warehouse,7,3,0,120,126,6,True,True,False,3.0,3
46,steady_k2,regime_conditional,1.0,clean,transit_smooth,8,4,2,0,12,12,False,False,False,,12
46,steady_k2,regime_conditional,1.0,clean,transit_smooth,8,4,0,0,12,12,False,False,False,,12
46,steady_k2,regime_conditional,1.0,clean,transit_smooth,9,4,2,48,54,6,False,False,False,,6
46,steady_k2,regime_conditional,1.0,clean,transit_smooth,9,4,1,48,54,6,False,False,False,,6
46,steady_k2,regime_conditional,1.0,clean,transit_smooth,10,5,1,144,156,12,True,True,False,2.0,2
46,steady_k2,regime_conditional,1.0,clean,transit_smooth,10,5,0,144,156,12,False,False,False,,12
46,steady_k2,regime_conditional,1.0,clean,transit_smooth,11,5,1,48,54,6,False,False,False,,6
46,steady_k2,regime_conditional,1.0,clean,transit_smooth,11,5,0,48,54,6,False,False,False,,6
46,steady_k2,regime_conditional,1.0,clean,transit_smooth,12,6,0,132,144,12,False,False,False,,12
46,steady_k2,regime_conditional,1.0,clean,transit_smooth,12,6,2,132,144,12,False,False,False,,12
46,steady_k2,regime_conditional,1.0,clean,transit_smooth,13,6,2,24,30,6,False,False,False,,6
46,steady_k2,regime_conditional,1.0,clean,transit_smooth,13,6,1,24,30,6,False,False,False,,6
46,steady_k2,regime_conditional,1.0,clean,transit_smooth,14,7,0,96,108,12,False,False,False,,12
46,steady_k2,regime_conditional,1.0,clean,transit_smooth,14,7,2,96,108,12,False,False,False,,12
46,steady_k2,regime_conditional,1.0,clean,transit_smooth,15,7,1,84,90,6,False,False,False,,6
46,steady_k2,regime_conditional,1.0,clean,transit_smooth,15,7,0,84,90,6,False,False,False,,6
46,steady_k2,regime_conditional,1.0,clean,transit_rough,16,8,0,0,12,12,False,False,False,,12
46,steady_k2,regime_conditional,1.0,clean,transit_rough,16,8,2,0,12,12,False,False,False,,12
46,steady_k2,regime_conditional,1.0,clean,transit_rough,17,8,2,156,162,6,False,False,False,,6
46,steady_k2,regime_conditional,1.0,clean,transit_rough,17,8,1,156,162,6,False,False,False,,6
46,steady_k2,regime_conditional,1.0,clean,transit_rough,18,9,0,24,36,12,False,False,False,,12
46,steady_k2,regime_conditional,1.0,clean,transit_rough,18,9,1,24,36,12,False,False,False,,12
46,steady_k2,regime_conditional,1.0,clean,transit_rough,19,9,2,156,162,6,False,False,False,,6
46,steady_k2,regime_conditional,1.0,clean,transit_rough,19,9,0,156,162,6,True,True,False,2.0,2
46,steady_k2,regime_conditional,1.0,clean,transit_rough,20,10,1,132,144,12,False,False,False,,12
46,steady_k2,regime_conditional,1.0,clean,transit_rough,20,10,0,132,144,12,False,False,False,,12
46,steady_k2,regime_conditional,1.0,clean,transit_rough,21,10,1,36,42,6,False,False,False,,6
46,steady_k2,regime_conditional,1.0,clean,transit_rough,21,10,0,36,42,6,False,False,False,,6
46,steady_k2,regime_conditional,1.0,clean,transit_rough,22,11,0,108,120,12,False,False,False,,12
46,steady_k2,regime_conditional,1.0,clean,transit_rough,22,11,1,108,120,12,False,False,False,,12
46,steady_k2,regime_conditional,1.0,clean,transit_rough,23,11,0,84,90,6,False,False,False,,6
46,steady_k2,regime_conditional,1.0,clean,transit_rough,23,11,1,84,90,6,False,False,False,,6
46,steady_k2,regime_conditional,1.0,observed,warehouse,0,0,2,48,60,12,True,True,False,1.0,1
46,steady_k2,regime_conditional,1.0,observed,warehouse,0,0,0,48,60,12,True,True,False,0.0,0
46,steady_k2,regime_conditional,1.0,observed,warehouse,1,0,1,0,6,6,True,True,False,1.0,1
46,steady_k2,regime_conditional,1.0,observed,warehouse,1,0,2,0,6,6,True,True,False,2.0,2
46,steady_k2,regime_conditional,1.0,observed,warehouse,2,1,1,108,120,12,True,True,False,3.0,3
46,steady_k2,regime_conditional,1.0,observed,warehouse,2,1,2,108,120,12,True,True,False,1.0,1
46,steady_k2,regime_conditional,1.0,observed,warehouse,3,1,1,48,54,6,True,True,True,5.0,5
46,steady_k2,regime_conditional,1.0,observed,warehouse,3,1,0,48,54,6,True,True,False,0.0,0
46,steady_k2,regime_conditional,1.0,observed,warehouse,4,2,1,0,12,12,True,True,False,3.0,3
46,steady_k2,regime_conditional,1.0,observed,warehouse,4,2,2,0,12,12,True,True,False,5.0,5
46,steady_k2,regime_conditional,1.0,observed,warehouse,5,2,0,12,18,6,False,False,False,,6
46,steady_k2,regime_conditional,1.0,observed,warehouse,5,2,2,12,18,6,True,True,False,4.0,4
46,steady_k2,regime_conditional,1.0,observed,warehouse,6,3,0,96,108,12,True,True,False,3.0,3
46,steady_k2,regime_conditional,1.0,observed,warehouse,6,3,2,96,108,12,True,True,False,10.0,10
46,steady_k2,regime_conditional,1.0,observed,warehouse,7,3,1,120,126,6,True,True,False,0.0,0
46,steady_k2,regime_conditional,1.0,observed,warehouse,7,3,0,120,126,6,True,True,False,0.0,0
46,steady_k2,regime_conditional,1.0,observed,transit_smooth,8,4,2,0,12,12,True,True,False,5.0,5
46,steady_k2,regime_conditional,1.0,observed,transit_smooth,8,4,0,0,12,12,True,True,False,8.0,8
46,steady_k2,regime_conditional,1.0,observed,transit_smooth,9,4,2,48,54,6,True,True,False,0.0,0
46,steady_k2,regime_conditional,1.0,observed,transit_smooth,9,4,1,48,54,6,True,True,False,2.0,2
46,steady_k2,regime_conditional,1.0,observed,transit_smooth,10,5,1,144,156,12,True,True,False,2.0,2
46,steady_k2,regime_conditional,1.0,observed,transit_smooth,10,5,0,144,156,12,True,True,False,0.0,0
46,steady_k2,regime_conditional,1.0,observed,transit_smooth,11,5,1,48,54,6,True,True,False,0.0,0
46,steady_k2,regime_conditional,1.0,observed,transit_smooth,11,5,0,48,54,6,True,True,False,0.0,0
46,steady_k2,regime_conditional,1.0,observed,transit_smooth,12,6,0,132,144,12,True,True,False,1.0,1
46,steady_k2,regime_conditional,1.0,observed,transit_smooth,12,6,2,132,144,12,True,True,False,10.0,10
46,steady_k2,regime_conditional,1.0,observed,transit_smooth,13,6,2,24,30,6,True,True,False,0.0,0
46,steady_k2,regime_conditional,1.0,observed,transit_smooth,13,6,1,24,30,6,True,True,False,4.0,4
46,steady_k2,regime_conditional,1.0,observed,transit_smooth,14,7,0,96,108,12,True,True,False,0.0,0
46,steady_k2,regime_conditional,1.0,observed,transit_smooth,14,7,2,96,108,12,True,True,False,2.0,2
46,steady_k2,regime_conditional,1.0,observed,transit_smooth,15,7,1,84,90,6,True,True,False,0.0,0
46,steady_k2,regime_conditional,1.0,observed,transit_smooth,15,7,0,84,90,6,True,True,False,0.0,0
46,steady_k2,regime_conditional,1.0,observed,transit_rough,16,8,0,0,12,12,True,True,False,2.0,2
46,steady_k2,regime_conditional,1.0,observed,transit_rough,16,8,2,0,12,12,True,True,False,1.0,1
46,steady_k2,regime_conditional,1.0,observed,transit_rough,17,8,2,156,162,6,False,False,False,,6
46,steady_k2,regime_conditional,1.0,observed,transit_rough,17,8,1,156,162,6,False,False,False,,6
46,steady_k2,regime_conditional,1.0,observed,transit_rough,18,9,0,24,36,12,True,True,False,0.0,0
46,steady_k2,regime_conditional,1.0,observed,transit_rough,18,9,1,24,36,12,True,True,False,0.0,0
46,steady_k2,regime_conditional,1.0,observed,transit_rough,19,9,2,156,162,6,True,True,False,2.0,2
46,steady_k2,regime_conditional,1.0,observed,transit_rough,19,9,0,156,162,6,True,True,False,0.0,0
46,steady_k2,regime_conditional,1.0,observed,transit_rough,20,10,1,132,144,12,True,True,False,1.0,1
46,steady_k2,regime_conditional,1.0,observed,transit_rough,20,10,0,132,144,12,True,True,False,0.0,0
46,steady_k2,regime_conditional,1.0,observed,transit_rough,21,10,1,36,42,6,False,False,False,,6
46,steady_k2,regime_conditional,1.0,observed,transit_rough,21,10,0,36,42,6,False,False,False,,6
46,steady_k2,regime_conditional,1.0,observed,transit_rough,22,11,0,108,120,12,True,True,False,2.0,2
46,steady_k2,regime_conditional,1.0,observed,transit_rough,22,11,1,108,120,12,False,False,False,,12
46,steady_k2,regime_conditional,1.0,observed,transit_rough,23,11,0,84,90,6,True,True,False,0.0,0
46,steady_k2,regime_conditional,1.0,observed,transit_rough,23,11,1,84,90,6,True,True,False,0.0,0
46,steady_k2,regime_conditional,0.2,clean,warehouse,0,0,2,48,60,12,False,False,False,,12
46,steady_k2,regime_conditional,0.2,clean,warehouse,0,0,0,48,60,12,False,False,False,,12
46,steady_k2,regime_conditional,0.2,clean,warehouse,1,0,1,0,6,6,False,False,False,,6
46,steady_k2,regime_conditional,0.2,clean,warehouse,1,0,2,0,6,6,False,False,False,,6
46,steady_k2,regime_conditional,0.2,clean,warehouse,2,1,1,108,120,12,True,True,False,7.0,7
46,steady_k2,regime_conditional,0.2,clean,warehouse,2,1,2,108,120,12,False,False,False,,12
46,steady_k2,regime_conditional,0.2,clean,warehouse,3,1,1,48,54,6,False,False,False,,6
46,steady_k2,regime_conditional,0.2,clean,warehouse,3,1,0,48,54,6,False,False,False,,6
46,steady_k2,regime_conditional,0.2,clean,warehouse,4,2,1,0,12,12,False,False,False,,12
46,steady_k2,regime_conditional,0.2,clean,warehouse,4,2,2,0,12,12,False,False,False,,12
46,steady_k2,regime_conditional,0.2,clean,warehouse,5,2,0,12,18,6,False,False,False,,6
46,steady_k2,regime_conditional,0.2,clean,warehouse,5,2,2,12,18,6,False,False,False,,6
46,steady_k2,regime_conditional,0.2,clean,warehouse,6,3,0,96,108,12,False,False,False,,12
46,steady_k2,regime_conditional,0.2,clean,warehouse,6,3,2,96,108,12,False,False,False,,12
46,steady_k2,regime_conditional,0.2,clean,warehouse,7,3,1,120,126,6,False,False,False,,6
46,steady_k2,regime_conditional,0.2,clean,warehouse,7,3,0,120,126,6,True,True,False,5.0,5
46,steady_k2,regime_conditional,0.2,clean,transit_smooth,8,4,2,0,12,12,False,False,False,,12
46,steady_k2,regime_conditional,0.2,clean,transit_smooth,8,4,0,0,12,12,False,False,False,,12
46,steady_k2,regime_conditional,0.2,clean,transit_smooth,9,4,2,48,54,6,False,False,False,,6
46,steady_k2,regime_conditional,0.2,clean,transit_smooth,9,4,1,48,54,6,False,False,False,,6
46,steady_k2,regime_conditional,0.2,clean,transit_smooth,10,5,1,144,156,12,True,True,False,2.0,2
46,steady_k2,regime_conditional,0.2,clean,transit_smooth,10,5,0,144,156,12,False,False,False,,12
46,steady_k2,regime_conditional,0.2,clean,transit_smooth,11,5,1,48,54,6,False,False,False,,6
46,steady_k2,regime_conditional,0.2,clean,transit_smooth,11,5,0,48,54,6,False,False,False,,6
46,steady_k2,regime_conditional,0.2,clean,transit_smooth,12,6,0,132,144,12,False,False,False,,12
46,steady_k2,regime_conditional,0.2,clean,transit_smooth,12,6,2,132,144,12,False,False,False,,12
46,steady_k2,regime_conditional,0.2,clean,transit_smooth,13,6,2,24,30,6,False,False,False,,6
46,steady_k2,regime_conditional,0.2,clean,transit_smooth,13,6,1,24,30,6,False,False,False,,6
46,steady_k2,regime_conditional,0.2,clean,transit_smooth,14,7,0,96,108,12,False,False,False,,12
46,steady_k2,regime_conditional,0.2,clean,transit_smooth,14,7,2,96,108,12,False,False,False,,12
46,steady_k2,regime_conditional,0.2,clean,transit_smooth,15,7,1,84,90,6,False,False,False,,6
46,steady_k2,regime_conditional,0.2,clean,transit_smooth,15,7,0,84,90,6,False,False,False,,6
46,steady_k2,regime_conditional,0.2,clean,transit_rough,16,8,0,0,12,12,False,False,False,,12
46,steady_k2,regime_conditional,0.2,clean,transit_rough,16,8,2,0,12,12,False,False,False,,12
46,steady_k2,regime_conditional,0.2,clean,transit_rough,17,8,2,156,162,6,False,False,False,,6
46,steady_k2,regime_conditional,0.2,clean,transit_rough,17,8,1,156,162,6,False,False,False,,6
46,steady_k2,regime_conditional,0.2,clean,transit_rough,18,9,0,24,36,12,False,False,False,,12
46,steady_k2,regime_conditional,0.2,clean,transit_rough,18,9,1,24,36,12,False,False,False,,12
46,steady_k2,regime_conditional,0.2,clean,transit_rough,19,9,2,156,162,6,False,False,False,,6
46,steady_k2,regime_conditional,0.2,clean,transit_rough,19,9,0,156,162,6,False,False,False,,6
46,steady_k2,regime_conditional,0.2,clean,transit_rough,20,10,1,132,144,12,False,False,False,,12
46,steady_k2,regime_conditional,0.2,clean,transit_rough,20,10,0,132,144,12,False,False,False,,12
46,steady_k2,regime_conditional,0.2,clean,transit_rough,21,10,1,36,42,6,False,False,False,,6
46,steady_k2,regime_conditional,0.2,clean,transit_rough,21,10,0,36,42,6,False,False,False,,6
46,steady_k2,regime_conditional,0.2,clean,transit_rough,22,11,0,108,120,12,False,False,False,,12
46,steady_k2,regime_conditional,0.2,clean,transit_rough,22,11,1,108,120,12,False,False,False,,12
46,steady_k2,regime_conditional,0.2,clean,transit_rough,23,11,0,84,90,6,False,False,False,,6
46,steady_k2,regime_conditional,0.2,clean,transit_rough,23,11,1,84,90,6,False,False,False,,6
46,steady_k2,regime_conditional,0.2,observed,warehouse,0,0,2,48,60,12,True,True,False,2.0,2
46,steady_k2,regime_conditional,0.2,observed,warehouse,0,0,0,48,60,12,True,True,False,1.0,1
46,steady_k2,regime_conditional,0.2,observed,warehouse,1,0,1,0,6,6,True,True,False,1.0,1
46,steady_k2,regime_conditional,0.2,observed,warehouse,1,0,2,0,6,6,True,True,False,2.0,2
46,steady_k2,regime_conditional,0.2,observed,warehouse,2,1,1,108,120,12,True,True,False,3.0,3
46,steady_k2,regime_conditional,0.2,observed,warehouse,2,1,2,108,120,12,True,True,False,1.0,1
46,steady_k2,regime_conditional,0.2,observed,warehouse,3,1,1,48,54,6,True,True,False,2.0,2
46,steady_k2,regime_conditional,0.2,observed,warehouse,3,1,0,48,54,6,True,True,False,1.0,1
46,steady_k2,regime_conditional,0.2,observed,warehouse,4,2,1,0,12,12,True,True,False,3.0,3
46,steady_k2,regime_conditional,0.2,observed,warehouse,4,2,2,0,12,12,True,True,False,3.0,3
46,steady_k2,regime_conditional,0.2,observed,warehouse,5,2,0,12,18,6,False,False,True,,6
46,steady_k2,regime_conditional,0.2,observed,warehouse,5,2,2,12,18,6,True,False,True,,6
46,steady_k2,regime_conditional,0.2,observed,warehouse,6,3,0,96,108,12,True,True,False,2.0,2
46,steady_k2,regime_conditional,0.2,observed,warehouse,6,3,2,96,108,12,True,True,False,6.0,6
46,steady_k2,regime_conditional,0.2,observed,warehouse,7,3,1,120,126,6,True,True,False,1.0,1
46,steady_k2,regime_conditional,0.2,observed,warehouse,7,3,0,120,126,6,True,True,False,0.0,0
46,steady_k2,regime_conditional,0.2,observed,transit_smooth,8,4,2,0,12,12,True,True,False,4.0,4
46,steady_k2,regime_conditional,0.2,observed,transit_smooth,8,4,0,0,12,12,True,True,False,8.0,8
46,steady_k2,regime_conditional,0.2,observed,transit_smooth,9,4,2,48,54,6,True,True,False,2.0,2
46,steady_k2,regime_conditional,0.2,observed,transit_smooth,9,4,1,48,54,6,True,True,False,1.0,1
46,steady_k2,regime_conditional,0.2,observed,transit_smooth,10,5,1,144,156,12,True,True,False,0.0,0
46,steady_k2,regime_conditional,0.2,observed,transit_smooth,10,5,0,144,156,12,True,True,False,5.0,5
46,steady_k2,regime_conditional,0.2,observed,transit_smooth,11,5,1,48,54,6,True,True,False,0.0,0
46,steady_k2,regime_conditional,0.2,observed,transit_smooth,11,5,0,48,54,6,True,True,False,1.0,1
46,steady_k2,regime_conditional,0.2,observed,transit_smooth,12,6,0,132,144,12,True,True,False,4.0,4
46,steady_k2,regime_conditional,0.2,observed,transit_smooth,12,6,2,132,144,12,True,True,False,4.0,4
46,steady_k2,regime_conditional,0.2,observed,transit_smooth,13,6,2,24,30,6,True,True,False,1.0,1
46,steady_k2,regime_conditional,0.2,observed,transit_smooth,13,6,1,24,30,6,True,True,False,3.0,3
46,steady_k2,regime_conditional,0.2,observed,transit_smooth,14,7,0,96,108,12,True,True,False,2.0,2
46,steady_k2,regime_conditional,0.2,observed,transit_smooth,14,7,2,96,108,12,True,True,False,2.0,2
46,steady_k2,regime_conditional,0.2,observed,transit_smooth,15,7,1,84,90,6,True,True,False,1.0,1
46,steady_k2,regime_conditional,0.2,observed,transit_smooth,15,7,0,84,90,6,True,True,False,4.0,4
46,steady_k2,regime_conditional,0.2,observed,transit_rough,16,8,0,0,12,12,True,True,False,6.0,6
46,steady_k2,regime_conditional,0.2,observed,transit_rough,16,8,2,0,12,12,True,True,False,2.0,2
46,steady_k2,regime_conditional,0.2,observed,transit_rough,17,8,2,156,162,6,True,True,False,1.0,1
46,steady_k2,regime_conditional,0.2,observed,transit_rough,17,8,1,156,162,6,True,True,False,3.0,3
46,steady_k2,regime_conditional,0.2,observed,transit_rough,18,9,0,24,36,12,True,True,False,1.0,1
46,steady_k2,regime_conditional,0.2,observed,transit_rough,18,9,1,24,36,12,True,True,False,1.0,1
46,steady_k2,regime_conditional,0.2,observed,transit_rough,19,9,2,156,162,6,True,True,False,2.0,2
46,steady_k2,regime_conditional,0.2,observed,transit_rough,19,9,0,156,162,6,True,True,False,1.0,1
46,steady_k2,regime_conditional,0.2,observed,transit_rough,20,10,1,132,144,12,True,True,False,1.0,1
46,steady_k2,regime_conditional,0.2,observed,transit_rough,20,10,0,132,144,12,True,True,False,2.0,2
46,steady_k2,regime_conditional,0.2,observed,transit_rough,21,10,1,36,42,6,True,True,False,1.0,1
46,steady_k2,regime_conditional,0.2,observed,transit_rough,21,10,0,36,42,6,False,False,False,,6
46,steady_k2,regime_conditional,0.2,observed,transit_rough,22,11,0,108,120,12,True,True,False,3.0,3
46,steady_k2,regime_conditional,0.2,observed,transit_rough,22,11,1,108,120,12,True,True,False,3.0,3
46,steady_k2,regime_conditional,0.2,observed,transit_rough,23,11,0,84,90,6,True,True,False,3.0,3
46,steady_k2,regime_conditional,0.2,observed,transit_rough,23,11,1,84,90,6,True,True,False,1.0,1
46,switch_d0,regime_marginal,1.0,clean,warehouse,0,0,2,48,60,12,False,False,False,,12
46,switch_d0,regime_marginal,1.0,clean,warehouse,1,0,1,0,6,6,False,False,False,,6
46,switch_d0,regime_marginal,1.0,clean,transit_smooth,2,1,1,108,120,12,False,False,False,,12
46,switch_d0,regime_marginal,1.0,clean,warehouse,3,1,1,48,54,6,False,False,True,,6
46,switch_d0,regime_marginal,1.0,clean,warehouse,4,2,1,0,12,12,False,False,False,,12
46,switch_d0,regime_marginal,1.0,clean,warehouse,5,2,0,12,18,6,False,False,False,,6
46,switch_d0,regime_marginal,1.0,clean,transit_smooth,6,3,0,96,108,12,False,False,False,,12
46,switch_d0,regime_marginal,1.0,clean,transit_rough,7,3,1,120,126,6,False,False,False,,6
46,switch_d0,regime_marginal,1.0,clean,transit_smooth,8,4,2,0,12,12,False,False,False,,12
46,switch_d0,regime_marginal,1.0,clean,transit_smooth,9,4,2,48,54,6,False,False,False,,6
46,switch_d0,regime_marginal,1.0,clean,warehouse,10,5,1,144,156,12,True,True,False,2.0,2
46,switch_d0,regime_marginal,1.0,clean,transit_smooth,11,5,1,48,54,6,False,False,False,,6
46,switch_d0,regime_marginal,1.0,clean,warehouse,12,6,0,132,144,12,False,False,False,,12
46,switch_d0,regime_marginal,1.0,clean,transit_smooth,13,6,2,24,30,6,False,False,False,,6
46,switch_d0,regime_marginal,1.0,clean,transit_rough,14,7,0,96,108,12,False,False,False,,12
46,switch_d0,regime_marginal,1.0,clean,transit_rough,15,7,1,84,90,6,False,False,False,,6
46,switch_d0,regime_marginal,1.0,clean,transit_rough,16,8,0,0,12,12,True,True,False,4.0,4
46,switch_d0,regime_marginal,1.0,clean,transit_smooth,17,8,2,156,162,6,False,False,False,,6
46,switch_d0,regime_marginal,1.0,clean,transit_rough,18,9,0,24,36,12,False,False,False,,12
46,switch_d0,regime_marginal,1.0,clean,transit_smooth,19,9,2,156,162,6,False,False,False,,6
46,switch_d0,regime_marginal,1.0,clean,transit_smooth,20,10,1,132,144,12,False,False,False,,12
46,switch_d0,regime_marginal,1.0,clean,transit_rough,21,10,1,36,42,6,False,False,False,,6
46,switch_d0,regime_marginal,1.0,clean,warehouse,22,11,0,108,120,12,False,False,False,,12
46,switch_d0,regime_marginal,1.0,clean,warehouse,23,11,0,84,90,6,False,False,False,,6
46,switch_d0,regime_marginal,1.0,observed,warehouse,0,0,2,48,60,12,True,True,False,6.0,6
46,switch_d0,regime_marginal,1.0,observed,warehouse,1,0,1,0,6,6,True,True,False,1.0,1
46,switch_d0,regime_marginal,1.0,observed,transit_smooth,2,1,1,108,120,12,False,False,False,,12
46,switch_d0,regime_marginal,1.0,observed,warehouse,3,1,1,48,54,6,False,False,True,,6
46,switch_d0,regime_marginal,1.0,observed,warehouse,4,2,1,0,12,12,True,True,False,2.0,2
46,switch_d0,regime_marginal,1.0,observed,warehouse,5,2,0,12,18,6,True,True,False,2.0,2
46,switch_d0,regime_marginal,1.0,observed,transit_smooth,6,3,0,96,108,12,True,True,False,3.0,3
46,switch_d0,regime_marginal,1.0,observed,transit_rough,7,3,1,120,126,6,False,False,False,,6
46,switch_d0,regime_marginal,1.0,observed,transit_smooth,8,4,2,0,12,12,True,True,False,5.0,5
46,switch_d0,regime_marginal,1.0,observed,transit_smooth,9,4,2,48,54,6,False,False,False,,6
46,switch_d0,regime_marginal,1.0,observed,warehouse,10,5,1,144,156,12,True,True,False,0.0,0
46,switch_d0,regime_marginal,1.0,observed,transit_smooth,11,5,1,48,54,6,True,True,False,0.0,0
46,switch_d0,regime_marginal,1.0,observed,warehouse,12,6,0,132,144,12,True,True,False,1.0,1
46,switch_d0,regime_marginal,1.0,observed,transit_smooth,13,6,2,24,30,6,False,False,False,,6
46,switch_d0,regime_marginal,1.0,observed,transit_rough,14,7,0,96,108,12,True,True,False,0.0,0
46,switch_d0,regime_marginal,1.0,observed,transit_rough,15,7,1,84,90,6,True,True,False,1.0,1
46,switch_d0,regime_marginal,1.0,observed,transit_rough,16,8,0,0,12,12,False,False,False,,12
46,switch_d0,regime_marginal,1.0,observed,transit_smooth,17,8,2,156,162,6,True,True,False,0.0,0
46,switch_d0,regime_marginal,1.0,observed,transit_rough,18,9,0,24,36,12,True,True,False,1.0,1
46,switch_d0,regime_marginal,1.0,observed,transit_smooth,19,9,2,156,162,6,False,False,False,,6
46,switch_d0,regime_marginal,1.0,observed,transit_smooth,20,10,1,132,144,12,True,True,False,5.0,5
46,switch_d0,regime_marginal,1.0,observed,transit_rough,21,10,1,36,42,6,True,True,False,0.0,0
46,switch_d0,regime_marginal,1.0,observed,warehouse,22,11,0,108,120,12,True,True,False,2.0,2
46,switch_d0,regime_marginal,1.0,observed,warehouse,23,11,0,84,90,6,True,True,False,0.0,0
46,switch_d0,regime_marginal,0.2,clean,warehouse,0,0,2,48,60,12,False,False,False,,12
46,switch_d0,regime_marginal,0.2,clean,warehouse,1,0,1,0,6,6,False,False,False,,6
46,switch_d0,regime_marginal,0.2,clean,transit_smooth,2,1,1,108,120,12,False,False,False,,12
46,switch_d0,regime_marginal,0.2,clean,warehouse,3,1,1,48,54,6,False,False,False,,6
46,switch_d0,regime_marginal,0.2,clean,warehouse,4,2,1,0,12,12,False,False,False,,12
46,switch_d0,regime_marginal,0.2,clean,warehouse,5,2,0,12,18,6,False,False,False,,6
46,switch_d0,regime_marginal,0.2,clean,transit_smooth,6,3,0,96,108,12,False,False,False,,12
46,switch_d0,regime_marginal,0.2,clean,transit_rough,7,3,1,120,126,6,False,False,False,,6
46,switch_d0,regime_marginal,0.2,clean,transit_smooth,8,4,2,0,12,12,False,False,False,,12
46,switch_d0,regime_marginal,0.2,clean,transit_smooth,9,4,2,48,54,6,False,False,False,,6
46,switch_d0,regime_marginal,0.2,clean,warehouse,10,5,1,144,156,12,True,True,False,2.0,2
46,switch_d0,regime_marginal,0.2,clean,transit_smooth,11,5,1,48,54,6,False,False,False,,6
46,switch_d0,regime_marginal,0.2,clean,warehouse,12,6,0,132,144,12,False,False,False,,12
46,switch_d0,regime_marginal,0.2,clean,transit_smooth,13,6,2,24,30,6,False,False,False,,6
46,switch_d0,regime_marginal,0.2,clean,transit_rough,14,7,0,96,108,12,False,False,False,,12
46,switch_d0,regime_marginal,0.2,clean,transit_rough,15,7,1,84,90,6,False,False,False,,6
46,switch_d0,regime_marginal,0.2,clean,transit_rough,16,8,0,0,12,12,False,False,False,,12
46,switch_d0,regime_marginal,0.2,clean,transit_smooth,17,8,2,156,162,6,False,False,False,,6
46,switch_d0,regime_marginal,0.2,clean,transit_rough,18,9,0,24,36,12,False,False,False,,12
46,switch_d0,regime_marginal,0.2,clean,transit_smooth,19,9,2,156,162,6,False,False,False,,6
46,switch_d0,regime_marginal,0.2,clean,transit_smooth,20,10,1,132,144,12,False,False,False,,12
46,switch_d0,regime_marginal,0.2,clean,transit_rough,21,10,1,36,42,6,False,False,False,,6
46,switch_d0,regime_marginal,0.2,clean,warehouse,22,11,0,108,120,12,False,False,False,,12
46,switch_d0,regime_marginal,0.2,clean,warehouse,23,11,0,84,90,6,False,False,False,,6
46,switch_d0,regime_marginal,0.2,observed,warehouse,0,0,2,48,60,12,True,True,False,5.0,5
46,switch_d0,regime_marginal,0.2,observed,warehouse,1,0,1,0,6,6,True,True,False,2.0,2
46,switch_d0,regime_marginal,0.2,observed,transit_smooth,2,1,1,108,120,12,False,False,False,,12
46,switch_d0,regime_marginal,0.2,observed,warehouse,3,1,1,48,54,6,False,False,False,,6
46,switch_d0,regime_marginal,0.2,observed,warehouse,4,2,1,0,12,12,True,True,False,3.0,3
46,switch_d0,regime_marginal,0.2,observed,warehouse,5,2,0,12,18,6,False,False,False,,6
46,switch_d0,regime_marginal,0.2,observed,transit_smooth,6,3,0,96,108,12,True,True,False,4.0,4
46,switch_d0,regime_marginal,0.2,observed,transit_rough,7,3,1,120,126,6,False,False,False,,6
46,switch_d0,regime_marginal,0.2,observed,transit_smooth,8,4,2,0,12,12,True,True,False,5.0,5
46,switch_d0,regime_marginal,0.2,observed,transit_smooth,9,4,2,48,54,6,True,True,False,5.0,5
46,switch_d0,regime_marginal,0.2,observed,warehouse,10,5,1,144,156,12,True,True,False,0.0,0
46,switch_d0,regime_marginal,0.2,observed,transit_smooth,11,5,1,48,54,6,True,True,False,1.0,1
46,switch_d0,regime_marginal,0.2,observed,warehouse,12,6,0,132,144,12,True,True,False,4.0,4
46,switch_d0,regime_marginal,0.2,observed,transit_smooth,13,6,2,24,30,6,True,True,False,3.0,3
46,switch_d0,regime_marginal,0.2,observed,transit_rough,14,7,0,96,108,12,True,True,False,3.0,3
46,switch_d0,regime_marginal,0.2,observed,transit_rough,15,7,1,84,90,6,True,True,False,2.0,2
46,switch_d0,regime_marginal,0.2,observed,transit_rough,16,8,0,0,12,12,False,False,False,,12
46,switch_d0,regime_marginal,0.2,observed,transit_smooth,17,8,2,156,162,6,True,True,False,4.0,4
46,switch_d0,regime_marginal,0.2,observed,transit_rough,18,9,0,24,36,12,True,True,False,5.0,5
46,switch_d0,regime_marginal,0.2,observed,transit_smooth,19,9,2,156,162,6,False,False,False,,6
46,switch_d0,regime_marginal,0.2,observed,transit_smooth,20,10,1,132,144,12,True,True,False,5.0,5
46,switch_d0,regime_marginal,0.2,observed,transit_rough,21,10,1,36,42,6,True,True,False,4.0,4
46,switch_d0,regime_marginal,0.2,observed,warehouse,22,11,0,108,120,12,True,True,False,2.0,2
46,switch_d0,regime_marginal,0.2,observed,warehouse,23,11,0,84,90,6,True,True,False,4.0,4
46,switch_d0,regime_conditional,1.0,clean,warehouse,0,0,2,48,60,12,False,False,False,,12
46,switch_d0,regime_conditional,1.0,clean,warehouse,1,0,1,0,6,6,True,True,False,2.0,2
46,switch_d0,regime_conditional,1.0,clean,transit_smooth,2,1,1,108,120,12,True,True,False,7.0,7
46,switch_d0,regime_conditional,1.0,clean,warehouse,3,1,1,48,54,6,False,False,True,,6
46,switch_d0,regime_conditional,1.0,clean,warehouse,4,2,1,0,12,12,False,False,False,,12
46,switch_d0,regime_conditional,1.0,clean,warehouse,5,2,0,12,18,6,False,False,False,,6
46,switch_d0,regime_conditional,1.0,clean,transit_smooth,6,3,0,96,108,12,False,False,False,,12
46,switch_d0,regime_conditional,1.0,clean,transit_rough,7,3,1,120,126,6,False,False,False,,6
46,switch_d0,regime_conditional,1.0,clean,transit_smooth,8,4,2,0,12,12,False,False,False,,12
46,switch_d0,regime_conditional,1.0,clean,transit_smooth,9,4,2,48,54,6,False,False,False,,6
46,switch_d0,regime_conditional,1.0,clean,warehouse,10,5,1,144,156,12,True,True,False,2.0,2
46,switch_d0,regime_conditional,1.0,clean,transit_smooth,11,5,1,48,54,6,False,False,False,,6
46,switch_d0,regime_conditional,1.0,clean,warehouse,12,6,0,132,144,12,False,False,False,,12
46,switch_d0,regime_conditional,1.0,clean,transit_smooth,13,6,2,24,30,6,False,False,False,,6
46,switch_d0,regime_conditional,1.0,clean,transit_rough,14,7,0,96,108,12,False,False,False,,12
46,switch_d0,regime_conditional,1.0,clean,transit_rough,15,7,1,84,90,6,False,False,False,,6
46,switch_d0,regime_conditional,1.0,clean,transit_rough,16,8,0,0,12,12,False,False,False,,12
46,switch_d0,regime_conditional,1.0,clean,transit_smooth,17,8,2,156,162,6,False,False,False,,6
46,switch_d0,regime_conditional,1.0,clean,transit_rough,18,9,0,24,36,12,False,False,False,,12
46,switch_d0,regime_conditional,1.0,clean,transit_smooth,19,9,2,156,162,6,False,False,False,,6
46,switch_d0,regime_conditional,1.0,clean,transit_smooth,20,10,1,132,144,12,False,False,False,,12
46,switch_d0,regime_conditional,1.0,clean,transit_rough,21,10,1,36,42,6,False,False,False,,6
46,switch_d0,regime_conditional,1.0,clean,warehouse,22,11,0,108,120,12,False,False,False,,12
46,switch_d0,regime_conditional,1.0,clean,warehouse,23,11,0,84,90,6,False,False,False,,6
46,switch_d0,regime_conditional,1.0,observed,warehouse,0,0,2,48,60,12,True,True,False,6.0,6
46,switch_d0,regime_conditional,1.0,observed,warehouse,1,0,1,0,6,6,True,True,False,0.0,0
46,switch_d0,regime_conditional,1.0,observed,transit_smooth,2,1,1,108,120,12,True,True,False,3.0,3
46,switch_d0,regime_conditional,1.0,observed,warehouse,3,1,1,48,54,6,True,True,True,5.0,5
46,switch_d0,regime_conditional,1.0,observed,warehouse,4,2,1,0,12,12,True,True,False,3.0,3
46,switch_d0,regime_conditional,1.0,observed,warehouse,5,2,0,12,18,6,True,True,False,1.0,1
46,switch_d0,regime_conditional,1.0,observed,transit_smooth,6,3,0,96,108,12,True,True,False,3.0,3
46,switch_d0,regime_conditional,1.0,observed,transit_rough,7,3,1,120,126,6,True,True,False,0.0,0
46,switch_d0,regime_conditional,1.0,observed,transit_smooth,8,4,2,0,12,12,True,True,False,3.0,3
46,switch_d0,regime_conditional,1.0,observed,transit_smooth,9,4,2,48,54,6,True,True,False,2.0,2
46,switch_d0,regime_conditional,1.0,observed,warehouse,10,5,1,144,156,12,True,True,False,0.0,0
46,switch_d0,regime_conditional,1.0,observed,transit_smooth,11,5,1,48,54,6,True,True,False,0.0,0
46,switch_d0,regime_conditional,1.0,observed,warehouse,12,6,0,132,144,12,True,True,False,1.0,1
46,switch_d0,regime_conditional,1.0,observed,transit_smooth,13,6,2,24,30,6,True,True,False,0.0,0
46,switch_d0,regime_conditional,1.0,observed,transit_rough,14,7,0,96,108,12,True,True,False,1.0,1
46,switch_d0,regime_conditional,1.0,observed,transit_rough,15,7,1,84,90,6,True,True,False,0.0,0
46,switch_d0,regime_conditional,1.0,observed,transit_rough,16,8,0,0,12,12,True,True,False,2.0,2
46,switch_d0,regime_conditional,1.0,observed,transit_smooth,17,8,2,156,162,6,True,True,False,0.0,0
46,switch_d0,regime_conditional,1.0,observed,transit_rough,18,9,0,24,36,12,True,True,False,1.0,1
46,switch_d0,regime_conditional,1.0,observed,transit_smooth,19,9,2,156,162,6,False,False,False,,6
46,switch_d0,regime_conditional,1.0,observed,transit_smooth,20,10,1,132,144,12,True,True,False,4.0,4
46,switch_d0,regime_conditional,1.0,observed,transit_rough,21,10,1,36,42,6,True,True,False,0.0,0
46,switch_d0,regime_conditional,1.0,observed,warehouse,22,11,0,108,120,12,True,True,False,1.0,1
46,switch_d0,regime_conditional,1.0,observed,warehouse,23,11,0,84,90,6,True,True,False,0.0,0
46,switch_d0,regime_conditional,0.2,clean,warehouse,0,0,2,48,60,12,False,False,False,,12
46,switch_d0,regime_conditional,0.2,clean,warehouse,1,0,1,0,6,6,False,False,False,,6
46,switch_d0,regime_conditional,0.2,clean,transit_smooth,2,1,1,108,120,12,True,True,False,7.0,7
46,switch_d0,regime_conditional,0.2,clean,warehouse,3,1,1,48,54,6,False,False,False,,6
46,switch_d0,regime_conditional,0.2,clean,warehouse,4,2,1,0,12,12,False,False,False,,12
46,switch_d0,regime_conditional,0.2,clean,warehouse,5,2,0,12,18,6,False,False,False,,6
46,switch_d0,regime_conditional,0.2,clean,transit_smooth,6,3,0,96,108,12,False,False,False,,12
46,switch_d0,regime_conditional,0.2,clean,transit_rough,7,3,1,120,126,6,False,False,False,,6
46,switch_d0,regime_conditional,0.2,clean,transit_smooth,8,4,2,0,12,12,False,False,False,,12
46,switch_d0,regime_conditional,0.2,clean,transit_smooth,9,4,2,48,54,6,False,False,False,,6
46,switch_d0,regime_conditional,0.2,clean,warehouse,10,5,1,144,156,12,True,True,False,2.0,2
46,switch_d0,regime_conditional,0.2,clean,transit_smooth,11,5,1,48,54,6,False,False,False,,6
46,switch_d0,regime_conditional,0.2,clean,warehouse,12,6,0,132,144,12,False,False,False,,12
46,switch_d0,regime_conditional,0.2,clean,transit_smooth,13,6,2,24,30,6,False,False,False,,6
46,switch_d0,regime_conditional,0.2,clean,transit_rough,14,7,0,96,108,12,False,False,False,,12
46,switch_d0,regime_conditional,0.2,clean,transit_rough,15,7,1,84,90,6,False,False,False,,6
46,switch_d0,regime_conditional,0.2,clean,transit_rough,16,8,0,0,12,12,False,False,False,,12
46,switch_d0,regime_conditional,0.2,clean,transit_smooth,17,8,2,156,162,6,False,False,False,,6
46,switch_d0,regime_conditional,0.2,clean,transit_rough,18,9,0,24,36,12,False,False,False,,12
46,switch_d0,regime_conditional,0.2,clean,transit_smooth,19,9,2,156,162,6,False,False,False,,6
46,switch_d0,regime_conditional,0.2,clean,transit_smooth,20,10,1,132,144,12,False,False,False,,12
46,switch_d0,regime_conditional,0.2,clean,transit_rough,21,10,1,36,42,6,False,False,False,,6
46,switch_d0,regime_conditional,0.2,clean,warehouse,22,11,0,108,120,12,False,False,False,,12
46,switch_d0,regime_conditional,0.2,clean,warehouse,23,11,0,84,90,6,False,False,False,,6
46,switch_d0,regime_conditional,0.2,observed,warehouse,0,0,2,48,60,12,True,True,False,3.0,3
46,switch_d0,regime_conditional,0.2,observed,warehouse,1,0,1,0,6,6,True,True,False,1.0,1
46,switch_d0,regime_conditional,0.2,observed,transit_smooth,2,1,1,108,120,12,True,True,False,3.0,3
46,switch_d0,regime_conditional,0.2,observed,warehouse,3,1,1,48,54,6,True,True,False,5.0,5
46,switch_d0,regime_conditional,0.2,observed,warehouse,4,2,1,0,12,12,True,True,False,3.0,3
46,switch_d0,regime_conditional,0.2,observed,warehouse,5,2,0,12,18,6,True,True,False,3.0,3
46,switch_d0,regime_conditional,0.2,observed,transit_smooth,6,3,0,96,108,12,True,True,False,2.0,2
46,switch_d0,regime_conditional,0.2,observed,transit_rough,7,3,1,120,126,6,True,True,False,1.0,1
46,switch_d0,regime_conditional,0.2,observed,transit_smooth,8,4,2,0,12,12,True,True,False,3.0,3
46,switch_d0,regime_conditional,0.2,observed,transit_smooth,9,4,2,48,54,6,True,True,False,3.0,3
46,switch_d0,regime_conditional,0.2,observed,warehouse,10,5,1,144,156,12,True,True,False,0.0,0
46,switch_d0,regime_conditional,0.2,observed,transit_smooth,11,5,1,48,54,6,True,True,False,0.0,0
46,switch_d0,regime_conditional,0.2,observed,warehouse,12,6,0,132,144,12,True,True,False,2.0,2
46,switch_d0,regime_conditional,0.2,observed,transit_smooth,13,6,2,24,30,6,True,True,False,0.0,0
46,switch_d0,regime_conditional,0.2,observed,transit_rough,14,7,0,96,108,12,True,True,False,3.0,3
46,switch_d0,regime_conditional,0.2,observed,transit_rough,15,7,1,84,90,6,True,True,False,1.0,1
46,switch_d0,regime_conditional,0.2,observed,transit_rough,16,8,0,0,12,12,True,True,False,9.0,9
46,switch_d0,regime_conditional,0.2,observed,transit_smooth,17,8,2,156,162,6,True,True,False,1.0,1
46,switch_d0,regime_conditional,0.2,observed,transit_rough,18,9,0,24,36,12,True,True,False,1.0,1
46,switch_d0,regime_conditional,0.2,observed,transit_smooth,19,9,2,156,162,6,False,False,False,,6
46,switch_d0,regime_conditional,0.2,observed,transit_smooth,20,10,1,132,144,12,True,True,False,3.0,3
46,switch_d0,regime_conditional,0.2,observed,transit_rough,21,10,1,36,42,6,True,True,False,1.0,1
46,switch_d0,regime_conditional,0.2,observed,warehouse,22,11,0,108,120,12,True,True,False,2.0,2
46,switch_d0,regime_conditional,0.2,observed,warehouse,23,11,0,84,90,6,True,True,False,3.0,3
46,switch_d4,regime_marginal,1.0,clean,warehouse,0,0,2,48,60,12,False,False,False,,12
46,switch_d4,regime_marginal,1.0,clean,warehouse,1,0,1,0,6,6,False,False,False,,6
46,switch_d4,regime_marginal,1.0,clean,transit_smooth,2,1,1,108,120,12,False,False,False,,12
46,switch_d4,regime_marginal,1.0,clean,warehouse,3,1,1,48,54,6,False,False,True,,6
46,switch_d4,regime_marginal,1.0,clean,warehouse,4,2,1,0,12,12,False,False,False,,12
46,switch_d4,regime_marginal,1.0,clean,warehouse,5,2,0,12,18,6,False,False,False,,6
46,switch_d4,regime_marginal,1.0,clean,transit_smooth,6,3,0,96,108,12,False,False,False,,12
46,switch_d4,regime_marginal,1.0,clean,transit_rough,7,3,1,120,126,6,True,True,False,1.0,1
46,switch_d4,regime_marginal,1.0,clean,transit_smooth,8,4,2,0,12,12,False,False,False,,12
46,switch_d4,regime_marginal,1.0,clean,transit_smooth,9,4,2,48,54,6,False,False,False,,6
46,switch_d4,regime_marginal,1.0,clean,warehouse,10,5,1,144,156,12,True,True,False,2.0,2
46,switch_d4,regime_marginal,1.0,clean,transit_smooth,11,5,1,48,54,6,False,False,False,,6
46,switch_d4,regime_marginal,1.0,clean,warehouse,12,6,0,132,144,12,False,False,False,,12
46,switch_d4,regime_marginal,1.0,clean,transit_smooth,13,6,2,24,30,6,False,False,False,,6
46,switch_d4,regime_marginal,1.0,clean,transit_rough,14,7,0,96,108,12,False,False,False,,12
46,switch_d4,regime_marginal,1.0,clean,transit_rough,15,7,1,84,90,6,False,False,False,,6
46,switch_d4,regime_marginal,1.0,clean,transit_rough,16,8,0,0,12,12,True,True,False,4.0,4
46,switch_d4,regime_marginal,1.0,clean,transit_smooth,17,8,2,156,162,6,False,False,False,,6
46,switch_d4,regime_marginal,1.0,clean,transit_rough,18,9,0,24,36,12,False,False,False,,12
46,switch_d4,regime_marginal,1.0,clean,transit_smooth,19,9,2,156,162,6,False,False,False,,6
46,switch_d4,regime_marginal,1.0,clean,transit_smooth,20,10,1,132,144,12,False,False,False,,12
46,switch_d4,regime_marginal,1.0,clean,transit_rough,21,10,1,36,42,6,False,False,False,,6
46,switch_d4,regime_marginal,1.0,clean,warehouse,22,11,0,108,120,12,False,False,False,,12
46,switch_d4,regime_marginal,1.0,clean,warehouse,23,11,0,84,90,6,False,False,False,,6
46,switch_d4,regime_marginal,1.0,observed,warehouse,0,0,2,48,60,12,True,True,False,6.0,6
46,switch_d4,regime_marginal,1.0,observed,warehouse,1,0,1,0,6,6,True,True,False,1.0,1
46,switch_d4,regime_marginal,1.0,observed,transit_smooth,2,1,1,108,120,12,False,False,False,,12
46,switch_d4,regime_marginal,1.0,observed,warehouse,3,1,1,48,54,6,False,False,True,,6
46,switch_d4,regime_marginal,1.0,observed,warehouse,4,2,1,0,12,12,True,True,False,2.0,2
46,switch_d4,regime_marginal,1.0,observed,warehouse,5,2,0,12,18,6,True,True,False,2.0,2
46,switch_d4,regime_marginal,1.0,observed,transit_smooth,6,3,0,96,108,12,True,True,False,3.0,3
46,switch_d4,regime_marginal,1.0,observed,transit_rough,7,3,1,120,126,6,False,False,False,,6
46,switch_d4,regime_marginal,1.0,observed,transit_smooth,8,4,2,0,12,12,True,True,False,5.0,5
46,switch_d4,regime_marginal,1.0,observed,transit_smooth,9,4,2,48,54,6,False,False,False,,6
46,switch_d4,regime_marginal,1.0,observed,warehouse,10,5,1,144,156,12,True,True,False,0.0,0
46,switch_d4,regime_marginal,1.0,observed,transit_smooth,11,5,1,48,54,6,True,True,False,0.0,0
46,switch_d4,regime_marginal,1.0,observed,warehouse,12,6,0,132,144,12,True,True,False,1.0,1
46,switch_d4,regime_marginal,1.0,observed,transit_smooth,13,6,2,24,30,6,False,False,False,,6
46,switch_d4,regime_marginal,1.0,observed,transit_rough,14,7,0,96,108,12,True,True,False,0.0,0
46,switch_d4,regime_marginal,1.0,observed,transit_rough,15,7,1,84,90,6,True,True,False,1.0,1
46,switch_d4,regime_marginal,1.0,observed,transit_rough,16,8,0,0,12,12,False,False,False,,12
46,switch_d4,regime_marginal,1.0,observed,transit_smooth,17,8,2,156,162,6,True,True,False,0.0,0
46,switch_d4,regime_marginal,1.0,observed,transit_rough,18,9,0,24,36,12,True,True,False,1.0,1
46,switch_d4,regime_marginal,1.0,observed,transit_smooth,19,9,2,156,162,6,False,False,False,,6
46,switch_d4,regime_marginal,1.0,observed,transit_smooth,20,10,1,132,144,12,True,True,False,5.0,5
46,switch_d4,regime_marginal,1.0,observed,transit_rough,21,10,1,36,42,6,True,True,False,0.0,0
46,switch_d4,regime_marginal,1.0,observed,warehouse,22,11,0,108,120,12,True,True,False,2.0,2
46,switch_d4,regime_marginal,1.0,observed,warehouse,23,11,0,84,90,6,True,True,False,0.0,0
46,switch_d4,regime_marginal,0.2,clean,warehouse,0,0,2,48,60,12,False,False,False,,12
46,switch_d4,regime_marginal,0.2,clean,warehouse,1,0,1,0,6,6,False,False,False,,6
46,switch_d4,regime_marginal,0.2,clean,transit_smooth,2,1,1,108,120,12,False,False,False,,12
46,switch_d4,regime_marginal,0.2,clean,warehouse,3,1,1,48,54,6,False,False,False,,6
46,switch_d4,regime_marginal,0.2,clean,warehouse,4,2,1,0,12,12,False,False,False,,12
46,switch_d4,regime_marginal,0.2,clean,warehouse,5,2,0,12,18,6,False,False,False,,6
46,switch_d4,regime_marginal,0.2,clean,transit_smooth,6,3,0,96,108,12,False,False,False,,12
46,switch_d4,regime_marginal,0.2,clean,transit_rough,7,3,1,120,126,6,True,True,False,2.0,2
46,switch_d4,regime_marginal,0.2,clean,transit_smooth,8,4,2,0,12,12,False,False,False,,12
46,switch_d4,regime_marginal,0.2,clean,transit_smooth,9,4,2,48,54,6,False,False,False,,6
46,switch_d4,regime_marginal,0.2,clean,warehouse,10,5,1,144,156,12,True,True,False,2.0,2
46,switch_d4,regime_marginal,0.2,clean,transit_smooth,11,5,1,48,54,6,False,False,False,,6
46,switch_d4,regime_marginal,0.2,clean,warehouse,12,6,0,132,144,12,False,False,False,,12
46,switch_d4,regime_marginal,0.2,clean,transit_smooth,13,6,2,24,30,6,False,False,False,,6
46,switch_d4,regime_marginal,0.2,clean,transit_rough,14,7,0,96,108,12,False,False,False,,12
46,switch_d4,regime_marginal,0.2,clean,transit_rough,15,7,1,84,90,6,False,False,False,,6
46,switch_d4,regime_marginal,0.2,clean,transit_rough,16,8,0,0,12,12,False,False,False,,12
46,switch_d4,regime_marginal,0.2,clean,transit_smooth,17,8,2,156,162,6,False,False,False,,6
46,switch_d4,regime_marginal,0.2,clean,transit_rough,18,9,0,24,36,12,False,False,False,,12
46,switch_d4,regime_marginal,0.2,clean,transit_smooth,19,9,2,156,162,6,False,False,False,,6
46,switch_d4,regime_marginal,0.2,clean,transit_smooth,20,10,1,132,144,12,False,False,False,,12
46,switch_d4,regime_marginal,0.2,clean,transit_rough,21,10,1,36,42,6,False,False,False,,6
46,switch_d4,regime_marginal,0.2,clean,warehouse,22,11,0,108,120,12,False,False,False,,12
46,switch_d4,regime_marginal,0.2,clean,warehouse,23,11,0,84,90,6,False,False,False,,6
46,switch_d4,regime_marginal,0.2,observed,warehouse,0,0,2,48,60,12,True,True,False,5.0,5
46,switch_d4,regime_marginal,0.2,observed,warehouse,1,0,1,0,6,6,True,True,False,2.0,2
46,switch_d4,regime_marginal,0.2,observed,transit_smooth,2,1,1,108,120,12,False,False,False,,12
46,switch_d4,regime_marginal,0.2,observed,warehouse,3,1,1,48,54,6,False,False,False,,6
46,switch_d4,regime_marginal,0.2,observed,warehouse,4,2,1,0,12,12,True,True,False,3.0,3
46,switch_d4,regime_marginal,0.2,observed,warehouse,5,2,0,12,18,6,False,False,False,,6
46,switch_d4,regime_marginal,0.2,observed,transit_smooth,6,3,0,96,108,12,True,True,False,4.0,4
46,switch_d4,regime_marginal,0.2,observed,transit_rough,7,3,1,120,126,6,False,False,False,,6
46,switch_d4,regime_marginal,0.2,observed,transit_smooth,8,4,2,0,12,12,True,True,False,5.0,5
46,switch_d4,regime_marginal,0.2,observed,transit_smooth,9,4,2,48,54,6,True,True,False,5.0,5
46,switch_d4,regime_marginal,0.2,observed,warehouse,10,5,1,144,156,12,True,True,False,0.0,0
46,switch_d4,regime_marginal,0.2,observed,transit_smooth,11,5,1,48,54,6,True,True,False,1.0,1
46,switch_d4,regime_marginal,0.2,observed,warehouse,12,6,0,132,144,12,True,True,False,3.0,3
46,switch_d4,regime_marginal,0.2,observed,transit_smooth,13,6,2,24,30,6,True,True,False,3.0,3
46,switch_d4,regime_marginal,0.2,observed,transit_rough,14,7,0,96,108,12,True,True,False,3.0,3
46,switch_d4,regime_marginal,0.2,observed,transit_rough,15,7,1,84,90,6,True,True,False,2.0,2
46,switch_d4,regime_marginal,0.2,observed,transit_rough,16,8,0,0,12,12,False,False,False,,12
46,switch_d4,regime_marginal,0.2,observed,transit_smooth,17,8,2,156,162,6,True,True,False,4.0,4
46,switch_d4,regime_marginal,0.2,observed,transit_rough,18,9,0,24,36,12,True,True,False,5.0,5
46,switch_d4,regime_marginal,0.2,observed,transit_smooth,19,9,2,156,162,6,False,False,False,,6
46,switch_d4,regime_marginal,0.2,observed,transit_smooth,20,10,1,132,144,12,True,True,False,5.0,5
46,switch_d4,regime_marginal,0.2,observed,transit_rough,21,10,1,36,42,6,True,True,False,4.0,4
46,switch_d4,regime_marginal,0.2,observed,warehouse,22,11,0,108,120,12,True,True,False,2.0,2
46,switch_d4,regime_marginal,0.2,observed,warehouse,23,11,0,84,90,6,True,True,False,4.0,4
46,switch_d4,regime_conditional,1.0,clean,warehouse,0,0,2,48,60,12,False,False,False,,12
46,switch_d4,regime_conditional,1.0,clean,warehouse,1,0,1,0,6,6,True,True,False,2.0,2
46,switch_d4,regime_conditional,1.0,clean,transit_smooth,2,1,1,108,120,12,True,True,False,7.0,7
46,switch_d4,regime_conditional,1.0,clean,warehouse,3,1,1,48,54,6,False,False,True,,6
46,switch_d4,regime_conditional,1.0,clean,warehouse,4,2,1,0,12,12,False,False,False,,12
46,switch_d4,regime_conditional,1.0,clean,warehouse,5,2,0,12,18,6,False,False,False,,6
46,switch_d4,regime_conditional,1.0,clean,transit_smooth,6,3,0,96,108,12,False,False,False,,12
46,switch_d4,regime_conditional,1.0,clean,transit_rough,7,3,1,120,126,6,False,False,False,,6
46,switch_d4,regime_conditional,1.0,clean,transit_smooth,8,4,2,0,12,12,False,False,False,,12
46,switch_d4,regime_conditional,1.0,clean,transit_smooth,9,4,2,48,54,6,False,False,False,,6
46,switch_d4,regime_conditional,1.0,clean,warehouse,10,5,1,144,156,12,True,True,False,2.0,2
46,switch_d4,regime_conditional,1.0,clean,transit_smooth,11,5,1,48,54,6,False,False,False,,6
46,switch_d4,regime_conditional,1.0,clean,warehouse,12,6,0,132,144,12,False,False,False,,12
46,switch_d4,regime_conditional,1.0,clean,transit_smooth,13,6,2,24,30,6,False,False,False,,6
46,switch_d4,regime_conditional,1.0,clean,transit_rough,14,7,0,96,108,12,False,False,False,,12
46,switch_d4,regime_conditional,1.0,clean,transit_rough,15,7,1,84,90,6,False,False,False,,6
46,switch_d4,regime_conditional,1.0,clean,transit_rough,16,8,0,0,12,12,False,False,False,,12
46,switch_d4,regime_conditional,1.0,clean,transit_smooth,17,8,2,156,162,6,False,False,False,,6
46,switch_d4,regime_conditional,1.0,clean,transit_rough,18,9,0,24,36,12,False,False,False,,12
46,switch_d4,regime_conditional,1.0,clean,transit_smooth,19,9,2,156,162,6,False,False,False,,6
46,switch_d4,regime_conditional,1.0,clean,transit_smooth,20,10,1,132,144,12,False,False,False,,12
46,switch_d4,regime_conditional,1.0,clean,transit_rough,21,10,1,36,42,6,False,False,False,,6
46,switch_d4,regime_conditional,1.0,clean,warehouse,22,11,0,108,120,12,False,False,False,,12
46,switch_d4,regime_conditional,1.0,clean,warehouse,23,11,0,84,90,6,False,False,False,,6
46,switch_d4,regime_conditional,1.0,observed,warehouse,0,0,2,48,60,12,True,True,False,6.0,6
46,switch_d4,regime_conditional,1.0,observed,warehouse,1,0,1,0,6,6,True,True,False,0.0,0
46,switch_d4,regime_conditional,1.0,observed,transit_smooth,2,1,1,108,120,12,True,True,False,3.0,3
46,switch_d4,regime_conditional,1.0,observed,warehouse,3,1,1,48,54,6,True,True,True,5.0,5
46,switch_d4,regime_conditional,1.0,observed,warehouse,4,2,1,0,12,12,True,True,False,3.0,3
46,switch_d4,regime_conditional,1.0,observed,warehouse,5,2,0,12,18,6,True,True,False,1.0,1
46,switch_d4,regime_conditional,1.0,observed,transit_smooth,6,3,0,96,108,12,True,True,False,3.0,3
46,switch_d4,regime_conditional,1.0,observed,transit_rough,7,3,1,120,126,6,True,True,False,0.0,0
46,switch_d4,regime_conditional,1.0,observed,transit_smooth,8,4,2,0,12,12,True,True,False,3.0,3
46,switch_d4,regime_conditional,1.0,observed,transit_smooth,9,4,2,48,54,6,True,True,False,2.0,2
46,switch_d4,regime_conditional,1.0,observed,warehouse,10,5,1,144,156,12,True,True,False,0.0,0
46,switch_d4,regime_conditional,1.0,observed,transit_smooth,11,5,1,48,54,6,True,True,False,0.0,0
46,switch_d4,regime_conditional,1.0,observed,warehouse,12,6,0,132,144,12,True,True,False,1.0,1
46,switch_d4,regime_conditional,1.0,observed,transit_smooth,13,6,2,24,30,6,True,True,False,0.0,0
46,switch_d4,regime_conditional,1.0,observed,transit_rough,14,7,0,96,108,12,True,True,False,1.0,1
46,switch_d4,regime_conditional,1.0,observed,transit_rough,15,7,1,84,90,6,True,True,False,0.0,0
46,switch_d4,regime_conditional,1.0,observed,transit_rough,16,8,0,0,12,12,True,True,False,2.0,2
46,switch_d4,regime_conditional,1.0,observed,transit_smooth,17,8,2,156,162,6,True,True,False,0.0,0
46,switch_d4,regime_conditional,1.0,observed,transit_rough,18,9,0,24,36,12,True,True,False,1.0,1
46,switch_d4,regime_conditional,1.0,observed,transit_smooth,19,9,2,156,162,6,False,False,False,,6
46,switch_d4,regime_conditional,1.0,observed,transit_smooth,20,10,1,132,144,12,True,True,False,4.0,4
46,switch_d4,regime_conditional,1.0,observed,transit_rough,21,10,1,36,42,6,True,True,False,0.0,0
46,switch_d4,regime_conditional,1.0,observed,warehouse,22,11,0,108,120,12,True,True,False,1.0,1
46,switch_d4,regime_conditional,1.0,observed,warehouse,23,11,0,84,90,6,True,True,False,0.0,0
46,switch_d4,regime_conditional,0.2,clean,warehouse,0,0,2,48,60,12,False,False,False,,12
46,switch_d4,regime_conditional,0.2,clean,warehouse,1,0,1,0,6,6,False,False,False,,6
46,switch_d4,regime_conditional,0.2,clean,transit_smooth,2,1,1,108,120,12,True,True,False,7.0,7
46,switch_d4,regime_conditional,0.2,clean,warehouse,3,1,1,48,54,6,False,False,False,,6
46,switch_d4,regime_conditional,0.2,clean,warehouse,4,2,1,0,12,12,False,False,False,,12
46,switch_d4,regime_conditional,0.2,clean,warehouse,5,2,0,12,18,6,False,False,False,,6
46,switch_d4,regime_conditional,0.2,clean,transit_smooth,6,3,0,96,108,12,False,False,False,,12
46,switch_d4,regime_conditional,0.2,clean,transit_rough,7,3,1,120,126,6,False,False,False,,6
46,switch_d4,regime_conditional,0.2,clean,transit_smooth,8,4,2,0,12,12,False,False,False,,12
46,switch_d4,regime_conditional,0.2,clean,transit_smooth,9,4,2,48,54,6,False,False,False,,6
46,switch_d4,regime_conditional,0.2,clean,warehouse,10,5,1,144,156,12,True,True,False,2.0,2
46,switch_d4,regime_conditional,0.2,clean,transit_smooth,11,5,1,48,54,6,False,False,False,,6
46,switch_d4,regime_conditional,0.2,clean,warehouse,12,6,0,132,144,12,False,False,False,,12
46,switch_d4,regime_conditional,0.2,clean,transit_smooth,13,6,2,24,30,6,False,False,False,,6
46,switch_d4,regime_conditional,0.2,clean,transit_rough,14,7,0,96,108,12,False,False,False,,12
46,switch_d4,regime_conditional,0.2,clean,transit_rough,15,7,1,84,90,6,False,False,False,,6
46,switch_d4,regime_conditional,0.2,clean,transit_rough,16,8,0,0,12,12,False,False,False,,12
46,switch_d4,regime_conditional,0.2,clean,transit_smooth,17,8,2,156,162,6,False,False,False,,6
46,switch_d4,regime_conditional,0.2,clean,transit_rough,18,9,0,24,36,12,False,False,False,,12
46,switch_d4,regime_conditional,0.2,clean,transit_smooth,19,9,2,156,162,6,False,False,False,,6
46,switch_d4,regime_conditional,0.2,clean,transit_smooth,20,10,1,132,144,12,False,False,False,,12
46,switch_d4,regime_conditional,0.2,clean,transit_rough,21,10,1,36,42,6,False,False,False,,6
46,switch_d4,regime_conditional,0.2,clean,warehouse,22,11,0,108,120,12,False,False,False,,12
46,switch_d4,regime_conditional,0.2,clean,warehouse,23,11,0,84,90,6,False,False,False,,6
46,switch_d4,regime_conditional,0.2,observed,warehouse,0,0,2,48,60,12,True,True,False,3.0,3
46,switch_d4,regime_conditional,0.2,observed,warehouse,1,0,1,0,6,6,True,True,False,1.0,1
46,switch_d4,regime_conditional,0.2,observed,transit_smooth,2,1,1,108,120,12,True,True,False,3.0,3
46,switch_d4,regime_conditional,0.2,observed,warehouse,3,1,1,48,54,6,True,True,False,5.0,5
46,switch_d4,regime_conditional,0.2,observed,warehouse,4,2,1,0,12,12,True,True,False,3.0,3
46,switch_d4,regime_conditional,0.2,observed,warehouse,5,2,0,12,18,6,True,True,False,3.0,3
46,switch_d4,regime_conditional,0.2,observed,transit_smooth,6,3,0,96,108,12,True,True,False,2.0,2
46,switch_d4,regime_conditional,0.2,observed,transit_rough,7,3,1,120,126,6,True,True,False,1.0,1
46,switch_d4,regime_conditional,0.2,observed,transit_smooth,8,4,2,0,12,12,True,True,False,3.0,3
46,switch_d4,regime_conditional,0.2,observed,transit_smooth,9,4,2,48,54,6,True,True,False,3.0,3
46,switch_d4,regime_conditional,0.2,observed,warehouse,10,5,1,144,156,12,True,True,False,0.0,0
46,switch_d4,regime_conditional,0.2,observed,transit_smooth,11,5,1,48,54,6,True,True,False,0.0,0
46,switch_d4,regime_conditional,0.2,observed,warehouse,12,6,0,132,144,12,True,True,False,2.0,2
46,switch_d4,regime_conditional,0.2,observed,transit_smooth,13,6,2,24,30,6,True,True,False,0.0,0
46,switch_d4,regime_conditional,0.2,observed,transit_rough,14,7,0,96,108,12,True,True,False,3.0,3
46,switch_d4,regime_conditional,0.2,observed,transit_rough,15,7,1,84,90,6,True,True,False,1.0,1
46,switch_d4,regime_conditional,0.2,observed,transit_rough,16,8,0,0,12,12,True,True,False,9.0,9
46,switch_d4,regime_conditional,0.2,observed,transit_smooth,17,8,2,156,162,6,True,True,False,1.0,1
46,switch_d4,regime_conditional,0.2,observed,transit_rough,18,9,0,24,36,12,True,True,False,1.0,1
46,switch_d4,regime_conditional,0.2,observed,transit_smooth,19,9,2,156,162,6,False,False,False,,6
46,switch_d4,regime_conditional,0.2,observed,transit_smooth,20,10,1,132,144,12,True,True,False,3.0,3
46,switch_d4,regime_conditional,0.2,observed,transit_rough,21,10,1,36,42,6,True,True,False,1.0,1
46,switch_d4,regime_conditional,0.2,observed,warehouse,22,11,0,108,120,12,True,True,False,2.0,2
46,switch_d4,regime_conditional,0.2,observed,warehouse,23,11,0,84,90,6,True,True,False,3.0,3
46,switch_d12,regime_marginal,1.0,clean,warehouse,0,0,2,48,60,12,False,False,False,,12
46,switch_d12,regime_marginal,1.0,clean,warehouse,1,0,1,0,6,6,False,False,False,,6
46,switch_d12,regime_marginal,1.0,clean,transit_smooth,2,1,1,108,120,12,False,False,False,,12
46,switch_d12,regime_marginal,1.0,clean,warehouse,3,1,1,48,54,6,False,False,True,,6
46,switch_d12,regime_marginal,1.0,clean,warehouse,4,2,1,0,12,12,False,False,False,,12
46,switch_d12,regime_marginal,1.0,clean,warehouse,5,2,0,12,18,6,False,False,False,,6
46,switch_d12,regime_marginal,1.0,clean,transit_smooth,6,3,0,96,108,12,False,False,False,,12
46,switch_d12,regime_marginal,1.0,clean,transit_rough,7,3,1,120,126,6,True,True,False,1.0,1
46,switch_d12,regime_marginal,1.0,clean,transit_smooth,8,4,2,0,12,12,False,False,False,,12
46,switch_d12,regime_marginal,1.0,clean,transit_smooth,9,4,2,48,54,6,False,False,False,,6
46,switch_d12,regime_marginal,1.0,clean,warehouse,10,5,1,144,156,12,True,True,False,2.0,2
46,switch_d12,regime_marginal,1.0,clean,transit_smooth,11,5,1,48,54,6,False,False,False,,6
46,switch_d12,regime_marginal,1.0,clean,warehouse,12,6,0,132,144,12,False,False,True,,12
46,switch_d12,regime_marginal,1.0,clean,transit_smooth,13,6,2,24,30,6,False,False,False,,6
46,switch_d12,regime_marginal,1.0,clean,transit_rough,14,7,0,96,108,12,False,False,False,,12
46,switch_d12,regime_marginal,1.0,clean,transit_rough,15,7,1,84,90,6,False,False,False,,6
46,switch_d12,regime_marginal,1.0,clean,transit_rough,16,8,0,0,12,12,True,True,False,4.0,4
46,switch_d12,regime_marginal,1.0,clean,transit_smooth,17,8,2,156,162,6,False,False,False,,6
46,switch_d12,regime_marginal,1.0,clean,transit_rough,18,9,0,24,36,12,False,False,False,,12
46,switch_d12,regime_marginal,1.0,clean,transit_smooth,19,9,2,156,162,6,False,False,False,,6
46,switch_d12,regime_marginal,1.0,clean,transit_smooth,20,10,1,132,144,12,False,False,False,,12
46,switch_d12,regime_marginal,1.0,clean,transit_rough,21,10,1,36,42,6,False,False,False,,6
46,switch_d12,regime_marginal,1.0,clean,warehouse,22,11,0,108,120,12,False,False,False,,12
46,switch_d12,regime_marginal,1.0,clean,warehouse,23,11,0,84,90,6,False,False,False,,6
46,switch_d12,regime_marginal,1.0,observed,warehouse,0,0,2,48,60,12,True,True,False,6.0,6
46,switch_d12,regime_marginal,1.0,observed,warehouse,1,0,1,0,6,6,True,True,False,1.0,1
46,switch_d12,regime_marginal,1.0,observed,transit_smooth,2,1,1,108,120,12,False,False,False,,12
46,switch_d12,regime_marginal,1.0,observed,warehouse,3,1,1,48,54,6,False,False,True,,6
46,switch_d12,regime_marginal,1.0,observed,warehouse,4,2,1,0,12,12,True,True,False,2.0,2
46,switch_d12,regime_marginal,1.0,observed,warehouse,5,2,0,12,18,6,True,True,False,2.0,2
46,switch_d12,regime_marginal,1.0,observed,transit_smooth,6,3,0,96,108,12,True,True,False,3.0,3
46,switch_d12,regime_marginal,1.0,observed,transit_rough,7,3,1,120,126,6,False,False,False,,6
46,switch_d12,regime_marginal,1.0,observed,transit_smooth,8,4,2,0,12,12,True,True,False,5.0,5
46,switch_d12,regime_marginal,1.0,observed,transit_smooth,9,4,2,48,54,6,False,False,False,,6
46,switch_d12,regime_marginal,1.0,observed,warehouse,10,5,1,144,156,12,True,True,False,0.0,0
46,switch_d12,regime_marginal,1.0,observed,transit_smooth,11,5,1,48,54,6,True,True,False,0.0,0
46,switch_d12,regime_marginal,1.0,observed,warehouse,12,6,0,132,144,12,True,True,True,1.0,1
46,switch_d12,regime_marginal,1.0,observed,transit_smooth,13,6,2,24,30,6,False,False,False,,6
46,switch_d12,regime_marginal,1.0,observed,transit_rough,14,7,0,96,108,12,True,True,False,0.0,0
46,switch_d12,regime_marginal,1.0,observed,transit_rough,15,7,1,84,90,6,True,True,False,1.0,1
46,switch_d12,regime_marginal,1.0,observed,transit_rough,16,8,0,0,12,12,False,False,False,,12
46,switch_d12,regime_marginal,1.0,observed,transit_smooth,17,8,2,156,162,6,True,True,False,0.0,0
46,switch_d12,regime_marginal,1.0,observed,transit_rough,18,9,0,24,36,12,True,True,False,1.0,1
46,switch_d12,regime_marginal,1.0,observed,transit_smooth,19,9,2,156,162,6,False,False,False,,6
46,switch_d12,regime_marginal,1.0,observed,transit_smooth,20,10,1,132,144,12,True,True,False,5.0,5
46,switch_d12,regime_marginal,1.0,observed,transit_rough,21,10,1,36,42,6,True,True,False,0.0,0
46,switch_d12,regime_marginal,1.0,observed,warehouse,22,11,0,108,120,12,True,True,False,2.0,2
46,switch_d12,regime_marginal,1.0,observed,warehouse,23,11,0,84,90,6,True,True,False,0.0,0
46,switch_d12,regime_marginal,0.2,clean,warehouse,0,0,2,48,60,12,False,False,False,,12
46,switch_d12,regime_marginal,0.2,clean,warehouse,1,0,1,0,6,6,False,False,False,,6
46,switch_d12,regime_marginal,0.2,clean,transit_smooth,2,1,1,108,120,12,False,False,False,,12
46,switch_d12,regime_marginal,0.2,clean,warehouse,3,1,1,48,54,6,False,False,False,,6
46,switch_d12,regime_marginal,0.2,clean,warehouse,4,2,1,0,12,12,False,False,False,,12
46,switch_d12,regime_marginal,0.2,clean,warehouse,5,2,0,12,18,6,False,False,False,,6
46,switch_d12,regime_marginal,0.2,clean,transit_smooth,6,3,0,96,108,12,False,False,False,,12
46,switch_d12,regime_marginal,0.2,clean,transit_rough,7,3,1,120,126,6,True,True,False,2.0,2
46,switch_d12,regime_marginal,0.2,clean,transit_smooth,8,4,2,0,12,12,False,False,False,,12
46,switch_d12,regime_marginal,0.2,clean,transit_smooth,9,4,2,48,54,6,False,False,False,,6
46,switch_d12,regime_marginal,0.2,clean,warehouse,10,5,1,144,156,12,True,True,False,2.0,2
46,switch_d12,regime_marginal,0.2,clean,transit_smooth,11,5,1,48,54,6,False,False,False,,6
46,switch_d12,regime_marginal,0.2,clean,warehouse,12,6,0,132,144,12,False,False,True,,12
46,switch_d12,regime_marginal,0.2,clean,transit_smooth,13,6,2,24,30,6,False,False,False,,6
46,switch_d12,regime_marginal,0.2,clean,transit_rough,14,7,0,96,108,12,False,False,False,,12
46,switch_d12,regime_marginal,0.2,clean,transit_rough,15,7,1,84,90,6,False,False,False,,6
46,switch_d12,regime_marginal,0.2,clean,transit_rough,16,8,0,0,12,12,False,False,False,,12
46,switch_d12,regime_marginal,0.2,clean,transit_smooth,17,8,2,156,162,6,False,False,False,,6
46,switch_d12,regime_marginal,0.2,clean,transit_rough,18,9,0,24,36,12,False,False,False,,12
46,switch_d12,regime_marginal,0.2,clean,transit_smooth,19,9,2,156,162,6,False,False,False,,6
46,switch_d12,regime_marginal,0.2,clean,transit_smooth,20,10,1,132,144,12,False,False,False,,12
46,switch_d12,regime_marginal,0.2,clean,transit_rough,21,10,1,36,42,6,False,False,False,,6
46,switch_d12,regime_marginal,0.2,clean,warehouse,22,11,0,108,120,12,False,False,False,,12
46,switch_d12,regime_marginal,0.2,clean,warehouse,23,11,0,84,90,6,False,False,False,,6
46,switch_d12,regime_marginal,0.2,observed,warehouse,0,0,2,48,60,12,True,True,False,5.0,5
46,switch_d12,regime_marginal,0.2,observed,warehouse,1,0,1,0,6,6,True,True,False,2.0,2
46,switch_d12,regime_marginal,0.2,observed,transit_smooth,2,1,1,108,120,12,False,False,False,,12
46,switch_d12,regime_marginal,0.2,observed,warehouse,3,1,1,48,54,6,False,False,False,,6
46,switch_d12,regime_marginal,0.2,observed,warehouse,4,2,1,0,12,12,True,True,False,3.0,3
46,switch_d12,regime_marginal,0.2,observed,warehouse,5,2,0,12,18,6,False,False,False,,6
46,switch_d12,regime_marginal,0.2,observed,transit_smooth,6,3,0,96,108,12,True,True,False,4.0,4
46,switch_d12,regime_marginal,0.2,observed,transit_rough,7,3,1,120,126,6,False,False,False,,6
46,switch_d12,regime_marginal,0.2,observed,transit_smooth,8,4,2,0,12,12,True,True,False,5.0,5
46,switch_d12,regime_marginal,0.2,observed,transit_smooth,9,4,2,48,54,6,True,True,False,5.0,5
46,switch_d12,regime_marginal,0.2,observed,warehouse,10,5,1,144,156,12,True,True,False,0.0,0
46,switch_d12,regime_marginal,0.2,observed,transit_smooth,11,5,1,48,54,6,True,True,False,1.0,1
46,switch_d12,regime_marginal,0.2,observed,warehouse,12,6,0,132,144,12,True,True,True,3.0,3
46,switch_d12,regime_marginal,0.2,observed,transit_smooth,13,6,2,24,30,6,True,True,False,3.0,3
46,switch_d12,regime_marginal,0.2,observed,transit_rough,14,7,0,96,108,12,True,True,False,3.0,3
46,switch_d12,regime_marginal,0.2,observed,transit_rough,15,7,1,84,90,6,True,True,False,2.0,2
46,switch_d12,regime_marginal,0.2,observed,transit_rough,16,8,0,0,12,12,False,False,False,,12
46,switch_d12,regime_marginal,0.2,observed,transit_smooth,17,8,2,156,162,6,True,True,False,4.0,4
46,switch_d12,regime_marginal,0.2,observed,transit_rough,18,9,0,24,36,12,True,True,False,5.0,5
46,switch_d12,regime_marginal,0.2,observed,transit_smooth,19,9,2,156,162,6,False,False,False,,6
46,switch_d12,regime_marginal,0.2,observed,transit_smooth,20,10,1,132,144,12,True,True,False,5.0,5
46,switch_d12,regime_marginal,0.2,observed,transit_rough,21,10,1,36,42,6,True,True,False,4.0,4
46,switch_d12,regime_marginal,0.2,observed,warehouse,22,11,0,108,120,12,True,True,False,2.0,2
46,switch_d12,regime_marginal,0.2,observed,warehouse,23,11,0,84,90,6,True,True,False,4.0,4
46,switch_d12,regime_conditional,1.0,clean,warehouse,0,0,2,48,60,12,False,False,False,,12
46,switch_d12,regime_conditional,1.0,clean,warehouse,1,0,1,0,6,6,True,True,False,2.0,2
46,switch_d12,regime_conditional,1.0,clean,transit_smooth,2,1,1,108,120,12,True,True,False,7.0,7
46,switch_d12,regime_conditional,1.0,clean,warehouse,3,1,1,48,54,6,False,False,True,,6
46,switch_d12,regime_conditional,1.0,clean,warehouse,4,2,1,0,12,12,False,False,False,,12
46,switch_d12,regime_conditional,1.0,clean,warehouse,5,2,0,12,18,6,False,False,False,,6
46,switch_d12,regime_conditional,1.0,clean,transit_smooth,6,3,0,96,108,12,False,False,False,,12
46,switch_d12,regime_conditional,1.0,clean,transit_rough,7,3,1,120,126,6,False,False,False,,6
46,switch_d12,regime_conditional,1.0,clean,transit_smooth,8,4,2,0,12,12,False,False,False,,12
46,switch_d12,regime_conditional,1.0,clean,transit_smooth,9,4,2,48,54,6,False,False,False,,6
46,switch_d12,regime_conditional,1.0,clean,warehouse,10,5,1,144,156,12,True,True,False,2.0,2
46,switch_d12,regime_conditional,1.0,clean,transit_smooth,11,5,1,48,54,6,False,False,False,,6
46,switch_d12,regime_conditional,1.0,clean,warehouse,12,6,0,132,144,12,False,False,False,,12
46,switch_d12,regime_conditional,1.0,clean,transit_smooth,13,6,2,24,30,6,False,False,False,,6
46,switch_d12,regime_conditional,1.0,clean,transit_rough,14,7,0,96,108,12,False,False,False,,12
46,switch_d12,regime_conditional,1.0,clean,transit_rough,15,7,1,84,90,6,False,False,False,,6
46,switch_d12,regime_conditional,1.0,clean,transit_rough,16,8,0,0,12,12,False,False,False,,12
46,switch_d12,regime_conditional,1.0,clean,transit_smooth,17,8,2,156,162,6,False,False,False,,6
46,switch_d12,regime_conditional,1.0,clean,transit_rough,18,9,0,24,36,12,False,False,False,,12
46,switch_d12,regime_conditional,1.0,clean,transit_smooth,19,9,2,156,162,6,False,False,False,,6
46,switch_d12,regime_conditional,1.0,clean,transit_smooth,20,10,1,132,144,12,False,False,True,,12
46,switch_d12,regime_conditional,1.0,clean,transit_rough,21,10,1,36,42,6,False,False,False,,6
46,switch_d12,regime_conditional,1.0,clean,warehouse,22,11,0,108,120,12,False,False,False,,12
46,switch_d12,regime_conditional,1.0,clean,warehouse,23,11,0,84,90,6,False,False,False,,6
46,switch_d12,regime_conditional,1.0,observed,warehouse,0,0,2,48,60,12,True,True,False,6.0,6
46,switch_d12,regime_conditional,1.0,observed,warehouse,1,0,1,0,6,6,True,True,False,0.0,0
46,switch_d12,regime_conditional,1.0,observed,transit_smooth,2,1,1,108,120,12,True,True,False,3.0,3
46,switch_d12,regime_conditional,1.0,observed,warehouse,3,1,1,48,54,6,True,True,True,5.0,5
46,switch_d12,regime_conditional,1.0,observed,warehouse,4,2,1,0,12,12,True,True,False,3.0,3
46,switch_d12,regime_conditional,1.0,observed,warehouse,5,2,0,12,18,6,True,True,False,1.0,1
46,switch_d12,regime_conditional,1.0,observed,transit_smooth,6,3,0,96,108,12,True,True,False,3.0,3
46,switch_d12,regime_conditional,1.0,observed,transit_rough,7,3,1,120,126,6,True,True,False,0.0,0
46,switch_d12,regime_conditional,1.0,observed,transit_smooth,8,4,2,0,12,12,True,True,False,3.0,3
46,switch_d12,regime_conditional,1.0,observed,transit_smooth,9,4,2,48,54,6,True,True,False,2.0,2
46,switch_d12,regime_conditional,1.0,observed,warehouse,10,5,1,144,156,12,True,True,False,0.0,0
46,switch_d12,regime_conditional,1.0,observed,transit_smooth,11,5,1,48,54,6,True,True,False,0.0,0
46,switch_d12,regime_conditional,1.0,observed,warehouse,12,6,0,132,144,12,True,True,False,1.0,1
46,switch_d12,regime_conditional,1.0,observed,transit_smooth,13,6,2,24,30,6,True,True,False,0.0,0
46,switch_d12,regime_conditional,1.0,observed,transit_rough,14,7,0,96,108,12,True,True,False,1.0,1
46,switch_d12,regime_conditional,1.0,observed,transit_rough,15,7,1,84,90,6,True,True,False,0.0,0
46,switch_d12,regime_conditional,1.0,observed,transit_rough,16,8,0,0,12,12,True,True,False,2.0,2
46,switch_d12,regime_conditional,1.0,observed,transit_smooth,17,8,2,156,162,6,True,True,False,0.0,0
46,switch_d12,regime_conditional,1.0,observed,transit_rough,18,9,0,24,36,12,True,True,False,1.0,1
46,switch_d12,regime_conditional,1.0,observed,transit_smooth,19,9,2,156,162,6,False,False,False,,6
46,switch_d12,regime_conditional,1.0,observed,transit_smooth,20,10,1,132,144,12,True,True,True,4.0,4
46,switch_d12,regime_conditional,1.0,observed,transit_rough,21,10,1,36,42,6,True,True,False,0.0,0
46,switch_d12,regime_conditional,1.0,observed,warehouse,22,11,0,108,120,12,True,True,False,1.0,1
46,switch_d12,regime_conditional,1.0,observed,warehouse,23,11,0,84,90,6,True,True,False,0.0,0
46,switch_d12,regime_conditional,0.2,clean,warehouse,0,0,2,48,60,12,False,False,False,,12
46,switch_d12,regime_conditional,0.2,clean,warehouse,1,0,1,0,6,6,False,False,False,,6
46,switch_d12,regime_conditional,0.2,clean,transit_smooth,2,1,1,108,120,12,True,True,False,7.0,7
46,switch_d12,regime_conditional,0.2,clean,warehouse,3,1,1,48,54,6,False,False,False,,6
46,switch_d12,regime_conditional,0.2,clean,warehouse,4,2,1,0,12,12,False,False,False,,12
46,switch_d12,regime_conditional,0.2,clean,warehouse,5,2,0,12,18,6,False,False,False,,6
46,switch_d12,regime_conditional,0.2,clean,transit_smooth,6,3,0,96,108,12,False,False,False,,12
46,switch_d12,regime_conditional,0.2,clean,transit_rough,7,3,1,120,126,6,False,False,False,,6
46,switch_d12,regime_conditional,0.2,clean,transit_smooth,8,4,2,0,12,12,False,False,False,,12
46,switch_d12,regime_conditional,0.2,clean,transit_smooth,9,4,2,48,54,6,False,False,False,,6
46,switch_d12,regime_conditional,0.2,clean,warehouse,10,5,1,144,156,12,True,True,False,2.0,2
46,switch_d12,regime_conditional,0.2,clean,transit_smooth,11,5,1,48,54,6,False,False,False,,6
46,switch_d12,regime_conditional,0.2,clean,warehouse,12,6,0,132,144,12,False,False,False,,12
46,switch_d12,regime_conditional,0.2,clean,transit_smooth,13,6,2,24,30,6,False,False,False,,6
46,switch_d12,regime_conditional,0.2,clean,transit_rough,14,7,0,96,108,12,False,False,False,,12
46,switch_d12,regime_conditional,0.2,clean,transit_rough,15,7,1,84,90,6,False,False,False,,6
46,switch_d12,regime_conditional,0.2,clean,transit_rough,16,8,0,0,12,12,False,False,False,,12
46,switch_d12,regime_conditional,0.2,clean,transit_smooth,17,8,2,156,162,6,False,False,False,,6
46,switch_d12,regime_conditional,0.2,clean,transit_rough,18,9,0,24,36,12,False,False,False,,12
46,switch_d12,regime_conditional,0.2,clean,transit_smooth,19,9,2,156,162,6,False,False,False,,6
46,switch_d12,regime_conditional,0.2,clean,transit_smooth,20,10,1,132,144,12,False,False,True,,12
46,switch_d12,regime_conditional,0.2,clean,transit_rough,21,10,1,36,42,6,False,False,False,,6
46,switch_d12,regime_conditional,0.2,clean,warehouse,22,11,0,108,120,12,False,False,False,,12
46,switch_d12,regime_conditional,0.2,clean,warehouse,23,11,0,84,90,6,False,False,False,,6
46,switch_d12,regime_conditional,0.2,observed,warehouse,0,0,2,48,60,12,True,True,False,3.0,3
46,switch_d12,regime_conditional,0.2,observed,warehouse,1,0,1,0,6,6,True,True,False,1.0,1
46,switch_d12,regime_conditional,0.2,observed,transit_smooth,2,1,1,108,120,12,True,True,False,3.0,3
46,switch_d12,regime_conditional,0.2,observed,warehouse,3,1,1,48,54,6,True,True,False,5.0,5
46,switch_d12,regime_conditional,0.2,observed,warehouse,4,2,1,0,12,12,True,True,False,3.0,3
46,switch_d12,regime_conditional,0.2,observed,warehouse,5,2,0,12,18,6,True,True,False,3.0,3
46,switch_d12,regime_conditional,0.2,observed,transit_smooth,6,3,0,96,108,12,True,True,False,2.0,2
46,switch_d12,regime_conditional,0.2,observed,transit_rough,7,3,1,120,126,6,True,True,False,1.0,1
46,switch_d12,regime_conditional,0.2,observed,transit_smooth,8,4,2,0,12,12,True,True,False,3.0,3
46,switch_d12,regime_conditional,0.2,observed,transit_smooth,9,4,2,48,54,6,True,True,False,3.0,3
46,switch_d12,regime_conditional,0.2,observed,warehouse,10,5,1,144,156,12,True,True,False,0.0,0
46,switch_d12,regime_conditional,0.2,observed,transit_smooth,11,5,1,48,54,6,True,True,False,0.0,0
46,switch_d12,regime_conditional,0.2,observed,warehouse,12,6,0,132,144,12,True,True,False,2.0,2
46,switch_d12,regime_conditional,0.2,observed,transit_smooth,13,6,2,24,30,6,True,True,False,0.0,0
46,switch_d12,regime_conditional,0.2,observed,transit_rough,14,7,0,96,108,12,True,True,False,3.0,3
46,switch_d12,regime_conditional,0.2,observed,transit_rough,15,7,1,84,90,6,True,True,False,1.0,1
46,switch_d12,regime_conditional,0.2,observed,transit_rough,16,8,0,0,12,12,True,True,False,9.0,9
46,switch_d12,regime_conditional,0.2,observed,transit_smooth,17,8,2,156,162,6,True,True,False,1.0,1
46,switch_d12,regime_conditional,0.2,observed,transit_rough,18,9,0,24,36,12,True,True,False,1.0,1
46,switch_d12,regime_conditional,0.2,observed,transit_smooth,19,9,2,156,162,6,False,False,False,,6
46,switch_d12,regime_conditional,0.2,observed,transit_smooth,20,10,1,132,144,12,True,True,True,3.0,3
46,switch_d12,regime_conditional,0.2,observed,transit_rough,21,10,1,36,42,6,True,True,False,1.0,1
46,switch_d12,regime_conditional,0.2,observed,warehouse,22,11,0,108,120,12,True,True,False,2.0,2
46,switch_d12,regime_conditional,0.2,observed,warehouse,23,11,0,84,90,6,True,True,False,3.0,3
