seed,scenario,method,alpha,view,regime,window,n_cells,positive_cells,tp,fp,fn,tn,precision,recall,f1,clean_channel_fpr,average_precision,top1_localization,localization_rows,bystander_fpr,bystander_cells,clean_row_alarm_rate,score_coverage,common_complete_row_fraction,top1_random_baseline,all_faults_row_recall,exact_fault_set_rate,post_event_cells,post_event_fpr,false_onsets_per_1000_clean_cells
42,steady_m05,regime_marginal,1.0,clean,all,all,6480,0,0,50,0,6430,0.0,,0.0,0.007716049382716049,,,0,,0,0.022685185185185187,1.0,1.0,,,,270,0.011111111111111112,7.407407407407407
42,steady_m05,regime_marginal,1.0,clean,all,stable,6480,0,0,50,0,6430,0.0,,0.0,0.007716049382716049,,,0,,0,0.022685185185185187,1.0,1.0,,,,270,0.011111111111111112,7.407407407407407
42,steady_m05,regime_marginal,1.0,clean,warehouse,all,2160,0,0,23,0,2137,0.0,,0.0,0.010648148148148148,,,0,,0,0.030555555555555555,1.0,1.0,,,,96,0.020833333333333332,9.722222222222221
42,steady_m05,regime_marginal,1.0,clean,warehouse,stable,2160,0,0,23,0,2137,0.0,,0.0,0.010648148148148148,,,0,,0,0.030555555555555555,1.0,1.0,,,,96,0.020833333333333332,9.722222222222221
42,steady_m05,regime_marginal,1.0,clean,transit_smooth,all,2160,0,0,15,0,2145,0.0,,0.0,0.006944444444444444,,,0,,0,0.020833333333333332,1.0,1.0,,,,84,0.0,6.944444444444445
42,steady_m05,regime_marginal,1.0,clean,transit_smooth,stable,2160,0,0,15,0,2145,0.0,,0.0,0.006944444444444444,,,0,,0,0.020833333333333332,1.0,1.0,,,,84,0.0,6.944444444444445
42,steady_m05,regime_marginal,1.0,clean,transit_rough,all,2160,0,0,12,0,2148,0.0,,0.0,0.005555555555555556,,,0,,0,0.016666666666666666,1.0,1.0,,,,90,0.011111111111111112,5.555555555555555
42,steady_m05,regime_marginal,1.0,clean,transit_rough,stable,2160,0,0,12,0,2148,0.0,,0.0,0.005555555555555556,,,0,,0,0.016666666666666666,1.0,1.0,,,,90,0.011111111111111112,5.555555555555555
42,steady_m05,regime_marginal,1.0,observed,all,all,6480,216,2,50,214,6214,0.038461538461538464,0.009259259259259259,0.014925373134328358,0.007982120051085569,0.039848309532607575,0.39814814814814814,216,0.0,432,0.025205761316872428,1.0,1.0,0.3333333333333333,0.009259259259259259,0.009259259259259259,270,0.011111111111111112,7.662835249042145
42,steady_m05,regime_marginal,1.0,observed,all,stable,6480,216,2,50,214,6214,0.038461538461538464,0.009259259259259259,0.014925373134328358,0.007982120051085569,0.039848309532607575,0.39814814814814814,216,0.0,432,0.025205761316872428,1.0,1.0,0.3333333333333333,0.009259259259259259,0.009259259259259259,270,0.011111111111111112,7.662835249042145
42,steady_m05,regime_marginal,1.0,observed,warehouse,all,2160,72,1,23,71,2065,0.041666666666666664,0.013888888888888888,0.020833333333333332,0.011015325670498084,0.0400280411199125,0.4305555555555556,72,0.0,144,0.033950617283950615,1.0,1.0,0.3333333333333333,0.013888888888888888,0.013888888888888888,96,0.020833333333333332,10.057471264367816
42,steady_m05,regime_marginal,1.0,observed,warehouse,stable,2160,72,1,23,71,2065,0.041666666666666664,0.013888888888888888,0.020833333333333332,0.011015325670498084,0.0400280411199125,0.4305555555555556,72,0.0,144,0.033950617283950615,1.0,1.0,0.3333333333333333,0.013888888888888888,0.013888888888888888,96,0.020833333333333332,10.057471264367816
42,steady_m05,regime_marginal,1.0,observed,transit_smooth,all,2160,72,1,15,71,2073,0.0625,0.013888888888888888,0.022727272727272728,0.007183908045977011,0.03657108076678114,0.3333333333333333,72,0.0,144,0.023148148148148147,1.0,1.0,0.3333333333333333,0.013888888888888888,0.013888888888888888,84,0.0,7.183908045977011
42,steady_m05,regime_marginal,1.0,observed,transit_smooth,stable,2160,72,1,15,71,2073,0.0625,0.013888888888888888,0.022727272727272728,0.007183908045977011,0.03657108076678114,0.3333333333333333,72,0.0,144,0.023148148148148147,1.0,1.0,0.3333333333333333,0.013888888888888888,0.013888888888888888,84,0.0,7.183908045977011
42,steady_m05,regime_marginal,1.0,observed,transit_rough,all,2160,72,0,12,72,2076,0.0,0.0,0.0,0.005747126436781609,0.05347997483542247,0.4305555555555556,72,0.0,144,0.018518518518518517,1.0,1.0,0.3333333333333333,0.0,0.0,90,0.011111111111111112,5.747126436781609
42,steady_m05,regime_marginal,1.0,observed,transit_rough,stable,2160,72,0,12,72,2076,0.0,0.0,0.0,0.005747126436781609,0.05347997483542247,0.4305555555555556,72,0.0,144,0.018518518518518517,1.0,1.0,0.3333333333333333,0.0,0.0,90,0.011111111111111112,5.747126436781609
42,steady_m05,regime_marginal,0.2,clean,all,all,6480,0,0,55,0,6425,0.0,,0.0,0.008487654320987654,,,0,,0,0.019444444444444445,1.0,1.0,,,,270,0.0,2.932098765432099
42,steady_m05,regime_marginal,0.2,clean,all,stable,6480,0,0,55,0,6425,0.0,,0.0,0.008487654320987654,,,0,,0,0.019444444444444445,1.0,1.0,,,,270,0.0,2.932098765432099
42,steady_m05,regime_marginal,0.2,clean,warehouse,all,2160,0,0,50,0,2110,0.0,,0.0,0.023148148148148147,,,0,,0,0.05138888888888889,1.0,1.0,,,,96,0.0,6.481481481481482
42,steady_m05,regime_marginal,0.2,clean,warehouse,stable,2160,0,0,50,0,2110,0.0,,0.0,0.023148148148148147,,,0,,0,0.05138888888888889,1.0,1.0,,,,96,0.0,6.481481481481482
42,steady_m05,regime_marginal,0.2,clean,transit_smooth,all,2160,0,0,3,0,2157,0.0,,0.0,0.001388888888888889,,,0,,0,0.004166666666666667,1.0,1.0,,,,84,0.0,1.3888888888888888
42,steady_m05,regime_marginal,0.2,clean,transit_smooth,stable,2160,0,0,3,0,2157,0.0,,0.0,0.001388888888888889,,,0,,0,0.004166666666666667,1.0,1.0,,,,84,0.0,1.3888888888888888
42,steady_m05,regime_marginal,0.2,clean,transit_rough,all,2160,0,0,2,0,2158,0.0,,0.0,0.000925925925925926,,,0,,0,0.002777777777777778,1.0,1.0,,,,90,0.0,0.9259259259259259
42,steady_m05,regime_marginal,0.2,clean,transit_rough,stable,2160,0,0,2,0,2158,0.0,,0.0,0.000925925925925926,,,0,,0,0.002777777777777778,1.0,1.0,,,,90,0.0,0.9259259259259259
42,steady_m05,regime_marginal,0.2,observed,all,all,6480,216,3,52,213,6212,0.05454545454545454,0.013888888888888888,0.02214022140221402,0.008301404853128991,0.04907065569175252,0.5370370370370371,216,0.013888888888888888,432,0.018518518518518517,1.0,1.0,0.3333333333333333,0.013888888888888888,0.004629629629629629,270,0.0,3.033205619412516
42,steady_m05,regime_marginal,0.2,observed,all,stable,6480,216,3,52,213,6212,0.05454545454545454,0.013888888888888888,0.02214022140221402,0.008301404853128991,0.04907065569175252,0.5370370370370371,216,0.013888888888888888,432,0.018518518518518517,1.0,1.0,0.3333333333333333,0.013888888888888888,0.004629629629629629,270,0.0,3.033205619412516
42,steady_m05,regime_marginal,0.2,observed,warehouse,all,2160,72,3,47,69,2041,0.06,0.041666666666666664,0.04918032786885246,0.022509578544061302,0.05543862676921618,0.5,72,0.034722222222222224,144,0.04938271604938271,1.0,1.0,0.3333333333333333,0.041666666666666664,0.013888888888888888,96,0.0,6.704980842911877
42,steady_m05,regime_marginal,0.2,observed,warehouse,stable,2160,72,3,47,69,2041,0.06,0.041666666666666664,0.04918032786885246,0.022509578544061302,0.05543862676921618,0.5,72,0.034722222222222224,144,0.04938271604938271,1.0,1.0,0.3333333333333333,0.041666666666666664,0.013888888888888888,96,0.0,6.704980842911877
42,steady_m05,regime_marginal,0.2,observed,transit_smooth,all,2160,72,0,3,72,2085,0.0,0.0,0.0,0.0014367816091954023,0.03981555777429211,0.4861111111111111,72,0.0,144,0.004629629629629629,1.0,1.0,0.3333333333333333,0.0,0.0,84,0.0,1.4367816091954022
42,steady_m05,regime_marginal,0.2,observed,transit_smooth,stable,2160,72,0,3,72,2085,0.0,0.0,0.0,0.0014367816091954023,0.03981555777429211,0.4861111111111111,72,0.0,144,0.004629629629629629,1.0,1.0,0.3333333333333333,0.0,0.0,84,0.0,1.4367816091954022
42,steady_m05,regime_marginal,0.2,observed,transit_rough,all,2160,72,0,2,72,2086,0.0,0.0,0.0,0.0009578544061302681,0.056361007030662484,0.625,72,0.006944444444444444,144,0.0015432098765432098,1.0,1.0,0.3333333333333333,0.0,0.0,90,0.0,0.9578544061302682
42,steady_m05,regime_marginal,0.2,observed,transit_rough,stable,2160,72,0,2,72,2086,0.0,0.0,0.0,0.0009578544061302681,0.056361007030662484,0.625,72,0.006944444444444444,144,0.0015432098765432098,1.0,1.0,0.3333333333333333,0.0,0.0,90,0.0,0.9578544061302682
42,steady_m05,regime_conditional,1.0,clean,all,all,6480,0,0,83,0,6397,0.0,,0.0,0.012808641975308642,,,0,,0,0.037037037037037035,1.0,1.0,,,,270,0.025925925925925925,12.654320987654321
42,steady_m05,regime_conditional,1.0,clean,all,stable,6480,0,0,83,0,6397,0.0,,0.0,0.012808641975308642,,,0,,0,0.037037037037037035,1.0,1.0,,,,270,0.025925925925925925,12.654320987654321
42,steady_m05,regime_conditional,1.0,clean,warehouse,all,2160,0,0,37,0,2123,0.0,,0.0,0.01712962962962963,,,0,,0,0.04861111111111111,1.0,1.0,,,,96,0.020833333333333332,16.666666666666668
42,steady_m05,regime_conditional,1.0,clean,warehouse,stable,2160,0,0,37,0,2123,0.0,,0.0,0.01712962962962963,,,0,,0,0.04861111111111111,1.0,1.0,,,,96,0.020833333333333332,16.666666666666668
42,steady_m05,regime_conditional,1.0,clean,transit_smooth,all,2160,0,0,20,0,2140,0.0,,0.0,0.009259259259259259,,,0,,0,0.027777777777777776,1.0,1.0,,,,84,0.023809523809523808,9.25925925925926
42,steady_m05,regime_conditional,1.0,clean,transit_smooth,stable,2160,0,0,20,0,2140,0.0,,0.0,0.009259259259259259,,,0,,0,0.027777777777777776,1.0,1.0,,,,84,0.023809523809523808,9.25925925925926
42,steady_m05,regime_conditional,1.0,clean,transit_rough,all,2160,0,0,26,0,2134,0.0,,0.0,0.012037037037037037,,,0,,0,0.034722222222222224,1.0,1.0,,,,90,0.03333333333333333,12.037037037037036
42,steady_m05,regime_conditional,1.0,clean,transit_rough,stable,2160,0,0,26,0,2134,0.0,,0.0,0.012037037037037037,,,0,,0,0.034722222222222224,1.0,1.0,,,,90,0.03333333333333333,12.037037037037036
42,steady_m05,regime_conditional,1.0,observed,all,all,6480,216,3,79,213,6185,0.036585365853658534,0.013888888888888888,0.020134228187919462,0.012611749680715198,0.04309146485023933,0.4212962962962963,216,0.016203703703703703,432,0.0360082304526749,1.0,1.0,0.3333333333333333,0.013888888888888888,0.009259259259259259,270,0.025925925925925925,12.452107279693486
42,steady_m05,regime_conditional,1.0,observed,all,stable,6480,216,3,79,213,6185,0.036585365853658534,0.013888888888888888,0.020134228187919462,0.012611749680715198,0.04309146485023933,0.4212962962962963,216,0.016203703703703703,432,0.0360082304526749,1.0,1.0,0.3333333333333333,0.013888888888888888,0.009259259259259259,270,0.025925925925925925,12.452107279693486
42,steady_m05,regime_conditional,1.0,observed,warehouse,all,2160,72,1,36,71,2052,0.02702702702702703,0.013888888888888888,0.01834862385321101,0.017241379310344827,0.0543392072240262,0.4166666666666667,72,0.020833333333333332,144,0.04938271604938271,1.0,1.0,0.3333333333333333,0.013888888888888888,0.0,96,0.020833333333333332,16.762452107279692
42,steady_m05,regime_conditional,1.0,observed,warehouse,stable,2160,72,1,36,71,2052,0.02702702702702703,0.013888888888888888,0.01834862385321101,0.017241379310344827,0.0543392072240262,0.4166666666666667,72,0.020833333333333332,144,0.04938271604938271,1.0,1.0,0.3333333333333333,0.013888888888888888,0.0,96,0.020833333333333332,16.762452107279692
42,steady_m05,regime_conditional,1.0,observed,transit_smooth,all,2160,72,1,21,71,2067,0.045454545454545456,0.013888888888888888,0.02127659574468085,0.010057471264367816,0.03331750920495588,0.3472222222222222,72,0.020833333333333332,144,0.027777777777777776,1.0,1.0,0.3333333333333333,0.013888888888888888,0.013888888888888888,84,0.023809523809523808,10.057471264367816
42,steady_m05,regime_conditional,1.0,observed,transit_smooth,stable,2160,72,1,21,71,2067,0.045454545454545456,0.013888888888888888,0.02127659574468085,0.010057471264367816,0.03331750920495588,0.3472222222222222,72,0.020833333333333332,144,0.027777777777777776,1.0,1.0,0.3333333333333333,0.013888888888888888,0.013888888888888888,84,0.023809523809523808,10.057471264367816
42,steady_m05,regime_conditional,1.0,observed,transit_rough,all,2160,72,1,22,71,2066,0.043478260869565216,0.013888888888888888,0.021052631578947368,0.01053639846743295,0.054430332550930945,0.5,72,0.006944444444444444,144,0.030864197530864196,1.0,1.0,0.3333333333333333,0.013888888888888888,0.013888888888888888,90,0.03333333333333333,10.53639846743295
42,steady_m05,regime_conditional,1.0,observed,transit_rough,stable,2160,72,1,22,71,2066,0.043478260869565216,0.013888888888888888,0.021052631578947368,0.01053639846743295,0.054430332550930945,0.5,72,0.006944444444444444,144,0.030864197530864196,1.0,1.0,0.3333333333333333,0.013888888888888888,0.013888888888888888,90,0.03333333333333333,10.53639846743295
42,steady_m05,regime_conditional,0.2,clean,all,all,6480,0,0,53,0,6427,0.0,,0.0,0.008179012345679013,,,0,,0,0.024074074074074074,1.0,1.0,,,,270,0.011111111111111112,6.635802469135802
42,steady_m05,regime_conditional,0.2,clean,all,stable,6480,0,0,53,0,6427,0.0,,0.0,0.008179012345679013,,,0,,0,0.024074074074074074,1.0,1.0,,,,270,0.011111111111111112,6.635802469135802
42,steady_m05,regime_conditional,0.2,clean,warehouse,all,2160,0,0,19,0,2141,0.0,,0.0,0.008796296296296297,,,0,,0,0.02638888888888889,1.0,1.0,,,,96,0.010416666666666666,6.018518518518518
42,steady_m05,regime_conditional,0.2,clean,warehouse,stable,2160,0,0,19,0,2141,0.0,,0.0,0.008796296296296297,,,0,,0,0.02638888888888889,1.0,1.0,,,,96,0.010416666666666666,6.018518518518518
42,steady_m05,regime_conditional,0.2,clean,transit_smooth,all,2160,0,0,12,0,2148,0.0,,0.0,0.005555555555555556,,,0,,0,0.016666666666666666,1.0,1.0,,,,84,0.0,4.62962962962963
42,steady_m05,regime_conditional,0.2,clean,transit_smooth,stable,2160,0,0,12,0,2148,0.0,,0.0,0.005555555555555556,,,0,,0,0.016666666666666666,1.0,1.0,,,,84,0.0,4.62962962962963
42,steady_m05,regime_conditional,0.2,clean,transit_rough,all,2160,0,0,22,0,2138,0.0,,0.0,0.010185185185185186,,,0,,0,0.029166666666666667,1.0,1.0,,,,90,0.022222222222222223,9.25925925925926
42,steady_m05,regime_conditional,0.2,clean,transit_rough,stable,2160,0,0,22,0,2138,0.0,,0.0,0.010185185185185186,,,0,,0,0.029166666666666667,1.0,1.0,,,,90,0.022222222222222223,9.25925925925926
42,steady_m05,regime_conditional,0.2,observed,all,all,6480,216,11,58,205,6206,0.15942028985507245,0.05092592592592592,0.07719298245614035,0.009259259259259259,0.08219017515144189,0.5462962962962963,216,0.009259259259259259,432,0.02726337448559671,1.0,1.0,0.3333333333333333,0.05092592592592592,0.05092592592592592,270,0.014814814814814815,7.0242656449553005
42,steady_m05,regime_conditional,0.2,observed,all,stable,6480,216,11,58,205,6206,0.15942028985507245,0.05092592592592592,0.07719298245614035,0.009259259259259259,0.08219017515144189,0.5462962962962963,216,0.009259259259259259,432,0.02726337448559671,1.0,1.0,0.3333333333333333,0.05092592592592592,0.05092592592592592,270,0.014814814814814815,7.0242656449553005
42,steady_m05,regime_conditional,0.2,observed,warehouse,all,2160,72,6,20,66,2068,0.23076923076923078,0.08333333333333333,0.12244897959183673,0.009578544061302681,0.10523743639800026,0.5555555555555556,72,0.020833333333333332,144,0.026234567901234566,1.0,1.0,0.3333333333333333,0.08333333333333333,0.08333333333333333,96,0.0,6.704980842911877
42,steady_m05,regime_conditional,0.2,observed,warehouse,stable,2160,72,6,20,66,2068,0.23076923076923078,0.08333333333333333,0.12244897959183673,0.009578544061302681,0.10523743639800026,0.5555555555555556,72,0.020833333333333332,144,0.026234567901234566,1.0,1.0,0.3333333333333333,0.08333333333333333,0.08333333333333333,96,0.0,6.704980842911877
42,steady_m05,regime_conditional,0.2,observed,transit_smooth,all,2160,72,0,12,72,2076,0.0,0.0,0.0,0.005747126436781609,0.051706955521394676,0.4722222222222222,72,0.0,144,0.018518518518518517,1.0,1.0,0.3333333333333333,0.0,0.0,84,0.0,4.789272030651341
42,steady_m05,regime_conditional,0.2,observed,transit_smooth,stable,2160,72,0,12,72,2076,0.0,0.0,0.0,0.005747126436781609,0.051706955521394676,0.4722222222222222,72,0.0,144,0.018518518518518517,1.0,1.0,0.3333333333333333,0.0,0.0,84,0.0,4.789272030651341
42,steady_m05,regime_conditional,0.2,observed,transit_rough,all,2160,72,5,26,67,2062,0.16129032258064516,0.06944444444444445,0.0970873786407767,0.012452107279693486,0.10239940170102033,0.6111111111111112,72,0.006944444444444444,144,0.037037037037037035,1.0,1.0,0.3333333333333333,0.06944444444444445,0.06944444444444445,90,0.044444444444444446,9.578544061302683
42,steady_m05,regime_conditional,0.2,observed,transit_rough,stable,2160,72,5,26,67,2062,0.16129032258064516,0.06944444444444445,0.0970873786407767,0.012452107279693486,0.10239940170102033,0.6111111111111112,72,0.006944444444444444,144,0.037037037037037035,1.0,1.0,0.3333333333333333,0.06944444444444445,0.06944444444444445,90,0.044444444444444446,9.578544061302683
42,steady_m1,regime_marginal,1.0,clean,all,all,6480,0,0,50,0,6430,0.0,,0.0,0.007716049382716049,,,0,,0,0.022685185185185187,1.0,1.0,,,,270,0.011111111111111112,7.407407407407407
42,steady_m1,regime_marginal,1.0,clean,all,stable,6480,0,0,50,0,6430,0.0,,0.0,0.007716049382716049,,,0,,0,0.022685185185185187,1.0,1.0,,,,270,0.011111111111111112,7.407407407407407
42,steady_m1,regime_marginal,1.0,clean,warehouse,all,2160,0,0,23,0,2137,0.0,,0.0,0.010648148148148148,,,0,,0,0.030555555555555555,1.0,1.0,,,,96,0.020833333333333332,9.722222222222221
42,steady_m1,regime_marginal,1.0,clean,warehouse,stable,2160,0,0,23,0,2137,0.0,,0.0,0.010648148148148148,,,0,,0,0.030555555555555555,1.0,1.0,,,,96,0.020833333333333332,9.722222222222221
42,steady_m1,regime_marginal,1.0,clean,transit_smooth,all,2160,0,0,15,0,2145,0.0,,0.0,0.006944444444444444,,,0,,0,0.020833333333333332,1.0,1.0,,,,84,0.0,6.944444444444445
42,steady_m1,regime_marginal,1.0,clean,transit_smooth,stable,2160,0,0,15,0,2145,0.0,,0.0,0.006944444444444444,,,0,,0,0.020833333333333332,1.0,1.0,,,,84,0.0,6.944444444444445
42,steady_m1,regime_marginal,1.0,clean,transit_rough,all,2160,0,0,12,0,2148,0.0,,0.0,0.005555555555555556,,,0,,0,0.016666666666666666,1.0,1.0,,,,90,0.011111111111111112,5.555555555555555
42,steady_m1,regime_marginal,1.0,clean,transit_rough,stable,2160,0,0,12,0,2148,0.0,,0.0,0.005555555555555556,,,0,,0,0.016666666666666666,1.0,1.0,,,,90,0.011111111111111112,5.555555555555555
42,steady_m1,regime_marginal,1.0,observed,all,all,6480,216,11,50,205,6214,0.18032786885245902,0.05092592592592592,0.07942238267148015,0.007982120051085569,0.07859919967723003,0.5694444444444444,216,0.0,432,0.025205761316872428,1.0,1.0,0.3333333333333333,0.05092592592592592,0.05092592592592592,270,0.011111111111111112,7.662835249042145
42,steady_m1,regime_marginal,1.0,observed,all,stable,6480,216,11,50,205,6214,0.18032786885245902,0.05092592592592592,0.07942238267148015,0.007982120051085569,0.07859919967723003,0.5694444444444444,216,0.0,432,0.025205761316872428,1.0,1.0,0.3333333333333333,0.05092592592592592,0.05092592592592592,270,0.011111111111111112,7.662835249042145
42,steady_m1,regime_marginal,1.0,observed,warehouse,all,2160,72,3,23,69,2065,0.11538461538461539,0.041666666666666664,0.061224489795918366,0.011015325670498084,0.0799718064078174,0.5694444444444444,72,0.0,144,0.033950617283950615,1.0,1.0,0.3333333333333333,0.041666666666666664,0.041666666666666664,96,0.020833333333333332,10.057471264367816
42,steady_m1,regime_marginal,1.0,observed,warehouse,stable,2160,72,3,23,69,2065,0.11538461538461539,0.041666666666666664,0.061224489795918366,0.011015325670498084,0.0799718064078174,0.5694444444444444,72,0.0,144,0.033950617283950615,1.0,1.0,0.3333333333333333,0.041666666666666664,0.041666666666666664,96,0.020833333333333332,10.057471264367816
42,steady_m1,regime_marginal,1.0,observed,transit_smooth,all,2160,72,2,15,70,2073,0.11764705882352941,0.027777777777777776,0.0449438202247191,0.007183908045977011,0.05939148244186629,0.5555555555555556,72,0.0,144,0.023148148148148147,1.0,1.0,0.3333333333333333,0.027777777777777776,0.027777777777777776,84,0.0,7.183908045977011
42,steady_m1,regime_marginal,1.0,observed,transit_smooth,stable,2160,72,2,15,70,2073,0.11764705882352941,0.027777777777777776,0.0449438202247191,0.007183908045977011,0.05939148244186629,0.5555555555555556,72,0.0,144,0.023148148148148147,1.0,1.0,0.3333333333333333,0.027777777777777776,0.027777777777777776,84,0.0,7.183908045977011
42,steady_m1,regime_marginal,1.0,observed,transit_rough,all,2160,72,6,12,66,2076,0.3333333333333333,0.08333333333333333,0.13333333333333333,0.005747126436781609,0.13518343600645782,0.5833333333333334,72,0.0,144,0.018518518518518517,1.0,1.0,0.3333333333333333,0.08333333333333333,0.08333333333333333,90,0.011111111111111112,5.747126436781609
42,steady_m1,regime_marginal,1.0,observed,transit_rough,stable,2160,72,6,12,66,2076,0.3333333333333333,0.08333333333333333,0.13333333333333333,0.005747126436781609,0.13518343600645782,0.5833333333333334,72,0.0,144,0.018518518518518517,1.0,1.0,0.3333333333333333,0.08333333333333333,0.08333333333333333,90,0.011111111111111112,5.747126436781609
42,steady_m1,regime_marginal,0.2,clean,all,all,6480,0,0,55,0,6425,0.0,,0.0,0.008487654320987654,,,0,,0,0.019444444444444445,1.0,1.0,,,,270,0.0,2.932098765432099
42,steady_m1,regime_marginal,0.2,clean,all,stable,6480,0,0,55,0,6425,0.0,,0.0,0.008487654320987654,,,0,,0,0.019444444444444445,1.0,1.0,,,,270,0.0,2.932098765432099
42,steady_m1,regime_marginal,0.2,clean,warehouse,all,2160,0,0,50,0,2110,0.0,,0.0,0.023148148148148147,,,0,,0,0.05138888888888889,1.0,1.0,,,,96,0.0,6.481481481481482
42,steady_m1,regime_marginal,0.2,clean,warehouse,stable,2160,0,0,50,0,2110,0.0,,0.0,0.023148148148148147,,,0,,0,0.05138888888888889,1.0,1.0,,,,96,0.0,6.481481481481482
42,steady_m1,regime_marginal,0.2,clean,transit_smooth,all,2160,0,0,3,0,2157,0.0,,0.0,0.001388888888888889,,,0,,0,0.004166666666666667,1.0,1.0,,,,84,0.0,1.3888888888888888
42,steady_m1,regime_marginal,0.2,clean,transit_smooth,stable,2160,0,0,3,0,2157,0.0,,0.0,0.001388888888888889,,,0,,0,0.004166666666666667,1.0,1.0,,,,84,0.0,1.3888888888888888
42,steady_m1,regime_marginal,0.2,clean,transit_rough,all,2160,0,0,2,0,2158,0.0,,0.0,0.000925925925925926,,,0,,0,0.002777777777777778,1.0,1.0,,,,90,0.0,0.9259259259259259
42,steady_m1,regime_marginal,0.2,clean,transit_rough,stable,2160,0,0,2,0,2158,0.0,,0.0,0.000925925925925926,,,0,,0,0.002777777777777778,1.0,1.0,,,,90,0.0,0.9259259259259259
42,steady_m1,regime_marginal,0.2,observed,all,all,6480,216,19,55,197,6209,0.25675675675675674,0.08796296296296297,0.1310344827586207,0.008780332056194126,0.1427092689716986,0.75,216,0.013888888888888888,432,0.020061728395061727,1.0,1.0,0.3333333333333333,0.08796296296296297,0.08796296296296297,270,0.011111111111111112,3.1928480204342273
42,steady_m1,regime_marginal,0.2,observed,all,stable,6480,216,19,55,197,6209,0.25675675675675674,0.08796296296296297,0.1310344827586207,0.008780332056194126,0.1427092689716986,0.75,216,0.013888888888888888,432,0.020061728395061727,1.0,1.0,0.3333333333333333,0.08796296296296297,0.08796296296296297,270,0.011111111111111112,3.1928480204342273
42,steady_m1,regime_marginal,0.2,observed,warehouse,all,2160,72,11,49,61,2039,0.18333333333333332,0.1527777777777778,0.16666666666666666,0.02346743295019157,0.16594026441474377,0.6805555555555556,72,0.034722222222222224,144,0.05246913580246913,1.0,1.0,0.3333333333333333,0.1527777777777778,0.1527777777777778,96,0.020833333333333332,7.183908045977011
42,steady_m1,regime_marginal,0.2,observed,warehouse,stable,2160,72,11,49,61,2039,0.18333333333333332,0.1527777777777778,0.16666666666666666,0.02346743295019157,0.16594026441474377,0.6805555555555556,72,0.034722222222222224,144,0.05246913580246913,1.0,1.0,0.3333333333333333,0.1527777777777778,0.1527777777777778,96,0.020833333333333332,7.183908045977011
42,steady_m1,regime_marginal,0.2,observed,transit_smooth,all,2160,72,2,3,70,2085,0.4,0.027777777777777776,0.05194805194805195,0.0014367816091954023,0.14047857054452226,0.8055555555555556,72,0.0,144,0.004629629629629629,1.0,1.0,0.3333333333333333,0.027777777777777776,0.027777777777777776,84,0.0,1.4367816091954022
42,steady_m1,regime_marginal,0.2,observed,transit_smooth,stable,2160,72,2,3,70,2085,0.4,0.027777777777777776,0.05194805194805195,0.0014367816091954023,0.14047857054452226,0.8055555555555556,72,0.0,144,0.004629629629629629,1.0,1.0,0.3333333333333333,0.027777777777777776,0.027777777777777776,84,0.0,1.4367816091954022
42,steady_m1,regime_marginal,0.2,observed,transit_rough,all,2160,72,6,3,66,2085,0.6666666666666666,0.08333333333333333,0.14814814814814814,0.0014367816091954023,0.1885531332730165,0.7638888888888888,72,0.006944444444444444,144,0.0030864197530864196,1.0,1.0,0.3333333333333333,0.08333333333333333,0.08333333333333333,90,0.011111111111111112,0.9578544061302682
42,steady_m1,regime_marginal,0.2,observed,transit_rough,stable,2160,72,6,3,66,2085,0.6666666666666666,0.08333333333333333,0.14814814814814814,0.0014367816091954023,0.1885531332730165,0.7638888888888888,72,0.006944444444444444,144,0.0030864197530864196,1.0,1.0,0.3333333333333333,0.08333333333333333,0.08333333333333333,90,0.011111111111111112,0.9578544061302682
42,steady_m1,regime_conditional,1.0,clean,all,all,6480,0,0,83,0,6397,0.0,,0.0,0.012808641975308642,,,0,,0,0.037037037037037035,1.0,1.0,,,,270,0.025925925925925925,12.654320987654321
42,steady_m1,regime_conditional,1.0,clean,all,stable,6480,0,0,83,0,6397,0.0,,0.0,0.012808641975308642,,,0,,0,0.037037037037037035,1.0,1.0,,,,270,0.025925925925925925,12.654320987654321
42,steady_m1,regime_conditional,1.0,clean,warehouse,all,2160,0,0,37,0,2123,0.0,,0.0,0.01712962962962963,,,0,,0,0.04861111111111111,1.0,1.0,,,,96,0.020833333333333332,16.666666666666668
42,steady_m1,regime_conditional,1.0,clean,warehouse,stable,2160,0,0,37,0,2123,0.0,,0.0,0.01712962962962963,,,0,,0,0.04861111111111111,1.0,1.0,,,,96,0.020833333333333332,16.666666666666668
42,steady_m1,regime_conditional,1.0,clean,transit_smooth,all,2160,0,0,20,0,2140,0.0,,0.0,0.009259259259259259,,,0,,0,0.027777777777777776,1.0,1.0,,,,84,0.023809523809523808,9.25925925925926
42,steady_m1,regime_conditional,1.0,clean,transit_smooth,stable,2160,0,0,20,0,2140,0.0,,0.0,0.009259259259259259,,,0,,0,0.027777777777777776,1.0,1.0,,,,84,0.023809523809523808,9.25925925925926
42,steady_m1,regime_conditional,1.0,clean,transit_rough,all,2160,0,0,26,0,2134,0.0,,0.0,0.012037037037037037,,,0,,0,0.034722222222222224,1.0,1.0,,,,90,0.03333333333333333,12.037037037037036
42,steady_m1,regime_conditional,1.0,clean,transit_rough,stable,2160,0,0,26,0,2134,0.0,,0.0,0.012037037037037037,,,0,,0,0.034722222222222224,1.0,1.0,,,,90,0.03333333333333333,12.037037037037036
42,steady_m1,regime_conditional,1.0,observed,all,all,6480,216,15,80,201,6184,0.15789473684210525,0.06944444444444445,0.09646302250803858,0.01277139208173691,0.08923602511864807,0.5509259259259259,216,0.018518518518518517,432,0.0360082304526749,1.0,1.0,0.3333333333333333,0.06944444444444445,0.06018518518518518,270,0.025925925925925925,12.611749680715198
42,steady_m1,regime_conditional,1.0,observed,all,stable,6480,216,15,80,201,6184,0.15789473684210525,0.06944444444444445,0.09646302250803858,0.01277139208173691,0.08923602511864807,0.5509259259259259,216,0.018518518518518517,432,0.0360082304526749,1.0,1.0,0.3333333333333333,0.06944444444444445,0.06018518518518518,270,0.025925925925925925,12.611749680715198
42,steady_m1,regime_conditional,1.0,observed,warehouse,all,2160,72,5,36,67,2052,0.12195121951219512,0.06944444444444445,0.08849557522123894,0.017241379310344827,0.09597220828568352,0.5694444444444444,72,0.020833333333333332,144,0.04938271604938271,1.0,1.0,0.3333333333333333,0.06944444444444445,0.041666666666666664,96,0.020833333333333332,16.762452107279692
42,steady_m1,regime_conditional,1.0,observed,warehouse,stable,2160,72,5,36,67,2052,0.12195121951219512,0.06944444444444445,0.08849557522123894,0.017241379310344827,0.09597220828568352,0.5694444444444444,72,0.020833333333333332,144,0.04938271604938271,1.0,1.0,0.3333333333333333,0.06944444444444445,0.041666666666666664,96,0.020833333333333332,16.762452107279692
42,steady_m1,regime_conditional,1.0,observed,transit_smooth,all,2160,72,2,22,70,2066,0.08333333333333333,0.027777777777777776,0.041666666666666664,0.01053639846743295,0.05335566312819501,0.4722222222222222,72,0.027777777777777776,144,0.027777777777777776,1.0,1.0,0.3333333333333333,0.027777777777777776,0.027777777777777776,84,0.023809523809523808,10.53639846743295
42,steady_m1,regime_conditional,1.0,observed,transit_smooth,stable,2160,72,2,22,70,2066,0.08333333333333333,0.027777777777777776,0.041666666666666664,0.01053639846743295,0.05335566312819501,0.4722222222222222,72,0.027777777777777776,144,0.027777777777777776,1.0,1.0,0.3333333333333333,0.027777777777777776,0.027777777777777776,84,0.023809523809523808,10.53639846743295
42,steady_m1,regime_conditional,1.0,observed,transit_rough,all,2160,72,8,22,64,2066,0.26666666666666666,0.1111111111111111,0.1568627450980392,0.01053639846743295,0.13611781538219378,0.6111111111111112,72,0.006944444444444444,144,0.030864197530864196,1.0,1.0,0.3333333333333333,0.1111111111111111,0.1111111111111111,90,0.03333333333333333,10.53639846743295
42,steady_m1,regime_conditional,1.0,observed,transit_rough,stable,2160,72,8,22,64,2066,0.26666666666666666,0.1111111111111111,0.1568627450980392,0.01053639846743295,0.13611781538219378,0.6111111111111112,72,0.006944444444444444,144,0.030864197530864196,1.0,1.0,0.3333333333333333,0.1111111111111111,0.1111111111111111,90,0.03333333333333333,10.53639846743295
42,steady_m1,regime_conditional,0.2,clean,all,all,6480,0,0,53,0,6427,0.0,,0.0,0.008179012345679013,,,0,,0,0.024074074074074074,1.0,1.0,,,,270,0.011111111111111112,6.635802469135802
42,steady_m1,regime_conditional,0.2,clean,all,stable,6480,0,0,53,0,6427,0.0,,0.0,0.008179012345679013,,,0,,0,0.024074074074074074,1.0,1.0,,,,270,0.011111111111111112,6.635802469135802
42,steady_m1,regime_conditional,0.2,clean,warehouse,all,2160,0,0,19,0,2141,0.0,,0.0,0.008796296296296297,,,0,,0,0.02638888888888889,1.0,1.0,,,,96,0.010416666666666666,6.018518518518518
42,steady_m1,regime_conditional,0.2,clean,warehouse,stable,2160,0,0,19,0,2141,0.0,,0.0,0.008796296296296297,,,0,,0,0.02638888888888889,1.0,1.0,,,,96,0.010416666666666666,6.018518518518518
42,steady_m1,regime_conditional,0.2,clean,transit_smooth,all,2160,0,0,12,0,2148,0.0,,0.0,0.005555555555555556,,,0,,0,0.016666666666666666,1.0,1.0,,,,84,0.0,4.62962962962963
42,steady_m1,regime_conditional,0.2,clean,transit_smooth,stable,2160,0,0,12,0,2148,0.0,,0.0,0.005555555555555556,,,0,,0,0.016666666666666666,1.0,1.0,,,,84,0.0,4.62962962962963
42,steady_m1,regime_conditional,0.2,clean,transit_rough,all,2160,0,0,22,0,2138,0.0,,0.0,0.010185185185185186,,,0,,0,0.029166666666666667,1.0,1.0,,,,90,0.022222222222222223,9.25925925925926
42,steady_m1,regime_conditional,0.2,clean,transit_rough,stable,2160,0,0,22,0,2138,0.0,,0.0,0.010185185185185186,,,0,,0,0.029166666666666667,1.0,1.0,,,,90,0.022222222222222223,9.25925925925926
42,steady_m1,regime_conditional,0.2,observed,all,all,6480,216,66,67,150,6197,0.49624060150375937,0.3055555555555556,0.37822349570200575,0.010696040868454661,0.3451431107978814,0.7777777777777778,216,0.018518518518518517,432,0.02880658436213992,1.0,1.0,0.3333333333333333,0.3055555555555556,0.2916666666666667,270,0.022222222222222223,7.343550446998723
42,steady_m1,regime_conditional,0.2,observed,all,stable,6480,216,66,67,150,6197,0.49624060150375937,0.3055555555555556,0.37822349570200575,0.010696040868454661,0.3451431107978814,0.7777777777777778,216,0.018518518518518517,432,0.02880658436213992,1.0,1.0,0.3333333333333333,0.3055555555555556,0.2916666666666667,270,0.022222222222222223,7.343550446998723
42,steady_m1,regime_conditional,0.2,observed,warehouse,all,2160,72,28,24,44,2064,0.5384615384615384,0.3888888888888889,0.45161290322580644,0.011494252873563218,0.44181242914780977,0.7777777777777778,72,0.041666666666666664,144,0.027777777777777776,1.0,1.0,0.3333333333333333,0.3888888888888889,0.3472222222222222,96,0.0,7.183908045977011
42,steady_m1,regime_conditional,0.2,observed,warehouse,stable,2160,72,28,24,44,2064,0.5384615384615384,0.3888888888888889,0.45161290322580644,0.011494252873563218,0.44181242914780977,0.7777777777777778,72,0.041666666666666664,144,0.027777777777777776,1.0,1.0,0.3333333333333333,0.3888888888888889,0.3472222222222222,96,0.0,7.183908045977011
42,steady_m1,regime_conditional,0.2,observed,transit_smooth,all,2160,72,17,12,55,2076,0.5862068965517241,0.2361111111111111,0.33663366336633666,0.005747126436781609,0.3207974336087673,0.8055555555555556,72,0.0,144,0.018518518518518517,1.0,1.0,0.3333333333333333,0.2361111111111111,0.2361111111111111,84,0.0,4.789272030651341
42,steady_m1,regime_conditional,0.2,observed,transit_smooth,stable,2160,72,17,12,55,2076,0.5862068965517241,0.2361111111111111,0.33663366336633666,0.005747126436781609,0.3207974336087673,0.8055555555555556,72,0.0,144,0.018518518518518517,1.0,1.0,0.3333333333333333,0.2361111111111111,0.2361111111111111,84,0.0,4.789272030651341
42,steady_m1,regime_conditional,0.2,observed,transit_rough,all,2160,72,21,31,51,2057,0.40384615384615385,0.2916666666666667,0.3387096774193548,0.014846743295019157,0.31834949030286763,0.75,72,0.013888888888888888,144,0.040123456790123455,1.0,1.0,0.3333333333333333,0.2916666666666667,0.2916666666666667,90,0.06666666666666667,10.057471264367816
42,steady_m1,regime_conditional,0.2,observed,transit_rough,stable,2160,72,21,31,51,2057,0.40384615384615385,0.2916666666666667,0.3387096774193548,0.014846743295019157,0.31834949030286763,0.75,72,0.013888888888888888,144,0.040123456790123455,1.0,1.0,0.3333333333333333,0.2916666666666667,0.2916666666666667,90,0.06666666666666667,10.057471264367816
42,steady_m2_r10_k1,regime_marginal,1.0,clean,all,all,6480,0,0,50,0,6430,0.0,,0.0,0.007716049382716049,,,0,,0,0.022685185185185187,1.0,1.0,,,,270,0.011111111111111112,7.407407407407407
42,steady_m2_r10_k1,regime_marginal,1.0,clean,all,stable,6480,0,0,50,0,6430,0.0,,0.0,0.007716049382716049,,,0,,0,0.022685185185185187,1.0,1.0,,,,270,0.011111111111111112,7.407407407407407
42,steady_m2_r10_k1,regime_marginal,1.0,clean,warehouse,all,2160,0,0,23,0,2137,0.0,,0.0,0.010648148148148148,,,0,,0,0.030555555555555555,1.0,1.0,,,,96,0.020833333333333332,9.722222222222221
42,steady_m2_r10_k1,regime_marginal,1.0,clean,warehouse,stable,2160,0,0,23,0,2137,0.0,,0.0,0.010648148148148148,,,0,,0,0.030555555555555555,1.0,1.0,,,,96,0.020833333333333332,9.722222222222221
42,steady_m2_r10_k1,regime_marginal,1.0,clean,transit_smooth,all,2160,0,0,15,0,2145,0.0,,0.0,0.006944444444444444,,,0,,0,0.020833333333333332,1.0,1.0,,,,84,0.0,6.944444444444445
42,steady_m2_r10_k1,regime_marginal,1.0,clean,transit_smooth,stable,2160,0,0,15,0,2145,0.0,,0.0,0.006944444444444444,,,0,,0,0.020833333333333332,1.0,1.0,,,,84,0.0,6.944444444444445
42,steady_m2_r10_k1,regime_marginal,1.0,clean,transit_rough,all,2160,0,0,12,0,2148,0.0,,0.0,0.005555555555555556,,,0,,0,0.016666666666666666,1.0,1.0,,,,90,0.011111111111111112,5.555555555555555
42,steady_m2_r10_k1,regime_marginal,1.0,clean,transit_rough,stable,2160,0,0,12,0,2148,0.0,,0.0,0.005555555555555556,,,0,,0,0.016666666666666666,1.0,1.0,,,,90,0.011111111111111112,5.555555555555555
42,steady_m2_r10_k1,regime_marginal,1.0,observed,all,all,6480,216,63,50,153,6214,0.5575221238938053,0.2916666666666667,0.3829787234042553,0.007982120051085569,0.386231032192316,0.8287037037037037,216,0.0,432,0.025205761316872428,1.0,1.0,0.3333333333333333,0.2916666666666667,0.2916666666666667,270,0.011111111111111112,7.662835249042145
42,steady_m2_r10_k1,regime_marginal,1.0,observed,all,stable,6480,216,63,50,153,6214,0.5575221238938053,0.2916666666666667,0.3829787234042553,0.007982120051085569,0.386231032192316,0.8287037037037037,216,0.0,432,0.025205761316872428,1.0,1.0,0.3333333333333333,0.2916666666666667,0.2916666666666667,270,0.011111111111111112,7.662835249042145
42,steady_m2_r10_k1,regime_marginal,1.0,observed,warehouse,all,2160,72,21,23,51,2065,0.4772727272727273,0.2916666666666667,0.3620689655172414,0.011015325670498084,0.3413401935376859,0.8055555555555556,72,0.0,144,0.033950617283950615,1.0,1.0,0.3333333333333333,0.2916666666666667,0.2916666666666667,96,0.020833333333333332,10.057471264367816
42,steady_m2_r10_k1,regime_marginal,1.0,observed,warehouse,stable,2160,72,21,23,51,2065,0.4772727272727273,0.2916666666666667,0.3620689655172414,0.011015325670498084,0.3413401935376859,0.8055555555555556,72,0.0,144,0.033950617283950615,1.0,1.0,0.3333333333333333,0.2916666666666667,0.2916666666666667,96,0.020833333333333332,10.057471264367816
42,steady_m2_r10_k1,regime_marginal,1.0,observed,transit_smooth,all,2160,72,14,15,58,2073,0.4827586206896552,0.19444444444444445,0.27722772277227725,0.007183908045977011,0.3143187202307797,0.8194444444444444,72,0.0,144,0.023148148148148147,1.0,1.0,0.3333333333333333,0.19444444444444445,0.19444444444444445,84,0.0,7.183908045977011
42,steady_m2_r10_k1,regime_marginal,1.0,observed,transit_smooth,stable,2160,72,14,15,58,2073,0.4827586206896552,0.19444444444444445,0.27722772277227725,0.007183908045977011,0.3143187202307797,0.8194444444444444,72,0.0,144,0.023148148148148147,1.0,1.0,0.3333333333333333,0.19444444444444445,0.19444444444444445,84,0.0,7.183908045977011
42,steady_m2_r10_k1,regime_marginal,1.0,observed,transit_rough,all,2160,72,28,12,44,2076,0.7,0.3888888888888889,0.5,0.005747126436781609,0.512738329878978,0.8611111111111112,72,0.0,144,0.018518518518518517,1.0,1.0,0.3333333333333333,0.3888888888888889,0.3888888888888889,90,0.011111111111111112,5.747126436781609
42,steady_m2_r10_k1,regime_marginal,1.0,observed,transit_rough,stable,2160,72,28,12,44,2076,0.7,0.3888888888888889,0.5,0.005747126436781609,0.512738329878978,0.8611111111111112,72,0.0,144,0.018518518518518517,1.0,1.0,0.3333333333333333,0.3888888888888889,0.3888888888888889,90,0.011111111111111112,5.747126436781609
42,steady_m2_r10_k1,regime_marginal,0.2,clean,all,all,6480,0,0,55,0,6425,0.0,,0.0,0.008487654320987654,,,0,,0,0.019444444444444445,1.0,1.0,,,,270,0.0,2.932098765432099
42,steady_m2_r10_k1,regime_marginal,0.2,clean,all,stable,6480,0,0,55,0,6425,0.0,,0.0,0.008487654320987654,,,0,,0,0.019444444444444445,1.0,1.0,,,,270,0.0,2.932098765432099
42,steady_m2_r10_k1,regime_marginal,0.2,clean,warehouse,all,2160,0,0,50,0,2110,0.0,,0.0,0.023148148148148147,,,0,,0,0.05138888888888889,1.0,1.0,,,,96,0.0,6.481481481481482
42,steady_m2_r10_k1,regime_marginal,0.2,clean,warehouse,stable,2160,0,0,50,0,2110,0.0,,0.0,0.023148148148148147,,,0,,0,0.05138888888888889,1.0,1.0,,,,96,0.0,6.481481481481482
42,steady_m2_r10_k1,regime_marginal,0.2,clean,transit_smooth,all,2160,0,0,3,0,2157,0.0,,0.0,0.001388888888888889,,,0,,0,0.004166666666666667,1.0,1.0,,,,84,0.0,1.3888888888888888
42,steady_m2_r10_k1,regime_marginal,0.2,clean,transit_smooth,stable,2160,0,0,3,0,2157,0.0,,0.0,0.001388888888888889,,,0,,0,0.004166666666666667,1.0,1.0,,,,84,0.0,1.3888888888888888
42,steady_m2_r10_k1,regime_marginal,0.2,clean,transit_rough,all,2160,0,0,2,0,2158,0.0,,0.0,0.000925925925925926,,,0,,0,0.002777777777777778,1.0,1.0,,,,90,0.0,0.9259259259259259
42,steady_m2_r10_k1,regime_marginal,0.2,clean,transit_rough,stable,2160,0,0,2,0,2158,0.0,,0.0,0.000925925925925926,,,0,,0,0.002777777777777778,1.0,1.0,,,,90,0.0,0.9259259259259259
42,steady_m2_r10_k1,regime_marginal,0.2,observed,all,all,6480,216,109,73,107,6191,0.5989010989010989,0.5046296296296297,0.5477386934673367,0.01165389527458493,0.5710649716359577,0.8657407407407407,216,0.018518518518518517,432,0.028292181069958847,1.0,1.0,0.3333333333333333,0.5046296296296297,0.5046296296296297,270,0.07777777777777778,3.1928480204342273
42,steady_m2_r10_k1,regime_marginal,0.2,observed,all,stable,6480,216,109,73,107,6191,0.5989010989010989,0.5046296296296297,0.5477386934673367,0.01165389527458493,0.5710649716359577,0.8657407407407407,216,0.018518518518518517,432,0.028292181069958847,1.0,1.0,0.3333333333333333,0.5046296296296297,0.5046296296296297,270,0.07777777777777778,3.1928480204342273
42,steady_m2_r10_k1,regime_marginal,0.2,observed,warehouse,all,2160,72,45,59,27,2029,0.4326923076923077,0.625,0.5113636363636364,0.02825670498084291,0.63084220927753,0.8333333333333334,72,0.034722222222222224,144,0.06790123456790123,1.0,1.0,0.3333333333333333,0.625,0.625,96,0.125,6.704980842911877
42,steady_m2_r10_k1,regime_marginal,0.2,observed,warehouse,stable,2160,72,45,59,27,2029,0.4326923076923077,0.625,0.5113636363636364,0.02825670498084291,0.63084220927753,0.8333333333333334,72,0.034722222222222224,144,0.06790123456790123,1.0,1.0,0.3333333333333333,0.625,0.625,96,0.125,6.704980842911877
42,steady_m2_r10_k1,regime_marginal,0.2,observed,transit_smooth,all,2160,72,31,5,41,2083,0.8611111111111112,0.4305555555555556,0.5740740740740741,0.0023946360153256703,0.6105174725933828,0.875,72,0.013888888888888888,144,0.004629629629629629,1.0,1.0,0.3333333333333333,0.4305555555555556,0.4305555555555556,84,0.023809523809523808,1.4367816091954022
42,steady_m2_r10_k1,regime_marginal,0.2,observed,transit_smooth,stable,2160,72,31,5,41,2083,0.8611111111111112,0.4305555555555556,0.5740740740740741,0.0023946360153256703,0.6105174725933828,0.875,72,0.013888888888888888,144,0.004629629629629629,1.0,1.0,0.3333333333333333,0.4305555555555556,0.4305555555555556,84,0.023809523809523808,1.4367816091954022
42,steady_m2_r10_k1,regime_marginal,0.2,observed,transit_rough,all,2160,72,33,9,39,2079,0.7857142857142857,0.4583333333333333,0.5789473684210527,0.004310344827586207,0.5751876167426688,0.8888888888888888,72,0.006944444444444444,144,0.012345679012345678,1.0,1.0,0.3333333333333333,0.4583333333333333,0.4583333333333333,90,0.07777777777777778,1.4367816091954022
42,steady_m2_r10_k1,regime_marginal,0.2,observed,transit_rough,stable,2160,72,33,9,39,2079,0.7857142857142857,0.4583333333333333,0.5789473684210527,0.004310344827586207,0.5751876167426688,0.8888888888888888,72,0.006944444444444444,144,0.012345679012345678,1.0,1.0,0.3333333333333333,0.4583333333333333,0.4583333333333333,90,0.07777777777777778,1.4367816091954022
42,steady_m2_r10_k1,regime_conditional,1.0,clean,all,all,6480,0,0,83,0,6397,0.0,,0.0,0.012808641975308642,,,0,,0,0.037037037037037035,1.0,1.0,,,,270,0.025925925925925925,12.654320987654321
42,steady_m2_r10_k1,regime_conditional,1.0,clean,all,stable,6480,0,0,83,0,6397,0.0,,0.0,0.012808641975308642,,,0,,0,0.037037037037037035,1.0,1.0,,,,270,0.025925925925925925,12.654320987654321
42,steady_m2_r10_k1,regime_conditional,1.0,clean,warehouse,all,2160,0,0,37,0,2123,0.0,,0.0,0.01712962962962963,,,0,,0,0.04861111111111111,1.0,1.0,,,,96,0.020833333333333332,16.666666666666668
42,steady_m2_r10_k1,regime_conditional,1.0,clean,warehouse,stable,2160,0,0,37,0,2123,0.0,,0.0,0.01712962962962963,,,0,,0,0.04861111111111111,1.0,1.0,,,,96,0.020833333333333332,16.666666666666668
42,steady_m2_r10_k1,regime_conditional,1.0,clean,transit_smooth,all,2160,0,0,20,0,2140,0.0,,0.0,0.009259259259259259,,,0,,0,0.027777777777777776,1.0,1.0,,,,84,0.023809523809523808,9.25925925925926
42,steady_m2_r10_k1,regime_conditional,1.0,clean,transit_smooth,stable,2160,0,0,20,0,2140,0.0,,0.0,0.009259259259259259,,,0,,0,0.027777777777777776,1.0,1.0,,,,84,0.023809523809523808,9.25925925925926
42,steady_m2_r10_k1,regime_conditional,1.0,clean,transit_rough,all,2160,0,0,26,0,2134,0.0,,0.0,0.012037037037037037,,,0,,0,0.034722222222222224,1.0,1.0,,,,90,0.03333333333333333,12.037037037037036
42,steady_m2_r10_k1,regime_conditional,1.0,clean,transit_rough,stable,2160,0,0,26,0,2134,0.0,,0.0,0.012037037037037037,,,0,,0,0.034722222222222224,1.0,1.0,,,,90,0.03333333333333333,12.037037037037036
42,steady_m2_r10_k1,regime_conditional,1.0,observed,all,all,6480,216,84,86,132,6178,0.49411764705882355,0.3888888888888889,0.43523316062176165,0.013729246487867178,0.42015389739843273,0.8240740740740741,216,0.032407407407407406,432,0.0360082304526749,1.0,1.0,0.3333333333333333,0.3888888888888889,0.3472222222222222,270,0.025925925925925925,13.409961685823754
42,steady_m2_r10_k1,regime_conditional,1.0,observed,all,stable,6480,216,84,86,132,6178,0.49411764705882355,0.3888888888888889,0.43523316062176165,0.013729246487867178,0.42015389739843273,0.8240740740740741,216,0.032407407407407406,432,0.0360082304526749,1.0,1.0,0.3333333333333333,0.3888888888888889,0.3472222222222222,270,0.025925925925925925,13.409961685823754
42,steady_m2_r10_k1,regime_conditional,1.0,observed,warehouse,all,2160,72,29,39,43,2049,0.4264705882352941,0.4027777777777778,0.4142857142857143,0.01867816091954023,0.39432623558956054,0.8194444444444444,72,0.041666666666666664,144,0.04938271604938271,1.0,1.0,0.3333333333333333,0.4027777777777778,0.3333333333333333,96,0.020833333333333332,18.199233716475096
42,steady_m2_r10_k1,regime_conditional,1.0,observed,warehouse,stable,2160,72,29,39,43,2049,0.4264705882352941,0.4027777777777778,0.4142857142857143,0.01867816091954023,0.39432623558956054,0.8194444444444444,72,0.041666666666666664,144,0.04938271604938271,1.0,1.0,0.3333333333333333,0.4027777777777778,0.3333333333333333,96,0.020833333333333332,18.199233716475096
42,steady_m2_r10_k1,regime_conditional,1.0,observed,transit_smooth,all,2160,72,14,21,58,2067,0.4,0.19444444444444445,0.2616822429906542,0.010057471264367816,0.3052370237999728,0.8055555555555556,72,0.020833333333333332,144,0.027777777777777776,1.0,1.0,0.3333333333333333,0.19444444444444445,0.16666666666666666,84,0.023809523809523808,10.057471264367816
42,steady_m2_r10_k1,regime_conditional,1.0,observed,transit_smooth,stable,2160,72,14,21,58,2067,0.4,0.19444444444444445,0.2616822429906542,0.010057471264367816,0.3052370237999728,0.8055555555555556,72,0.020833333333333332,144,0.027777777777777776,1.0,1.0,0.3333333333333333,0.19444444444444445,0.16666666666666666,84,0.023809523809523808,10.057471264367816
42,steady_m2_r10_k1,regime_conditional,1.0,observed,transit_rough,all,2160,72,41,26,31,2062,0.6119402985074627,0.5694444444444444,0.5899280575539568,0.012452107279693486,0.5804181323134763,0.8472222222222222,72,0.034722222222222224,144,0.030864197530864196,1.0,1.0,0.3333333333333333,0.5694444444444444,0.5416666666666666,90,0.03333333333333333,11.973180076628353
42,steady_m2_r10_k1,regime_conditional,1.0,observed,transit_rough,stable,2160,72,41,26,31,2062,0.6119402985074627,0.5694444444444444,0.5899280575539568,0.012452107279693486,0.5804181323134763,0.8472222222222222,72,0.034722222222222224,144,0.030864197530864196,1.0,1.0,0.3333333333333333,0.5694444444444444,0.5416666666666666,90,0.03333333333333333,11.973180076628353
42,steady_m2_r10_k1,regime_conditional,0.2,clean,all,all,6480,0,0,53,0,6427,0.0,,0.0,0.008179012345679013,,,0,,0,0.024074074074074074,1.0,1.0,,,,270,0.011111111111111112,6.635802469135802
42,steady_m2_r10_k1,regime_conditional,0.2,clean,all,stable,6480,0,0,53,0,6427,0.0,,0.0,0.008179012345679013,,,0,,0,0.024074074074074074,1.0,1.0,,,,270,0.011111111111111112,6.635802469135802
42,steady_m2_r10_k1,regime_conditional,0.2,clean,warehouse,all,2160,0,0,19,0,2141,0.0,,0.0,0.008796296296296297,,,0,,0,0.02638888888888889,1.0,1.0,,,,96,0.010416666666666666,6.018518518518518
42,steady_m2_r10_k1,regime_conditional,0.2,clean,warehouse,stable,2160,0,0,19,0,2141,0.0,,0.0,0.008796296296296297,,,0,,0,0.02638888888888889,1.0,1.0,,,,96,0.010416666666666666,6.018518518518518
42,steady_m2_r10_k1,regime_conditional,0.2,clean,transit_smooth,all,2160,0,0,12,0,2148,0.0,,0.0,0.005555555555555556,,,0,,0,0.016666666666666666,1.0,1.0,,,,84,0.0,4.62962962962963
42,steady_m2_r10_k1,regime_conditional,0.2,clean,transit_smooth,stable,2160,0,0,12,0,2148,0.0,,0.0,0.005555555555555556,,,0,,0,0.016666666666666666,1.0,1.0,,,,84,0.0,4.62962962962963
42,steady_m2_r10_k1,regime_conditional,0.2,clean,transit_rough,all,2160,0,0,22,0,2138,0.0,,0.0,0.010185185185185186,,,0,,0,0.029166666666666667,1.0,1.0,,,,90,0.022222222222222223,9.25925925925926
42,steady_m2_r10_k1,regime_conditional,0.2,clean,transit_rough,stable,2160,0,0,22,0,2138,0.0,,0.0,0.010185185185185186,,,0,,0,0.029166666666666667,1.0,1.0,,,,90,0.022222222222222223,9.25925925925926
42,steady_m2_r10_k1,regime_conditional,0.2,observed,all,all,6480,216,156,146,60,6118,0.5165562913907285,0.7222222222222222,0.6023166023166023,0.02330779054916986,0.7025811425216826,0.875,216,0.0763888888888889,432,0.05246913580246913,1.0,1.0,0.3333333333333333,0.7222222222222222,0.625,270,0.21851851851851853,9.099616858237548
42,steady_m2_r10_k1,regime_conditional,0.2,observed,all,stable,6480,216,156,146,60,6118,0.5165562913907285,0.7222222222222222,0.6023166023166023,0.02330779054916986,0.7025811425216826,0.875,216,0.0763888888888889,432,0.05246913580246913,1.0,1.0,0.3333333333333333,0.7222222222222222,0.625,270,0.21851851851851853,9.099616858237548
42,steady_m2_r10_k1,regime_conditional,0.2,observed,warehouse,all,2160,72,52,59,20,2029,0.46846846846846846,0.7222222222222222,0.5683060109289617,0.02825670498084291,0.7292210166695573,0.8472222222222222,72,0.1111111111111111,144,0.06018518518518518,1.0,1.0,0.3333333333333333,0.7222222222222222,0.5972222222222222,96,0.23958333333333334,10.057471264367816
42,steady_m2_r10_k1,regime_conditional,0.2,observed,warehouse,stable,2160,72,52,59,20,2029,0.46846846846846846,0.7222222222222222,0.5683060109289617,0.02825670498084291,0.7292210166695573,0.8472222222222222,72,0.1111111111111111,144,0.06018518518518518,1.0,1.0,0.3333333333333333,0.7222222222222222,0.5972222222222222,96,0.23958333333333334,10.057471264367816
42,steady_m2_r10_k1,regime_conditional,0.2,observed,transit_smooth,all,2160,72,52,23,20,2065,0.6933333333333334,0.7222222222222222,0.7074829931972789,0.011015325670498084,0.7799552773116338,0.8888888888888888,72,0.020833333333333332,144,0.030864197530864196,1.0,1.0,0.3333333333333333,0.7222222222222222,0.7222222222222222,84,0.13095238095238096,5.268199233716475
42,steady_m2_r10_k1,regime_conditional,0.2,observed,transit_smooth,stable,2160,72,52,23,20,2065,0.6933333333333334,0.7222222222222222,0.7074829931972789,0.011015325670498084,0.7799552773116338,0.8888888888888888,72,0.020833333333333332,144,0.030864197530864196,1.0,1.0,0.3333333333333333,0.7222222222222222,0.7222222222222222,84,0.13095238095238096,5.268199233716475
42,steady_m2_r10_k1,regime_conditional,0.2,observed,transit_rough,all,2160,72,52,64,20,2024,0.4482758620689655,0.7222222222222222,0.5531914893617021,0.03065134099616858,0.640493720270943,0.8888888888888888,72,0.09722222222222222,144,0.06635802469135803,1.0,1.0,0.3333333333333333,0.7222222222222222,0.5555555555555556,90,0.2777777777777778,11.973180076628353
42,steady_m2_r10_k1,regime_conditional,0.2,observed,transit_rough,stable,2160,72,52,64,20,2024,0.4482758620689655,0.7222222222222222,0.5531914893617021,0.03065134099616858,0.640493720270943,0.8888888888888888,72,0.09722222222222222,144,0.06635802469135803,1.0,1.0,0.3333333333333333,0.7222222222222222,0.5555555555555556,90,0.2777777777777778,11.973180076628353
42,steady_m4,regime_marginal,1.0,clean,all,all,6480,0,0,50,0,6430,0.0,,0.0,0.007716049382716049,,,0,,0,0.022685185185185187,1.0,1.0,,,,270,0.011111111111111112,7.407407407407407
42,steady_m4,regime_marginal,1.0,clean,all,stable,6480,0,0,50,0,6430,0.0,,0.0,0.007716049382716049,,,0,,0,0.022685185185185187,1.0,1.0,,,,270,0.011111111111111112,7.407407407407407
42,steady_m4,regime_marginal,1.0,clean,warehouse,all,2160,0,0,23,0,2137,0.0,,0.0,0.010648148148148148,,,0,,0,0.030555555555555555,1.0,1.0,,,,96,0.020833333333333332,9.722222222222221
42,steady_m4,regime_marginal,1.0,clean,warehouse,stable,2160,0,0,23,0,2137,0.0,,0.0,0.010648148148148148,,,0,,0,0.030555555555555555,1.0,1.0,,,,96,0.020833333333333332,9.722222222222221
42,steady_m4,regime_marginal,1.0,clean,transit_smooth,all,2160,0,0,15,0,2145,0.0,,0.0,0.006944444444444444,,,0,,0,0.020833333333333332,1.0,1.0,,,,84,0.0,6.944444444444445
42,steady_m4,regime_marginal,1.0,clean,transit_smooth,stable,2160,0,0,15,0,2145,0.0,,0.0,0.006944444444444444,,,0,,0,0.020833333333333332,1.0,1.0,,,,84,0.0,6.944444444444445
42,steady_m4,regime_marginal,1.0,clean,transit_rough,all,2160,0,0,12,0,2148,0.0,,0.0,0.005555555555555556,,,0,,0,0.016666666666666666,1.0,1.0,,,,90,0.011111111111111112,5.555555555555555
42,steady_m4,regime_marginal,1.0,clean,transit_rough,stable,2160,0,0,12,0,2148,0.0,,0.0,0.005555555555555556,,,0,,0,0.016666666666666666,1.0,1.0,,,,90,0.011111111111111112,5.555555555555555
42,steady_m4,regime_marginal,1.0,observed,all,all,6480,216,205,50,11,6214,0.803921568627451,0.9490740740740741,0.8704883227176221,0.007982120051085569,0.9650282672095609,0.9953703703703703,216,0.0,432,0.025205761316872428,1.0,1.0,0.3333333333333333,0.9490740740740741,0.9490740740740741,270,0.011111111111111112,7.662835249042145
42,steady_m4,regime_marginal,1.0,observed,all,stable,6480,216,205,50,11,6214,0.803921568627451,0.9490740740740741,0.8704883227176221,0.007982120051085569,0.9650282672095609,0.9953703703703703,216,0.0,432,0.025205761316872428,1.0,1.0,0.3333333333333333,0.9490740740740741,0.9490740740740741,270,0.011111111111111112,7.662835249042145
42,steady_m4,regime_marginal,1.0,observed,warehouse,all,2160,72,66,23,6,2065,0.7415730337078652,0.9166666666666666,0.8198757763975155,0.011015325670498084,0.9411523502438174,0.9861111111111112,72,0.0,144,0.033950617283950615,1.0,1.0,0.3333333333333333,0.9166666666666666,0.9166666666666666,96,0.020833333333333332,10.057471264367816
42,steady_m4,regime_marginal,1.0,observed,warehouse,stable,2160,72,66,23,6,2065,0.7415730337078652,0.9166666666666666,0.8198757763975155,0.011015325670498084,0.9411523502438174,0.9861111111111112,72,0.0,144,0.033950617283950615,1.0,1.0,0.3333333333333333,0.9166666666666666,0.9166666666666666,96,0.020833333333333332,10.057471264367816
42,steady_m4,regime_marginal,1.0,observed,transit_smooth,all,2160,72,70,15,2,2073,0.8235294117647058,0.9722222222222222,0.89171974522293,0.007183908045977011,0.9723396280525117,1.0,72,0.0,144,0.023148148148148147,1.0,1.0,0.3333333333333333,0.9722222222222222,0.9722222222222222,84,0.0,7.183908045977011
42,steady_m4,regime_marginal,1.0,observed,transit_smooth,stable,2160,72,70,15,2,2073,0.8235294117647058,0.9722222222222222,0.89171974522293,0.007183908045977011,0.9723396280525117,1.0,72,0.0,144,0.023148148148148147,1.0,1.0,0.3333333333333333,0.9722222222222222,0.9722222222222222,84,0.0,7.183908045977011
42,steady_m4,regime_marginal,1.0,observed,transit_rough,all,2160,72,69,12,3,2076,0.8518518518518519,0.9583333333333334,0.9019607843137255,0.005747126436781609,0.9776385664355227,1.0,72,0.0,144,0.018518518518518517,1.0,1.0,0.3333333333333333,0.9583333333333334,0.9583333333333334,90,0.011111111111111112,5.747126436781609
42,steady_m4,regime_marginal,1.0,observed,transit_rough,stable,2160,72,69,12,3,2076,0.8518518518518519,0.9583333333333334,0.9019607843137255,0.005747126436781609,0.9776385664355227,1.0,72,0.0,144,0.018518518518518517,1.0,1.0,0.3333333333333333,0.9583333333333334,0.9583333333333334,90,0.011111111111111112,5.747126436781609
42,steady_m4,regime_marginal,0.2,clean,all,all,6480,0,0,55,0,6425,0.0,,0.0,0.008487654320987654,,,0,,0,0.019444444444444445,1.0,1.0,,,,270,0.0,2.932098765432099
42,steady_m4,regime_marginal,0.2,clean,all,stable,6480,0,0,55,0,6425,0.0,,0.0,0.008487654320987654,,,0,,0,0.019444444444444445,1.0,1.0,,,,270,0.0,2.932098765432099
42,steady_m4,regime_marginal,0.2,clean,warehouse,all,2160,0,0,50,0,2110,0.0,,0.0,0.023148148148148147,,,0,,0,0.05138888888888889,1.0,1.0,,,,96,0.0,6.481481481481482
42,steady_m4,regime_marginal,0.2,clean,warehouse,stable,2160,0,0,50,0,2110,0.0,,0.0,0.023148148148148147,,,0,,0,0.05138888888888889,1.0,1.0,,,,96,0.0,6.481481481481482
42,steady_m4,regime_marginal,0.2,clean,transit_smooth,all,2160,0,0,3,0,2157,0.0,,0.0,0.001388888888888889,,,0,,0,0.004166666666666667,1.0,1.0,,,,84,0.0,1.3888888888888888
42,steady_m4,regime_marginal,0.2,clean,transit_smooth,stable,2160,0,0,3,0,2157,0.0,,0.0,0.001388888888888889,,,0,,0,0.004166666666666667,1.0,1.0,,,,84,0.0,1.3888888888888888
42,steady_m4,regime_marginal,0.2,clean,transit_rough,all,2160,0,0,2,0,2158,0.0,,0.0,0.000925925925925926,,,0,,0,0.002777777777777778,1.0,1.0,,,,90,0.0,0.9259259259259259
42,steady_m4,regime_marginal,0.2,clean,transit_rough,stable,2160,0,0,2,0,2158,0.0,,0.0,0.000925925925925926,,,0,,0,0.002777777777777778,1.0,1.0,,,,90,0.0,0.9259259259259259
42,steady_m4,regime_marginal,0.2,observed,all,all,6480,216,175,133,41,6131,0.5681818181818182,0.8101851851851852,0.6679389312977099,0.02123243933588761,0.7658792519463699,0.9120370370370371,216,0.020833333333333332,432,0.05864197530864197,1.0,1.0,0.3333333333333333,0.8101851851851852,0.8055555555555556,270,0.3,3.033205619412516
42,steady_m4,regime_marginal,0.2,observed,all,stable,6480,216,175,133,41,6131,0.5681818181818182,0.8101851851851852,0.6679389312977099,0.02123243933588761,0.7658792519463699,0.9120370370370371,216,0.020833333333333332,432,0.05864197530864197,1.0,1.0,0.3333333333333333,0.8101851851851852,0.8055555555555556,270,0.3,3.033205619412516
42,steady_m4,regime_marginal,0.2,observed,warehouse,all,2160,72,59,84,13,2004,0.4125874125874126,0.8194444444444444,0.5488372093023256,0.040229885057471264,0.7792942091057977,0.8888888888888888,72,0.034722222222222224,144,0.10648148148148148,1.0,1.0,0.3333333333333333,0.8194444444444444,0.8194444444444444,96,0.3854166666666667,6.704980842911877
42,steady_m4,regime_marginal,0.2,observed,warehouse,stable,2160,72,59,84,13,2004,0.4125874125874126,0.8194444444444444,0.5488372093023256,0.040229885057471264,0.7792942091057977,0.8888888888888888,72,0.034722222222222224,144,0.10648148148148148,1.0,1.0,0.3333333333333333,0.8194444444444444,0.8194444444444444,96,0.3854166666666667,6.704980842911877
42,steady_m4,regime_marginal,0.2,observed,transit_smooth,all,2160,72,59,20,13,2068,0.7468354430379747,0.8194444444444444,0.7814569536423841,0.009578544061302681,0.8131595666897374,0.9166666666666666,72,0.020833333333333332,144,0.026234567901234566,1.0,1.0,0.3333333333333333,0.8194444444444444,0.8055555555555556,84,0.20238095238095238,1.4367816091954022
42,steady_m4,regime_marginal,0.2,observed,transit_smooth,stable,2160,72,59,20,13,2068,0.7468354430379747,0.8194444444444444,0.7814569536423841,0.009578544061302681,0.8131595666897374,0.9166666666666666,72,0.020833333333333332,144,0.026234567901234566,1.0,1.0,0.3333333333333333,0.8194444444444444,0.8055555555555556,84,0.20238095238095238,1.4367816091954022
42,steady_m4,regime_marginal,0.2,observed,transit_rough,all,2160,72,57,29,15,2059,0.6627906976744186,0.7916666666666666,0.7215189873417721,0.013888888888888888,0.7525380804721329,0.9305555555555556,72,0.006944444444444444,144,0.043209876543209874,1.0,1.0,0.3333333333333333,0.7916666666666666,0.7916666666666666,90,0.3,0.9578544061302682
42,steady_m4,regime_marginal,0.2,observed,transit_rough,stable,2160,72,57,29,15,2059,0.6627906976744186,0.7916666666666666,0.7215189873417721,0.013888888888888888,0.7525380804721329,0.9305555555555556,72,0.006944444444444444,144,0.043209876543209874,1.0,1.0,0.3333333333333333,0.7916666666666666,0.7916666666666666,90,0.3,0.9578544061302682
42,steady_m4,regime_conditional,1.0,clean,all,all,6480,0,0,83,0,6397,0.0,,0.0,0.012808641975308642,,,0,,0,0.037037037037037035,1.0,1.0,,,,270,0.025925925925925925,12.654320987654321
42,steady_m4,regime_conditional,1.0,clean,all,stable,6480,0,0,83,0,6397,0.0,,0.0,0.012808641975308642,,,0,,0,0.037037037037037035,1.0,1.0,,,,270,0.025925925925925925,12.654320987654321
42,steady_m4,regime_conditional,1.0,clean,warehouse,all,2160,0,0,37,0,2123,0.0,,0.0,0.01712962962962963,,,0,,0,0.04861111111111111,1.0,1.0,,,,96,0.020833333333333332,16.666666666666668
42,steady_m4,regime_conditional,1.0,clean,warehouse,stable,2160,0,0,37,0,2123,0.0,,0.0,0.01712962962962963,,,0,,0,0.04861111111111111,1.0,1.0,,,,96,0.020833333333333332,16.666666666666668
42,steady_m4,regime_conditional,1.0,clean,transit_smooth,all,2160,0,0,20,0,2140,0.0,,0.0,0.009259259259259259,,,0,,0,0.027777777777777776,1.0,1.0,,,,84,0.023809523809523808,9.25925925925926
42,steady_m4,regime_conditional,1.0,clean,transit_smooth,stable,2160,0,0,20,0,2140,0.0,,0.0,0.009259259259259259,,,0,,0,0.027777777777777776,1.0,1.0,,,,84,0.023809523809523808,9.25925925925926
42,steady_m4,regime_conditional,1.0,clean,transit_rough,all,2160,0,0,26,0,2134,0.0,,0.0,0.012037037037037037,,,0,,0,0.034722222222222224,1.0,1.0,,,,90,0.03333333333333333,12.037037037037036
42,steady_m4,regime_conditional,1.0,clean,transit_rough,stable,2160,0,0,26,0,2134,0.0,,0.0,0.012037037037037037,,,0,,0,0.034722222222222224,1.0,1.0,,,,90,0.03333333333333333,12.037037037037036
42,steady_m4,regime_conditional,1.0,observed,all,all,6480,216,212,132,4,6132,0.6162790697674418,0.9814814814814815,0.7571428571428571,0.0210727969348659,0.9491417526819701,1.0,216,0.1388888888888889,432,0.0360082304526749,1.0,1.0,0.3333333333333333,0.9814814814814815,0.7222222222222222,270,0.025925925925925925,19.316730523627076
42,steady_m4,regime_conditional,1.0,observed,all,stable,6480,216,212,132,4,6132,0.6162790697674418,0.9814814814814815,0.7571428571428571,0.0210727969348659,0.9491417526819701,1.0,216,0.1388888888888889,432,0.0360082304526749,1.0,1.0,0.3333333333333333,0.9814814814814815,0.7222222222222222,270,0.025925925925925925,19.316730523627076
42,steady_m4,regime_conditional,1.0,observed,warehouse,all,2160,72,71,52,1,2036,0.5772357723577236,0.9861111111111112,0.7282051282051282,0.02490421455938697,0.9284180788749663,1.0,72,0.13194444444444445,144,0.04938271604938271,1.0,1.0,0.3333333333333333,0.9861111111111112,0.7222222222222222,96,0.020833333333333332,21.551724137931036
42,steady_m4,regime_conditional,1.0,observed,warehouse,stable,2160,72,71,52,1,2036,0.5772357723577236,0.9861111111111112,0.7282051282051282,0.02490421455938697,0.9284180788749663,1.0,72,0.13194444444444445,144,0.04938271604938271,1.0,1.0,0.3333333333333333,0.9861111111111112,0.7222222222222222,96,0.020833333333333332,21.551724137931036
42,steady_m4,regime_conditional,1.0,observed,transit_smooth,all,2160,72,69,29,3,2059,0.7040816326530612,0.9583333333333334,0.8117647058823529,0.013888888888888888,0.9376917703809313,1.0,72,0.0763888888888889,144,0.027777777777777776,1.0,1.0,0.3333333333333333,0.9583333333333334,0.8194444444444444,84,0.023809523809523808,13.409961685823754
42,steady_m4,regime_conditional,1.0,observed,transit_smooth,stable,2160,72,69,29,3,2059,0.7040816326530612,0.9583333333333334,0.8117647058823529,0.013888888888888888,0.9376917703809313,1.0,72,0.0763888888888889,144,0.027777777777777776,1.0,1.0,0.3333333333333333,0.9583333333333334,0.8194444444444444,84,0.023809523809523808,13.409961685823754
42,steady_m4,regime_conditional,1.0,observed,transit_rough,all,2160,72,72,51,0,2037,0.5853658536585366,1.0,0.7384615384615385,0.02442528735632184,0.9834720572335556,1.0,72,0.20833333333333334,144,0.030864197530864196,1.0,1.0,0.3333333333333333,1.0,0.625,90,0.03333333333333333,22.988505747126435
42,steady_m4,regime_conditional,1.0,observed,transit_rough,stable,2160,72,72,51,0,2037,0.5853658536585366,1.0,0.7384615384615385,0.02442528735632184,0.9834720572335556,1.0,72,0.20833333333333334,144,0.030864197530864196,1.0,1.0,0.3333333333333333,1.0,0.625,90,0.03333333333333333,22.988505747126435
42,steady_m4,regime_conditional,0.2,clean,all,all,6480,0,0,53,0,6427,0.0,,0.0,0.008179012345679013,,,0,,0,0.024074074074074074,1.0,1.0,,,,270,0.011111111111111112,6.635802469135802
42,steady_m4,regime_conditional,0.2,clean,all,stable,6480,0,0,53,0,6427,0.0,,0.0,0.008179012345679013,,,0,,0,0.024074074074074074,1.0,1.0,,,,270,0.011111111111111112,6.635802469135802
42,steady_m4,regime_conditional,0.2,clean,warehouse,all,2160,0,0,19,0,2141,0.0,,0.0,0.008796296296296297,,,0,,0,0.02638888888888889,1.0,1.0,,,,96,0.010416666666666666,6.018518518518518
42,steady_m4,regime_conditional,0.2,clean,warehouse,stable,2160,0,0,19,0,2141,0.0,,0.0,0.008796296296296297,,,0,,0,0.02638888888888889,1.0,1.0,,,,96,0.010416666666666666,6.018518518518518
42,steady_m4,regime_conditional,0.2,clean,transit_smooth,all,2160,0,0,12,0,2148,0.0,,0.0,0.005555555555555556,,,0,,0,0.016666666666666666,1.0,1.0,,,,84,0.0,4.62962962962963
42,steady_m4,regime_conditional,0.2,clean,transit_smooth,stable,2160,0,0,12,0,2148,0.0,,0.0,0.005555555555555556,,,0,,0,0.016666666666666666,1.0,1.0,,,,84,0.0,4.62962962962963
42,steady_m4,regime_conditional,0.2,clean,transit_rough,all,2160,0,0,22,0,2138,0.0,,0.0,0.010185185185185186,,,0,,0,0.029166666666666667,1.0,1.0,,,,90,0.022222222222222223,9.25925925925926
42,steady_m4,regime_conditional,0.2,clean,transit_rough,stable,2160,0,0,22,0,2138,0.0,,0.0,0.010185185185185186,,,0,,0,0.029166666666666667,1.0,1.0,,,,90,0.022222222222222223,9.25925925925926
42,steady_m4,regime_conditional,0.2,observed,all,all,6480,216,200,373,16,5891,0.34904013961605584,0.9259259259259259,0.5069708491761724,0.05954661558109834,0.7910673992385264,0.9166666666666666,216,0.34953703703703703,432,0.09104938271604938,1.0,1.0,0.3333333333333333,0.9259259259259259,0.4166666666666667,270,0.5037037037037037,11.65389527458493
42,steady_m4,regime_conditional,0.2,observed,all,stable,6480,216,200,373,16,5891,0.34904013961605584,0.9259259259259259,0.5069708491761724,0.05954661558109834,0.7910673992385264,0.9166666666666666,216,0.34953703703703703,432,0.09104938271604938,1.0,1.0,0.3333333333333333,0.9259259259259259,0.4166666666666667,270,0.5037037037037037,11.65389527458493
42,steady_m4,regime_conditional,0.2,observed,warehouse,all,2160,72,66,132,6,1956,0.3333333333333333,0.9166666666666666,0.4888888888888889,0.06321839080459771,0.8038135790504027,0.9027777777777778,72,0.3472222222222222,144,0.10339506172839506,1.0,1.0,0.3333333333333333,0.9166666666666666,0.4166666666666667,96,0.5208333333333334,10.53639846743295
42,steady_m4,regime_conditional,0.2,observed,warehouse,stable,2160,72,66,132,6,1956,0.3333333333333333,0.9166666666666666,0.4888888888888889,0.06321839080459771,0.8038135790504027,0.9027777777777778,72,0.3472222222222222,144,0.10339506172839506,1.0,1.0,0.3333333333333333,0.9166666666666666,0.4166666666666667,96,0.5208333333333334,10.53639846743295
42,steady_m4,regime_conditional,0.2,observed,transit_smooth,all,2160,72,67,77,5,2011,0.4652777777777778,0.9305555555555556,0.6203703703703703,0.036877394636015325,0.8496915238041989,0.9166666666666666,72,0.2222222222222222,144,0.06018518518518518,1.0,1.0,0.3333333333333333,0.9305555555555556,0.5694444444444444,84,0.39285714285714285,9.099616858237548
42,steady_m4,regime_conditional,0.2,observed,transit_smooth,stable,2160,72,67,77,5,2011,0.4652777777777778,0.9305555555555556,0.6203703703703703,0.036877394636015325,0.8496915238041989,0.9166666666666666,72,0.2222222222222222,144,0.06018518518518518,1.0,1.0,0.3333333333333333,0.9305555555555556,0.5694444444444444,84,0.39285714285714285,9.099616858237548
42,steady_m4,regime_conditional,0.2,observed,transit_rough,all,2160,72,67,164,5,1924,0.29004329004329005,0.9305555555555556,0.44224422442244227,0.07854406130268199,0.7387587666914314,0.9305555555555556,72,0.4791666666666667,144,0.1095679012345679,1.0,1.0,0.3333333333333333,0.9305555555555556,0.2638888888888889,90,0.5888888888888889,15.32567049808429
42,steady_m4,regime_conditional,0.2,observed,transit_rough,stable,2160,72,67,164,5,1924,0.29004329004329005,0.9305555555555556,0.44224422442244227,0.07854406130268199,0.7387587666914314,0.9305555555555556,72,0.4791666666666667,144,0.1095679012345679,1.0,1.0,0.3333333333333333,0.9305555555555556,0.2638888888888889,90,0.5888888888888889,15.32567049808429
42,steady_r02,regime_marginal,1.0,clean,all,all,6480,0,0,50,0,6430,0.0,,0.0,0.007716049382716049,,,0,,0,0.022685185185185187,1.0,1.0,,,,144,0.0,7.407407407407407
42,steady_r02,regime_marginal,1.0,clean,all,stable,6480,0,0,50,0,6430,0.0,,0.0,0.007716049382716049,,,0,,0,0.022685185185185187,1.0,1.0,,,,144,0.0,7.407407407407407
42,steady_r02,regime_marginal,1.0,clean,warehouse,all,2160,0,0,23,0,2137,0.0,,0.0,0.010648148148148148,,,0,,0,0.030555555555555555,1.0,1.0,,,,48,0.0,9.722222222222221
42,steady_r02,regime_marginal,1.0,clean,warehouse,stable,2160,0,0,23,0,2137,0.0,,0.0,0.010648148148148148,,,0,,0,0.030555555555555555,1.0,1.0,,,,48,0.0,9.722222222222221
42,steady_r02,regime_marginal,1.0,clean,transit_smooth,all,2160,0,0,15,0,2145,0.0,,0.0,0.006944444444444444,,,0,,0,0.020833333333333332,1.0,1.0,,,,48,0.0,6.944444444444445
42,steady_r02,regime_marginal,1.0,clean,transit_smooth,stable,2160,0,0,15,0,2145,0.0,,0.0,0.006944444444444444,,,0,,0,0.020833333333333332,1.0,1.0,,,,48,0.0,6.944444444444445
42,steady_r02,regime_marginal,1.0,clean,transit_rough,all,2160,0,0,12,0,2148,0.0,,0.0,0.005555555555555556,,,0,,0,0.016666666666666666,1.0,1.0,,,,48,0.0,5.555555555555555
42,steady_r02,regime_marginal,1.0,clean,transit_rough,stable,2160,0,0,12,0,2148,0.0,,0.0,0.005555555555555556,,,0,,0,0.016666666666666666,1.0,1.0,,,,48,0.0,5.555555555555555
42,steady_r02,regime_marginal,1.0,observed,all,all,6480,48,12,50,36,6382,0.1935483870967742,0.25,0.21818181818181817,0.00777363184079602,0.1522343145443283,0.7916666666666666,48,0.0,96,0.023200757575757576,1.0,1.0,0.3333333333333333,0.25,0.25,144,0.0,7.462686567164179
42,steady_r02,regime_marginal,1.0,observed,all,stable,6480,48,12,50,36,6382,0.1935483870967742,0.25,0.21818181818181817,0.00777363184079602,0.1522343145443283,0.7916666666666666,48,0.0,96,0.023200757575757576,1.0,1.0,0.3333333333333333,0.25,0.25,144,0.0,7.462686567164179
42,steady_r02,regime_marginal,1.0,observed,warehouse,all,2160,16,6,23,10,2121,0.20689655172413793,0.375,0.26666666666666666,0.010727611940298507,0.24421691047901825,0.75,16,0.0,32,0.03125,1.0,1.0,0.3333333333333333,0.375,0.375,48,0.0,9.794776119402986
42,steady_r02,regime_marginal,1.0,observed,warehouse,stable,2160,16,6,23,10,2121,0.20689655172413793,0.375,0.26666666666666666,0.010727611940298507,0.24421691047901825,0.75,16,0.0,32,0.03125,1.0,1.0,0.3333333333333333,0.375,0.375,48,0.0,9.794776119402986
42,steady_r02,regime_marginal,1.0,observed,transit_smooth,all,2160,16,3,15,13,2129,0.16666666666666666,0.1875,0.17647058823529413,0.006996268656716418,0.140586763225619,0.875,16,0.0,32,0.02130681818181818,1.0,1.0,0.3333333333333333,0.1875,0.1875,48,0.0,6.996268656716418
42,steady_r02,regime_marginal,1.0,observed,transit_smooth,stable,2160,16,3,15,13,2129,0.16666666666666666,0.1875,0.17647058823529413,0.006996268656716418,0.140586763225619,0.875,16,0.0,32,0.02130681818181818,1.0,1.0,0.3333333333333333,0.1875,0.1875,48,0.0,6.996268656716418
42,steady_r02,regime_marginal,1.0,observed,transit_rough,all,2160,16,3,12,13,2132,0.2,0.1875,0.1935483870967742,0.005597014925373134,0.15197153915731915,0.75,16,0.0,32,0.017045454545454544,1.0,1.0,0.3333333333333333,0.1875,0.1875,48,0.0,5.597014925373134
42,steady_r02,regime_marginal,1.0,observed,transit_rough,stable,2160,16,3,12,13,2132,0.2,0.1875,0.1935483870967742,0.005597014925373134,0.15197153915731915,0.75,16,0.0,32,0.017045454545454544,1.0,1.0,0.3333333333333333,0.1875,0.1875,48,0.0,5.597014925373134
42,steady_r02,regime_marginal,0.2,clean,all,all,6480,0,0,55,0,6425,0.0,,0.0,0.008487654320987654,,,0,,0,0.019444444444444445,1.0,1.0,,,,144,0.0,2.932098765432099
42,steady_r02,regime_marginal,0.2,clean,all,stable,6480,0,0,55,0,6425,0.0,,0.0,0.008487654320987654,,,0,,0,0.019444444444444445,1.0,1.0,,,,144,0.0,2.932098765432099
42,steady_r02,regime_marginal,0.2,clean,warehouse,all,2160,0,0,50,0,2110,0.0,,0.0,0.023148148148148147,,,0,,0,0.05138888888888889,1.0,1.0,,,,48,0.0,6.481481481481482
42,steady_r02,regime_marginal,0.2,clean,warehouse,stable,2160,0,0,50,0,2110,0.0,,0.0,0.023148148148148147,,,0,,0,0.05138888888888889,1.0,1.0,,,,48,0.0,6.481481481481482
42,steady_r02,regime_marginal,0.2,clean,transit_smooth,all,2160,0,0,3,0,2157,0.0,,0.0,0.001388888888888889,,,0,,0,0.004166666666666667,1.0,1.0,,,,48,0.0,1.3888888888888888
42,steady_r02,regime_marginal,0.2,clean,transit_smooth,stable,2160,0,0,3,0,2157,0.0,,0.0,0.001388888888888889,,,0,,0,0.004166666666666667,1.0,1.0,,,,48,0.0,1.3888888888888888
42,steady_r02,regime_marginal,0.2,clean,transit_rough,all,2160,0,0,2,0,2158,0.0,,0.0,0.000925925925925926,,,0,,0,0.002777777777777778,1.0,1.0,,,,48,0.0,0.9259259259259259
42,steady_r02,regime_marginal,0.2,clean,transit_rough,stable,2160,0,0,2,0,2158,0.0,,0.0,0.000925925925925926,,,0,,0,0.002777777777777778,1.0,1.0,,,,48,0.0,0.9259259259259259
42,steady_r02,regime_marginal,0.2,observed,all,all,6480,48,11,61,37,6371,0.1527777777777778,0.22916666666666666,0.18333333333333332,0.009483830845771144,0.17798448280212095,0.7291666666666666,48,0.041666666666666664,96,0.02225378787878788,1.0,1.0,0.3333333333333333,0.22916666666666666,0.22916666666666666,144,0.0625,3.109452736318408
42,steady_r02,regime_marginal,0.2,observed,all,stable,6480,48,11,61,37,6371,0.1527777777777778,0.22916666666666666,0.18333333333333332,0.009483830845771144,0.17798448280212095,0.7291666666666666,48,0.041666666666666664,96,0.02225378787878788,1.0,1.0,0.3333333333333333,0.22916666666666666,0.22916666666666666,144,0.0625,3.109452736318408
42,steady_r02,regime_marginal,0.2,observed,warehouse,all,2160,16,9,54,7,2090,0.14285714285714285,0.5625,0.22784810126582278,0.025186567164179104,0.39563243622070104,0.6875,16,0.09375,32,0.05823863636363636,1.0,1.0,0.3333333333333333,0.5625,0.5625,48,0.14583333333333334,6.529850746268656
42,steady_r02,regime_marginal,0.2,observed,warehouse,stable,2160,16,9,54,7,2090,0.14285714285714285,0.5625,0.22784810126582278,0.025186567164179104,0.39563243622070104,0.6875,16,0.09375,32,0.05823863636363636,1.0,1.0,0.3333333333333333,0.5625,0.5625,48,0.14583333333333334,6.529850746268656
42,steady_r02,regime_marginal,0.2,observed,transit_smooth,all,2160,16,2,5,14,2139,0.2857142857142857,0.125,0.17391304347826086,0.0023320895522388058,0.17236204299810964,1.0,16,0.0,32,0.007102272727272727,1.0,1.0,0.3333333333333333,0.125,0.125,48,0.041666666666666664,1.8656716417910448
42,steady_r02,regime_marginal,0.2,observed,transit_smooth,stable,2160,16,2,5,14,2139,0.2857142857142857,0.125,0.17391304347826086,0.0023320895522388058,0.17236204299810964,1.0,16,0.0,32,0.007102272727272727,1.0,1.0,0.3333333333333333,0.125,0.125,48,0.041666666666666664,1.8656716417910448
42,steady_r02,regime_marginal,0.2,observed,transit_rough,all,2160,16,0,2,16,2142,0.0,0.0,0.0,0.0009328358208955224,0.017381790711889514,0.5,16,0.03125,32,0.0014204545454545455,1.0,1.0,0.3333333333333333,0.0,0.0,48,0.0,0.9328358208955224
42,steady_r02,regime_marginal,0.2,observed,transit_rough,stable,2160,16,0,2,16,2142,0.0,0.0,0.0,0.0009328358208955224,0.017381790711889514,0.5,16,0.03125,32,0.0014204545454545455,1.0,1.0,0.3333333333333333,0.0,0.0,48,0.0,0.9328358208955224
42,steady_r02,regime_conditional,1.0,clean,all,all,6480,0,0,83,0,6397,0.0,,0.0,0.012808641975308642,,,0,,0,0.037037037037037035,1.0,1.0,,,,144,0.027777777777777776,12.654320987654321
42,steady_r02,regime_conditional,1.0,clean,all,stable,6480,0,0,83,0,6397,0.0,,0.0,0.012808641975308642,,,0,,0,0.037037037037037035,1.0,1.0,,,,144,0.027777777777777776,12.654320987654321
42,steady_r02,regime_conditional,1.0,clean,warehouse,all,2160,0,0,37,0,2123,0.0,,0.0,0.01712962962962963,,,0,,0,0.04861111111111111,1.0,1.0,,,,48,0.020833333333333332,16.666666666666668
42,steady_r02,regime_conditional,1.0,clean,warehouse,stable,2160,0,0,37,0,2123,0.0,,0.0,0.01712962962962963,,,0,,0,0.04861111111111111,1.0,1.0,,,,48,0.020833333333333332,16.666666666666668
42,steady_r02,regime_conditional,1.0,clean,transit_smooth,all,2160,0,0,20,0,2140,0.0,,0.0,0.009259259259259259,,,0,,0,0.027777777777777776,1.0,1.0,,,,48,0.0,9.25925925925926
42,steady_r02,regime_conditional,1.0,clean,transit_smooth,stable,2160,0,0,20,0,2140,0.0,,0.0,0.009259259259259259,,,0,,0,0.027777777777777776,1.0,1.0,,,,48,0.0,9.25925925925926
42,steady_r02,regime_conditional,1.0,clean,transit_rough,all,2160,0,0,26,0,2134,0.0,,0.0,0.012037037037037037,,,0,,0,0.034722222222222224,1.0,1.0,,,,48,0.0625,12.037037037037036
42,steady_r02,regime_conditional,1.0,clean,transit_rough,stable,2160,0,0,26,0,2134,0.0,,0.0,0.012037037037037037,,,0,,0,0.034722222222222224,1.0,1.0,,,,48,0.0625,12.037037037037036
42,steady_r02,regime_conditional,1.0,observed,all,all,6480,48,18,86,30,6346,0.17307692307692307,0.375,0.23684210526315788,0.013370646766169154,0.16074483122712196,0.8125,48,0.052083333333333336,96,0.036931818181818184,1.0,1.0,0.3333333333333333,0.375,0.3333333333333333,144,0.027777777777777776,13.215174129353233
42,steady_r02,regime_conditional,1.0,observed,all,stable,6480,48,18,86,30,6346,0.17307692307692307,0.375,0.23684210526315788,0.013370646766169154,0.16074483122712196,0.8125,48,0.052083333333333336,96,0.036931818181818184,1.0,1.0,0.3333333333333333,0.375,0.3333333333333333,144,0.027777777777777776,13.215174129353233
42,steady_r02,regime_conditional,1.0,observed,warehouse,all,2160,16,6,38,10,2106,0.13636363636363635,0.375,0.2,0.017723880597014924,0.18599898917105434,0.875,16,0.03125,32,0.04971590909090909,1.0,1.0,0.3333333333333333,0.375,0.375,48,0.020833333333333332,17.257462686567163
42,steady_r02,regime_conditional,1.0,observed,warehouse,stable,2160,16,6,38,10,2106,0.13636363636363635,0.375,0.2,0.017723880597014924,0.18599898917105434,0.875,16,0.03125,32,0.04971590909090909,1.0,1.0,0.3333333333333333,0.375,0.375,48,0.020833333333333332,17.257462686567163
42,steady_r02,regime_conditional,1.0,observed,transit_smooth,all,2160,16,4,20,12,2124,0.16666666666666666,0.25,0.2,0.009328358208955223,0.10085007327461254,0.8125,16,0.03125,32,0.026988636363636364,1.0,1.0,0.3333333333333333,0.25,0.1875,48,0.0,9.328358208955224
42,steady_r02,regime_conditional,1.0,observed,transit_smooth,stable,2160,16,4,20,12,2124,0.16666666666666666,0.25,0.2,0.009328358208955223,0.10085007327461254,0.8125,16,0.03125,32,0.026988636363636364,1.0,1.0,0.3333333333333333,0.25,0.1875,48,0.0,9.328358208955224
42,steady_r02,regime_conditional,1.0,observed,transit_rough,all,2160,16,8,28,8,2116,0.2222222222222222,0.5,0.3076923076923077,0.013059701492537313,0.2733732800990253,0.75,16,0.09375,32,0.03409090909090909,1.0,1.0,0.3333333333333333,0.5,0.4375,48,0.0625,13.059701492537313
42,steady_r02,regime_conditional,1.0,observed,transit_rough,stable,2160,16,8,28,8,2116,0.2222222222222222,0.5,0.3076923076923077,0.013059701492537313,0.2733732800990253,0.75,16,0.09375,32,0.03409090909090909,1.0,1.0,0.3333333333333333,0.5,0.4375,48,0.0625,13.059701492537313
42,steady_r02,regime_conditional,0.2,clean,all,all,6480,0,0,53,0,6427,0.0,,0.0,0.008179012345679013,,,0,,0,0.024074074074074074,1.0,1.0,,,,144,0.013888888888888888,6.635802469135802
42,steady_r02,regime_conditional,0.2,clean,all,stable,6480,0,0,53,0,6427,0.0,,0.0,0.008179012345679013,,,0,,0,0.024074074074074074,1.0,1.0,,,,144,0.013888888888888888,6.635802469135802
42,steady_r02,regime_conditional,0.2,clean,warehouse,all,2160,0,0,19,0,2141,0.0,,0.0,0.008796296296296297,,,0,,0,0.02638888888888889,1.0,1.0,,,,48,0.0,6.018518518518518
42,steady_r02,regime_conditional,0.2,clean,warehouse,stable,2160,0,0,19,0,2141,0.0,,0.0,0.008796296296296297,,,0,,0,0.02638888888888889,1.0,1.0,,,,48,0.0,6.018518518518518
42,steady_r02,regime_conditional,0.2,clean,transit_smooth,all,2160,0,0,12,0,2148,0.0,,0.0,0.005555555555555556,,,0,,0,0.016666666666666666,1.0,1.0,,,,48,0.0,4.62962962962963
42,steady_r02,regime_conditional,0.2,clean,transit_smooth,stable,2160,0,0,12,0,2148,0.0,,0.0,0.005555555555555556,,,0,,0,0.016666666666666666,1.0,1.0,,,,48,0.0,4.62962962962963
42,steady_r02,regime_conditional,0.2,clean,transit_rough,all,2160,0,0,22,0,2138,0.0,,0.0,0.010185185185185186,,,0,,0,0.029166666666666667,1.0,1.0,,,,48,0.041666666666666664,9.25925925925926
42,steady_r02,regime_conditional,0.2,clean,transit_rough,stable,2160,0,0,22,0,2138,0.0,,0.0,0.010185185185185186,,,0,,0,0.029166666666666667,1.0,1.0,,,,48,0.041666666666666664,9.25925925925926
42,steady_r02,regime_conditional,0.2,observed,all,all,6480,48,21,77,27,6355,0.21428571428571427,0.4375,0.2876712328767123,0.01197139303482587,0.3367296209383636,0.7291666666666666,48,0.041666666666666664,96,0.03409090909090909,1.0,1.0,0.3333333333333333,0.4375,0.4375,144,0.1597222222222222,6.996268656716418
42,steady_r02,regime_conditional,0.2,observed,all,stable,6480,48,21,77,27,6355,0.21428571428571427,0.4375,0.2876712328767123,0.01197139303482587,0.3367296209383636,0.7291666666666666,48,0.041666666666666664,96,0.03409090909090909,1.0,1.0,0.3333333333333333,0.4375,0.4375,144,0.1597222222222222,6.996268656716418
42,steady_r02,regime_conditional,0.2,observed,warehouse,all,2160,16,9,29,7,2115,0.23684210526315788,0.5625,0.3333333333333333,0.013526119402985074,0.4769732921538927,0.6875,16,0.0625,32,0.03835227272727273,1.0,1.0,0.3333333333333333,0.5625,0.5625,48,0.16666666666666666,6.529850746268656
42,steady_r02,regime_conditional,0.2,observed,warehouse,stable,2160,16,9,29,7,2115,0.23684210526315788,0.5625,0.3333333333333333,0.013526119402985074,0.4769732921538927,0.6875,16,0.0625,32,0.03835227272727273,1.0,1.0,0.3333333333333333,0.5625,0.5625,48,0.16666666666666666,6.529850746268656
42,steady_r02,regime_conditional,0.2,observed,transit_smooth,all,2160,16,8,18,8,2126,0.3076923076923077,0.5,0.38095238095238093,0.008395522388059701,0.394293064798211,1.0,16,0.0,32,0.02556818181818182,1.0,1.0,0.3333333333333333,0.5,0.5,48,0.125,4.664179104477612
42,steady_r02,regime_conditional,0.2,observed,transit_smooth,stable,2160,16,8,18,8,2126,0.3076923076923077,0.5,0.38095238095238093,0.008395522388059701,0.394293064798211,1.0,16,0.0,32,0.02556818181818182,1.0,1.0,0.3333333333333333,0.5,0.5,48,0.125,4.664179104477612
42,steady_r02,regime_conditional,0.2,observed,transit_rough,all,2160,16,4,30,12,2114,0.11764705882352941,0.25,0.16,0.013992537313432836,0.1770402684529932,0.5,16,0.0625,32,0.03835227272727273,1.0,1.0,0.3333333333333333,0.25,0.25,48,0.1875,9.794776119402986
42,steady_r02,regime_conditional,0.2,observed,transit_rough,stable,2160,16,4,30,12,2114,0.11764705882352941,0.25,0.16,0.013992537313432836,0.1770402684529932,0.5,16,0.0625,32,0.03835227272727273,1.0,1.0,0.3333333333333333,0.25,0.25,48,0.1875,9.794776119402986
42,steady_r20,regime_marginal,1.0,clean,all,all,6480,0,0,50,0,6430,0.0,,0.0,0.007716049382716049,,,0,,0,0.022685185185185187,1.0,1.0,,,,396,0.005050505050505051,7.407407407407407
42,steady_r20,regime_marginal,1.0,clean,all,stable,6480,0,0,50,0,6430,0.0,,0.0,0.007716049382716049,,,0,,0,0.022685185185185187,1.0,1.0,,,,396,0.005050505050505051,7.407407407407407
42,steady_r20,regime_marginal,1.0,clean,warehouse,all,2160,0,0,23,0,2137,0.0,,0.0,0.010648148148148148,,,0,,0,0.030555555555555555,1.0,1.0,,,,144,0.006944444444444444,9.722222222222221
42,steady_r20,regime_marginal,1.0,clean,warehouse,stable,2160,0,0,23,0,2137,0.0,,0.0,0.010648148148148148,,,0,,0,0.030555555555555555,1.0,1.0,,,,144,0.006944444444444444,9.722222222222221
42,steady_r20,regime_marginal,1.0,clean,transit_smooth,all,2160,0,0,15,0,2145,0.0,,0.0,0.006944444444444444,,,0,,0,0.020833333333333332,1.0,1.0,,,,132,0.0,6.944444444444445
42,steady_r20,regime_marginal,1.0,clean,transit_smooth,stable,2160,0,0,15,0,2145,0.0,,0.0,0.006944444444444444,,,0,,0,0.020833333333333332,1.0,1.0,,,,132,0.0,6.944444444444445
42,steady_r20,regime_marginal,1.0,clean,transit_rough,all,2160,0,0,12,0,2148,0.0,,0.0,0.005555555555555556,,,0,,0,0.016666666666666666,1.0,1.0,,,,120,0.008333333333333333,5.555555555555555
42,steady_r20,regime_marginal,1.0,clean,transit_rough,stable,2160,0,0,12,0,2148,0.0,,0.0,0.005555555555555556,,,0,,0,0.016666666666666666,1.0,1.0,,,,120,0.008333333333333333,5.555555555555555
42,steady_r20,regime_marginal,1.0,observed,all,all,6480,432,124,48,308,6000,0.7209302325581395,0.28703703703703703,0.4105960264900662,0.007936507936507936,0.4965830510682319,0.8263888888888888,432,0.005787037037037037,864,0.02488425925925926,1.0,1.0,0.3333333333333333,0.28703703703703703,0.2847222222222222,396,0.005050505050505051,7.605820105820106
42,steady_r20,regime_marginal,1.0,observed,all,stable,6480,432,124,48,308,6000,0.7209302325581395,0.28703703703703703,0.4105960264900662,0.007936507936507936,0.4965830510682319,0.8263888888888888,432,0.005787037037037037,864,0.02488425925925926,1.0,1.0,0.3333333333333333,0.28703703703703703,0.2847222222222222,396,0.005050505050505051,7.605820105820106
42,steady_r20,regime_marginal,1.0,observed,warehouse,all,2160,144,42,21,102,1995,0.6666666666666666,0.2916666666666667,0.4057971014492754,0.010416666666666666,0.46679484221873185,0.7916666666666666,144,0.017361111111111112,288,0.027777777777777776,1.0,1.0,0.3333333333333333,0.2916666666666667,0.2847222222222222,144,0.006944444444444444,9.424603174603174
42,steady_r20,regime_marginal,1.0,observed,warehouse,stable,2160,144,42,21,102,1995,0.6666666666666666,0.2916666666666667,0.4057971014492754,0.010416666666666666,0.46679484221873185,0.7916666666666666,144,0.017361111111111112,288,0.027777777777777776,1.0,1.0,0.3333333333333333,0.2916666666666667,0.2847222222222222,144,0.006944444444444444,9.424603174603174
42,steady_r20,regime_marginal,1.0,observed,transit_smooth,all,2160,144,33,15,111,2001,0.6875,0.22916666666666666,0.34375,0.00744047619047619,0.45443386538885794,0.8194444444444444,144,0.0,288,0.026041666666666668,1.0,1.0,0.3333333333333333,0.22916666666666666,0.22916666666666666,132,0.0,7.440476190476191
42,steady_r20,regime_marginal,1.0,observed,transit_smooth,stable,2160,144,33,15,111,2001,0.6875,0.22916666666666666,0.34375,0.00744047619047619,0.45443386538885794,0.8194444444444444,144,0.0,288,0.026041666666666668,1.0,1.0,0.3333333333333333,0.22916666666666666,0.22916666666666666,132,0.0,7.440476190476191
42,steady_r20,regime_marginal,1.0,observed,transit_rough,all,2160,144,49,12,95,2004,0.8032786885245902,0.3402777777777778,0.47804878048780486,0.005952380952380952,0.5697025165337786,0.8680555555555556,144,0.0,288,0.020833333333333332,1.0,1.0,0.3333333333333333,0.3402777777777778,0.3402777777777778,120,0.008333333333333333,5.9523809523809526
42,steady_r20,regime_marginal,1.0,observed,transit_rough,stable,2160,144,49,12,95,2004,0.8032786885245902,0.3402777777777778,0.47804878048780486,0.005952380952380952,0.5697025165337786,0.8680555555555556,144,0.0,288,0.020833333333333332,1.0,1.0,0.3333333333333333,0.3402777777777778,0.3402777777777778,120,0.008333333333333333,5.9523809523809526
42,steady_r20,regime_marginal,0.2,clean,all,all,6480,0,0,55,0,6425,0.0,,0.0,0.008487654320987654,,,0,,0,0.019444444444444445,1.0,1.0,,,,396,0.0,2.932098765432099
42,steady_r20,regime_marginal,0.2,clean,all,stable,6480,0,0,55,0,6425,0.0,,0.0,0.008487654320987654,,,0,,0,0.019444444444444445,1.0,1.0,,,,396,0.0,2.932098765432099
42,steady_r20,regime_marginal,0.2,clean,warehouse,all,2160,0,0,50,0,2110,0.0,,0.0,0.023148148148148147,,,0,,0,0.05138888888888889,1.0,1.0,,,,144,0.0,6.481481481481482
42,steady_r20,regime_marginal,0.2,clean,warehouse,stable,2160,0,0,50,0,2110,0.0,,0.0,0.023148148148148147,,,0,,0,0.05138888888888889,1.0,1.0,,,,144,0.0,6.481481481481482
42,steady_r20,regime_marginal,0.2,clean,transit_smooth,all,2160,0,0,3,0,2157,0.0,,0.0,0.001388888888888889,,,0,,0,0.004166666666666667,1.0,1.0,,,,132,0.0,1.3888888888888888
42,steady_r20,regime_marginal,0.2,clean,transit_smooth,stable,2160,0,0,3,0,2157,0.0,,0.0,0.001388888888888889,,,0,,0,0.004166666666666667,1.0,1.0,,,,132,0.0,1.3888888888888888
42,steady_r20,regime_marginal,0.2,clean,transit_rough,all,2160,0,0,2,0,2158,0.0,,0.0,0.000925925925925926,,,0,,0,0.002777777777777778,1.0,1.0,,,,120,0.0,0.9259259259259259
42,steady_r20,regime_marginal,0.2,clean,transit_rough,stable,2160,0,0,2,0,2158,0.0,,0.0,0.000925925925925926,,,0,,0,0.002777777777777778,1.0,1.0,,,,120,0.0,0.9259259259259259
42,steady_r20,regime_marginal,0.2,observed,all,all,6480,432,244,93,188,5955,0.7240356083086054,0.5648148148148148,0.6345903771131339,0.015376984126984126,0.6536391602222166,0.8657407407407407,432,0.019675925925925927,864,0.03993055555555555,1.0,1.0,0.3333333333333333,0.5648148148148148,0.5648148148148148,396,0.1111111111111111,3.1415343915343916
42,steady_r20,regime_marginal,0.2,observed,all,stable,6480,432,244,93,188,5955,0.7240356083086054,0.5648148148148148,0.6345903771131339,0.015376984126984126,0.6536391602222166,0.8657407407407407,432,0.019675925925925927,864,0.03993055555555555,1.0,1.0,0.3333333333333333,0.5648148148148148,0.5648148148148148,396,0.1111111111111111,3.1415343915343916
42,steady_r20,regime_marginal,0.2,observed,warehouse,all,2160,144,87,71,57,1945,0.5506329113924051,0.6041666666666666,0.5761589403973509,0.03521825396825397,0.6112870832932422,0.7916666666666666,144,0.04861111111111111,288,0.08680555555555555,1.0,1.0,0.3333333333333333,0.6041666666666666,0.6041666666666666,144,0.1875,6.448412698412699
42,steady_r20,regime_marginal,0.2,observed,warehouse,stable,2160,144,87,71,57,1945,0.5506329113924051,0.6041666666666666,0.5761589403973509,0.03521825396825397,0.6112870832932422,0.7916666666666666,144,0.04861111111111111,288,0.08680555555555555,1.0,1.0,0.3333333333333333,0.6041666666666666,0.6041666666666666,144,0.1875,6.448412698412699
42,steady_r20,regime_marginal,0.2,observed,transit_smooth,all,2160,144,72,10,72,2006,0.8780487804878049,0.5,0.6371681415929203,0.00496031746031746,0.6966566429979771,0.8958333333333334,144,0.006944444444444444,288,0.013888888888888888,1.0,1.0,0.3333333333333333,0.5,0.5,132,0.05303030303030303,1.4880952380952381
42,steady_r20,regime_marginal,0.2,observed,transit_smooth,stable,2160,144,72,10,72,2006,0.8780487804878049,0.5,0.6371681415929203,0.00496031746031746,0.6966566429979771,0.8958333333333334,144,0.006944444444444444,288,0.013888888888888888,1.0,1.0,0.3333333333333333,0.5,0.5,132,0.05303030303030303,1.4880952380952381
42,steady_r20,regime_marginal,0.2,observed,transit_rough,all,2160,144,85,12,59,2004,0.8762886597938144,0.5902777777777778,0.7053941908713693,0.005952380952380952,0.7532330525848457,0.9097222222222222,144,0.003472222222222222,288,0.019097222222222224,1.0,1.0,0.3333333333333333,0.5902777777777778,0.5902777777777778,120,0.08333333333333333,1.4880952380952381
42,steady_r20,regime_marginal,0.2,observed,transit_rough,stable,2160,144,85,12,59,2004,0.8762886597938144,0.5902777777777778,0.7053941908713693,0.005952380952380952,0.7532330525848457,0.9097222222222222,144,0.003472222222222222,288,0.019097222222222224,1.0,1.0,0.3333333333333333,0.5902777777777778,0.5902777777777778,120,0.08333333333333333,1.4880952380952381
42,steady_r20,regime_conditional,1.0,clean,all,all,6480,0,0,83,0,6397,0.0,,0.0,0.012808641975308642,,,0,,0,0.037037037037037035,1.0,1.0,,,,396,0.015151515151515152,12.654320987654321
42,steady_r20,regime_conditional,1.0,clean,all,stable,6480,0,0,83,0,6397,0.0,,0.0,0.012808641975308642,,,0,,0,0.037037037037037035,1.0,1.0,,,,396,0.015151515151515152,12.654320987654321
42,steady_r20,regime_conditional,1.0,clean,warehouse,all,2160,0,0,37,0,2123,0.0,,0.0,0.01712962962962963,,,0,,0,0.04861111111111111,1.0,1.0,,,,144,0.006944444444444444,16.666666666666668
42,steady_r20,regime_conditional,1.0,clean,warehouse,stable,2160,0,0,37,0,2123,0.0,,0.0,0.01712962962962963,,,0,,0,0.04861111111111111,1.0,1.0,,,,144,0.006944444444444444,16.666666666666668
42,steady_r20,regime_conditional,1.0,clean,transit_smooth,all,2160,0,0,20,0,2140,0.0,,0.0,0.009259259259259259,,,0,,0,0.027777777777777776,1.0,1.0,,,,132,0.015151515151515152,9.25925925925926
42,steady_r20,regime_conditional,1.0,clean,transit_smooth,stable,2160,0,0,20,0,2140,0.0,,0.0,0.009259259259259259,,,0,,0,0.027777777777777776,1.0,1.0,,,,132,0.015151515151515152,9.25925925925926
42,steady_r20,regime_conditional,1.0,clean,transit_rough,all,2160,0,0,26,0,2134,0.0,,0.0,0.012037037037037037,,,0,,0,0.034722222222222224,1.0,1.0,,,,120,0.025,12.037037037037036
42,steady_r20,regime_conditional,1.0,clean,transit_rough,stable,2160,0,0,26,0,2134,0.0,,0.0,0.012037037037037037,,,0,,0,0.034722222222222224,1.0,1.0,,,,120,0.025,12.037037037037036
42,steady_r20,regime_conditional,1.0,observed,all,all,6480,432,176,91,256,5957,0.6591760299625468,0.4074074074074074,0.5035765379113019,0.015046296296296295,0.5361806780687951,0.8333333333333334,432,0.032407407407407406,864,0.03587962962962963,1.0,1.0,0.3333333333333333,0.4074074074074074,0.3680555555555556,396,0.015151515151515152,14.55026455026455
42,steady_r20,regime_conditional,1.0,observed,all,stable,6480,432,176,91,256,5957,0.6591760299625468,0.4074074074074074,0.5035765379113019,0.015046296296296295,0.5361806780687951,0.8333333333333334,432,0.032407407407407406,864,0.03587962962962963,1.0,1.0,0.3333333333333333,0.4074074074074074,0.3680555555555556,396,0.015151515151515152,14.55026455026455
42,steady_r20,regime_conditional,1.0,observed,warehouse,all,2160,144,61,43,83,1973,0.5865384615384616,0.4236111111111111,0.49193548387096775,0.02132936507936508,0.5127759260443513,0.8125,144,0.052083333333333336,288,0.046875,1.0,1.0,0.3333333333333333,0.4236111111111111,0.3611111111111111,144,0.006944444444444444,20.33730158730159
42,steady_r20,regime_conditional,1.0,observed,warehouse,stable,2160,144,61,43,83,1973,0.5865384615384616,0.4236111111111111,0.49193548387096775,0.02132936507936508,0.5127759260443513,0.8125,144,0.052083333333333336,288,0.046875,1.0,1.0,0.3333333333333333,0.4236111111111111,0.3611111111111111,144,0.006944444444444444,20.33730158730159
42,steady_r20,regime_conditional,1.0,observed,transit_smooth,all,2160,144,46,22,98,1994,0.6764705882352942,0.3194444444444444,0.4339622641509434,0.010912698412698412,0.4837479833089991,0.8333333333333334,144,0.017361111111111112,288,0.029513888888888888,1.0,1.0,0.3333333333333333,0.3194444444444444,0.2916666666666667,132,0.015151515151515152,10.912698412698413
42,steady_r20,regime_conditional,1.0,observed,transit_smooth,stable,2160,144,46,22,98,1994,0.6764705882352942,0.3194444444444444,0.4339622641509434,0.010912698412698412,0.4837479833089991,0.8333333333333334,144,0.017361111111111112,288,0.029513888888888888,1.0,1.0,0.3333333333333333,0.3194444444444444,0.2916666666666667,132,0.015151515151515152,10.912698412698413
42,steady_r20,regime_conditional,1.0,observed,transit_rough,all,2160,144,69,26,75,1990,0.7263157894736842,0.4791666666666667,0.5774058577405857,0.012896825396825396,0.6225530024607948,0.8541666666666666,144,0.027777777777777776,288,0.03125,1.0,1.0,0.3333333333333333,0.4791666666666667,0.4513888888888889,120,0.025,12.40079365079365
42,steady_r20,regime_conditional,1.0,observed,transit_rough,stable,2160,144,69,26,75,1990,0.7263157894736842,0.4791666666666667,0.5774058577405857,0.012896825396825396,0.6225530024607948,0.8541666666666666,144,0.027777777777777776,288,0.03125,1.0,1.0,0.3333333333333333,0.4791666666666667,0.4513888888888889,120,0.025,12.40079365079365
42,steady_r20,regime_conditional,0.2,clean,all,all,6480,0,0,53,0,6427,0.0,,0.0,0.008179012345679013,,,0,,0,0.024074074074074074,1.0,1.0,,,,396,0.007575757575757576,6.635802469135802
42,steady_r20,regime_conditional,0.2,clean,all,stable,6480,0,0,53,0,6427,0.0,,0.0,0.008179012345679013,,,0,,0,0.024074074074074074,1.0,1.0,,,,396,0.007575757575757576,6.635802469135802
42,steady_r20,regime_conditional,0.2,clean,warehouse,all,2160,0,0,19,0,2141,0.0,,0.0,0.008796296296296297,,,0,,0,0.02638888888888889,1.0,1.0,,,,144,0.006944444444444444,6.018518518518518
42,steady_r20,regime_conditional,0.2,clean,warehouse,stable,2160,0,0,19,0,2141,0.0,,0.0,0.008796296296296297,,,0,,0,0.02638888888888889,1.0,1.0,,,,144,0.006944444444444444,6.018518518518518
42,steady_r20,regime_conditional,0.2,clean,transit_smooth,all,2160,0,0,12,0,2148,0.0,,0.0,0.005555555555555556,,,0,,0,0.016666666666666666,1.0,1.0,,,,132,0.0,4.62962962962963
42,steady_r20,regime_conditional,0.2,clean,transit_smooth,stable,2160,0,0,12,0,2148,0.0,,0.0,0.005555555555555556,,,0,,0,0.016666666666666666,1.0,1.0,,,,132,0.0,4.62962962962963
42,steady_r20,regime_conditional,0.2,clean,transit_rough,all,2160,0,0,22,0,2138,0.0,,0.0,0.010185185185185186,,,0,,0,0.029166666666666667,1.0,1.0,,,,120,0.016666666666666666,9.25925925925926
42,steady_r20,regime_conditional,0.2,clean,transit_rough,stable,2160,0,0,22,0,2138,0.0,,0.0,0.010185185185185186,,,0,,0,0.029166666666666667,1.0,1.0,,,,120,0.016666666666666666,9.25925925925926
42,steady_r20,regime_conditional,0.2,observed,all,all,6480,432,346,237,86,5811,0.5934819897084048,0.8009259259259259,0.6817733990147783,0.039186507936507936,0.7603050913554766,0.8796296296296297,432,0.10300925925925926,864,0.07928240740740741,1.0,1.0,0.3333333333333333,0.8009259259259259,0.6458333333333334,396,0.25757575757575757,12.40079365079365
42,steady_r20,regime_conditional,0.2,observed,all,stable,6480,432,346,237,86,5811,0.5934819897084048,0.8009259259259259,0.6817733990147783,0.039186507936507936,0.7603050913554766,0.8796296296296297,432,0.10300925925925926,864,0.07928240740740741,1.0,1.0,0.3333333333333333,0.8009259259259259,0.6458333333333334,396,0.25757575757575757,12.40079365079365
42,steady_r20,regime_conditional,0.2,observed,warehouse,all,2160,144,113,101,31,1915,0.5280373831775701,0.7847222222222222,0.6312849162011173,0.05009920634920635,0.7265302906332867,0.8125,144,0.1701388888888889,288,0.08159722222222222,1.0,1.0,0.3333333333333333,0.7847222222222222,0.5555555555555556,144,0.2847222222222222,14.384920634920634
42,steady_r20,regime_conditional,0.2,observed,warehouse,stable,2160,144,113,101,31,1915,0.5280373831775701,0.7847222222222222,0.6312849162011173,0.05009920634920635,0.7265302906332867,0.8125,144,0.1701388888888889,288,0.08159722222222222,1.0,1.0,0.3333333333333333,0.7847222222222222,0.5555555555555556,144,0.2847222222222222,14.384920634920634
42,steady_r20,regime_conditional,0.2,observed,transit_smooth,all,2160,144,115,52,29,1964,0.688622754491018,0.7986111111111112,0.7395498392282959,0.025793650793650792,0.8002402148157768,0.9097222222222222,144,0.052083333333333336,288,0.0642361111111111,1.0,1.0,0.3333333333333333,0.7986111111111112,0.7152777777777778,132,0.20454545454545456,8.928571428571429
42,steady_r20,regime_conditional,0.2,observed,transit_smooth,stable,2160,144,115,52,29,1964,0.688622754491018,0.7986111111111112,0.7395498392282959,0.025793650793650792,0.8002402148157768,0.9097222222222222,144,0.052083333333333336,288,0.0642361111111111,1.0,1.0,0.3333333333333333,0.7986111111111112,0.7152777777777778,132,0.20454545454545456,8.928571428571429
42,steady_r20,regime_conditional,0.2,observed,transit_rough,all,2160,144,118,84,26,1932,0.5841584158415841,0.8194444444444444,0.6820809248554913,0.041666666666666664,0.7751841914529363,0.9166666666666666,144,0.08680555555555555,288,0.0920138888888889,1.0,1.0,0.3333333333333333,0.8194444444444444,0.6666666666666666,120,0.2833333333333333,13.88888888888889
42,steady_r20,regime_conditional,0.2,observed,transit_rough,stable,2160,144,118,84,26,1932,0.5841584158415841,0.8194444444444444,0.6820809248554913,0.041666666666666664,0.7751841914529363,0.9166666666666666,144,0.08680555555555555,288,0.0920138888888889,1.0,1.0,0.3333333333333333,0.8194444444444444,0.6666666666666666,120,0.2833333333333333,13.88888888888889
42,steady_k2,regime_marginal,1.0,clean,all,all,6480,0,0,50,0,6430,0.0,,0.0,0.007716049382716049,,,0,,0,0.022685185185185187,1.0,1.0,,,,540,0.007407407407407408,7.407407407407407
42,steady_k2,regime_marginal,1.0,clean,all,stable,6480,0,0,50,0,6430,0.0,,0.0,0.007716049382716049,,,0,,0,0.022685185185185187,1.0,1.0,,,,540,0.007407407407407408,7.407407407407407
42,steady_k2,regime_marginal,1.0,clean,warehouse,all,2160,0,0,23,0,2137,0.0,,0.0,0.010648148148148148,,,0,,0,0.030555555555555555,1.0,1.0,,,,192,0.015625,9.722222222222221
42,steady_k2,regime_marginal,1.0,clean,warehouse,stable,2160,0,0,23,0,2137,0.0,,0.0,0.010648148148148148,,,0,,0,0.030555555555555555,1.0,1.0,,,,192,0.015625,9.722222222222221
42,steady_k2,regime_marginal,1.0,clean,transit_smooth,all,2160,0,0,15,0,2145,0.0,,0.0,0.006944444444444444,,,0,,0,0.020833333333333332,1.0,1.0,,,,168,0.0,6.944444444444445
42,steady_k2,regime_marginal,1.0,clean,transit_smooth,stable,2160,0,0,15,0,2145,0.0,,0.0,0.006944444444444444,,,0,,0,0.020833333333333332,1.0,1.0,,,,168,0.0,6.944444444444445
42,steady_k2,regime_marginal,1.0,clean,transit_rough,all,2160,0,0,12,0,2148,0.0,,0.0,0.005555555555555556,,,0,,0,0.016666666666666666,1.0,1.0,,,,180,0.005555555555555556,5.555555555555555
42,steady_k2,regime_marginal,1.0,clean,transit_rough,stable,2160,0,0,12,0,2148,0.0,,0.0,0.005555555555555556,,,0,,0,0.016666666666666666,1.0,1.0,,,,180,0.005555555555555556,5.555555555555555
42,steady_k2,regime_marginal,1.0,observed,all,all,6480,432,133,50,299,5998,0.726775956284153,0.30787037037037035,0.432520325203252,0.008267195767195767,0.5199029898957813,0.9583333333333334,216,0.0,216,0.025205761316872428,1.0,1.0,0.6666666666666666,0.09722222222222222,0.09722222222222222,540,0.007407407407407408,7.936507936507937
42,steady_k2,regime_marginal,1.0,observed,all,stable,6480,432,133,50,299,5998,0.726775956284153,0.30787037037037035,0.432520325203252,0.008267195767195767,0.5199029898957813,0.9583333333333334,216,0.0,216,0.025205761316872428,1.0,1.0,0.6666666666666666,0.09722222222222222,0.09722222222222222,540,0.007407407407407408,7.936507936507937
42,steady_k2,regime_marginal,1.0,observed,warehouse,all,2160,144,51,23,93,1993,0.6891891891891891,0.3541666666666667,0.46788990825688076,0.011408730158730158,0.49444820931271044,0.9583333333333334,72,0.0,72,0.033950617283950615,1.0,1.0,0.6666666666666666,0.08333333333333333,0.08333333333333333,192,0.015625,10.416666666666666
42,steady_k2,regime_marginal,1.0,observed,warehouse,stable,2160,144,51,23,93,1993,0.6891891891891891,0.3541666666666667,0.46788990825688076,0.011408730158730158,0.49444820931271044,0.9583333333333334,72,0.0,72,0.033950617283950615,1.0,1.0,0.6666666666666666,0.08333333333333333,0.08333333333333333,192,0.015625,10.416666666666666
42,steady_k2,regime_marginal,1.0,observed,transit_smooth,all,2160,144,35,15,109,2001,0.7,0.24305555555555555,0.36082474226804123,0.00744047619047619,0.5136612167016034,0.9583333333333334,72,0.0,72,0.023148148148148147,1.0,1.0,0.6666666666666666,0.08333333333333333,0.08333333333333333,168,0.0,7.440476190476191
42,steady_k2,regime_marginal,1.0,observed,transit_smooth,stable,2160,144,35,15,109,2001,0.7,0.24305555555555555,0.36082474226804123,0.00744047619047619,0.5136612167016034,0.9583333333333334,72,0.0,72,0.023148148148148147,1.0,1.0,0.6666666666666666,0.08333333333333333,0.08333333333333333,168,0.0,7.440476190476191
42,steady_k2,regime_marginal,1.0,observed,transit_rough,all,2160,144,47,12,97,2004,0.7966101694915254,0.3263888888888889,0.4630541871921182,0.005952380952380952,0.5598306074987758,0.9583333333333334,72,0.0,72,0.018518518518518517,1.0,1.0,0.6666666666666666,0.125,0.125,180,0.005555555555555556,5.9523809523809526
42,steady_k2,regime_marginal,1.0,observed,transit_rough,stable,2160,144,47,12,97,2004,0.7966101694915254,0.3263888888888889,0.4630541871921182,0.005952380952380952,0.5598306074987758,0.9583333333333334,72,0.0,72,0.018518518518518517,1.0,1.0,0.6666666666666666,0.125,0.125,180,0.005555555555555556,5.9523809523809526
42,steady_k2,regime_marginal,0.2,clean,all,all,6480,0,0,55,0,6425,0.0,,0.0,0.008487654320987654,,,0,,0,0.019444444444444445,1.0,1.0,,,,540,0.0,2.932098765432099
42,steady_k2,regime_marginal,0.2,clean,all,stable,6480,0,0,55,0,6425,0.0,,0.0,0.008487654320987654,,,0,,0,0.019444444444444445,1.0,1.0,,,,540,0.0,2.932098765432099
42,steady_k2,regime_marginal,0.2,clean,warehouse,all,2160,0,0,50,0,2110,0.0,,0.0,0.023148148148148147,,,0,,0,0.05138888888888889,1.0,1.0,,,,192,0.0,6.481481481481482
42,steady_k2,regime_marginal,0.2,clean,warehouse,stable,2160,0,0,50,0,2110,0.0,,0.0,0.023148148148148147,,,0,,0,0.05138888888888889,1.0,1.0,,,,192,0.0,6.481481481481482
42,steady_k2,regime_marginal,0.2,clean,transit_smooth,all,2160,0,0,3,0,2157,0.0,,0.0,0.001388888888888889,,,0,,0,0.004166666666666667,1.0,1.0,,,,168,0.0,1.3888888888888888
42,steady_k2,regime_marginal,0.2,clean,transit_smooth,stable,2160,0,0,3,0,2157,0.0,,0.0,0.001388888888888889,,,0,,0,0.004166666666666667,1.0,1.0,,,,168,0.0,1.3888888888888888
42,steady_k2,regime_marginal,0.2,clean,transit_rough,all,2160,0,0,2,0,2158,0.0,,0.0,0.000925925925925926,,,0,,0,0.002777777777777778,1.0,1.0,,,,180,0.0,0.9259259259259259
42,steady_k2,regime_marginal,0.2,clean,transit_rough,stable,2160,0,0,2,0,2158,0.0,,0.0,0.000925925925925926,,,0,,0,0.002777777777777778,1.0,1.0,,,,180,0.0,0.9259259259259259
42,steady_k2,regime_marginal,0.2,observed,all,all,6480,432,199,91,233,5957,0.6862068965517242,0.46064814814814814,0.5512465373961218,0.015046296296296295,0.576572026484842,0.8981481481481481,216,0.023148148148148147,216,0.03343621399176955,1.0,1.0,0.6666666666666666,0.33796296296296297,0.33796296296296297,540,0.07962962962962963,3.6375661375661377
42,steady_k2,regime_marginal,0.2,observed,all,stable,6480,432,199,91,233,5957,0.6862068965517242,0.46064814814814814,0.5512465373961218,0.015046296296296295,0.576572026484842,0.8981481481481481,216,0.023148148148148147,216,0.03343621399176955,1.0,1.0,0.6666666666666666,0.33796296296296297,0.33796296296296297,540,0.07962962962962963,3.6375661375661377
42,steady_k2,regime_marginal,0.2,observed,warehouse,all,2160,144,84,69,60,1947,0.5490196078431373,0.5833333333333334,0.5656565656565656,0.03422619047619048,0.5799665681302656,0.875,72,0.027777777777777776,72,0.07561728395061729,1.0,1.0,0.6666666666666666,0.4861111111111111,0.4861111111111111,192,0.13541666666666666,7.440476190476191
42,steady_k2,regime_marginal,0.2,observed,warehouse,stable,2160,144,84,69,60,1947,0.5490196078431373,0.5833333333333334,0.5656565656565656,0.03422619047619048,0.5799665681302656,0.875,72,0.027777777777777776,72,0.07561728395061729,1.0,1.0,0.6666666666666666,0.4861111111111111,0.4861111111111111,192,0.13541666666666666,7.440476190476191
42,steady_k2,regime_marginal,0.2,observed,transit_smooth,all,2160,144,65,6,79,2010,0.9154929577464789,0.4513888888888889,0.6046511627906976,0.002976190476190476,0.7000156792942303,0.9166666666666666,72,0.027777777777777776,72,0.006172839506172839,1.0,1.0,0.6666666666666666,0.3472222222222222,0.3472222222222222,168,0.017857142857142856,1.4880952380952381
42,steady_k2,regime_marginal,0.2,observed,transit_smooth,stable,2160,144,65,6,79,2010,0.9154929577464789,0.4513888888888889,0.6046511627906976,0.002976190476190476,0.7000156792942303,0.9166666666666666,72,0.027777777777777776,72,0.006172839506172839,1.0,1.0,0.6666666666666666,0.3472222222222222,0.3472222222222222,168,0.017857142857142856,1.4880952380952381
42,steady_k2,regime_marginal,0.2,observed,transit_rough,all,2160,144,50,16,94,2000,0.7575757575757576,0.3472222222222222,0.47619047619047616,0.007936507936507936,0.5540661244244846,0.9027777777777778,72,0.013888888888888888,72,0.018518518518518517,1.0,1.0,0.6666666666666666,0.18055555555555555,0.18055555555555555,180,0.07777777777777778,1.9841269841269842
42,steady_k2,regime_marginal,0.2,observed,transit_rough,stable,2160,144,50,16,94,2000,0.7575757575757576,0.3472222222222222,0.47619047619047616,0.007936507936507936,0.5540661244244846,0.9027777777777778,72,0.013888888888888888,72,0.018518518518518517,1.0,1.0,0.6666666666666666,0.18055555555555555,0.18055555555555555,180,0.07777777777777778,1.9841269841269842
42,steady_k2,regime_conditional,1.0,clean,all,all,6480,0,0,83,0,6397,0.0,,0.0,0.012808641975308642,,,0,,0,0.037037037037037035,1.0,1.0,,,,540,0.020370370370370372,12.654320987654321
42,steady_k2,regime_conditional,1.0,clean,all,stable,6480,0,0,83,0,6397,0.0,,0.0,0.012808641975308642,,,0,,0,0.037037037037037035,1.0,1.0,,,,540,0.020370370370370372,12.654320987654321
42,steady_k2,regime_conditional,1.0,clean,warehouse,all,2160,0,0,37,0,2123,0.0,,0.0,0.01712962962962963,,,0,,0,0.04861111111111111,1.0,1.0,,,,192,0.026041666666666668,16.666666666666668
42,steady_k2,regime_conditional,1.0,clean,warehouse,stable,2160,0,0,37,0,2123,0.0,,0.0,0.01712962962962963,,,0,,0,0.04861111111111111,1.0,1.0,,,,192,0.026041666666666668,16.666666666666668
42,steady_k2,regime_conditional,1.0,clean,transit_smooth,all,2160,0,0,20,0,2140,0.0,,0.0,0.009259259259259259,,,0,,0,0.027777777777777776,1.0,1.0,,,,168,0.011904761904761904,9.25925925925926
42,steady_k2,regime_conditional,1.0,clean,transit_smooth,stable,2160,0,0,20,0,2140,0.0,,0.0,0.009259259259259259,,,0,,0,0.027777777777777776,1.0,1.0,,,,168,0.011904761904761904,9.25925925925926
42,steady_k2,regime_conditional,1.0,clean,transit_rough,all,2160,0,0,26,0,2134,0.0,,0.0,0.012037037037037037,,,0,,0,0.034722222222222224,1.0,1.0,,,,180,0.022222222222222223,12.037037037037036
42,steady_k2,regime_conditional,1.0,clean,transit_rough,stable,2160,0,0,26,0,2134,0.0,,0.0,0.012037037037037037,,,0,,0,0.034722222222222224,1.0,1.0,,,,180,0.022222222222222223,12.037037037037036
42,steady_k2,regime_conditional,1.0,observed,all,all,6480,432,155,82,277,5966,0.6540084388185654,0.3587962962962963,0.4633781763826607,0.013558201058201057,0.46668433138862314,0.9259259259259259,216,0.046296296296296294,216,0.0360082304526749,1.0,1.0,0.6666666666666666,0.17592592592592593,0.16203703703703703,540,0.020370370370370372,13.062169312169312
42,steady_k2,regime_conditional,1.0,observed,all,stable,6480,432,155,82,277,5966,0.6540084388185654,0.3587962962962963,0.4633781763826607,0.013558201058201057,0.46668433138862314,0.9259259259259259,216,0.046296296296296294,216,0.0360082304526749,1.0,1.0,0.6666666666666666,0.17592592592592593,0.16203703703703703,540,0.020370370370370372,13.062169312169312
42,steady_k2,regime_conditional,1.0,observed,warehouse,all,2160,144,52,37,92,1979,0.5842696629213483,0.3611111111111111,0.44635193133047213,0.018353174603174604,0.4662485596448283,0.8888888888888888,72,0.05555555555555555,72,0.04938271604938271,1.0,1.0,0.6666666666666666,0.16666666666666666,0.1388888888888889,192,0.026041666666666668,17.36111111111111
42,steady_k2,regime_conditional,1.0,observed,warehouse,stable,2160,144,52,37,92,1979,0.5842696629213483,0.3611111111111111,0.44635193133047213,0.018353174603174604,0.4662485596448283,0.8888888888888888,72,0.05555555555555555,72,0.04938271604938271,1.0,1.0,0.6666666666666666,0.16666666666666666,0.1388888888888889,192,0.026041666666666668,17.36111111111111
42,steady_k2,regime_conditional,1.0,observed,transit_smooth,all,2160,144,37,22,107,1994,0.6271186440677966,0.2569444444444444,0.3645320197044335,0.010912698412698412,0.3728886750966268,0.9444444444444444,72,0.05555555555555555,72,0.027777777777777776,1.0,1.0,0.6666666666666666,0.06944444444444445,0.05555555555555555,168,0.011904761904761904,10.416666666666666
42,steady_k2,regime_conditional,1.0,observed,transit_smooth,stable,2160,144,37,22,107,1994,0.6271186440677966,0.2569444444444444,0.3645320197044335,0.010912698412698412,0.3728886750966268,0.9444444444444444,72,0.05555555555555555,72,0.027777777777777776,1.0,1.0,0.6666666666666666,0.06944444444444445,0.05555555555555555,168,0.011904761904761904,10.416666666666666
42,steady_k2,regime_conditional,1.0,observed,transit_rough,all,2160,144,66,23,78,1993,0.7415730337078652,0.4583333333333333,0.5665236051502146,0.011408730158730158,0.5616011632120119,0.9444444444444444,72,0.027777777777777776,72,0.030864197530864196,1.0,1.0,0.6666666666666666,0.2916666666666667,0.2916666666666667,180,0.022222222222222223,11.408730158730158
42,steady_k2,regime_conditional,1.0,observed,transit_rough,stable,2160,144,66,23,78,1993,0.7415730337078652,0.4583333333333333,0.5665236051502146,0.011408730158730158,0.5616011632120119,0.9444444444444444,72,0.027777777777777776,72,0.030864197530864196,1.0,1.0,0.6666666666666666,0.2916666666666667,0.2916666666666667,180,0.022222222222222223,11.408730158730158
42,steady_k2,regime_conditional,0.2,clean,all,all,6480,0,0,53,0,6427,0.0,,0.0,0.008179012345679013,,,0,,0,0.024074074074074074,1.0,1.0,,,,540,0.007407407407407408,6.635802469135802
42,steady_k2,regime_conditional,0.2,clean,all,stable,6480,0,0,53,0,6427,0.0,,0.0,0.008179012345679013,,,0,,0,0.024074074074074074,1.0,1.0,,,,540,0.007407407407407408,6.635802469135802
42,steady_k2,regime_conditional,0.2,clean,warehouse,all,2160,0,0,19,0,2141,0.0,,0.0,0.008796296296296297,,,0,,0,0.02638888888888889,1.0,1.0,,,,192,0.005208333333333333,6.018518518518518
42,steady_k2,regime_conditional,0.2,clean,warehouse,stable,2160,0,0,19,0,2141,0.0,,0.0,0.008796296296296297,,,0,,0,0.02638888888888889,1.0,1.0,,,,192,0.005208333333333333,6.018518518518518
42,steady_k2,regime_conditional,0.2,clean,transit_smooth,all,2160,0,0,12,0,2148,0.0,,0.0,0.005555555555555556,,,0,,0,0.016666666666666666,1.0,1.0,,,,168,0.0,4.62962962962963
42,steady_k2,regime_conditional,0.2,clean,transit_smooth,stable,2160,0,0,12,0,2148,0.0,,0.0,0.005555555555555556,,,0,,0,0.016666666666666666,1.0,1.0,,,,168,0.0,4.62962962962963
42,steady_k2,regime_conditional,0.2,clean,transit_rough,all,2160,0,0,22,0,2138,0.0,,0.0,0.010185185185185186,,,0,,0,0.029166666666666667,1.0,1.0,,,,180,0.016666666666666666,9.25925925925926
42,steady_k2,regime_conditional,0.2,clean,transit_rough,stable,2160,0,0,22,0,2138,0.0,,0.0,0.010185185185185186,,,0,,0,0.029166666666666667,1.0,1.0,,,,180,0.016666666666666666,9.25925925925926
42,steady_k2,regime_conditional,0.2,observed,all,all,6480,432,256,213,176,5835,0.5458422174840085,0.5925925925925926,0.5682574916759157,0.03521825396825397,0.5759629783474055,0.8379629629629629,216,0.2777777777777778,216,0.060699588477366256,1.0,1.0,0.6666666666666666,0.4537037037037037,0.32407407407407407,540,0.18333333333333332,10.251322751322752
42,steady_k2,regime_conditional,0.2,observed,all,stable,6480,432,256,213,176,5835,0.5458422174840085,0.5925925925925926,0.5682574916759157,0.03521825396825397,0.5759629783474055,0.8379629629629629,216,0.2777777777777778,216,0.060699588477366256,1.0,1.0,0.6666666666666666,0.4537037037037037,0.32407407407407407,540,0.18333333333333332,10.251322751322752
42,steady_k2,regime_conditional,0.2,observed,warehouse,all,2160,144,87,72,57,1944,0.5471698113207547,0.6041666666666666,0.5742574257425742,0.03571428571428571,0.5802999852239163,0.8194444444444444,72,0.2777777777777778,72,0.06018518518518518,1.0,1.0,0.6666666666666666,0.5138888888888888,0.375,192,0.17708333333333334,8.928571428571429
42,steady_k2,regime_conditional,0.2,observed,warehouse,stable,2160,144,87,72,57,1944,0.5471698113207547,0.6041666666666666,0.5742574257425742,0.03571428571428571,0.5802999852239163,0.8194444444444444,72,0.2777777777777778,72,0.06018518518518518,1.0,1.0,0.6666666666666666,0.5138888888888888,0.375,192,0.17708333333333334,8.928571428571429
42,steady_k2,regime_conditional,0.2,observed,transit_smooth,all,2160,144,77,52,67,1964,0.5968992248062015,0.5347222222222222,0.5641025641025641,0.025793650793650792,0.5867587288432144,0.8333333333333334,72,0.3055555555555556,72,0.040123456790123455,1.0,1.0,0.6666666666666666,0.3472222222222222,0.18055555555555555,168,0.10119047619047619,8.432539682539682
42,steady_k2,regime_conditional,0.2,observed,transit_smooth,stable,2160,144,77,52,67,1964,0.5968992248062015,0.5347222222222222,0.5641025641025641,0.025793650793650792,0.5867587288432144,0.8333333333333334,72,0.3055555555555556,72,0.040123456790123455,1.0,1.0,0.6666666666666666,0.3472222222222222,0.18055555555555555,168,0.10119047619047619,8.432539682539682
42,steady_k2,regime_conditional,0.2,observed,transit_rough,all,2160,144,92,89,52,1927,0.5082872928176796,0.6388888888888888,0.5661538461538461,0.0441468253968254,0.592270200351245,0.8611111111111112,72,0.25,72,0.08179012345679013,1.0,1.0,0.6666666666666666,0.5,0.4166666666666667,180,0.26666666666666666,13.392857142857142
42,steady_k2,regime_conditional,0.2,observed,transit_rough,stable,2160,144,92,89,52,1927,0.5082872928176796,0.6388888888888888,0.5661538461538461,0.0441468253968254,0.592270200351245,0.8611111111111112,72,0.25,72,0.08179012345679013,1.0,1.0,0.6666666666666666,0.5,0.4166666666666667,180,0.26666666666666666,13.392857142857142
42,switch_d0,regime_marginal,1.0,clean,all,all,6480,0,0,50,0,6430,0.0,,0.0,0.007716049382716049,,,0,,0,0.022685185185185187,1.0,1.0,,,,270,0.011111111111111112,7.407407407407407
42,switch_d0,regime_marginal,1.0,clean,all,transition,864,0,0,4,0,860,0.0,,0.0,0.004629629629629629,,,0,,0,0.013888888888888888,1.0,1.0,,,,72,0.013888888888888888,4.62962962962963
42,switch_d0,regime_marginal,1.0,clean,all,stable,5616,0,0,46,0,5570,0.0,,0.0,0.00819088319088319,,,0,,0,0.02403846153846154,1.0,1.0,,,,198,0.010101010101010102,7.834757834757835
42,switch_d0,regime_marginal,1.0,clean,warehouse,all,2160,0,0,18,0,2142,0.0,,0.0,0.008333333333333333,,,0,,0,0.025,1.0,1.0,,,,90,0.0,8.333333333333334
42,switch_d0,regime_marginal,1.0,clean,warehouse,transition,288,0,0,0,0,288,,,,0.0,,,0,,0,0.0,1.0,1.0,,,,12,0.0,0.0
42,switch_d0,regime_marginal,1.0,clean,warehouse,stable,1872,0,0,18,0,1854,0.0,,0.0,0.009615384615384616,,,0,,0,0.028846153846153848,1.0,1.0,,,,78,0.0,9.615384615384615
42,switch_d0,regime_marginal,1.0,clean,transit_smooth,all,2160,0,0,13,0,2147,0.0,,0.0,0.0060185185185185185,,,0,,0,0.018055555555555554,1.0,1.0,,,,126,0.007936507936507936,6.018518518518518
42,switch_d0,regime_marginal,1.0,clean,transit_smooth,transition,288,0,0,1,0,287,0.0,,0.0,0.003472222222222222,,,0,,0,0.010416666666666666,1.0,1.0,,,,42,0.0,3.4722222222222223
42,switch_d0,regime_marginal,1.0,clean,transit_smooth,stable,1872,0,0,12,0,1860,0.0,,0.0,0.00641025641025641,,,0,,0,0.019230769230769232,1.0,1.0,,,,84,0.011904761904761904,6.410256410256411
42,switch_d0,regime_marginal,1.0,clean,transit_rough,all,2160,0,0,19,0,2141,0.0,,0.0,0.008796296296296297,,,0,,0,0.025,1.0,1.0,,,,54,0.037037037037037035,7.87037037037037
42,switch_d0,regime_marginal,1.0,clean,transit_rough,transition,288,0,0,3,0,285,0.0,,0.0,0.010416666666666666,,,0,,0,0.03125,1.0,1.0,,,,18,0.05555555555555555,10.416666666666666
42,switch_d0,regime_marginal,1.0,clean,transit_rough,stable,1872,0,0,16,0,1856,0.0,,0.0,0.008547008547008548,,,0,,0,0.02403846153846154,1.0,1.0,,,,36,0.027777777777777776,7.478632478632479
42,switch_d0,regime_marginal,1.0,observed,all,all,6480,216,67,50,149,6214,0.5726495726495726,0.3101851851851852,0.4024024024024024,0.007982120051085569,0.3950293004517634,0.8287037037037037,216,0.0023148148148148147,432,0.024691358024691357,1.0,1.0,0.3333333333333333,0.3101851851851852,0.3055555555555556,270,0.011111111111111112,7.662835249042145
42,switch_d0,regime_marginal,1.0,observed,all,transition,864,30,5,4,25,830,0.5555555555555556,0.16666666666666666,0.2564102564102564,0.004796163069544364,0.39024471285401596,0.7666666666666667,30,0.0,60,0.015503875968992248,1.0,1.0,0.3333333333333334,0.16666666666666666,0.16666666666666666,72,0.013888888888888888,4.796163069544365
42,switch_d0,regime_marginal,1.0,observed,all,stable,5616,186,62,46,124,5384,0.5740740740740741,0.3333333333333333,0.4217687074829932,0.00847145488029466,0.39771778724991963,0.8387096774193549,186,0.002688172043010753,372,0.02609727164887307,1.0,1.0,0.33333333333333337,0.3333333333333333,0.3279569892473118,198,0.010101010101010102,8.103130755064457
42,switch_d0,regime_marginal,1.0,observed,warehouse,all,2160,96,34,18,62,2046,0.6538461538461539,0.3541666666666667,0.4594594594594595,0.00872093023255814,0.4680802943249098,0.8125,96,0.005208333333333333,192,0.027243589743589744,1.0,1.0,0.3333333333333333,0.3541666666666667,0.34375,90,0.0,8.720930232558139
42,switch_d0,regime_marginal,1.0,observed,warehouse,transition,288,24,4,0,20,264,1.0,0.16666666666666666,0.2857142857142857,0.0,0.5360344818469702,0.75,24,0.0,48,0.0,1.0,1.0,0.3333333333333333,0.16666666666666666,0.16666666666666666,12,0.0,0.0
42,switch_d0,regime_marginal,1.0,observed,warehouse,stable,1872,72,30,18,42,1782,0.625,0.4166666666666667,0.5,0.01,0.4807058870718433,0.8333333333333334,72,0.006944444444444444,144,0.030797101449275364,1.0,1.0,0.3333333333333333,0.4166666666666667,0.4027777777777778,78,0.0,10.0
42,switch_d0,regime_marginal,1.0,observed,transit_smooth,all,2160,84,22,13,62,2063,0.6285714285714286,0.2619047619047619,0.3697478991596639,0.006262042389210019,0.41315965786412023,0.8333333333333334,84,0.0,168,0.020440251572327043,1.0,1.0,0.3333333333333333,0.2619047619047619,0.2619047619047619,126,0.007936507936507936,6.262042389210019
42,switch_d0,regime_marginal,1.0,observed,transit_smooth,transition,288,6,1,1,5,281,0.5,0.16666666666666666,0.25,0.0035460992907801418,0.43491168091168086,0.8333333333333334,6,0.0,12,0.011111111111111112,1.0,1.0,0.3333333333333333,0.16666666666666666,0.16666666666666666,42,0.0,3.5460992907801416
42,switch_d0,regime_marginal,1.0,observed,transit_smooth,stable,1872,78,21,12,57,1782,0.6363636363636364,0.2692307692307692,0.3783783783783784,0.006688963210702341,0.4176335711820562,0.8333333333333334,78,0.0,156,0.02197802197802198,1.0,1.0,0.33333333333333326,0.2692307692307692,0.2692307692307692,84,0.011904761904761904,6.688963210702341
42,switch_d0,regime_marginal,1.0,observed,transit_rough,all,2160,36,11,19,25,2105,0.36666666666666664,0.3055555555555556,0.3333333333333333,0.008945386064030132,0.2562867124729631,0.8611111111111112,36,0.0,72,0.02631578947368421,1.0,1.0,0.33333333333333337,0.3055555555555556,0.3055555555555556,54,0.037037037037037035,8.00376647834275
42,switch_d0,regime_marginal,1.0,observed,transit_rough,transition,288,0,0,3,0,285,0.0,,0.0,0.010416666666666666,,,0,,0,0.03125,1.0,1.0,,,,18,0.05555555555555555,10.416666666666666
42,switch_d0,regime_marginal,1.0,observed,transit_rough,stable,1872,36,11,16,25,1820,0.4074074074074074,0.3055555555555556,0.3492063492063492,0.008714596949891068,0.2684720098546499,0.8611111111111112,36,0.0,72,0.025510204081632654,1.0,1.0,0.33333333333333337,0.3055555555555556,0.3055555555555556,36,0.027777777777777776,7.625272331154684
42,switch_d0,regime_marginal,0.2,clean,all,all,6480,0,0,67,0,6413,0.0,,0.0,0.010339506172839507,,,0,,0,0.02361111111111111,1.0,1.0,,,,270,0.0,3.3950617283950617
42,switch_d0,regime_marginal,0.2,clean,all,transition,864,0,0,1,0,863,0.0,,0.0,0.0011574074074074073,,,0,,0,0.003472222222222222,1.0,1.0,,,,72,0.0,1.1574074074074074
42,switch_d0,regime_marginal,0.2,clean,all,stable,5616,0,0,66,0,5550,0.0,,0.0,0.011752136752136752,,,0,,0,0.026709401709401708,1.0,1.0,,,,198,0.0,3.7393162393162394
42,switch_d0,regime_marginal,0.2,clean,warehouse,all,2160,0,0,63,0,2097,0.0,,0.0,0.029166666666666667,,,0,,0,0.06527777777777778,1.0,1.0,,,,90,0.0,8.796296296296296
42,switch_d0,regime_marginal,0.2,clean,warehouse,transition,288,0,0,0,0,288,,,,0.0,,,0,,0,0.0,1.0,1.0,,,,12,0.0,0.0
42,switch_d0,regime_marginal,0.2,clean,warehouse,stable,1872,0,0,63,0,1809,0.0,,0.0,0.03365384615384615,,,0,,0,0.07532051282051282,1.0,1.0,,,,78,0.0,10.149572649572649
42,switch_d0,regime_marginal,0.2,clean,transit_smooth,all,2160,0,0,1,0,2159,0.0,,0.0,0.000462962962962963,,,0,,0,0.001388888888888889,1.0,1.0,,,,126,0.0,0.46296296296296297
42,switch_d0,regime_marginal,0.2,clean,transit_smooth,transition,288,0,0,0,0,288,,,,0.0,,,0,,0,0.0,1.0,1.0,,,,42,0.0,0.0
42,switch_d0,regime_marginal,0.2,clean,transit_smooth,stable,1872,0,0,1,0,1871,0.0,,0.0,0.0005341880341880342,,,0,,0,0.0016025641025641025,1.0,1.0,,,,84,0.0,0.5341880341880342
42,switch_d0,regime_marginal,0.2,clean,transit_rough,all,2160,0,0,3,0,2157,0.0,,0.0,0.001388888888888889,,,0,,0,0.004166666666666667,1.0,1.0,,,,54,0.0,0.9259259259259259
42,switch_d0,regime_marginal,0.2,clean,transit_rough,transition,288,0,0,1,0,287,0.0,,0.0,0.003472222222222222,,,0,,0,0.010416666666666666,1.0,1.0,,,,18,0.0,3.4722222222222223
42,switch_d0,regime_marginal,0.2,clean,transit_rough,stable,1872,0,0,2,0,1870,0.0,,0.0,0.0010683760683760685,,,0,,0,0.003205128205128205,1.0,1.0,,,,36,0.0,0.5341880341880342
42,switch_d0,regime_marginal,0.2,observed,all,all,6480,216,112,82,104,6182,0.5773195876288659,0.5185185185185185,0.5463414634146342,0.013090676883780333,0.5554182569239572,0.8611111111111112,216,0.016203703703703703,432,0.03292181069958848,1.0,1.0,0.3333333333333333,0.5185185185185185,0.5185185185185185,270,0.07407407407407407,3.3524904214559386
42,switch_d0,regime_marginal,0.2,observed,all,transition,864,30,17,1,13,833,0.9444444444444444,0.5666666666666667,0.7083333333333334,0.001199040767386091,0.7318903226757906,0.9333333333333333,30,0.0,60,0.003875968992248062,1.0,1.0,0.3333333333333334,0.5666666666666667,0.5666666666666667,72,0.0,1.1990407673860912
42,switch_d0,regime_marginal,0.2,observed,all,stable,5616,186,95,81,91,5349,0.5397727272727273,0.510752688172043,0.5248618784530387,0.014917127071823204,0.5285370537460432,0.8494623655913979,186,0.01881720430107527,372,0.037366548042704624,1.0,1.0,0.33333333333333337,0.510752688172043,0.510752688172043,198,0.10101010101010101,3.6832412523020257
42,switch_d0,regime_marginal,0.2,observed,warehouse,all,2160,96,55,73,41,1991,0.4296875,0.5729166666666666,0.49107142857142855,0.035368217054263566,0.5454307378035244,0.8541666666666666,96,0.026041666666666668,192,0.09134615384615384,1.0,1.0,0.3333333333333333,0.5729166666666666,0.5729166666666666,90,0.16666666666666666,8.720930232558139
42,switch_d0,regime_marginal,0.2,observed,warehouse,transition,288,24,17,0,7,264,1.0,0.7083333333333334,0.8292682926829268,0.0,0.8652046962698844,0.9583333333333334,24,0.0,48,0.0,1.0,1.0,0.3333333333333333,0.7083333333333334,0.7083333333333334,12,0.0,0.0
42,switch_d0,regime_marginal,0.2,observed,warehouse,stable,1872,72,38,73,34,1727,0.34234234234234234,0.5277777777777778,0.41530054644808745,0.04055555555555555,0.4705534236650865,0.8194444444444444,72,0.034722222222222224,144,0.10326086956521739,1.0,1.0,0.3333333333333333,0.5277777777777778,0.5277777777777778,78,0.19230769230769232,10.0
42,switch_d0,regime_marginal,0.2,observed,transit_smooth,all,2160,84,41,5,43,2071,0.8913043478260869,0.4880952380952381,0.6307692307692307,0.0024084778420038534,0.6946329640682708,0.8571428571428571,84,0.011904761904761904,168,0.0047169811320754715,1.0,1.0,0.3333333333333333,0.4880952380952381,0.4880952380952381,126,0.031746031746031744,0.4816955684007707
42,switch_d0,regime_marginal,0.2,observed,transit_smooth,transition,288,6,0,0,6,282,,0.0,0.0,0.0,0.4602408319649699,0.8333333333333334,6,0.0,12,0.0,1.0,1.0,0.3333333333333333,0.0,0.0,42,0.0,0.0
42,switch_d0,regime_marginal,0.2,observed,transit_smooth,stable,1872,78,41,5,37,1789,0.8913043478260869,0.5256410256410257,0.6612903225806451,0.002787068004459309,0.7166180748979583,0.8589743589743589,78,0.01282051282051282,156,0.005494505494505495,1.0,1.0,0.33333333333333326,0.5256410256410257,0.5256410256410257,84,0.047619047619047616,0.5574136008918618
42,switch_d0,regime_marginal,0.2,observed,transit_rough,all,2160,36,16,4,20,2120,0.8,0.4444444444444444,0.5714285714285714,0.0018832391713747645,0.5460499053340614,0.8888888888888888,36,0.0,72,0.005847953216374269,1.0,1.0,0.33333333333333337,0.4444444444444444,0.4444444444444444,54,0.018518518518518517,0.9416195856873822
42,switch_d0,regime_marginal,0.2,observed,transit_rough,transition,288,0,0,1,0,287,0.0,,0.0,0.003472222222222222,,,0,,0,0.010416666666666666,1.0,1.0,,,,18,0.0,3.4722222222222223
42,switch_d0,regime_marginal,0.2,observed,transit_rough,stable,1872,36,16,3,20,1833,0.8421052631578947,0.4444444444444444,0.5818181818181818,0.0016339869281045752,0.5582498427795628,0.8888888888888888,36,0.0,72,0.00510204081632653,1.0,1.0,0.33333333333333337,0.4444444444444444,0.4444444444444444,36,0.027777777777777776,0.5446623093681917
42,switch_d0,regime_conditional,1.0,clean,all,all,6480,0,0,87,0,6393,0.0,,0.0,0.013425925925925926,,,0,,0,0.038425925925925926,1.0,1.0,,,,270,0.02962962962962963,13.425925925925926
42,switch_d0,regime_conditional,1.0,clean,all,transition,864,0,0,12,0,852,0.0,,0.0,0.013888888888888888,,,0,,0,0.03819444444444445,1.0,1.0,,,,72,0.027777777777777776,13.88888888888889
42,switch_d0,regime_conditional,1.0,clean,all,stable,5616,0,0,75,0,5541,0.0,,0.0,0.013354700854700854,,,0,,0,0.038461538461538464,1.0,1.0,,,,198,0.030303030303030304,13.354700854700855
42,switch_d0,regime_conditional,1.0,clean,warehouse,all,2160,0,0,42,0,2118,0.0,,0.0,0.019444444444444445,,,0,,0,0.05416666666666667,1.0,1.0,,,,90,0.03333333333333333,19.444444444444443
42,switch_d0,regime_conditional,1.0,clean,warehouse,transition,288,0,0,7,0,281,0.0,,0.0,0.024305555555555556,,,0,,0,0.0625,1.0,1.0,,,,12,0.0,24.305555555555557
42,switch_d0,regime_conditional,1.0,clean,warehouse,stable,1872,0,0,35,0,1837,0.0,,0.0,0.018696581196581196,,,0,,0,0.052884615384615384,1.0,1.0,,,,78,0.038461538461538464,18.696581196581196
42,switch_d0,regime_conditional,1.0,clean,transit_smooth,all,2160,0,0,20,0,2140,0.0,,0.0,0.009259259259259259,,,0,,0,0.027777777777777776,1.0,1.0,,,,126,0.023809523809523808,9.25925925925926
42,switch_d0,regime_conditional,1.0,clean,transit_smooth,transition,288,0,0,4,0,284,0.0,,0.0,0.013888888888888888,,,0,,0,0.041666666666666664,1.0,1.0,,,,42,0.023809523809523808,13.88888888888889
42,switch_d0,regime_conditional,1.0,clean,transit_smooth,stable,1872,0,0,16,0,1856,0.0,,0.0,0.008547008547008548,,,0,,0,0.02564102564102564,1.0,1.0,,,,84,0.023809523809523808,8.547008547008547
42,switch_d0,regime_conditional,1.0,clean,transit_rough,all,2160,0,0,25,0,2135,0.0,,0.0,0.011574074074074073,,,0,,0,0.03333333333333333,1.0,1.0,,,,54,0.037037037037037035,11.574074074074074
42,switch_d0,regime_conditional,1.0,clean,transit_rough,transition,288,0,0,1,0,287,0.0,,0.0,0.003472222222222222,,,0,,0,0.010416666666666666,1.0,1.0,,,,18,0.05555555555555555,3.4722222222222223
42,switch_d0,regime_conditional,1.0,clean,transit_rough,stable,1872,0,0,24,0,1848,0.0,,0.0,0.01282051282051282,,,0,,0,0.03685897435897436,1.0,1.0,,,,36,0.027777777777777776,12.820512820512821
42,switch_d0,regime_conditional,1.0,observed,all,all,6480,216,82,92,134,6172,0.47126436781609193,0.37962962962962965,0.4205128205128205,0.014687100893997445,0.4297290678392442,0.8287037037037037,216,0.034722222222222224,432,0.03806584362139918,1.0,1.0,0.3333333333333333,0.37962962962962965,0.3425925925925926,270,0.02962962962962963,14.687100893997446
42,switch_d0,regime_conditional,1.0,observed,all,transition,864,30,6,13,24,821,0.3157894736842105,0.2,0.24489795918367346,0.015587529976019185,0.37388100269833263,0.7,30,0.05,60,0.03488372093023256,1.0,1.0,0.3333333333333334,0.2,0.2,72,0.027777777777777776,15.587529976019185
42,switch_d0,regime_conditional,1.0,observed,all,stable,5616,186,76,79,110,5351,0.49032258064516127,0.40860215053763443,0.44574780058651026,0.014548802946593001,0.43816568814447215,0.8494623655913979,186,0.03225806451612903,372,0.03855278766310795,1.0,1.0,0.33333333333333337,0.40860215053763443,0.3655913978494624,198,0.030303030303030304,14.548802946593002
42,switch_d0,regime_conditional,1.0,observed,warehouse,all,2160,96,41,41,55,2023,0.5,0.4270833333333333,0.4606741573033708,0.01986434108527132,0.4848895311234272,0.8020833333333334,96,0.03125,192,0.052884615384615384,1.0,1.0,0.3333333333333333,0.4270833333333333,0.4166666666666667,90,0.03333333333333333,19.864341085271317
42,switch_d0,regime_conditional,1.0,observed,warehouse,transition,288,24,5,8,19,256,0.38461538461538464,0.20833333333333334,0.2702702702702703,0.030303030303030304,0.4863297565741555,0.6666666666666666,24,0.0625,48,0.05555555555555555,1.0,1.0,0.3333333333333333,0.20833333333333334,0.20833333333333334,12,0.0,30.303030303030305
42,switch_d0,regime_conditional,1.0,observed,warehouse,stable,1872,72,36,33,36,1767,0.5217391304347826,0.5,0.5106382978723404,0.018333333333333333,0.4939871302585314,0.8472222222222222,72,0.020833333333333332,144,0.05253623188405797,1.0,1.0,0.3333333333333333,0.5,0.4861111111111111,78,0.038461538461538464,18.333333333333332
42,switch_d0,regime_conditional,1.0,observed,transit_smooth,all,2160,84,26,25,58,2051,0.5098039215686274,0.30952380952380953,0.3851851851851852,0.012042389210019268,0.43187082807490085,0.8571428571428571,84,0.041666666666666664,168,0.02830188679245283,1.0,1.0,0.3333333333333333,0.30952380952380953,0.23809523809523808,126,0.023809523809523808,12.042389210019268
42,switch_d0,regime_conditional,1.0,observed,transit_smooth,transition,288,6,1,4,5,278,0.2,0.16666666666666666,0.18181818181818182,0.014184397163120567,0.31358520638181653,0.8333333333333334,6,0.0,12,0.044444444444444446,1.0,1.0,0.3333333333333333,0.16666666666666666,0.16666666666666666,42,0.023809523809523808,14.184397163120567
42,switch_d0,regime_conditional,1.0,observed,transit_smooth,stable,1872,78,25,21,53,1773,0.5434782608695652,0.32051282051282054,0.4032258064516129,0.011705685618729096,0.4482351231852539,0.8589743589743589,78,0.04487179487179487,156,0.02564102564102564,1.0,1.0,0.33333333333333326,0.32051282051282054,0.24358974358974358,84,0.023809523809523808,11.705685618729097
42,switch_d0,regime_conditional,1.0,observed,transit_rough,all,2160,36,15,26,21,2098,0.36585365853658536,0.4166666666666667,0.38961038961038963,0.01224105461393597,0.3831111584400386,0.8333333333333334,36,0.027777777777777776,72,0.033625730994152045,1.0,1.0,0.33333333333333337,0.4166666666666667,0.3888888888888889,54,0.037037037037037035,12.24105461393597
42,switch_d0,regime_conditional,1.0,observed,transit_rough,transition,288,0,0,1,0,287,0.0,,0.0,0.003472222222222222,,,0,,0,0.010416666666666666,1.0,1.0,,,,18,0.05555555555555555,3.4722222222222223
42,switch_d0,regime_conditional,1.0,observed,transit_rough,stable,1872,36,15,25,21,1811,0.375,0.4166666666666667,0.39473684210526316,0.013616557734204794,0.38956560774905186,0.8333333333333334,36,0.027777777777777776,72,0.03741496598639456,1.0,1.0,0.33333333333333337,0.4166666666666667,0.3888888888888889,36,0.027777777777777776,13.616557734204793
42,switch_d0,regime_conditional,0.2,clean,all,all,6480,0,0,60,0,6420,0.0,,0.0,0.009259259259259259,,,0,,0,0.027777777777777776,1.0,1.0,,,,270,0.007407407407407408,6.635802469135802
42,switch_d0,regime_conditional,0.2,clean,all,transition,864,0,0,4,0,860,0.0,,0.0,0.004629629629629629,,,0,,0,0.013888888888888888,1.0,1.0,,,,72,0.0,4.62962962962963
42,switch_d0,regime_conditional,0.2,clean,all,stable,5616,0,0,56,0,5560,0.0,,0.0,0.009971509971509971,,,0,,0,0.029914529914529916,1.0,1.0,,,,198,0.010101010101010102,6.944444444444445
42,switch_d0,regime_conditional,0.2,clean,warehouse,all,2160,0,0,27,0,2133,0.0,,0.0,0.0125,,,0,,0,0.0375,1.0,1.0,,,,90,0.011111111111111112,7.407407407407407
42,switch_d0,regime_conditional,0.2,clean,warehouse,transition,288,0,0,2,0,286,0.0,,0.0,0.006944444444444444,,,0,,0,0.020833333333333332,1.0,1.0,,,,12,0.0,6.944444444444445
42,switch_d0,regime_conditional,0.2,clean,warehouse,stable,1872,0,0,25,0,1847,0.0,,0.0,0.013354700854700854,,,0,,0,0.04006410256410257,1.0,1.0,,,,78,0.01282051282051282,7.478632478632479
42,switch_d0,regime_conditional,0.2,clean,transit_smooth,all,2160,0,0,22,0,2138,0.0,,0.0,0.010185185185185186,,,0,,0,0.030555555555555555,1.0,1.0,,,,126,0.007936507936507936,8.796296296296296
42,switch_d0,regime_conditional,0.2,clean,transit_smooth,transition,288,0,0,0,0,288,,,,0.0,,,0,,0,0.0,1.0,1.0,,,,42,0.0,0.0
42,switch_d0,regime_conditional,0.2,clean,transit_smooth,stable,1872,0,0,22,0,1850,0.0,,0.0,0.011752136752136752,,,0,,0,0.035256410256410256,1.0,1.0,,,,84,0.011904761904761904,10.149572649572649
42,switch_d0,regime_conditional,0.2,clean,transit_rough,all,2160,0,0,11,0,2149,0.0,,0.0,0.005092592592592593,,,0,,0,0.015277777777777777,1.0,1.0,,,,54,0.0,3.7037037037037037
42,switch_d0,regime_conditional,0.2,clean,transit_rough,transition,288,0,0,2,0,286,0.0,,0.0,0.006944444444444444,,,0,,0,0.020833333333333332,1.0,1.0,,,,18,0.0,6.944444444444445
42,switch_d0,regime_conditional,0.2,clean,transit_rough,stable,1872,0,0,9,0,1863,0.0,,0.0,0.004807692307692308,,,0,,0,0.014423076923076924,1.0,1.0,,,,36,0.0,3.2051282051282053
42,switch_d0,regime_conditional,0.2,observed,all,all,6480,216,156,146,60,6118,0.5165562913907285,0.7222222222222222,0.6023166023166023,0.02330779054916986,0.7099469828411696,0.8657407407407407,216,0.0763888888888889,432,0.05246913580246913,1.0,1.0,0.3333333333333333,0.7222222222222222,0.6296296296296297,270,0.18888888888888888,9.578544061302683
42,switch_d0,regime_conditional,0.2,observed,all,transition,864,30,22,7,8,827,0.7586206896551724,0.7333333333333333,0.7457627118644068,0.008393285371702638,0.8214657865429771,0.9666666666666667,30,0.03333333333333333,60,0.01937984496124031,1.0,1.0,0.3333333333333334,0.7333333333333333,0.6666666666666666,72,0.013888888888888888,5.995203836930456
42,switch_d0,regime_conditional,0.2,observed,all,stable,5616,186,134,139,52,5291,0.4908424908424908,0.7204301075268817,0.5838779956427015,0.02559852670349908,0.6949557157852596,0.8494623655913979,186,0.08333333333333333,372,0.05753262158956109,1.0,1.0,0.33333333333333337,0.7204301075268817,0.6236559139784946,198,0.25252525252525254,10.128913443830571
42,switch_d0,regime_conditional,0.2,observed,warehouse,all,2160,96,68,66,28,1998,0.5074626865671642,0.7083333333333334,0.591304347826087,0.03197674418604651,0.6758550141140107,0.8645833333333334,96,0.08854166666666667,192,0.07051282051282051,1.0,1.0,0.3333333333333333,0.7083333333333334,0.6145833333333334,90,0.23333333333333334,11.143410852713178
42,switch_d0,regime_conditional,0.2,observed,warehouse,transition,288,24,19,4,5,260,0.8260869565217391,0.7916666666666666,0.8085106382978723,0.015151515151515152,0.9003219182205251,0.9583333333333334,24,0.041666666666666664,48,0.027777777777777776,1.0,1.0,0.3333333333333333,0.7916666666666666,0.7083333333333334,12,0.0,11.363636363636363
42,switch_d0,regime_conditional,0.2,observed,warehouse,stable,1872,72,49,62,23,1738,0.44144144144144143,0.6805555555555556,0.5355191256830601,0.034444444444444444,0.6036267831530115,0.8333333333333334,72,0.10416666666666667,144,0.07608695652173914,1.0,1.0,0.3333333333333333,0.6805555555555556,0.5833333333333334,78,0.2692307692307692,11.11111111111111
42,switch_d0,regime_conditional,0.2,observed,transit_smooth,all,2160,84,63,59,21,2017,0.5163934426229508,0.75,0.6116504854368932,0.02842003853564547,0.7447314898063403,0.8690476190476191,84,0.06547619047619048,168,0.0660377358490566,1.0,1.0,0.3333333333333333,0.75,0.6666666666666666,126,0.1984126984126984,11.560693641618498
42,switch_d0,regime_conditional,0.2,observed,transit_smooth,transition,288,6,3,1,3,281,0.75,0.5,0.6,0.0035460992907801418,0.6007449757449758,1.0,6,0.0,12,0.011111111111111112,1.0,1.0,0.3333333333333333,0.5,0.5,42,0.023809523809523808,0.0
42,switch_d0,regime_conditional,0.2,observed,transit_smooth,stable,1872,78,60,58,18,1736,0.5084745762711864,0.7692307692307693,0.6122448979591837,0.032329988851727984,0.7608317534467772,0.8589743589743589,78,0.07051282051282051,156,0.07509157509157509,1.0,1.0,0.33333333333333326,0.7692307692307693,0.6794871794871795,84,0.2857142857142857,13.377926421404682
42,switch_d0,regime_conditional,0.2,observed,transit_rough,all,2160,36,25,21,11,2103,0.5434782608695652,0.6944444444444444,0.6097560975609756,0.009887005649717515,0.7579737704309857,0.8611111111111112,36,0.06944444444444445,72,0.023391812865497075,1.0,1.0,0.33333333333333337,0.6944444444444444,0.5833333333333334,54,0.09259259259259259,6.120527306967985
42,switch_d0,regime_conditional,0.2,observed,transit_rough,transition,288,0,0,2,0,286,0.0,,0.0,0.006944444444444444,,,0,,0,0.020833333333333332,1.0,1.0,,,,18,0.0,6.944444444444445
42,switch_d0,regime_conditional,0.2,observed,transit_rough,stable,1872,36,25,19,11,1817,0.5681818181818182,0.6944444444444444,0.625,0.010348583877995643,0.7641739228846257,0.8611111111111112,36,0.06944444444444445,72,0.023809523809523808,1.0,1.0,0.33333333333333337,0.6944444444444444,0.5833333333333334,36,0.1388888888888889,5.991285403050109
42,switch_d4,regime_marginal,1.0,clean,all,all,6480,0,0,193,0,6287,0.0,,0.0,0.02978395061728395,,,0,,0,0.06712962962962964,1.0,1.0,,,,270,0.05925925925925926,14.197530864197532
42,switch_d4,regime_marginal,1.0,clean,all,transition,864,0,0,147,0,717,0.0,,0.0,0.1701388888888889,,,0,,0,0.3472222222222222,1.0,1.0,,,,72,0.19444444444444445,55.55555555555556
42,switch_d4,regime_marginal,1.0,clean,all,stable,5616,0,0,46,0,5570,0.0,,0.0,0.00819088319088319,,,0,,0,0.02403846153846154,1.0,1.0,,,,198,0.010101010101010102,7.834757834757835
42,switch_d4,regime_marginal,1.0,clean,warehouse,all,2160,0,0,70,0,2090,0.0,,0.0,0.032407407407407406,,,0,,0,0.06944444444444445,1.0,1.0,,,,90,0.0,15.74074074074074
42,switch_d4,regime_marginal,1.0,clean,warehouse,transition,288,0,0,52,0,236,0.0,,0.0,0.18055555555555555,,,0,,0,0.3333333333333333,1.0,1.0,,,,12,0.0,55.55555555555556
42,switch_d4,regime_marginal,1.0,clean,warehouse,stable,1872,0,0,18,0,1854,0.0,,0.0,0.009615384615384616,,,0,,0,0.028846153846153848,1.0,1.0,,,,78,0.0,9.615384615384615
42,switch_d4,regime_marginal,1.0,clean,transit_smooth,all,2160,0,0,71,0,2089,0.0,,0.0,0.03287037037037037,,,0,,0,0.0625,1.0,1.0,,,,126,0.07936507936507936,14.814814814814815
42,switch_d4,regime_marginal,1.0,clean,transit_smooth,transition,288,0,0,59,0,229,0.0,,0.0,0.2048611111111111,,,0,,0,0.34375,1.0,1.0,,,,42,0.21428571428571427,69.44444444444444
42,switch_d4,regime_marginal,1.0,clean,transit_smooth,stable,1872,0,0,12,0,1860,0.0,,0.0,0.00641025641025641,,,0,,0,0.019230769230769232,1.0,1.0,,,,84,0.011904761904761904,6.410256410256411
42,switch_d4,regime_marginal,1.0,clean,transit_rough,all,2160,0,0,52,0,2108,0.0,,0.0,0.024074074074074074,,,0,,0,0.06944444444444445,1.0,1.0,,,,54,0.1111111111111111,12.037037037037036
42,switch_d4,regime_marginal,1.0,clean,transit_rough,transition,288,0,0,36,0,252,0.0,,0.0,0.125,,,0,,0,0.3645833333333333,1.0,1.0,,,,18,0.2777777777777778,41.666666666666664
42,switch_d4,regime_marginal,1.0,clean,transit_rough,stable,1872,0,0,16,0,1856,0.0,,0.0,0.008547008547008548,,,0,,0,0.02403846153846154,1.0,1.0,,,,36,0.027777777777777776,7.478632478632479
42,switch_d4,regime_marginal,1.0,observed,all,all,6480,216,74,185,142,6079,0.2857142857142857,0.3425925925925926,0.31157894736842107,0.029533844189016605,0.18119820336446224,0.8287037037037037,216,0.034722222222222224,432,0.06790123456790123,1.0,1.0,0.3333333333333333,0.3425925925925926,0.3101851851851852,270,0.05925925925925926,14.367816091954023
42,switch_d4,regime_marginal,1.0,observed,all,transition,864,30,12,139,18,695,0.07947019867549669,0.4,0.13259668508287292,0.16666666666666666,0.07763551288645862,0.7666666666666667,30,0.23333333333333334,60,0.34108527131782945,1.0,1.0,0.3333333333333334,0.4,0.2,72,0.19444444444444445,55.15587529976019
42,switch_d4,regime_marginal,1.0,observed,all,stable,5616,186,62,46,124,5384,0.5740740740740741,0.3333333333333333,0.4217687074829932,0.00847145488029466,0.39771778724991963,0.8387096774193549,186,0.002688172043010753,372,0.02609727164887307,1.0,1.0,0.33333333333333337,0.3333333333333333,0.3279569892473118,198,0.010101010101010102,8.103130755064457
42,switch_d4,regime_marginal,1.0,observed,warehouse,all,2160,96,37,66,59,1998,0.3592233009708738,0.3854166666666667,0.37185929648241206,0.03197674418604651,0.23032344493023726,0.8020833333333334,96,0.0625,192,0.06570512820512821,1.0,1.0,0.3333333333333333,0.3854166666666667,0.34375,90,0.0,15.988372093023257
42,switch_d4,regime_marginal,1.0,observed,warehouse,transition,288,24,7,48,17,216,0.12727272727272726,0.2916666666666667,0.17721518987341772,0.18181818181818182,0.13331304999165294,0.7083333333333334,24,0.22916666666666666,48,0.3333333333333333,1.0,1.0,0.3333333333333333,0.2916666666666667,0.16666666666666666,12,0.0,56.81818181818182
42,switch_d4,regime_marginal,1.0,observed,warehouse,stable,1872,72,30,18,42,1782,0.625,0.4166666666666667,0.5,0.01,0.4807058870718433,0.8333333333333334,72,0.006944444444444444,144,0.030797101449275364,1.0,1.0,0.3333333333333333,0.4166666666666667,0.4027777777777778,78,0.0,10.0
42,switch_d4,regime_marginal,1.0,observed,transit_smooth,all,2160,84,26,67,58,2009,0.27956989247311825,0.30952380952380953,0.2937853107344633,0.03227360308285164,0.19945011587158273,0.8452380952380952,84,0.017857142857142856,168,0.06446540880503145,1.0,1.0,0.3333333333333333,0.30952380952380953,0.27380952380952384,126,0.07936507936507936,14.932562620423893
42,switch_d4,regime_marginal,1.0,observed,transit_smooth,transition,288,6,5,55,1,227,0.08333333333333333,0.8333333333333334,0.15151515151515152,0.1950354609929078,0.08662353992362481,1.0,6,0.25,12,0.32222222222222224,1.0,1.0,0.3333333333333333,0.8333333333333334,0.3333333333333333,42,0.21428571428571427,67.37588652482269
42,switch_d4,regime_marginal,1.0,observed,transit_smooth,stable,1872,78,21,12,57,1782,0.6363636363636364,0.2692307692307692,0.3783783783783784,0.006688963210702341,0.4176335711820562,0.8333333333333334,78,0.0,156,0.02197802197802198,1.0,1.0,0.33333333333333326,0.2692307692307692,0.2692307692307692,84,0.011904761904761904,6.688963210702341
42,switch_d4,regime_marginal,1.0,observed,transit_rough,all,2160,36,11,52,25,2072,0.1746031746031746,0.3055555555555556,0.2222222222222222,0.02448210922787194,0.10811167511128192,0.8611111111111112,36,0.0,72,0.07309941520467836,1.0,1.0,0.33333333333333337,0.3055555555555556,0.3055555555555556,54,0.1111111111111111,12.24105461393597
42,switch_d4,regime_marginal,1.0,observed,transit_rough,transition,288,0,0,36,0,252,0.0,,0.0,0.125,,,0,,0,0.3645833333333333,1.0,1.0,,,,18,0.2777777777777778,41.666666666666664
42,switch_d4,regime_marginal,1.0,observed,transit_rough,stable,1872,36,11,16,25,1820,0.4074074074074074,0.3055555555555556,0.3492063492063492,0.008714596949891068,0.2684720098546499,0.8611111111111112,36,0.0,72,0.025510204081632654,1.0,1.0,0.33333333333333337,0.3055555555555556,0.3055555555555556,36,0.027777777777777776,7.625272331154684
42,switch_d4,regime_marginal,0.2,clean,all,all,6480,0,0,180,0,6300,0.0,,0.0,0.027777777777777776,,,0,,0,0.06620370370370371,1.0,1.0,,,,270,0.040740740740740744,8.796296296296296
42,switch_d4,regime_marginal,0.2,clean,all,transition,864,0,0,113,0,751,0.0,,0.0,0.13078703703703703,,,0,,0,0.3229166666666667,1.0,1.0,,,,72,0.1527777777777778,40.50925925925926
42,switch_d4,regime_marginal,0.2,clean,all,stable,5616,0,0,67,0,5549,0.0,,0.0,0.01193019943019943,,,0,,0,0.026709401709401708,1.0,1.0,,,,198,0.0,3.9173789173789175
42,switch_d4,regime_marginal,0.2,clean,warehouse,all,2160,0,0,100,0,2060,0.0,,0.0,0.046296296296296294,,,0,,0,0.10833333333333334,1.0,1.0,,,,90,0.0,14.351851851851851
42,switch_d4,regime_marginal,0.2,clean,warehouse,transition,288,0,0,36,0,252,0.0,,0.0,0.125,,,0,,0,0.3229166666666667,1.0,1.0,,,,12,0.0,38.19444444444444
42,switch_d4,regime_marginal,0.2,clean,warehouse,stable,1872,0,0,64,0,1808,0.0,,0.0,0.03418803418803419,,,0,,0,0.07532051282051282,1.0,1.0,,,,78,0.0,10.683760683760683
42,switch_d4,regime_marginal,0.2,clean,transit_smooth,all,2160,0,0,48,0,2112,0.0,,0.0,0.022222222222222223,,,0,,0,0.04583333333333333,1.0,1.0,,,,126,0.05555555555555555,7.87037037037037
42,switch_d4,regime_marginal,0.2,clean,transit_smooth,transition,288,0,0,47,0,241,0.0,,0.0,0.16319444444444445,,,0,,0,0.3333333333333333,1.0,1.0,,,,42,0.16666666666666666,55.55555555555556
42,switch_d4,regime_marginal,0.2,clean,transit_smooth,stable,1872,0,0,1,0,1871,0.0,,0.0,0.0005341880341880342,,,0,,0,0.0016025641025641025,1.0,1.0,,,,84,0.0,0.5341880341880342
42,switch_d4,regime_marginal,0.2,clean,transit_rough,all,2160,0,0,32,0,2128,0.0,,0.0,0.014814814814814815,,,0,,0,0.044444444444444446,1.0,1.0,,,,54,0.07407407407407407,4.166666666666667
42,switch_d4,regime_marginal,0.2,clean,transit_rough,transition,288,0,0,30,0,258,0.0,,0.0,0.10416666666666667,,,0,,0,0.3125,1.0,1.0,,,,18,0.2222222222222222,27.77777777777778
42,switch_d4,regime_marginal,0.2,clean,transit_rough,stable,1872,0,0,2,0,1870,0.0,,0.0,0.0010683760683760685,,,0,,0,0.003205128205128205,1.0,1.0,,,,36,0.0,0.5341880341880342
42,switch_d4,regime_marginal,0.2,observed,all,all,6480,216,115,183,101,6081,0.3859060402684564,0.5324074074074074,0.4474708171206226,0.02921455938697318,0.26234858002701616,0.8472222222222222,216,0.032407407407407406,432,0.073559670781893,1.0,1.0,0.3333333333333333,0.5324074074074074,0.5277777777777778,270,0.1,8.14176245210728
42,switch_d4,regime_marginal,0.2,observed,all,transition,864,30,20,102,10,732,0.16393442622950818,0.6666666666666666,0.2631578947368421,0.1223021582733813,0.1097973244462623,0.8333333333333334,30,0.11666666666666667,60,0.313953488372093,1.0,1.0,0.3333333333333334,0.6666666666666666,0.6333333333333333,72,0.1111111111111111,35.97122302158273
42,switch_d4,regime_marginal,0.2,observed,all,stable,5616,186,95,81,91,5349,0.5397727272727273,0.510752688172043,0.5248618784530387,0.014917127071823204,0.5310453101976028,0.8494623655913979,186,0.01881720430107527,372,0.036773428232502965,1.0,1.0,0.33333333333333337,0.510752688172043,0.510752688172043,198,0.09595959595959595,3.867403314917127
42,switch_d4,regime_marginal,0.2,observed,warehouse,all,2160,96,54,105,42,1959,0.33962264150943394,0.5625,0.4235294117647059,0.050872093023255814,0.2902402238716256,0.8125,96,0.057291666666666664,192,0.1266025641025641,1.0,1.0,0.3333333333333333,0.5625,0.5625,90,0.15555555555555556,14.050387596899224
42,switch_d4,regime_marginal,0.2,observed,warehouse,transition,288,24,16,32,8,232,0.3333333333333333,0.6666666666666666,0.4444444444444444,0.12121212121212122,0.22103183591566852,0.7916666666666666,24,0.125,48,0.3194444444444444,1.0,1.0,0.3333333333333333,0.6666666666666666,0.6666666666666666,12,0.0,37.878787878787875
42,switch_d4,regime_marginal,0.2,observed,warehouse,stable,1872,72,38,73,34,1727,0.34234234234234234,0.5277777777777778,0.41530054644808745,0.04055555555555555,0.47398115103559235,0.8194444444444444,72,0.034722222222222224,144,0.10144927536231885,1.0,1.0,0.3333333333333333,0.5277777777777778,0.5277777777777778,78,0.1794871794871795,10.555555555555555
42,switch_d4,regime_marginal,0.2,observed,transit_smooth,all,2160,84,45,45,39,2031,0.5,0.5357142857142857,0.5172413793103449,0.02167630057803468,0.3221204731918252,0.8690476190476191,84,0.017857142857142856,168,0.04874213836477988,1.0,1.0,0.3333333333333333,0.5357142857142857,0.5238095238095238,126,0.06349206349206349,6.262042389210019
42,switch_d4,regime_marginal,0.2,observed,transit_smooth,transition,288,6,4,40,2,242,0.09090909090909091,0.6666666666666666,0.16,0.14184397163120568,0.09633261403063384,1.0,6,0.08333333333333333,12,0.3111111111111111,1.0,1.0,0.3333333333333333,0.6666666666666666,0.5,42,0.09523809523809523,42.5531914893617
42,switch_d4,regime_marginal,0.2,observed,transit_smooth,stable,1872,78,41,5,37,1789,0.8913043478260869,0.5256410256410257,0.6612903225806451,0.002787068004459309,0.717280594806531,0.8589743589743589,78,0.01282051282051282,156,0.005494505494505495,1.0,1.0,0.33333333333333326,0.5256410256410257,0.5256410256410257,84,0.047619047619047616,0.5574136008918618
42,switch_d4,regime_marginal,0.2,observed,transit_rough,all,2160,36,16,33,20,2091,0.32653061224489793,0.4444444444444444,0.3764705882352941,0.015536723163841809,0.17046510290692884,0.8888888888888888,36,0.0,72,0.04824561403508772,1.0,1.0,0.33333333333333337,0.4444444444444444,0.4444444444444444,54,0.09259259259259259,4.237288135593221
42,switch_d4,regime_marginal,0.2,observed,transit_rough,transition,288,0,0,30,0,258,0.0,,0.0,0.10416666666666667,,,0,,0,0.3125,1.0,1.0,,,,18,0.2222222222222222,27.77777777777778
42,switch_d4,regime_marginal,0.2,observed,transit_rough,stable,1872,36,16,3,20,1833,0.8421052631578947,0.4444444444444444,0.5818181818181818,0.0016339869281045752,0.56131441593815,0.8888888888888888,36,0.0,72,0.00510204081632653,1.0,1.0,0.33333333333333337,0.4444444444444444,0.4444444444444444,36,0.027777777777777776,0.5446623093681917
42,switch_d4,regime_conditional,1.0,clean,all,all,6480,0,0,223,0,6257,0.0,,0.0,0.03441358024691358,,,0,,0,0.08101851851851852,1.0,1.0,,,,270,0.05925925925925926,20.52469135802469
42,switch_d4,regime_conditional,1.0,clean,all,transition,864,0,0,148,0,716,0.0,,0.0,0.1712962962962963,,,0,,0,0.3576388888888889,1.0,1.0,,,,72,0.1388888888888889,67.12962962962963
42,switch_d4,regime_conditional,1.0,clean,all,stable,5616,0,0,75,0,5541,0.0,,0.0,0.013354700854700854,,,0,,0,0.038461538461538464,1.0,1.0,,,,198,0.030303030303030304,13.354700854700855
42,switch_d4,regime_conditional,1.0,clean,warehouse,all,2160,0,0,73,0,2087,0.0,,0.0,0.033796296296296297,,,0,,0,0.09444444444444444,1.0,1.0,,,,90,0.03333333333333333,22.685185185185187
42,switch_d4,regime_conditional,1.0,clean,warehouse,transition,288,0,0,38,0,250,0.0,,0.0,0.13194444444444445,,,0,,0,0.3645833333333333,1.0,1.0,,,,12,0.0,48.611111111111114
42,switch_d4,regime_conditional,1.0,clean,warehouse,stable,1872,0,0,35,0,1837,0.0,,0.0,0.018696581196581196,,,0,,0,0.052884615384615384,1.0,1.0,,,,78,0.038461538461538464,18.696581196581196
42,switch_d4,regime_conditional,1.0,clean,transit_smooth,all,2160,0,0,80,0,2080,0.0,,0.0,0.037037037037037035,,,0,,0,0.07083333333333333,1.0,1.0,,,,126,0.05555555555555555,19.90740740740741
42,switch_d4,regime_conditional,1.0,clean,transit_smooth,transition,288,0,0,64,0,224,0.0,,0.0,0.2222222222222222,,,0,,0,0.3645833333333333,1.0,1.0,,,,42,0.11904761904761904,93.75
42,switch_d4,regime_conditional,1.0,clean,transit_smooth,stable,1872,0,0,16,0,1856,0.0,,0.0,0.008547008547008548,,,0,,0,0.02564102564102564,1.0,1.0,,,,84,0.023809523809523808,8.547008547008547
42,switch_d4,regime_conditional,1.0,clean,transit_rough,all,2160,0,0,70,0,2090,0.0,,0.0,0.032407407407407406,,,0,,0,0.07777777777777778,1.0,1.0,,,,54,0.1111111111111111,18.98148148148148
42,switch_d4,regime_conditional,1.0,clean,transit_rough,transition,288,0,0,46,0,242,0.0,,0.0,0.1597222222222222,,,0,,0,0.34375,1.0,1.0,,,,18,0.2777777777777778,59.02777777777778
42,switch_d4,regime_conditional,1.0,clean,transit_rough,stable,1872,0,0,24,0,1848,0.0,,0.0,0.01282051282051282,,,0,,0,0.03685897435897436,1.0,1.0,,,,36,0.027777777777777776,12.820512820512821
42,switch_d4,regime_conditional,1.0,observed,all,all,6480,216,92,215,124,6049,0.2996742671009772,0.42592592592592593,0.35181644359464626,0.034323116219667944,0.20652468451794515,0.8333333333333334,216,0.041666666666666664,432,0.07973251028806584,1.0,1.0,0.3333333333333333,0.42592592592592593,0.36574074074074076,270,0.05925925925925926,21.0727969348659
42,switch_d4,regime_conditional,1.0,observed,all,transition,864,30,16,136,14,698,0.10526315789473684,0.5333333333333333,0.17582417582417584,0.1630695443645084,0.09442103836970614,0.7333333333333333,30,0.1,60,0.3488372093023256,1.0,1.0,0.3333333333333334,0.5333333333333333,0.36666666666666664,72,0.1388888888888889,63.54916067146283
42,switch_d4,regime_conditional,1.0,observed,all,stable,5616,186,76,79,110,5351,0.49032258064516127,0.40860215053763443,0.44574780058651026,0.014548802946593001,0.43816568814447215,0.8494623655913979,186,0.03225806451612903,372,0.03855278766310795,1.0,1.0,0.33333333333333337,0.40860215053763443,0.3655913978494624,198,0.030303030303030304,14.548802946593002
42,switch_d4,regime_conditional,1.0,observed,warehouse,all,2160,96,48,66,48,1998,0.42105263157894735,0.5,0.45714285714285713,0.03197674418604651,0.30396628219411703,0.8020833333333334,96,0.041666666666666664,192,0.08814102564102565,1.0,1.0,0.3333333333333333,0.5,0.4479166666666667,90,0.03333333333333333,21.802325581395348
42,switch_d4,regime_conditional,1.0,observed,warehouse,transition,288,24,12,33,12,231,0.26666666666666666,0.5,0.34782608695652173,0.125,0.21343556563542912,0.6666666666666666,24,0.10416666666666667,48,0.3611111111111111,1.0,1.0,0.3333333333333333,0.5,0.3333333333333333,12,0.0,45.45454545454545
42,switch_d4,regime_conditional,1.0,observed,warehouse,stable,1872,72,36,33,36,1767,0.5217391304347826,0.5,0.5106382978723404,0.018333333333333333,0.4939871302585314,0.8472222222222222,72,0.020833333333333332,144,0.05253623188405797,1.0,1.0,0.3333333333333333,0.5,0.4861111111111111,78,0.038461538461538464,18.333333333333332
42,switch_d4,regime_conditional,1.0,observed,transit_smooth,all,2160,84,29,78,55,1998,0.27102803738317754,0.34523809523809523,0.3036649214659686,0.03757225433526012,0.2053177508332779,0.8690476190476191,84,0.047619047619047616,168,0.07075471698113207,1.0,1.0,0.3333333333333333,0.34523809523809523,0.2619047619047619,126,0.05555555555555555,21.67630057803468
42,switch_d4,regime_conditional,1.0,observed,transit_smooth,transition,288,6,4,57,2,225,0.06557377049180328,0.6666666666666666,0.11940298507462686,0.20212765957446807,0.07992151534468443,1.0,6,0.08333333333333333,12,0.34444444444444444,1.0,1.0,0.3333333333333333,0.6666666666666666,0.5,42,0.11904761904761904,85.1063829787234
42,switch_d4,regime_conditional,1.0,observed,transit_smooth,stable,1872,78,25,21,53,1773,0.5434782608695652,0.32051282051282054,0.4032258064516129,0.011705685618729096,0.4482351231852539,0.8589743589743589,78,0.04487179487179487,156,0.02564102564102564,1.0,1.0,0.33333333333333326,0.32051282051282054,0.24358974358974358,84,0.023809523809523808,11.705685618729097
42,switch_d4,regime_conditional,1.0,observed,transit_rough,all,2160,36,15,71,21,2053,0.1744186046511628,0.4166666666666667,0.2459016393442623,0.033427495291902073,0.11422242991676476,0.8333333333333334,36,0.027777777777777776,72,0.0804093567251462,1.0,1.0,0.33333333333333337,0.4166666666666667,0.3888888888888889,54,0.1111111111111111,19.774011299435028
42,switch_d4,regime_conditional,1.0,observed,transit_rough,transition,288,0,0,46,0,242,0.0,,0.0,0.1597222222222222,,,0,,0,0.34375,1.0,1.0,,,,18,0.2777777777777778,59.02777777777778
42,switch_d4,regime_conditional,1.0,observed,transit_rough,stable,1872,36,15,25,21,1811,0.375,0.4166666666666667,0.39473684210526316,0.013616557734204794,0.38956560774905186,0.8333333333333334,36,0.027777777777777776,72,0.03741496598639456,1.0,1.0,0.33333333333333337,0.4166666666666667,0.3888888888888889,36,0.027777777777777776,13.616557734204793
42,switch_d4,regime_conditional,0.2,clean,all,all,6480,0,0,202,0,6278,0.0,,0.0,0.03117283950617284,,,0,,0,0.07083333333333333,1.0,1.0,,,,270,0.037037037037037035,12.5
42,switch_d4,regime_conditional,0.2,clean,all,transition,864,0,0,148,0,716,0.0,,0.0,0.1712962962962963,,,0,,0,0.34375,1.0,1.0,,,,72,0.1111111111111111,50.925925925925924
42,switch_d4,regime_conditional,0.2,clean,all,stable,5616,0,0,54,0,5562,0.0,,0.0,0.009615384615384616,,,0,,0,0.028846153846153848,1.0,1.0,,,,198,0.010101010101010102,6.588319088319088
42,switch_d4,regime_conditional,0.2,clean,warehouse,all,2160,0,0,62,0,2098,0.0,,0.0,0.028703703703703703,,,0,,0,0.07916666666666666,1.0,1.0,,,,90,0.011111111111111112,11.574074074074074
42,switch_d4,regime_conditional,0.2,clean,warehouse,transition,288,0,0,37,0,251,0.0,,0.0,0.1284722222222222,,,0,,0,0.3333333333333333,1.0,1.0,,,,12,0.0,38.19444444444444
42,switch_d4,regime_conditional,0.2,clean,warehouse,stable,1872,0,0,25,0,1847,0.0,,0.0,0.013354700854700854,,,0,,0,0.04006410256410257,1.0,1.0,,,,78,0.01282051282051282,7.478632478632479
42,switch_d4,regime_conditional,0.2,clean,transit_smooth,all,2160,0,0,83,0,2077,0.0,,0.0,0.038425925925925926,,,0,,0,0.075,1.0,1.0,,,,126,0.03968253968253968,16.203703703703702
42,switch_d4,regime_conditional,0.2,clean,transit_smooth,transition,288,0,0,62,0,226,0.0,,0.0,0.2152777777777778,,,0,,0,0.34375,1.0,1.0,,,,42,0.09523809523809523,59.02777777777778
42,switch_d4,regime_conditional,0.2,clean,transit_smooth,stable,1872,0,0,21,0,1851,0.0,,0.0,0.011217948717948718,,,0,,0,0.03365384615384615,1.0,1.0,,,,84,0.011904761904761904,9.615384615384615
42,switch_d4,regime_conditional,0.2,clean,transit_rough,all,2160,0,0,57,0,2103,0.0,,0.0,0.02638888888888889,,,0,,0,0.058333333333333334,1.0,1.0,,,,54,0.07407407407407407,9.722222222222221
42,switch_d4,regime_conditional,0.2,clean,transit_rough,transition,288,0,0,49,0,239,0.0,,0.0,0.1701388888888889,,,0,,0,0.3541666666666667,1.0,1.0,,,,18,0.2222222222222222,55.55555555555556
42,switch_d4,regime_conditional,0.2,clean,transit_rough,stable,1872,0,0,8,0,1864,0.0,,0.0,0.004273504273504274,,,0,,0,0.01282051282051282,1.0,1.0,,,,36,0.0,2.6709401709401708
42,switch_d4,regime_conditional,0.2,observed,all,all,6480,216,157,290,59,5974,0.3512304250559284,0.7268518518518519,0.473604826546003,0.046296296296296294,0.3210358913835781,0.8472222222222222,216,0.09259259259259259,432,0.09362139917695474,1.0,1.0,0.3333333333333333,0.7268518518518519,0.6111111111111112,270,0.27037037037037037,15.00638569604087
42,switch_d4,regime_conditional,0.2,observed,all,transition,864,30,23,153,7,681,0.13068181818181818,0.7666666666666667,0.22330097087378642,0.18345323741007194,0.10805707293886016,0.8333333333333334,30,0.15,60,0.3372093023255814,1.0,1.0,0.3333333333333334,0.7666666666666667,0.5333333333333333,72,0.3194444444444444,49.16067146282974
42,switch_d4,regime_conditional,0.2,observed,all,stable,5616,186,134,137,52,5293,0.4944649446494465,0.7204301075268817,0.5864332603938731,0.025230202578268877,0.7044436967702885,0.8494623655913979,186,0.08333333333333333,372,0.05634638196915777,1.0,1.0,0.33333333333333337,0.7204301075268817,0.6236559139784946,198,0.25252525252525254,9.760589318600369
42,switch_d4,regime_conditional,0.2,observed,warehouse,all,2160,96,68,100,28,1964,0.40476190476190477,0.7083333333333334,0.5151515151515151,0.04844961240310078,0.38366122753686355,0.8229166666666666,96,0.10416666666666667,192,0.10576923076923077,1.0,1.0,0.3333333333333333,0.7083333333333334,0.6041666666666666,90,0.2777777777777778,15.01937984496124
42,switch_d4,regime_conditional,0.2,observed,warehouse,transition,288,24,19,38,5,226,0.3333333333333333,0.7916666666666666,0.4691358024691358,0.14393939393939395,0.24566029637335757,0.7916666666666666,24,0.10416666666666667,48,0.3333333333333333,1.0,1.0,0.3333333333333333,0.7916666666666666,0.6666666666666666,12,0.3333333333333333,41.666666666666664
42,switch_d4,regime_conditional,0.2,observed,warehouse,stable,1872,72,49,62,23,1738,0.44144144144144143,0.6805555555555556,0.5355191256830601,0.034444444444444444,0.6263649439296513,0.8333333333333334,72,0.10416666666666667,144,0.07608695652173914,1.0,1.0,0.3333333333333333,0.6805555555555556,0.5833333333333334,78,0.2692307692307692,11.11111111111111
42,switch_d4,regime_conditional,0.2,observed,transit_smooth,all,2160,84,64,120,20,1956,0.34782608695652173,0.7619047619047619,0.47761194029850745,0.057803468208092484,0.34090542602935225,0.8690476190476191,84,0.08928571428571429,168,0.10849056603773585,1.0,1.0,0.3333333333333333,0.7619047619047619,0.6309523809523809,126,0.2777777777777778,18.304431599229286
42,switch_d4,regime_conditional,0.2,observed,transit_smooth,transition,288,6,4,63,2,219,0.05970149253731343,0.6666666666666666,0.1095890410958904,0.22340425531914893,0.09680929800792815,1.0,6,0.3333333333333333,12,0.32222222222222224,1.0,1.0,0.3333333333333333,0.6666666666666666,0.0,42,0.2619047619047619,53.191489361702125
42,switch_d4,regime_conditional,0.2,observed,transit_smooth,stable,1872,78,60,57,18,1737,0.5128205128205128,0.7692307692307693,0.6153846153846154,0.03177257525083612,0.7606668014553973,0.8589743589743589,78,0.07051282051282051,156,0.07326007326007326,1.0,1.0,0.33333333333333326,0.7692307692307693,0.6794871794871795,84,0.2857142857142857,12.820512820512821
42,switch_d4,regime_conditional,0.2,observed,transit_rough,all,2160,36,25,70,11,2054,0.2631578947368421,0.6944444444444444,0.3816793893129771,0.03295668549905838,0.2238472785037331,0.8611111111111112,36,0.06944444444444445,72,0.06871345029239766,1.0,1.0,0.33333333333333337,0.6944444444444444,0.5833333333333334,54,0.24074074074074073,11.770244821092279
42,switch_d4,regime_conditional,0.2,observed,transit_rough,transition,288,0,0,52,0,236,0.0,,0.0,0.18055555555555555,,,0,,0,0.3541666666666667,1.0,1.0,,,,18,0.4444444444444444,52.083333333333336
42,switch_d4,regime_conditional,0.2,observed,transit_rough,stable,1872,36,25,18,11,1818,0.5813953488372093,0.6944444444444444,0.6329113924050633,0.00980392156862745,0.7667531598685047,0.8611111111111112,36,0.06944444444444445,72,0.022108843537414966,1.0,1.0,0.33333333333333337,0.6944444444444444,0.5833333333333334,36,0.1388888888888889,5.446623093681917
42,switch_d12,regime_marginal,1.0,clean,all,all,6480,0,0,466,0,6014,0.0,,0.0,0.07191358024691358,,,0,,0,0.15416666666666667,1.0,1.0,,,,270,0.17037037037037037,17.28395061728395
42,switch_d12,regime_marginal,1.0,clean,all,transition,864,0,0,420,0,444,0.0,,0.0,0.4861111111111111,,,0,,0,1.0,1.0,1.0,,,,72,0.6111111111111112,78.70370370370371
42,switch_d12,regime_marginal,1.0,clean,all,stable,5616,0,0,46,0,5570,0.0,,0.0,0.00819088319088319,,,0,,0,0.02403846153846154,1.0,1.0,,,,198,0.010101010101010102,7.834757834757835
42,switch_d12,regime_marginal,1.0,clean,warehouse,all,2160,0,0,173,0,1987,0.0,,0.0,0.08009259259259259,,,0,,0,0.15833333333333333,1.0,1.0,,,,90,0.0,20.37037037037037
42,switch_d12,regime_marginal,1.0,clean,warehouse,transition,288,0,0,155,0,133,0.0,,0.0,0.5381944444444444,,,0,,0,1.0,1.0,1.0,,,,12,0.0,90.27777777777777
42,switch_d12,regime_marginal,1.0,clean,warehouse,stable,1872,0,0,18,0,1854,0.0,,0.0,0.009615384615384616,,,0,,0,0.028846153846153848,1.0,1.0,,,,78,0.0,9.615384615384615
42,switch_d12,regime_marginal,1.0,clean,transit_smooth,all,2160,0,0,175,0,1985,0.0,,0.0,0.08101851851851852,,,0,,0,0.15,1.0,1.0,,,,126,0.29365079365079366,18.51851851851852
42,switch_d12,regime_marginal,1.0,clean,transit_smooth,transition,288,0,0,163,0,125,0.0,,0.0,0.5659722222222222,,,0,,0,1.0,1.0,1.0,,,,42,0.8571428571428571,97.22222222222223
42,switch_d12,regime_marginal,1.0,clean,transit_smooth,stable,1872,0,0,12,0,1860,0.0,,0.0,0.00641025641025641,,,0,,0,0.019230769230769232,1.0,1.0,,,,84,0.011904761904761904,6.410256410256411
42,switch_d12,regime_marginal,1.0,clean,transit_rough,all,2160,0,0,118,0,2042,0.0,,0.0,0.05462962962962963,,,0,,0,0.15416666666666667,1.0,1.0,,,,54,0.16666666666666666,12.962962962962964
42,switch_d12,regime_marginal,1.0,clean,transit_rough,transition,288,0,0,102,0,186,0.0,,0.0,0.3541666666666667,,,0,,0,1.0,1.0,1.0,,,,18,0.4444444444444444,48.611111111111114
42,switch_d12,regime_marginal,1.0,clean,transit_rough,stable,1872,0,0,16,0,1856,0.0,,0.0,0.008547008547008548,,,0,,0,0.02403846153846154,1.0,1.0,,,,36,0.027777777777777776,7.478632478632479
42,switch_d12,regime_marginal,1.0,observed,all,all,6480,216,80,448,136,5816,0.15151515151515152,0.37037037037037035,0.21505376344086022,0.07151979565772669,0.10549884645636745,0.8055555555555556,216,0.08101851851851852,432,0.15534979423868311,1.0,1.0,0.3333333333333333,0.37037037037037035,0.3101851851851852,270,0.17037037037037037,17.56066411238825
42,switch_d12,regime_marginal,1.0,observed,all,transition,864,30,18,402,12,432,0.04285714285714286,0.6,0.08,0.48201438848920863,0.04061372051116291,0.6,30,0.5666666666666667,60,1.0,1.0,1.0,0.3333333333333334,0.6,0.2,72,0.6111111111111112,79.13669064748201
42,switch_d12,regime_marginal,1.0,observed,all,stable,5616,186,62,46,124,5384,0.5740740740740741,0.3333333333333333,0.4217687074829932,0.00847145488029466,0.39771778724991963,0.8387096774193549,186,0.002688172043010753,372,0.02609727164887307,1.0,1.0,0.33333333333333337,0.3333333333333333,0.3279569892473118,198,0.010101010101010102,8.103130755064457
42,switch_d12,regime_marginal,1.0,observed,warehouse,all,2160,96,42,161,54,1903,0.20689655172413793,0.4375,0.2809364548494983,0.07800387596899225,0.1367759323001418,0.75,96,0.16666666666666666,192,0.14262820512820512,1.0,1.0,0.3333333333333333,0.4375,0.3333333333333333,90,0.0,20.833333333333332
42,switch_d12,regime_marginal,1.0,observed,warehouse,transition,288,24,12,143,12,121,0.07741935483870968,0.5,0.1340782122905028,0.5416666666666666,0.07377171754973522,0.5,24,0.6458333333333334,48,1.0,1.0,1.0,0.3333333333333333,0.5,0.125,12,0.0,94.6969696969697
42,switch_d12,regime_marginal,1.0,observed,warehouse,stable,1872,72,30,18,42,1782,0.625,0.4166666666666667,0.5,0.01,0.4807058870718433,0.8333333333333334,72,0.006944444444444444,144,0.030797101449275364,1.0,1.0,0.3333333333333333,0.4166666666666667,0.4027777777777778,78,0.0,10.0
42,switch_d12,regime_marginal,1.0,observed,transit_smooth,all,2160,84,27,169,57,1907,0.1377551020408163,0.32142857142857145,0.19285714285714287,0.08140655105973026,0.11594558261175585,0.8452380952380952,84,0.017857142857142856,168,0.16037735849056603,1.0,1.0,0.3333333333333333,0.32142857142857145,0.2857142857142857,126,0.29365079365079366,18.786127167630056
42,switch_d12,regime_marginal,1.0,observed,transit_smooth,transition,288,6,6,157,0,125,0.03680981595092025,1.0,0.07100591715976332,0.5567375886524822,0.038727438058784994,1.0,6,0.25,12,1.0,1.0,1.0,0.3333333333333333,1.0,0.5,42,0.8571428571428571,95.74468085106383
42,switch_d12,regime_marginal,1.0,observed,transit_smooth,stable,1872,78,21,12,57,1782,0.6363636363636364,0.2692307692307692,0.3783783783783784,0.006688963210702341,0.4176335711820562,0.8333333333333334,78,0.0,156,0.02197802197802198,1.0,1.0,0.33333333333333326,0.2692307692307692,0.2692307692307692,84,0.011904761904761904,6.688963210702341
42,switch_d12,regime_marginal,1.0,observed,transit_rough,all,2160,36,11,118,25,2006,0.08527131782945736,0.3055555555555556,0.13333333333333333,0.05555555555555555,0.06189563806544043,0.8611111111111112,36,0.0,72,0.16228070175438597,1.0,1.0,0.33333333333333337,0.3055555555555556,0.3055555555555556,54,0.16666666666666666,13.182674199623353
42,switch_d12,regime_marginal,1.0,observed,transit_rough,transition,288,0,0,102,0,186,0.0,,0.0,0.3541666666666667,,,0,,0,1.0,1.0,1.0,,,,18,0.4444444444444444,48.611111111111114
42,switch_d12,regime_marginal,1.0,observed,transit_rough,stable,1872,36,11,16,25,1820,0.4074074074074074,0.3055555555555556,0.3492063492063492,0.008714596949891068,0.2684720098546499,0.8611111111111112,36,0.0,72,0.025510204081632654,1.0,1.0,0.33333333333333337,0.3055555555555556,0.3055555555555556,36,0.027777777777777776,7.625272331154684
42,switch_d12,regime_marginal,0.2,clean,all,all,6480,0,0,495,0,5985,0.0,,0.0,0.0763888888888889,,,0,,0,0.15185185185185185,1.0,1.0,,,,270,0.17407407407407408,10.339506172839506
42,switch_d12,regime_marginal,0.2,clean,all,transition,864,0,0,436,0,428,0.0,,0.0,0.5046296296296297,,,0,,0,0.9895833333333334,1.0,1.0,,,,72,0.6527777777777778,54.398148148148145
42,switch_d12,regime_marginal,0.2,clean,all,stable,5616,0,0,59,0,5557,0.0,,0.0,0.010505698005698005,,,0,,0,0.022970085470085472,1.0,1.0,,,,198,0.0,3.561253561253561
42,switch_d12,regime_marginal,0.2,clean,warehouse,all,2160,0,0,214,0,1946,0.0,,0.0,0.09907407407407408,,,0,,0,0.1875,1.0,1.0,,,,90,0.0,15.74074074074074
42,switch_d12,regime_marginal,0.2,clean,warehouse,transition,288,0,0,158,0,130,0.0,,0.0,0.5486111111111112,,,0,,0,0.9895833333333334,1.0,1.0,,,,12,0.0,55.55555555555556
42,switch_d12,regime_marginal,0.2,clean,warehouse,stable,1872,0,0,56,0,1816,0.0,,0.0,0.029914529914529916,,,0,,0,0.0641025641025641,1.0,1.0,,,,78,0.0,9.615384615384615
42,switch_d12,regime_marginal,0.2,clean,transit_smooth,all,2160,0,0,177,0,1983,0.0,,0.0,0.08194444444444444,,,0,,0,0.13472222222222222,1.0,1.0,,,,126,0.29365079365079366,8.796296296296296
42,switch_d12,regime_marginal,0.2,clean,transit_smooth,transition,288,0,0,176,0,112,0.0,,0.0,0.6111111111111112,,,0,,0,1.0,1.0,1.0,,,,42,0.8809523809523809,62.5
42,switch_d12,regime_marginal,0.2,clean,transit_smooth,stable,1872,0,0,1,0,1871,0.0,,0.0,0.0005341880341880342,,,0,,0,0.0016025641025641025,1.0,1.0,,,,84,0.0,0.5341880341880342
42,switch_d12,regime_marginal,0.2,clean,transit_rough,all,2160,0,0,104,0,2056,0.0,,0.0,0.04814814814814815,,,0,,0,0.13333333333333333,1.0,1.0,,,,54,0.18518518518518517,6.481481481481482
42,switch_d12,regime_marginal,0.2,clean,transit_rough,transition,288,0,0,102,0,186,0.0,,0.0,0.3541666666666667,,,0,,0,0.9791666666666666,1.0,1.0,,,,18,0.5555555555555556,45.138888888888886
42,switch_d12,regime_marginal,0.2,clean,transit_rough,stable,1872,0,0,2,0,1870,0.0,,0.0,0.0010683760683760685,,,0,,0,0.003205128205128205,1.0,1.0,,,,36,0.0,0.5341880341880342
42,switch_d12,regime_marginal,0.2,observed,all,all,6480,216,115,483,101,5781,0.19230769230769232,0.5324074074074074,0.28255528255528256,0.07710727969348659,0.1245785274488185,0.8240740740740741,216,0.09259259259259259,432,0.15843621399176955,1.0,1.0,0.3333333333333333,0.5324074074074074,0.48148148148148145,270,0.21481481481481482,9.897828863346104
42,switch_d12,regime_marginal,0.2,observed,all,transition,864,30,18,412,12,422,0.04186046511627907,0.6,0.0782608695652174,0.4940047961630695,0.04502826981437467,0.6,30,0.55,60,0.9883720930232558,1.0,1.0,0.3333333333333334,0.6,0.23333333333333334,72,0.5694444444444444,51.55875299760192
42,switch_d12,regime_marginal,0.2,observed,all,stable,5616,186,97,71,89,5359,0.5773809523809523,0.521505376344086,0.5480225988700564,0.01307550644567219,0.5521967595542772,0.8602150537634409,186,0.01881720430107527,372,0.03143534994068802,1.0,1.0,0.33333333333333337,0.521505376344086,0.521505376344086,198,0.08585858585858586,3.4990791896869244
42,switch_d12,regime_marginal,0.2,observed,warehouse,all,2160,96,50,209,46,1855,0.19305019305019305,0.5208333333333334,0.28169014084507044,0.10125968992248062,0.1478778534860188,0.7395833333333334,96,0.18229166666666666,192,0.1891025641025641,1.0,1.0,0.3333333333333333,0.5208333333333334,0.4375,90,0.13333333333333333,15.503875968992247
42,switch_d12,regime_marginal,0.2,observed,warehouse,transition,288,24,12,146,12,118,0.0759493670886076,0.5,0.13186813186813187,0.553030303030303,0.09483350573627827,0.5,24,0.625,48,0.9861111111111112,1.0,1.0,0.3333333333333333,0.5,0.16666666666666666,12,0.0,56.81818181818182
42,switch_d12,regime_marginal,0.2,observed,warehouse,stable,1872,72,38,63,34,1737,0.37623762376237624,0.5277777777777778,0.4393063583815029,0.035,0.49100236050796264,0.8194444444444444,72,0.034722222222222224,144,0.08514492753623189,1.0,1.0,0.3333333333333333,0.5277777777777778,0.5277777777777778,78,0.15384615384615385,9.444444444444445
42,switch_d12,regime_marginal,0.2,observed,transit_smooth,all,2160,84,49,171,35,1905,0.22272727272727272,0.5833333333333334,0.3223684210526316,0.08236994219653179,0.14553105969085692,0.8928571428571429,84,0.02976190476190476,168,0.14622641509433962,1.0,1.0,0.3333333333333333,0.5833333333333334,0.5476190476190477,126,0.29365079365079366,8.188824662813103
42,switch_d12,regime_marginal,0.2,observed,transit_smooth,transition,288,6,6,166,0,116,0.03488372093023256,1.0,0.06741573033707865,0.5886524822695035,0.04169487244606363,1.0,6,0.25,12,1.0,1.0,1.0,0.3333333333333333,1.0,0.5,42,0.7857142857142857,56.737588652482266
42,switch_d12,regime_marginal,0.2,observed,transit_smooth,stable,1872,78,43,5,35,1789,0.8958333333333334,0.5512820512820513,0.6825396825396826,0.002787068004459309,0.7250116307083708,0.8846153846153846,78,0.01282051282051282,156,0.005494505494505495,1.0,1.0,0.33333333333333326,0.5512820512820513,0.5512820512820513,84,0.047619047619047616,0.5574136008918618
42,switch_d12,regime_marginal,0.2,observed,transit_rough,all,2160,36,16,103,20,2021,0.13445378151260504,0.4444444444444444,0.2064516129032258,0.04849340866290019,0.08210542870310998,0.8888888888888888,36,0.0,72,0.14181286549707603,1.0,1.0,0.33333333333333337,0.4444444444444444,0.4444444444444444,54,0.16666666666666666,6.120527306967985
42,switch_d12,regime_marginal,0.2,observed,transit_rough,transition,288,0,0,100,0,188,0.0,,0.0,0.3472222222222222,,,0,,0,0.9791666666666666,1.0,1.0,,,,18,0.4444444444444444,41.666666666666664
42,switch_d12,regime_marginal,0.2,observed,transit_rough,stable,1872,36,16,3,20,1833,0.8421052631578947,0.4444444444444444,0.5818181818181818,0.0016339869281045752,0.5731654624337814,0.8888888888888888,36,0.0,72,0.00510204081632653,1.0,1.0,0.33333333333333337,0.4444444444444444,0.4444444444444444,36,0.027777777777777776,0.5446623093681917
42,switch_d12,regime_conditional,1.0,clean,all,all,6480,0,0,515,0,5965,0.0,,0.0,0.07947530864197531,,,0,,0,0.16666666666666666,1.0,1.0,,,,270,0.1259259259259259,26.85185185185185
42,switch_d12,regime_conditional,1.0,clean,all,transition,864,0,0,440,0,424,0.0,,0.0,0.5092592592592593,,,0,,0,1.0,1.0,1.0,,,,72,0.3888888888888889,114.58333333333333
42,switch_d12,regime_conditional,1.0,clean,all,stable,5616,0,0,75,0,5541,0.0,,0.0,0.013354700854700854,,,0,,0,0.038461538461538464,1.0,1.0,,,,198,0.030303030303030304,13.354700854700855
42,switch_d12,regime_conditional,1.0,clean,warehouse,all,2160,0,0,139,0,2021,0.0,,0.0,0.06435185185185185,,,0,,0,0.17916666666666667,1.0,1.0,,,,90,0.03333333333333333,23.61111111111111
42,switch_d12,regime_conditional,1.0,clean,warehouse,transition,288,0,0,104,0,184,0.0,,0.0,0.3611111111111111,,,0,,0,1.0,1.0,1.0,,,,12,0.0,55.55555555555556
42,switch_d12,regime_conditional,1.0,clean,warehouse,stable,1872,0,0,35,0,1837,0.0,,0.0,0.018696581196581196,,,0,,0,0.052884615384615384,1.0,1.0,,,,78,0.038461538461538464,18.696581196581196
42,switch_d12,regime_conditional,1.0,clean,transit_smooth,all,2160,0,0,201,0,1959,0.0,,0.0,0.09305555555555556,,,0,,0,0.15555555555555556,1.0,1.0,,,,126,0.19047619047619047,27.77777777777778
42,switch_d12,regime_conditional,1.0,clean,transit_smooth,transition,288,0,0,185,0,103,0.0,,0.0,0.6423611111111112,,,0,,0,1.0,1.0,1.0,,,,42,0.5238095238095238,152.77777777777777
42,switch_d12,regime_conditional,1.0,clean,transit_smooth,stable,1872,0,0,16,0,1856,0.0,,0.0,0.008547008547008548,,,0,,0,0.02564102564102564,1.0,1.0,,,,84,0.023809523809523808,8.547008547008547
42,switch_d12,regime_conditional,1.0,clean,transit_rough,all,2160,0,0,175,0,1985,0.0,,0.0,0.08101851851851852,,,0,,0,0.16527777777777777,1.0,1.0,,,,54,0.12962962962962962,29.166666666666668
42,switch_d12,regime_conditional,1.0,clean,transit_rough,transition,288,0,0,151,0,137,0.0,,0.0,0.5243055555555556,,,0,,0,1.0,1.0,1.0,,,,18,0.3333333333333333,135.41666666666666
42,switch_d12,regime_conditional,1.0,clean,transit_rough,stable,1872,0,0,24,0,1848,0.0,,0.0,0.01282051282051282,,,0,,0,0.03685897435897436,1.0,1.0,,,,36,0.027777777777777776,12.820512820512821
42,switch_d12,regime_conditional,1.0,observed,all,all,6480,216,105,496,111,5768,0.17470881863560733,0.4861111111111111,0.25703794369645044,0.07918263090676884,0.12420430827992074,0.8148148148148148,216,0.0625,432,0.1661522633744856,1.0,1.0,0.3333333333333333,0.4861111111111111,0.38425925925925924,270,0.1259259259259259,27.458492975734355
42,switch_d12,regime_conditional,1.0,observed,all,transition,864,30,29,417,1,417,0.06502242152466367,0.9666666666666667,0.12184873949579832,0.5,0.05263379683295047,0.6,30,0.25,60,1.0,1.0,1.0,0.3333333333333334,0.9666666666666667,0.5,72,0.3888888888888889,112.70983213429257
42,switch_d12,regime_conditional,1.0,observed,all,stable,5616,186,76,79,110,5351,0.49032258064516127,0.40860215053763443,0.44574780058651026,0.014548802946593001,0.43816568814447215,0.8494623655913979,186,0.03225806451612903,372,0.03855278766310795,1.0,1.0,0.33333333333333337,0.40860215053763443,0.3655913978494624,198,0.030303030303030304,14.3646408839779
42,switch_d12,regime_conditional,1.0,observed,warehouse,all,2160,96,59,123,37,1941,0.3241758241758242,0.6145833333333334,0.4244604316546763,0.059593023255813955,0.21607979757173001,0.7604166666666666,96,0.078125,192,0.16185897435897437,1.0,1.0,0.3333333333333333,0.6145833333333334,0.4895833333333333,90,0.03333333333333333,21.802325581395348
42,switch_d12,regime_conditional,1.0,observed,warehouse,transition,288,24,23,90,1,174,0.20353982300884957,0.9583333333333334,0.3357664233576642,0.3409090909090909,0.1263023664429937,0.5,24,0.25,48,1.0,1.0,1.0,0.3333333333333333,0.9583333333333334,0.5,12,0.0,49.24242424242424
42,switch_d12,regime_conditional,1.0,observed,warehouse,stable,1872,72,36,33,36,1767,0.5217391304347826,0.5,0.5106382978723404,0.018333333333333333,0.4939871302585314,0.8472222222222222,72,0.020833333333333332,144,0.05253623188405797,1.0,1.0,0.3333333333333333,0.5,0.4861111111111111,78,0.038461538461538464,17.77777777777778
42,switch_d12,regime_conditional,1.0,observed,transit_smooth,all,2160,84,31,197,53,1879,0.13596491228070176,0.36904761904761907,0.1987179487179487,0.09489402697495183,0.11600852619365415,0.8690476190476191,84,0.05952380952380952,168,0.16352201257861634,1.0,1.0,0.3333333333333333,0.36904761904761907,0.2619047619047619,126,0.19047619047619047,30.346820809248555
42,switch_d12,regime_conditional,1.0,observed,transit_smooth,transition,288,6,6,176,0,106,0.03296703296703297,1.0,0.06382978723404255,0.624113475177305,0.03857004578042139,1.0,6,0.25,12,1.0,1.0,1.0,0.3333333333333333,1.0,0.5,42,0.5238095238095238,148.93617021276594
42,switch_d12,regime_conditional,1.0,observed,transit_smooth,stable,1872,78,25,21,53,1773,0.5434782608695652,0.32051282051282054,0.4032258064516129,0.011705685618729096,0.4482351231852539,0.8589743589743589,78,0.04487179487179487,156,0.02564102564102564,1.0,1.0,0.33333333333333326,0.32051282051282054,0.24358974358974358,84,0.023809523809523808,11.705685618729097
42,switch_d12,regime_conditional,1.0,observed,transit_rough,all,2160,36,15,176,21,1948,0.07853403141361257,0.4166666666666667,0.13215859030837004,0.08286252354048965,0.05797624075259352,0.8333333333333334,36,0.027777777777777776,72,0.17251461988304093,1.0,1.0,0.33333333333333337,0.4166666666666667,0.3888888888888889,54,0.12962962962962962,30.131826741996232
42,switch_d12,regime_conditional,1.0,observed,transit_rough,transition,288,0,0,151,0,137,0.0,,0.0,0.5243055555555556,,,0,,0,1.0,1.0,1.0,,,,18,0.3333333333333333,135.41666666666666
42,switch_d12,regime_conditional,1.0,observed,transit_rough,stable,1872,36,15,25,21,1811,0.375,0.4166666666666667,0.39473684210526316,0.013616557734204794,0.38956560774905186,0.8333333333333334,36,0.027777777777777776,72,0.03741496598639456,1.0,1.0,0.33333333333333337,0.4166666666666667,0.3888888888888889,36,0.027777777777777776,13.616557734204793
42,switch_d12,regime_conditional,0.2,clean,all,all,6480,0,0,605,0,5875,0.0,,0.0,0.0933641975308642,,,0,,0,0.15601851851851853,1.0,1.0,,,,270,0.1259259259259259,14.351851851851851
42,switch_d12,regime_conditional,0.2,clean,all,transition,864,0,0,556,0,308,0.0,,0.0,0.6435185185185185,,,0,,0,1.0,1.0,1.0,,,,72,0.4583333333333333,69.44444444444444
42,switch_d12,regime_conditional,0.2,clean,all,stable,5616,0,0,49,0,5567,0.0,,0.0,0.008725071225071225,,,0,,0,0.026175213675213676,1.0,1.0,,,,198,0.005050505050505051,5.8760683760683765
42,switch_d12,regime_conditional,0.2,clean,warehouse,all,2160,0,0,178,0,1982,0.0,,0.0,0.0824074074074074,,,0,,0,0.1625,1.0,1.0,,,,90,0.06666666666666667,12.5
42,switch_d12,regime_conditional,0.2,clean,warehouse,transition,288,0,0,157,0,131,0.0,,0.0,0.5451388888888888,,,0,,0,1.0,1.0,1.0,,,,12,0.5,59.02777777777778
42,switch_d12,regime_conditional,0.2,clean,warehouse,stable,1872,0,0,21,0,1851,0.0,,0.0,0.011217948717948718,,,0,,0,0.03365384615384615,1.0,1.0,,,,78,0.0,5.3418803418803416
42,switch_d12,regime_conditional,0.2,clean,transit_smooth,all,2160,0,0,226,0,1934,0.0,,0.0,0.10462962962962963,,,0,,0,0.16111111111111112,1.0,1.0,,,,126,0.1746031746031746,17.59259259259259
42,switch_d12,regime_conditional,0.2,clean,transit_smooth,transition,288,0,0,206,0,82,0.0,,0.0,0.7152777777777778,,,0,,0,1.0,1.0,1.0,,,,42,0.5,69.44444444444444
42,switch_d12,regime_conditional,0.2,clean,transit_smooth,stable,1872,0,0,20,0,1852,0.0,,0.0,0.010683760683760684,,,0,,0,0.03205128205128205,1.0,1.0,,,,84,0.011904761904761904,9.615384615384615
42,switch_d12,regime_conditional,0.2,clean,transit_rough,all,2160,0,0,201,0,1959,0.0,,0.0,0.09305555555555556,,,0,,0,0.14444444444444443,1.0,1.0,,,,54,0.1111111111111111,12.962962962962964
42,switch_d12,regime_conditional,0.2,clean,transit_rough,transition,288,0,0,193,0,95,0.0,,0.0,0.6701388888888888,,,0,,0,1.0,1.0,1.0,,,,18,0.3333333333333333,79.86111111111111
42,switch_d12,regime_conditional,0.2,clean,transit_rough,stable,1872,0,0,8,0,1864,0.0,,0.0,0.004273504273504274,,,0,,0,0.01282051282051282,1.0,1.0,,,,36,0.0,2.6709401709401708
42,switch_d12,regime_conditional,0.2,observed,all,all,6480,216,162,672,54,5592,0.19424460431654678,0.75,0.30857142857142855,0.10727969348659004,0.15194226815614725,0.8287037037037037,216,0.12962962962962962,432,0.17746913580246915,1.0,1.0,0.3333333333333333,0.75,0.5601851851851852,270,0.3888888888888889,17.40102171136654
42,switch_d12,regime_conditional,0.2,observed,all,transition,864,30,28,550,2,284,0.04844290657439446,0.9333333333333333,0.09210526315789473,0.6594724220623501,0.05402297107241174,0.6,30,0.45,60,1.0,1.0,1.0,0.3333333333333334,0.9333333333333333,0.16666666666666666,72,0.8333333333333334,69.54436450839329
42,switch_d12,regime_conditional,0.2,observed,all,stable,5616,186,134,122,52,5308,0.5234375,0.7204301075268817,0.6063348416289592,0.022467771639042358,0.7322781258496356,0.8655913978494624,186,0.07795698924731183,372,0.051601423487544484,1.0,1.0,0.33333333333333337,0.7204301075268817,0.6236559139784946,198,0.22727272727272727,9.392265193370166
42,switch_d12,regime_conditional,0.2,observed,warehouse,all,2160,96,71,196,25,1868,0.26591760299625467,0.7395833333333334,0.39118457300275483,0.09496124031007752,0.23128056691998874,0.75,96,0.18229166666666666,192,0.16987179487179488,1.0,1.0,0.3333333333333333,0.7395833333333334,0.4895833333333333,90,0.3,16.472868217054263
42,switch_d12,regime_conditional,0.2,observed,warehouse,transition,288,24,22,146,2,118,0.13095238095238096,0.9166666666666666,0.22916666666666666,0.553030303030303,0.13699789047650815,0.5,24,0.4375,48,1.0,1.0,1.0,0.3333333333333333,0.9166666666666666,0.20833333333333334,12,1.0,56.81818181818182
42,switch_d12,regime_conditional,0.2,observed,warehouse,stable,1872,72,49,50,23,1750,0.494949494949495,0.6805555555555556,0.5730994152046783,0.027777777777777776,0.6888934992023396,0.8333333333333334,72,0.09722222222222222,144,0.06159420289855073,1.0,1.0,0.3333333333333333,0.6805555555555556,0.5833333333333334,78,0.19230769230769232,10.555555555555555
42,switch_d12,regime_conditional,0.2,observed,transit_smooth,all,2160,84,66,256,18,1820,0.20496894409937888,0.7857142857142857,0.3251231527093596,0.1233140655105973,0.1508952381452571,0.9047619047619048,84,0.09523809523809523,168,0.2028301886792453,1.0,1.0,0.3333333333333333,0.7857142857142857,0.6309523809523809,126,0.4523809523809524,19.26782273603083
42,switch_d12,regime_conditional,0.2,observed,transit_smooth,transition,288,6,6,203,0,79,0.028708133971291867,1.0,0.05581395348837209,0.7198581560283688,0.04150423404666234,1.0,6,0.5,12,1.0,1.0,1.0,0.3333333333333333,1.0,0.0,42,0.7857142857142857,67.37588652482269
42,switch_d12,regime_conditional,0.2,observed,transit_smooth,stable,1872,78,60,53,18,1741,0.5309734513274337,0.7692307692307693,0.6282722513089005,0.029542920847268672,0.7655731931634725,0.8974358974358975,78,0.0641025641025641,156,0.07142857142857142,1.0,1.0,0.33333333333333326,0.7692307692307693,0.6794871794871795,84,0.2857142857142857,11.705685618729097
42,switch_d12,regime_conditional,0.2,observed,transit_rough,all,2160,36,25,220,11,1904,0.10204081632653061,0.6944444444444444,0.17793594306049823,0.10357815442561205,0.08180400942058028,0.8611111111111112,36,0.06944444444444445,72,0.1608187134502924,1.0,1.0,0.33333333333333337,0.6944444444444444,0.5833333333333334,54,0.3888888888888889,16.47834274952919
42,switch_d12,regime_conditional,0.2,observed,transit_rough,transition,288,0,0,201,0,87,0.0,,0.0,0.6979166666666666,,,0,,0,1.0,1.0,1.0,,,,18,0.8333333333333334,83.33333333333333
42,switch_d12,regime_conditional,0.2,observed,transit_rough,stable,1872,36,25,19,11,1817,0.5681818181818182,0.6944444444444444,0.625,0.010348583877995643,0.7743905827357903,0.8611111111111112,36,0.06944444444444445,72,0.023809523809523808,1.0,1.0,0.33333333333333337,0.6944444444444444,0.5833333333333334,36,0.16666666666666666,5.991285403050109
43,steady_m05,regime_marginal,1.0,clean,all,all,6480,0,0,111,0,6369,0.0,,0.0,0.01712962962962963,,,0,,0,0.04814814814814815,1.0,1.0,,,,282,0.0035460992907801418,16.203703703703702
43,steady_m05,regime_marginal,1.0,clean,all,stable,6480,0,0,111,0,6369,0.0,,0.0,0.01712962962962963,,,0,,0,0.04814814814814815,1.0,1.0,,,,282,0.0035460992907801418,16.203703703703702
43,steady_m05,regime_marginal,1.0,clean,warehouse,all,2160,0,0,50,0,2110,0.0,,0.0,0.023148148148148147,,,0,,0,0.06388888888888888,1.0,1.0,,,,96,0.010416666666666666,22.22222222222222
43,steady_m05,regime_marginal,1.0,clean,warehouse,stable,2160,0,0,50,0,2110,0.0,,0.0,0.023148148148148147,,,0,,0,0.06388888888888888,1.0,1.0,,,,96,0.010416666666666666,22.22222222222222
43,steady_m05,regime_marginal,1.0,clean,transit_smooth,all,2160,0,0,27,0,2133,0.0,,0.0,0.0125,,,0,,0,0.0375,1.0,1.0,,,,90,0.0,12.037037037037036
43,steady_m05,regime_marginal,1.0,clean,transit_smooth,stable,2160,0,0,27,0,2133,0.0,,0.0,0.0125,,,0,,0,0.0375,1.0,1.0,,,,90,0.0,12.037037037037036
43,steady_m05,regime_marginal,1.0,clean,transit_rough,all,2160,0,0,34,0,2126,0.0,,0.0,0.01574074074074074,,,0,,0,0.043055555555555555,1.0,1.0,,,,96,0.0,14.351851851851851
43,steady_m05,regime_marginal,1.0,clean,transit_rough,stable,2160,0,0,34,0,2126,0.0,,0.0,0.01574074074074074,,,0,,0,0.043055555555555555,1.0,1.0,,,,96,0.0,14.351851851851851
43,steady_m05,regime_marginal,1.0,observed,all,all,6480,216,3,106,213,6158,0.027522935779816515,0.013888888888888888,0.018461538461538463,0.016922094508301407,0.03485942602747345,0.33796296296296297,216,0.013888888888888888,432,0.04835390946502058,1.0,1.0,0.3333333333333333,0.013888888888888888,0.013888888888888888,282,0.0035460992907801418,15.964240102171138
43,steady_m05,regime_marginal,1.0,observed,all,stable,6480,216,3,106,213,6158,0.027522935779816515,0.013888888888888888,0.018461538461538463,0.016922094508301407,0.03485942602747345,0.33796296296296297,216,0.013888888888888888,432,0.04835390946502058,1.0,1.0,0.3333333333333333,0.013888888888888888,0.013888888888888888,282,0.0035460992907801418,15.964240102171138
43,steady_m05,regime_marginal,1.0,observed,warehouse,all,2160,72,1,47,71,2041,0.020833333333333332,0.013888888888888888,0.016666666666666666,0.022509578544061302,0.03297066960404989,0.3055555555555556,72,0.041666666666666664,144,0.05864197530864197,1.0,1.0,0.3333333333333333,0.013888888888888888,0.013888888888888888,96,0.010416666666666666,21.551724137931036
43,steady_m05,regime_marginal,1.0,observed,warehouse,stable,2160,72,1,47,71,2041,0.020833333333333332,0.013888888888888888,0.016666666666666666,0.022509578544061302,0.03297066960404989,0.3055555555555556,72,0.041666666666666664,144,0.05864197530864197,1.0,1.0,0.3333333333333333,0.013888888888888888,0.013888888888888888,96,0.010416666666666666,21.551724137931036
43,steady_m05,regime_marginal,1.0,observed,transit_smooth,all,2160,72,2,26,70,2062,0.07142857142857142,0.027777777777777776,0.04,0.012452107279693486,0.03930030030066846,0.3888888888888889,72,0.0,144,0.040123456790123455,1.0,1.0,0.3333333333333333,0.027777777777777776,0.027777777777777776,90,0.0,11.973180076628353
43,steady_m05,regime_marginal,1.0,observed,transit_smooth,stable,2160,72,2,26,70,2062,0.07142857142857142,0.027777777777777776,0.04,0.012452107279693486,0.03930030030066846,0.3888888888888889,72,0.0,144,0.040123456790123455,1.0,1.0,0.3333333333333333,0.027777777777777776,0.027777777777777776,90,0.0,11.973180076628353
43,steady_m05,regime_marginal,1.0,observed,transit_rough,all,2160,72,0,33,72,2055,0.0,0.0,0.0,0.015804597701149427,0.03960589368290746,0.3194444444444444,72,0.0,144,0.046296296296296294,1.0,1.0,0.3333333333333333,0.0,0.0,96,0.0,14.367816091954023
43,steady_m05,regime_marginal,1.0,observed,transit_rough,stable,2160,72,0,33,72,2055,0.0,0.0,0.0,0.015804597701149427,0.03960589368290746,0.3194444444444444,72,0.0,144,0.046296296296296294,1.0,1.0,0.3333333333333333,0.0,0.0,96,0.0,14.367816091954023
43,steady_m05,regime_marginal,0.2,clean,all,all,6480,0,0,217,0,6263,0.0,,0.0,0.03348765432098765,,,0,,0,0.06111111111111111,1.0,1.0,,,,282,0.010638297872340425,8.641975308641975
43,steady_m05,regime_marginal,0.2,clean,all,stable,6480,0,0,217,0,6263,0.0,,0.0,0.03348765432098765,,,0,,0,0.06111111111111111,1.0,1.0,,,,282,0.010638297872340425,8.641975308641975
43,steady_m05,regime_marginal,0.2,clean,warehouse,all,2160,0,0,138,0,2022,0.0,,0.0,0.06388888888888888,,,0,,0,0.11944444444444445,1.0,1.0,,,,96,0.03125,18.51851851851852
43,steady_m05,regime_marginal,0.2,clean,warehouse,stable,2160,0,0,138,0,2022,0.0,,0.0,0.06388888888888888,,,0,,0,0.11944444444444445,1.0,1.0,,,,96,0.03125,18.51851851851852
43,steady_m05,regime_marginal,0.2,clean,transit_smooth,all,2160,0,0,7,0,2153,0.0,,0.0,0.0032407407407407406,,,0,,0,0.009722222222222222,1.0,1.0,,,,90,0.0,0.9259259259259259
43,steady_m05,regime_marginal,0.2,clean,transit_smooth,stable,2160,0,0,7,0,2153,0.0,,0.0,0.0032407407407407406,,,0,,0,0.009722222222222222,1.0,1.0,,,,90,0.0,0.9259259259259259
43,steady_m05,regime_marginal,0.2,clean,transit_rough,all,2160,0,0,72,0,2088,0.0,,0.0,0.03333333333333333,,,0,,0,0.05416666666666667,1.0,1.0,,,,96,0.0,6.481481481481482
43,steady_m05,regime_marginal,0.2,clean,transit_rough,stable,2160,0,0,72,0,2088,0.0,,0.0,0.03333333333333333,,,0,,0,0.05416666666666667,1.0,1.0,,,,96,0.0,6.481481481481482
43,steady_m05,regime_marginal,0.2,observed,all,all,6480,216,2,212,214,6052,0.009345794392523364,0.009259259259259259,0.009302325581395349,0.03384418901660281,0.033521597018379715,0.4537037037037037,216,0.023148148148148147,432,0.062242798353909466,1.0,1.0,0.3333333333333333,0.009259259259259259,0.009259259259259259,282,0.0070921985815602835,8.780332056194124
43,steady_m05,regime_marginal,0.2,observed,all,stable,6480,216,2,212,214,6052,0.009345794392523364,0.009259259259259259,0.009302325581395349,0.03384418901660281,0.033521597018379715,0.4537037037037037,216,0.023148148148148147,432,0.062242798353909466,1.0,1.0,0.3333333333333333,0.009259259259259259,0.009259259259259259,282,0.0070921985815602835,8.780332056194124
43,steady_m05,regime_marginal,0.2,observed,warehouse,all,2160,72,0,133,72,1955,0.0,0.0,0.0,0.06369731800766283,0.026119653900824595,0.2638888888888889,72,0.06944444444444445,144,0.11574074074074074,1.0,1.0,0.3333333333333333,0.0,0.0,96,0.020833333333333332,18.67816091954023
43,steady_m05,regime_marginal,0.2,observed,warehouse,stable,2160,72,0,133,72,1955,0.0,0.0,0.0,0.06369731800766283,0.026119653900824595,0.2638888888888889,72,0.06944444444444445,144,0.11574074074074074,1.0,1.0,0.3333333333333333,0.0,0.0,96,0.020833333333333332,18.67816091954023
43,steady_m05,regime_marginal,0.2,observed,transit_smooth,all,2160,72,0,7,72,2081,0.0,0.0,0.0,0.003352490421455939,0.0380783343812681,0.5138888888888888,72,0.0,144,0.010802469135802469,1.0,1.0,0.3333333333333333,0.0,0.0,90,0.0,0.9578544061302682
43,steady_m05,regime_marginal,0.2,observed,transit_smooth,stable,2160,72,0,7,72,2081,0.0,0.0,0.0,0.003352490421455939,0.0380783343812681,0.5138888888888888,72,0.0,144,0.010802469135802469,1.0,1.0,0.3333333333333333,0.0,0.0,90,0.0,0.9578544061302682
43,steady_m05,regime_marginal,0.2,observed,transit_rough,all,2160,72,2,72,70,2016,0.02702702702702703,0.027777777777777776,0.0273972602739726,0.034482758620689655,0.0457652110869809,0.5833333333333334,72,0.0,144,0.06018518518518518,1.0,1.0,0.3333333333333333,0.027777777777777776,0.027777777777777776,96,0.0,6.704980842911877
43,steady_m05,regime_marginal,0.2,observed,transit_rough,stable,2160,72,2,72,70,2016,0.02702702702702703,0.027777777777777776,0.0273972602739726,0.034482758620689655,0.0457652110869809,0.5833333333333334,72,0.0,144,0.06018518518518518,1.0,1.0,0.3333333333333333,0.027777777777777776,0.027777777777777776,96,0.0,6.704980842911877
43,steady_m05,regime_conditional,1.0,clean,all,all,6480,0,0,73,0,6407,0.0,,0.0,0.011265432098765432,,,0,,0,0.03287037037037037,1.0,1.0,,,,282,0.0070921985815602835,11.265432098765432
43,steady_m05,regime_conditional,1.0,clean,all,stable,6480,0,0,73,0,6407,0.0,,0.0,0.011265432098765432,,,0,,0,0.03287037037037037,1.0,1.0,,,,282,0.0070921985815602835,11.265432098765432
43,steady_m05,regime_conditional,1.0,clean,warehouse,all,2160,0,0,24,0,2136,0.0,,0.0,0.011111111111111112,,,0,,0,0.03333333333333333,1.0,1.0,,,,96,0.020833333333333332,11.11111111111111
43,steady_m05,regime_conditional,1.0,clean,warehouse,stable,2160,0,0,24,0,2136,0.0,,0.0,0.011111111111111112,,,0,,0,0.03333333333333333,1.0,1.0,,,,96,0.020833333333333332,11.11111111111111
43,steady_m05,regime_conditional,1.0,clean,transit_smooth,all,2160,0,0,26,0,2134,0.0,,0.0,0.012037037037037037,,,0,,0,0.034722222222222224,1.0,1.0,,,,90,0.0,12.037037037037036
43,steady_m05,regime_conditional,1.0,clean,transit_smooth,stable,2160,0,0,26,0,2134,0.0,,0.0,0.012037037037037037,,,0,,0,0.034722222222222224,1.0,1.0,,,,90,0.0,12.037037037037036
43,steady_m05,regime_conditional,1.0,clean,transit_rough,all,2160,0,0,23,0,2137,0.0,,0.0,0.010648148148148148,,,0,,0,0.030555555555555555,1.0,1.0,,,,96,0.0,10.648148148148149
43,steady_m05,regime_conditional,1.0,clean,transit_rough,stable,2160,0,0,23,0,2137,0.0,,0.0,0.010648148148148148,,,0,,0,0.030555555555555555,1.0,1.0,,,,96,0.0,10.648148148148149
43,steady_m05,regime_conditional,1.0,observed,all,all,6480,216,6,70,210,6194,0.07894736842105263,0.027777777777777776,0.0410958904109589,0.011174968071519796,0.040073972824133205,0.3194444444444444,216,0.006944444444444444,432,0.03343621399176955,1.0,1.0,0.3333333333333333,0.027777777777777776,0.027777777777777776,282,0.0070921985815602835,11.174968071519796
43,steady_m05,regime_conditional,1.0,observed,all,stable,6480,216,6,70,210,6194,0.07894736842105263,0.027777777777777776,0.0410958904109589,0.011174968071519796,0.040073972824133205,0.3194444444444444,216,0.006944444444444444,432,0.03343621399176955,1.0,1.0,0.3333333333333333,0.027777777777777776,0.027777777777777776,282,0.0070921985815602835,11.174968071519796
43,steady_m05,regime_conditional,1.0,observed,warehouse,all,2160,72,2,22,70,2066,0.08333333333333333,0.027777777777777776,0.041666666666666664,0.01053639846743295,0.04775985624664335,0.3055555555555556,72,0.013888888888888888,144,0.030864197530864196,1.0,1.0,0.3333333333333333,0.027777777777777776,0.027777777777777776,96,0.020833333333333332,10.53639846743295
43,steady_m05,regime_conditional,1.0,observed,warehouse,stable,2160,72,2,22,70,2066,0.08333333333333333,0.027777777777777776,0.041666666666666664,0.01053639846743295,0.04775985624664335,0.3055555555555556,72,0.013888888888888888,144,0.030864197530864196,1.0,1.0,0.3333333333333333,0.027777777777777776,0.027777777777777776,96,0.020833333333333332,10.53639846743295
43,steady_m05,regime_conditional,1.0,observed,transit_smooth,all,2160,72,2,25,70,2063,0.07407407407407407,0.027777777777777776,0.04040404040404041,0.011973180076628353,0.0460393978108885,0.3472222222222222,72,0.006944444444444444,144,0.035493827160493825,1.0,1.0,0.3333333333333333,0.027777777777777776,0.027777777777777776,90,0.0,11.973180076628353
43,steady_m05,regime_conditional,1.0,observed,transit_smooth,stable,2160,72,2,25,70,2063,0.07407407407407407,0.027777777777777776,0.04040404040404041,0.011973180076628353,0.0460393978108885,0.3472222222222222,72,0.006944444444444444,144,0.035493827160493825,1.0,1.0,0.3333333333333333,0.027777777777777776,0.027777777777777776,90,0.0,11.973180076628353
43,steady_m05,regime_conditional,1.0,observed,transit_rough,all,2160,72,2,23,70,2065,0.08,0.027777777777777776,0.041237113402061855,0.011015325670498084,0.03698181322461102,0.3055555555555556,72,0.0,144,0.033950617283950615,1.0,1.0,0.3333333333333333,0.027777777777777776,0.027777777777777776,96,0.0,11.015325670498084
43,steady_m05,regime_conditional,1.0,observed,transit_rough,stable,2160,72,2,23,70,2065,0.08,0.027777777777777776,0.041237113402061855,0.011015325670498084,0.03698181322461102,0.3055555555555556,72,0.0,144,0.033950617283950615,1.0,1.0,0.3333333333333333,0.027777777777777776,0.027777777777777776,96,0.0,11.015325670498084
43,steady_m05,regime_conditional,0.2,clean,all,all,6480,0,0,118,0,6362,0.0,,0.0,0.018209876543209876,,,0,,0,0.05324074074074074,1.0,1.0,,,,282,0.0035460992907801418,8.641975308641975
43,steady_m05,regime_conditional,0.2,clean,all,stable,6480,0,0,118,0,6362,0.0,,0.0,0.018209876543209876,,,0,,0,0.05324074074074074,1.0,1.0,,,,282,0.0035460992907801418,8.641975308641975
43,steady_m05,regime_conditional,0.2,clean,warehouse,all,2160,0,0,61,0,2099,0.0,,0.0,0.02824074074074074,,,0,,0,0.08055555555555556,1.0,1.0,,,,96,0.010416666666666666,12.962962962962964
43,steady_m05,regime_conditional,0.2,clean,warehouse,stable,2160,0,0,61,0,2099,0.0,,0.0,0.02824074074074074,,,0,,0,0.08055555555555556,1.0,1.0,,,,96,0.010416666666666666,12.962962962962964
43,steady_m05,regime_conditional,0.2,clean,transit_smooth,all,2160,0,0,18,0,2142,0.0,,0.0,0.008333333333333333,,,0,,0,0.025,1.0,1.0,,,,90,0.0,5.555555555555555
43,steady_m05,regime_conditional,0.2,clean,transit_smooth,stable,2160,0,0,18,0,2142,0.0,,0.0,0.008333333333333333,,,0,,0,0.025,1.0,1.0,,,,90,0.0,5.555555555555555
43,steady_m05,regime_conditional,0.2,clean,transit_rough,all,2160,0,0,39,0,2121,0.0,,0.0,0.018055555555555554,,,0,,0,0.05416666666666667,1.0,1.0,,,,96,0.0,7.407407407407407
43,steady_m05,regime_conditional,0.2,clean,transit_rough,stable,2160,0,0,39,0,2121,0.0,,0.0,0.018055555555555554,,,0,,0,0.05416666666666667,1.0,1.0,,,,96,0.0,7.407407407407407
43,steady_m05,regime_conditional,0.2,observed,all,all,6480,216,6,121,210,6143,0.047244094488188976,0.027777777777777776,0.03498542274052478,0.019316730523627076,0.04158496443740119,0.4212962962962963,216,0.027777777777777776,432,0.055041152263374485,1.0,1.0,0.3333333333333333,0.027777777777777776,0.027777777777777776,282,0.0035460992907801418,8.939974457215836
43,steady_m05,regime_conditional,0.2,observed,all,stable,6480,216,6,121,210,6143,0.047244094488188976,0.027777777777777776,0.03498542274052478,0.019316730523627076,0.04158496443740119,0.4212962962962963,216,0.027777777777777776,432,0.055041152263374485,1.0,1.0,0.3333333333333333,0.027777777777777776,0.027777777777777776,282,0.0035460992907801418,8.939974457215836
43,steady_m05,regime_conditional,0.2,observed,warehouse,all,2160,72,1,63,71,2025,0.015625,0.013888888888888888,0.014705882352941176,0.03017241379310345,0.028842794596360917,0.3055555555555556,72,0.06944444444444445,144,0.0787037037037037,1.0,1.0,0.3333333333333333,0.013888888888888888,0.013888888888888888,96,0.010416666666666666,13.409961685823754
43,steady_m05,regime_conditional,0.2,observed,warehouse,stable,2160,72,1,63,71,2025,0.015625,0.013888888888888888,0.014705882352941176,0.03017241379310345,0.028842794596360917,0.3055555555555556,72,0.06944444444444445,144,0.0787037037037037,1.0,1.0,0.3333333333333333,0.013888888888888888,0.013888888888888888,96,0.010416666666666666,13.409961685823754
43,steady_m05,regime_conditional,0.2,observed,transit_smooth,all,2160,72,0,19,72,2069,0.0,0.0,0.0,0.009099616858237548,0.04368827126249448,0.3611111111111111,72,0.013888888888888888,144,0.026234567901234566,1.0,1.0,0.3333333333333333,0.0,0.0,90,0.0,6.226053639846743
43,steady_m05,regime_conditional,0.2,observed,transit_smooth,stable,2160,72,0,19,72,2069,0.0,0.0,0.0,0.009099616858237548,0.04368827126249448,0.3611111111111111,72,0.013888888888888888,144,0.026234567901234566,1.0,1.0,0.3333333333333333,0.0,0.0,90,0.0,6.226053639846743
43,steady_m05,regime_conditional,0.2,observed,transit_rough,all,2160,72,5,39,67,2049,0.11363636363636363,0.06944444444444445,0.08620689655172414,0.01867816091954023,0.06838900561590049,0.5972222222222222,72,0.0,144,0.06018518518518518,1.0,1.0,0.3333333333333333,0.06944444444444445,0.06944444444444445,96,0.0,7.183908045977011
43,steady_m05,regime_conditional,0.2,observed,transit_rough,stable,2160,72,5,39,67,2049,0.11363636363636363,0.06944444444444445,0.08620689655172414,0.01867816091954023,0.06838900561590049,0.5972222222222222,72,0.0,144,0.06018518518518518,1.0,1.0,0.3333333333333333,0.06944444444444445,0.06944444444444445,96,0.0,7.183908045977011
43,steady_m1,regime_marginal,1.0,clean,all,all,6480,0,0,111,0,6369,0.0,,0.0,0.01712962962962963,,,0,,0,0.04814814814814815,1.0,1.0,,,,282,0.0035460992907801418,16.203703703703702
43,steady_m1,regime_marginal,1.0,clean,all,stable,6480,0,0,111,0,6369,0.0,,0.0,0.01712962962962963,,,0,,0,0.04814814814814815,1.0,1.0,,,,282,0.0035460992907801418,16.203703703703702
43,steady_m1,regime_marginal,1.0,clean,warehouse,all,2160,0,0,50,0,2110,0.0,,0.0,0.023148148148148147,,,0,,0,0.06388888888888888,1.0,1.0,,,,96,0.010416666666666666,22.22222222222222
43,steady_m1,regime_marginal,1.0,clean,warehouse,stable,2160,0,0,50,0,2110,0.0,,0.0,0.023148148148148147,,,0,,0,0.06388888888888888,1.0,1.0,,,,96,0.010416666666666666,22.22222222222222
43,steady_m1,regime_marginal,1.0,clean,transit_smooth,all,2160,0,0,27,0,2133,0.0,,0.0,0.0125,,,0,,0,0.0375,1.0,1.0,,,,90,0.0,12.037037037037036
43,steady_m1,regime_marginal,1.0,clean,transit_smooth,stable,2160,0,0,27,0,2133,0.0,,0.0,0.0125,,,0,,0,0.0375,1.0,1.0,,,,90,0.0,12.037037037037036
43,steady_m1,regime_marginal,1.0,clean,transit_rough,all,2160,0,0,34,0,2126,0.0,,0.0,0.01574074074074074,,,0,,0,0.043055555555555555,1.0,1.0,,,,96,0.0,14.351851851851851
43,steady_m1,regime_marginal,1.0,clean,transit_rough,stable,2160,0,0,34,0,2126,0.0,,0.0,0.01574074074074074,,,0,,0,0.043055555555555555,1.0,1.0,,,,96,0.0,14.351851851851851
43,steady_m1,regime_marginal,1.0,observed,all,all,6480,216,11,106,205,6158,0.09401709401709402,0.05092592592592592,0.06606606606606606,0.016922094508301407,0.055182614047240376,0.44907407407407407,216,0.013888888888888888,432,0.04835390946502058,1.0,1.0,0.3333333333333333,0.05092592592592592,0.05092592592592592,282,0.0035460992907801418,15.964240102171138
43,steady_m1,regime_marginal,1.0,observed,all,stable,6480,216,11,106,205,6158,0.09401709401709402,0.05092592592592592,0.06606606606606606,0.016922094508301407,0.055182614047240376,0.44907407407407407,216,0.013888888888888888,432,0.04835390946502058,1.0,1.0,0.3333333333333333,0.05092592592592592,0.05092592592592592,282,0.0035460992907801418,15.964240102171138
43,steady_m1,regime_marginal,1.0,observed,warehouse,all,2160,72,2,47,70,2041,0.04081632653061224,0.027777777777777776,0.03305785123966942,0.022509578544061302,0.039239821255411686,0.3333333333333333,72,0.041666666666666664,144,0.05864197530864197,1.0,1.0,0.3333333333333333,0.027777777777777776,0.027777777777777776,96,0.010416666666666666,21.551724137931036
43,steady_m1,regime_marginal,1.0,observed,warehouse,stable,2160,72,2,47,70,2041,0.04081632653061224,0.027777777777777776,0.03305785123966942,0.022509578544061302,0.039239821255411686,0.3333333333333333,72,0.041666666666666664,144,0.05864197530864197,1.0,1.0,0.3333333333333333,0.027777777777777776,0.027777777777777776,96,0.010416666666666666,21.551724137931036
43,steady_m1,regime_marginal,1.0,observed,transit_smooth,all,2160,72,4,26,68,2062,0.13333333333333333,0.05555555555555555,0.0784313725490196,0.012452107279693486,0.07650694472706653,0.5138888888888888,72,0.0,144,0.040123456790123455,1.0,1.0,0.3333333333333333,0.05555555555555555,0.05555555555555555,90,0.0,11.973180076628353
43,steady_m1,regime_marginal,1.0,observed,transit_smooth,stable,2160,72,4,26,68,2062,0.13333333333333333,0.05555555555555555,0.0784313725490196,0.012452107279693486,0.07650694472706653,0.5138888888888888,72,0.0,144,0.040123456790123455,1.0,1.0,0.3333333333333333,0.05555555555555555,0.05555555555555555,90,0.0,11.973180076628353
43,steady_m1,regime_marginal,1.0,observed,transit_rough,all,2160,72,5,33,67,2055,0.13157894736842105,0.06944444444444445,0.09090909090909091,0.015804597701149427,0.07202032204772404,0.5,72,0.0,144,0.046296296296296294,1.0,1.0,0.3333333333333333,0.06944444444444445,0.06944444444444445,96,0.0,14.367816091954023
43,steady_m1,regime_marginal,1.0,observed,transit_rough,stable,2160,72,5,33,67,2055,0.13157894736842105,0.06944444444444445,0.09090909090909091,0.015804597701149427,0.07202032204772404,0.5,72,0.0,144,0.046296296296296294,1.0,1.0,0.3333333333333333,0.06944444444444445,0.06944444444444445,96,0.0,14.367816091954023
43,steady_m1,regime_marginal,0.2,clean,all,all,6480,0,0,217,0,6263,0.0,,0.0,0.03348765432098765,,,0,,0,0.06111111111111111,1.0,1.0,,,,282,0.010638297872340425,8.641975308641975
43,steady_m1,regime_marginal,0.2,clean,all,stable,6480,0,0,217,0,6263,0.0,,0.0,0.03348765432098765,,,0,,0,0.06111111111111111,1.0,1.0,,,,282,0.010638297872340425,8.641975308641975
43,steady_m1,regime_marginal,0.2,clean,warehouse,all,2160,0,0,138,0,2022,0.0,,0.0,0.06388888888888888,,,0,,0,0.11944444444444445,1.0,1.0,,,,96,0.03125,18.51851851851852
43,steady_m1,regime_marginal,0.2,clean,warehouse,stable,2160,0,0,138,0,2022,0.0,,0.0,0.06388888888888888,,,0,,0,0.11944444444444445,1.0,1.0,,,,96,0.03125,18.51851851851852
43,steady_m1,regime_marginal,0.2,clean,transit_smooth,all,2160,0,0,7,0,2153,0.0,,0.0,0.0032407407407407406,,,0,,0,0.009722222222222222,1.0,1.0,,,,90,0.0,0.9259259259259259
43,steady_m1,regime_marginal,0.2,clean,transit_smooth,stable,2160,0,0,7,0,2153,0.0,,0.0,0.0032407407407407406,,,0,,0,0.009722222222222222,1.0,1.0,,,,90,0.0,0.9259259259259259
43,steady_m1,regime_marginal,0.2,clean,transit_rough,all,2160,0,0,72,0,2088,0.0,,0.0,0.03333333333333333,,,0,,0,0.05416666666666667,1.0,1.0,,,,96,0.0,6.481481481481482
43,steady_m1,regime_marginal,0.2,clean,transit_rough,stable,2160,0,0,72,0,2088,0.0,,0.0,0.03333333333333333,,,0,,0,0.05416666666666667,1.0,1.0,,,,96,0.0,6.481481481481482
43,steady_m1,regime_marginal,0.2,observed,all,all,6480,216,16,212,200,6052,0.07017543859649122,0.07407407407407407,0.07207207207207207,0.03384418901660281,0.05081916676463377,0.5787037037037037,216,0.023148148148148147,432,0.062242798353909466,1.0,1.0,0.3333333333333333,0.07407407407407407,0.07407407407407407,282,0.0070921985815602835,8.780332056194124
43,steady_m1,regime_marginal,0.2,observed,all,stable,6480,216,16,212,200,6052,0.07017543859649122,0.07407407407407407,0.07207207207207207,0.03384418901660281,0.05081916676463377,0.5787037037037037,216,0.023148148148148147,432,0.062242798353909466,1.0,1.0,0.3333333333333333,0.07407407407407407,0.07407407407407407,282,0.0070921985815602835,8.780332056194124
43,steady_m1,regime_marginal,0.2,observed,warehouse,all,2160,72,2,133,70,1955,0.014814814814814815,0.027777777777777776,0.01932367149758454,0.06369731800766283,0.026126953340882005,0.3472222222222222,72,0.06944444444444445,144,0.11574074074074074,1.0,1.0,0.3333333333333333,0.027777777777777776,0.027777777777777776,96,0.020833333333333332,18.67816091954023
43,steady_m1,regime_marginal,0.2,observed,warehouse,stable,2160,72,2,133,70,1955,0.014814814814814815,0.027777777777777776,0.01932367149758454,0.06369731800766283,0.026126953340882005,0.3472222222222222,72,0.06944444444444445,144,0.11574074074074074,1.0,1.0,0.3333333333333333,0.027777777777777776,0.027777777777777776,96,0.020833333333333332,18.67816091954023
43,steady_m1,regime_marginal,0.2,observed,transit_smooth,all,2160,72,0,7,72,2081,0.0,0.0,0.0,0.003352490421455939,0.08287426682941319,0.625,72,0.0,144,0.010802469135802469,1.0,1.0,0.3333333333333333,0.0,0.0,90,0.0,0.9578544061302682
43,steady_m1,regime_marginal,0.2,observed,transit_smooth,stable,2160,72,0,7,72,2081,0.0,0.0,0.0,0.003352490421455939,0.08287426682941319,0.625,72,0.0,144,0.010802469135802469,1.0,1.0,0.3333333333333333,0.0,0.0,90,0.0,0.9578544061302682
43,steady_m1,regime_marginal,0.2,observed,transit_rough,all,2160,72,14,72,58,2016,0.16279069767441862,0.19444444444444445,0.17721518987341772,0.034482758620689655,0.09668259717412357,0.7638888888888888,72,0.0,144,0.06018518518518518,1.0,1.0,0.3333333333333333,0.19444444444444445,0.19444444444444445,96,0.0,6.704980842911877
43,steady_m1,regime_marginal,0.2,observed,transit_rough,stable,2160,72,14,72,58,2016,0.16279069767441862,0.19444444444444445,0.17721518987341772,0.034482758620689655,0.09668259717412357,0.7638888888888888,72,0.0,144,0.06018518518518518,1.0,1.0,0.3333333333333333,0.19444444444444445,0.19444444444444445,96,0.0,6.704980842911877
43,steady_m1,regime_conditional,1.0,clean,all,all,6480,0,0,73,0,6407,0.0,,0.0,0.011265432098765432,,,0,,0,0.03287037037037037,1.0,1.0,,,,282,0.0070921985815602835,11.265432098765432
43,steady_m1,regime_conditional,1.0,clean,all,stable,6480,0,0,73,0,6407,0.0,,0.0,0.011265432098765432,,,0,,0,0.03287037037037037,1.0,1.0,,,,282,0.0070921985815602835,11.265432098765432
43,steady_m1,regime_conditional,1.0,clean,warehouse,all,2160,0,0,24,0,2136,0.0,,0.0,0.011111111111111112,,,0,,0,0.03333333333333333,1.0,1.0,,,,96,0.020833333333333332,11.11111111111111
43,steady_m1,regime_conditional,1.0,clean,warehouse,stable,2160,0,0,24,0,2136,0.0,,0.0,0.011111111111111112,,,0,,0,0.03333333333333333,1.0,1.0,,,,96,0.020833333333333332,11.11111111111111
43,steady_m1,regime_conditional,1.0,clean,transit_smooth,all,2160,0,0,26,0,2134,0.0,,0.0,0.012037037037037037,,,0,,0,0.034722222222222224,1.0,1.0,,,,90,0.0,12.037037037037036
43,steady_m1,regime_conditional,1.0,clean,transit_smooth,stable,2160,0,0,26,0,2134,0.0,,0.0,0.012037037037037037,,,0,,0,0.034722222222222224,1.0,1.0,,,,90,0.0,12.037037037037036
43,steady_m1,regime_conditional,1.0,clean,transit_rough,all,2160,0,0,23,0,2137,0.0,,0.0,0.010648148148148148,,,0,,0,0.030555555555555555,1.0,1.0,,,,96,0.0,10.648148148148149
43,steady_m1,regime_conditional,1.0,clean,transit_rough,stable,2160,0,0,23,0,2137,0.0,,0.0,0.010648148148148148,,,0,,0,0.030555555555555555,1.0,1.0,,,,96,0.0,10.648148148148149
43,steady_m1,regime_conditional,1.0,observed,all,all,6480,216,14,74,202,6190,0.1590909090909091,0.06481481481481481,0.09210526315789473,0.01181353767560664,0.08653919078366465,0.4583333333333333,216,0.016203703703703703,432,0.03343621399176955,1.0,1.0,0.3333333333333333,0.06481481481481481,0.06018518518518518,282,0.0070921985815602835,11.813537675606641
43,steady_m1,regime_conditional,1.0,observed,all,stable,6480,216,14,74,202,6190,0.1590909090909091,0.06481481481481481,0.09210526315789473,0.01181353767560664,0.08653919078366465,0.4583333333333333,216,0.016203703703703703,432,0.03343621399176955,1.0,1.0,0.3333333333333333,0.06481481481481481,0.06018518518518518,282,0.0070921985815602835,11.813537675606641
43,steady_m1,regime_conditional,1.0,observed,warehouse,all,2160,72,4,25,68,2063,0.13793103448275862,0.05555555555555555,0.07920792079207921,0.011973180076628353,0.07865435491101262,0.375,72,0.034722222222222224,144,0.030864197530864196,1.0,1.0,0.3333333333333333,0.05555555555555555,0.041666666666666664,96,0.020833333333333332,11.973180076628353
43,steady_m1,regime_conditional,1.0,observed,warehouse,stable,2160,72,4,25,68,2063,0.13793103448275862,0.05555555555555555,0.07920792079207921,0.011973180076628353,0.07865435491101262,0.375,72,0.034722222222222224,144,0.030864197530864196,1.0,1.0,0.3333333333333333,0.05555555555555555,0.041666666666666664,96,0.020833333333333332,11.973180076628353
43,steady_m1,regime_conditional,1.0,observed,transit_smooth,all,2160,72,5,25,67,2063,0.16666666666666666,0.06944444444444445,0.09803921568627451,0.011973180076628353,0.10358588374038809,0.5416666666666666,72,0.006944444444444444,144,0.035493827160493825,1.0,1.0,0.3333333333333333,0.06944444444444445,0.06944444444444445,90,0.0,11.973180076628353
43,steady_m1,regime_conditional,1.0,observed,transit_smooth,stable,2160,72,5,25,67,2063,0.16666666666666666,0.06944444444444445,0.09803921568627451,0.011973180076628353,0.10358588374038809,0.5416666666666666,72,0.006944444444444444,144,0.035493827160493825,1.0,1.0,0.3333333333333333,0.06944444444444445,0.06944444444444445,90,0.0,11.973180076628353
43,steady_m1,regime_conditional,1.0,observed,transit_rough,all,2160,72,5,24,67,2064,0.1724137931034483,0.06944444444444445,0.09900990099009901,0.011494252873563218,0.08704780067178541,0.4583333333333333,72,0.006944444444444444,144,0.033950617283950615,1.0,1.0,0.3333333333333333,0.06944444444444445,0.06944444444444445,96,0.0,11.494252873563218
43,steady_m1,regime_conditional,1.0,observed,transit_rough,stable,2160,72,5,24,67,2064,0.1724137931034483,0.06944444444444445,0.09900990099009901,0.011494252873563218,0.08704780067178541,0.4583333333333333,72,0.006944444444444444,144,0.033950617283950615,1.0,1.0,0.3333333333333333,0.06944444444444445,0.06944444444444445,96,0.0,11.494252873563218
43,steady_m1,regime_conditional,0.2,clean,all,all,6480,0,0,118,0,6362,0.0,,0.0,0.018209876543209876,,,0,,0,0.05324074074074074,1.0,1.0,,,,282,0.0035460992907801418,8.641975308641975
43,steady_m1,regime_conditional,0.2,clean,all,stable,6480,0,0,118,0,6362,0.0,,0.0,0.018209876543209876,,,0,,0,0.05324074074074074,1.0,1.0,,,,282,0.0035460992907801418,8.641975308641975
43,steady_m1,regime_conditional,0.2,clean,warehouse,all,2160,0,0,61,0,2099,0.0,,0.0,0.02824074074074074,,,0,,0,0.08055555555555556,1.0,1.0,,,,96,0.010416666666666666,12.962962962962964
43,steady_m1,regime_conditional,0.2,clean,warehouse,stable,2160,0,0,61,0,2099,0.0,,0.0,0.02824074074074074,,,0,,0,0.08055555555555556,1.0,1.0,,,,96,0.010416666666666666,12.962962962962964
43,steady_m1,regime_conditional,0.2,clean,transit_smooth,all,2160,0,0,18,0,2142,0.0,,0.0,0.008333333333333333,,,0,,0,0.025,1.0,1.0,,,,90,0.0,5.555555555555555
43,steady_m1,regime_conditional,0.2,clean,transit_smooth,stable,2160,0,0,18,0,2142,0.0,,0.0,0.008333333333333333,,,0,,0,0.025,1.0,1.0,,,,90,0.0,5.555555555555555
43,steady_m1,regime_conditional,0.2,clean,transit_rough,all,2160,0,0,39,0,2121,0.0,,0.0,0.018055555555555554,,,0,,0,0.05416666666666667,1.0,1.0,,,,96,0.0,7.407407407407407
43,steady_m1,regime_conditional,0.2,clean,transit_rough,stable,2160,0,0,39,0,2121,0.0,,0.0,0.018055555555555554,,,0,,0,0.05416666666666667,1.0,1.0,,,,96,0.0,7.407407407407407
43,steady_m1,regime_conditional,0.2,observed,all,all,6480,216,52,136,164,6128,0.2765957446808511,0.24074074074074073,0.25742574257425743,0.021711366538952746,0.15841022346450068,0.6296296296296297,216,0.034722222222222224,432,0.061213991769547324,1.0,1.0,0.3333333333333333,0.24074074074074073,0.23148148148148148,282,0.03546099290780142,9.897828863346104
43,steady_m1,regime_conditional,0.2,observed,all,stable,6480,216,52,136,164,6128,0.2765957446808511,0.24074074074074073,0.25742574257425743,0.021711366538952746,0.15841022346450068,0.6296296296296297,216,0.034722222222222224,432,0.061213991769547324,1.0,1.0,0.3333333333333333,0.24074074074074073,0.23148148148148148,282,0.03546099290780142,9.897828863346104
43,steady_m1,regime_conditional,0.2,observed,warehouse,all,2160,72,8,65,64,2023,0.1095890410958904,0.1111111111111111,0.1103448275862069,0.031130268199233715,0.07822922067537771,0.5138888888888888,72,0.06944444444444445,144,0.08179012345679013,1.0,1.0,0.3333333333333333,0.1111111111111111,0.1111111111111111,96,0.0,13.88888888888889
43,steady_m1,regime_conditional,0.2,observed,warehouse,stable,2160,72,8,65,64,2023,0.1095890410958904,0.1111111111111111,0.1103448275862069,0.031130268199233715,0.07822922067537771,0.5138888888888888,72,0.06944444444444445,144,0.08179012345679013,1.0,1.0,0.3333333333333333,0.1111111111111111,0.1111111111111111,96,0.0,13.88888888888889
43,steady_m1,regime_conditional,0.2,observed,transit_smooth,all,2160,72,16,25,56,2063,0.3902439024390244,0.2222222222222222,0.2831858407079646,0.011973180076628353,0.18976520284669615,0.6111111111111112,72,0.027777777777777776,144,0.032407407407407406,1.0,1.0,0.3333333333333333,0.2222222222222222,0.19444444444444445,90,0.044444444444444446,7.662835249042145
43,steady_m1,regime_conditional,0.2,observed,transit_smooth,stable,2160,72,16,25,56,2063,0.3902439024390244,0.2222222222222222,0.2831858407079646,0.011973180076628353,0.18976520284669615,0.6111111111111112,72,0.027777777777777776,144,0.032407407407407406,1.0,1.0,0.3333333333333333,0.2222222222222222,0.19444444444444445,90,0.044444444444444446,7.662835249042145
43,steady_m1,regime_conditional,0.2,observed,transit_rough,all,2160,72,28,46,44,2042,0.3783783783783784,0.3888888888888889,0.3835616438356164,0.022030651340996167,0.25973652112611056,0.7638888888888888,72,0.006944444444444444,144,0.06944444444444445,1.0,1.0,0.3333333333333333,0.3888888888888889,0.3888888888888889,96,0.0625,8.14176245210728
43,steady_m1,regime_conditional,0.2,observed,transit_rough,stable,2160,72,28,46,44,2042,0.3783783783783784,0.3888888888888889,0.3835616438356164,0.022030651340996167,0.25973652112611056,0.7638888888888888,72,0.006944444444444444,144,0.06944444444444445,1.0,1.0,0.3333333333333333,0.3888888888888889,0.3888888888888889,96,0.0625,8.14176245210728
43,steady_m2_r10_k1,regime_marginal,1.0,clean,all,all,6480,0,0,111,0,6369,0.0,,0.0,0.01712962962962963,,,0,,0,0.04814814814814815,1.0,1.0,,,,282,0.0035460992907801418,16.203703703703702
43,steady_m2_r10_k1,regime_marginal,1.0,clean,all,stable,6480,0,0,111,0,6369,0.0,,0.0,0.01712962962962963,,,0,,0,0.04814814814814815,1.0,1.0,,,,282,0.0035460992907801418,16.203703703703702
43,steady_m2_r10_k1,regime_marginal,1.0,clean,warehouse,all,2160,0,0,50,0,2110,0.0,,0.0,0.023148148148148147,,,0,,0,0.06388888888888888,1.0,1.0,,,,96,0.010416666666666666,22.22222222222222
43,steady_m2_r10_k1,regime_marginal,1.0,clean,warehouse,stable,2160,0,0,50,0,2110,0.0,,0.0,0.023148148148148147,,,0,,0,0.06388888888888888,1.0,1.0,,,,96,0.010416666666666666,22.22222222222222
43,steady_m2_r10_k1,regime_marginal,1.0,clean,transit_smooth,all,2160,0,0,27,0,2133,0.0,,0.0,0.0125,,,0,,0,0.0375,1.0,1.0,,,,90,0.0,12.037037037037036
43,steady_m2_r10_k1,regime_marginal,1.0,clean,transit_smooth,stable,2160,0,0,27,0,2133,0.0,,0.0,0.0125,,,0,,0,0.0375,1.0,1.0,,,,90,0.0,12.037037037037036
43,steady_m2_r10_k1,regime_marginal,1.0,clean,transit_rough,all,2160,0,0,34,0,2126,0.0,,0.0,0.01574074074074074,,,0,,0,0.043055555555555555,1.0,1.0,,,,96,0.0,14.351851851851851
43,steady_m2_r10_k1,regime_marginal,1.0,clean,transit_rough,stable,2160,0,0,34,0,2126,0.0,,0.0,0.01574074074074074,,,0,,0,0.043055555555555555,1.0,1.0,,,,96,0.0,14.351851851851851
43,steady_m2_r10_k1,regime_marginal,1.0,observed,all,all,6480,216,55,106,161,6158,0.3416149068322981,0.25462962962962965,0.2917771883289125,0.016922094508301407,0.2543496928967358,0.7314814814814815,216,0.013888888888888888,432,0.04835390946502058,1.0,1.0,0.3333333333333333,0.25462962962962965,0.25,282,0.0035460992907801418,15.964240102171138
43,steady_m2_r10_k1,regime_marginal,1.0,observed,all,stable,6480,216,55,106,161,6158,0.3416149068322981,0.25462962962962965,0.2917771883289125,0.016922094508301407,0.2543496928967358,0.7314814814814815,216,0.013888888888888888,432,0.04835390946502058,1.0,1.0,0.3333333333333333,0.25462962962962965,0.25,282,0.0035460992907801418,15.964240102171138
43,steady_m2_r10_k1,regime_marginal,1.0,observed,warehouse,all,2160,72,10,47,62,2041,0.17543859649122806,0.1388888888888889,0.15503875968992248,0.022509578544061302,0.13074095529102525,0.5972222222222222,72,0.041666666666666664,144,0.05864197530864197,1.0,1.0,0.3333333333333333,0.1388888888888889,0.125,96,0.010416666666666666,21.551724137931036
43,steady_m2_r10_k1,regime_marginal,1.0,observed,warehouse,stable,2160,72,10,47,62,2041,0.17543859649122806,0.1388888888888889,0.15503875968992248,0.022509578544061302,0.13074095529102525,0.5972222222222222,72,0.041666666666666664,144,0.05864197530864197,1.0,1.0,0.3333333333333333,0.1388888888888889,0.125,96,0.010416666666666666,21.551724137931036
43,steady_m2_r10_k1,regime_marginal,1.0,observed,transit_smooth,all,2160,72,21,26,51,2062,0.44680851063829785,0.2916666666666667,0.35294117647058826,0.012452107279693486,0.3545789702990647,0.8194444444444444,72,0.0,144,0.040123456790123455,1.0,1.0,0.3333333333333333,0.2916666666666667,0.2916666666666667,90,0.0,11.973180076628353
43,steady_m2_r10_k1,regime_marginal,1.0,observed,transit_smooth,stable,2160,72,21,26,51,2062,0.44680851063829785,0.2916666666666667,0.35294117647058826,0.012452107279693486,0.3545789702990647,0.8194444444444444,72,0.0,144,0.040123456790123455,1.0,1.0,0.3333333333333333,0.2916666666666667,0.2916666666666667,90,0.0,11.973180076628353
43,steady_m2_r10_k1,regime_marginal,1.0,observed,transit_rough,all,2160,72,24,33,48,2055,0.42105263157894735,0.3333333333333333,0.37209302325581395,0.015804597701149427,0.34284944339522405,0.7777777777777778,72,0.0,144,0.046296296296296294,1.0,1.0,0.3333333333333333,0.3333333333333333,0.3333333333333333,96,0.0,14.367816091954023
43,steady_m2_r10_k1,regime_marginal,1.0,observed,transit_rough,stable,2160,72,24,33,48,2055,0.42105263157894735,0.3333333333333333,0.37209302325581395,0.015804597701149427,0.34284944339522405,0.7777777777777778,72,0.0,144,0.046296296296296294,1.0,1.0,0.3333333333333333,0.3333333333333333,0.3333333333333333,96,0.0,14.367816091954023
43,steady_m2_r10_k1,regime_marginal,0.2,clean,all,all,6480,0,0,217,0,6263,0.0,,0.0,0.03348765432098765,,,0,,0,0.06111111111111111,1.0,1.0,,,,282,0.010638297872340425,8.641975308641975
43,steady_m2_r10_k1,regime_marginal,0.2,clean,all,stable,6480,0,0,217,0,6263,0.0,,0.0,0.03348765432098765,,,0,,0,0.06111111111111111,1.0,1.0,,,,282,0.010638297872340425,8.641975308641975
43,steady_m2_r10_k1,regime_marginal,0.2,clean,warehouse,all,2160,0,0,138,0,2022,0.0,,0.0,0.06388888888888888,,,0,,0,0.11944444444444445,1.0,1.0,,,,96,0.03125,18.51851851851852
43,steady_m2_r10_k1,regime_marginal,0.2,clean,warehouse,stable,2160,0,0,138,0,2022,0.0,,0.0,0.06388888888888888,,,0,,0,0.11944444444444445,1.0,1.0,,,,96,0.03125,18.51851851851852
43,steady_m2_r10_k1,regime_marginal,0.2,clean,transit_smooth,all,2160,0,0,7,0,2153,0.0,,0.0,0.0032407407407407406,,,0,,0,0.009722222222222222,1.0,1.0,,,,90,0.0,0.9259259259259259
43,steady_m2_r10_k1,regime_marginal,0.2,clean,transit_smooth,stable,2160,0,0,7,0,2153,0.0,,0.0,0.0032407407407407406,,,0,,0,0.009722222222222222,1.0,1.0,,,,90,0.0,0.9259259259259259
43,steady_m2_r10_k1,regime_marginal,0.2,clean,transit_rough,all,2160,0,0,72,0,2088,0.0,,0.0,0.03333333333333333,,,0,,0,0.05416666666666667,1.0,1.0,,,,96,0.0,6.481481481481482
43,steady_m2_r10_k1,regime_marginal,0.2,clean,transit_rough,stable,2160,0,0,72,0,2088,0.0,,0.0,0.03333333333333333,,,0,,0,0.05416666666666667,1.0,1.0,,,,96,0.0,6.481481481481482
43,steady_m2_r10_k1,regime_marginal,0.2,observed,all,all,6480,216,84,221,132,6043,0.2754098360655738,0.3888888888888889,0.32245681381957775,0.035280970625798214,0.2815260367401372,0.7870370370370371,216,0.027777777777777776,432,0.0668724279835391,1.0,1.0,0.3333333333333333,0.3888888888888889,0.3888888888888889,282,0.04609929078014184,8.780332056194124
43,steady_m2_r10_k1,regime_marginal,0.2,observed,all,stable,6480,216,84,221,132,6043,0.2754098360655738,0.3888888888888889,0.32245681381957775,0.035280970625798214,0.2815260367401372,0.7870370370370371,216,0.027777777777777776,432,0.0668724279835391,1.0,1.0,0.3333333333333333,0.3888888888888889,0.3888888888888889,282,0.04609929078014184,8.780332056194124
43,steady_m2_r10_k1,regime_marginal,0.2,observed,warehouse,all,2160,72,13,129,59,1959,0.09154929577464789,0.18055555555555555,0.12149532710280374,0.0617816091954023,0.1277010345787763,0.6527777777777778,72,0.06944444444444445,144,0.11265432098765432,1.0,1.0,0.3333333333333333,0.18055555555555555,0.18055555555555555,96,0.0,18.67816091954023
43,steady_m2_r10_k1,regime_marginal,0.2,observed,warehouse,stable,2160,72,13,129,59,1959,0.09154929577464789,0.18055555555555555,0.12149532710280374,0.0617816091954023,0.1277010345787763,0.6527777777777778,72,0.06944444444444445,144,0.11265432098765432,1.0,1.0,0.3333333333333333,0.18055555555555555,0.18055555555555555,96,0.0,18.67816091954023
43,steady_m2_r10_k1,regime_marginal,0.2,observed,transit_smooth,all,2160,72,29,14,43,2074,0.6744186046511628,0.4027777777777778,0.5043478260869565,0.006704980842911878,0.48967638665798563,0.7916666666666666,72,0.0,144,0.021604938271604937,1.0,1.0,0.3333333333333333,0.4027777777777778,0.4027777777777778,90,0.07777777777777778,0.9578544061302682
43,steady_m2_r10_k1,regime_marginal,0.2,observed,transit_smooth,stable,2160,72,29,14,43,2074,0.6744186046511628,0.4027777777777778,0.5043478260869565,0.006704980842911878,0.48967638665798563,0.7916666666666666,72,0.0,144,0.021604938271604937,1.0,1.0,0.3333333333333333,0.4027777777777778,0.4027777777777778,90,0.07777777777777778,0.9578544061302682
43,steady_m2_r10_k1,regime_marginal,0.2,observed,transit_rough,all,2160,72,42,78,30,2010,0.35,0.5833333333333334,0.4375,0.03735632183908046,0.4157647274790077,0.9166666666666666,72,0.013888888888888888,144,0.06635802469135803,1.0,1.0,0.3333333333333333,0.5833333333333334,0.5833333333333334,96,0.0625,6.704980842911877
43,steady_m2_r10_k1,regime_marginal,0.2,observed,transit_rough,stable,2160,72,42,78,30,2010,0.35,0.5833333333333334,0.4375,0.03735632183908046,0.4157647274790077,0.9166666666666666,72,0.013888888888888888,144,0.06635802469135803,1.0,1.0,0.3333333333333333,0.5833333333333334,0.5833333333333334,96,0.0625,6.704980842911877
43,steady_m2_r10_k1,regime_conditional,1.0,clean,all,all,6480,0,0,73,0,6407,0.0,,0.0,0.011265432098765432,,,0,,0,0.03287037037037037,1.0,1.0,,,,282,0.0070921985815602835,11.265432098765432
43,steady_m2_r10_k1,regime_conditional,1.0,clean,all,stable,6480,0,0,73,0,6407,0.0,,0.0,0.011265432098765432,,,0,,0,0.03287037037037037,1.0,1.0,,,,282,0.0070921985815602835,11.265432098765432
43,steady_m2_r10_k1,regime_conditional,1.0,clean,warehouse,all,2160,0,0,24,0,2136,0.0,,0.0,0.011111111111111112,,,0,,0,0.03333333333333333,1.0,1.0,,,,96,0.020833333333333332,11.11111111111111
43,steady_m2_r10_k1,regime_conditional,1.0,clean,warehouse,stable,2160,0,0,24,0,2136,0.0,,0.0,0.011111111111111112,,,0,,0,0.03333333333333333,1.0,1.0,,,,96,0.020833333333333332,11.11111111111111
43,steady_m2_r10_k1,regime_conditional,1.0,clean,transit_smooth,all,2160,0,0,26,0,2134,0.0,,0.0,0.012037037037037037,,,0,,0,0.034722222222222224,1.0,1.0,,,,90,0.0,12.037037037037036
43,steady_m2_r10_k1,regime_conditional,1.0,clean,transit_smooth,stable,2160,0,0,26,0,2134,0.0,,0.0,0.012037037037037037,,,0,,0,0.034722222222222224,1.0,1.0,,,,90,0.0,12.037037037037036
43,steady_m2_r10_k1,regime_conditional,1.0,clean,transit_rough,all,2160,0,0,23,0,2137,0.0,,0.0,0.010648148148148148,,,0,,0,0.030555555555555555,1.0,1.0,,,,96,0.0,10.648148148148149
43,steady_m2_r10_k1,regime_conditional,1.0,clean,transit_rough,stable,2160,0,0,23,0,2137,0.0,,0.0,0.010648148148148148,,,0,,0,0.030555555555555555,1.0,1.0,,,,96,0.0,10.648148148148149
43,steady_m2_r10_k1,regime_conditional,1.0,observed,all,all,6480,216,78,88,138,6176,0.46987951807228917,0.3611111111111111,0.4083769633507853,0.0140485312899106,0.415462164049594,0.7824074074074074,216,0.04861111111111111,432,0.03343621399176955,1.0,1.0,0.3333333333333333,0.3611111111111111,0.2824074074074074,282,0.0070921985815602835,13.88888888888889
43,steady_m2_r10_k1,regime_conditional,1.0,observed,all,stable,6480,216,78,88,138,6176,0.46987951807228917,0.3611111111111111,0.4083769633507853,0.0140485312899106,0.415462164049594,0.7824074074074074,216,0.04861111111111111,432,0.03343621399176955,1.0,1.0,0.3333333333333333,0.3611111111111111,0.2824074074074074,282,0.0070921985815602835,13.88888888888889
43,steady_m2_r10_k1,regime_conditional,1.0,observed,warehouse,all,2160,72,21,30,51,2058,0.4117647058823529,0.2916666666666667,0.34146341463414637,0.014367816091954023,0.3348159905432103,0.7083333333333334,72,0.06944444444444445,144,0.030864197530864196,1.0,1.0,0.3333333333333333,0.2916666666666667,0.18055555555555555,96,0.020833333333333332,13.88888888888889
43,steady_m2_r10_k1,regime_conditional,1.0,observed,warehouse,stable,2160,72,21,30,51,2058,0.4117647058823529,0.2916666666666667,0.34146341463414637,0.014367816091954023,0.3348159905432103,0.7083333333333334,72,0.06944444444444445,144,0.030864197530864196,1.0,1.0,0.3333333333333333,0.2916666666666667,0.18055555555555555,96,0.020833333333333332,13.88888888888889
43,steady_m2_r10_k1,regime_conditional,1.0,observed,transit_smooth,all,2160,72,31,31,41,2057,0.5,0.4305555555555556,0.4626865671641791,0.014846743295019157,0.4603739907341993,0.8333333333333334,72,0.04861111111111111,144,0.035493827160493825,1.0,1.0,0.3333333333333333,0.4305555555555556,0.3333333333333333,90,0.0,14.846743295019158
43,steady_m2_r10_k1,regime_conditional,1.0,observed,transit_smooth,stable,2160,72,31,31,41,2057,0.5,0.4305555555555556,0.4626865671641791,0.014846743295019157,0.4603739907341993,0.8333333333333334,72,0.04861111111111111,144,0.035493827160493825,1.0,1.0,0.3333333333333333,0.4305555555555556,0.3333333333333333,90,0.0,14.846743295019158
43,steady_m2_r10_k1,regime_conditional,1.0,observed,transit_rough,all,2160,72,26,27,46,2061,0.49056603773584906,0.3611111111111111,0.416,0.01293103448275862,0.46138508236842424,0.8055555555555556,72,0.027777777777777776,144,0.033950617283950615,1.0,1.0,0.3333333333333333,0.3611111111111111,0.3333333333333333,96,0.0,12.931034482758621
43,steady_m2_r10_k1,regime_conditional,1.0,observed,transit_rough,stable,2160,72,26,27,46,2061,0.49056603773584906,0.3611111111111111,0.416,0.01293103448275862,0.46138508236842424,0.8055555555555556,72,0.027777777777777776,144,0.033950617283950615,1.0,1.0,0.3333333333333333,0.3611111111111111,0.3333333333333333,96,0.0,12.931034482758621
43,steady_m2_r10_k1,regime_conditional,0.2,clean,all,all,6480,0,0,118,0,6362,0.0,,0.0,0.018209876543209876,,,0,,0,0.05324074074074074,1.0,1.0,,,,282,0.0035460992907801418,8.641975308641975
43,steady_m2_r10_k1,regime_conditional,0.2,clean,all,stable,6480,0,0,118,0,6362,0.0,,0.0,0.018209876543209876,,,0,,0,0.05324074074074074,1.0,1.0,,,,282,0.0035460992907801418,8.641975308641975
43,steady_m2_r10_k1,regime_conditional,0.2,clean,warehouse,all,2160,0,0,61,0,2099,0.0,,0.0,0.02824074074074074,,,0,,0,0.08055555555555556,1.0,1.0,,,,96,0.010416666666666666,12.962962962962964
43,steady_m2_r10_k1,regime_conditional,0.2,clean,warehouse,stable,2160,0,0,61,0,2099,0.0,,0.0,0.02824074074074074,,,0,,0,0.08055555555555556,1.0,1.0,,,,96,0.010416666666666666,12.962962962962964
43,steady_m2_r10_k1,regime_conditional,0.2,clean,transit_smooth,all,2160,0,0,18,0,2142,0.0,,0.0,0.008333333333333333,,,0,,0,0.025,1.0,1.0,,,,90,0.0,5.555555555555555
43,steady_m2_r10_k1,regime_conditional,0.2,clean,transit_smooth,stable,2160,0,0,18,0,2142,0.0,,0.0,0.008333333333333333,,,0,,0,0.025,1.0,1.0,,,,90,0.0,5.555555555555555
43,steady_m2_r10_k1,regime_conditional,0.2,clean,transit_rough,all,2160,0,0,39,0,2121,0.0,,0.0,0.018055555555555554,,,0,,0,0.05416666666666667,1.0,1.0,,,,96,0.0,7.407407407407407
43,steady_m2_r10_k1,regime_conditional,0.2,clean,transit_rough,stable,2160,0,0,39,0,2121,0.0,,0.0,0.018055555555555554,,,0,,0,0.05416666666666667,1.0,1.0,,,,96,0.0,7.407407407407407
43,steady_m2_r10_k1,regime_conditional,0.2,observed,all,all,6480,216,166,253,50,6011,0.39618138424821003,0.7685185185185185,0.5228346456692914,0.040389527458492974,0.648742116218076,0.8472222222222222,216,0.16203703703703703,432,0.08487654320987655,1.0,1.0,0.3333333333333333,0.7685185185185185,0.4861111111111111,282,0.22340425531914893,12.292464878671776
43,steady_m2_r10_k1,regime_conditional,0.2,observed,all,stable,6480,216,166,253,50,6011,0.39618138424821003,0.7685185185185185,0.5228346456692914,0.040389527458492974,0.648742116218076,0.8472222222222222,216,0.16203703703703703,432,0.08487654320987655,1.0,1.0,0.3333333333333333,0.7685185185185185,0.4861111111111111,282,0.22340425531914893,12.292464878671776
43,steady_m2_r10_k1,regime_conditional,0.2,observed,warehouse,all,2160,72,58,105,14,1983,0.3558282208588957,0.8055555555555556,0.49361702127659574,0.05028735632183908,0.6269931946740278,0.8472222222222222,72,0.19444444444444445,144,0.10339506172839506,1.0,1.0,0.3333333333333333,0.8055555555555556,0.4583333333333333,96,0.16666666666666666,18.199233716475096
43,steady_m2_r10_k1,regime_conditional,0.2,observed,warehouse,stable,2160,72,58,105,14,1983,0.3558282208588957,0.8055555555555556,0.49361702127659574,0.05028735632183908,0.6269931946740278,0.8472222222222222,72,0.19444444444444445,144,0.10339506172839506,1.0,1.0,0.3333333333333333,0.8055555555555556,0.4583333333333333,96,0.16666666666666666,18.199233716475096
43,steady_m2_r10_k1,regime_conditional,0.2,observed,transit_smooth,all,2160,72,50,61,22,2027,0.45045045045045046,0.6944444444444444,0.546448087431694,0.02921455938697318,0.6058326825707399,0.7777777777777778,72,0.1388888888888889,144,0.06018518518518518,1.0,1.0,0.3333333333333333,0.6944444444444444,0.4722222222222222,90,0.24444444444444444,8.620689655172415
43,steady_m2_r10_k1,regime_conditional,0.2,observed,transit_smooth,stable,2160,72,50,61,22,2027,0.45045045045045046,0.6944444444444444,0.546448087431694,0.02921455938697318,0.6058326825707399,0.7777777777777778,72,0.1388888888888889,144,0.06018518518518518,1.0,1.0,0.3333333333333333,0.6944444444444444,0.4722222222222222,90,0.24444444444444444,8.620689655172415
43,steady_m2_r10_k1,regime_conditional,0.2,observed,transit_rough,all,2160,72,58,87,14,2001,0.4,0.8055555555555556,0.5345622119815668,0.041666666666666664,0.7338348469821028,0.9166666666666666,72,0.1527777777777778,144,0.09104938271604938,1.0,1.0,0.3333333333333333,0.8055555555555556,0.5277777777777778,96,0.2604166666666667,10.057471264367816
43,steady_m2_r10_k1,regime_conditional,0.2,observed,transit_rough,stable,2160,72,58,87,14,2001,0.4,0.8055555555555556,0.5345622119815668,0.041666666666666664,0.7338348469821028,0.9166666666666666,72,0.1527777777777778,144,0.09104938271604938,1.0,1.0,0.3333333333333333,0.8055555555555556,0.5277777777777778,96,0.2604166666666667,10.057471264367816
43,steady_m4,regime_marginal,1.0,clean,all,all,6480,0,0,111,0,6369,0.0,,0.0,0.01712962962962963,,,0,,0,0.04814814814814815,1.0,1.0,,,,282,0.0035460992907801418,16.203703703703702
43,steady_m4,regime_marginal,1.0,clean,all,stable,6480,0,0,111,0,6369,0.0,,0.0,0.01712962962962963,,,0,,0,0.04814814814814815,1.0,1.0,,,,282,0.0035460992907801418,16.203703703703702
43,steady_m4,regime_marginal,1.0,clean,warehouse,all,2160,0,0,50,0,2110,0.0,,0.0,0.023148148148148147,,,0,,0,0.06388888888888888,1.0,1.0,,,,96,0.010416666666666666,22.22222222222222
43,steady_m4,regime_marginal,1.0,clean,warehouse,stable,2160,0,0,50,0,2110,0.0,,0.0,0.023148148148148147,,,0,,0,0.06388888888888888,1.0,1.0,,,,96,0.010416666666666666,22.22222222222222
43,steady_m4,regime_marginal,1.0,clean,transit_smooth,all,2160,0,0,27,0,2133,0.0,,0.0,0.0125,,,0,,0,0.0375,1.0,1.0,,,,90,0.0,12.037037037037036
43,steady_m4,regime_marginal,1.0,clean,transit_smooth,stable,2160,0,0,27,0,2133,0.0,,0.0,0.0125,,,0,,0,0.0375,1.0,1.0,,,,90,0.0,12.037037037037036
43,steady_m4,regime_marginal,1.0,clean,transit_rough,all,2160,0,0,34,0,2126,0.0,,0.0,0.01574074074074074,,,0,,0,0.043055555555555555,1.0,1.0,,,,96,0.0,14.351851851851851
43,steady_m4,regime_marginal,1.0,clean,transit_rough,stable,2160,0,0,34,0,2126,0.0,,0.0,0.01574074074074074,,,0,,0,0.043055555555555555,1.0,1.0,,,,96,0.0,14.351851851851851
43,steady_m4,regime_marginal,1.0,observed,all,all,6480,216,197,106,19,6158,0.6501650165016502,0.9120370370370371,0.7591522157996147,0.016922094508301407,0.9161877655648523,0.9722222222222222,216,0.013888888888888888,432,0.04835390946502058,1.0,1.0,0.3333333333333333,0.9120370370370371,0.8935185185185185,282,0.0035460992907801418,15.964240102171138
43,steady_m4,regime_marginal,1.0,observed,all,stable,6480,216,197,106,19,6158,0.6501650165016502,0.9120370370370371,0.7591522157996147,0.016922094508301407,0.9161877655648523,0.9722222222222222,216,0.013888888888888888,432,0.04835390946502058,1.0,1.0,0.3333333333333333,0.9120370370370371,0.8935185185185185,282,0.0035460992907801418,15.964240102171138
43,steady_m4,regime_marginal,1.0,observed,warehouse,all,2160,72,61,47,11,2041,0.5648148148148148,0.8472222222222222,0.6777777777777778,0.022509578544061302,0.838297465352377,0.9305555555555556,72,0.041666666666666664,144,0.05864197530864197,1.0,1.0,0.3333333333333333,0.8472222222222222,0.7916666666666666,96,0.010416666666666666,21.551724137931036
43,steady_m4,regime_marginal,1.0,observed,warehouse,stable,2160,72,61,47,11,2041,0.5648148148148148,0.8472222222222222,0.6777777777777778,0.022509578544061302,0.838297465352377,0.9305555555555556,72,0.041666666666666664,144,0.05864197530864197,1.0,1.0,0.3333333333333333,0.8472222222222222,0.7916666666666666,96,0.010416666666666666,21.551724137931036
43,steady_m4,regime_marginal,1.0,observed,transit_smooth,all,2160,72,70,26,2,2062,0.7291666666666666,0.9722222222222222,0.8333333333333334,0.012452107279693486,0.9612493307228969,1.0,72,0.0,144,0.040123456790123455,1.0,1.0,0.3333333333333333,0.9722222222222222,0.9722222222222222,90,0.0,11.973180076628353
43,steady_m4,regime_marginal,1.0,observed,transit_smooth,stable,2160,72,70,26,2,2062,0.7291666666666666,0.9722222222222222,0.8333333333333334,0.012452107279693486,0.9612493307228969,1.0,72,0.0,144,0.040123456790123455,1.0,1.0,0.3333333333333333,0.9722222222222222,0.9722222222222222,90,0.0,11.973180076628353
43,steady_m4,regime_marginal,1.0,observed,transit_rough,all,2160,72,66,33,6,2055,0.6666666666666666,0.9166666666666666,0.7719298245614035,0.015804597701149427,0.9365503453987811,0.9861111111111112,72,0.0,144,0.046296296296296294,1.0,1.0,0.3333333333333333,0.9166666666666666,0.9166666666666666,96,0.0,14.367816091954023
43,steady_m4,regime_marginal,1.0,observed,transit_rough,stable,2160,72,66,33,6,2055,0.6666666666666666,0.9166666666666666,0.7719298245614035,0.015804597701149427,0.9365503453987811,0.9861111111111112,72,0.0,144,0.046296296296296294,1.0,1.0,0.3333333333333333,0.9166666666666666,0.9166666666666666,96,0.0,14.367816091954023
43,steady_m4,regime_marginal,0.2,clean,all,all,6480,0,0,217,0,6263,0.0,,0.0,0.03348765432098765,,,0,,0,0.06111111111111111,1.0,1.0,,,,282,0.010638297872340425,8.641975308641975
43,steady_m4,regime_marginal,0.2,clean,all,stable,6480,0,0,217,0,6263,0.0,,0.0,0.03348765432098765,,,0,,0,0.06111111111111111,1.0,1.0,,,,282,0.010638297872340425,8.641975308641975
43,steady_m4,regime_marginal,0.2,clean,warehouse,all,2160,0,0,138,0,2022,0.0,,0.0,0.06388888888888888,,,0,,0,0.11944444444444445,1.0,1.0,,,,96,0.03125,18.51851851851852
43,steady_m4,regime_marginal,0.2,clean,warehouse,stable,2160,0,0,138,0,2022,0.0,,0.0,0.06388888888888888,,,0,,0,0.11944444444444445,1.0,1.0,,,,96,0.03125,18.51851851851852
43,steady_m4,regime_marginal,0.2,clean,transit_smooth,all,2160,0,0,7,0,2153,0.0,,0.0,0.0032407407407407406,,,0,,0,0.009722222222222222,1.0,1.0,,,,90,0.0,0.9259259259259259
43,steady_m4,regime_marginal,0.2,clean,transit_smooth,stable,2160,0,0,7,0,2153,0.0,,0.0,0.0032407407407407406,,,0,,0,0.009722222222222222,1.0,1.0,,,,90,0.0,0.9259259259259259
43,steady_m4,regime_marginal,0.2,clean,transit_rough,all,2160,0,0,72,0,2088,0.0,,0.0,0.03333333333333333,,,0,,0,0.05416666666666667,1.0,1.0,,,,96,0.0,6.481481481481482
43,steady_m4,regime_marginal,0.2,clean,transit_rough,stable,2160,0,0,72,0,2088,0.0,,0.0,0.03333333333333333,,,0,,0,0.05416666666666667,1.0,1.0,,,,96,0.0,6.481481481481482
43,steady_m4,regime_marginal,0.2,observed,all,all,6480,216,183,285,33,5979,0.391025641025641,0.8472222222222222,0.5350877192982456,0.04549808429118774,0.769022379656464,0.9537037037037037,216,0.03009259259259259,432,0.09876543209876543,1.0,1.0,0.3333333333333333,0.8472222222222222,0.7962962962962963,282,0.2907801418439716,8.780332056194124
43,steady_m4,regime_marginal,0.2,observed,all,stable,6480,216,183,285,33,5979,0.391025641025641,0.8472222222222222,0.5350877192982456,0.04549808429118774,0.769022379656464,0.9537037037037037,216,0.03009259259259259,432,0.09876543209876543,1.0,1.0,0.3333333333333333,0.8472222222222222,0.7962962962962963,282,0.2907801418439716,8.780332056194124
43,steady_m4,regime_marginal,0.2,observed,warehouse,all,2160,72,63,147,9,1941,0.3,0.875,0.44680851063829785,0.07040229885057471,0.7751878032507473,0.9583333333333334,72,0.06944444444444445,144,0.1388888888888889,1.0,1.0,0.3333333333333333,0.875,0.7361111111111112,96,0.22916666666666666,18.199233716475096
43,steady_m4,regime_marginal,0.2,observed,warehouse,stable,2160,72,63,147,9,1941,0.3,0.875,0.44680851063829785,0.07040229885057471,0.7751878032507473,0.9583333333333334,72,0.06944444444444445,144,0.1388888888888889,1.0,1.0,0.3333333333333333,0.875,0.7361111111111112,96,0.22916666666666666,18.199233716475096
43,steady_m4,regime_marginal,0.2,observed,transit_smooth,all,2160,72,58,39,14,2049,0.5979381443298969,0.8055555555555556,0.6863905325443787,0.01867816091954023,0.7554146321971588,0.9444444444444444,72,0.0,144,0.06018518518518518,1.0,1.0,0.3333333333333333,0.8055555555555556,0.8055555555555556,90,0.35555555555555557,0.9578544061302682
43,steady_m4,regime_marginal,0.2,observed,transit_smooth,stable,2160,72,58,39,14,2049,0.5979381443298969,0.8055555555555556,0.6863905325443787,0.01867816091954023,0.7554146321971588,0.9444444444444444,72,0.0,144,0.06018518518518518,1.0,1.0,0.3333333333333333,0.8055555555555556,0.8055555555555556,90,0.35555555555555557,0.9578544061302682
43,steady_m4,regime_marginal,0.2,observed,transit_rough,all,2160,72,62,99,10,1989,0.38509316770186336,0.8611111111111112,0.5321888412017167,0.04741379310344827,0.8072837983490078,0.9583333333333334,72,0.020833333333333332,144,0.09722222222222222,1.0,1.0,0.3333333333333333,0.8611111111111112,0.8472222222222222,96,0.2916666666666667,7.183908045977011
43,steady_m4,regime_marginal,0.2,observed,transit_rough,stable,2160,72,62,99,10,1989,0.38509316770186336,0.8611111111111112,0.5321888412017167,0.04741379310344827,0.8072837983490078,0.9583333333333334,72,0.020833333333333332,144,0.09722222222222222,1.0,1.0,0.3333333333333333,0.8611111111111112,0.8472222222222222,96,0.2916666666666667,7.183908045977011
43,steady_m4,regime_conditional,1.0,clean,all,all,6480,0,0,73,0,6407,0.0,,0.0,0.011265432098765432,,,0,,0,0.03287037037037037,1.0,1.0,,,,282,0.0070921985815602835,11.265432098765432
43,steady_m4,regime_conditional,1.0,clean,all,stable,6480,0,0,73,0,6407,0.0,,0.0,0.011265432098765432,,,0,,0,0.03287037037037037,1.0,1.0,,,,282,0.0070921985815602835,11.265432098765432
43,steady_m4,regime_conditional,1.0,clean,warehouse,all,2160,0,0,24,0,2136,0.0,,0.0,0.011111111111111112,,,0,,0,0.03333333333333333,1.0,1.0,,,,96,0.020833333333333332,11.11111111111111
43,steady_m4,regime_conditional,1.0,clean,warehouse,stable,2160,0,0,24,0,2136,0.0,,0.0,0.011111111111111112,,,0,,0,0.03333333333333333,1.0,1.0,,,,96,0.020833333333333332,11.11111111111111
43,steady_m4,regime_conditional,1.0,clean,transit_smooth,all,2160,0,0,26,0,2134,0.0,,0.0,0.012037037037037037,,,0,,0,0.034722222222222224,1.0,1.0,,,,90,0.0,12.037037037037036
43,steady_m4,regime_conditional,1.0,clean,transit_smooth,stable,2160,0,0,26,0,2134,0.0,,0.0,0.012037037037037037,,,0,,0,0.034722222222222224,1.0,1.0,,,,90,0.0,12.037037037037036
43,steady_m4,regime_conditional,1.0,clean,transit_rough,all,2160,0,0,23,0,2137,0.0,,0.0,0.010648148148148148,,,0,,0,0.030555555555555555,1.0,1.0,,,,96,0.0,10.648148148148149
43,steady_m4,regime_conditional,1.0,clean,transit_rough,stable,2160,0,0,23,0,2137,0.0,,0.0,0.010648148148148148,,,0,,0,0.030555555555555555,1.0,1.0,,,,96,0.0,10.648148148148149
43,steady_m4,regime_conditional,1.0,observed,all,all,6480,216,212,140,4,6124,0.6022727272727273,0.9814814814814815,0.7464788732394366,0.02234993614303959,0.9555690321561215,0.9814814814814815,216,0.16898148148148148,432,0.03343621399176955,1.0,1.0,0.3333333333333333,0.9814814814814815,0.6666666666666666,282,0.0070921985815602835,19.476372924648786
43,steady_m4,regime_conditional,1.0,observed,all,stable,6480,216,212,140,4,6124,0.6022727272727273,0.9814814814814815,0.7464788732394366,0.02234993614303959,0.9555690321561215,0.9814814814814815,216,0.16898148148148148,432,0.03343621399176955,1.0,1.0,0.3333333333333333,0.9814814814814815,0.6666666666666666,282,0.0070921985815602835,19.476372924648786
43,steady_m4,regime_conditional,1.0,observed,warehouse,all,2160,72,70,45,2,2043,0.6086956521739131,0.9722222222222222,0.7486631016042781,0.021551724137931036,0.9333634999524281,0.9722222222222222,72,0.1736111111111111,144,0.030864197530864196,1.0,1.0,0.3333333333333333,0.9722222222222222,0.6805555555555556,96,0.020833333333333332,17.720306513409962
43,steady_m4,regime_conditional,1.0,observed,warehouse,stable,2160,72,70,45,2,2043,0.6086956521739131,0.9722222222222222,0.7486631016042781,0.021551724137931036,0.9333634999524281,0.9722222222222222,72,0.1736111111111111,144,0.030864197530864196,1.0,1.0,0.3333333333333333,0.9722222222222222,0.6805555555555556,96,0.020833333333333332,17.720306513409962
43,steady_m4,regime_conditional,1.0,observed,transit_smooth,all,2160,72,71,47,1,2041,0.6016949152542372,0.9861111111111112,0.7473684210526316,0.022509578544061302,0.9724766831061123,1.0,72,0.1597222222222222,144,0.035493827160493825,1.0,1.0,0.3333333333333333,0.9861111111111112,0.6666666666666666,90,0.0,21.0727969348659
43,steady_m4,regime_conditional,1.0,observed,transit_smooth,stable,2160,72,71,47,1,2041,0.6016949152542372,0.9861111111111112,0.7473684210526316,0.022509578544061302,0.9724766831061123,1.0,72,0.1597222222222222,144,0.035493827160493825,1.0,1.0,0.3333333333333333,0.9861111111111112,0.6666666666666666,90,0.0,21.0727969348659
43,steady_m4,regime_conditional,1.0,observed,transit_rough,all,2160,72,71,48,1,2040,0.5966386554621849,0.9861111111111112,0.743455497382199,0.022988505747126436,0.961374243151024,0.9722222222222222,72,0.1736111111111111,144,0.033950617283950615,1.0,1.0,0.3333333333333333,0.9861111111111112,0.6527777777777778,96,0.0,19.6360153256705
43,steady_m4,regime_conditional,1.0,observed,transit_rough,stable,2160,72,71,48,1,2040,0.5966386554621849,0.9861111111111112,0.743455497382199,0.022988505747126436,0.961374243151024,0.9722222222222222,72,0.1736111111111111,144,0.033950617283950615,1.0,1.0,0.3333333333333333,0.9861111111111112,0.6527777777777778,96,0.0,19.6360153256705
43,steady_m4,regime_conditional,0.2,clean,all,all,6480,0,0,118,0,6362,0.0,,0.0,0.018209876543209876,,,0,,0,0.05324074074074074,1.0,1.0,,,,282,0.0035460992907801418,8.641975308641975
43,steady_m4,regime_conditional,0.2,clean,all,stable,6480,0,0,118,0,6362,0.0,,0.0,0.018209876543209876,,,0,,0,0.05324074074074074,1.0,1.0,,,,282,0.0035460992907801418,8.641975308641975
43,steady_m4,regime_conditional,0.2,clean,warehouse,all,2160,0,0,61,0,2099,0.0,,0.0,0.02824074074074074,,,0,,0,0.08055555555555556,1.0,1.0,,,,96,0.010416666666666666,12.962962962962964
43,steady_m4,regime_conditional,0.2,clean,warehouse,stable,2160,0,0,61,0,2099,0.0,,0.0,0.02824074074074074,,,0,,0,0.08055555555555556,1.0,1.0,,,,96,0.010416666666666666,12.962962962962964
43,steady_m4,regime_conditional,0.2,clean,transit_smooth,all,2160,0,0,18,0,2142,0.0,,0.0,0.008333333333333333,,,0,,0,0.025,1.0,1.0,,,,90,0.0,5.555555555555555
43,steady_m4,regime_conditional,0.2,clean,transit_smooth,stable,2160,0,0,18,0,2142,0.0,,0.0,0.008333333333333333,,,0,,0,0.025,1.0,1.0,,,,90,0.0,5.555555555555555
43,steady_m4,regime_conditional,0.2,clean,transit_rough,all,2160,0,0,39,0,2121,0.0,,0.0,0.018055555555555554,,,0,,0,0.05416666666666667,1.0,1.0,,,,96,0.0,7.407407407407407
43,steady_m4,regime_conditional,0.2,clean,transit_rough,stable,2160,0,0,39,0,2121,0.0,,0.0,0.018055555555555554,,,0,,0,0.05416666666666667,1.0,1.0,,,,96,0.0,7.407407407407407
43,steady_m4,regime_conditional,0.2,observed,all,all,6480,216,204,507,12,5757,0.2869198312236287,0.9444444444444444,0.4401294498381877,0.08093869731800767,0.7912502989982424,0.9537037037037037,216,0.43287037037037035,432,0.12654320987654322,1.0,1.0,0.3333333333333333,0.9444444444444444,0.28703703703703703,282,0.524822695035461,15.32567049808429
43,steady_m4,regime_conditional,0.2,observed,all,stable,6480,216,204,507,12,5757,0.2869198312236287,0.9444444444444444,0.4401294498381877,0.08093869731800767,0.7912502989982424,0.9537037037037037,216,0.43287037037037035,432,0.12654320987654322,1.0,1.0,0.3333333333333333,0.9444444444444444,0.28703703703703703,282,0.524822695035461,15.32567049808429
43,steady_m4,regime_conditional,0.2,observed,warehouse,all,2160,72,67,194,5,1894,0.2567049808429119,0.9305555555555556,0.4024024024024024,0.09291187739463602,0.8136419407524393,0.9722222222222222,72,0.4444444444444444,144,0.14969135802469136,1.0,1.0,0.3333333333333333,0.9305555555555556,0.2777777777777778,96,0.5,21.0727969348659
43,steady_m4,regime_conditional,0.2,observed,warehouse,stable,2160,72,67,194,5,1894,0.2567049808429119,0.9305555555555556,0.4024024024024024,0.09291187739463602,0.8136419407524393,0.9722222222222222,72,0.4444444444444444,144,0.14969135802469136,1.0,1.0,0.3333333333333333,0.9305555555555556,0.2777777777777778,96,0.5,21.0727969348659
43,steady_m4,regime_conditional,0.2,observed,transit_smooth,all,2160,72,67,134,5,1954,0.3333333333333333,0.9305555555555556,0.4908424908424908,0.06417624521072797,0.7473789730222484,0.9444444444444444,72,0.3611111111111111,144,0.10185185185185185,1.0,1.0,0.3333333333333333,0.9305555555555556,0.4027777777777778,90,0.5111111111111111,11.973180076628353
43,steady_m4,regime_conditional,0.2,observed,transit_smooth,stable,2160,72,67,134,5,1954,0.3333333333333333,0.9305555555555556,0.4908424908424908,0.06417624521072797,0.7473789730222484,0.9444444444444444,72,0.3611111111111111,144,0.10185185185185185,1.0,1.0,0.3333333333333333,0.9305555555555556,0.4027777777777778,90,0.5111111111111111,11.973180076628353
43,steady_m4,regime_conditional,0.2,observed,transit_rough,all,2160,72,70,179,2,1909,0.28112449799196787,0.9722222222222222,0.43613707165109034,0.085727969348659,0.825282781270654,0.9444444444444444,72,0.4930555555555556,144,0.12808641975308643,1.0,1.0,0.3333333333333333,0.9722222222222222,0.18055555555555555,96,0.5625,12.931034482758621
43,steady_m4,regime_conditional,0.2,observed,transit_rough,stable,2160,72,70,179,2,1909,0.28112449799196787,0.9722222222222222,0.43613707165109034,0.085727969348659,0.825282781270654,0.9444444444444444,72,0.4930555555555556,144,0.12808641975308643,1.0,1.0,0.3333333333333333,0.9722222222222222,0.18055555555555555,96,0.5625,12.931034482758621
43,steady_r02,regime_marginal,1.0,clean,all,all,6480,0,0,111,0,6369,0.0,,0.0,0.01712962962962963,,,0,,0,0.04814814814814815,1.0,1.0,,,,144,0.013888888888888888,16.203703703703702
43,steady_r02,regime_marginal,1.0,clean,all,stable,6480,0,0,111,0,6369,0.0,,0.0,0.01712962962962963,,,0,,0,0.04814814814814815,1.0,1.0,,,,144,0.013888888888888888,16.203703703703702
43,steady_r02,regime_marginal,1.0,clean,warehouse,all,2160,0,0,50,0,2110,0.0,,0.0,0.023148148148148147,,,0,,0,0.06388888888888888,1.0,1.0,,,,48,0.020833333333333332,22.22222222222222
43,steady_r02,regime_marginal,1.0,clean,warehouse,stable,2160,0,0,50,0,2110,0.0,,0.0,0.023148148148148147,,,0,,0,0.06388888888888888,1.0,1.0,,,,48,0.020833333333333332,22.22222222222222
43,steady_r02,regime_marginal,1.0,clean,transit_smooth,all,2160,0,0,27,0,2133,0.0,,0.0,0.0125,,,0,,0,0.0375,1.0,1.0,,,,48,0.0,12.037037037037036
43,steady_r02,regime_marginal,1.0,clean,transit_smooth,stable,2160,0,0,27,0,2133,0.0,,0.0,0.0125,,,0,,0,0.0375,1.0,1.0,,,,48,0.0,12.037037037037036
43,steady_r02,regime_marginal,1.0,clean,transit_rough,all,2160,0,0,34,0,2126,0.0,,0.0,0.01574074074074074,,,0,,0,0.043055555555555555,1.0,1.0,,,,48,0.020833333333333332,14.351851851851851
43,steady_r02,regime_marginal,1.0,clean,transit_rough,stable,2160,0,0,34,0,2126,0.0,,0.0,0.01574074074074074,,,0,,0,0.043055555555555555,1.0,1.0,,,,48,0.020833333333333332,14.351851851851851
43,steady_r02,regime_marginal,1.0,observed,all,all,6480,48,16,111,32,6321,0.12598425196850394,0.3333333333333333,0.18285714285714286,0.017257462686567165,0.1397589334457567,0.7291666666666666,48,0.020833333333333332,96,0.048295454545454544,1.0,1.0,0.3333333333333333,0.3333333333333333,0.3333333333333333,144,0.013888888888888888,16.324626865671643
43,steady_r02,regime_marginal,1.0,observed,all,stable,6480,48,16,111,32,6321,0.12598425196850394,0.3333333333333333,0.18285714285714286,0.017257462686567165,0.1397589334457567,0.7291666666666666,48,0.020833333333333332,96,0.048295454545454544,1.0,1.0,0.3333333333333333,0.3333333333333333,0.3333333333333333,144,0.013888888888888888,16.324626865671643
43,steady_r02,regime_marginal,1.0,observed,warehouse,all,2160,16,4,50,12,2094,0.07407407407407407,0.25,0.11428571428571428,0.02332089552238806,0.07028960144560409,0.75,16,0.0625,32,0.0625,1.0,1.0,0.3333333333333333,0.25,0.25,48,0.020833333333333332,22.388059701492537
43,steady_r02,regime_marginal,1.0,observed,warehouse,stable,2160,16,4,50,12,2094,0.07407407407407407,0.25,0.11428571428571428,0.02332089552238806,0.07028960144560409,0.75,16,0.0625,32,0.0625,1.0,1.0,0.3333333333333333,0.25,0.25,48,0.020833333333333332,22.388059701492537
43,steady_r02,regime_marginal,1.0,observed,transit_smooth,all,2160,16,2,27,14,2117,0.06896551724137931,0.125,0.08888888888888889,0.012593283582089552,0.09335065999627284,0.625,16,0.0,32,0.03835227272727273,1.0,1.0,0.3333333333333333,0.125,0.125,48,0.0,12.126865671641792
43,steady_r02,regime_marginal,1.0,observed,transit_smooth,stable,2160,16,2,27,14,2117,0.06896551724137931,0.125,0.08888888888888889,0.012593283582089552,0.09335065999627284,0.625,16,0.0,32,0.03835227272727273,1.0,1.0,0.3333333333333333,0.125,0.125,48,0.0,12.126865671641792
43,steady_r02,regime_marginal,1.0,observed,transit_rough,all,2160,16,10,34,6,2110,0.22727272727272727,0.625,0.3333333333333333,0.01585820895522388,0.435885866800928,0.8125,16,0.0,32,0.04403409090909091,1.0,1.0,0.3333333333333333,0.625,0.625,48,0.020833333333333332,14.458955223880597
43,steady_r02,regime_marginal,1.0,observed,transit_rough,stable,2160,16,10,34,6,2110,0.22727272727272727,0.625,0.3333333333333333,0.01585820895522388,0.435885866800928,0.8125,16,0.0,32,0.04403409090909091,1.0,1.0,0.3333333333333333,0.625,0.625,48,0.020833333333333332,14.458955223880597
43,steady_r02,regime_marginal,0.2,clean,all,all,6480,0,0,217,0,6263,0.0,,0.0,0.03348765432098765,,,0,,0,0.06111111111111111,1.0,1.0,,,,144,0.020833333333333332,8.641975308641975
43,steady_r02,regime_marginal,0.2,clean,all,stable,6480,0,0,217,0,6263,0.0,,0.0,0.03348765432098765,,,0,,0,0.06111111111111111,1.0,1.0,,,,144,0.020833333333333332,8.641975308641975
43,steady_r02,regime_marginal,0.2,clean,warehouse,all,2160,0,0,138,0,2022,0.0,,0.0,0.06388888888888888,,,0,,0,0.11944444444444445,1.0,1.0,,,,48,0.0625,18.51851851851852
43,steady_r02,regime_marginal,0.2,clean,warehouse,stable,2160,0,0,138,0,2022,0.0,,0.0,0.06388888888888888,,,0,,0,0.11944444444444445,1.0,1.0,,,,48,0.0625,18.51851851851852
43,steady_r02,regime_marginal,0.2,clean,transit_smooth,all,2160,0,0,7,0,2153,0.0,,0.0,0.0032407407407407406,,,0,,0,0.009722222222222222,1.0,1.0,,,,48,0.0,0.9259259259259259
43,steady_r02,regime_marginal,0.2,clean,transit_smooth,stable,2160,0,0,7,0,2153,0.0,,0.0,0.0032407407407407406,,,0,,0,0.009722222222222222,1.0,1.0,,,,48,0.0,0.9259259259259259
43,steady_r02,regime_marginal,0.2,clean,transit_rough,all,2160,0,0,72,0,2088,0.0,,0.0,0.03333333333333333,,,0,,0,0.05416666666666667,1.0,1.0,,,,48,0.0,6.481481481481482
43,steady_r02,regime_marginal,0.2,clean,transit_rough,stable,2160,0,0,72,0,2088,0.0,,0.0,0.03333333333333333,,,0,,0,0.05416666666666667,1.0,1.0,,,,48,0.0,6.481481481481482
43,steady_r02,regime_marginal,0.2,observed,all,all,6480,48,5,220,43,6212,0.022222222222222223,0.10416666666666667,0.03663003663003663,0.034203980099502485,0.026863178788243118,0.5833333333333334,48,0.020833333333333332,96,0.06392045454545454,1.0,1.0,0.3333333333333333,0.10416666666666667,0.10416666666666667,144,0.041666666666666664,8.550995024875622
43,steady_r02,regime_marginal,0.2,observed,all,stable,6480,48,5,220,43,6212,0.022222222222222223,0.10416666666666667,0.03663003663003663,0.034203980099502485,0.026863178788243118,0.5833333333333334,48,0.020833333333333332,96,0.06392045454545454,1.0,1.0,0.3333333333333333,0.10416666666666667,0.10416666666666667,144,0.041666666666666664,8.550995024875622
43,steady_r02,regime_marginal,0.2,observed,warehouse,all,2160,16,0,136,16,2008,0.0,0.0,0.0,0.06343283582089553,0.011328248154228795,0.5,16,0.0625,32,0.11931818181818182,1.0,1.0,0.3333333333333333,0.0,0.0,48,0.020833333333333332,18.190298507462686
43,steady_r02,regime_marginal,0.2,observed,warehouse,stable,2160,16,0,136,16,2008,0.0,0.0,0.0,0.06343283582089553,0.011328248154228795,0.5,16,0.0625,32,0.11931818181818182,1.0,1.0,0.3333333333333333,0.0,0.0,48,0.020833333333333332,18.190298507462686
43,steady_r02,regime_marginal,0.2,observed,transit_smooth,all,2160,16,0,7,16,2137,0.0,0.0,0.0,0.0032649253731343282,0.014144397465857833,0.375,16,0.0,32,0.009943181818181818,1.0,1.0,0.3333333333333333,0.0,0.0,48,0.0,0.9328358208955224
43,steady_r02,regime_marginal,0.2,observed,transit_smooth,stable,2160,16,0,7,16,2137,0.0,0.0,0.0,0.0032649253731343282,0.014144397465857833,0.375,16,0.0,32,0.009943181818181818,1.0,1.0,0.3333333333333333,0.0,0.0,48,0.0,0.9328358208955224
43,steady_r02,regime_marginal,0.2,observed,transit_rough,all,2160,16,5,77,11,2067,0.06097560975609756,0.3125,0.10204081632653061,0.03591417910447761,0.07102279815387923,0.875,16,0.0,32,0.0625,1.0,1.0,0.3333333333333333,0.3125,0.3125,48,0.10416666666666667,6.529850746268656
43,steady_r02,regime_marginal,0.2,observed,transit_rough,stable,2160,16,5,77,11,2067,0.06097560975609756,0.3125,0.10204081632653061,0.03591417910447761,0.07102279815387923,0.875,16,0.0,32,0.0625,1.0,1.0,0.3333333333333333,0.3125,0.3125,48,0.10416666666666667,6.529850746268656
43,steady_r02,regime_conditional,1.0,clean,all,all,6480,0,0,73,0,6407,0.0,,0.0,0.011265432098765432,,,0,,0,0.03287037037037037,1.0,1.0,,,,144,0.006944444444444444,11.265432098765432
43,steady_r02,regime_conditional,1.0,clean,all,stable,6480,0,0,73,0,6407,0.0,,0.0,0.011265432098765432,,,0,,0,0.03287037037037037,1.0,1.0,,,,144,0.006944444444444444,11.265432098765432
43,steady_r02,regime_conditional,1.0,clean,warehouse,all,2160,0,0,24,0,2136,0.0,,0.0,0.011111111111111112,,,0,,0,0.03333333333333333,1.0,1.0,,,,48,0.020833333333333332,11.11111111111111
43,steady_r02,regime_conditional,1.0,clean,warehouse,stable,2160,0,0,24,0,2136,0.0,,0.0,0.011111111111111112,,,0,,0,0.03333333333333333,1.0,1.0,,,,48,0.020833333333333332,11.11111111111111
43,steady_r02,regime_conditional,1.0,clean,transit_smooth,all,2160,0,0,26,0,2134,0.0,,0.0,0.012037037037037037,,,0,,0,0.034722222222222224,1.0,1.0,,,,48,0.0,12.037037037037036
43,steady_r02,regime_conditional,1.0,clean,transit_smooth,stable,2160,0,0,26,0,2134,0.0,,0.0,0.012037037037037037,,,0,,0,0.034722222222222224,1.0,1.0,,,,48,0.0,12.037037037037036
43,steady_r02,regime_conditional,1.0,clean,transit_rough,all,2160,0,0,23,0,2137,0.0,,0.0,0.010648148148148148,,,0,,0,0.030555555555555555,1.0,1.0,,,,48,0.0,10.648148148148149
43,steady_r02,regime_conditional,1.0,clean,transit_rough,stable,2160,0,0,23,0,2137,0.0,,0.0,0.010648148148148148,,,0,,0,0.030555555555555555,1.0,1.0,,,,48,0.0,10.648148148148149
43,steady_r02,regime_conditional,1.0,observed,all,all,6480,48,20,78,28,6354,0.20408163265306123,0.4166666666666667,0.273972602739726,0.012126865671641791,0.32518805511383725,0.75,48,0.07291666666666667,96,0.032670454545454544,1.0,1.0,0.3333333333333333,0.4166666666666667,0.2708333333333333,144,0.006944444444444444,11.971393034825871
43,steady_r02,regime_conditional,1.0,observed,all,stable,6480,48,20,78,28,6354,0.20408163265306123,0.4166666666666667,0.273972602739726,0.012126865671641791,0.32518805511383725,0.75,48,0.07291666666666667,96,0.032670454545454544,1.0,1.0,0.3333333333333333,0.4166666666666667,0.2708333333333333,144,0.006944444444444444,11.971393034825871
43,steady_r02,regime_conditional,1.0,observed,warehouse,all,2160,16,7,26,9,2118,0.21212121212121213,0.4375,0.2857142857142857,0.012126865671641791,0.3288966042236572,0.6875,16,0.09375,32,0.032670454545454544,1.0,1.0,0.3333333333333333,0.4375,0.25,48,0.020833333333333332,11.66044776119403
43,steady_r02,regime_conditional,1.0,observed,warehouse,stable,2160,16,7,26,9,2118,0.21212121212121213,0.4375,0.2857142857142857,0.012126865671641791,0.3288966042236572,0.6875,16,0.09375,32,0.032670454545454544,1.0,1.0,0.3333333333333333,0.4375,0.25,48,0.020833333333333332,11.66044776119403
43,steady_r02,regime_conditional,1.0,observed,transit_smooth,all,2160,16,3,28,13,2116,0.0967741935483871,0.1875,0.1276595744680851,0.013059701492537313,0.12682256793207733,0.625,16,0.09375,32,0.03409090909090909,1.0,1.0,0.3333333333333333,0.1875,0.0,48,0.0,13.059701492537313
43,steady_r02,regime_conditional,1.0,observed,transit_smooth,stable,2160,16,3,28,13,2116,0.0967741935483871,0.1875,0.1276595744680851,0.013059701492537313,0.12682256793207733,0.625,16,0.09375,32,0.03409090909090909,1.0,1.0,0.3333333333333333,0.1875,0.0,48,0.0,13.059701492537313
43,steady_r02,regime_conditional,1.0,observed,transit_rough,all,2160,16,10,24,6,2120,0.29411764705882354,0.625,0.4,0.011194029850746268,0.5559396948891645,0.9375,16,0.03125,32,0.03125,1.0,1.0,0.3333333333333333,0.625,0.5625,48,0.0,11.194029850746269
43,steady_r02,regime_conditional,1.0,observed,transit_rough,stable,2160,16,10,24,6,2120,0.29411764705882354,0.625,0.4,0.011194029850746268,0.5559396948891645,0.9375,16,0.03125,32,0.03125,1.0,1.0,0.3333333333333333,0.625,0.5625,48,0.0,11.194029850746269
43,steady_r02,regime_conditional,0.2,clean,all,all,6480,0,0,118,0,6362,0.0,,0.0,0.018209876543209876,,,0,,0,0.05324074074074074,1.0,1.0,,,,144,0.006944444444444444,8.641975308641975
43,steady_r02,regime_conditional,0.2,clean,all,stable,6480,0,0,118,0,6362,0.0,,0.0,0.018209876543209876,,,0,,0,0.05324074074074074,1.0,1.0,,,,144,0.006944444444444444,8.641975308641975
43,steady_r02,regime_conditional,0.2,clean,warehouse,all,2160,0,0,61,0,2099,0.0,,0.0,0.02824074074074074,,,0,,0,0.08055555555555556,1.0,1.0,,,,48,0.020833333333333332,12.962962962962964
43,steady_r02,regime_conditional,0.2,clean,warehouse,stable,2160,0,0,61,0,2099,0.0,,0.0,0.02824074074074074,,,0,,0,0.08055555555555556,1.0,1.0,,,,48,0.020833333333333332,12.962962962962964
43,steady_r02,regime_conditional,0.2,clean,transit_smooth,all,2160,0,0,18,0,2142,0.0,,0.0,0.008333333333333333,,,0,,0,0.025,1.0,1.0,,,,48,0.0,5.555555555555555
43,steady_r02,regime_conditional,0.2,clean,transit_smooth,stable,2160,0,0,18,0,2142,0.0,,0.0,0.008333333333333333,,,0,,0,0.025,1.0,1.0,,,,48,0.0,5.555555555555555
43,steady_r02,regime_conditional,0.2,clean,transit_rough,all,2160,0,0,39,0,2121,0.0,,0.0,0.018055555555555554,,,0,,0,0.05416666666666667,1.0,1.0,,,,48,0.0,7.407407407407407
43,steady_r02,regime_conditional,0.2,clean,transit_rough,stable,2160,0,0,39,0,2121,0.0,,0.0,0.018055555555555554,,,0,,0,0.05416666666666667,1.0,1.0,,,,48,0.0,7.407407407407407
43,steady_r02,regime_conditional,0.2,observed,all,all,6480,48,20,138,28,6294,0.12658227848101267,0.4166666666666667,0.1941747572815534,0.021455223880597014,0.17769625069459527,0.6875,48,0.07291666666666667,96,0.05965909090909091,1.0,1.0,0.3333333333333333,0.4166666666666667,0.3125,144,0.10416666666666667,8.861940298507463
43,steady_r02,regime_conditional,0.2,observed,all,stable,6480,48,20,138,28,6294,0.12658227848101267,0.4166666666666667,0.1941747572815534,0.021455223880597014,0.17769625069459527,0.6875,48,0.07291666666666667,96,0.05965909090909091,1.0,1.0,0.3333333333333333,0.4166666666666667,0.3125,144,0.10416666666666667,8.861940298507463
43,steady_r02,regime_conditional,0.2,observed,warehouse,all,2160,16,8,64,8,2080,0.1111111111111111,0.5,0.18181818181818182,0.029850746268656716,0.15799886702156468,0.8125,16,0.09375,32,0.08238636363636363,1.0,1.0,0.3333333333333333,0.5,0.375,48,0.0625,13.059701492537313
43,steady_r02,regime_conditional,0.2,observed,warehouse,stable,2160,16,8,64,8,2080,0.1111111111111111,0.5,0.18181818181818182,0.029850746268656716,0.15799886702156468,0.8125,16,0.09375,32,0.08238636363636363,1.0,1.0,0.3333333333333333,0.5,0.375,48,0.0625,13.059701492537313
43,steady_r02,regime_conditional,0.2,observed,transit_smooth,all,2160,16,3,26,13,2118,0.10344827586206896,0.1875,0.13333333333333333,0.012126865671641791,0.06982430451239675,0.375,16,0.125,32,0.029829545454545456,1.0,1.0,0.3333333333333333,0.1875,0.0,48,0.0625,6.063432835820896
43,steady_r02,regime_conditional,0.2,observed,transit_smooth,stable,2160,16,3,26,13,2118,0.10344827586206896,0.1875,0.13333333333333333,0.012126865671641791,0.06982430451239675,0.375,16,0.125,32,0.029829545454545456,1.0,1.0,0.3333333333333333,0.1875,0.0,48,0.0625,6.063432835820896
43,steady_r02,regime_conditional,0.2,observed,transit_rough,all,2160,16,9,48,7,2096,0.15789473684210525,0.5625,0.2465753424657534,0.022388059701492536,0.3289853976531176,0.875,16,0.0,32,0.06676136363636363,1.0,1.0,0.3333333333333333,0.5625,0.5625,48,0.1875,7.462686567164179
43,steady_r02,regime_conditional,0.2,observed,transit_rough,stable,2160,16,9,48,7,2096,0.15789473684210525,0.5625,0.2465753424657534,0.022388059701492536,0.3289853976531176,0.875,16,0.0,32,0.06676136363636363,1.0,1.0,0.3333333333333333,0.5625,0.5625,48,0.1875,7.462686567164179
43,steady_r20,regime_marginal,1.0,clean,all,all,6480,0,0,111,0,6369,0.0,,0.0,0.01712962962962963,,,0,,0,0.04814814814814815,1.0,1.0,,,,420,0.016666666666666666,16.203703703703702
43,steady_r20,regime_marginal,1.0,clean,all,stable,6480,0,0,111,0,6369,0.0,,0.0,0.01712962962962963,,,0,,0,0.04814814814814815,1.0,1.0,,,,420,0.016666666666666666,16.203703703703702
43,steady_r20,regime_marginal,1.0,clean,warehouse,all,2160,0,0,50,0,2110,0.0,,0.0,0.023148148148148147,,,0,,0,0.06388888888888888,1.0,1.0,,,,144,0.020833333333333332,22.22222222222222
43,steady_r20,regime_marginal,1.0,clean,warehouse,stable,2160,0,0,50,0,2110,0.0,,0.0,0.023148148148148147,,,0,,0,0.06388888888888888,1.0,1.0,,,,144,0.020833333333333332,22.22222222222222
43,steady_r20,regime_marginal,1.0,clean,transit_smooth,all,2160,0,0,27,0,2133,0.0,,0.0,0.0125,,,0,,0,0.0375,1.0,1.0,,,,132,0.007575757575757576,12.037037037037036
43,steady_r20,regime_marginal,1.0,clean,transit_smooth,stable,2160,0,0,27,0,2133,0.0,,0.0,0.0125,,,0,,0,0.0375,1.0,1.0,,,,132,0.007575757575757576,12.037037037037036
43,steady_r20,regime_marginal,1.0,clean,transit_rough,all,2160,0,0,34,0,2126,0.0,,0.0,0.01574074074074074,,,0,,0,0.043055555555555555,1.0,1.0,,,,144,0.020833333333333332,14.351851851851851
43,steady_r20,regime_marginal,1.0,clean,transit_rough,stable,2160,0,0,34,0,2126,0.0,,0.0,0.01574074074074074,,,0,,0,0.043055555555555555,1.0,1.0,,,,144,0.020833333333333332,14.351851851851851
43,steady_r20,regime_marginal,1.0,observed,all,all,6480,432,122,102,310,5946,0.5446428571428571,0.2824074074074074,0.3719512195121951,0.016865079365079364,0.3901733165828298,0.7268518518518519,432,0.019675925925925927,864,0.045717592592592594,1.0,1.0,0.3333333333333333,0.2824074074074074,0.27314814814814814,420,0.016666666666666666,15.873015873015873
43,steady_r20,regime_marginal,1.0,observed,all,stable,6480,432,122,102,310,5946,0.5446428571428571,0.2824074074074074,0.3719512195121951,0.016865079365079364,0.3901733165828298,0.7268518518518519,432,0.019675925925925927,864,0.045717592592592594,1.0,1.0,0.3333333333333333,0.2824074074074074,0.27314814814814814,420,0.016666666666666666,15.873015873015873
43,steady_r20,regime_marginal,1.0,observed,warehouse,all,2160,144,26,46,118,1970,0.3611111111111111,0.18055555555555555,0.24074074074074073,0.022817460317460316,0.2522977794456704,0.6458333333333334,144,0.034722222222222224,288,0.057291666666666664,1.0,1.0,0.3333333333333333,0.18055555555555555,0.1736111111111111,144,0.020833333333333332,21.825396825396826
43,steady_r20,regime_marginal,1.0,observed,warehouse,stable,2160,144,26,46,118,1970,0.3611111111111111,0.18055555555555555,0.24074074074074073,0.022817460317460316,0.2522977794456704,0.6458333333333334,144,0.034722222222222224,288,0.057291666666666664,1.0,1.0,0.3333333333333333,0.18055555555555555,0.1736111111111111,144,0.020833333333333332,21.825396825396826
43,steady_r20,regime_marginal,1.0,observed,transit_smooth,all,2160,144,40,25,104,1991,0.6153846153846154,0.2777777777777778,0.3827751196172249,0.01240079365079365,0.4429822228647005,0.75,144,0.003472222222222222,288,0.041666666666666664,1.0,1.0,0.3333333333333333,0.2777777777777778,0.2777777777777778,132,0.007575757575757576,11.904761904761905
43,steady_r20,regime_marginal,1.0,observed,transit_smooth,stable,2160,144,40,25,104,1991,0.6153846153846154,0.2777777777777778,0.3827751196172249,0.01240079365079365,0.4429822228647005,0.75,144,0.003472222222222222,288,0.041666666666666664,1.0,1.0,0.3333333333333333,0.2777777777777778,0.2777777777777778,132,0.007575757575757576,11.904761904761905
43,steady_r20,regime_marginal,1.0,observed,transit_rough,all,2160,144,56,31,88,1985,0.6436781609195402,0.3888888888888889,0.48484848484848486,0.015376984126984126,0.5039062725591061,0.7847222222222222,144,0.020833333333333332,288,0.03819444444444445,1.0,1.0,0.3333333333333333,0.3888888888888889,0.3680555555555556,144,0.020833333333333332,13.88888888888889
43,steady_r20,regime_marginal,1.0,observed,transit_rough,stable,2160,144,56,31,88,1985,0.6436781609195402,0.3888888888888889,0.48484848484848486,0.015376984126984126,0.5039062725591061,0.7847222222222222,144,0.020833333333333332,288,0.03819444444444445,1.0,1.0,0.3333333333333333,0.3888888888888889,0.3680555555555556,144,0.020833333333333332,13.88888888888889
43,steady_r20,regime_marginal,0.2,clean,all,all,6480,0,0,217,0,6263,0.0,,0.0,0.03348765432098765,,,0,,0,0.06111111111111111,1.0,1.0,,,,420,0.030952380952380953,8.641975308641975
43,steady_r20,regime_marginal,0.2,clean,all,stable,6480,0,0,217,0,6263,0.0,,0.0,0.03348765432098765,,,0,,0,0.06111111111111111,1.0,1.0,,,,420,0.030952380952380953,8.641975308641975
43,steady_r20,regime_marginal,0.2,clean,warehouse,all,2160,0,0,138,0,2022,0.0,,0.0,0.06388888888888888,,,0,,0,0.11944444444444445,1.0,1.0,,,,144,0.05555555555555555,18.51851851851852
43,steady_r20,regime_marginal,0.2,clean,warehouse,stable,2160,0,0,138,0,2022,0.0,,0.0,0.06388888888888888,,,0,,0,0.11944444444444445,1.0,1.0,,,,144,0.05555555555555555,18.51851851851852
43,steady_r20,regime_marginal,0.2,clean,transit_smooth,all,2160,0,0,7,0,2153,0.0,,0.0,0.0032407407407407406,,,0,,0,0.009722222222222222,1.0,1.0,,,,132,0.0,0.9259259259259259
43,steady_r20,regime_marginal,0.2,clean,transit_smooth,stable,2160,0,0,7,0,2153,0.0,,0.0,0.0032407407407407406,,,0,,0,0.009722222222222222,1.0,1.0,,,,132,0.0,0.9259259259259259
43,steady_r20,regime_marginal,0.2,clean,transit_rough,all,2160,0,0,72,0,2088,0.0,,0.0,0.03333333333333333,,,0,,0,0.05416666666666667,1.0,1.0,,,,144,0.034722222222222224,6.481481481481482
43,steady_r20,regime_marginal,0.2,clean,transit_rough,stable,2160,0,0,72,0,2088,0.0,,0.0,0.03333333333333333,,,0,,0,0.05416666666666667,1.0,1.0,,,,144,0.034722222222222224,6.481481481481482
43,steady_r20,regime_marginal,0.2,observed,all,all,6480,432,245,240,187,5808,0.5051546391752577,0.5671296296296297,0.5343511450381679,0.03968253968253968,0.5089601292169015,0.8518518518518519,432,0.046296296296296294,864,0.07928240740740741,1.0,1.0,0.3333333333333333,0.5671296296296297,0.5370370370370371,420,0.13095238095238096,8.432539682539682
43,steady_r20,regime_marginal,0.2,observed,all,stable,6480,432,245,240,187,5808,0.5051546391752577,0.5671296296296297,0.5343511450381679,0.03968253968253968,0.5089601292169015,0.8518518518518519,432,0.046296296296296294,864,0.07928240740740741,1.0,1.0,0.3333333333333333,0.5671296296296297,0.5370370370370371,420,0.13095238095238096,8.432539682539682
43,steady_r20,regime_marginal,0.2,observed,warehouse,all,2160,144,60,131,84,1885,0.31413612565445026,0.4166666666666667,0.3582089552238806,0.06498015873015874,0.334203988744599,0.7083333333333334,144,0.08680555555555555,288,0.11979166666666667,1.0,1.0,0.3333333333333333,0.4166666666666667,0.3958333333333333,144,0.10416666666666667,18.353174603174605
43,steady_r20,regime_marginal,0.2,observed,warehouse,stable,2160,144,60,131,84,1885,0.31413612565445026,0.4166666666666667,0.3582089552238806,0.06498015873015874,0.334203988744599,0.7083333333333334,144,0.08680555555555555,288,0.11979166666666667,1.0,1.0,0.3333333333333333,0.4166666666666667,0.3958333333333333,144,0.10416666666666667,18.353174603174605
43,steady_r20,regime_marginal,0.2,observed,transit_smooth,all,2160,144,80,21,64,1995,0.7920792079207921,0.5555555555555556,0.6530612244897959,0.010416666666666666,0.6635285205466795,0.8888888888888888,144,0.0,288,0.036458333333333336,1.0,1.0,0.3333333333333333,0.5555555555555556,0.5555555555555556,132,0.10606060606060606,1.4880952380952381
43,steady_r20,regime_marginal,0.2,observed,transit_smooth,stable,2160,144,80,21,64,1995,0.7920792079207921,0.5555555555555556,0.6530612244897959,0.010416666666666666,0.6635285205466795,0.8888888888888888,144,0.0,288,0.036458333333333336,1.0,1.0,0.3333333333333333,0.5555555555555556,0.5555555555555556,132,0.10606060606060606,1.4880952380952381
43,steady_r20,regime_marginal,0.2,observed,transit_rough,all,2160,144,105,88,39,1928,0.5440414507772021,0.7291666666666666,0.6231454005934718,0.04365079365079365,0.6197051391705135,0.9583333333333334,144,0.052083333333333336,288,0.08159722222222222,1.0,1.0,0.3333333333333333,0.7291666666666666,0.6597222222222222,144,0.18055555555555555,5.4563492063492065
43,steady_r20,regime_marginal,0.2,observed,transit_rough,stable,2160,144,105,88,39,1928,0.5440414507772021,0.7291666666666666,0.6231454005934718,0.04365079365079365,0.6197051391705135,0.9583333333333334,144,0.052083333333333336,288,0.08159722222222222,1.0,1.0,0.3333333333333333,0.7291666666666666,0.6597222222222222,144,0.18055555555555555,5.4563492063492065
43,steady_r20,regime_conditional,1.0,clean,all,all,6480,0,0,73,0,6407,0.0,,0.0,0.011265432098765432,,,0,,0,0.03287037037037037,1.0,1.0,,,,420,0.011904761904761904,11.265432098765432
43,steady_r20,regime_conditional,1.0,clean,all,stable,6480,0,0,73,0,6407,0.0,,0.0,0.011265432098765432,,,0,,0,0.03287037037037037,1.0,1.0,,,,420,0.011904761904761904,11.265432098765432
43,steady_r20,regime_conditional,1.0,clean,warehouse,all,2160,0,0,24,0,2136,0.0,,0.0,0.011111111111111112,,,0,,0,0.03333333333333333,1.0,1.0,,,,144,0.020833333333333332,11.11111111111111
43,steady_r20,regime_conditional,1.0,clean,warehouse,stable,2160,0,0,24,0,2136,0.0,,0.0,0.011111111111111112,,,0,,0,0.03333333333333333,1.0,1.0,,,,144,0.020833333333333332,11.11111111111111
43,steady_r20,regime_conditional,1.0,clean,transit_smooth,all,2160,0,0,26,0,2134,0.0,,0.0,0.012037037037037037,,,0,,0,0.034722222222222224,1.0,1.0,,,,132,0.007575757575757576,12.037037037037036
43,steady_r20,regime_conditional,1.0,clean,transit_smooth,stable,2160,0,0,26,0,2134,0.0,,0.0,0.012037037037037037,,,0,,0,0.034722222222222224,1.0,1.0,,,,132,0.007575757575757576,12.037037037037036
43,steady_r20,regime_conditional,1.0,clean,transit_rough,all,2160,0,0,23,0,2137,0.0,,0.0,0.010648148148148148,,,0,,0,0.030555555555555555,1.0,1.0,,,,144,0.006944444444444444,10.648148148148149
43,steady_r20,regime_conditional,1.0,clean,transit_rough,stable,2160,0,0,23,0,2137,0.0,,0.0,0.010648148148148148,,,0,,0,0.030555555555555555,1.0,1.0,,,,144,0.006944444444444444,10.648148148148149
43,steady_r20,regime_conditional,1.0,observed,all,all,6480,432,154,104,278,5944,0.5968992248062015,0.35648148148148145,0.4463768115942029,0.017195767195767195,0.4997742787045557,0.7662037037037037,432,0.056712962962962965,864,0.03125,1.0,1.0,0.3333333333333333,0.35648148148148145,0.2824074074074074,420,0.016666666666666666,15.873015873015873
43,steady_r20,regime_conditional,1.0,observed,all,stable,6480,432,154,104,278,5944,0.5968992248062015,0.35648148148148145,0.4463768115942029,0.017195767195767195,0.4997742787045557,0.7662037037037037,432,0.056712962962962965,864,0.03125,1.0,1.0,0.3333333333333333,0.35648148148148145,0.2824074074074074,420,0.016666666666666666,15.873015873015873
43,steady_r20,regime_conditional,1.0,observed,warehouse,all,2160,144,50,39,94,1977,0.5617977528089888,0.3472222222222222,0.4291845493562232,0.019345238095238096,0.44387522297835924,0.7222222222222222,144,0.0763888888888889,288,0.029513888888888888,1.0,1.0,0.3333333333333333,0.3472222222222222,0.25,144,0.034722222222222224,16.865079365079364
43,steady_r20,regime_conditional,1.0,observed,warehouse,stable,2160,144,50,39,94,1977,0.5617977528089888,0.3472222222222222,0.4291845493562232,0.019345238095238096,0.44387522297835924,0.7222222222222222,144,0.0763888888888889,288,0.029513888888888888,1.0,1.0,0.3333333333333333,0.3472222222222222,0.25,144,0.034722222222222224,16.865079365079364
43,steady_r20,regime_conditional,1.0,observed,transit_smooth,all,2160,144,52,35,92,1981,0.5977011494252874,0.3611111111111111,0.45021645021645024,0.017361111111111112,0.5074743821702455,0.7847222222222222,144,0.04513888888888889,288,0.036458333333333336,1.0,1.0,0.3333333333333333,0.3611111111111111,0.2847222222222222,132,0.007575757575757576,16.36904761904762
43,steady_r20,regime_conditional,1.0,observed,transit_smooth,stable,2160,144,52,35,92,1981,0.5977011494252874,0.3611111111111111,0.45021645021645024,0.017361111111111112,0.5074743821702455,0.7847222222222222,144,0.04513888888888889,288,0.036458333333333336,1.0,1.0,0.3333333333333333,0.3611111111111111,0.2847222222222222,132,0.007575757575757576,16.36904761904762
43,steady_r20,regime_conditional,1.0,observed,transit_rough,all,2160,144,52,30,92,1986,0.6341463414634146,0.3611111111111111,0.46017699115044247,0.01488095238095238,0.5559922979636254,0.7916666666666666,144,0.04861111111111111,288,0.027777777777777776,1.0,1.0,0.3333333333333333,0.3611111111111111,0.3125,144,0.006944444444444444,14.384920634920634
43,steady_r20,regime_conditional,1.0,observed,transit_rough,stable,2160,144,52,30,92,1986,0.6341463414634146,0.3611111111111111,0.46017699115044247,0.01488095238095238,0.5559922979636254,0.7916666666666666,144,0.04861111111111111,288,0.027777777777777776,1.0,1.0,0.3333333333333333,0.3611111111111111,0.3125,144,0.006944444444444444,14.384920634920634
43,steady_r20,regime_conditional,0.2,clean,all,all,6480,0,0,118,0,6362,0.0,,0.0,0.018209876543209876,,,0,,0,0.05324074074074074,1.0,1.0,,,,420,0.009523809523809525,8.641975308641975
43,steady_r20,regime_conditional,0.2,clean,all,stable,6480,0,0,118,0,6362,0.0,,0.0,0.018209876543209876,,,0,,0,0.05324074074074074,1.0,1.0,,,,420,0.009523809523809525,8.641975308641975
43,steady_r20,regime_conditional,0.2,clean,warehouse,all,2160,0,0,61,0,2099,0.0,,0.0,0.02824074074074074,,,0,,0,0.08055555555555556,1.0,1.0,,,,144,0.013888888888888888,12.962962962962964
43,steady_r20,regime_conditional,0.2,clean,warehouse,stable,2160,0,0,61,0,2099,0.0,,0.0,0.02824074074074074,,,0,,0,0.08055555555555556,1.0,1.0,,,,144,0.013888888888888888,12.962962962962964
43,steady_r20,regime_conditional,0.2,clean,transit_smooth,all,2160,0,0,18,0,2142,0.0,,0.0,0.008333333333333333,,,0,,0,0.025,1.0,1.0,,,,132,0.007575757575757576,5.555555555555555
43,steady_r20,regime_conditional,0.2,clean,transit_smooth,stable,2160,0,0,18,0,2142,0.0,,0.0,0.008333333333333333,,,0,,0,0.025,1.0,1.0,,,,132,0.007575757575757576,5.555555555555555
43,steady_r20,regime_conditional,0.2,clean,transit_rough,all,2160,0,0,39,0,2121,0.0,,0.0,0.018055555555555554,,,0,,0,0.05416666666666667,1.0,1.0,,,,144,0.006944444444444444,7.407407407407407
43,steady_r20,regime_conditional,0.2,clean,transit_rough,stable,2160,0,0,39,0,2121,0.0,,0.0,0.018055555555555554,,,0,,0,0.05416666666666667,1.0,1.0,,,,144,0.006944444444444444,7.407407407407407
43,steady_r20,regime_conditional,0.2,observed,all,all,6480,432,354,361,78,5687,0.4951048951048951,0.8194444444444444,0.6172624237140366,0.05968915343915344,0.7353115798223866,0.8842592592592593,432,0.16319444444444445,864,0.11574074074074074,1.0,1.0,0.3333333333333333,0.8194444444444444,0.5532407407407407,420,0.28809523809523807,14.715608465608465
43,steady_r20,regime_conditional,0.2,observed,all,stable,6480,432,354,361,78,5687,0.4951048951048951,0.8194444444444444,0.6172624237140366,0.05968915343915344,0.7353115798223866,0.8842592592592593,432,0.16319444444444445,864,0.11574074074074074,1.0,1.0,0.3333333333333333,0.8194444444444444,0.5532407407407407,420,0.28809523809523807,14.715608465608465
43,steady_r20,regime_conditional,0.2,observed,warehouse,all,2160,144,116,152,28,1864,0.43283582089552236,0.8055555555555556,0.5631067961165048,0.07539682539682539,0.6565192859837841,0.8055555555555556,144,0.2465277777777778,288,0.11979166666666667,1.0,1.0,0.3333333333333333,0.8055555555555556,0.4375,144,0.2152777777777778,21.825396825396826
43,steady_r20,regime_conditional,0.2,observed,warehouse,stable,2160,144,116,152,28,1864,0.43283582089552236,0.8055555555555556,0.5631067961165048,0.07539682539682539,0.6565192859837841,0.8055555555555556,144,0.2465277777777778,288,0.11979166666666667,1.0,1.0,0.3333333333333333,0.8055555555555556,0.4375,144,0.2152777777777778,21.825396825396826
43,steady_r20,regime_conditional,0.2,observed,transit_smooth,all,2160,144,112,89,32,1927,0.5572139303482587,0.7777777777777778,0.6492753623188405,0.0441468253968254,0.7277312132908567,0.8888888888888888,144,0.10069444444444445,288,0.10069444444444445,1.0,1.0,0.3333333333333333,0.7777777777777778,0.6111111111111112,132,0.32575757575757575,10.416666666666666
43,steady_r20,regime_conditional,0.2,observed,transit_smooth,stable,2160,144,112,89,32,1927,0.5572139303482587,0.7777777777777778,0.6492753623188405,0.0441468253968254,0.7277312132908567,0.8888888888888888,144,0.10069444444444445,288,0.10069444444444445,1.0,1.0,0.3333333333333333,0.7777777777777778,0.6111111111111112,132,0.32575757575757575,10.416666666666666
43,steady_r20,regime_conditional,0.2,observed,transit_rough,all,2160,144,126,120,18,1896,0.5121951219512195,0.875,0.6461538461538462,0.05952380952380952,0.8170656881744852,0.9583333333333334,144,0.1423611111111111,288,0.1267361111111111,1.0,1.0,0.3333333333333333,0.875,0.6111111111111112,144,0.3263888888888889,11.904761904761905
43,steady_r20,regime_conditional,0.2,observed,transit_rough,stable,2160,144,126,120,18,1896,0.5121951219512195,0.875,0.6461538461538462,0.05952380952380952,0.8170656881744852,0.9583333333333334,144,0.1423611111111111,288,0.1267361111111111,1.0,1.0,0.3333333333333333,0.875,0.6111111111111112,144,0.3263888888888889,11.904761904761905
43,steady_k2,regime_marginal,1.0,clean,all,all,6480,0,0,111,0,6369,0.0,,0.0,0.01712962962962963,,,0,,0,0.04814814814814815,1.0,1.0,,,,552,0.014492753623188406,16.203703703703702
43,steady_k2,regime_marginal,1.0,clean,all,stable,6480,0,0,111,0,6369,0.0,,0.0,0.01712962962962963,,,0,,0,0.04814814814814815,1.0,1.0,,,,552,0.014492753623188406,16.203703703703702
43,steady_k2,regime_marginal,1.0,clean,warehouse,all,2160,0,0,50,0,2110,0.0,,0.0,0.023148148148148147,,,0,,0,0.06388888888888888,1.0,1.0,,,,192,0.03125,22.22222222222222
43,steady_k2,regime_marginal,1.0,clean,warehouse,stable,2160,0,0,50,0,2110,0.0,,0.0,0.023148148148148147,,,0,,0,0.06388888888888888,1.0,1.0,,,,192,0.03125,22.22222222222222
43,steady_k2,regime_marginal,1.0,clean,transit_smooth,all,2160,0,0,27,0,2133,0.0,,0.0,0.0125,,,0,,0,0.0375,1.0,1.0,,,,180,0.0,12.037037037037036
43,steady_k2,regime_marginal,1.0,clean,transit_smooth,stable,2160,0,0,27,0,2133,0.0,,0.0,0.0125,,,0,,0,0.0375,1.0,1.0,,,,180,0.0,12.037037037037036
43,steady_k2,regime_marginal,1.0,clean,transit_rough,all,2160,0,0,34,0,2126,0.0,,0.0,0.01574074074074074,,,0,,0,0.043055555555555555,1.0,1.0,,,,180,0.011111111111111112,14.351851851851851
43,steady_k2,regime_marginal,1.0,clean,transit_rough,stable,2160,0,0,34,0,2126,0.0,,0.0,0.01574074074074074,,,0,,0,0.043055555555555555,1.0,1.0,,,,180,0.011111111111111112,14.351851851851851
43,steady_k2,regime_marginal,1.0,observed,all,all,6480,432,132,102,300,5946,0.5641025641025641,0.3055555555555556,0.3963963963963964,0.016865079365079364,0.43571023365442013,0.9537037037037037,216,0.009259259259259259,216,0.04835390946502058,1.0,1.0,0.6666666666666666,0.08796296296296297,0.08796296296296297,552,0.014492753623188406,16.038359788359788
43,steady_k2,regime_marginal,1.0,observed,all,stable,6480,432,132,102,300,5946,0.5641025641025641,0.3055555555555556,0.3963963963963964,0.016865079365079364,0.43571023365442013,0.9537037037037037,216,0.009259259259259259,216,0.04835390946502058,1.0,1.0,0.6666666666666666,0.08796296296296297,0.08796296296296297,552,0.014492753623188406,16.038359788359788
43,steady_k2,regime_marginal,1.0,observed,warehouse,all,2160,144,37,43,107,1973,0.4625,0.2569444444444444,0.33035714285714285,0.02132936507936508,0.372728382572974,0.9305555555555556,72,0.027777777777777776,72,0.05864197530864197,1.0,1.0,0.6666666666666666,0.05555555555555555,0.05555555555555555,192,0.03125,20.833333333333332
43,steady_k2,regime_marginal,1.0,observed,warehouse,stable,2160,144,37,43,107,1973,0.4625,0.2569444444444444,0.33035714285714285,0.02132936507936508,0.372728382572974,0.9305555555555556,72,0.027777777777777776,72,0.05864197530864197,1.0,1.0,0.6666666666666666,0.05555555555555555,0.05555555555555555,192,0.03125,20.833333333333332
43,steady_k2,regime_marginal,1.0,observed,transit_smooth,all,2160,144,50,26,94,1990,0.6578947368421053,0.3472222222222222,0.45454545454545453,0.012896825396825396,0.5042035758788163,0.9861111111111112,72,0.0,72,0.040123456790123455,1.0,1.0,0.6666666666666666,0.08333333333333333,0.08333333333333333,180,0.0,12.40079365079365
43,steady_k2,regime_marginal,1.0,observed,transit_smooth,stable,2160,144,50,26,94,1990,0.6578947368421053,0.3472222222222222,0.45454545454545453,0.012896825396825396,0.5042035758788163,0.9861111111111112,72,0.0,72,0.040123456790123455,1.0,1.0,0.6666666666666666,0.08333333333333333,0.08333333333333333,180,0.0,12.40079365079365
43,steady_k2,regime_marginal,1.0,observed,transit_rough,all,2160,144,45,33,99,1983,0.5769230769230769,0.3125,0.40540540540540543,0.01636904761904762,0.4502377062725379,0.9444444444444444,72,0.0,72,0.046296296296296294,1.0,1.0,0.6666666666666666,0.125,0.125,180,0.011111111111111112,14.880952380952381
43,steady_k2,regime_marginal,1.0,observed,transit_rough,stable,2160,144,45,33,99,1983,0.5769230769230769,0.3125,0.40540540540540543,0.01636904761904762,0.4502377062725379,0.9444444444444444,72,0.0,72,0.046296296296296294,1.0,1.0,0.6666666666666666,0.125,0.125,180,0.011111111111111112,14.880952380952381
43,steady_k2,regime_marginal,0.2,clean,all,all,6480,0,0,217,0,6263,0.0,,0.0,0.03348765432098765,,,0,,0,0.06111111111111111,1.0,1.0,,,,552,0.018115942028985508,8.641975308641975
43,steady_k2,regime_marginal,0.2,clean,all,stable,6480,0,0,217,0,6263,0.0,,0.0,0.03348765432098765,,,0,,0,0.06111111111111111,1.0,1.0,,,,552,0.018115942028985508,8.641975308641975
43,steady_k2,regime_marginal,0.2,clean,warehouse,all,2160,0,0,138,0,2022,0.0,,0.0,0.06388888888888888,,,0,,0,0.11944444444444445,1.0,1.0,,,,192,0.052083333333333336,18.51851851851852
43,steady_k2,regime_marginal,0.2,clean,warehouse,stable,2160,0,0,138,0,2022,0.0,,0.0,0.06388888888888888,,,0,,0,0.11944444444444445,1.0,1.0,,,,192,0.052083333333333336,18.51851851851852
43,steady_k2,regime_marginal,0.2,clean,transit_smooth,all,2160,0,0,7,0,2153,0.0,,0.0,0.0032407407407407406,,,0,,0,0.009722222222222222,1.0,1.0,,,,180,0.0,0.9259259259259259
43,steady_k2,regime_marginal,0.2,clean,transit_smooth,stable,2160,0,0,7,0,2153,0.0,,0.0,0.0032407407407407406,,,0,,0,0.009722222222222222,1.0,1.0,,,,180,0.0,0.9259259259259259
43,steady_k2,regime_marginal,0.2,clean,transit_rough,all,2160,0,0,72,0,2088,0.0,,0.0,0.03333333333333333,,,0,,0,0.05416666666666667,1.0,1.0,,,,180,0.0,6.481481481481482
43,steady_k2,regime_marginal,0.2,clean,transit_rough,stable,2160,0,0,72,0,2088,0.0,,0.0,0.03333333333333333,,,0,,0,0.05416666666666667,1.0,1.0,,,,180,0.0,6.481481481481482
43,steady_k2,regime_marginal,0.2,observed,all,all,6480,432,191,232,241,5816,0.4515366430260047,0.44212962962962965,0.44678362573099417,0.03835978835978836,0.43827472373353193,0.9537037037037037,216,0.004629629629629629,216,0.07561728395061729,1.0,1.0,0.6666666666666666,0.24074074074074073,0.24074074074074073,552,0.07065217391304347,8.928571428571429
43,steady_k2,regime_marginal,0.2,observed,all,stable,6480,432,191,232,241,5816,0.4515366430260047,0.44212962962962965,0.44678362573099417,0.03835978835978836,0.43827472373353193,0.9537037037037037,216,0.004629629629629629,216,0.07561728395061729,1.0,1.0,0.6666666666666666,0.24074074074074073,0.24074074074074073,552,0.07065217391304347,8.928571428571429
43,steady_k2,regime_marginal,0.2,observed,warehouse,all,2160,144,55,129,89,1887,0.29891304347826086,0.3819444444444444,0.3353658536585366,0.06398809523809523,0.36233237432128634,0.9305555555555556,72,0.0,72,0.12654320987654322,1.0,1.0,0.6666666666666666,0.1527777777777778,0.1527777777777778,192,0.078125,18.353174603174605
43,steady_k2,regime_marginal,0.2,observed,warehouse,stable,2160,144,55,129,89,1887,0.29891304347826086,0.3819444444444444,0.3353658536585366,0.06398809523809523,0.36233237432128634,0.9305555555555556,72,0.0,72,0.12654320987654322,1.0,1.0,0.6666666666666666,0.1527777777777778,0.1527777777777778,192,0.078125,18.353174603174605
43,steady_k2,regime_marginal,0.2,observed,transit_smooth,all,2160,144,64,23,80,1993,0.735632183908046,0.4444444444444444,0.5541125541125541,0.011408730158730158,0.5727750355273145,0.9722222222222222,72,0.0,72,0.030864197530864196,1.0,1.0,0.6666666666666666,0.2361111111111111,0.2361111111111111,180,0.08888888888888889,1.4880952380952381
43,steady_k2,regime_marginal,0.2,observed,transit_smooth,stable,2160,144,64,23,80,1993,0.735632183908046,0.4444444444444444,0.5541125541125541,0.011408730158730158,0.5727750355273145,0.9722222222222222,72,0.0,72,0.030864197530864196,1.0,1.0,0.6666666666666666,0.2361111111111111,0.2361111111111111,180,0.08888888888888889,1.4880952380952381
43,steady_k2,regime_marginal,0.2,observed,transit_rough,all,2160,144,72,80,72,1936,0.47368421052631576,0.5,0.4864864864864865,0.03968253968253968,0.46328901407100676,0.9583333333333334,72,0.013888888888888888,72,0.06944444444444445,1.0,1.0,0.6666666666666666,0.3333333333333333,0.3333333333333333,180,0.044444444444444446,6.944444444444445
43,steady_k2,regime_marginal,0.2,observed,transit_rough,stable,2160,144,72,80,72,1936,0.47368421052631576,0.5,0.4864864864864865,0.03968253968253968,0.46328901407100676,0.9583333333333334,72,0.013888888888888888,72,0.06944444444444445,1.0,1.0,0.6666666666666666,0.3333333333333333,0.3333333333333333,180,0.044444444444444446,6.944444444444445
43,steady_k2,regime_conditional,1.0,clean,all,all,6480,0,0,73,0,6407,0.0,,0.0,0.011265432098765432,,,0,,0,0.03287037037037037,1.0,1.0,,,,552,0.014492753623188406,11.265432098765432
43,steady_k2,regime_conditional,1.0,clean,all,stable,6480,0,0,73,0,6407,0.0,,0.0,0.011265432098765432,,,0,,0,0.03287037037037037,1.0,1.0,,,,552,0.014492753623188406,11.265432098765432
43,steady_k2,regime_conditional,1.0,clean,warehouse,all,2160,0,0,24,0,2136,0.0,,0.0,0.011111111111111112,,,0,,0,0.03333333333333333,1.0,1.0,,,,192,0.020833333333333332,11.11111111111111
43,steady_k2,regime_conditional,1.0,clean,warehouse,stable,2160,0,0,24,0,2136,0.0,,0.0,0.011111111111111112,,,0,,0,0.03333333333333333,1.0,1.0,,,,192,0.020833333333333332,11.11111111111111
43,steady_k2,regime_conditional,1.0,clean,transit_smooth,all,2160,0,0,26,0,2134,0.0,,0.0,0.012037037037037037,,,0,,0,0.034722222222222224,1.0,1.0,,,,180,0.005555555555555556,12.037037037037036
43,steady_k2,regime_conditional,1.0,clean,transit_smooth,stable,2160,0,0,26,0,2134,0.0,,0.0,0.012037037037037037,,,0,,0,0.034722222222222224,1.0,1.0,,,,180,0.005555555555555556,12.037037037037036
43,steady_k2,regime_conditional,1.0,clean,transit_rough,all,2160,0,0,23,0,2137,0.0,,0.0,0.010648148148148148,,,0,,0,0.030555555555555555,1.0,1.0,,,,180,0.016666666666666666,10.648148148148149
43,steady_k2,regime_conditional,1.0,clean,transit_rough,stable,2160,0,0,23,0,2137,0.0,,0.0,0.010648148148148148,,,0,,0,0.030555555555555555,1.0,1.0,,,,180,0.016666666666666666,10.648148148148149
43,steady_k2,regime_conditional,1.0,observed,all,all,6480,432,205,75,227,5973,0.7321428571428571,0.47453703703703703,0.5758426966292135,0.01240079365079365,0.6054177185884376,0.9305555555555556,216,0.037037037037037035,216,0.03343621399176955,1.0,1.0,0.6666666666666666,0.3101851851851852,0.3055555555555556,552,0.014492753623188406,12.40079365079365
43,steady_k2,regime_conditional,1.0,observed,all,stable,6480,432,205,75,227,5973,0.7321428571428571,0.47453703703703703,0.5758426966292135,0.01240079365079365,0.6054177185884376,0.9305555555555556,216,0.037037037037037035,216,0.03343621399176955,1.0,1.0,0.6666666666666666,0.3101851851851852,0.3055555555555556,552,0.014492753623188406,12.40079365079365
43,steady_k2,regime_conditional,1.0,observed,warehouse,all,2160,144,55,24,89,1992,0.6962025316455697,0.3819444444444444,0.49327354260089684,0.011904761904761904,0.5250730101788793,0.8888888888888888,72,0.05555555555555555,72,0.030864197530864196,1.0,1.0,0.6666666666666666,0.20833333333333334,0.19444444444444445,192,0.020833333333333332,11.904761904761905
43,steady_k2,regime_conditional,1.0,observed,warehouse,stable,2160,144,55,24,89,1992,0.6962025316455697,0.3819444444444444,0.49327354260089684,0.011904761904761904,0.5250730101788793,0.8888888888888888,72,0.05555555555555555,72,0.030864197530864196,1.0,1.0,0.6666666666666666,0.20833333333333334,0.19444444444444445,192,0.020833333333333332,11.904761904761905
43,steady_k2,regime_conditional,1.0,observed,transit_smooth,all,2160,144,84,26,60,1990,0.7636363636363637,0.5833333333333334,0.6614173228346457,0.012896825396825396,0.7138876191214214,0.9861111111111112,72,0.027777777777777776,72,0.035493827160493825,1.0,1.0,0.6666666666666666,0.4166666666666667,0.4166666666666667,180,0.005555555555555556,12.896825396825397
43,steady_k2,regime_conditional,1.0,observed,transit_smooth,stable,2160,144,84,26,60,1990,0.7636363636363637,0.5833333333333334,0.6614173228346457,0.012896825396825396,0.7138876191214214,0.9861111111111112,72,0.027777777777777776,72,0.035493827160493825,1.0,1.0,0.6666666666666666,0.4166666666666667,0.4166666666666667,180,0.005555555555555556,12.896825396825397
43,steady_k2,regime_conditional,1.0,observed,transit_rough,all,2160,144,66,25,78,1991,0.7252747252747253,0.4583333333333333,0.5617021276595745,0.01240079365079365,0.5711591978105756,0.9166666666666666,72,0.027777777777777776,72,0.033950617283950615,1.0,1.0,0.6666666666666666,0.3055555555555556,0.3055555555555556,180,0.016666666666666666,12.40079365079365
43,steady_k2,regime_conditional,1.0,observed,transit_rough,stable,2160,144,66,25,78,1991,0.7252747252747253,0.4583333333333333,0.5617021276595745,0.01240079365079365,0.5711591978105756,0.9166666666666666,72,0.027777777777777776,72,0.033950617283950615,1.0,1.0,0.6666666666666666,0.3055555555555556,0.3055555555555556,180,0.016666666666666666,12.40079365079365
43,steady_k2,regime_conditional,0.2,clean,all,all,6480,0,0,118,0,6362,0.0,,0.0,0.018209876543209876,,,0,,0,0.05324074074074074,1.0,1.0,,,,552,0.010869565217391304,8.641975308641975
43,steady_k2,regime_conditional,0.2,clean,all,stable,6480,0,0,118,0,6362,0.0,,0.0,0.018209876543209876,,,0,,0,0.05324074074074074,1.0,1.0,,,,552,0.010869565217391304,8.641975308641975
43,steady_k2,regime_conditional,0.2,clean,warehouse,all,2160,0,0,61,0,2099,0.0,,0.0,0.02824074074074074,,,0,,0,0.08055555555555556,1.0,1.0,,,,192,0.026041666666666668,12.962962962962964
43,steady_k2,regime_conditional,0.2,clean,warehouse,stable,2160,0,0,61,0,2099,0.0,,0.0,0.02824074074074074,,,0,,0,0.08055555555555556,1.0,1.0,,,,192,0.026041666666666668,12.962962962962964
43,steady_k2,regime_conditional,0.2,clean,transit_smooth,all,2160,0,0,18,0,2142,0.0,,0.0,0.008333333333333333,,,0,,0,0.025,1.0,1.0,,,,180,0.0,5.555555555555555
43,steady_k2,regime_conditional,0.2,clean,transit_smooth,stable,2160,0,0,18,0,2142,0.0,,0.0,0.008333333333333333,,,0,,0,0.025,1.0,1.0,,,,180,0.0,5.555555555555555
43,steady_k2,regime_conditional,0.2,clean,transit_rough,all,2160,0,0,39,0,2121,0.0,,0.0,0.018055555555555554,,,0,,0,0.05416666666666667,1.0,1.0,,,,180,0.005555555555555556,7.407407407407407
43,steady_k2,regime_conditional,0.2,clean,transit_rough,stable,2160,0,0,39,0,2121,0.0,,0.0,0.018055555555555554,,,0,,0,0.05416666666666667,1.0,1.0,,,,180,0.005555555555555556,7.407407407407407
43,steady_k2,regime_conditional,0.2,observed,all,all,6480,432,303,272,129,5776,0.5269565217391304,0.7013888888888888,0.6017874875868917,0.04497354497354497,0.6564355741126656,0.9212962962962963,216,0.16203703703703703,216,0.09670781893004116,1.0,1.0,0.6666666666666666,0.5879629629629629,0.49074074074074076,552,0.23007246376811594,12.731481481481481
43,steady_k2,regime_conditional,0.2,observed,all,stable,6480,432,303,272,129,5776,0.5269565217391304,0.7013888888888888,0.6017874875868917,0.04497354497354497,0.6564355741126656,0.9212962962962963,216,0.16203703703703703,216,0.09670781893004116,1.0,1.0,0.6666666666666666,0.5879629629629629,0.49074074074074076,552,0.23007246376811594,12.731481481481481
43,steady_k2,regime_conditional,0.2,observed,warehouse,all,2160,144,98,115,46,1901,0.460093896713615,0.6805555555555556,0.5490196078431373,0.05704365079365079,0.6306567381974357,0.9027777777777778,72,0.2222222222222222,72,0.125,1.0,1.0,0.6666666666666666,0.5833333333333334,0.4444444444444444,192,0.21875,19.345238095238095
43,steady_k2,regime_conditional,0.2,observed,warehouse,stable,2160,144,98,115,46,1901,0.460093896713615,0.6805555555555556,0.5490196078431373,0.05704365079365079,0.6306567381974357,0.9027777777777778,72,0.2222222222222222,72,0.125,1.0,1.0,0.6666666666666666,0.5833333333333334,0.4444444444444444,192,0.21875,19.345238095238095
43,steady_k2,regime_conditional,0.2,observed,transit_smooth,all,2160,144,108,86,36,1930,0.5567010309278351,0.75,0.6390532544378699,0.04265873015873016,0.688814450588905,0.9583333333333334,72,0.1388888888888889,72,0.08487654320987655,1.0,1.0,0.6666666666666666,0.625,0.5138888888888888,180,0.32222222222222224,8.928571428571429
43,steady_k2,regime_conditional,0.2,observed,transit_smooth,stable,2160,144,108,86,36,1930,0.5567010309278351,0.75,0.6390532544378699,0.04265873015873016,0.688814450588905,0.9583333333333334,72,0.1388888888888889,72,0.08487654320987655,1.0,1.0,0.6666666666666666,0.625,0.5138888888888888,180,0.32222222222222224,8.928571428571429
43,steady_k2,regime_conditional,0.2,observed,transit_rough,all,2160,144,97,71,47,1945,0.5773809523809523,0.6736111111111112,0.6217948717948718,0.03521825396825397,0.6545389392300477,0.9027777777777778,72,0.125,72,0.08024691358024691,1.0,1.0,0.6666666666666666,0.5555555555555556,0.5138888888888888,180,0.15,9.920634920634921
43,steady_k2,regime_conditional,0.2,observed,transit_rough,stable,2160,144,97,71,47,1945,0.5773809523809523,0.6736111111111112,0.6217948717948718,0.03521825396825397,0.6545389392300477,0.9027777777777778,72,0.125,72,0.08024691358024691,1.0,1.0,0.6666666666666666,0.5555555555555556,0.5138888888888888,180,0.15,9.920634920634921
43,switch_d0,regime_marginal,1.0,clean,all,all,6480,0,0,95,0,6385,0.0,,0.0,0.014660493827160493,,,0,,0,0.041666666666666664,1.0,1.0,,,,282,0.0035460992907801418,14.04320987654321
43,switch_d0,regime_marginal,1.0,clean,all,transition,864,0,0,12,0,852,0.0,,0.0,0.013888888888888888,,,0,,0,0.041666666666666664,1.0,1.0,,,,24,0.041666666666666664,13.88888888888889
43,switch_d0,regime_marginal,1.0,clean,all,stable,5616,0,0,83,0,5533,0.0,,0.0,0.01477920227920228,,,0,,0,0.041666666666666664,1.0,1.0,,,,258,0.0,14.066951566951566
43,switch_d0,regime_marginal,1.0,clean,warehouse,all,2160,0,0,37,0,2123,0.0,,0.0,0.01712962962962963,,,0,,0,0.05,1.0,1.0,,,,60,0.0,16.203703703703702
43,switch_d0,regime_marginal,1.0,clean,warehouse,transition,288,0,0,5,0,283,0.0,,0.0,0.017361111111111112,,,0,,0,0.052083333333333336,1.0,1.0,,,,0,,17.36111111111111
43,switch_d0,regime_marginal,1.0,clean,warehouse,stable,1872,0,0,32,0,1840,0.0,,0.0,0.017094017094017096,,,0,,0,0.049679487179487176,1.0,1.0,,,,60,0.0,16.025641025641026
43,switch_d0,regime_marginal,1.0,clean,transit_smooth,all,2160,0,0,43,0,2117,0.0,,0.0,0.01990740740740741,,,0,,0,0.05555555555555555,1.0,1.0,,,,78,0.01282051282051282,18.98148148148148
43,switch_d0,regime_marginal,1.0,clean,transit_smooth,transition,288,0,0,5,0,283,0.0,,0.0,0.017361111111111112,,,0,,0,0.052083333333333336,1.0,1.0,,,,18,0.05555555555555555,17.36111111111111
43,switch_d0,regime_marginal,1.0,clean,transit_smooth,stable,1872,0,0,38,0,1834,0.0,,0.0,0.0202991452991453,,,0,,0,0.05608974358974359,1.0,1.0,,,,60,0.0,19.23076923076923
43,switch_d0,regime_marginal,1.0,clean,transit_rough,all,2160,0,0,15,0,2145,0.0,,0.0,0.006944444444444444,,,0,,0,0.019444444444444445,1.0,1.0,,,,144,0.0,6.944444444444445
43,switch_d0,regime_marginal,1.0,clean,transit_rough,transition,288,0,0,2,0,286,0.0,,0.0,0.006944444444444444,,,0,,0,0.020833333333333332,1.0,1.0,,,,6,0.0,6.944444444444445
43,switch_d0,regime_marginal,1.0,clean,transit_rough,stable,1872,0,0,13,0,1859,0.0,,0.0,0.006944444444444444,,,0,,0,0.019230769230769232,1.0,1.0,,,,138,0.0,6.944444444444445
43,switch_d0,regime_marginal,1.0,observed,all,all,6480,216,55,91,161,6173,0.3767123287671233,0.25462962962962965,0.30386740331491713,0.014527458492975735,0.280691410438357,0.75,216,0.006944444444444444,432,0.042695473251028807,1.0,1.0,0.3333333333333333,0.25462962962962965,0.25462962962962965,282,0.0035460992907801418,13.88888888888889
43,switch_d0,regime_marginal,1.0,observed,all,transition,864,42,5,9,37,813,0.35714285714285715,0.11904761904761904,0.17857142857142858,0.010948905109489052,0.22639702292256247,0.6190476190476191,42,0.011904761904761904,84,0.032520325203252036,1.0,1.0,0.3333333333333333,0.11904761904761904,0.11904761904761904,24,0.041666666666666664,10.94890510948905
43,switch_d0,regime_marginal,1.0,observed,all,stable,5616,174,50,82,124,5360,0.3787878787878788,0.28735632183908044,0.32679738562091504,0.015067989709665565,0.3003054339616694,0.7816091954022989,174,0.005747126436781609,348,0.044169611307420496,1.0,1.0,0.3333333333333333,0.28735632183908044,0.28735632183908044,258,0.0,14.332965821389195
43,switch_d0,regime_marginal,1.0,observed,warehouse,all,2160,66,16,36,50,2058,0.3076923076923077,0.24242424242424243,0.2711864406779661,0.017191977077363897,0.3023347749271864,0.7424242424242424,66,0.007575757575757576,132,0.05198776758409786,1.0,1.0,0.33333333333333326,0.24242424242424243,0.24242424242424243,60,0.0,16.236867239732568
43,switch_d0,regime_marginal,1.0,observed,warehouse,transition,288,12,1,4,11,272,0.2,0.08333333333333333,0.11764705882352941,0.014492753623188406,0.2023172157379309,0.5833333333333334,12,0.0,24,0.047619047619047616,1.0,1.0,0.3333333333333333,0.08333333333333333,0.08333333333333333,0,,14.492753623188406
43,switch_d0,regime_marginal,1.0,observed,warehouse,stable,1872,54,15,32,39,1786,0.3191489361702128,0.2777777777777778,0.297029702970297,0.0176017601760176,0.33581248398619445,0.7777777777777778,54,0.009259259259259259,108,0.05263157894736842,1.0,1.0,0.3333333333333332,0.2777777777777778,0.2777777777777778,60,0.0,16.501650165016503
43,switch_d0,regime_marginal,1.0,observed,transit_smooth,all,2160,36,8,41,28,2083,0.16326530612244897,0.2222222222222222,0.18823529411764706,0.019303201506591337,0.09902757811244824,0.5555555555555556,36,0.013888888888888888,72,0.054093567251461985,1.0,1.0,0.33333333333333337,0.2222222222222222,0.2222222222222222,78,0.01282051282051282,18.361581920903955
43,switch_d0,regime_marginal,1.0,observed,transit_smooth,transition,288,12,2,4,10,272,0.3333333333333333,0.16666666666666666,0.2222222222222222,0.014492753623188406,0.1714759445814408,0.3333333333333333,12,0.041666666666666664,24,0.03571428571428571,1.0,1.0,0.3333333333333333,0.16666666666666666,0.16666666666666666,18,0.05555555555555555,14.492753623188406
43,switch_d0,regime_marginal,1.0,observed,transit_smooth,stable,1872,24,6,37,18,1811,0.13953488372093023,0.25,0.1791044776119403,0.02002164502164502,0.10724396351348393,0.6666666666666666,24,0.0,48,0.056666666666666664,1.0,1.0,0.3333333333333333,0.25,0.25,60,0.0,18.939393939393938
43,switch_d0,regime_marginal,1.0,observed,transit_rough,all,2160,114,31,14,83,2032,0.6888888888888889,0.2719298245614035,0.389937106918239,0.006842619745845552,0.441996492148613,0.8157894736842105,114,0.0043859649122807015,228,0.019801980198019802,1.0,1.0,0.3333333333333333,0.2719298245614035,0.2719298245614035,144,0.0,6.842619745845552
43,switch_d0,regime_marginal,1.0,observed,transit_rough,transition,288,18,2,1,16,269,0.6666666666666666,0.1111111111111111,0.19047619047619047,0.003703703703703704,0.38061331770445506,0.8333333333333334,18,0.0,36,0.01282051282051282,1.0,1.0,0.33333333333333326,0.1111111111111111,0.1111111111111111,6,0.0,3.7037037037037037
43,switch_d0,regime_marginal,1.0,observed,transit_rough,stable,1872,96,29,13,67,1763,0.6904761904761905,0.3020833333333333,0.42028985507246375,0.00731981981981982,0.4554910135574562,0.8125,96,0.005208333333333333,192,0.020833333333333332,1.0,1.0,0.3333333333333333,0.3020833333333333,0.3020833333333333,138,0.0,7.31981981981982
43,switch_d0,regime_marginal,0.2,clean,all,all,6480,0,0,136,0,6344,0.0,,0.0,0.020987654320987655,,,0,,0,0.037037037037037035,1.0,1.0,,,,282,0.0,6.481481481481482
43,switch_d0,regime_marginal,0.2,clean,all,transition,864,0,0,3,0,861,0.0,,0.0,0.003472222222222222,,,0,,0,0.010416666666666666,1.0,1.0,,,,24,0.0,3.4722222222222223
43,switch_d0,regime_marginal,0.2,clean,all,stable,5616,0,0,133,0,5483,0.0,,0.0,0.023682336182336183,,,0,,0,0.04113247863247863,1.0,1.0,,,,258,0.0,6.944444444444445
43,switch_d0,regime_marginal,0.2,clean,warehouse,all,2160,0,0,49,0,2111,0.0,,0.0,0.022685185185185187,,,0,,0,0.03888888888888889,1.0,1.0,,,,60,0.0,8.333333333333334
43,switch_d0,regime_marginal,0.2,clean,warehouse,transition,288,0,0,0,0,288,,,,0.0,,,0,,0,0.0,1.0,1.0,,,,0,,0.0
43,switch_d0,regime_marginal,0.2,clean,warehouse,stable,1872,0,0,49,0,1823,0.0,,0.0,0.026175213675213676,,,0,,0,0.04487179487179487,1.0,1.0,,,,60,0.0,9.615384615384615
43,switch_d0,regime_marginal,0.2,clean,transit_smooth,all,2160,0,0,36,0,2124,0.0,,0.0,0.016666666666666666,,,0,,0,0.030555555555555555,1.0,1.0,,,,78,0.0,5.092592592592593
43,switch_d0,regime_marginal,0.2,clean,transit_smooth,transition,288,0,0,3,0,285,0.0,,0.0,0.010416666666666666,,,0,,0,0.03125,1.0,1.0,,,,18,0.0,10.416666666666666
43,switch_d0,regime_marginal,0.2,clean,transit_smooth,stable,1872,0,0,33,0,1839,0.0,,0.0,0.017628205128205128,,,0,,0,0.030448717948717948,1.0,1.0,,,,60,0.0,4.273504273504273
43,switch_d0,regime_marginal,0.2,clean,transit_rough,all,2160,0,0,51,0,2109,0.0,,0.0,0.02361111111111111,,,0,,0,0.041666666666666664,1.0,1.0,,,,144,0.0,6.018518518518518
43,switch_d0,regime_marginal,0.2,clean,transit_rough,transition,288,0,0,0,0,288,,,,0.0,,,0,,0,0.0,1.0,1.0,,,,6,0.0,0.0
43,switch_d0,regime_marginal,0.2,clean,transit_rough,stable,1872,0,0,51,0,1821,0.0,,0.0,0.027243589743589744,,,0,,0,0.04807692307692308,1.0,1.0,,,,138,0.0,6.944444444444445
43,switch_d0,regime_marginal,0.2,observed,all,all,6480,216,93,159,123,6105,0.36904761904761907,0.4305555555555556,0.3974358974358974,0.025383141762452106,0.3980066781740742,0.8333333333333334,216,0.009259259259259259,432,0.05092592592592592,1.0,1.0,0.3333333333333333,0.4305555555555556,0.4305555555555556,282,0.08865248226950355,6.385696040868455
43,switch_d0,regime_marginal,0.2,observed,all,transition,864,42,14,2,28,820,0.875,0.3333333333333333,0.4827586206896552,0.0024330900243309003,0.5835668467231532,0.7857142857142857,42,0.023809523809523808,84,0.0,1.0,1.0,0.3333333333333333,0.3333333333333333,0.3333333333333333,24,0.0,2.4330900243309004
43,switch_d0,regime_marginal,0.2,observed,all,stable,5616,174,79,157,95,5285,0.3347457627118644,0.4540229885057471,0.3853658536585366,0.02884968761484748,0.4150761276569258,0.8448275862068966,174,0.005747126436781609,348,0.05830388692579505,1.0,1.0,0.3333333333333333,0.4540229885057471,0.4540229885057471,258,0.09689922480620156,6.982726938625506
43,switch_d0,regime_marginal,0.2,observed,warehouse,all,2160,66,25,55,41,2039,0.3125,0.3787878787878788,0.3424657534246575,0.02626552053486151,0.31438162715868084,0.9242424242424242,66,0.0,132,0.05198776758409786,1.0,1.0,0.33333333333333326,0.3787878787878788,0.3787878787878788,60,0.1,8.595988538681949
43,switch_d0,regime_marginal,0.2,observed,warehouse,transition,288,12,6,0,6,276,1.0,0.5,0.6666666666666666,0.0,0.8001285234329184,1.0,12,0.0,24,0.0,1.0,1.0,0.3333333333333333,0.5,0.5,0,,0.0
43,switch_d0,regime_marginal,0.2,observed,warehouse,stable,1872,54,19,55,35,1763,0.25675675675675674,0.35185185185185186,0.296875,0.030253025302530254,0.3035918010835233,0.9074074074074074,54,0.0,108,0.05964912280701754,1.0,1.0,0.3333333333333332,0.35185185185185186,0.35185185185185186,60,0.1,9.900990099009901
43,switch_d0,regime_marginal,0.2,observed,transit_smooth,all,2160,36,8,35,28,2089,0.18604651162790697,0.2222222222222222,0.20253164556962025,0.01647834274952919,0.10408726498291197,0.7222222222222222,36,0.027777777777777776,72,0.027777777777777776,1.0,1.0,0.33333333333333337,0.2222222222222222,0.2222222222222222,78,0.01282051282051282,4.237288135593221
43,switch_d0,regime_marginal,0.2,observed,transit_smooth,transition,288,12,0,2,12,274,0.0,0.0,0.0,0.007246376811594203,0.19415448888547165,0.25,12,0.08333333333333333,24,0.0,1.0,1.0,0.3333333333333333,0.0,0.0,18,0.0,7.246376811594203
43,switch_d0,regime_marginal,0.2,observed,transit_smooth,stable,1872,24,8,33,16,1815,0.1951219512195122,0.3333333333333333,0.24615384615384617,0.017857142857142856,0.11767628727312432,0.9583333333333334,24,0.0,48,0.03166666666666667,1.0,1.0,0.3333333333333333,0.3333333333333333,0.3333333333333333,60,0.016666666666666666,3.787878787878788
43,switch_d0,regime_marginal,0.2,observed,transit_rough,all,2160,114,60,69,54,1977,0.46511627906976744,0.5263157894736842,0.49382716049382713,0.03372434017595308,0.5359413900100192,0.8157894736842105,114,0.008771929824561403,228,0.07590759075907591,1.0,1.0,0.3333333333333333,0.5263157894736842,0.5263157894736842,144,0.125,6.35386119257087
43,switch_d0,regime_marginal,0.2,observed,transit_rough,transition,288,18,8,0,10,270,1.0,0.4444444444444444,0.6153846153846154,0.0,0.6988597672624862,1.0,18,0.0,36,0.0,1.0,1.0,0.33333333333333326,0.4444444444444444,0.4444444444444444,6,0.0,0.0
43,switch_d0,regime_marginal,0.2,observed,transit_rough,stable,1872,96,52,69,44,1707,0.4297520661157025,0.5416666666666666,0.4792626728110599,0.03885135135135135,0.5478953146490786,0.78125,96,0.010416666666666666,192,0.08712121212121213,1.0,1.0,0.3333333333333333,0.5416666666666666,0.5416666666666666,138,0.13043478260869565,7.31981981981982
43,switch_d0,regime_conditional,1.0,clean,all,all,6480,0,0,78,0,6402,0.0,,0.0,0.012037037037037037,,,0,,0,0.03518518518518519,1.0,1.0,,,,282,0.0070921985815602835,12.037037037037036
43,switch_d0,regime_conditional,1.0,clean,all,transition,864,0,0,15,0,849,0.0,,0.0,0.017361111111111112,,,0,,0,0.052083333333333336,1.0,1.0,,,,24,0.08333333333333333,17.36111111111111
43,switch_d0,regime_conditional,1.0,clean,all,stable,5616,0,0,63,0,5553,0.0,,0.0,0.011217948717948718,,,0,,0,0.03258547008547009,1.0,1.0,,,,258,0.0,11.217948717948717
43,switch_d0,regime_conditional,1.0,clean,warehouse,all,2160,0,0,21,0,2139,0.0,,0.0,0.009722222222222222,,,0,,0,0.029166666666666667,1.0,1.0,,,,60,0.0,9.722222222222221
43,switch_d0,regime_conditional,1.0,clean,warehouse,transition,288,0,0,4,0,284,0.0,,0.0,0.013888888888888888,,,0,,0,0.041666666666666664,1.0,1.0,,,,0,,13.88888888888889
43,switch_d0,regime_conditional,1.0,clean,warehouse,stable,1872,0,0,17,0,1855,0.0,,0.0,0.009081196581196582,,,0,,0,0.027243589743589744,1.0,1.0,,,,60,0.0,9.081196581196581
43,switch_d0,regime_conditional,1.0,clean,transit_smooth,all,2160,0,0,40,0,2120,0.0,,0.0,0.018518518518518517,,,0,,0,0.05277777777777778,1.0,1.0,,,,78,0.02564102564102564,18.51851851851852
43,switch_d0,regime_conditional,1.0,clean,transit_smooth,transition,288,0,0,8,0,280,0.0,,0.0,0.027777777777777776,,,0,,0,0.08333333333333333,1.0,1.0,,,,18,0.1111111111111111,27.77777777777778
43,switch_d0,regime_conditional,1.0,clean,transit_smooth,stable,1872,0,0,32,0,1840,0.0,,0.0,0.017094017094017096,,,0,,0,0.04807692307692308,1.0,1.0,,,,60,0.0,17.094017094017094
43,switch_d0,regime_conditional,1.0,clean,transit_rough,all,2160,0,0,17,0,2143,0.0,,0.0,0.00787037037037037,,,0,,0,0.02361111111111111,1.0,1.0,,,,144,0.0,7.87037037037037
43,switch_d0,regime_conditional,1.0,clean,transit_rough,transition,288,0,0,3,0,285,0.0,,0.0,0.010416666666666666,,,0,,0,0.03125,1.0,1.0,,,,6,0.0,10.416666666666666
43,switch_d0,regime_conditional,1.0,clean,transit_rough,stable,1872,0,0,14,0,1858,0.0,,0.0,0.007478632478632479,,,0,,0,0.022435897435897436,1.0,1.0,,,,138,0.0,7.478632478632479
43,switch_d0,regime_conditional,1.0,observed,all,all,6480,216,80,90,136,6174,0.47058823529411764,0.37037037037037035,0.41450777202072536,0.014367816091954023,0.42005547001441884,0.8009259259259259,216,0.041666666666666664,432,0.0360082304526749,1.0,1.0,0.3333333333333333,0.37037037037037035,0.30092592592592593,282,0.0070921985815602835,14.20817369093231
43,switch_d0,regime_conditional,1.0,observed,all,transition,864,42,14,17,28,805,0.45161290322580644,0.3333333333333333,0.3835616438356164,0.02068126520681265,0.34327753160486735,0.5714285714285714,42,0.05952380952380952,84,0.04878048780487805,1.0,1.0,0.3333333333333333,0.3333333333333333,0.23809523809523808,24,0.08333333333333333,20.68126520681265
43,switch_d0,regime_conditional,1.0,observed,all,stable,5616,174,66,73,108,5369,0.4748201438848921,0.3793103448275862,0.4217252396166134,0.013414185961043735,0.44150403807007893,0.8563218390804598,174,0.03735632183908046,348,0.03415783274440518,1.0,1.0,0.3333333333333333,0.3793103448275862,0.3160919540229885,258,0.0,13.230429988974642
43,switch_d0,regime_conditional,1.0,observed,warehouse,all,2160,66,22,28,44,2066,0.44,0.3333333333333333,0.3793103448275862,0.013371537726838587,0.3627939045002444,0.8181818181818182,66,0.06060606060606061,132,0.03058103975535168,1.0,1.0,0.33333333333333326,0.3333333333333333,0.22727272727272727,60,0.0,12.893982808022923
43,switch_d0,regime_conditional,1.0,observed,warehouse,transition,288,12,3,4,9,272,0.42857142857142855,0.25,0.3157894736842105,0.014492753623188406,0.33699727049910877,0.75,12,0.0,24,0.047619047619047616,1.0,1.0,0.3333333333333333,0.25,0.25,0,,14.492753623188406
43,switch_d0,regime_conditional,1.0,observed,warehouse,stable,1872,54,19,24,35,1794,0.4418604651162791,0.35185185185185186,0.3917525773195876,0.013201320132013201,0.3832245923594983,0.8333333333333334,54,0.07407407407407407,108,0.028070175438596492,1.0,1.0,0.3333333333333332,0.35185185185185186,0.2222222222222222,60,0.0,12.651265126512651
43,switch_d0,regime_conditional,1.0,observed,transit_smooth,all,2160,36,14,41,22,2083,0.2545454545454545,0.3888888888888889,0.3076923076923077,0.019303201506591337,0.24941518845512706,0.6388888888888888,36,0.05555555555555555,72,0.05116959064327485,1.0,1.0,0.33333333333333337,0.3888888888888889,0.3055555555555556,78,0.02564102564102564,19.303201506591336
43,switch_d0,regime_conditional,1.0,observed,transit_smooth,transition,288,12,5,10,7,266,0.3333333333333333,0.4166666666666667,0.37037037037037035,0.036231884057971016,0.4012071678629634,0.3333333333333333,12,0.16666666666666666,24,0.07142857142857142,1.0,1.0,0.3333333333333333,0.4166666666666667,0.16666666666666666,18,0.1111111111111111,36.231884057971016
43,switch_d0,regime_conditional,1.0,observed,transit_smooth,stable,1872,24,9,31,15,1817,0.225,0.375,0.28125,0.016774891774891776,0.18767553107959944,0.7916666666666666,24,0.0,48,0.04833333333333333,1.0,1.0,0.3333333333333333,0.375,0.375,60,0.0,16.774891774891774
43,switch_d0,regime_conditional,1.0,observed,transit_rough,all,2160,114,44,21,70,2025,0.676923076923077,0.38596491228070173,0.49162011173184356,0.010263929618768328,0.5695942879863551,0.8421052631578947,114,0.02631578947368421,228,0.024752475247524754,1.0,1.0,0.3333333333333333,0.38596491228070173,0.34210526315789475,144,0.0,10.263929618768328
43,switch_d0,regime_conditional,1.0,observed,transit_rough,transition,288,18,6,3,12,267,0.6666666666666666,0.3333333333333333,0.4444444444444444,0.011111111111111112,0.396962987300728,0.6111111111111112,18,0.027777777777777776,36,0.02564102564102564,1.0,1.0,0.33333333333333326,0.3333333333333333,0.2777777777777778,6,0.0,11.11111111111111
43,switch_d0,regime_conditional,1.0,observed,transit_rough,stable,1872,96,38,18,58,1758,0.6785714285714286,0.3958333333333333,0.5,0.010135135135135136,0.5999706287780955,0.8854166666666666,96,0.026041666666666668,192,0.02462121212121212,1.0,1.0,0.3333333333333333,0.3958333333333333,0.3541666666666667,138,0.0,10.135135135135135
43,switch_d0,regime_conditional,0.2,clean,all,all,6480,0,0,110,0,6370,0.0,,0.0,0.016975308641975308,,,0,,0,0.050462962962962966,1.0,1.0,,,,282,0.0070921985815602835,8.796296296296296
43,switch_d0,regime_conditional,0.2,clean,all,transition,864,0,0,5,0,859,0.0,,0.0,0.005787037037037037,,,0,,0,0.017361111111111112,1.0,1.0,,,,24,0.0,3.4722222222222223
43,switch_d0,regime_conditional,0.2,clean,all,stable,5616,0,0,105,0,5511,0.0,,0.0,0.018696581196581196,,,0,,0,0.05555555555555555,1.0,1.0,,,,258,0.007751937984496124,9.615384615384615
43,switch_d0,regime_conditional,0.2,clean,warehouse,all,2160,0,0,43,0,2117,0.0,,0.0,0.01990740740740741,,,0,,0,0.058333333333333334,1.0,1.0,,,,60,0.03333333333333333,12.037037037037036
43,switch_d0,regime_conditional,0.2,clean,warehouse,transition,288,0,0,1,0,287,0.0,,0.0,0.003472222222222222,,,0,,0,0.010416666666666666,1.0,1.0,,,,0,,3.4722222222222223
43,switch_d0,regime_conditional,0.2,clean,warehouse,stable,1872,0,0,42,0,1830,0.0,,0.0,0.022435897435897436,,,0,,0,0.06570512820512821,1.0,1.0,,,,60,0.03333333333333333,13.354700854700855
43,switch_d0,regime_conditional,0.2,clean,transit_smooth,all,2160,0,0,36,0,2124,0.0,,0.0,0.016666666666666666,,,0,,0,0.05,1.0,1.0,,,,78,0.0,7.87037037037037
43,switch_d0,regime_conditional,0.2,clean,transit_smooth,transition,288,0,0,4,0,284,0.0,,0.0,0.013888888888888888,,,0,,0,0.041666666666666664,1.0,1.0,,,,18,0.0,6.944444444444445
43,switch_d0,regime_conditional,0.2,clean,transit_smooth,stable,1872,0,0,32,0,1840,0.0,,0.0,0.017094017094017096,,,0,,0,0.05128205128205128,1.0,1.0,,,,60,0.0,8.012820512820513
43,switch_d0,regime_conditional,0.2,clean,transit_rough,all,2160,0,0,31,0,2129,0.0,,0.0,0.014351851851851852,,,0,,0,0.043055555555555555,1.0,1.0,,,,144,0.0,6.481481481481482
43,switch_d0,regime_conditional,0.2,clean,transit_rough,transition,288,0,0,0,0,288,,,,0.0,,,0,,0,0.0,1.0,1.0,,,,6,0.0,0.0
43,switch_d0,regime_conditional,0.2,clean,transit_rough,stable,1872,0,0,31,0,1841,0.0,,0.0,0.01655982905982906,,,0,,0,0.049679487179487176,1.0,1.0,,,,138,0.0,7.478632478632479
43,switch_d0,regime_conditional,0.2,observed,all,all,6480,216,169,247,47,6017,0.40625,0.7824074074074074,0.5348101265822784,0.039431673052362705,0.6822984033933898,0.9212962962962963,216,0.16435185185185186,432,0.08436213991769548,1.0,1.0,0.3333333333333333,0.7824074074074074,0.48148148148148145,282,0.22695035460992907,11.973180076628353
43,switch_d0,regime_conditional,0.2,observed,all,transition,864,42,34,19,8,803,0.6415094339622641,0.8095238095238095,0.7157894736842105,0.023114355231143552,0.8434584887208472,1.0,42,0.21428571428571427,84,0.0040650406504065045,1.0,1.0,0.3333333333333333,0.8095238095238095,0.38095238095238093,24,0.0,4.866180048661801
43,switch_d0,regime_conditional,0.2,observed,all,stable,5616,174,135,228,39,5214,0.371900826446281,0.7758620689655172,0.5027932960893855,0.04189636163175303,0.6564837421409725,0.9022988505747126,174,0.15229885057471265,348,0.09599528857479388,1.0,1.0,0.3333333333333333,0.7758620689655172,0.5057471264367817,258,0.24806201550387597,13.04667401690555
43,switch_d0,regime_conditional,0.2,observed,warehouse,all,2160,66,51,73,15,2021,0.4112903225806452,0.7727272727272727,0.5368421052631579,0.034861509073543455,0.6899088191475014,0.9090909090909091,66,0.15151515151515152,132,0.07951070336391437,1.0,1.0,0.33333333333333326,0.7727272727272727,0.5151515151515151,60,0.18333333333333332,15.281757402101242
43,switch_d0,regime_conditional,0.2,observed,warehouse,transition,288,12,9,4,3,272,0.6923076923076923,0.75,0.72,0.014492753623188406,0.8969507101086047,1.0,12,0.125,24,0.011904761904761904,1.0,1.0,0.3333333333333333,0.75,0.5,0,,7.246376811594203
43,switch_d0,regime_conditional,0.2,observed,warehouse,stable,1872,54,42,69,12,1749,0.3783783783783784,0.7777777777777778,0.509090909090909,0.037953795379537955,0.6388113252052411,0.8888888888888888,54,0.1574074074074074,108,0.08947368421052632,1.0,1.0,0.3333333333333332,0.7777777777777778,0.5185185185185185,60,0.18333333333333332,16.501650165016503
43,switch_d0,regime_conditional,0.2,observed,transit_smooth,all,2160,36,26,54,10,2070,0.325,0.7222222222222222,0.4482758620689655,0.025423728813559324,0.6028128954716708,0.9722222222222222,36,0.125,72,0.06140350877192982,1.0,1.0,0.33333333333333337,0.7222222222222222,0.4722222222222222,78,0.1794871794871795,7.532956685499058
43,switch_d0,regime_conditional,0.2,observed,transit_smooth,transition,288,12,11,9,1,267,0.55,0.9166666666666666,0.6875,0.03260869565217391,0.9098557692307693,1.0,12,0.375,24,0.0,1.0,1.0,0.3333333333333333,0.9166666666666666,0.16666666666666666,18,0.0,3.6231884057971016
43,switch_d0,regime_conditional,0.2,observed,transit_smooth,stable,1872,24,15,45,9,1803,0.25,0.625,0.35714285714285715,0.024350649350649352,0.43270452568195783,0.9583333333333334,24,0.0,48,0.07,1.0,1.0,0.3333333333333333,0.625,0.625,60,0.23333333333333334,8.116883116883116
43,switch_d0,regime_conditional,0.2,observed,transit_rough,all,2160,114,92,120,22,1926,0.4339622641509434,0.8070175438596491,0.5644171779141104,0.05865102639296188,0.7206950773173556,0.9122807017543859,114,0.18421052631578946,228,0.11551155115511551,1.0,1.0,0.3333333333333333,0.8070175438596491,0.4649122807017544,144,0.2708333333333333,13.196480938416423
43,switch_d0,regime_conditional,0.2,observed,transit_rough,transition,288,18,14,6,4,264,0.7,0.7777777777777778,0.7368421052631579,0.022222222222222223,0.8122256153595655,1.0,18,0.16666666666666666,36,0.0,1.0,1.0,0.33333333333333326,0.7777777777777778,0.4444444444444444,6,0.0,3.7037037037037037
43,switch_d0,regime_conditional,0.2,observed,transit_rough,stable,1872,96,78,114,18,1662,0.40625,0.8125,0.5416666666666666,0.06418918918918919,0.7271935659451797,0.8958333333333334,96,0.1875,192,0.13257575757575757,1.0,1.0,0.3333333333333333,0.8125,0.46875,138,0.2826086956521739,14.63963963963964
43,switch_d4,regime_marginal,1.0,clean,all,all,6480,0,0,248,0,6232,0.0,,0.0,0.03827160493827161,,,0,,0,0.08425925925925926,1.0,1.0,,,,282,0.031914893617021274,20.679012345679013
43,switch_d4,regime_marginal,1.0,clean,all,transition,864,0,0,165,0,699,0.0,,0.0,0.1909722222222222,,,0,,0,0.3611111111111111,1.0,1.0,,,,24,0.375,63.657407407407405
43,switch_d4,regime_marginal,1.0,clean,all,stable,5616,0,0,83,0,5533,0.0,,0.0,0.01477920227920228,,,0,,0,0.041666666666666664,1.0,1.0,,,,258,0.0,14.066951566951566
43,switch_d4,regime_marginal,1.0,clean,warehouse,all,2160,0,0,96,0,2064,0.0,,0.0,0.044444444444444446,,,0,,0,0.09305555555555556,1.0,1.0,,,,60,0.0,23.14814814814815
43,switch_d4,regime_marginal,1.0,clean,warehouse,transition,288,0,0,64,0,224,0.0,,0.0,0.2222222222222222,,,0,,0,0.375,1.0,1.0,,,,0,,69.44444444444444
43,switch_d4,regime_marginal,1.0,clean,warehouse,stable,1872,0,0,32,0,1840,0.0,,0.0,0.017094017094017096,,,0,,0,0.049679487179487176,1.0,1.0,,,,60,0.0,16.025641025641026
43,switch_d4,regime_marginal,1.0,clean,transit_smooth,all,2160,0,0,103,0,2057,0.0,,0.0,0.047685185185185185,,,0,,0,0.09861111111111111,1.0,1.0,,,,78,0.11538461538461539,27.314814814814813
43,switch_d4,regime_marginal,1.0,clean,transit_smooth,transition,288,0,0,65,0,223,0.0,,0.0,0.22569444444444445,,,0,,0,0.375,1.0,1.0,,,,18,0.5,79.86111111111111
43,switch_d4,regime_marginal,1.0,clean,transit_smooth,stable,1872,0,0,38,0,1834,0.0,,0.0,0.0202991452991453,,,0,,0,0.05608974358974359,1.0,1.0,,,,60,0.0,19.23076923076923
43,switch_d4,regime_marginal,1.0,clean,transit_rough,all,2160,0,0,49,0,2111,0.0,,0.0,0.022685185185185187,,,0,,0,0.06111111111111111,1.0,1.0,,,,144,0.0,11.574074074074074
43,switch_d4,regime_marginal,1.0,clean,transit_rough,transition,288,0,0,36,0,252,0.0,,0.0,0.125,,,0,,0,0.3333333333333333,1.0,1.0,,,,6,0.0,41.666666666666664
43,switch_d4,regime_marginal,1.0,clean,transit_rough,stable,1872,0,0,13,0,1859,0.0,,0.0,0.006944444444444444,,,0,,0,0.019230769230769232,1.0,1.0,,,,138,0.0,6.944444444444445
43,switch_d4,regime_marginal,1.0,observed,all,all,6480,216,63,237,153,6027,0.21,0.2916666666666667,0.2441860465116279,0.037835249042145594,0.13714269859437836,0.7222222222222222,216,0.041666666666666664,432,0.08281893004115226,1.0,1.0,0.3333333333333333,0.2916666666666667,0.25462962962962965,282,0.031914893617021274,20.593869731800766
43,switch_d4,regime_marginal,1.0,observed,all,transition,864,42,13,155,29,667,0.07738095238095238,0.30952380952380953,0.12380952380952381,0.18856447688564476,0.07652102825852082,0.47619047619047616,42,0.19047619047619047,84,0.34959349593495936,1.0,1.0,0.3333333333333333,0.30952380952380953,0.11904761904761904,24,0.375,62.043795620437955
43,switch_d4,regime_marginal,1.0,observed,all,stable,5616,174,50,82,124,5360,0.3787878787878788,0.28735632183908044,0.32679738562091504,0.015067989709665565,0.3003054339616694,0.7816091954022989,174,0.005747126436781609,348,0.044169611307420496,1.0,1.0,0.3333333333333333,0.28735632183908044,0.28735632183908044,258,0.0,14.332965821389195
43,switch_d4,regime_marginal,1.0,observed,warehouse,all,2160,66,16,95,50,1999,0.14414414414414414,0.24242424242424243,0.1807909604519774,0.04536771728748806,0.10674747665997876,0.696969696969697,66,0.06818181818181818,132,0.09327217125382263,1.0,1.0,0.33333333333333326,0.24242424242424243,0.22727272727272727,60,0.0,23.400191021967526
43,switch_d4,regime_marginal,1.0,observed,warehouse,transition,288,12,1,63,11,213,0.015625,0.08333333333333333,0.02631578947368421,0.22826086956521738,0.05444649680564327,0.3333333333333333,12,0.3333333333333333,24,0.36904761904761907,1.0,1.0,0.3333333333333333,0.08333333333333333,0.0,0,,68.84057971014492
43,switch_d4,regime_marginal,1.0,observed,warehouse,stable,1872,54,15,32,39,1786,0.3191489361702128,0.2777777777777778,0.297029702970297,0.0176017601760176,0.33581248398619445,0.7777777777777778,54,0.009259259259259259,108,0.05263157894736842,1.0,1.0,0.3333333333333332,0.2777777777777778,0.2777777777777778,60,0.0,16.501650165016503
43,switch_d4,regime_marginal,1.0,observed,transit_smooth,all,2160,36,11,97,25,2027,0.10185185185185185,0.3055555555555556,0.1527777777777778,0.04566854990583804,0.061509796603430436,0.6111111111111112,36,0.05555555555555555,72,0.09502923976608187,1.0,1.0,0.33333333333333337,0.3055555555555556,0.19444444444444445,78,0.11538461538461539,26.365348399246706
43,switch_d4,regime_marginal,1.0,observed,transit_smooth,transition,288,12,5,60,7,216,0.07692307692307693,0.4166666666666667,0.12987012987012986,0.21739130434782608,0.06735187710420143,0.5,12,0.16666666666666666,24,0.36904761904761907,1.0,1.0,0.3333333333333333,0.4166666666666667,0.08333333333333333,18,0.5,76.08695652173913
43,switch_d4,regime_marginal,1.0,observed,transit_smooth,stable,1872,24,6,37,18,1811,0.13953488372093023,0.25,0.1791044776119403,0.02002164502164502,0.10724396351348393,0.6666666666666666,24,0.0,48,0.056666666666666664,1.0,1.0,0.3333333333333333,0.25,0.25,60,0.0,18.939393939393938
43,switch_d4,regime_marginal,1.0,observed,transit_rough,all,2160,114,36,45,78,2001,0.4444444444444444,0.3157894736842105,0.36923076923076925,0.021994134897360705,0.2733103977188684,0.7719298245614035,114,0.021929824561403508,228,0.057755775577557754,1.0,1.0,0.3333333333333333,0.3157894736842105,0.2894736842105263,144,0.0,11.730205278592376
43,switch_d4,regime_marginal,1.0,observed,transit_rough,transition,288,18,7,32,11,238,0.1794871794871795,0.3888888888888889,0.24561403508771928,0.11851851851851852,0.13292761126465574,0.5555555555555556,18,0.1111111111111111,36,0.3076923076923077,1.0,1.0,0.33333333333333326,0.3888888888888889,0.2222222222222222,6,0.0,40.74074074074074
43,switch_d4,regime_marginal,1.0,observed,transit_rough,stable,1872,96,29,13,67,1763,0.6904761904761905,0.3020833333333333,0.42028985507246375,0.00731981981981982,0.4554910135574562,0.8125,96,0.005208333333333333,192,0.020833333333333332,1.0,1.0,0.3333333333333333,0.3020833333333333,0.3020833333333333,138,0.0,7.31981981981982
43,switch_d4,regime_marginal,0.2,clean,all,all,6480,0,0,277,0,6203,0.0,,0.0,0.04274691358024691,,,0,,0,0.08009259259259259,1.0,1.0,,,,282,0.02127659574468085,12.5
43,switch_d4,regime_marginal,0.2,clean,all,transition,864,0,0,145,0,719,0.0,,0.0,0.16782407407407407,,,0,,0,0.3333333333333333,1.0,1.0,,,,24,0.25,49.76851851851852
43,switch_d4,regime_marginal,0.2,clean,all,stable,5616,0,0,132,0,5484,0.0,,0.0,0.023504273504273504,,,0,,0,0.04113247863247863,1.0,1.0,,,,258,0.0,6.766381766381766
43,switch_d4,regime_marginal,0.2,clean,warehouse,all,2160,0,0,97,0,2063,0.0,,0.0,0.04490740740740741,,,0,,0,0.08333333333333333,1.0,1.0,,,,60,0.0,15.277777777777779
43,switch_d4,regime_marginal,0.2,clean,warehouse,transition,288,0,0,49,0,239,0.0,,0.0,0.1701388888888889,,,0,,0,0.3333333333333333,1.0,1.0,,,,0,,55.55555555555556
43,switch_d4,regime_marginal,0.2,clean,warehouse,stable,1872,0,0,48,0,1824,0.0,,0.0,0.02564102564102564,,,0,,0,0.04487179487179487,1.0,1.0,,,,60,0.0,9.081196581196581
43,switch_d4,regime_marginal,0.2,clean,transit_smooth,all,2160,0,0,90,0,2070,0.0,,0.0,0.041666666666666664,,,0,,0,0.07222222222222222,1.0,1.0,,,,78,0.07692307692307693,11.574074074074074
43,switch_d4,regime_marginal,0.2,clean,transit_smooth,transition,288,0,0,57,0,231,0.0,,0.0,0.19791666666666666,,,0,,0,0.34375,1.0,1.0,,,,18,0.3333333333333333,59.02777777777778
43,switch_d4,regime_marginal,0.2,clean,transit_smooth,stable,1872,0,0,33,0,1839,0.0,,0.0,0.017628205128205128,,,0,,0,0.030448717948717948,1.0,1.0,,,,60,0.0,4.273504273504273
43,switch_d4,regime_marginal,0.2,clean,transit_rough,all,2160,0,0,90,0,2070,0.0,,0.0,0.041666666666666664,,,0,,0,0.08472222222222223,1.0,1.0,,,,144,0.0,10.648148148148149
43,switch_d4,regime_marginal,0.2,clean,transit_rough,transition,288,0,0,39,0,249,0.0,,0.0,0.13541666666666666,,,0,,0,0.3229166666666667,1.0,1.0,,,,6,0.0,34.72222222222222
43,switch_d4,regime_marginal,0.2,clean,transit_rough,stable,1872,0,0,51,0,1821,0.0,,0.0,0.027243589743589744,,,0,,0,0.04807692307692308,1.0,1.0,,,,138,0.0,6.944444444444445
43,switch_d4,regime_marginal,0.2,observed,all,all,6480,216,87,291,129,5973,0.23015873015873015,0.4027777777777778,0.29292929292929293,0.04645593869731801,0.1669820944242621,0.7870370370370371,216,0.034722222222222224,432,0.09053497942386832,1.0,1.0,0.3333333333333333,0.4027777777777778,0.37962962962962965,282,0.10283687943262411,12.292464878671776
43,switch_d4,regime_marginal,0.2,observed,all,transition,864,42,8,137,34,685,0.05517241379310345,0.19047619047619047,0.0855614973262032,0.16666666666666666,0.0809026337442553,0.5476190476190477,42,0.15476190476190477,84,0.32113821138211385,1.0,1.0,0.3333333333333333,0.19047619047619047,0.07142857142857142,24,0.25,48.661800486618006
43,switch_d4,regime_marginal,0.2,observed,all,stable,5616,174,79,154,95,5288,0.33905579399141633,0.4540229885057471,0.3882063882063882,0.028298419698640206,0.41619431457436673,0.8448275862068966,174,0.005747126436781609,348,0.05712603062426384,1.0,1.0,0.3333333333333333,0.4540229885057471,0.4540229885057471,258,0.08914728682170543,6.798970966556413
43,switch_d4,regime_marginal,0.2,observed,warehouse,all,2160,66,19,104,47,1990,0.15447154471544716,0.2878787878787879,0.20105820105820105,0.049665711556829036,0.12584200264601594,0.8333333333333334,66,0.03787878787878788,132,0.09480122324159021,1.0,1.0,0.33333333333333326,0.2878787878787879,0.2878787878787879,60,0.1,15.759312320916905
43,switch_d4,regime_marginal,0.2,observed,warehouse,transition,288,12,0,50,12,226,0.0,0.0,0.0,0.18115942028985507,0.06319187602336204,0.5,12,0.20833333333333334,24,0.3333333333333333,1.0,1.0,0.3333333333333333,0.0,0.0,0,,57.971014492753625
43,switch_d4,regime_marginal,0.2,observed,warehouse,stable,1872,54,19,54,35,1764,0.2602739726027397,0.35185185185185186,0.2992125984251969,0.0297029702970297,0.30767878363157825,0.9074074074074074,54,0.0,108,0.05964912280701754,1.0,1.0,0.3333333333333332,0.35185185185185186,0.35185185185185186,60,0.1,9.350935093509351
43,switch_d4,regime_marginal,0.2,observed,transit_smooth,all,2160,36,12,85,24,2039,0.12371134020618557,0.3333333333333333,0.18045112781954886,0.04001883239171375,0.07955677738615177,0.75,36,0.05555555555555555,72,0.06871345029239766,1.0,1.0,0.33333333333333337,0.3333333333333333,0.2222222222222222,78,0.08974358974358974,10.357815442561206
43,switch_d4,regime_marginal,0.2,observed,transit_smooth,transition,288,12,4,52,8,224,0.07142857142857142,0.3333333333333333,0.11764705882352941,0.18840579710144928,0.07512622924122929,0.3333333333333333,12,0.16666666666666666,24,0.3333333333333333,1.0,1.0,0.3333333333333333,0.3333333333333333,0.0,18,0.3333333333333333,54.34782608695652
43,switch_d4,regime_marginal,0.2,observed,transit_smooth,stable,1872,24,8,33,16,1815,0.1951219512195122,0.3333333333333333,0.24615384615384617,0.017857142857142856,0.11707975167637068,0.9583333333333334,24,0.0,48,0.03166666666666667,1.0,1.0,0.3333333333333333,0.3333333333333333,0.3333333333333333,60,0.016666666666666666,3.787878787878788
43,switch_d4,regime_marginal,0.2,observed,transit_rough,all,2160,114,56,102,58,1944,0.35443037974683544,0.49122807017543857,0.4117647058823529,0.04985337243401759,0.29427316046094076,0.7719298245614035,114,0.02631578947368421,228,0.11056105610561057,1.0,1.0,0.3333333333333333,0.49122807017543857,0.4824561403508772,144,0.1111111111111111,10.75268817204301
43,switch_d4,regime_marginal,0.2,observed,transit_rough,transition,288,18,4,35,14,235,0.10256410256410256,0.2222222222222222,0.14035087719298245,0.12962962962962962,0.12824458371402017,0.7222222222222222,18,0.1111111111111111,36,0.2948717948717949,1.0,1.0,0.33333333333333326,0.2222222222222222,0.16666666666666666,6,0.0,33.333333333333336
43,switch_d4,regime_marginal,0.2,observed,transit_rough,stable,1872,96,52,67,44,1709,0.4369747899159664,0.5416666666666666,0.48372093023255813,0.03772522522522523,0.5494683692587319,0.78125,96,0.010416666666666666,192,0.08333333333333333,1.0,1.0,0.3333333333333333,0.5416666666666666,0.5416666666666666,138,0.11594202898550725,7.31981981981982
43,switch_d4,regime_conditional,1.0,clean,all,all,6480,0,0,226,0,6254,0.0,,0.0,0.03487654320987654,,,0,,0,0.07824074074074074,1.0,1.0,,,,282,0.024822695035460994,19.753086419753085
43,switch_d4,regime_conditional,1.0,clean,all,transition,864,0,0,163,0,701,0.0,,0.0,0.1886574074074074,,,0,,0,0.375,1.0,1.0,,,,24,0.2916666666666667,75.23148148148148
43,switch_d4,regime_conditional,1.0,clean,all,stable,5616,0,0,63,0,5553,0.0,,0.0,0.011217948717948718,,,0,,0,0.03258547008547009,1.0,1.0,,,,258,0.0,11.217948717948717
43,switch_d4,regime_conditional,1.0,clean,warehouse,all,2160,0,0,55,0,2105,0.0,,0.0,0.02546296296296296,,,0,,0,0.07222222222222222,1.0,1.0,,,,60,0.0,14.351851851851851
43,switch_d4,regime_conditional,1.0,clean,warehouse,transition,288,0,0,38,0,250,0.0,,0.0,0.13194444444444445,,,0,,0,0.3645833333333333,1.0,1.0,,,,0,,48.611111111111114
43,switch_d4,regime_conditional,1.0,clean,warehouse,stable,1872,0,0,17,0,1855,0.0,,0.0,0.009081196581196582,,,0,,0,0.027243589743589744,1.0,1.0,,,,60,0.0,9.081196581196581
43,switch_d4,regime_conditional,1.0,clean,transit_smooth,all,2160,0,0,105,0,2055,0.0,,0.0,0.04861111111111111,,,0,,0,0.09583333333333334,1.0,1.0,,,,78,0.08974358974358974,27.314814814814813
43,switch_d4,regime_conditional,1.0,clean,transit_smooth,transition,288,0,0,73,0,215,0.0,,0.0,0.2534722222222222,,,0,,0,0.40625,1.0,1.0,,,,18,0.3888888888888889,93.75
43,switch_d4,regime_conditional,1.0,clean,transit_smooth,stable,1872,0,0,32,0,1840,0.0,,0.0,0.017094017094017096,,,0,,0,0.04807692307692308,1.0,1.0,,,,60,0.0,17.094017094017094
43,switch_d4,regime_conditional,1.0,clean,transit_rough,all,2160,0,0,66,0,2094,0.0,,0.0,0.030555555555555555,,,0,,0,0.06666666666666667,1.0,1.0,,,,144,0.0,17.59259259259259
43,switch_d4,regime_conditional,1.0,clean,transit_rough,transition,288,0,0,52,0,236,0.0,,0.0,0.18055555555555555,,,0,,0,0.3541666666666667,1.0,1.0,,,,6,0.0,83.33333333333333
43,switch_d4,regime_conditional,1.0,clean,transit_rough,stable,1872,0,0,14,0,1858,0.0,,0.0,0.007478632478632479,,,0,,0,0.022435897435897436,1.0,1.0,,,,138,0.0,7.478632478632479
43,switch_d4,regime_conditional,1.0,observed,all,all,6480,216,82,227,134,6037,0.26537216828478966,0.37962962962962965,0.31238095238095237,0.03623882503192848,0.17321966713276377,0.7824074074074074,216,0.0763888888888889,432,0.07664609053497942,1.0,1.0,0.3333333333333333,0.37962962962962965,0.2962962962962963,282,0.024822695035460994,21.551724137931036
43,switch_d4,regime_conditional,1.0,observed,all,transition,864,42,16,154,26,668,0.09411764705882353,0.38095238095238093,0.1509433962264151,0.1873479318734793,0.07331900867894307,0.47619047619047616,42,0.23809523809523808,84,0.3699186991869919,1.0,1.0,0.3333333333333333,0.38095238095238093,0.21428571428571427,24,0.2916666666666667,76.64233576642336
43,switch_d4,regime_conditional,1.0,observed,all,stable,5616,174,66,73,108,5369,0.4748201438848921,0.3793103448275862,0.4217252396166134,0.013414185961043735,0.44150403807007893,0.8563218390804598,174,0.03735632183908046,348,0.03415783274440518,1.0,1.0,0.3333333333333333,0.3793103448275862,0.3160919540229885,258,0.0,13.230429988974642
43,switch_d4,regime_conditional,1.0,observed,warehouse,all,2160,66,21,61,45,2033,0.25609756097560976,0.3181818181818182,0.28378378378378377,0.02913085004775549,0.14794658011196737,0.7727272727272727,66,0.09090909090909091,132,0.07186544342507645,1.0,1.0,0.33333333333333326,0.3181818181818182,0.21212121212121213,60,0.0,17.191977077363898
43,switch_d4,regime_conditional,1.0,observed,warehouse,transition,288,12,2,37,10,239,0.05128205128205128,0.16666666666666666,0.0784313725490196,0.13405797101449277,0.05585920956247471,0.5,12,0.16666666666666666,24,0.36904761904761907,1.0,1.0,0.3333333333333333,0.16666666666666666,0.16666666666666666,0,,47.10144927536232
43,switch_d4,regime_conditional,1.0,observed,warehouse,stable,1872,54,19,24,35,1794,0.4418604651162791,0.35185185185185186,0.3917525773195876,0.013201320132013201,0.3832245923594983,0.8333333333333334,54,0.07407407407407407,108,0.028070175438596492,1.0,1.0,0.3333333333333332,0.35185185185185186,0.2222222222222222,60,0.0,12.651265126512651
43,switch_d4,regime_conditional,1.0,observed,transit_smooth,all,2160,36,15,101,21,2023,0.12931034482758622,0.4166666666666667,0.19736842105263158,0.0475517890772128,0.09012942243320649,0.6944444444444444,36,0.09722222222222222,72,0.09210526315789473,1.0,1.0,0.33333333333333337,0.4166666666666667,0.2777777777777778,78,0.08974358974358974,27.77777777777778
43,switch_d4,regime_conditional,1.0,observed,transit_smooth,transition,288,12,6,70,6,206,0.07894736842105263,0.5,0.13636363636363635,0.2536231884057971,0.07428144413972465,0.5,12,0.2916666666666667,24,0.40476190476190477,1.0,1.0,0.3333333333333333,0.5,0.08333333333333333,18,0.3888888888888889,101.44927536231884
43,switch_d4,regime_conditional,1.0,observed,transit_smooth,stable,1872,24,9,31,15,1817,0.225,0.375,0.28125,0.016774891774891776,0.18767553107959944,0.7916666666666666,24,0.0,48,0.04833333333333333,1.0,1.0,0.3333333333333333,0.375,0.375,60,0.0,16.774891774891774
43,switch_d4,regime_conditional,1.0,observed,transit_rough,all,2160,114,46,65,68,1981,0.4144144144144144,0.40350877192982454,0.4088888888888889,0.03176930596285435,0.29012179201985233,0.8157894736842105,114,0.06140350877192982,228,0.06435643564356436,1.0,1.0,0.3333333333333333,0.40350877192982454,0.3508771929824561,144,0.0,19.550342130987293
43,switch_d4,regime_conditional,1.0,observed,transit_rough,transition,288,18,8,47,10,223,0.14545454545454545,0.4444444444444444,0.2191780821917808,0.17407407407407408,0.10047928382233234,0.4444444444444444,18,0.25,36,0.3333333333333333,1.0,1.0,0.33333333333333326,0.4444444444444444,0.3333333333333333,6,0.0,81.48148148148148
43,switch_d4,regime_conditional,1.0,observed,transit_rough,stable,1872,96,38,18,58,1758,0.6785714285714286,0.3958333333333333,0.5,0.010135135135135136,0.5999706287780955,0.8854166666666666,96,0.026041666666666668,192,0.02462121212121212,1.0,1.0,0.3333333333333333,0.3958333333333333,0.3541666666666667,138,0.0,10.135135135135135
43,switch_d4,regime_conditional,0.2,clean,all,all,6480,0,0,246,0,6234,0.0,,0.0,0.03796296296296296,,,0,,0,0.09212962962962963,1.0,1.0,,,,282,0.02127659574468085,15.123456790123457
43,switch_d4,regime_conditional,0.2,clean,all,transition,864,0,0,143,0,721,0.0,,0.0,0.16550925925925927,,,0,,0,0.3368055555555556,1.0,1.0,,,,24,0.16666666666666666,50.925925925925924
43,switch_d4,regime_conditional,0.2,clean,all,stable,5616,0,0,103,0,5513,0.0,,0.0,0.01834045584045584,,,0,,0,0.05448717948717949,1.0,1.0,,,,258,0.007751937984496124,9.615384615384615
43,switch_d4,regime_conditional,0.2,clean,warehouse,all,2160,0,0,80,0,2080,0.0,,0.0,0.037037037037037035,,,0,,0,0.10138888888888889,1.0,1.0,,,,60,0.03333333333333333,17.12962962962963
43,switch_d4,regime_conditional,0.2,clean,warehouse,transition,288,0,0,38,0,250,0.0,,0.0,0.13194444444444445,,,0,,0,0.3333333333333333,1.0,1.0,,,,0,,41.666666666666664
43,switch_d4,regime_conditional,0.2,clean,warehouse,stable,1872,0,0,42,0,1830,0.0,,0.0,0.022435897435897436,,,0,,0,0.06570512820512821,1.0,1.0,,,,60,0.03333333333333333,13.354700854700855
43,switch_d4,regime_conditional,0.2,clean,transit_smooth,all,2160,0,0,91,0,2069,0.0,,0.0,0.04212962962962963,,,0,,0,0.0875,1.0,1.0,,,,78,0.05128205128205128,14.814814814814815
43,switch_d4,regime_conditional,0.2,clean,transit_smooth,transition,288,0,0,61,0,227,0.0,,0.0,0.21180555555555555,,,0,,0,0.34375,1.0,1.0,,,,18,0.2222222222222222,59.02777777777778
43,switch_d4,regime_conditional,0.2,clean,transit_smooth,stable,1872,0,0,30,0,1842,0.0,,0.0,0.016025641025641024,,,0,,0,0.04807692307692308,1.0,1.0,,,,60,0.0,8.012820512820513
43,switch_d4,regime_conditional,0.2,clean,transit_rough,all,2160,0,0,75,0,2085,0.0,,0.0,0.034722222222222224,,,0,,0,0.0875,1.0,1.0,,,,144,0.0,13.425925925925926
43,switch_d4,regime_conditional,0.2,clean,transit_rough,transition,288,0,0,44,0,244,0.0,,0.0,0.1527777777777778,,,0,,0,0.3333333333333333,1.0,1.0,,,,6,0.0,52.083333333333336
43,switch_d4,regime_conditional,0.2,clean,transit_rough,stable,1872,0,0,31,0,1841,0.0,,0.0,0.01655982905982906,,,0,,0,0.049679487179487176,1.0,1.0,,,,138,0.0,7.478632478632479
43,switch_d4,regime_conditional,0.2,observed,all,all,6480,216,156,367,60,5897,0.2982791586998088,0.7222222222222222,0.42219215155615697,0.05858876117496807,0.283916979974625,0.8657407407407407,216,0.17592592592592593,432,0.12397119341563786,1.0,1.0,0.3333333333333333,0.7222222222222222,0.4583333333333333,282,0.2375886524822695,18.51851851851852
43,switch_d4,regime_conditional,0.2,observed,all,transition,864,42,21,142,21,680,0.12883435582822086,0.5,0.2048780487804878,0.17274939172749393,0.09787406771317148,0.7142857142857143,42,0.27380952380952384,84,0.3252032520325203,1.0,1.0,0.3333333333333333,0.5,0.2619047619047619,24,0.16666666666666666,53.5279805352798
43,switch_d4,regime_conditional,0.2,observed,all,stable,5616,174,135,225,39,5217,0.375,0.7758620689655172,0.5056179775280899,0.041345093715545754,0.6629222927119156,0.9022988505747126,174,0.15229885057471265,348,0.09481743227326266,1.0,1.0,0.3333333333333333,0.7758620689655172,0.5057471264367817,258,0.2441860465116279,13.230429988974642
43,switch_d4,regime_conditional,0.2,observed,warehouse,all,2160,66,48,108,18,1986,0.3076923076923077,0.7272727272727273,0.43243243243243246,0.05157593123209169,0.2852808672634294,0.8484848484848485,66,0.16666666666666666,132,0.12079510703363915,1.0,1.0,0.33333333333333326,0.7272727272727273,0.5,60,0.18333333333333332,20.534861509073544
43,switch_d4,regime_conditional,0.2,observed,warehouse,transition,288,12,6,39,6,237,0.13333333333333333,0.5,0.21052631578947367,0.14130434782608695,0.08294105873521722,0.6666666666666666,12,0.20833333333333334,24,0.3333333333333333,1.0,1.0,0.3333333333333333,0.5,0.4166666666666667,0,,47.10144927536232
43,switch_d4,regime_conditional,0.2,observed,warehouse,stable,1872,54,42,69,12,1749,0.3783783783783784,0.7777777777777778,0.509090909090909,0.037953795379537955,0.6433119108540988,0.8888888888888888,54,0.1574074074074074,108,0.08947368421052632,1.0,1.0,0.3333333333333332,0.7777777777777778,0.5185185185185185,60,0.18333333333333332,16.501650165016503
43,switch_d4,regime_conditional,0.2,observed,transit_smooth,all,2160,36,23,104,13,2020,0.18110236220472442,0.6388888888888888,0.2822085889570552,0.04896421845574388,0.14685090416608376,0.8888888888888888,36,0.125,72,0.09941520467836257,1.0,1.0,0.33333333333333337,0.6388888888888888,0.4444444444444444,78,0.21794871794871795,14.595103578154426
43,switch_d4,regime_conditional,0.2,observed,transit_smooth,transition,288,12,8,61,4,215,0.11594202898550725,0.6666666666666666,0.19753086419753085,0.2210144927536232,0.10680935421713234,0.75,12,0.375,24,0.3333333333333333,1.0,1.0,0.3333333333333333,0.6666666666666666,0.08333333333333333,18,0.2222222222222222,57.971014492753625
43,switch_d4,regime_conditional,0.2,observed,transit_smooth,stable,1872,24,15,43,9,1805,0.25862068965517243,0.625,0.36585365853658536,0.023268398268398268,0.44937773031693146,0.9583333333333334,24,0.0,48,0.06666666666666667,1.0,1.0,0.3333333333333333,0.625,0.625,60,0.21666666666666667,8.116883116883116
43,switch_d4,regime_conditional,0.2,observed,transit_rough,all,2160,114,85,155,29,1891,0.3541666666666667,0.7456140350877193,0.480225988700565,0.07575757575757576,0.412023963309293,0.868421052631579,114,0.19736842105263158,228,0.1551155115511551,1.0,1.0,0.3333333333333333,0.7456140350877193,0.43859649122807015,144,0.2708333333333333,20.527859237536656
43,switch_d4,regime_conditional,0.2,observed,transit_rough,transition,288,18,7,42,11,228,0.14285714285714285,0.3888888888888889,0.208955223880597,0.15555555555555556,0.12509591754464783,0.7222222222222222,18,0.25,36,0.3076923076923077,1.0,1.0,0.33333333333333326,0.3888888888888889,0.2777777777777778,6,0.0,55.55555555555556
43,switch_d4,regime_conditional,0.2,observed,transit_rough,stable,1872,96,78,113,18,1663,0.4083769633507853,0.8125,0.5435540069686411,0.06362612612612613,0.7317913468879758,0.8958333333333334,96,0.1875,192,0.13257575757575757,1.0,1.0,0.3333333333333333,0.8125,0.46875,138,0.2826086956521739,15.202702702702704
43,switch_d12,regime_marginal,1.0,clean,all,all,6480,0,0,543,0,5937,0.0,,0.0,0.0837962962962963,,,0,,0,0.16944444444444445,1.0,1.0,,,,282,0.0851063829787234,24.537037037037038
43,switch_d12,regime_marginal,1.0,clean,all,transition,864,0,0,460,0,404,0.0,,0.0,0.5324074074074074,,,0,,0,1.0,1.0,1.0,,,,24,1.0,94.9074074074074
43,switch_d12,regime_marginal,1.0,clean,all,stable,5616,0,0,83,0,5533,0.0,,0.0,0.01477920227920228,,,0,,0,0.041666666666666664,1.0,1.0,,,,258,0.0,13.71082621082621
43,switch_d12,regime_marginal,1.0,clean,warehouse,all,2160,0,0,197,0,1963,0.0,,0.0,0.0912037037037037,,,0,,0,0.1763888888888889,1.0,1.0,,,,60,0.0,25.0
43,switch_d12,regime_marginal,1.0,clean,warehouse,transition,288,0,0,165,0,123,0.0,,0.0,0.5729166666666666,,,0,,0,1.0,1.0,1.0,,,,0,,90.27777777777777
43,switch_d12,regime_marginal,1.0,clean,warehouse,stable,1872,0,0,32,0,1840,0.0,,0.0,0.017094017094017096,,,0,,0,0.049679487179487176,1.0,1.0,,,,60,0.0,14.957264957264957
43,switch_d12,regime_marginal,1.0,clean,transit_smooth,all,2160,0,0,221,0,1939,0.0,,0.0,0.10231481481481482,,,0,,0,0.18194444444444444,1.0,1.0,,,,78,0.23076923076923078,32.407407407407405
43,switch_d12,regime_marginal,1.0,clean,transit_smooth,transition,288,0,0,183,0,105,0.0,,0.0,0.6354166666666666,,,0,,0,1.0,1.0,1.0,,,,18,1.0,118.05555555555556
43,switch_d12,regime_marginal,1.0,clean,transit_smooth,stable,1872,0,0,38,0,1834,0.0,,0.0,0.0202991452991453,,,0,,0,0.05608974358974359,1.0,1.0,,,,60,0.0,19.23076923076923
43,switch_d12,regime_marginal,1.0,clean,transit_rough,all,2160,0,0,125,0,2035,0.0,,0.0,0.05787037037037037,,,0,,0,0.15,1.0,1.0,,,,144,0.041666666666666664,16.203703703703702
43,switch_d12,regime_marginal,1.0,clean,transit_rough,transition,288,0,0,112,0,176,0.0,,0.0,0.3888888888888889,,,0,,0,1.0,1.0,1.0,,,,6,1.0,76.38888888888889
43,switch_d12,regime_marginal,1.0,clean,transit_rough,stable,1872,0,0,13,0,1859,0.0,,0.0,0.006944444444444444,,,0,,0,0.019230769230769232,1.0,1.0,,,,138,0.0,6.944444444444445
43,switch_d12,regime_marginal,1.0,observed,all,all,6480,216,77,524,139,5740,0.1281198003327787,0.35648148148148145,0.18849449204406366,0.08365261813537675,0.09844697357399876,0.7083333333333334,216,0.10416666666666667,432,0.16512345679012347,1.0,1.0,0.3333333333333333,0.35648148148148145,0.25,282,0.0851063829787234,24.904214559386972
43,switch_d12,regime_marginal,1.0,observed,all,transition,864,42,27,442,15,380,0.057569296375266525,0.6428571428571429,0.10567514677103718,0.537712895377129,0.06449021269768253,0.40476190476190477,42,0.5119047619047619,84,1.0,1.0,1.0,0.3333333333333333,0.6428571428571429,0.09523809523809523,24,1.0,97.32360097323601
43,switch_d12,regime_marginal,1.0,observed,all,stable,5616,174,50,82,124,5360,0.3787878787878788,0.28735632183908044,0.32679738562091504,0.015067989709665565,0.3003054339616694,0.7816091954022989,174,0.005747126436781609,348,0.044169611307420496,1.0,1.0,0.3333333333333333,0.28735632183908044,0.28735632183908044,258,0.0,13.965453877251012
43,switch_d12,regime_marginal,1.0,observed,warehouse,all,2160,66,16,197,50,1897,0.07511737089201878,0.24242424242424243,0.11469534050179211,0.09407831900668577,0.0678954854269052,0.6363636363636364,66,0.14393939393939395,132,0.1743119266055046,1.0,1.0,0.33333333333333326,0.24242424242424243,0.22727272727272727,60,0.0,25.787965616045845
43,switch_d12,regime_marginal,1.0,observed,warehouse,transition,288,12,1,165,11,111,0.006024096385542169,0.08333333333333333,0.011235955056179775,0.5978260869565217,0.029456635611767288,0.0,12,0.75,24,1.0,1.0,1.0,0.3333333333333333,0.08333333333333333,0.0,0,,94.20289855072464
43,switch_d12,regime_marginal,1.0,observed,warehouse,stable,1872,54,15,32,39,1786,0.3191489361702128,0.2777777777777778,0.297029702970297,0.0176017601760176,0.33581248398619445,0.7777777777777778,54,0.009259259259259259,108,0.05263157894736842,1.0,1.0,0.3333333333333332,0.2777777777777778,0.2777777777777778,60,0.0,15.401540154015402
43,switch_d12,regime_marginal,1.0,observed,transit_smooth,all,2160,36,18,208,18,1916,0.07964601769911504,0.5,0.13740458015267176,0.09792843691148775,0.0667548081794566,0.7777777777777778,36,0.16666666666666666,72,0.17251461988304093,1.0,1.0,0.33333333333333337,0.5,0.16666666666666666,78,0.23076923076923078,32.015065913371
43,switch_d12,regime_marginal,1.0,observed,transit_smooth,transition,288,12,12,171,0,105,0.06557377049180328,1.0,0.12307692307692308,0.6195652173913043,0.08316475554458513,1.0,12,0.5,24,1.0,1.0,1.0,0.3333333333333333,1.0,0.0,18,1.0,119.56521739130434
43,switch_d12,regime_marginal,1.0,observed,transit_smooth,stable,1872,24,6,37,18,1811,0.13953488372093023,0.25,0.1791044776119403,0.02002164502164502,0.10724396351348393,0.6666666666666666,24,0.0,48,0.056666666666666664,1.0,1.0,0.3333333333333333,0.25,0.25,60,0.0,18.939393939393938
43,switch_d12,regime_marginal,1.0,observed,transit_rough,all,2160,114,43,119,71,1927,0.2654320987654321,0.37719298245614036,0.3115942028985507,0.05816226783968719,0.1848234358065379,0.7280701754385965,114,0.06140350877192982,228,0.14686468646864687,1.0,1.0,0.3333333333333333,0.37719298245614036,0.2894736842105263,144,0.041666666666666664,16.617790811339198
43,switch_d12,regime_marginal,1.0,observed,transit_rough,transition,288,18,14,106,4,164,0.11666666666666667,0.7777777777777778,0.2028985507246377,0.3925925925925926,0.0776764540603319,0.2777777777777778,18,0.3611111111111111,36,1.0,1.0,1.0,0.33333333333333326,0.7777777777777778,0.2222222222222222,6,1.0,77.77777777777777
43,switch_d12,regime_marginal,1.0,observed,transit_rough,stable,1872,96,29,13,67,1763,0.6904761904761905,0.3020833333333333,0.42028985507246375,0.00731981981981982,0.4554910135574562,0.8125,96,0.005208333333333333,192,0.020833333333333332,1.0,1.0,0.3333333333333333,0.3020833333333333,0.3020833333333333,138,0.0,7.31981981981982
43,switch_d12,regime_marginal,0.2,clean,all,all,6480,0,0,636,0,5844,0.0,,0.0,0.09814814814814815,,,0,,0,0.16712962962962963,1.0,1.0,,,,282,0.07801418439716312,14.04320987654321
43,switch_d12,regime_marginal,0.2,clean,all,transition,864,0,0,509,0,355,0.0,,0.0,0.5891203703703703,,,0,,0,0.9965277777777778,1.0,1.0,,,,24,0.9166666666666666,62.5
43,switch_d12,regime_marginal,0.2,clean,all,stable,5616,0,0,127,0,5489,0.0,,0.0,0.022613960113960115,,,0,,0,0.03952991452991453,1.0,1.0,,,,258,0.0,6.588319088319088
43,switch_d12,regime_marginal,0.2,clean,warehouse,all,2160,0,0,227,0,1933,0.0,,0.0,0.1050925925925926,,,0,,0,0.16666666666666666,1.0,1.0,,,,60,0.0,16.203703703703702
43,switch_d12,regime_marginal,0.2,clean,warehouse,transition,288,0,0,183,0,105,0.0,,0.0,0.6354166666666666,,,0,,0,1.0,1.0,1.0,,,,0,,69.44444444444444
43,switch_d12,regime_marginal,0.2,clean,warehouse,stable,1872,0,0,44,0,1828,0.0,,0.0,0.023504273504273504,,,0,,0,0.038461538461538464,1.0,1.0,,,,60,0.0,8.012820512820513
43,switch_d12,regime_marginal,0.2,clean,transit_smooth,all,2160,0,0,226,0,1934,0.0,,0.0,0.10462962962962963,,,0,,0,0.1597222222222222,1.0,1.0,,,,78,0.20512820512820512,12.5
43,switch_d12,regime_marginal,0.2,clean,transit_smooth,transition,288,0,0,193,0,95,0.0,,0.0,0.6701388888888888,,,0,,0,1.0,1.0,1.0,,,,18,0.8888888888888888,65.97222222222223
43,switch_d12,regime_marginal,0.2,clean,transit_smooth,stable,1872,0,0,33,0,1839,0.0,,0.0,0.017628205128205128,,,0,,0,0.030448717948717948,1.0,1.0,,,,60,0.0,4.273504273504273
43,switch_d12,regime_marginal,0.2,clean,transit_rough,all,2160,0,0,183,0,1977,0.0,,0.0,0.08472222222222223,,,0,,0,0.175,1.0,1.0,,,,144,0.041666666666666664,13.425925925925926
43,switch_d12,regime_marginal,0.2,clean,transit_rough,transition,288,0,0,133,0,155,0.0,,0.0,0.4618055555555556,,,0,,0,0.9895833333333334,1.0,1.0,,,,6,1.0,52.083333333333336
43,switch_d12,regime_marginal,0.2,clean,transit_rough,stable,1872,0,0,50,0,1822,0.0,,0.0,0.026709401709401708,,,0,,0,0.049679487179487176,1.0,1.0,,,,138,0.0,7.478632478632479
43,switch_d12,regime_marginal,0.2,observed,all,all,6480,216,110,640,106,5624,0.14666666666666667,0.5092592592592593,0.2277432712215321,0.10217113665389528,0.10909732134154165,0.8055555555555556,216,0.1087962962962963,432,0.17386831275720166,1.0,1.0,0.3333333333333333,0.5092592592592593,0.375,282,0.1595744680851064,13.88888888888889
43,switch_d12,regime_marginal,0.2,observed,all,transition,864,42,33,491,9,331,0.06297709923664122,0.7857142857142857,0.1166077738515901,0.597323600973236,0.06351898371232656,0.42857142857142855,42,0.5357142857142857,84,0.9959349593495935,1.0,1.0,0.3333333333333333,0.7857142857142857,0.09523809523809523,24,0.9166666666666666,62.043795620437955
43,switch_d12,regime_marginal,0.2,observed,all,stable,5616,174,77,149,97,5293,0.3407079646017699,0.4425287356321839,0.385,0.027379639838294743,0.41693440076977056,0.896551724137931,174,0.005747126436781609,348,0.054770318021201414,1.0,1.0,0.3333333333333333,0.4425287356321839,0.4425287356321839,258,0.08914728682170543,6.615214994487321
43,switch_d12,regime_marginal,0.2,observed,warehouse,all,2160,66,27,233,39,1861,0.10384615384615385,0.4090909090909091,0.1656441717791411,0.11127029608404966,0.08141976603738678,0.7424242424242424,66,0.1590909090909091,132,0.1743119266055046,1.0,1.0,0.33333333333333326,0.4090909090909091,0.2878787878787879,60,0.1,16.236867239732568
43,switch_d12,regime_marginal,0.2,observed,warehouse,transition,288,12,8,183,4,93,0.041884816753926704,0.6666666666666666,0.07881773399014778,0.6630434782608695,0.031414370091215414,0.0,12,0.875,24,1.0,1.0,1.0,0.3333333333333333,0.6666666666666666,0.0,0,,68.84057971014492
43,switch_d12,regime_marginal,0.2,observed,warehouse,stable,1872,54,19,50,35,1768,0.2753623188405797,0.35185185185185186,0.3089430894308943,0.027502750275027504,0.3207319647421188,0.9074074074074074,54,0.0,108,0.05263157894736842,1.0,1.0,0.3333333333333332,0.35185185185185186,0.35185185185185186,60,0.1,8.250825082508252
43,switch_d12,regime_marginal,0.2,observed,transit_smooth,all,2160,36,18,214,18,1910,0.07758620689655173,0.5,0.13432835820895522,0.1007532956685499,0.07537335279667208,0.9444444444444444,36,0.16666666666666666,72,0.15058479532163743,1.0,1.0,0.33333333333333337,0.5,0.16666666666666666,78,0.21794871794871795,11.770244821092279
43,switch_d12,regime_marginal,0.2,observed,transit_smooth,transition,288,12,12,181,0,95,0.06217616580310881,1.0,0.11707317073170732,0.6557971014492754,0.09402924386605463,1.0,12,0.5,24,1.0,1.0,1.0,0.3333333333333333,1.0,0.0,18,0.8888888888888888,65.21739130434783
43,switch_d12,regime_marginal,0.2,observed,transit_smooth,stable,1872,24,6,33,18,1815,0.15384615384615385,0.25,0.19047619047619047,0.017857142857142856,0.09449071480195405,0.9166666666666666,24,0.0,48,0.03166666666666667,1.0,1.0,0.3333333333333333,0.25,0.25,60,0.016666666666666666,3.787878787878788
43,switch_d12,regime_marginal,0.2,observed,transit_rough,all,2160,114,65,193,49,1853,0.25193798449612403,0.5701754385964912,0.34946236559139787,0.09433040078201368,0.19468270584362513,0.7982456140350878,114,0.06140350877192982,228,0.19966996699669967,1.0,1.0,0.3333333333333333,0.5701754385964912,0.49122807017543857,144,0.1527777777777778,13.685239491691105
43,switch_d12,regime_marginal,0.2,observed,transit_rough,transition,288,18,13,127,5,143,0.09285714285714286,0.7222222222222222,0.16455696202531644,0.4703703703703704,0.07284251656494917,0.3333333333333333,18,0.3333333333333333,36,0.9871794871794872,1.0,1.0,0.33333333333333326,0.7222222222222222,0.2222222222222222,6,1.0,51.851851851851855
43,switch_d12,regime_marginal,0.2,observed,transit_rough,stable,1872,96,52,66,44,1710,0.4406779661016949,0.5416666666666666,0.48598130841121495,0.037162162162162164,0.5568841164543851,0.8854166666666666,96,0.010416666666666666,192,0.08333333333333333,1.0,1.0,0.3333333333333333,0.5416666666666666,0.5416666666666666,138,0.11594202898550725,7.882882882882883
43,switch_d12,regime_conditional,1.0,clean,all,all,6480,0,0,504,0,5976,0.0,,0.0,0.07777777777777778,,,0,,0,0.16157407407407406,1.0,1.0,,,,282,0.0673758865248227,23.30246913580247
43,switch_d12,regime_conditional,1.0,clean,all,transition,864,0,0,441,0,423,0.0,,0.0,0.5104166666666666,,,0,,0,1.0,1.0,1.0,,,,24,0.7916666666666666,103.00925925925925
43,switch_d12,regime_conditional,1.0,clean,all,stable,5616,0,0,63,0,5553,0.0,,0.0,0.011217948717948718,,,0,,0,0.03258547008547009,1.0,1.0,,,,258,0.0,11.03988603988604
43,switch_d12,regime_conditional,1.0,clean,warehouse,all,2160,0,0,120,0,2040,0.0,,0.0,0.05555555555555555,,,0,,0,0.15694444444444444,1.0,1.0,,,,60,0.0,14.351851851851851
43,switch_d12,regime_conditional,1.0,clean,warehouse,transition,288,0,0,103,0,185,0.0,,0.0,0.3576388888888889,,,0,,0,1.0,1.0,1.0,,,,0,,52.083333333333336
43,switch_d12,regime_conditional,1.0,clean,warehouse,stable,1872,0,0,17,0,1855,0.0,,0.0,0.009081196581196582,,,0,,0,0.027243589743589744,1.0,1.0,,,,60,0.0,8.547008547008547
43,switch_d12,regime_conditional,1.0,clean,transit_smooth,all,2160,0,0,228,0,1932,0.0,,0.0,0.10555555555555556,,,0,,0,0.175,1.0,1.0,,,,78,0.16666666666666666,29.166666666666668
43,switch_d12,regime_conditional,1.0,clean,transit_smooth,transition,288,0,0,196,0,92,0.0,,0.0,0.6805555555555556,,,0,,0,1.0,1.0,1.0,,,,18,0.7222222222222222,107.63888888888889
43,switch_d12,regime_conditional,1.0,clean,transit_smooth,stable,1872,0,0,32,0,1840,0.0,,0.0,0.017094017094017096,,,0,,0,0.04807692307692308,1.0,1.0,,,,60,0.0,17.094017094017094
43,switch_d12,regime_conditional,1.0,clean,transit_rough,all,2160,0,0,156,0,2004,0.0,,0.0,0.07222222222222222,,,0,,0,0.1527777777777778,1.0,1.0,,,,144,0.041666666666666664,26.38888888888889
43,switch_d12,regime_conditional,1.0,clean,transit_rough,transition,288,0,0,142,0,146,0.0,,0.0,0.4930555555555556,,,0,,0,1.0,1.0,1.0,,,,6,1.0,149.30555555555554
43,switch_d12,regime_conditional,1.0,clean,transit_rough,stable,1872,0,0,14,0,1858,0.0,,0.0,0.007478632478632479,,,0,,0,0.022435897435897436,1.0,1.0,,,,138,0.0,7.478632478632479
43,switch_d12,regime_conditional,1.0,observed,all,all,6480,216,86,492,130,5772,0.14878892733564014,0.39814814814814814,0.21662468513853905,0.07854406130268199,0.10572229697271097,0.7685185185185185,216,0.14583333333333334,432,0.15637860082304528,1.0,1.0,0.3333333333333333,0.39814814814814814,0.2777777777777778,282,0.0673758865248227,24.26564495530013
43,switch_d12,regime_conditional,1.0,observed,all,transition,864,42,20,419,22,403,0.04555808656036447,0.47619047619047616,0.08316008316008316,0.5097323600973236,0.05481121827716081,0.40476190476190477,42,0.5952380952380952,84,1.0,1.0,1.0,0.3333333333333333,0.47619047619047616,0.11904761904761904,24,0.7916666666666666,98.54014598540147
43,switch_d12,regime_conditional,1.0,observed,all,stable,5616,174,66,73,108,5369,0.4748201438848921,0.3793103448275862,0.4217252396166134,0.013414185961043735,0.44150403807007893,0.8563218390804598,174,0.03735632183908046,348,0.03415783274440518,1.0,1.0,0.3333333333333333,0.3793103448275862,0.3160919540229885,258,0.0,13.04667401690555
43,switch_d12,regime_conditional,1.0,observed,warehouse,all,2160,66,19,124,47,1970,0.13286713286713286,0.2878787878787879,0.18181818181818182,0.05921680993314231,0.08248029774288723,0.6818181818181818,66,0.15151515151515152,132,0.1529051987767584,1.0,1.0,0.33333333333333326,0.2878787878787879,0.18181818181818182,60,0.0,16.236867239732568
43,switch_d12,regime_conditional,1.0,observed,warehouse,transition,288,12,0,100,12,176,0.0,0.0,0.0,0.36231884057971014,0.026946399186615642,0.0,12,0.5,24,1.0,1.0,1.0,0.3333333333333333,0.0,0.0,0,,43.47826086956522
43,switch_d12,regime_conditional,1.0,observed,warehouse,stable,1872,54,19,24,35,1794,0.4418604651162791,0.35185185185185186,0.3917525773195876,0.013201320132013201,0.3832245923594983,0.8333333333333334,54,0.07407407407407407,108,0.028070175438596492,1.0,1.0,0.3333333333333332,0.35185185185185186,0.2222222222222222,60,0.0,12.101210121012102
43,switch_d12,regime_conditional,1.0,observed,transit_smooth,all,2160,36,21,217,15,1907,0.08823529411764706,0.5833333333333334,0.15328467153284672,0.10216572504708098,0.07456664643582012,0.8611111111111112,36,0.20833333333333334,72,0.1652046783625731,1.0,1.0,0.33333333333333337,0.5833333333333334,0.2777777777777778,78,0.16666666666666666,30.131826741996232
43,switch_d12,regime_conditional,1.0,observed,transit_smooth,transition,288,12,12,186,0,90,0.06060606060606061,1.0,0.11428571428571428,0.6739130434782609,0.0780999435996929,1.0,12,0.625,24,1.0,1.0,1.0,0.3333333333333333,1.0,0.08333333333333333,18,0.7222222222222222,119.56521739130434
43,switch_d12,regime_conditional,1.0,observed,transit_smooth,stable,1872,24,9,31,15,1817,0.225,0.375,0.28125,0.016774891774891776,0.18767553107959944,0.7916666666666666,24,0.0,48,0.04833333333333333,1.0,1.0,0.3333333333333333,0.375,0.375,60,0.0,16.774891774891774
43,switch_d12,regime_conditional,1.0,observed,transit_rough,all,2160,114,46,151,68,1895,0.233502538071066,0.40350877192982454,0.2958199356913183,0.07380254154447703,0.1701997287170382,0.7894736842105263,114,0.12280701754385964,228,0.15016501650165018,1.0,1.0,0.3333333333333333,0.40350877192982454,0.3333333333333333,144,0.041666666666666664,26.392961876832846
43,switch_d12,regime_conditional,1.0,observed,transit_rough,transition,288,18,8,133,10,137,0.05673758865248227,0.4444444444444444,0.10062893081761007,0.4925925925925926,0.04997481005326867,0.2777777777777778,18,0.6388888888888888,36,1.0,1.0,1.0,0.33333333333333326,0.4444444444444444,0.2222222222222222,6,1.0,133.33333333333334
43,switch_d12,regime_conditional,1.0,observed,transit_rough,stable,1872,96,38,18,58,1758,0.6785714285714286,0.3958333333333333,0.5,0.010135135135135136,0.5999706287780955,0.8854166666666666,96,0.026041666666666668,192,0.02462121212121212,1.0,1.0,0.3333333333333333,0.3958333333333333,0.3541666666666667,138,0.0,10.135135135135135
43,switch_d12,regime_conditional,0.2,clean,all,all,6480,0,0,658,0,5822,0.0,,0.0,0.10154320987654321,,,0,,0,0.17731481481481481,1.0,1.0,,,,282,0.06382978723404255,16.97530864197531
43,switch_d12,regime_conditional,0.2,clean,all,transition,864,0,0,562,0,302,0.0,,0.0,0.6504629629629629,,,0,,0,1.0,1.0,1.0,,,,24,0.75,69.44444444444444
43,switch_d12,regime_conditional,0.2,clean,all,stable,5616,0,0,96,0,5520,0.0,,0.0,0.017094017094017096,,,0,,0,0.05074786324786325,1.0,1.0,,,,258,0.0,8.903133903133902
43,switch_d12,regime_conditional,0.2,clean,warehouse,all,2160,0,0,199,0,1961,0.0,,0.0,0.09212962962962963,,,0,,0,0.18055555555555555,1.0,1.0,,,,60,0.0,17.12962962962963
43,switch_d12,regime_conditional,0.2,clean,warehouse,transition,288,0,0,164,0,124,0.0,,0.0,0.5694444444444444,,,0,,0,1.0,1.0,1.0,,,,0,,55.55555555555556
43,switch_d12,regime_conditional,0.2,clean,warehouse,stable,1872,0,0,35,0,1837,0.0,,0.0,0.018696581196581196,,,0,,0,0.05448717948717949,1.0,1.0,,,,60,0.0,11.217948717948717
43,switch_d12,regime_conditional,0.2,clean,transit_smooth,all,2160,0,0,234,0,1926,0.0,,0.0,0.10833333333333334,,,0,,0,0.175,1.0,1.0,,,,78,0.15384615384615385,16.203703703703702
43,switch_d12,regime_conditional,0.2,clean,transit_smooth,transition,288,0,0,204,0,84,0.0,,0.0,0.7083333333333334,,,0,,0,1.0,1.0,1.0,,,,18,0.6666666666666666,69.44444444444444
43,switch_d12,regime_conditional,0.2,clean,transit_smooth,stable,1872,0,0,30,0,1842,0.0,,0.0,0.016025641025641024,,,0,,0,0.04807692307692308,1.0,1.0,,,,60,0.0,8.012820512820513
43,switch_d12,regime_conditional,0.2,clean,transit_rough,all,2160,0,0,225,0,1935,0.0,,0.0,0.10416666666666667,,,0,,0,0.1763888888888889,1.0,1.0,,,,144,0.041666666666666664,17.59259259259259
43,switch_d12,regime_conditional,0.2,clean,transit_rough,transition,288,0,0,194,0,94,0.0,,0.0,0.6736111111111112,,,0,,0,1.0,1.0,1.0,,,,6,1.0,83.33333333333333
43,switch_d12,regime_conditional,0.2,clean,transit_rough,stable,1872,0,0,31,0,1841,0.0,,0.0,0.01655982905982906,,,0,,0,0.049679487179487176,1.0,1.0,,,,138,0.0,7.478632478632479
43,switch_d12,regime_conditional,0.2,observed,all,all,6480,216,154,747,62,5517,0.1709211986681465,0.7129629629629629,0.2757385854968666,0.11925287356321838,0.13413594984884325,0.8194444444444444,216,0.2523148148148148,432,0.2037037037037037,1.0,1.0,0.3333333333333333,0.7129629629629629,0.4212962962962963,282,0.26595744680851063,19.79565772669221
43,switch_d12,regime_conditional,0.2,observed,all,transition,864,42,21,536,21,286,0.03770197486535009,0.5,0.07011686143572621,0.6520681265206812,0.05348308635976663,0.42857142857142855,42,0.6666666666666666,84,1.0,1.0,1.0,0.3333333333333333,0.5,0.11904761904761904,24,0.75,69.34306569343066
43,switch_d12,regime_conditional,0.2,observed,all,stable,5616,174,133,211,41,5231,0.3866279069767442,0.764367816091954,0.5135135135135135,0.038772510106578464,0.6676297755198921,0.9137931034482759,174,0.15229885057471265,348,0.08833922261484099,1.0,1.0,0.3333333333333333,0.764367816091954,0.4942528735632184,258,0.22093023255813954,12.31165012862918
43,switch_d12,regime_conditional,0.2,observed,warehouse,all,2160,66,42,219,24,1875,0.16091954022988506,0.6363636363636364,0.25688073394495414,0.10458452722063037,0.10952676256302755,0.7272727272727273,66,0.2196969696969697,132,0.19724770642201836,1.0,1.0,0.33333333333333326,0.6363636363636364,0.42424242424242425,60,0.16666666666666666,20.534861509073544
43,switch_d12,regime_conditional,0.2,observed,warehouse,transition,288,12,0,156,12,120,0.0,0.0,0.0,0.5652173913043478,0.02896588672667999,0.0,12,0.5,24,1.0,1.0,1.0,0.3333333333333333,0.0,0.0,0,,57.971014492753625
43,switch_d12,regime_conditional,0.2,observed,warehouse,stable,1872,54,42,63,12,1755,0.4,0.7777777777777778,0.5283018867924528,0.034653465346534656,0.6526886002918886,0.8888888888888888,54,0.1574074074074074,108,0.07894736842105263,1.0,1.0,0.3333333333333332,0.7777777777777778,0.5185185185185185,60,0.16666666666666666,14.851485148514852
43,switch_d12,regime_conditional,0.2,observed,transit_smooth,all,2160,36,27,240,9,1884,0.10112359550561797,0.75,0.1782178217821782,0.11299435028248588,0.08464892708347206,0.9444444444444444,36,0.2916666666666667,72,0.1783625730994152,1.0,1.0,0.33333333333333337,0.75,0.4444444444444444,78,0.2948717948717949,16.0075329566855
43,switch_d12,regime_conditional,0.2,observed,transit_smooth,transition,288,12,12,201,0,75,0.056338028169014086,1.0,0.10666666666666667,0.7282608695652174,0.08627587159289907,1.0,12,0.875,24,1.0,1.0,1.0,0.3333333333333333,1.0,0.08333333333333333,18,0.6666666666666666,68.84057971014492
43,switch_d12,regime_conditional,0.2,observed,transit_smooth,stable,1872,24,15,39,9,1809,0.2777777777777778,0.625,0.38461538461538464,0.021103896103896104,0.4525295638854874,0.9166666666666666,24,0.0,48,0.06333333333333334,1.0,1.0,0.3333333333333333,0.625,0.625,60,0.18333333333333332,8.116883116883116
43,switch_d12,regime_conditional,0.2,observed,transit_rough,all,2160,114,85,288,29,1758,0.22788203753351208,0.7456140350877193,0.3490759753593429,0.14076246334310852,0.22215206371081012,0.8333333333333334,114,0.25877192982456143,228,0.23927392739273928,1.0,1.0,0.3333333333333333,0.7456140350877193,0.41228070175438597,144,0.2916666666666667,22.97165200391007
43,switch_d12,regime_conditional,0.2,observed,transit_rough,transition,288,18,9,179,9,91,0.047872340425531915,0.5,0.08737864077669903,0.662962962962963,0.05015797900439159,0.3333333333333333,18,0.6388888888888888,36,1.0,1.0,1.0,0.33333333333333326,0.5,0.2222222222222222,6,1.0,81.48148148148148
43,switch_d12,regime_conditional,0.2,observed,transit_rough,stable,1872,96,76,109,20,1667,0.41081081081081083,0.7916666666666666,0.5409252669039146,0.06137387387387387,0.7359221124900875,0.9270833333333334,96,0.1875,192,0.1268939393939394,1.0,1.0,0.3333333333333333,0.7916666666666666,0.4479166666666667,138,0.2608695652173913,14.076576576576576
44,steady_m05,regime_marginal,1.0,clean,all,all,6480,0,0,44,0,6436,0.0,,0.0,0.006790123456790123,,,0,,0,0.019444444444444445,1.0,1.0,,,,264,0.015151515151515152,6.327160493827161
44,steady_m05,regime_marginal,1.0,clean,all,stable,6480,0,0,44,0,6436,0.0,,0.0,0.006790123456790123,,,0,,0,0.019444444444444445,1.0,1.0,,,,264,0.015151515151515152,6.327160493827161
44,steady_m05,regime_marginal,1.0,clean,warehouse,all,2160,0,0,14,0,2146,0.0,,0.0,0.006481481481481481,,,0,,0,0.019444444444444445,1.0,1.0,,,,96,0.03125,6.018518518518518
44,steady_m05,regime_marginal,1.0,clean,warehouse,stable,2160,0,0,14,0,2146,0.0,,0.0,0.006481481481481481,,,0,,0,0.019444444444444445,1.0,1.0,,,,96,0.03125,6.018518518518518
44,steady_m05,regime_marginal,1.0,clean,transit_smooth,all,2160,0,0,9,0,2151,0.0,,0.0,0.004166666666666667,,,0,,0,0.0125,1.0,1.0,,,,84,0.0,4.166666666666667
44,steady_m05,regime_marginal,1.0,clean,transit_smooth,stable,2160,0,0,9,0,2151,0.0,,0.0,0.004166666666666667,,,0,,0,0.0125,1.0,1.0,,,,84,0.0,4.166666666666667
44,steady_m05,regime_marginal,1.0,clean,transit_rough,all,2160,0,0,21,0,2139,0.0,,0.0,0.009722222222222222,,,0,,0,0.02638888888888889,1.0,1.0,,,,84,0.011904761904761904,8.796296296296296
44,steady_m05,regime_marginal,1.0,clean,transit_rough,stable,2160,0,0,21,0,2139,0.0,,0.0,0.009722222222222222,,,0,,0,0.02638888888888889,1.0,1.0,,,,84,0.011904761904761904,8.796296296296296
44,steady_m05,regime_marginal,1.0,observed,all,all,6480,216,1,43,215,6221,0.022727272727272728,0.004629629629629629,0.007692307692307693,0.006864623243933589,0.03407259314188053,0.3611111111111111,216,0.0023148148148148147,432,0.0205761316872428,1.0,1.0,0.3333333333333333,0.004629629629629629,0.004629629629629629,264,0.015151515151515152,6.385696040868455
44,steady_m05,regime_marginal,1.0,observed,all,stable,6480,216,1,43,215,6221,0.022727272727272728,0.004629629629629629,0.007692307692307693,0.006864623243933589,0.03407259314188053,0.3611111111111111,216,0.0023148148148148147,432,0.0205761316872428,1.0,1.0,0.3333333333333333,0.004629629629629629,0.004629629629629629,264,0.015151515151515152,6.385696040868455
44,steady_m05,regime_marginal,1.0,observed,warehouse,all,2160,72,0,14,72,2074,0.0,0.0,0.0,0.006704980842911878,0.03177938224318197,0.3472222222222222,72,0.0,144,0.021604938271604937,1.0,1.0,0.3333333333333333,0.0,0.0,96,0.03125,6.226053639846743
44,steady_m05,regime_marginal,1.0,observed,warehouse,stable,2160,72,0,14,72,2074,0.0,0.0,0.0,0.006704980842911878,0.03177938224318197,0.3472222222222222,72,0.0,144,0.021604938271604937,1.0,1.0,0.3333333333333333,0.0,0.0,96,0.03125,6.226053639846743
44,steady_m05,regime_marginal,1.0,observed,transit_smooth,all,2160,72,0,9,72,2079,0.0,0.0,0.0,0.004310344827586207,0.03677578286943399,0.3611111111111111,72,0.0,144,0.013888888888888888,1.0,1.0,0.3333333333333333,0.0,0.0,84,0.0,4.310344827586207
44,steady_m05,regime_marginal,1.0,observed,transit_smooth,stable,2160,72,0,9,72,2079,0.0,0.0,0.0,0.004310344827586207,0.03677578286943399,0.3611111111111111,72,0.0,144,0.013888888888888888,1.0,1.0,0.3333333333333333,0.0,0.0,84,0.0,4.310344827586207
44,steady_m05,regime_marginal,1.0,observed,transit_rough,all,2160,72,1,20,71,2068,0.047619047619047616,0.013888888888888888,0.021505376344086023,0.009578544061302681,0.03968407533765256,0.375,72,0.006944444444444444,144,0.026234567901234566,1.0,1.0,0.3333333333333333,0.013888888888888888,0.013888888888888888,84,0.011904761904761904,8.620689655172415
44,steady_m05,regime_marginal,1.0,observed,transit_rough,stable,2160,72,1,20,71,2068,0.047619047619047616,0.013888888888888888,0.021505376344086023,0.009578544061302681,0.03968407533765256,0.375,72,0.006944444444444444,144,0.026234567901234566,1.0,1.0,0.3333333333333333,0.013888888888888888,0.013888888888888888,84,0.011904761904761904,8.620689655172415
44,steady_m05,regime_marginal,0.2,clean,all,all,6480,0,0,46,0,6434,0.0,,0.0,0.0070987654320987656,,,0,,0,0.017592592592592594,1.0,1.0,,,,264,0.01893939393939394,3.3950617283950617
44,steady_m05,regime_marginal,0.2,clean,all,stable,6480,0,0,46,0,6434,0.0,,0.0,0.0070987654320987656,,,0,,0,0.017592592592592594,1.0,1.0,,,,264,0.01893939393939394,3.3950617283950617
44,steady_m05,regime_marginal,0.2,clean,warehouse,all,2160,0,0,20,0,2140,0.0,,0.0,0.009259259259259259,,,0,,0,0.025,1.0,1.0,,,,96,0.03125,5.555555555555555
44,steady_m05,regime_marginal,0.2,clean,warehouse,stable,2160,0,0,20,0,2140,0.0,,0.0,0.009259259259259259,,,0,,0,0.025,1.0,1.0,,,,96,0.03125,5.555555555555555
44,steady_m05,regime_marginal,0.2,clean,transit_smooth,all,2160,0,0,0,0,2160,,,,0.0,,,0,,0,0.0,1.0,1.0,,,,84,0.0,0.0
44,steady_m05,regime_marginal,0.2,clean,transit_smooth,stable,2160,0,0,0,0,2160,,,,0.0,,,0,,0,0.0,1.0,1.0,,,,84,0.0,0.0
44,steady_m05,regime_marginal,0.2,clean,transit_rough,all,2160,0,0,26,0,2134,0.0,,0.0,0.012037037037037037,,,0,,0,0.027777777777777776,1.0,1.0,,,,84,0.023809523809523808,4.62962962962963
44,steady_m05,regime_marginal,0.2,clean,transit_rough,stable,2160,0,0,26,0,2134,0.0,,0.0,0.012037037037037037,,,0,,0,0.027777777777777776,1.0,1.0,,,,84,0.023809523809523808,4.62962962962963
44,steady_m05,regime_marginal,0.2,observed,all,all,6480,216,1,46,215,6218,0.02127659574468085,0.004629629629629629,0.0076045627376425855,0.007343550446998723,0.03505710153106609,0.44907407407407407,216,0.006944444444444444,432,0.01800411522633745,1.0,1.0,0.3333333333333333,0.004629629629629629,0.004629629629629629,264,0.01893939393939394,3.6717752234993615
44,steady_m05,regime_marginal,0.2,observed,all,stable,6480,216,1,46,215,6218,0.02127659574468085,0.004629629629629629,0.0076045627376425855,0.007343550446998723,0.03505710153106609,0.44907407407407407,216,0.006944444444444444,432,0.01800411522633745,1.0,1.0,0.3333333333333333,0.004629629629629629,0.004629629629629629,264,0.01893939393939394,3.6717752234993615
44,steady_m05,regime_marginal,0.2,observed,warehouse,all,2160,72,0,20,72,2068,0.0,0.0,0.0,0.009578544061302681,0.03422163991601849,0.4583333333333333,72,0.020833333333333332,144,0.023148148148148147,1.0,1.0,0.3333333333333333,0.0,0.0,96,0.03125,6.226053639846743
44,steady_m05,regime_marginal,0.2,observed,warehouse,stable,2160,72,0,20,72,2068,0.0,0.0,0.0,0.009578544061302681,0.03422163991601849,0.4583333333333333,72,0.020833333333333332,144,0.023148148148148147,1.0,1.0,0.3333333333333333,0.0,0.0,96,0.03125,6.226053639846743
44,steady_m05,regime_marginal,0.2,observed,transit_smooth,all,2160,72,0,0,72,2088,,0.0,0.0,0.0,0.035843422852692416,0.4027777777777778,72,0.0,144,0.0,1.0,1.0,0.3333333333333333,0.0,0.0,84,0.0,0.0
44,steady_m05,regime_marginal,0.2,observed,transit_smooth,stable,2160,72,0,0,72,2088,,0.0,0.0,0.0,0.035843422852692416,0.4027777777777778,72,0.0,144,0.0,1.0,1.0,0.3333333333333333,0.0,0.0,84,0.0,0.0
44,steady_m05,regime_marginal,0.2,observed,transit_rough,all,2160,72,1,26,71,2062,0.037037037037037035,0.013888888888888888,0.020202020202020204,0.012452107279693486,0.037609375560359065,0.4861111111111111,72,0.0,144,0.030864197530864196,1.0,1.0,0.3333333333333333,0.013888888888888888,0.013888888888888888,84,0.023809523809523808,4.789272030651341
44,steady_m05,regime_marginal,0.2,observed,transit_rough,stable,2160,72,1,26,71,2062,0.037037037037037035,0.013888888888888888,0.020202020202020204,0.012452107279693486,0.037609375560359065,0.4861111111111111,72,0.0,144,0.030864197530864196,1.0,1.0,0.3333333333333333,0.013888888888888888,0.013888888888888888,84,0.023809523809523808,4.789272030651341
44,steady_m05,regime_conditional,1.0,clean,all,all,6480,0,0,64,0,6416,0.0,,0.0,0.009876543209876543,,,0,,0,0.02824074074074074,1.0,1.0,,,,264,0.022727272727272728,9.876543209876543
44,steady_m05,regime_conditional,1.0,clean,all,stable,6480,0,0,64,0,6416,0.0,,0.0,0.009876543209876543,,,0,,0,0.02824074074074074,1.0,1.0,,,,264,0.022727272727272728,9.876543209876543
44,steady_m05,regime_conditional,1.0,clean,warehouse,all,2160,0,0,31,0,2129,0.0,,0.0,0.014351851851851852,,,0,,0,0.041666666666666664,1.0,1.0,,,,96,0.020833333333333332,14.351851851851851
44,steady_m05,regime_conditional,1.0,clean,warehouse,stable,2160,0,0,31,0,2129,0.0,,0.0,0.014351851851851852,,,0,,0,0.041666666666666664,1.0,1.0,,,,96,0.020833333333333332,14.351851851851851
44,steady_m05,regime_conditional,1.0,clean,transit_smooth,all,2160,0,0,16,0,2144,0.0,,0.0,0.007407407407407408,,,0,,0,0.020833333333333332,1.0,1.0,,,,84,0.03571428571428571,7.407407407407407
44,steady_m05,regime_conditional,1.0,clean,transit_smooth,stable,2160,0,0,16,0,2144,0.0,,0.0,0.007407407407407408,,,0,,0,0.020833333333333332,1.0,1.0,,,,84,0.03571428571428571,7.407407407407407
44,steady_m05,regime_conditional,1.0,clean,transit_rough,all,2160,0,0,17,0,2143,0.0,,0.0,0.00787037037037037,,,0,,0,0.022222222222222223,1.0,1.0,,,,84,0.011904761904761904,7.87037037037037
44,steady_m05,regime_conditional,1.0,clean,transit_rough,stable,2160,0,0,17,0,2143,0.0,,0.0,0.00787037037037037,,,0,,0,0.022222222222222223,1.0,1.0,,,,84,0.011904761904761904,7.87037037037037
44,steady_m05,regime_conditional,1.0,observed,all,all,6480,216,4,62,212,6202,0.06060606060606061,0.018518518518518517,0.028368794326241134,0.009897828863346106,0.04310570404280374,0.3888888888888889,216,0.009259259259259259,432,0.02880658436213992,1.0,1.0,0.3333333333333333,0.018518518518518517,0.013888888888888888,264,0.022727272727272728,9.897828863346104
44,steady_m05,regime_conditional,1.0,observed,all,stable,6480,216,4,62,212,6202,0.06060606060606061,0.018518518518518517,0.028368794326241134,0.009897828863346106,0.04310570404280374,0.3888888888888889,216,0.009259259259259259,432,0.02880658436213992,1.0,1.0,0.3333333333333333,0.018518518518518517,0.013888888888888888,264,0.022727272727272728,9.897828863346104
44,steady_m05,regime_conditional,1.0,observed,warehouse,all,2160,72,0,31,72,2057,0.0,0.0,0.0,0.014846743295019157,0.031408954893322426,0.3194444444444444,72,0.006944444444444444,144,0.044753086419753084,1.0,1.0,0.3333333333333333,0.0,0.0,96,0.020833333333333332,14.846743295019158
44,steady_m05,regime_conditional,1.0,observed,warehouse,stable,2160,72,0,31,72,2057,0.0,0.0,0.0,0.014846743295019157,0.031408954893322426,0.3194444444444444,72,0.006944444444444444,144,0.044753086419753084,1.0,1.0,0.3333333333333333,0.0,0.0,96,0.020833333333333332,14.846743295019158
44,steady_m05,regime_conditional,1.0,observed,transit_smooth,all,2160,72,2,16,70,2072,0.1111111111111111,0.027777777777777776,0.044444444444444446,0.007662835249042145,0.048200824350608296,0.4027777777777778,72,0.0,144,0.023148148148148147,1.0,1.0,0.3333333333333333,0.027777777777777776,0.027777777777777776,84,0.03571428571428571,7.662835249042145
44,steady_m05,regime_conditional,1.0,observed,transit_smooth,stable,2160,72,2,16,70,2072,0.1111111111111111,0.027777777777777776,0.044444444444444446,0.007662835249042145,0.048200824350608296,0.4027777777777778,72,0.0,144,0.023148148148148147,1.0,1.0,0.3333333333333333,0.027777777777777776,0.027777777777777776,84,0.03571428571428571,7.662835249042145
44,steady_m05,regime_conditional,1.0,observed,transit_rough,all,2160,72,2,15,70,2073,0.11764705882352941,0.027777777777777776,0.0449438202247191,0.007183908045977011,0.05631198075662364,0.4444444444444444,72,0.020833333333333332,144,0.018518518518518517,1.0,1.0,0.3333333333333333,0.027777777777777776,0.013888888888888888,84,0.011904761904761904,7.183908045977011
44,steady_m05,regime_conditional,1.0,observed,transit_rough,stable,2160,72,2,15,70,2073,0.11764705882352941,0.027777777777777776,0.0449438202247191,0.007183908045977011,0.05631198075662364,0.4444444444444444,72,0.020833333333333332,144,0.018518518518518517,1.0,1.0,0.3333333333333333,0.027777777777777776,0.013888888888888888,84,0.011904761904761904,7.183908045977011
44,steady_m05,regime_conditional,0.2,clean,all,all,6480,0,0,86,0,6394,0.0,,0.0,0.013271604938271606,,,0,,0,0.03981481481481482,1.0,1.0,,,,264,0.026515151515151516,6.944444444444445
44,steady_m05,regime_conditional,0.2,clean,all,stable,6480,0,0,86,0,6394,0.0,,0.0,0.013271604938271606,,,0,,0,0.03981481481481482,1.0,1.0,,,,264,0.026515151515151516,6.944444444444445
44,steady_m05,regime_conditional,0.2,clean,warehouse,all,2160,0,0,19,0,2141,0.0,,0.0,0.008796296296296297,,,0,,0,0.02638888888888889,1.0,1.0,,,,96,0.052083333333333336,7.407407407407407
44,steady_m05,regime_conditional,0.2,clean,warehouse,stable,2160,0,0,19,0,2141,0.0,,0.0,0.008796296296296297,,,0,,0,0.02638888888888889,1.0,1.0,,,,96,0.052083333333333336,7.407407407407407
44,steady_m05,regime_conditional,0.2,clean,transit_smooth,all,2160,0,0,41,0,2119,0.0,,0.0,0.01898148148148148,,,0,,0,0.05694444444444444,1.0,1.0,,,,84,0.0,6.944444444444445
44,steady_m05,regime_conditional,0.2,clean,transit_smooth,stable,2160,0,0,41,0,2119,0.0,,0.0,0.01898148148148148,,,0,,0,0.05694444444444444,1.0,1.0,,,,84,0.0,6.944444444444445
44,steady_m05,regime_conditional,0.2,clean,transit_rough,all,2160,0,0,26,0,2134,0.0,,0.0,0.012037037037037037,,,0,,0,0.03611111111111111,1.0,1.0,,,,84,0.023809523809523808,6.481481481481482
44,steady_m05,regime_conditional,0.2,clean,transit_rough,stable,2160,0,0,26,0,2134,0.0,,0.0,0.012037037037037037,,,0,,0,0.03611111111111111,1.0,1.0,,,,84,0.023809523809523808,6.481481481481482
44,steady_m05,regime_conditional,0.2,observed,all,all,6480,216,12,88,204,6176,0.12,0.05555555555555555,0.0759493670886076,0.0140485312899106,0.06358333249990146,0.4398148148148148,216,0.03009259259259259,432,0.038580246913580245,1.0,1.0,0.3333333333333333,0.05555555555555555,0.041666666666666664,264,0.022727272727272728,6.545338441890166
44,steady_m05,regime_conditional,0.2,observed,all,stable,6480,216,12,88,204,6176,0.12,0.05555555555555555,0.0759493670886076,0.0140485312899106,0.06358333249990146,0.4398148148148148,216,0.03009259259259259,432,0.038580246913580245,1.0,1.0,0.3333333333333333,0.05555555555555555,0.041666666666666664,264,0.022727272727272728,6.545338441890166
44,steady_m05,regime_conditional,0.2,observed,warehouse,all,2160,72,1,19,71,2069,0.05,0.013888888888888888,0.021739130434782608,0.009099616858237548,0.04040244856912314,0.4305555555555556,72,0.05555555555555555,144,0.016975308641975308,1.0,1.0,0.3333333333333333,0.013888888888888888,0.013888888888888888,96,0.03125,6.226053639846743
44,steady_m05,regime_conditional,0.2,observed,warehouse,stable,2160,72,1,19,71,2069,0.05,0.013888888888888888,0.021739130434782608,0.009099616858237548,0.04040244856912314,0.4305555555555556,72,0.05555555555555555,144,0.016975308641975308,1.0,1.0,0.3333333333333333,0.013888888888888888,0.013888888888888888,96,0.03125,6.226053639846743
44,steady_m05,regime_conditional,0.2,observed,transit_smooth,all,2160,72,7,45,65,2043,0.1346153846153846,0.09722222222222222,0.11290322580645161,0.021551724137931036,0.06004635536709375,0.3888888888888889,72,0.034722222222222224,144,0.06172839506172839,1.0,1.0,0.3333333333333333,0.09722222222222222,0.05555555555555555,84,0.0,8.14176245210728
44,steady_m05,regime_conditional,0.2,observed,transit_smooth,stable,2160,72,7,45,65,2043,0.1346153846153846,0.09722222222222222,0.11290322580645161,0.021551724137931036,0.06004635536709375,0.3888888888888889,72,0.034722222222222224,144,0.06172839506172839,1.0,1.0,0.3333333333333333,0.09722222222222222,0.05555555555555555,84,0.0,8.14176245210728
44,steady_m05,regime_conditional,0.2,observed,transit_rough,all,2160,72,4,24,68,2064,0.14285714285714285,0.05555555555555555,0.08,0.011494252873563218,0.09659400009236625,0.5,72,0.0,144,0.037037037037037035,1.0,1.0,0.3333333333333333,0.05555555555555555,0.05555555555555555,84,0.03571428571428571,5.268199233716475
44,steady_m05,regime_conditional,0.2,observed,transit_rough,stable,2160,72,4,24,68,2064,0.14285714285714285,0.05555555555555555,0.08,0.011494252873563218,0.09659400009236625,0.5,72,0.0,144,0.037037037037037035,1.0,1.0,0.3333333333333333,0.05555555555555555,0.05555555555555555,84,0.03571428571428571,5.268199233716475
44,steady_m1,regime_marginal,1.0,clean,all,all,6480,0,0,44,0,6436,0.0,,0.0,0.006790123456790123,,,0,,0,0.019444444444444445,1.0,1.0,,,,264,0.015151515151515152,6.327160493827161
44,steady_m1,regime_marginal,1.0,clean,all,stable,6480,0,0,44,0,6436,0.0,,0.0,0.006790123456790123,,,0,,0,0.019444444444444445,1.0,1.0,,,,264,0.015151515151515152,6.327160493827161
44,steady_m1,regime_marginal,1.0,clean,warehouse,all,2160,0,0,14,0,2146,0.0,,0.0,0.006481481481481481,,,0,,0,0.019444444444444445,1.0,1.0,,,,96,0.03125,6.018518518518518
44,steady_m1,regime_marginal,1.0,clean,warehouse,stable,2160,0,0,14,0,2146,0.0,,0.0,0.006481481481481481,,,0,,0,0.019444444444444445,1.0,1.0,,,,96,0.03125,6.018518518518518
44,steady_m1,regime_marginal,1.0,clean,transit_smooth,all,2160,0,0,9,0,2151,0.0,,0.0,0.004166666666666667,,,0,,0,0.0125,1.0,1.0,,,,84,0.0,4.166666666666667
44,steady_m1,regime_marginal,1.0,clean,transit_smooth,stable,2160,0,0,9,0,2151,0.0,,0.0,0.004166666666666667,,,0,,0,0.0125,1.0,1.0,,,,84,0.0,4.166666666666667
44,steady_m1,regime_marginal,1.0,clean,transit_rough,all,2160,0,0,21,0,2139,0.0,,0.0,0.009722222222222222,,,0,,0,0.02638888888888889,1.0,1.0,,,,84,0.011904761904761904,8.796296296296296
44,steady_m1,regime_marginal,1.0,clean,transit_rough,stable,2160,0,0,21,0,2139,0.0,,0.0,0.009722222222222222,,,0,,0,0.02638888888888889,1.0,1.0,,,,84,0.011904761904761904,8.796296296296296
44,steady_m1,regime_marginal,1.0,observed,all,all,6480,216,4,43,212,6221,0.0851063829787234,0.018518518518518517,0.030418250950570342,0.006864623243933589,0.05007176815781755,0.48148148148148145,216,0.0023148148148148147,432,0.0205761316872428,1.0,1.0,0.3333333333333333,0.018518518518518517,0.018518518518518517,264,0.015151515151515152,6.385696040868455
44,steady_m1,regime_marginal,1.0,observed,all,stable,6480,216,4,43,212,6221,0.0851063829787234,0.018518518518518517,0.030418250950570342,0.006864623243933589,0.05007176815781755,0.48148148148148145,216,0.0023148148148148147,432,0.0205761316872428,1.0,1.0,0.3333333333333333,0.018518518518518517,0.018518518518518517,264,0.015151515151515152,6.385696040868455
44,steady_m1,regime_marginal,1.0,observed,warehouse,all,2160,72,1,14,71,2074,0.06666666666666667,0.013888888888888888,0.022988505747126436,0.006704980842911878,0.03805424926780845,0.3888888888888889,72,0.0,144,0.021604938271604937,1.0,1.0,0.3333333333333333,0.013888888888888888,0.013888888888888888,96,0.03125,6.226053639846743
44,steady_m1,regime_marginal,1.0,observed,warehouse,stable,2160,72,1,14,71,2074,0.06666666666666667,0.013888888888888888,0.022988505747126436,0.006704980842911878,0.03805424926780845,0.3888888888888889,72,0.0,144,0.021604938271604937,1.0,1.0,0.3333333333333333,0.013888888888888888,0.013888888888888888,96,0.03125,6.226053639846743
44,steady_m1,regime_marginal,1.0,observed,transit_smooth,all,2160,72,1,9,71,2079,0.1,0.013888888888888888,0.024390243902439025,0.004310344827586207,0.06106988507457272,0.5416666666666666,72,0.0,144,0.013888888888888888,1.0,1.0,0.3333333333333333,0.013888888888888888,0.013888888888888888,84,0.0,4.310344827586207
44,steady_m1,regime_marginal,1.0,observed,transit_smooth,stable,2160,72,1,9,71,2079,0.1,0.013888888888888888,0.024390243902439025,0.004310344827586207,0.06106988507457272,0.5416666666666666,72,0.0,144,0.013888888888888888,1.0,1.0,0.3333333333333333,0.013888888888888888,0.013888888888888888,84,0.0,4.310344827586207
44,steady_m1,regime_marginal,1.0,observed,transit_rough,all,2160,72,2,20,70,2068,0.09090909090909091,0.027777777777777776,0.0425531914893617,0.009578544061302681,0.06407269939432333,0.5138888888888888,72,0.006944444444444444,144,0.026234567901234566,1.0,1.0,0.3333333333333333,0.027777777777777776,0.027777777777777776,84,0.011904761904761904,8.620689655172415
44,steady_m1,regime_marginal,1.0,observed,transit_rough,stable,2160,72,2,20,70,2068,0.09090909090909091,0.027777777777777776,0.0425531914893617,0.009578544061302681,0.06407269939432333,0.5138888888888888,72,0.006944444444444444,144,0.026234567901234566,1.0,1.0,0.3333333333333333,0.027777777777777776,0.027777777777777776,84,0.011904761904761904,8.620689655172415
44,steady_m1,regime_marginal,0.2,clean,all,all,6480,0,0,46,0,6434,0.0,,0.0,0.0070987654320987656,,,0,,0,0.017592592592592594,1.0,1.0,,,,264,0.01893939393939394,3.3950617283950617
44,steady_m1,regime_marginal,0.2,clean,all,stable,6480,0,0,46,0,6434,0.0,,0.0,0.0070987654320987656,,,0,,0,0.017592592592592594,1.0,1.0,,,,264,0.01893939393939394,3.3950617283950617
44,steady_m1,regime_marginal,0.2,clean,warehouse,all,2160,0,0,20,0,2140,0.0,,0.0,0.009259259259259259,,,0,,0,0.025,1.0,1.0,,,,96,0.03125,5.555555555555555
44,steady_m1,regime_marginal,0.2,clean,warehouse,stable,2160,0,0,20,0,2140,0.0,,0.0,0.009259259259259259,,,0,,0,0.025,1.0,1.0,,,,96,0.03125,5.555555555555555
44,steady_m1,regime_marginal,0.2,clean,transit_smooth,all,2160,0,0,0,0,2160,,,,0.0,,,0,,0,0.0,1.0,1.0,,,,84,0.0,0.0
44,steady_m1,regime_marginal,0.2,clean,transit_smooth,stable,2160,0,0,0,0,2160,,,,0.0,,,0,,0,0.0,1.0,1.0,,,,84,0.0,0.0
44,steady_m1,regime_marginal,0.2,clean,transit_rough,all,2160,0,0,26,0,2134,0.0,,0.0,0.012037037037037037,,,0,,0,0.027777777777777776,1.0,1.0,,,,84,0.023809523809523808,4.62962962962963
44,steady_m1,regime_marginal,0.2,clean,transit_rough,stable,2160,0,0,26,0,2134,0.0,,0.0,0.012037037037037037,,,0,,0,0.027777777777777776,1.0,1.0,,,,84,0.023809523809523808,4.62962962962963
44,steady_m1,regime_marginal,0.2,observed,all,all,6480,216,5,46,211,6218,0.09803921568627451,0.023148148148148147,0.03745318352059925,0.007343550446998723,0.06916036475306048,0.5601851851851852,216,0.006944444444444444,432,0.01800411522633745,1.0,1.0,0.3333333333333333,0.023148148148148147,0.023148148148148147,264,0.01893939393939394,3.3524904214559386
44,steady_m1,regime_marginal,0.2,observed,all,stable,6480,216,5,46,211,6218,0.09803921568627451,0.023148148148148147,0.03745318352059925,0.007343550446998723,0.06916036475306048,0.5601851851851852,216,0.006944444444444444,432,0.01800411522633745,1.0,1.0,0.3333333333333333,0.023148148148148147,0.023148148148148147,264,0.01893939393939394,3.3524904214559386
44,steady_m1,regime_marginal,0.2,observed,warehouse,all,2160,72,2,19,70,2069,0.09523809523809523,0.027777777777777776,0.043010752688172046,0.009099616858237548,0.06670676336774095,0.4583333333333333,72,0.020833333333333332,144,0.021604938271604937,1.0,1.0,0.3333333333333333,0.027777777777777776,0.027777777777777776,96,0.020833333333333332,5.268199233716475
44,steady_m1,regime_marginal,0.2,observed,warehouse,stable,2160,72,2,19,70,2069,0.09523809523809523,0.027777777777777776,0.043010752688172046,0.009099616858237548,0.06670676336774095,0.4583333333333333,72,0.020833333333333332,144,0.021604938271604937,1.0,1.0,0.3333333333333333,0.027777777777777776,0.027777777777777776,96,0.020833333333333332,5.268199233716475
44,steady_m1,regime_marginal,0.2,observed,transit_smooth,all,2160,72,0,0,72,2088,,0.0,0.0,0.0,0.10977984545910549,0.6388888888888888,72,0.0,144,0.0,1.0,1.0,0.3333333333333333,0.0,0.0,84,0.0,0.0
44,steady_m1,regime_marginal,0.2,observed,transit_smooth,stable,2160,72,0,0,72,2088,,0.0,0.0,0.0,0.10977984545910549,0.6388888888888888,72,0.0,144,0.0,1.0,1.0,0.3333333333333333,0.0,0.0,84,0.0,0.0
44,steady_m1,regime_marginal,0.2,observed,transit_rough,all,2160,72,3,27,69,2061,0.1,0.041666666666666664,0.058823529411764705,0.01293103448275862,0.08126380621110692,0.5833333333333334,72,0.0,144,0.032407407407407406,1.0,1.0,0.3333333333333333,0.041666666666666664,0.041666666666666664,84,0.03571428571428571,4.789272030651341
44,steady_m1,regime_marginal,0.2,observed,transit_rough,stable,2160,72,3,27,69,2061,0.1,0.041666666666666664,0.058823529411764705,0.01293103448275862,0.08126380621110692,0.5833333333333334,72,0.0,144,0.032407407407407406,1.0,1.0,0.3333333333333333,0.041666666666666664,0.041666666666666664,84,0.03571428571428571,4.789272030651341
44,steady_m1,regime_conditional,1.0,clean,all,all,6480,0,0,64,0,6416,0.0,,0.0,0.009876543209876543,,,0,,0,0.02824074074074074,1.0,1.0,,,,264,0.022727272727272728,9.876543209876543
44,steady_m1,regime_conditional,1.0,clean,all,stable,6480,0,0,64,0,6416,0.0,,0.0,0.009876543209876543,,,0,,0,0.02824074074074074,1.0,1.0,,,,264,0.022727272727272728,9.876543209876543
44,steady_m1,regime_conditional,1.0,clean,warehouse,all,2160,0,0,31,0,2129,0.0,,0.0,0.014351851851851852,,,0,,0,0.041666666666666664,1.0,1.0,,,,96,0.020833333333333332,14.351851851851851
44,steady_m1,regime_conditional,1.0,clean,warehouse,stable,2160,0,0,31,0,2129,0.0,,0.0,0.014351851851851852,,,0,,0,0.041666666666666664,1.0,1.0,,,,96,0.020833333333333332,14.351851851851851
44,steady_m1,regime_conditional,1.0,clean,transit_smooth,all,2160,0,0,16,0,2144,0.0,,0.0,0.007407407407407408,,,0,,0,0.020833333333333332,1.0,1.0,,,,84,0.03571428571428571,7.407407407407407
44,steady_m1,regime_conditional,1.0,clean,transit_smooth,stable,2160,0,0,16,0,2144,0.0,,0.0,0.007407407407407408,,,0,,0,0.020833333333333332,1.0,1.0,,,,84,0.03571428571428571,7.407407407407407
44,steady_m1,regime_conditional,1.0,clean,transit_rough,all,2160,0,0,17,0,2143,0.0,,0.0,0.00787037037037037,,,0,,0,0.022222222222222223,1.0,1.0,,,,84,0.011904761904761904,7.87037037037037
44,steady_m1,regime_conditional,1.0,clean,transit_rough,stable,2160,0,0,17,0,2143,0.0,,0.0,0.00787037037037037,,,0,,0,0.022222222222222223,1.0,1.0,,,,84,0.011904761904761904,7.87037037037037
44,steady_m1,regime_conditional,1.0,observed,all,all,6480,216,14,62,202,6202,0.18421052631578946,0.06481481481481481,0.0958904109589041,0.009897828863346106,0.08104927607987106,0.5,216,0.009259259259259259,432,0.02880658436213992,1.0,1.0,0.3333333333333333,0.06481481481481481,0.05092592592592592,264,0.022727272727272728,9.897828863346104
44,steady_m1,regime_conditional,1.0,observed,all,stable,6480,216,14,62,202,6202,0.18421052631578946,0.06481481481481481,0.0958904109589041,0.009897828863346106,0.08104927607987106,0.5,216,0.009259259259259259,432,0.02880658436213992,1.0,1.0,0.3333333333333333,0.06481481481481481,0.05092592592592592,264,0.022727272727272728,9.897828863346104
44,steady_m1,regime_conditional,1.0,observed,warehouse,all,2160,72,3,32,69,2056,0.08571428571428572,0.041666666666666664,0.056074766355140186,0.01532567049808429,0.04991340061423852,0.4166666666666667,72,0.013888888888888888,144,0.044753086419753084,1.0,1.0,0.3333333333333333,0.041666666666666664,0.027777777777777776,96,0.020833333333333332,15.32567049808429
44,steady_m1,regime_conditional,1.0,observed,warehouse,stable,2160,72,3,32,69,2056,0.08571428571428572,0.041666666666666664,0.056074766355140186,0.01532567049808429,0.04991340061423852,0.4166666666666667,72,0.013888888888888888,144,0.044753086419753084,1.0,1.0,0.3333333333333333,0.041666666666666664,0.027777777777777776,96,0.020833333333333332,15.32567049808429
44,steady_m1,regime_conditional,1.0,observed,transit_smooth,all,2160,72,7,16,65,2072,0.30434782608695654,0.09722222222222222,0.14736842105263157,0.007662835249042145,0.12681426214760178,0.5555555555555556,72,0.0,144,0.023148148148148147,1.0,1.0,0.3333333333333333,0.09722222222222222,0.09722222222222222,84,0.03571428571428571,7.662835249042145
44,steady_m1,regime_conditional,1.0,observed,transit_smooth,stable,2160,72,7,16,65,2072,0.30434782608695654,0.09722222222222222,0.14736842105263157,0.007662835249042145,0.12681426214760178,0.5555555555555556,72,0.0,144,0.023148148148148147,1.0,1.0,0.3333333333333333,0.09722222222222222,0.09722222222222222,84,0.03571428571428571,7.662835249042145
44,steady_m1,regime_conditional,1.0,observed,transit_rough,all,2160,72,4,14,68,2074,0.2222222222222222,0.05555555555555555,0.08888888888888889,0.006704980842911878,0.10458873983798593,0.5277777777777778,72,0.013888888888888888,144,0.018518518518518517,1.0,1.0,0.3333333333333333,0.05555555555555555,0.027777777777777776,84,0.011904761904761904,6.704980842911877
44,steady_m1,regime_conditional,1.0,observed,transit_rough,stable,2160,72,4,14,68,2074,0.2222222222222222,0.05555555555555555,0.08888888888888889,0.006704980842911878,0.10458873983798593,0.5277777777777778,72,0.013888888888888888,144,0.018518518518518517,1.0,1.0,0.3333333333333333,0.05555555555555555,0.027777777777777776,84,0.011904761904761904,6.704980842911877
44,steady_m1,regime_conditional,0.2,clean,all,all,6480,0,0,86,0,6394,0.0,,0.0,0.013271604938271606,,,0,,0,0.03981481481481482,1.0,1.0,,,,264,0.026515151515151516,6.944444444444445
44,steady_m1,regime_conditional,0.2,clean,all,stable,6480,0,0,86,0,6394,0.0,,0.0,0.013271604938271606,,,0,,0,0.03981481481481482,1.0,1.0,,,,264,0.026515151515151516,6.944444444444445
44,steady_m1,regime_conditional,0.2,clean,warehouse,all,2160,0,0,19,0,2141,0.0,,0.0,0.008796296296296297,,,0,,0,0.02638888888888889,1.0,1.0,,,,96,0.052083333333333336,7.407407407407407
44,steady_m1,regime_conditional,0.2,clean,warehouse,stable,2160,0,0,19,0,2141,0.0,,0.0,0.008796296296296297,,,0,,0,0.02638888888888889,1.0,1.0,,,,96,0.052083333333333336,7.407407407407407
44,steady_m1,regime_conditional,0.2,clean,transit_smooth,all,2160,0,0,41,0,2119,0.0,,0.0,0.01898148148148148,,,0,,0,0.05694444444444444,1.0,1.0,,,,84,0.0,6.944444444444445
44,steady_m1,regime_conditional,0.2,clean,transit_smooth,stable,2160,0,0,41,0,2119,0.0,,0.0,0.01898148148148148,,,0,,0,0.05694444444444444,1.0,1.0,,,,84,0.0,6.944444444444445
44,steady_m1,regime_conditional,0.2,clean,transit_rough,all,2160,0,0,26,0,2134,0.0,,0.0,0.012037037037037037,,,0,,0,0.03611111111111111,1.0,1.0,,,,84,0.023809523809523808,6.481481481481482
44,steady_m1,regime_conditional,0.2,clean,transit_rough,stable,2160,0,0,26,0,2134,0.0,,0.0,0.012037037037037037,,,0,,0,0.03611111111111111,1.0,1.0,,,,84,0.023809523809523808,6.481481481481482
44,steady_m1,regime_conditional,0.2,observed,all,all,6480,216,53,104,163,6160,0.3375796178343949,0.24537037037037038,0.28418230563002683,0.016602809706257982,0.22657162847457407,0.5925925925925926,216,0.041666666666666664,432,0.044238683127572016,1.0,1.0,0.3333333333333333,0.24537037037037038,0.2175925925925926,264,0.04924242424242424,7.0242656449553005
44,steady_m1,regime_conditional,0.2,observed,all,stable,6480,216,53,104,163,6160,0.3375796178343949,0.24537037037037038,0.28418230563002683,0.016602809706257982,0.22657162847457407,0.5925925925925926,216,0.041666666666666664,432,0.044238683127572016,1.0,1.0,0.3333333333333333,0.24537037037037038,0.2175925925925926,264,0.04924242424242424,7.0242656449553005
44,steady_m1,regime_conditional,0.2,observed,warehouse,all,2160,72,8,26,64,2062,0.23529411764705882,0.1111111111111111,0.1509433962264151,0.012452107279693486,0.12173499921058133,0.4722222222222222,72,0.08333333333333333,144,0.021604938271604937,1.0,1.0,0.3333333333333333,0.1111111111111111,0.09722222222222222,96,0.041666666666666664,6.226053639846743
44,steady_m1,regime_conditional,0.2,observed,warehouse,stable,2160,72,8,26,64,2062,0.23529411764705882,0.1111111111111111,0.1509433962264151,0.012452107279693486,0.12173499921058133,0.4722222222222222,72,0.08333333333333333,144,0.021604938271604937,1.0,1.0,0.3333333333333333,0.1111111111111111,0.09722222222222222,96,0.041666666666666664,6.226053639846743
44,steady_m1,regime_conditional,0.2,observed,transit_smooth,all,2160,72,23,51,49,2037,0.3108108108108108,0.3194444444444444,0.3150684931506849,0.02442528735632184,0.28355783096298187,0.6388888888888888,72,0.034722222222222224,144,0.07098765432098765,1.0,1.0,0.3333333333333333,0.3194444444444444,0.2638888888888889,84,0.07142857142857142,9.099616858237548
44,steady_m1,regime_conditional,0.2,observed,transit_smooth,stable,2160,72,23,51,49,2037,0.3108108108108108,0.3194444444444444,0.3150684931506849,0.02442528735632184,0.28355783096298187,0.6388888888888888,72,0.034722222222222224,144,0.07098765432098765,1.0,1.0,0.3333333333333333,0.3194444444444444,0.2638888888888889,84,0.07142857142857142,9.099616858237548
44,steady_m1,regime_conditional,0.2,observed,transit_rough,all,2160,72,22,27,50,2061,0.4489795918367347,0.3055555555555556,0.36363636363636365,0.01293103448275862,0.30984399767444304,0.6666666666666666,72,0.006944444444444444,144,0.040123456790123455,1.0,1.0,0.3333333333333333,0.3055555555555556,0.2916666666666667,84,0.03571428571428571,5.747126436781609
44,steady_m1,regime_conditional,0.2,observed,transit_rough,stable,2160,72,22,27,50,2061,0.4489795918367347,0.3055555555555556,0.36363636363636365,0.01293103448275862,0.30984399767444304,0.6666666666666666,72,0.006944444444444444,144,0.040123456790123455,1.0,1.0,0.3333333333333333,0.3055555555555556,0.2916666666666667,84,0.03571428571428571,5.747126436781609
44,steady_m2_r10_k1,regime_marginal,1.0,clean,all,all,6480,0,0,44,0,6436,0.0,,0.0,0.006790123456790123,,,0,,0,0.019444444444444445,1.0,1.0,,,,264,0.015151515151515152,6.327160493827161
44,steady_m2_r10_k1,regime_marginal,1.0,clean,all,stable,6480,0,0,44,0,6436,0.0,,0.0,0.006790123456790123,,,0,,0,0.019444444444444445,1.0,1.0,,,,264,0.015151515151515152,6.327160493827161
44,steady_m2_r10_k1,regime_marginal,1.0,clean,warehouse,all,2160,0,0,14,0,2146,0.0,,0.0,0.006481481481481481,,,0,,0,0.019444444444444445,1.0,1.0,,,,96,0.03125,6.018518518518518
44,steady_m2_r10_k1,regime_marginal,1.0,clean,warehouse,stable,2160,0,0,14,0,2146,0.0,,0.0,0.006481481481481481,,,0,,0,0.019444444444444445,1.0,1.0,,,,96,0.03125,6.018518518518518
44,steady_m2_r10_k1,regime_marginal,1.0,clean,transit_smooth,all,2160,0,0,9,0,2151,0.0,,0.0,0.004166666666666667,,,0,,0,0.0125,1.0,1.0,,,,84,0.0,4.166666666666667
44,steady_m2_r10_k1,regime_marginal,1.0,clean,transit_smooth,stable,2160,0,0,9,0,2151,0.0,,0.0,0.004166666666666667,,,0,,0,0.0125,1.0,1.0,,,,84,0.0,4.166666666666667
44,steady_m2_r10_k1,regime_marginal,1.0,clean,transit_rough,all,2160,0,0,21,0,2139,0.0,,0.0,0.009722222222222222,,,0,,0,0.02638888888888889,1.0,1.0,,,,84,0.011904761904761904,8.796296296296296
44,steady_m2_r10_k1,regime_marginal,1.0,clean,transit_rough,stable,2160,0,0,21,0,2139,0.0,,0.0,0.009722222222222222,,,0,,0,0.02638888888888889,1.0,1.0,,,,84,0.011904761904761904,8.796296296296296
44,steady_m2_r10_k1,regime_marginal,1.0,observed,all,all,6480,216,42,43,174,6221,0.49411764705882355,0.19444444444444445,0.27906976744186046,0.006864623243933589,0.2594281290758715,0.7037037037037037,216,0.0023148148148148147,432,0.0205761316872428,1.0,1.0,0.3333333333333333,0.19444444444444445,0.19444444444444445,264,0.015151515151515152,6.385696040868455
44,steady_m2_r10_k1,regime_marginal,1.0,observed,all,stable,6480,216,42,43,174,6221,0.49411764705882355,0.19444444444444445,0.27906976744186046,0.006864623243933589,0.2594281290758715,0.7037037037037037,216,0.0023148148148148147,432,0.0205761316872428,1.0,1.0,0.3333333333333333,0.19444444444444445,0.19444444444444445,264,0.015151515151515152,6.385696040868455
44,steady_m2_r10_k1,regime_marginal,1.0,observed,warehouse,all,2160,72,9,14,63,2074,0.391304347826087,0.125,0.18947368421052632,0.006704980842911878,0.16760684129546916,0.6527777777777778,72,0.0,144,0.021604938271604937,1.0,1.0,0.3333333333333333,0.125,0.125,96,0.03125,6.226053639846743
44,steady_m2_r10_k1,regime_marginal,1.0,observed,warehouse,stable,2160,72,9,14,63,2074,0.391304347826087,0.125,0.18947368421052632,0.006704980842911878,0.16760684129546916,0.6527777777777778,72,0.0,144,0.021604938271604937,1.0,1.0,0.3333333333333333,0.125,0.125,96,0.03125,6.226053639846743
44,steady_m2_r10_k1,regime_marginal,1.0,observed,transit_smooth,all,2160,72,19,9,53,2079,0.6785714285714286,0.2638888888888889,0.38,0.004310344827586207,0.33984279304859916,0.75,72,0.0,144,0.013888888888888888,1.0,1.0,0.3333333333333333,0.2638888888888889,0.2638888888888889,84,0.0,4.310344827586207
44,steady_m2_r10_k1,regime_marginal,1.0,observed,transit_smooth,stable,2160,72,19,9,53,2079,0.6785714285714286,0.2638888888888889,0.38,0.004310344827586207,0.33984279304859916,0.75,72,0.0,144,0.013888888888888888,1.0,1.0,0.3333333333333333,0.2638888888888889,0.2638888888888889,84,0.0,4.310344827586207
44,steady_m2_r10_k1,regime_marginal,1.0,observed,transit_rough,all,2160,72,14,20,58,2068,0.4117647058823529,0.19444444444444445,0.2641509433962264,0.009578544061302681,0.2877270042791408,0.7083333333333334,72,0.006944444444444444,144,0.026234567901234566,1.0,1.0,0.3333333333333333,0.19444444444444445,0.19444444444444445,84,0.011904761904761904,8.620689655172415
44,steady_m2_r10_k1,regime_marginal,1.0,observed,transit_rough,stable,2160,72,14,20,58,2068,0.4117647058823529,0.19444444444444445,0.2641509433962264,0.009578544061302681,0.2877270042791408,0.7083333333333334,72,0.006944444444444444,144,0.026234567901234566,1.0,1.0,0.3333333333333333,0.19444444444444445,0.19444444444444445,84,0.011904761904761904,8.620689655172415
44,steady_m2_r10_k1,regime_marginal,0.2,clean,all,all,6480,0,0,46,0,6434,0.0,,0.0,0.0070987654320987656,,,0,,0,0.017592592592592594,1.0,1.0,,,,264,0.01893939393939394,3.3950617283950617
44,steady_m2_r10_k1,regime_marginal,0.2,clean,all,stable,6480,0,0,46,0,6434,0.0,,0.0,0.0070987654320987656,,,0,,0,0.017592592592592594,1.0,1.0,,,,264,0.01893939393939394,3.3950617283950617
44,steady_m2_r10_k1,regime_marginal,0.2,clean,warehouse,all,2160,0,0,20,0,2140,0.0,,0.0,0.009259259259259259,,,0,,0,0.025,1.0,1.0,,,,96,0.03125,5.555555555555555
44,steady_m2_r10_k1,regime_marginal,0.2,clean,warehouse,stable,2160,0,0,20,0,2140,0.0,,0.0,0.009259259259259259,,,0,,0,0.025,1.0,1.0,,,,96,0.03125,5.555555555555555
44,steady_m2_r10_k1,regime_marginal,0.2,clean,transit_smooth,all,2160,0,0,0,0,2160,,,,0.0,,,0,,0,0.0,1.0,1.0,,,,84,0.0,0.0
44,steady_m2_r10_k1,regime_marginal,0.2,clean,transit_smooth,stable,2160,0,0,0,0,2160,,,,0.0,,,0,,0,0.0,1.0,1.0,,,,84,0.0,0.0
44,steady_m2_r10_k1,regime_marginal,0.2,clean,transit_rough,all,2160,0,0,26,0,2134,0.0,,0.0,0.012037037037037037,,,0,,0,0.027777777777777776,1.0,1.0,,,,84,0.023809523809523808,4.62962962962963
44,steady_m2_r10_k1,regime_marginal,0.2,clean,transit_rough,stable,2160,0,0,26,0,2134,0.0,,0.0,0.012037037037037037,,,0,,0,0.027777777777777776,1.0,1.0,,,,84,0.023809523809523808,4.62962962962963
44,steady_m2_r10_k1,regime_marginal,0.2,observed,all,all,6480,216,68,53,148,6211,0.5619834710743802,0.3148148148148148,0.4035608308605341,0.008461047254150703,0.409098943676965,0.7870370370370371,216,0.006944444444444444,432,0.021604938271604937,1.0,1.0,0.3333333333333333,0.3148148148148148,0.3148148148148148,264,0.045454545454545456,3.1928480204342273
44,steady_m2_r10_k1,regime_marginal,0.2,observed,all,stable,6480,216,68,53,148,6211,0.5619834710743802,0.3148148148148148,0.4035608308605341,0.008461047254150703,0.409098943676965,0.7870370370370371,216,0.006944444444444444,432,0.021604938271604937,1.0,1.0,0.3333333333333333,0.3148148148148148,0.3148148148148148,264,0.045454545454545456,3.1928480204342273
44,steady_m2_r10_k1,regime_marginal,0.2,observed,warehouse,all,2160,72,24,26,48,2062,0.48,0.3333333333333333,0.39344262295081966,0.012452107279693486,0.3975793375627339,0.6805555555555556,72,0.020833333333333332,144,0.032407407407407406,1.0,1.0,0.3333333333333333,0.3333333333333333,0.3333333333333333,96,0.09375,5.268199233716475
44,steady_m2_r10_k1,regime_marginal,0.2,observed,warehouse,stable,2160,72,24,26,48,2062,0.48,0.3333333333333333,0.39344262295081966,0.012452107279693486,0.3975793375627339,0.6805555555555556,72,0.020833333333333332,144,0.032407407407407406,1.0,1.0,0.3333333333333333,0.3333333333333333,0.3333333333333333,96,0.09375,5.268199233716475
44,steady_m2_r10_k1,regime_marginal,0.2,observed,transit_smooth,all,2160,72,17,0,55,2088,1.0,0.2361111111111111,0.38202247191011235,0.0,0.5237832680988465,0.8472222222222222,72,0.0,144,0.0,1.0,1.0,0.3333333333333333,0.2361111111111111,0.2361111111111111,84,0.0,0.0
44,steady_m2_r10_k1,regime_marginal,0.2,observed,transit_smooth,stable,2160,72,17,0,55,2088,1.0,0.2361111111111111,0.38202247191011235,0.0,0.5237832680988465,0.8472222222222222,72,0.0,144,0.0,1.0,1.0,0.3333333333333333,0.2361111111111111,0.2361111111111111,84,0.0,0.0
44,steady_m2_r10_k1,regime_marginal,0.2,observed,transit_rough,all,2160,72,27,27,45,2061,0.5,0.375,0.42857142857142855,0.01293103448275862,0.4240648985315182,0.8333333333333334,72,0.0,144,0.032407407407407406,1.0,1.0,0.3333333333333333,0.375,0.375,84,0.03571428571428571,4.310344827586207
44,steady_m2_r10_k1,regime_marginal,0.2,observed,transit_rough,stable,2160,72,27,27,45,2061,0.5,0.375,0.42857142857142855,0.01293103448275862,0.4240648985315182,0.8333333333333334,72,0.0,144,0.032407407407407406,1.0,1.0,0.3333333333333333,0.375,0.375,84,0.03571428571428571,4.310344827586207
44,steady_m2_r10_k1,regime_conditional,1.0,clean,all,all,6480,0,0,64,0,6416,0.0,,0.0,0.009876543209876543,,,0,,0,0.02824074074074074,1.0,1.0,,,,264,0.022727272727272728,9.876543209876543
44,steady_m2_r10_k1,regime_conditional,1.0,clean,all,stable,6480,0,0,64,0,6416,0.0,,0.0,0.009876543209876543,,,0,,0,0.02824074074074074,1.0,1.0,,,,264,0.022727272727272728,9.876543209876543
44,steady_m2_r10_k1,regime_conditional,1.0,clean,warehouse,all,2160,0,0,31,0,2129,0.0,,0.0,0.014351851851851852,,,0,,0,0.041666666666666664,1.0,1.0,,,,96,0.020833333333333332,14.351851851851851
44,steady_m2_r10_k1,regime_conditional,1.0,clean,warehouse,stable,2160,0,0,31,0,2129,0.0,,0.0,0.014351851851851852,,,0,,0,0.041666666666666664,1.0,1.0,,,,96,0.020833333333333332,14.351851851851851
44,steady_m2_r10_k1,regime_conditional,1.0,clean,transit_smooth,all,2160,0,0,16,0,2144,0.0,,0.0,0.007407407407407408,,,0,,0,0.020833333333333332,1.0,1.0,,,,84,0.03571428571428571,7.407407407407407
44,steady_m2_r10_k1,regime_conditional,1.0,clean,transit_smooth,stable,2160,0,0,16,0,2144,0.0,,0.0,0.007407407407407408,,,0,,0,0.020833333333333332,1.0,1.0,,,,84,0.03571428571428571,7.407407407407407
44,steady_m2_r10_k1,regime_conditional,1.0,clean,transit_rough,all,2160,0,0,17,0,2143,0.0,,0.0,0.00787037037037037,,,0,,0,0.022222222222222223,1.0,1.0,,,,84,0.011904761904761904,7.87037037037037
44,steady_m2_r10_k1,regime_conditional,1.0,clean,transit_rough,stable,2160,0,0,17,0,2143,0.0,,0.0,0.00787037037037037,,,0,,0,0.022222222222222223,1.0,1.0,,,,84,0.011904761904761904,7.87037037037037
44,steady_m2_r10_k1,regime_conditional,1.0,observed,all,all,6480,216,81,72,135,6192,0.5294117647058824,0.375,0.43902439024390244,0.011494252873563218,0.415763238930097,0.7777777777777778,216,0.032407407407407406,432,0.02880658436213992,1.0,1.0,0.3333333333333333,0.375,0.32407407407407407,264,0.022727272727272728,11.334610472541508
44,steady_m2_r10_k1,regime_conditional,1.0,observed,all,stable,6480,216,81,72,135,6192,0.5294117647058824,0.375,0.43902439024390244,0.011494252873563218,0.415763238930097,0.7777777777777778,216,0.032407407407407406,432,0.02880658436213992,1.0,1.0,0.3333333333333333,0.375,0.32407407407407407,264,0.022727272727272728,11.334610472541508
44,steady_m2_r10_k1,regime_conditional,1.0,observed,warehouse,all,2160,72,19,35,53,2053,0.35185185185185186,0.2638888888888889,0.30158730158730157,0.016762452107279693,0.2602180860001979,0.7083333333333334,72,0.034722222222222224,144,0.044753086419753084,1.0,1.0,0.3333333333333333,0.2638888888888889,0.2222222222222222,96,0.020833333333333332,16.762452107279692
44,steady_m2_r10_k1,regime_conditional,1.0,observed,warehouse,stable,2160,72,19,35,53,2053,0.35185185185185186,0.2638888888888889,0.30158730158730157,0.016762452107279693,0.2602180860001979,0.7083333333333334,72,0.034722222222222224,144,0.044753086419753084,1.0,1.0,0.3333333333333333,0.2638888888888889,0.2222222222222222,96,0.020833333333333332,16.762452107279692
44,steady_m2_r10_k1,regime_conditional,1.0,observed,transit_smooth,all,2160,72,30,19,42,2069,0.6122448979591837,0.4166666666666667,0.49586776859504134,0.009099616858237548,0.5283011921588826,0.8472222222222222,72,0.020833333333333332,144,0.023148148148148147,1.0,1.0,0.3333333333333333,0.4166666666666667,0.375,84,0.03571428571428571,8.620689655172415
44,steady_m2_r10_k1,regime_conditional,1.0,observed,transit_smooth,stable,2160,72,30,19,42,2069,0.6122448979591837,0.4166666666666667,0.49586776859504134,0.009099616858237548,0.5283011921588826,0.8472222222222222,72,0.020833333333333332,144,0.023148148148148147,1.0,1.0,0.3333333333333333,0.4166666666666667,0.375,84,0.03571428571428571,8.620689655172415
44,steady_m2_r10_k1,regime_conditional,1.0,observed,transit_rough,all,2160,72,32,18,40,2070,0.64,0.4444444444444444,0.5245901639344263,0.008620689655172414,0.5064510846380185,0.7777777777777778,72,0.041666666666666664,144,0.018518518518518517,1.0,1.0,0.3333333333333333,0.4444444444444444,0.375,84,0.011904761904761904,8.620689655172415
44,steady_m2_r10_k1,regime_conditional,1.0,observed,transit_rough,stable,2160,72,32,18,40,2070,0.64,0.4444444444444444,0.5245901639344263,0.008620689655172414,0.5064510846380185,0.7777777777777778,72,0.041666666666666664,144,0.018518518518518517,1.0,1.0,0.3333333333333333,0.4444444444444444,0.375,84,0.011904761904761904,8.620689655172415
44,steady_m2_r10_k1,regime_conditional,0.2,clean,all,all,6480,0,0,86,0,6394,0.0,,0.0,0.013271604938271606,,,0,,0,0.03981481481481482,1.0,1.0,,,,264,0.026515151515151516,6.944444444444445
44,steady_m2_r10_k1,regime_conditional,0.2,clean,all,stable,6480,0,0,86,0,6394,0.0,,0.0,0.013271604938271606,,,0,,0,0.03981481481481482,1.0,1.0,,,,264,0.026515151515151516,6.944444444444445
44,steady_m2_r10_k1,regime_conditional,0.2,clean,warehouse,all,2160,0,0,19,0,2141,0.0,,0.0,0.008796296296296297,,,0,,0,0.02638888888888889,1.0,1.0,,,,96,0.052083333333333336,7.407407407407407
44,steady_m2_r10_k1,regime_conditional,0.2,clean,warehouse,stable,2160,0,0,19,0,2141,0.0,,0.0,0.008796296296296297,,,0,,0,0.02638888888888889,1.0,1.0,,,,96,0.052083333333333336,7.407407407407407
44,steady_m2_r10_k1,regime_conditional,0.2,clean,transit_smooth,all,2160,0,0,41,0,2119,0.0,,0.0,0.01898148148148148,,,0,,0,0.05694444444444444,1.0,1.0,,,,84,0.0,6.944444444444445
44,steady_m2_r10_k1,regime_conditional,0.2,clean,transit_smooth,stable,2160,0,0,41,0,2119,0.0,,0.0,0.01898148148148148,,,0,,0,0.05694444444444444,1.0,1.0,,,,84,0.0,6.944444444444445
44,steady_m2_r10_k1,regime_conditional,0.2,clean,transit_rough,all,2160,0,0,26,0,2134,0.0,,0.0,0.012037037037037037,,,0,,0,0.03611111111111111,1.0,1.0,,,,84,0.023809523809523808,6.481481481481482
44,steady_m2_r10_k1,regime_conditional,0.2,clean,transit_rough,stable,2160,0,0,26,0,2134,0.0,,0.0,0.012037037037037037,,,0,,0,0.03611111111111111,1.0,1.0,,,,84,0.023809523809523808,6.481481481481482
44,steady_m2_r10_k1,regime_conditional,0.2,observed,all,all,6480,216,151,197,65,6067,0.4339080459770115,0.6990740740740741,0.5354609929078015,0.031449553001277136,0.6372269205086749,0.8240740740740741,216,0.13194444444444445,432,0.06635802469135803,1.0,1.0,0.3333333333333333,0.6990740740740741,0.4861111111111111,264,0.20454545454545456,8.620689655172415
44,steady_m2_r10_k1,regime_conditional,0.2,observed,all,stable,6480,216,151,197,65,6067,0.4339080459770115,0.6990740740740741,0.5354609929078015,0.031449553001277136,0.6372269205086749,0.8240740740740741,216,0.13194444444444445,432,0.06635802469135803,1.0,1.0,0.3333333333333333,0.6990740740740741,0.4861111111111111,264,0.20454545454545456,8.620689655172415
44,steady_m2_r10_k1,regime_conditional,0.2,observed,warehouse,all,2160,72,46,51,26,2037,0.4742268041237113,0.6388888888888888,0.5443786982248521,0.02442528735632184,0.549241475227851,0.7222222222222222,72,0.13194444444444445,144,0.044753086419753084,1.0,1.0,0.3333333333333333,0.6388888888888888,0.4861111111111111,96,0.16666666666666666,6.704980842911877
44,steady_m2_r10_k1,regime_conditional,0.2,observed,warehouse,stable,2160,72,46,51,26,2037,0.4742268041237113,0.6388888888888888,0.5443786982248521,0.02442528735632184,0.549241475227851,0.7222222222222222,72,0.13194444444444445,144,0.044753086419753084,1.0,1.0,0.3333333333333333,0.6388888888888888,0.4861111111111111,96,0.16666666666666666,6.704980842911877
44,steady_m2_r10_k1,regime_conditional,0.2,observed,transit_smooth,all,2160,72,54,90,18,1998,0.375,0.75,0.5,0.04310344827586207,0.6974736562236309,0.9305555555555556,72,0.18055555555555555,144,0.0941358024691358,1.0,1.0,0.3333333333333333,0.75,0.4305555555555556,84,0.2619047619047619,10.53639846743295
44,steady_m2_r10_k1,regime_conditional,0.2,observed,transit_smooth,stable,2160,72,54,90,18,1998,0.375,0.75,0.5,0.04310344827586207,0.6974736562236309,0.9305555555555556,72,0.18055555555555555,144,0.0941358024691358,1.0,1.0,0.3333333333333333,0.75,0.4305555555555556,84,0.2619047619047619,10.53639846743295
44,steady_m2_r10_k1,regime_conditional,0.2,observed,transit_rough,all,2160,72,51,56,21,2032,0.4766355140186916,0.7083333333333334,0.5698324022346368,0.02681992337164751,0.6606914812566831,0.8194444444444444,72,0.08333333333333333,144,0.06018518518518518,1.0,1.0,0.3333333333333333,0.7083333333333334,0.5416666666666666,84,0.19047619047619047,8.620689655172415
44,steady_m2_r10_k1,regime_conditional,0.2,observed,transit_rough,stable,2160,72,51,56,21,2032,0.4766355140186916,0.7083333333333334,0.5698324022346368,0.02681992337164751,0.6606914812566831,0.8194444444444444,72,0.08333333333333333,144,0.06018518518518518,1.0,1.0,0.3333333333333333,0.7083333333333334,0.5416666666666666,84,0.19047619047619047,8.620689655172415
44,steady_m4,regime_marginal,1.0,clean,all,all,6480,0,0,44,0,6436,0.0,,0.0,0.006790123456790123,,,0,,0,0.019444444444444445,1.0,1.0,,,,264,0.015151515151515152,6.327160493827161
44,steady_m4,regime_marginal,1.0,clean,all,stable,6480,0,0,44,0,6436,0.0,,0.0,0.006790123456790123,,,0,,0,0.019444444444444445,1.0,1.0,,,,264,0.015151515151515152,6.327160493827161
44,steady_m4,regime_marginal,1.0,clean,warehouse,all,2160,0,0,14,0,2146,0.0,,0.0,0.006481481481481481,,,0,,0,0.019444444444444445,1.0,1.0,,,,96,0.03125,6.018518518518518
44,steady_m4,regime_marginal,1.0,clean,warehouse,stable,2160,0,0,14,0,2146,0.0,,0.0,0.006481481481481481,,,0,,0,0.019444444444444445,1.0,1.0,,,,96,0.03125,6.018518518518518
44,steady_m4,regime_marginal,1.0,clean,transit_smooth,all,2160,0,0,9,0,2151,0.0,,0.0,0.004166666666666667,,,0,,0,0.0125,1.0,1.0,,,,84,0.0,4.166666666666667
44,steady_m4,regime_marginal,1.0,clean,transit_smooth,stable,2160,0,0,9,0,2151,0.0,,0.0,0.004166666666666667,,,0,,0,0.0125,1.0,1.0,,,,84,0.0,4.166666666666667
44,steady_m4,regime_marginal,1.0,clean,transit_rough,all,2160,0,0,21,0,2139,0.0,,0.0,0.009722222222222222,,,0,,0,0.02638888888888889,1.0,1.0,,,,84,0.011904761904761904,8.796296296296296
44,steady_m4,regime_marginal,1.0,clean,transit_rough,stable,2160,0,0,21,0,2139,0.0,,0.0,0.009722222222222222,,,0,,0,0.02638888888888889,1.0,1.0,,,,84,0.011904761904761904,8.796296296296296
44,steady_m4,regime_marginal,1.0,observed,all,all,6480,216,187,43,29,6221,0.8130434782608695,0.8657407407407407,0.8385650224215246,0.006864623243933589,0.9231153711796011,0.9953703703703703,216,0.0023148148148148147,432,0.0205761316872428,1.0,1.0,0.3333333333333333,0.8657407407407407,0.8611111111111112,264,0.015151515151515152,6.385696040868455
44,steady_m4,regime_marginal,1.0,observed,all,stable,6480,216,187,43,29,6221,0.8130434782608695,0.8657407407407407,0.8385650224215246,0.006864623243933589,0.9231153711796011,0.9953703703703703,216,0.0023148148148148147,432,0.0205761316872428,1.0,1.0,0.3333333333333333,0.8657407407407407,0.8611111111111112,264,0.015151515151515152,6.385696040868455
44,steady_m4,regime_marginal,1.0,observed,warehouse,all,2160,72,61,14,11,2074,0.8133333333333334,0.8472222222222222,0.8299319727891157,0.006704980842911878,0.8841040627591696,0.9861111111111112,72,0.0,144,0.021604938271604937,1.0,1.0,0.3333333333333333,0.8472222222222222,0.8472222222222222,96,0.03125,6.226053639846743
44,steady_m4,regime_marginal,1.0,observed,warehouse,stable,2160,72,61,14,11,2074,0.8133333333333334,0.8472222222222222,0.8299319727891157,0.006704980842911878,0.8841040627591696,0.9861111111111112,72,0.0,144,0.021604938271604937,1.0,1.0,0.3333333333333333,0.8472222222222222,0.8472222222222222,96,0.03125,6.226053639846743
44,steady_m4,regime_marginal,1.0,observed,transit_smooth,all,2160,72,63,9,9,2079,0.875,0.875,0.875,0.004310344827586207,0.9485019456783101,1.0,72,0.0,144,0.013888888888888888,1.0,1.0,0.3333333333333333,0.875,0.875,84,0.0,4.310344827586207
44,steady_m4,regime_marginal,1.0,observed,transit_smooth,stable,2160,72,63,9,9,2079,0.875,0.875,0.875,0.004310344827586207,0.9485019456783101,1.0,72,0.0,144,0.013888888888888888,1.0,1.0,0.3333333333333333,0.875,0.875,84,0.0,4.310344827586207
44,steady_m4,regime_marginal,1.0,observed,transit_rough,all,2160,72,63,20,9,2068,0.7590361445783133,0.875,0.8129032258064516,0.009578544061302681,0.9322308463126978,1.0,72,0.006944444444444444,144,0.026234567901234566,1.0,1.0,0.3333333333333333,0.875,0.8611111111111112,84,0.011904761904761904,8.620689655172415
44,steady_m4,regime_marginal,1.0,observed,transit_rough,stable,2160,72,63,20,9,2068,0.7590361445783133,0.875,0.8129032258064516,0.009578544061302681,0.9322308463126978,1.0,72,0.006944444444444444,144,0.026234567901234566,1.0,1.0,0.3333333333333333,0.875,0.8611111111111112,84,0.011904761904761904,8.620689655172415
44,steady_m4,regime_marginal,0.2,clean,all,all,6480,0,0,46,0,6434,0.0,,0.0,0.0070987654320987656,,,0,,0,0.017592592592592594,1.0,1.0,,,,264,0.01893939393939394,3.3950617283950617
44,steady_m4,regime_marginal,0.2,clean,all,stable,6480,0,0,46,0,6434,0.0,,0.0,0.0070987654320987656,,,0,,0,0.017592592592592594,1.0,1.0,,,,264,0.01893939393939394,3.3950617283950617
44,steady_m4,regime_marginal,0.2,clean,warehouse,all,2160,0,0,20,0,2140,0.0,,0.0,0.009259259259259259,,,0,,0,0.025,1.0,1.0,,,,96,0.03125,5.555555555555555
44,steady_m4,regime_marginal,0.2,clean,warehouse,stable,2160,0,0,20,0,2140,0.0,,0.0,0.009259259259259259,,,0,,0,0.025,1.0,1.0,,,,96,0.03125,5.555555555555555
44,steady_m4,regime_marginal,0.2,clean,transit_smooth,all,2160,0,0,0,0,2160,,,,0.0,,,0,,0,0.0,1.0,1.0,,,,84,0.0,0.0
44,steady_m4,regime_marginal,0.2,clean,transit_smooth,stable,2160,0,0,0,0,2160,,,,0.0,,,0,,0,0.0,1.0,1.0,,,,84,0.0,0.0
44,steady_m4,regime_marginal,0.2,clean,transit_rough,all,2160,0,0,26,0,2134,0.0,,0.0,0.012037037037037037,,,0,,0,0.027777777777777776,1.0,1.0,,,,84,0.023809523809523808,4.62962962962963
44,steady_m4,regime_marginal,0.2,clean,transit_rough,stable,2160,0,0,26,0,2134,0.0,,0.0,0.012037037037037037,,,0,,0,0.027777777777777776,1.0,1.0,,,,84,0.023809523809523808,4.62962962962963
44,steady_m4,regime_marginal,0.2,observed,all,all,6480,216,169,108,47,6156,0.6101083032490975,0.7824074074074074,0.6855983772819473,0.017241379310344827,0.7549910844979941,0.9490740740740741,216,0.006944444444444444,432,0.04938271604938271,1.0,1.0,0.3333333333333333,0.7824074074074074,0.7685185185185185,264,0.2537878787878788,3.1928480204342273
44,steady_m4,regime_marginal,0.2,observed,all,stable,6480,216,169,108,47,6156,0.6101083032490975,0.7824074074074074,0.6855983772819473,0.017241379310344827,0.7549910844979941,0.9490740740740741,216,0.006944444444444444,432,0.04938271604938271,1.0,1.0,0.3333333333333333,0.7824074074074074,0.7685185185185185,264,0.2537878787878788,3.1928480204342273
44,steady_m4,regime_marginal,0.2,observed,warehouse,all,2160,72,57,42,15,2046,0.5757575757575758,0.7916666666666666,0.6666666666666666,0.020114942528735632,0.7511211115271512,0.9166666666666666,72,0.020833333333333332,144,0.05555555555555555,1.0,1.0,0.3333333333333333,0.7916666666666666,0.75,96,0.2604166666666667,5.268199233716475
44,steady_m4,regime_marginal,0.2,observed,warehouse,stable,2160,72,57,42,15,2046,0.5757575757575758,0.7916666666666666,0.6666666666666666,0.020114942528735632,0.7511211115271512,0.9166666666666666,72,0.020833333333333332,144,0.05555555555555555,1.0,1.0,0.3333333333333333,0.7916666666666666,0.75,96,0.2604166666666667,5.268199233716475
44,steady_m4,regime_marginal,0.2,observed,transit_smooth,all,2160,72,53,16,19,2072,0.7681159420289855,0.7361111111111112,0.75177304964539,0.007662835249042145,0.8017657291126558,0.9861111111111112,72,0.0,144,0.024691358024691357,1.0,1.0,0.3333333333333333,0.7361111111111112,0.7361111111111112,84,0.19047619047619047,0.0
44,steady_m4,regime_marginal,0.2,observed,transit_smooth,stable,2160,72,53,16,19,2072,0.7681159420289855,0.7361111111111112,0.75177304964539,0.007662835249042145,0.8017657291126558,0.9861111111111112,72,0.0,144,0.024691358024691357,1.0,1.0,0.3333333333333333,0.7361111111111112,0.7361111111111112,84,0.19047619047619047,0.0
44,steady_m4,regime_marginal,0.2,observed,transit_rough,all,2160,72,59,50,13,2038,0.5412844036697247,0.8194444444444444,0.6519337016574586,0.023946360153256706,0.7572375628525435,0.9444444444444444,72,0.0,144,0.06790123456790123,1.0,1.0,0.3333333333333333,0.8194444444444444,0.8194444444444444,84,0.30952380952380953,4.310344827586207
44,steady_m4,regime_marginal,0.2,observed,transit_rough,stable,2160,72,59,50,13,2038,0.5412844036697247,0.8194444444444444,0.6519337016574586,0.023946360153256706,0.7572375628525435,0.9444444444444444,72,0.0,144,0.06790123456790123,1.0,1.0,0.3333333333333333,0.8194444444444444,0.8194444444444444,84,0.30952380952380953,4.310344827586207
44,steady_m4,regime_conditional,1.0,clean,all,all,6480,0,0,64,0,6416,0.0,,0.0,0.009876543209876543,,,0,,0,0.02824074074074074,1.0,1.0,,,,264,0.022727272727272728,9.876543209876543
44,steady_m4,regime_conditional,1.0,clean,all,stable,6480,0,0,64,0,6416,0.0,,0.0,0.009876543209876543,,,0,,0,0.02824074074074074,1.0,1.0,,,,264,0.022727272727272728,9.876543209876543
44,steady_m4,regime_conditional,1.0,clean,warehouse,all,2160,0,0,31,0,2129,0.0,,0.0,0.014351851851851852,,,0,,0,0.041666666666666664,1.0,1.0,,,,96,0.020833333333333332,14.351851851851851
44,steady_m4,regime_conditional,1.0,clean,warehouse,stable,2160,0,0,31,0,2129,0.0,,0.0,0.014351851851851852,,,0,,0,0.041666666666666664,1.0,1.0,,,,96,0.020833333333333332,14.351851851851851
44,steady_m4,regime_conditional,1.0,clean,transit_smooth,all,2160,0,0,16,0,2144,0.0,,0.0,0.007407407407407408,,,0,,0,0.020833333333333332,1.0,1.0,,,,84,0.03571428571428571,7.407407407407407
44,steady_m4,regime_conditional,1.0,clean,transit_smooth,stable,2160,0,0,16,0,2144,0.0,,0.0,0.007407407407407408,,,0,,0,0.020833333333333332,1.0,1.0,,,,84,0.03571428571428571,7.407407407407407
44,steady_m4,regime_conditional,1.0,clean,transit_rough,all,2160,0,0,17,0,2143,0.0,,0.0,0.00787037037037037,,,0,,0,0.022222222222222223,1.0,1.0,,,,84,0.011904761904761904,7.87037037037037
44,steady_m4,regime_conditional,1.0,clean,transit_rough,stable,2160,0,0,17,0,2143,0.0,,0.0,0.00787037037037037,,,0,,0,0.022222222222222223,1.0,1.0,,,,84,0.011904761904761904,7.87037037037037
44,steady_m4,regime_conditional,1.0,observed,all,all,6480,216,210,128,6,6136,0.621301775147929,0.9722222222222222,0.7581227436823105,0.020434227330779056,0.9502492479084099,0.9907407407407407,216,0.16203703703703703,432,0.02880658436213992,1.0,1.0,0.3333333333333333,0.9722222222222222,0.6666666666666666,264,0.022727272727272728,16.762452107279692
44,steady_m4,regime_conditional,1.0,observed,all,stable,6480,216,210,128,6,6136,0.621301775147929,0.9722222222222222,0.7581227436823105,0.020434227330779056,0.9502492479084099,0.9907407407407407,216,0.16203703703703703,432,0.02880658436213992,1.0,1.0,0.3333333333333333,0.9722222222222222,0.6666666666666666,264,0.022727272727272728,16.762452107279692
44,steady_m4,regime_conditional,1.0,observed,warehouse,all,2160,72,70,53,2,2035,0.5691056910569106,0.9722222222222222,0.717948717948718,0.025383141762452106,0.9197216981898159,0.9722222222222222,72,0.1597222222222222,144,0.044753086419753084,1.0,1.0,0.3333333333333333,0.9722222222222222,0.6944444444444444,96,0.020833333333333332,20.114942528735632
44,steady_m4,regime_conditional,1.0,observed,warehouse,stable,2160,72,70,53,2,2035,0.5691056910569106,0.9722222222222222,0.717948717948718,0.025383141762452106,0.9197216981898159,0.9722222222222222,72,0.1597222222222222,144,0.044753086419753084,1.0,1.0,0.3333333333333333,0.9722222222222222,0.6944444444444444,96,0.020833333333333332,20.114942528735632
44,steady_m4,regime_conditional,1.0,observed,transit_smooth,all,2160,72,70,37,2,2051,0.6542056074766355,0.9722222222222222,0.7821229050279329,0.017720306513409962,0.9684052669620051,1.0,72,0.14583333333333334,144,0.023148148148148147,1.0,1.0,0.3333333333333333,0.9722222222222222,0.6805555555555556,84,0.03571428571428571,15.804597701149426
44,steady_m4,regime_conditional,1.0,observed,transit_smooth,stable,2160,72,70,37,2,2051,0.6542056074766355,0.9722222222222222,0.7821229050279329,0.017720306513409962,0.9684052669620051,1.0,72,0.14583333333333334,144,0.023148148148148147,1.0,1.0,0.3333333333333333,0.9722222222222222,0.6805555555555556,84,0.03571428571428571,15.804597701149426
44,steady_m4,regime_conditional,1.0,observed,transit_rough,all,2160,72,70,38,2,2050,0.6481481481481481,0.9722222222222222,0.7777777777777778,0.018199233716475097,0.9585058883551303,1.0,72,0.18055555555555555,144,0.018518518518518517,1.0,1.0,0.3333333333333333,0.9722222222222222,0.625,84,0.011904761904761904,14.367816091954023
44,steady_m4,regime_conditional,1.0,observed,transit_rough,stable,2160,72,70,38,2,2050,0.6481481481481481,0.9722222222222222,0.7777777777777778,0.018199233716475097,0.9585058883551303,1.0,72,0.18055555555555555,144,0.018518518518518517,1.0,1.0,0.3333333333333333,0.9722222222222222,0.625,84,0.011904761904761904,14.367816091954023
44,steady_m4,regime_conditional,0.2,clean,all,all,6480,0,0,86,0,6394,0.0,,0.0,0.013271604938271606,,,0,,0,0.03981481481481482,1.0,1.0,,,,264,0.026515151515151516,6.944444444444445
44,steady_m4,regime_conditional,0.2,clean,all,stable,6480,0,0,86,0,6394,0.0,,0.0,0.013271604938271606,,,0,,0,0.03981481481481482,1.0,1.0,,,,264,0.026515151515151516,6.944444444444445
44,steady_m4,regime_conditional,0.2,clean,warehouse,all,2160,0,0,19,0,2141,0.0,,0.0,0.008796296296296297,,,0,,0,0.02638888888888889,1.0,1.0,,,,96,0.052083333333333336,7.407407407407407
44,steady_m4,regime_conditional,0.2,clean,warehouse,stable,2160,0,0,19,0,2141,0.0,,0.0,0.008796296296296297,,,0,,0,0.02638888888888889,1.0,1.0,,,,96,0.052083333333333336,7.407407407407407
44,steady_m4,regime_conditional,0.2,clean,transit_smooth,all,2160,0,0,41,0,2119,0.0,,0.0,0.01898148148148148,,,0,,0,0.05694444444444444,1.0,1.0,,,,84,0.0,6.944444444444445
44,steady_m4,regime_conditional,0.2,clean,transit_smooth,stable,2160,0,0,41,0,2119,0.0,,0.0,0.01898148148148148,,,0,,0,0.05694444444444444,1.0,1.0,,,,84,0.0,6.944444444444445
44,steady_m4,regime_conditional,0.2,clean,transit_rough,all,2160,0,0,26,0,2134,0.0,,0.0,0.012037037037037037,,,0,,0,0.03611111111111111,1.0,1.0,,,,84,0.023809523809523808,6.481481481481482
44,steady_m4,regime_conditional,0.2,clean,transit_rough,stable,2160,0,0,26,0,2134,0.0,,0.0,0.012037037037037037,,,0,,0,0.03611111111111111,1.0,1.0,,,,84,0.023809523809523808,6.481481481481482
44,steady_m4,regime_conditional,0.2,observed,all,all,6480,216,199,415,17,5849,0.3241042345276873,0.9212962962962963,0.4795180722891566,0.06625159642401021,0.7881139305655483,0.9537037037037037,216,0.4074074074074074,432,0.10030864197530864,1.0,1.0,0.3333333333333333,0.9212962962962963,0.35648148148148145,264,0.4431818181818182,12.292464878671776
44,steady_m4,regime_conditional,0.2,observed,all,stable,6480,216,199,415,17,5849,0.3241042345276873,0.9212962962962963,0.4795180722891566,0.06625159642401021,0.7881139305655483,0.9537037037037037,216,0.4074074074074074,432,0.10030864197530864,1.0,1.0,0.3333333333333333,0.9212962962962963,0.35648148148148145,264,0.4431818181818182,12.292464878671776
44,steady_m4,regime_conditional,0.2,observed,warehouse,all,2160,72,65,103,7,1985,0.3869047619047619,0.9027777777777778,0.5416666666666666,0.04932950191570881,0.7563704752322611,0.9166666666666666,72,0.25,144,0.08487654320987655,1.0,1.0,0.3333333333333333,0.9027777777777778,0.5833333333333334,96,0.4375,7.662835249042145
44,steady_m4,regime_conditional,0.2,observed,warehouse,stable,2160,72,65,103,7,1985,0.3869047619047619,0.9027777777777778,0.5416666666666666,0.04932950191570881,0.7563704752322611,0.9166666666666666,72,0.25,144,0.08487654320987655,1.0,1.0,0.3333333333333333,0.9027777777777778,0.5833333333333334,96,0.4375,7.662835249042145
44,steady_m4,regime_conditional,0.2,observed,transit_smooth,all,2160,72,68,158,4,1930,0.3008849557522124,0.9444444444444444,0.4563758389261745,0.07567049808429119,0.8163805552246952,1.0,72,0.4513888888888889,144,0.12191358024691358,1.0,1.0,0.3333333333333333,0.9444444444444444,0.2916666666666667,84,0.44047619047619047,15.804597701149426
44,steady_m4,regime_conditional,0.2,observed,transit_smooth,stable,2160,72,68,158,4,1930,0.3008849557522124,0.9444444444444444,0.4563758389261745,0.07567049808429119,0.8163805552246952,1.0,72,0.4513888888888889,144,0.12191358024691358,1.0,1.0,0.3333333333333333,0.9444444444444444,0.2916666666666667,84,0.44047619047619047,15.804597701149426
44,steady_m4,regime_conditional,0.2,observed,transit_rough,all,2160,72,66,154,6,1934,0.3,0.9166666666666666,0.4520547945205479,0.07375478927203065,0.7928408938421613,0.9444444444444444,72,0.5208333333333334,144,0.0941358024691358,1.0,1.0,0.3333333333333333,0.9166666666666666,0.19444444444444445,84,0.4523809523809524,13.409961685823754
44,steady_m4,regime_conditional,0.2,observed,transit_rough,stable,2160,72,66,154,6,1934,0.3,0.9166666666666666,0.4520547945205479,0.07375478927203065,0.7928408938421613,0.9444444444444444,72,0.5208333333333334,144,0.0941358024691358,1.0,1.0,0.3333333333333333,0.9166666666666666,0.19444444444444445,84,0.4523809523809524,13.409961685823754
44,steady_r02,regime_marginal,1.0,clean,all,all,6480,0,0,44,0,6436,0.0,,0.0,0.006790123456790123,,,0,,0,0.019444444444444445,1.0,1.0,,,,144,0.0,6.327160493827161
44,steady_r02,regime_marginal,1.0,clean,all,stable,6480,0,0,44,0,6436,0.0,,0.0,0.006790123456790123,,,0,,0,0.019444444444444445,1.0,1.0,,,,144,0.0,6.327160493827161
44,steady_r02,regime_marginal,1.0,clean,warehouse,all,2160,0,0,14,0,2146,0.0,,0.0,0.006481481481481481,,,0,,0,0.019444444444444445,1.0,1.0,,,,48,0.0,6.018518518518518
44,steady_r02,regime_marginal,1.0,clean,warehouse,stable,2160,0,0,14,0,2146,0.0,,0.0,0.006481481481481481,,,0,,0,0.019444444444444445,1.0,1.0,,,,48,0.0,6.018518518518518
44,steady_r02,regime_marginal,1.0,clean,transit_smooth,all,2160,0,0,9,0,2151,0.0,,0.0,0.004166666666666667,,,0,,0,0.0125,1.0,1.0,,,,48,0.0,4.166666666666667
44,steady_r02,regime_marginal,1.0,clean,transit_smooth,stable,2160,0,0,9,0,2151,0.0,,0.0,0.004166666666666667,,,0,,0,0.0125,1.0,1.0,,,,48,0.0,4.166666666666667
44,steady_r02,regime_marginal,1.0,clean,transit_rough,all,2160,0,0,21,0,2139,0.0,,0.0,0.009722222222222222,,,0,,0,0.02638888888888889,1.0,1.0,,,,48,0.0,8.796296296296296
44,steady_r02,regime_marginal,1.0,clean,transit_rough,stable,2160,0,0,21,0,2139,0.0,,0.0,0.009722222222222222,,,0,,0,0.02638888888888889,1.0,1.0,,,,48,0.0,8.796296296296296
44,steady_r02,regime_marginal,1.0,observed,all,all,6480,48,10,44,38,6388,0.18518518518518517,0.20833333333333334,0.19607843137254902,0.006840796019900498,0.12445981599634061,0.7916666666666666,48,0.0,96,0.019886363636363636,1.0,1.0,0.3333333333333333,0.20833333333333334,0.20833333333333334,144,0.0,6.374378109452737
44,steady_r02,regime_marginal,1.0,observed,all,stable,6480,48,10,44,38,6388,0.18518518518518517,0.20833333333333334,0.19607843137254902,0.006840796019900498,0.12445981599634061,0.7916666666666666,48,0.0,96,0.019886363636363636,1.0,1.0,0.3333333333333333,0.20833333333333334,0.20833333333333334,144,0.0,6.374378109452737
44,steady_r02,regime_marginal,1.0,observed,warehouse,all,2160,16,3,14,13,2130,0.17647058823529413,0.1875,0.18181818181818182,0.0065298507462686565,0.13823639689744327,0.875,16,0.0,32,0.019886363636363636,1.0,1.0,0.3333333333333333,0.1875,0.1875,48,0.0,6.063432835820896
44,steady_r02,regime_marginal,1.0,observed,warehouse,stable,2160,16,3,14,13,2130,0.17647058823529413,0.1875,0.18181818181818182,0.0065298507462686565,0.13823639689744327,0.875,16,0.0,32,0.019886363636363636,1.0,1.0,0.3333333333333333,0.1875,0.1875,48,0.0,6.063432835820896
44,steady_r02,regime_marginal,1.0,observed,transit_smooth,all,2160,16,6,9,10,2135,0.4,0.375,0.3870967741935484,0.004197761194029851,0.2052771859506425,0.625,16,0.0,32,0.01278409090909091,1.0,1.0,0.3333333333333333,0.375,0.375,48,0.0,4.197761194029851
44,steady_r02,regime_marginal,1.0,observed,transit_smooth,stable,2160,16,6,9,10,2135,0.4,0.375,0.3870967741935484,0.004197761194029851,0.2052771859506425,0.625,16,0.0,32,0.01278409090909091,1.0,1.0,0.3333333333333333,0.375,0.375,48,0.0,4.197761194029851
44,steady_r02,regime_marginal,1.0,observed,transit_rough,all,2160,16,1,21,15,2123,0.045454545454545456,0.0625,0.05263157894736842,0.009794776119402986,0.0837185462740541,0.875,16,0.0,32,0.026988636363636364,1.0,1.0,0.3333333333333333,0.0625,0.0625,48,0.0,8.861940298507463
44,steady_r02,regime_marginal,1.0,observed,transit_rough,stable,2160,16,1,21,15,2123,0.045454545454545456,0.0625,0.05263157894736842,0.009794776119402986,0.0837185462740541,0.875,16,0.0,32,0.026988636363636364,1.0,1.0,0.3333333333333333,0.0625,0.0625,48,0.0,8.861940298507463
44,steady_r02,regime_marginal,0.2,clean,all,all,6480,0,0,46,0,6434,0.0,,0.0,0.0070987654320987656,,,0,,0,0.017592592592592594,1.0,1.0,,,,144,0.0,3.3950617283950617
44,steady_r02,regime_marginal,0.2,clean,all,stable,6480,0,0,46,0,6434,0.0,,0.0,0.0070987654320987656,,,0,,0,0.017592592592592594,1.0,1.0,,,,144,0.0,3.3950617283950617
44,steady_r02,regime_marginal,0.2,clean,warehouse,all,2160,0,0,20,0,2140,0.0,,0.0,0.009259259259259259,,,0,,0,0.025,1.0,1.0,,,,48,0.0,5.555555555555555
44,steady_r02,regime_marginal,0.2,clean,warehouse,stable,2160,0,0,20,0,2140,0.0,,0.0,0.009259259259259259,,,0,,0,0.025,1.0,1.0,,,,48,0.0,5.555555555555555
44,steady_r02,regime_marginal,0.2,clean,transit_smooth,all,2160,0,0,0,0,2160,,,,0.0,,,0,,0,0.0,1.0,1.0,,,,48,0.0,0.0
44,steady_r02,regime_marginal,0.2,clean,transit_smooth,stable,2160,0,0,0,0,2160,,,,0.0,,,0,,0,0.0,1.0,1.0,,,,48,0.0,0.0
44,steady_r02,regime_marginal,0.2,clean,transit_rough,all,2160,0,0,26,0,2134,0.0,,0.0,0.012037037037037037,,,0,,0,0.027777777777777776,1.0,1.0,,,,48,0.0,4.62962962962963
44,steady_r02,regime_marginal,0.2,clean,transit_rough,stable,2160,0,0,26,0,2134,0.0,,0.0,0.012037037037037037,,,0,,0,0.027777777777777776,1.0,1.0,,,,48,0.0,4.62962962962963
44,steady_r02,regime_marginal,0.2,observed,all,all,6480,48,10,48,38,6384,0.1724137931034483,0.20833333333333334,0.18867924528301888,0.007462686567164179,0.14351657692371225,0.7291666666666666,48,0.0,96,0.01893939393939394,1.0,1.0,0.3333333333333333,0.20833333333333334,0.20833333333333334,144,0.013888888888888888,3.4203980099502487
44,steady_r02,regime_marginal,0.2,observed,all,stable,6480,48,10,48,38,6384,0.1724137931034483,0.20833333333333334,0.18867924528301888,0.007462686567164179,0.14351657692371225,0.7291666666666666,48,0.0,96,0.01893939393939394,1.0,1.0,0.3333333333333333,0.20833333333333334,0.20833333333333334,144,0.013888888888888888,3.4203980099502487
44,steady_r02,regime_marginal,0.2,observed,warehouse,all,2160,16,6,21,10,2123,0.2222222222222222,0.375,0.27906976744186046,0.009794776119402986,0.3813215257783451,0.75,16,0.0,32,0.026988636363636364,1.0,1.0,0.3333333333333333,0.375,0.375,48,0.020833333333333332,5.597014925373134
44,steady_r02,regime_marginal,0.2,observed,warehouse,stable,2160,16,6,21,10,2123,0.2222222222222222,0.375,0.27906976744186046,0.009794776119402986,0.3813215257783451,0.75,16,0.0,32,0.026988636363636364,1.0,1.0,0.3333333333333333,0.375,0.375,48,0.020833333333333332,5.597014925373134
44,steady_r02,regime_marginal,0.2,observed,transit_smooth,all,2160,16,1,0,15,2144,1.0,0.0625,0.11764705882352941,0.0,0.24564098325529723,0.6875,16,0.0,32,0.0,1.0,1.0,0.3333333333333333,0.0625,0.0625,48,0.0,0.0
44,steady_r02,regime_marginal,0.2,observed,transit_smooth,stable,2160,16,1,0,15,2144,1.0,0.0625,0.11764705882352941,0.0,0.24564098325529723,0.6875,16,0.0,32,0.0,1.0,1.0,0.3333333333333333,0.0625,0.0625,48,0.0,0.0
44,steady_r02,regime_marginal,0.2,observed,transit_rough,all,2160,16,3,27,13,2117,0.1,0.1875,0.13043478260869565,0.012593283582089552,0.0737803825343149,0.75,16,0.0,32,0.029829545454545456,1.0,1.0,0.3333333333333333,0.1875,0.1875,48,0.020833333333333332,4.664179104477612
44,steady_r02,regime_marginal,0.2,observed,transit_rough,stable,2160,16,3,27,13,2117,0.1,0.1875,0.13043478260869565,0.012593283582089552,0.0737803825343149,0.75,16,0.0,32,0.029829545454545456,1.0,1.0,0.3333333333333333,0.1875,0.1875,48,0.020833333333333332,4.664179104477612
44,steady_r02,regime_conditional,1.0,clean,all,all,6480,0,0,64,0,6416,0.0,,0.0,0.009876543209876543,,,0,,0,0.02824074074074074,1.0,1.0,,,,144,0.0,9.876543209876543
44,steady_r02,regime_conditional,1.0,clean,all,stable,6480,0,0,64,0,6416,0.0,,0.0,0.009876543209876543,,,0,,0,0.02824074074074074,1.0,1.0,,,,144,0.0,9.876543209876543
44,steady_r02,regime_conditional,1.0,clean,warehouse,all,2160,0,0,31,0,2129,0.0,,0.0,0.014351851851851852,,,0,,0,0.041666666666666664,1.0,1.0,,,,48,0.0,14.351851851851851
44,steady_r02,regime_conditional,1.0,clean,warehouse,stable,2160,0,0,31,0,2129,0.0,,0.0,0.014351851851851852,,,0,,0,0.041666666666666664,1.0,1.0,,,,48,0.0,14.351851851851851
44,steady_r02,regime_conditional,1.0,clean,transit_smooth,all,2160,0,0,16,0,2144,0.0,,0.0,0.007407407407407408,,,0,,0,0.020833333333333332,1.0,1.0,,,,48,0.0,7.407407407407407
44,steady_r02,regime_conditional,1.0,clean,transit_smooth,stable,2160,0,0,16,0,2144,0.0,,0.0,0.007407407407407408,,,0,,0,0.020833333333333332,1.0,1.0,,,,48,0.0,7.407407407407407
44,steady_r02,regime_conditional,1.0,clean,transit_rough,all,2160,0,0,17,0,2143,0.0,,0.0,0.00787037037037037,,,0,,0,0.022222222222222223,1.0,1.0,,,,48,0.0,7.87037037037037
44,steady_r02,regime_conditional,1.0,clean,transit_rough,stable,2160,0,0,17,0,2143,0.0,,0.0,0.00787037037037037,,,0,,0,0.022222222222222223,1.0,1.0,,,,48,0.0,7.87037037037037
44,steady_r02,regime_conditional,1.0,observed,all,all,6480,48,21,68,27,6364,0.23595505617977527,0.4375,0.30656934306569344,0.010572139303482588,0.2680595401887906,0.8541666666666666,48,0.041666666666666664,96,0.028882575757575756,1.0,1.0,0.3333333333333333,0.4375,0.3541666666666667,144,0.0,10.416666666666666
44,steady_r02,regime_conditional,1.0,observed,all,stable,6480,48,21,68,27,6364,0.23595505617977527,0.4375,0.30656934306569344,0.010572139303482588,0.2680595401887906,0.8541666666666666,48,0.041666666666666664,96,0.028882575757575756,1.0,1.0,0.3333333333333333,0.4375,0.3541666666666667,144,0.0,10.416666666666666
44,steady_r02,regime_conditional,1.0,observed,warehouse,all,2160,16,5,31,11,2113,0.1388888888888889,0.3125,0.19230769230769232,0.014458955223880597,0.15785693216856173,0.875,16,0.0,32,0.04261363636363636,1.0,1.0,0.3333333333333333,0.3125,0.3125,48,0.0,14.458955223880597
44,steady_r02,regime_conditional,1.0,observed,warehouse,stable,2160,16,5,31,11,2113,0.1388888888888889,0.3125,0.19230769230769232,0.014458955223880597,0.15785693216856173,0.875,16,0.0,32,0.04261363636363636,1.0,1.0,0.3333333333333333,0.3125,0.3125,48,0.0,14.458955223880597
44,steady_r02,regime_conditional,1.0,observed,transit_smooth,all,2160,16,8,18,8,2126,0.3076923076923077,0.5,0.38095238095238093,0.008395522388059701,0.4605887600879724,0.75,16,0.0625,32,0.02130681818181818,1.0,1.0,0.3333333333333333,0.5,0.375,48,0.0,7.92910447761194
44,steady_r02,regime_conditional,1.0,observed,transit_smooth,stable,2160,16,8,18,8,2126,0.3076923076923077,0.5,0.38095238095238093,0.008395522388059701,0.4605887600879724,0.75,16,0.0625,32,0.02130681818181818,1.0,1.0,0.3333333333333333,0.5,0.375,48,0.0,7.92910447761194
44,steady_r02,regime_conditional,1.0,observed,transit_rough,all,2160,16,8,19,8,2125,0.2962962962962963,0.5,0.37209302325581395,0.008861940298507462,0.28987794102866954,0.9375,16,0.0625,32,0.022727272727272728,1.0,1.0,0.3333333333333333,0.5,0.375,48,0.0,8.861940298507463
44,steady_r02,regime_conditional,1.0,observed,transit_rough,stable,2160,16,8,19,8,2125,0.2962962962962963,0.5,0.37209302325581395,0.008861940298507462,0.28987794102866954,0.9375,16,0.0625,32,0.022727272727272728,1.0,1.0,0.3333333333333333,0.5,0.375,48,0.0,8.861940298507463
44,steady_r02,regime_conditional,0.2,clean,all,all,6480,0,0,86,0,6394,0.0,,0.0,0.013271604938271606,,,0,,0,0.03981481481481482,1.0,1.0,,,,144,0.013888888888888888,6.944444444444445
44,steady_r02,regime_conditional,0.2,clean,all,stable,6480,0,0,86,0,6394,0.0,,0.0,0.013271604938271606,,,0,,0,0.03981481481481482,1.0,1.0,,,,144,0.013888888888888888,6.944444444444445
44,steady_r02,regime_conditional,0.2,clean,warehouse,all,2160,0,0,19,0,2141,0.0,,0.0,0.008796296296296297,,,0,,0,0.02638888888888889,1.0,1.0,,,,48,0.041666666666666664,7.407407407407407
44,steady_r02,regime_conditional,0.2,clean,warehouse,stable,2160,0,0,19,0,2141,0.0,,0.0,0.008796296296296297,,,0,,0,0.02638888888888889,1.0,1.0,,,,48,0.041666666666666664,7.407407407407407
44,steady_r02,regime_conditional,0.2,clean,transit_smooth,all,2160,0,0,41,0,2119,0.0,,0.0,0.01898148148148148,,,0,,0,0.05694444444444444,1.0,1.0,,,,48,0.0,6.944444444444445
44,steady_r02,regime_conditional,0.2,clean,transit_smooth,stable,2160,0,0,41,0,2119,0.0,,0.0,0.01898148148148148,,,0,,0,0.05694444444444444,1.0,1.0,,,,48,0.0,6.944444444444445
44,steady_r02,regime_conditional,0.2,clean,transit_rough,all,2160,0,0,26,0,2134,0.0,,0.0,0.012037037037037037,,,0,,0,0.03611111111111111,1.0,1.0,,,,48,0.0,6.481481481481482
44,steady_r02,regime_conditional,0.2,clean,transit_rough,stable,2160,0,0,26,0,2134,0.0,,0.0,0.012037037037037037,,,0,,0,0.03611111111111111,1.0,1.0,,,,48,0.0,6.481481481481482
44,steady_r02,regime_conditional,0.2,observed,all,all,6480,48,23,109,25,6323,0.17424242424242425,0.4791666666666667,0.25555555555555554,0.016946517412935323,0.33990238424491925,0.75,48,0.041666666666666664,96,0.04876893939393939,1.0,1.0,0.3333333333333333,0.4791666666666667,0.4166666666666667,144,0.10416666666666667,6.840796019900497
44,steady_r02,regime_conditional,0.2,observed,all,stable,6480,48,23,109,25,6323,0.17424242424242425,0.4791666666666667,0.25555555555555554,0.016946517412935323,0.33990238424491925,0.75,48,0.041666666666666664,96,0.04876893939393939,1.0,1.0,0.3333333333333333,0.4791666666666667,0.4166666666666667,144,0.10416666666666667,6.840796019900497
44,steady_r02,regime_conditional,0.2,observed,warehouse,all,2160,16,7,24,9,2120,0.22580645161290322,0.4375,0.2978723404255319,0.011194029850746268,0.3741712180195796,0.75,16,0.03125,32,0.032670454545454544,1.0,1.0,0.3333333333333333,0.4375,0.4375,48,0.041666666666666664,5.597014925373134
44,steady_r02,regime_conditional,0.2,observed,warehouse,stable,2160,16,7,24,9,2120,0.22580645161290322,0.4375,0.2978723404255319,0.011194029850746268,0.3741712180195796,0.75,16,0.03125,32,0.032670454545454544,1.0,1.0,0.3333333333333333,0.4375,0.4375,48,0.041666666666666664,5.597014925373134
44,steady_r02,regime_conditional,0.2,observed,transit_smooth,all,2160,16,9,53,7,2091,0.14516129032258066,0.5625,0.23076923076923078,0.024720149253731342,0.3005998559949404,0.875,16,0.09375,32,0.06818181818181818,1.0,1.0,0.3333333333333333,0.5625,0.375,48,0.14583333333333334,8.395522388059701
44,steady_r02,regime_conditional,0.2,observed,transit_smooth,stable,2160,16,9,53,7,2091,0.14516129032258066,0.5625,0.23076923076923078,0.024720149253731342,0.3005998559949404,0.875,16,0.09375,32,0.06818181818181818,1.0,1.0,0.3333333333333333,0.5625,0.375,48,0.14583333333333334,8.395522388059701
44,steady_r02,regime_conditional,0.2,observed,transit_rough,all,2160,16,7,32,9,2112,0.1794871794871795,0.4375,0.2545454545454545,0.014925373134328358,0.3867626339976909,0.625,16,0.0,32,0.045454545454545456,1.0,1.0,0.3333333333333333,0.4375,0.4375,48,0.125,6.529850746268656
44,steady_r02,regime_conditional,0.2,observed,transit_rough,stable,2160,16,7,32,9,2112,0.1794871794871795,0.4375,0.2545454545454545,0.014925373134328358,0.3867626339976909,0.625,16,0.0,32,0.045454545454545456,1.0,1.0,0.3333333333333333,0.4375,0.4375,48,0.125,6.529850746268656
44,steady_r20,regime_marginal,1.0,clean,all,all,6480,0,0,44,0,6436,0.0,,0.0,0.006790123456790123,,,0,,0,0.019444444444444445,1.0,1.0,,,,396,0.005050505050505051,6.327160493827161
44,steady_r20,regime_marginal,1.0,clean,all,stable,6480,0,0,44,0,6436,0.0,,0.0,0.006790123456790123,,,0,,0,0.019444444444444445,1.0,1.0,,,,396,0.005050505050505051,6.327160493827161
44,steady_r20,regime_marginal,1.0,clean,warehouse,all,2160,0,0,14,0,2146,0.0,,0.0,0.006481481481481481,,,0,,0,0.019444444444444445,1.0,1.0,,,,132,0.007575757575757576,6.018518518518518
44,steady_r20,regime_marginal,1.0,clean,warehouse,stable,2160,0,0,14,0,2146,0.0,,0.0,0.006481481481481481,,,0,,0,0.019444444444444445,1.0,1.0,,,,132,0.007575757575757576,6.018518518518518
44,steady_r20,regime_marginal,1.0,clean,transit_smooth,all,2160,0,0,9,0,2151,0.0,,0.0,0.004166666666666667,,,0,,0,0.0125,1.0,1.0,,,,132,0.0,4.166666666666667
44,steady_r20,regime_marginal,1.0,clean,transit_smooth,stable,2160,0,0,9,0,2151,0.0,,0.0,0.004166666666666667,,,0,,0,0.0125,1.0,1.0,,,,132,0.0,4.166666666666667
44,steady_r20,regime_marginal,1.0,clean,transit_rough,all,2160,0,0,21,0,2139,0.0,,0.0,0.009722222222222222,,,0,,0,0.02638888888888889,1.0,1.0,,,,132,0.007575757575757576,8.796296296296296
44,steady_r20,regime_marginal,1.0,clean,transit_rough,stable,2160,0,0,21,0,2139,0.0,,0.0,0.009722222222222222,,,0,,0,0.02638888888888889,1.0,1.0,,,,132,0.007575757575757576,8.796296296296296
44,steady_r20,regime_marginal,1.0,observed,all,all,6480,432,110,38,322,6010,0.7432432432432432,0.25462962962962965,0.3793103448275862,0.006283068783068783,0.4732245495034949,0.7638888888888888,432,0.005787037037037037,864,0.017939814814814815,1.0,1.0,0.3333333333333333,0.25462962962962965,0.2523148148148148,396,0.005050505050505051,5.9523809523809526
44,steady_r20,regime_marginal,1.0,observed,all,stable,6480,432,110,38,322,6010,0.7432432432432432,0.25462962962962965,0.3793103448275862,0.006283068783068783,0.4732245495034949,0.7638888888888888,432,0.005787037037037037,864,0.017939814814814815,1.0,1.0,0.3333333333333333,0.25462962962962965,0.2523148148148148,396,0.005050505050505051,5.9523809523809526
44,steady_r20,regime_marginal,1.0,observed,warehouse,all,2160,144,38,12,106,2004,0.76,0.2638888888888889,0.3917525773195876,0.005952380952380952,0.430149698199391,0.7430555555555556,144,0.003472222222222222,288,0.019097222222222224,1.0,1.0,0.3333333333333333,0.2638888888888889,0.2638888888888889,132,0.007575757575757576,5.9523809523809526
44,steady_r20,regime_marginal,1.0,observed,warehouse,stable,2160,144,38,12,106,2004,0.76,0.2638888888888889,0.3917525773195876,0.005952380952380952,0.430149698199391,0.7430555555555556,144,0.003472222222222222,288,0.019097222222222224,1.0,1.0,0.3333333333333333,0.2638888888888889,0.2638888888888889,132,0.007575757575757576,5.9523809523809526
44,steady_r20,regime_marginal,1.0,observed,transit_smooth,all,2160,144,35,9,109,2007,0.7954545454545454,0.24305555555555555,0.3723404255319149,0.004464285714285714,0.4942565024527776,0.7916666666666666,144,0.003472222222222222,288,0.013888888888888888,1.0,1.0,0.3333333333333333,0.24305555555555555,0.24305555555555555,132,0.0,4.464285714285714
44,steady_r20,regime_marginal,1.0,observed,transit_smooth,stable,2160,144,35,9,109,2007,0.7954545454545454,0.24305555555555555,0.3723404255319149,0.004464285714285714,0.4942565024527776,0.7916666666666666,144,0.003472222222222222,288,0.013888888888888888,1.0,1.0,0.3333333333333333,0.24305555555555555,0.24305555555555555,132,0.0,4.464285714285714
44,steady_r20,regime_marginal,1.0,observed,transit_rough,all,2160,144,37,17,107,1999,0.6851851851851852,0.2569444444444444,0.37373737373737376,0.008432539682539682,0.4919164391274453,0.7569444444444444,144,0.010416666666666666,288,0.020833333333333332,1.0,1.0,0.3333333333333333,0.2569444444444444,0.25,132,0.007575757575757576,7.440476190476191
44,steady_r20,regime_marginal,1.0,observed,transit_rough,stable,2160,144,37,17,107,1999,0.6851851851851852,0.2569444444444444,0.37373737373737376,0.008432539682539682,0.4919164391274453,0.7569444444444444,144,0.010416666666666666,288,0.020833333333333332,1.0,1.0,0.3333333333333333,0.2569444444444444,0.25,132,0.007575757575757576,7.440476190476191
44,steady_r20,regime_marginal,0.2,clean,all,all,6480,0,0,46,0,6434,0.0,,0.0,0.0070987654320987656,,,0,,0,0.017592592592592594,1.0,1.0,,,,396,0.007575757575757576,3.3950617283950617
44,steady_r20,regime_marginal,0.2,clean,all,stable,6480,0,0,46,0,6434,0.0,,0.0,0.0070987654320987656,,,0,,0,0.017592592592592594,1.0,1.0,,,,396,0.007575757575757576,3.3950617283950617
44,steady_r20,regime_marginal,0.2,clean,warehouse,all,2160,0,0,20,0,2140,0.0,,0.0,0.009259259259259259,,,0,,0,0.025,1.0,1.0,,,,132,0.007575757575757576,5.555555555555555
44,steady_r20,regime_marginal,0.2,clean,warehouse,stable,2160,0,0,20,0,2140,0.0,,0.0,0.009259259259259259,,,0,,0,0.025,1.0,1.0,,,,132,0.007575757575757576,5.555555555555555
44,steady_r20,regime_marginal,0.2,clean,transit_smooth,all,2160,0,0,0,0,2160,,,,0.0,,,0,,0,0.0,1.0,1.0,,,,132,0.0,0.0
44,steady_r20,regime_marginal,0.2,clean,transit_smooth,stable,2160,0,0,0,0,2160,,,,0.0,,,0,,0,0.0,1.0,1.0,,,,132,0.0,0.0
44,steady_r20,regime_marginal,0.2,clean,transit_rough,all,2160,0,0,26,0,2134,0.0,,0.0,0.012037037037037037,,,0,,0,0.027777777777777776,1.0,1.0,,,,132,0.015151515151515152,4.62962962962963
44,steady_r20,regime_marginal,0.2,clean,transit_rough,stable,2160,0,0,26,0,2134,0.0,,0.0,0.012037037037037037,,,0,,0,0.027777777777777776,1.0,1.0,,,,132,0.015151515151515152,4.62962962962963
44,steady_r20,regime_marginal,0.2,observed,all,all,6480,432,199,70,233,5978,0.7397769516728625,0.46064814814814814,0.5677603423680456,0.011574074074074073,0.599785002234035,0.8263888888888888,432,0.006944444444444444,864,0.03356481481481482,1.0,1.0,0.3333333333333333,0.46064814814814814,0.4583333333333333,396,0.08333333333333333,2.810846560846561
44,steady_r20,regime_marginal,0.2,observed,all,stable,6480,432,199,70,233,5978,0.7397769516728625,0.46064814814814814,0.5677603423680456,0.011574074074074073,0.599785002234035,0.8263888888888888,432,0.006944444444444444,864,0.03356481481481482,1.0,1.0,0.3333333333333333,0.46064814814814814,0.4583333333333333,396,0.08333333333333333,2.810846560846561
44,steady_r20,regime_marginal,0.2,observed,warehouse,all,2160,144,72,41,72,1975,0.6371681415929203,0.5,0.5603112840466926,0.020337301587301588,0.5498790493286424,0.7847222222222222,144,0.013888888888888888,288,0.06076388888888889,1.0,1.0,0.3333333333333333,0.5,0.5,132,0.18181818181818182,4.9603174603174605
44,steady_r20,regime_marginal,0.2,observed,warehouse,stable,2160,144,72,41,72,1975,0.6371681415929203,0.5,0.5603112840466926,0.020337301587301588,0.5498790493286424,0.7847222222222222,144,0.013888888888888888,288,0.06076388888888889,1.0,1.0,0.3333333333333333,0.5,0.5,132,0.18181818181818182,4.9603174603174605
44,steady_r20,regime_marginal,0.2,observed,transit_smooth,all,2160,144,50,4,94,2012,0.9259259259259259,0.3472222222222222,0.5050505050505051,0.001984126984126984,0.6609943246730696,0.8680555555555556,144,0.0,288,0.006944444444444444,1.0,1.0,0.3333333333333333,0.3472222222222222,0.3472222222222222,132,0.030303030303030304,0.0
44,steady_r20,regime_marginal,0.2,observed,transit_smooth,stable,2160,144,50,4,94,2012,0.9259259259259259,0.3472222222222222,0.5050505050505051,0.001984126984126984,0.6609943246730696,0.8680555555555556,144,0.0,288,0.006944444444444444,1.0,1.0,0.3333333333333333,0.3472222222222222,0.3472222222222222,132,0.030303030303030304,0.0
44,steady_r20,regime_marginal,0.2,observed,transit_rough,all,2160,144,77,25,67,1991,0.7549019607843137,0.5347222222222222,0.6260162601626016,0.01240079365079365,0.6480625025699417,0.8263888888888888,144,0.006944444444444444,288,0.03298611111111111,1.0,1.0,0.3333333333333333,0.5347222222222222,0.5277777777777778,132,0.03787878787878788,3.4722222222222223
44,steady_r20,regime_marginal,0.2,observed,transit_rough,stable,2160,144,77,25,67,1991,0.7549019607843137,0.5347222222222222,0.6260162601626016,0.01240079365079365,0.6480625025699417,0.8263888888888888,144,0.006944444444444444,288,0.03298611111111111,1.0,1.0,0.3333333333333333,0.5347222222222222,0.5277777777777778,132,0.03787878787878788,3.4722222222222223
44,steady_r20,regime_conditional,1.0,clean,all,all,6480,0,0,64,0,6416,0.0,,0.0,0.009876543209876543,,,0,,0,0.02824074074074074,1.0,1.0,,,,396,0.007575757575757576,9.876543209876543
44,steady_r20,regime_conditional,1.0,clean,all,stable,6480,0,0,64,0,6416,0.0,,0.0,0.009876543209876543,,,0,,0,0.02824074074074074,1.0,1.0,,,,396,0.007575757575757576,9.876543209876543
44,steady_r20,regime_conditional,1.0,clean,warehouse,all,2160,0,0,31,0,2129,0.0,,0.0,0.014351851851851852,,,0,,0,0.041666666666666664,1.0,1.0,,,,132,0.007575757575757576,14.351851851851851
44,steady_r20,regime_conditional,1.0,clean,warehouse,stable,2160,0,0,31,0,2129,0.0,,0.0,0.014351851851851852,,,0,,0,0.041666666666666664,1.0,1.0,,,,132,0.007575757575757576,14.351851851851851
44,steady_r20,regime_conditional,1.0,clean,transit_smooth,all,2160,0,0,16,0,2144,0.0,,0.0,0.007407407407407408,,,0,,0,0.020833333333333332,1.0,1.0,,,,132,0.007575757575757576,7.407407407407407
44,steady_r20,regime_conditional,1.0,clean,transit_smooth,stable,2160,0,0,16,0,2144,0.0,,0.0,0.007407407407407408,,,0,,0,0.020833333333333332,1.0,1.0,,,,132,0.007575757575757576,7.407407407407407
44,steady_r20,regime_conditional,1.0,clean,transit_rough,all,2160,0,0,17,0,2143,0.0,,0.0,0.00787037037037037,,,0,,0,0.022222222222222223,1.0,1.0,,,,132,0.007575757575757576,7.87037037037037
44,steady_r20,regime_conditional,1.0,clean,transit_rough,stable,2160,0,0,17,0,2143,0.0,,0.0,0.00787037037037037,,,0,,0,0.022222222222222223,1.0,1.0,,,,132,0.007575757575757576,7.87037037037037
44,steady_r20,regime_conditional,1.0,observed,all,all,6480,432,173,70,259,5978,0.7119341563786008,0.40046296296296297,0.5125925925925926,0.011574074074074073,0.5567255046913147,0.8078703703703703,432,0.023148148148148147,864,0.027777777777777776,1.0,1.0,0.3333333333333333,0.40046296296296297,0.36574074074074076,396,0.007575757575757576,11.408730158730158
44,steady_r20,regime_conditional,1.0,observed,all,stable,6480,432,173,70,259,5978,0.7119341563786008,0.40046296296296297,0.5125925925925926,0.011574074074074073,0.5567255046913147,0.8078703703703703,432,0.023148148148148147,864,0.027777777777777776,1.0,1.0,0.3333333333333333,0.40046296296296297,0.36574074074074076,396,0.007575757575757576,11.408730158730158
44,steady_r20,regime_conditional,1.0,observed,warehouse,all,2160,144,52,33,92,1983,0.611764705882353,0.3611111111111111,0.45414847161572053,0.01636904761904762,0.4684541616496667,0.7638888888888888,144,0.024305555555555556,288,0.043402777777777776,1.0,1.0,0.3333333333333333,0.3611111111111111,0.3263888888888889,132,0.007575757575757576,16.36904761904762
44,steady_r20,regime_conditional,1.0,observed,warehouse,stable,2160,144,52,33,92,1983,0.611764705882353,0.3611111111111111,0.45414847161572053,0.01636904761904762,0.4684541616496667,0.7638888888888888,144,0.024305555555555556,288,0.043402777777777776,1.0,1.0,0.3333333333333333,0.3611111111111111,0.3263888888888889,132,0.007575757575757576,16.36904761904762
44,steady_r20,regime_conditional,1.0,observed,transit_smooth,all,2160,144,55,17,89,1999,0.7638888888888888,0.3819444444444444,0.5092592592592593,0.008432539682539682,0.6006586241620014,0.8541666666666666,144,0.013888888888888888,288,0.020833333333333332,1.0,1.0,0.3333333333333333,0.3819444444444444,0.3541666666666667,132,0.007575757575757576,7.936507936507937
44,steady_r20,regime_conditional,1.0,observed,transit_smooth,stable,2160,144,55,17,89,1999,0.7638888888888888,0.3819444444444444,0.5092592592592593,0.008432539682539682,0.6006586241620014,0.8541666666666666,144,0.013888888888888888,288,0.020833333333333332,1.0,1.0,0.3333333333333333,0.3819444444444444,0.3541666666666667,132,0.007575757575757576,7.936507936507937
44,steady_r20,regime_conditional,1.0,observed,transit_rough,all,2160,144,66,20,78,1996,0.7674418604651163,0.4583333333333333,0.5739130434782609,0.00992063492063492,0.6108432074752981,0.8055555555555556,144,0.03125,288,0.019097222222222224,1.0,1.0,0.3333333333333333,0.4583333333333333,0.4166666666666667,132,0.007575757575757576,9.920634920634921
44,steady_r20,regime_conditional,1.0,observed,transit_rough,stable,2160,144,66,20,78,1996,0.7674418604651163,0.4583333333333333,0.5739130434782609,0.00992063492063492,0.6108432074752981,0.8055555555555556,144,0.03125,288,0.019097222222222224,1.0,1.0,0.3333333333333333,0.4583333333333333,0.4166666666666667,132,0.007575757575757576,9.920634920634921
44,steady_r20,regime_conditional,0.2,clean,all,all,6480,0,0,86,0,6394,0.0,,0.0,0.013271604938271606,,,0,,0,0.03981481481481482,1.0,1.0,,,,396,0.015151515151515152,6.944444444444445
44,steady_r20,regime_conditional,0.2,clean,all,stable,6480,0,0,86,0,6394,0.0,,0.0,0.013271604938271606,,,0,,0,0.03981481481481482,1.0,1.0,,,,396,0.015151515151515152,6.944444444444445
44,steady_r20,regime_conditional,0.2,clean,warehouse,all,2160,0,0,19,0,2141,0.0,,0.0,0.008796296296296297,,,0,,0,0.02638888888888889,1.0,1.0,,,,132,0.030303030303030304,7.407407407407407
44,steady_r20,regime_conditional,0.2,clean,warehouse,stable,2160,0,0,19,0,2141,0.0,,0.0,0.008796296296296297,,,0,,0,0.02638888888888889,1.0,1.0,,,,132,0.030303030303030304,7.407407407407407
44,steady_r20,regime_conditional,0.2,clean,transit_smooth,all,2160,0,0,41,0,2119,0.0,,0.0,0.01898148148148148,,,0,,0,0.05694444444444444,1.0,1.0,,,,132,0.007575757575757576,6.944444444444445
44,steady_r20,regime_conditional,0.2,clean,transit_smooth,stable,2160,0,0,41,0,2119,0.0,,0.0,0.01898148148148148,,,0,,0,0.05694444444444444,1.0,1.0,,,,132,0.007575757575757576,6.944444444444445
44,steady_r20,regime_conditional,0.2,clean,transit_rough,all,2160,0,0,26,0,2134,0.0,,0.0,0.012037037037037037,,,0,,0,0.03611111111111111,1.0,1.0,,,,132,0.007575757575757576,6.481481481481482
44,steady_r20,regime_conditional,0.2,clean,transit_rough,stable,2160,0,0,26,0,2134,0.0,,0.0,0.012037037037037037,,,0,,0,0.03611111111111111,1.0,1.0,,,,132,0.007575757575757576,6.481481481481482
44,steady_r20,regime_conditional,0.2,observed,all,all,6480,432,338,287,94,5761,0.5408,0.7824074074074074,0.6395458845789972,0.047453703703703706,0.751037133564047,0.8796296296296297,432,0.1284722222222222,864,0.09722222222222222,1.0,1.0,0.3333333333333333,0.7824074074074074,0.5601851851851852,396,0.25757575757575757,10.416666666666666
44,steady_r20,regime_conditional,0.2,observed,all,stable,6480,432,338,287,94,5761,0.5408,0.7824074074074074,0.6395458845789972,0.047453703703703706,0.751037133564047,0.8796296296296297,432,0.1284722222222222,864,0.09722222222222222,1.0,1.0,0.3333333333333333,0.7824074074074074,0.5601851851851852,396,0.25757575757575757,10.416666666666666
44,steady_r20,regime_conditional,0.2,observed,warehouse,all,2160,144,107,71,37,1945,0.601123595505618,0.7430555555555556,0.6645962732919255,0.03521825396825397,0.6609324736505893,0.8125,144,0.09027777777777778,288,0.07465277777777778,1.0,1.0,0.3333333333333333,0.7430555555555556,0.6458333333333334,132,0.25,4.9603174603174605
44,steady_r20,regime_conditional,0.2,observed,warehouse,stable,2160,144,107,71,37,1945,0.601123595505618,0.7430555555555556,0.6645962732919255,0.03521825396825397,0.6609324736505893,0.8125,144,0.09027777777777778,288,0.07465277777777778,1.0,1.0,0.3333333333333333,0.7430555555555556,0.6458333333333334,132,0.25,4.9603174603174605
44,steady_r20,regime_conditional,0.2,observed,transit_smooth,all,2160,144,116,121,28,1895,0.48945147679324896,0.8055555555555556,0.6089238845144357,0.06001984126984127,0.777929366161613,0.9375,144,0.1597222222222222,288,0.13020833333333334,1.0,1.0,0.3333333333333333,0.8055555555555556,0.5069444444444444,132,0.3181818181818182,12.896825396825397
44,steady_r20,regime_conditional,0.2,observed,transit_smooth,stable,2160,144,116,121,28,1895,0.48945147679324896,0.8055555555555556,0.6089238845144357,0.06001984126984127,0.777929366161613,0.9375,144,0.1597222222222222,288,0.13020833333333334,1.0,1.0,0.3333333333333333,0.8055555555555556,0.5069444444444444,132,0.3181818181818182,12.896825396825397
44,steady_r20,regime_conditional,0.2,observed,transit_rough,all,2160,144,115,95,29,1921,0.5476190476190477,0.7986111111111112,0.6497175141242938,0.04712301587301587,0.8092653871915217,0.8888888888888888,144,0.13541666666666666,288,0.08680555555555555,1.0,1.0,0.3333333333333333,0.7986111111111112,0.5277777777777778,132,0.20454545454545456,13.392857142857142
44,steady_r20,regime_conditional,0.2,observed,transit_rough,stable,2160,144,115,95,29,1921,0.5476190476190477,0.7986111111111112,0.6497175141242938,0.04712301587301587,0.8092653871915217,0.8888888888888888,144,0.13541666666666666,288,0.08680555555555555,1.0,1.0,0.3333333333333333,0.7986111111111112,0.5277777777777778,132,0.20454545454545456,13.392857142857142
44,steady_k2,regime_marginal,1.0,clean,all,all,6480,0,0,44,0,6436,0.0,,0.0,0.006790123456790123,,,0,,0,0.019444444444444445,1.0,1.0,,,,528,0.011363636363636364,6.327160493827161
44,steady_k2,regime_marginal,1.0,clean,all,stable,6480,0,0,44,0,6436,0.0,,0.0,0.006790123456790123,,,0,,0,0.019444444444444445,1.0,1.0,,,,528,0.011363636363636364,6.327160493827161
44,steady_k2,regime_marginal,1.0,clean,warehouse,all,2160,0,0,14,0,2146,0.0,,0.0,0.006481481481481481,,,0,,0,0.019444444444444445,1.0,1.0,,,,192,0.015625,6.018518518518518
44,steady_k2,regime_marginal,1.0,clean,warehouse,stable,2160,0,0,14,0,2146,0.0,,0.0,0.006481481481481481,,,0,,0,0.019444444444444445,1.0,1.0,,,,192,0.015625,6.018518518518518
44,steady_k2,regime_marginal,1.0,clean,transit_smooth,all,2160,0,0,9,0,2151,0.0,,0.0,0.004166666666666667,,,0,,0,0.0125,1.0,1.0,,,,168,0.0,4.166666666666667
44,steady_k2,regime_marginal,1.0,clean,transit_smooth,stable,2160,0,0,9,0,2151,0.0,,0.0,0.004166666666666667,,,0,,0,0.0125,1.0,1.0,,,,168,0.0,4.166666666666667
44,steady_k2,regime_marginal,1.0,clean,transit_rough,all,2160,0,0,21,0,2139,0.0,,0.0,0.009722222222222222,,,0,,0,0.02638888888888889,1.0,1.0,,,,168,0.017857142857142856,8.796296296296296
44,steady_k2,regime_marginal,1.0,clean,transit_rough,stable,2160,0,0,21,0,2139,0.0,,0.0,0.009722222222222222,,,0,,0,0.02638888888888889,1.0,1.0,,,,168,0.017857142857142856,8.796296296296296
44,steady_k2,regime_marginal,1.0,observed,all,all,6480,432,111,43,321,6005,0.7207792207792207,0.2569444444444444,0.378839590443686,0.007109788359788359,0.45596469909741016,0.9814814814814815,216,0.004629629629629629,216,0.0205761316872428,1.0,1.0,0.6666666666666666,0.027777777777777776,0.027777777777777776,528,0.011363636363636364,6.613756613756614
44,steady_k2,regime_marginal,1.0,observed,all,stable,6480,432,111,43,321,6005,0.7207792207792207,0.2569444444444444,0.378839590443686,0.007109788359788359,0.45596469909741016,0.9814814814814815,216,0.004629629629629629,216,0.0205761316872428,1.0,1.0,0.6666666666666666,0.027777777777777776,0.027777777777777776,528,0.011363636363636364,6.613756613756614
44,steady_k2,regime_marginal,1.0,observed,warehouse,all,2160,144,34,14,110,2002,0.7083333333333334,0.2361111111111111,0.3541666666666667,0.006944444444444444,0.41036196450623175,0.9444444444444444,72,0.0,72,0.021604938271604937,1.0,1.0,0.6666666666666666,0.027777777777777776,0.027777777777777776,192,0.015625,6.448412698412699
44,steady_k2,regime_marginal,1.0,observed,warehouse,stable,2160,144,34,14,110,2002,0.7083333333333334,0.2361111111111111,0.3541666666666667,0.006944444444444444,0.41036196450623175,0.9444444444444444,72,0.0,72,0.021604938271604937,1.0,1.0,0.6666666666666666,0.027777777777777776,0.027777777777777776,192,0.015625,6.448412698412699
44,steady_k2,regime_marginal,1.0,observed,transit_smooth,all,2160,144,34,9,110,2007,0.7906976744186046,0.2361111111111111,0.36363636363636365,0.004464285714285714,0.4438260697931376,1.0,72,0.0,72,0.013888888888888888,1.0,1.0,0.6666666666666666,0.013888888888888888,0.013888888888888888,168,0.0,4.464285714285714
44,steady_k2,regime_marginal,1.0,observed,transit_smooth,stable,2160,144,34,9,110,2007,0.7906976744186046,0.2361111111111111,0.36363636363636365,0.004464285714285714,0.4438260697931376,1.0,72,0.0,72,0.013888888888888888,1.0,1.0,0.6666666666666666,0.013888888888888888,0.013888888888888888,168,0.0,4.464285714285714
44,steady_k2,regime_marginal,1.0,observed,transit_rough,all,2160,144,43,20,101,1996,0.6825396825396826,0.2986111111111111,0.41545893719806765,0.00992063492063492,0.5146628199534948,1.0,72,0.013888888888888888,72,0.026234567901234566,1.0,1.0,0.6666666666666666,0.041666666666666664,0.041666666666666664,168,0.017857142857142856,8.928571428571429
44,steady_k2,regime_marginal,1.0,observed,transit_rough,stable,2160,144,43,20,101,1996,0.6825396825396826,0.2986111111111111,0.41545893719806765,0.00992063492063492,0.5146628199534948,1.0,72,0.013888888888888888,72,0.026234567901234566,1.0,1.0,0.6666666666666666,0.041666666666666664,0.041666666666666664,168,0.017857142857142856,8.928571428571429
44,steady_k2,regime_marginal,0.2,clean,all,all,6480,0,0,46,0,6434,0.0,,0.0,0.0070987654320987656,,,0,,0,0.017592592592592594,1.0,1.0,,,,528,0.017045454545454544,3.3950617283950617
44,steady_k2,regime_marginal,0.2,clean,all,stable,6480,0,0,46,0,6434,0.0,,0.0,0.0070987654320987656,,,0,,0,0.017592592592592594,1.0,1.0,,,,528,0.017045454545454544,3.3950617283950617
44,steady_k2,regime_marginal,0.2,clean,warehouse,all,2160,0,0,20,0,2140,0.0,,0.0,0.009259259259259259,,,0,,0,0.025,1.0,1.0,,,,192,0.036458333333333336,5.555555555555555
44,steady_k2,regime_marginal,0.2,clean,warehouse,stable,2160,0,0,20,0,2140,0.0,,0.0,0.009259259259259259,,,0,,0,0.025,1.0,1.0,,,,192,0.036458333333333336,5.555555555555555
44,steady_k2,regime_marginal,0.2,clean,transit_smooth,all,2160,0,0,0,0,2160,,,,0.0,,,0,,0,0.0,1.0,1.0,,,,168,0.0,0.0
44,steady_k2,regime_marginal,0.2,clean,transit_smooth,stable,2160,0,0,0,0,2160,,,,0.0,,,0,,0,0.0,1.0,1.0,,,,168,0.0,0.0
44,steady_k2,regime_marginal,0.2,clean,transit_rough,all,2160,0,0,26,0,2134,0.0,,0.0,0.012037037037037037,,,0,,0,0.027777777777777776,1.0,1.0,,,,168,0.011904761904761904,4.62962962962963
44,steady_k2,regime_marginal,0.2,clean,transit_rough,stable,2160,0,0,26,0,2134,0.0,,0.0,0.012037037037037037,,,0,,0,0.027777777777777776,1.0,1.0,,,,168,0.011904761904761904,4.62962962962963
44,steady_k2,regime_marginal,0.2,observed,all,all,6480,432,159,68,273,5980,0.7004405286343612,0.3680555555555556,0.48254931714719274,0.011243386243386243,0.5141216801979348,0.9351851851851852,216,0.0,216,0.029320987654320986,1.0,1.0,0.6666666666666666,0.18981481481481483,0.18981481481481483,528,0.06439393939393939,2.810846560846561
44,steady_k2,regime_marginal,0.2,observed,all,stable,6480,432,159,68,273,5980,0.7004405286343612,0.3680555555555556,0.48254931714719274,0.011243386243386243,0.5141216801979348,0.9351851851851852,216,0.0,216,0.029320987654320986,1.0,1.0,0.6666666666666666,0.18981481481481483,0.18981481481481483,528,0.06439393939393939,2.810846560846561
44,steady_k2,regime_marginal,0.2,observed,warehouse,all,2160,144,64,35,80,1981,0.6464646464646465,0.4444444444444444,0.5267489711934157,0.017361111111111112,0.5234112387009459,0.9027777777777778,72,0.0,72,0.046296296296296294,1.0,1.0,0.6666666666666666,0.2638888888888889,0.2638888888888889,192,0.13020833333333334,3.9682539682539684
44,steady_k2,regime_marginal,0.2,observed,warehouse,stable,2160,144,64,35,80,1981,0.6464646464646465,0.4444444444444444,0.5267489711934157,0.017361111111111112,0.5234112387009459,0.9027777777777778,72,0.0,72,0.046296296296296294,1.0,1.0,0.6666666666666666,0.2638888888888889,0.2638888888888889,192,0.13020833333333334,3.9682539682539684
44,steady_k2,regime_marginal,0.2,observed,transit_smooth,all,2160,144,34,1,110,2015,0.9714285714285714,0.2361111111111111,0.37988826815642457,0.000496031746031746,0.5388647746253328,0.9722222222222222,72,0.0,72,0.0015432098765432098,1.0,1.0,0.6666666666666666,0.08333333333333333,0.08333333333333333,168,0.005952380952380952,0.0
44,steady_k2,regime_marginal,0.2,observed,transit_smooth,stable,2160,144,34,1,110,2015,0.9714285714285714,0.2361111111111111,0.37988826815642457,0.000496031746031746,0.5388647746253328,0.9722222222222222,72,0.0,72,0.0015432098765432098,1.0,1.0,0.6666666666666666,0.08333333333333333,0.08333333333333333,168,0.005952380952380952,0.0
44,steady_k2,regime_marginal,0.2,observed,transit_rough,all,2160,144,61,32,83,1984,0.6559139784946236,0.4236111111111111,0.5147679324894515,0.015873015873015872,0.5577825719546874,0.9305555555555556,72,0.0,72,0.040123456790123455,1.0,1.0,0.6666666666666666,0.2222222222222222,0.2222222222222222,168,0.047619047619047616,4.464285714285714
44,steady_k2,regime_marginal,0.2,observed,transit_rough,stable,2160,144,61,32,83,1984,0.6559139784946236,0.4236111111111111,0.5147679324894515,0.015873015873015872,0.5577825719546874,0.9305555555555556,72,0.0,72,0.040123456790123455,1.0,1.0,0.6666666666666666,0.2222222222222222,0.2222222222222222,168,0.047619047619047616,4.464285714285714
44,steady_k2,regime_conditional,1.0,clean,all,all,6480,0,0,64,0,6416,0.0,,0.0,0.009876543209876543,,,0,,0,0.02824074074074074,1.0,1.0,,,,528,0.020833333333333332,9.876543209876543
44,steady_k2,regime_conditional,1.0,clean,all,stable,6480,0,0,64,0,6416,0.0,,0.0,0.009876543209876543,,,0,,0,0.02824074074074074,1.0,1.0,,,,528,0.020833333333333332,9.876543209876543
44,steady_k2,regime_conditional,1.0,clean,warehouse,all,2160,0,0,31,0,2129,0.0,,0.0,0.014351851851851852,,,0,,0,0.041666666666666664,1.0,1.0,,,,192,0.026041666666666668,14.351851851851851
44,steady_k2,regime_conditional,1.0,clean,warehouse,stable,2160,0,0,31,0,2129,0.0,,0.0,0.014351851851851852,,,0,,0,0.041666666666666664,1.0,1.0,,,,192,0.026041666666666668,14.351851851851851
44,steady_k2,regime_conditional,1.0,clean,transit_smooth,all,2160,0,0,16,0,2144,0.0,,0.0,0.007407407407407408,,,0,,0,0.020833333333333332,1.0,1.0,,,,168,0.023809523809523808,7.407407407407407
44,steady_k2,regime_conditional,1.0,clean,transit_smooth,stable,2160,0,0,16,0,2144,0.0,,0.0,0.007407407407407408,,,0,,0,0.020833333333333332,1.0,1.0,,,,168,0.023809523809523808,7.407407407407407
44,steady_k2,regime_conditional,1.0,clean,transit_rough,all,2160,0,0,17,0,2143,0.0,,0.0,0.00787037037037037,,,0,,0,0.022222222222222223,1.0,1.0,,,,168,0.011904761904761904,7.87037037037037
44,steady_k2,regime_conditional,1.0,clean,transit_rough,stable,2160,0,0,17,0,2143,0.0,,0.0,0.00787037037037037,,,0,,0,0.022222222222222223,1.0,1.0,,,,168,0.011904761904761904,7.87037037037037
44,steady_k2,regime_conditional,1.0,observed,all,all,6480,432,221,69,211,5979,0.7620689655172413,0.5115740740740741,0.6121883656509696,0.011408730158730158,0.6551658978254458,0.9305555555555556,216,0.05092592592592592,216,0.02880658436213992,1.0,1.0,0.6666666666666666,0.32407407407407407,0.3194444444444444,528,0.020833333333333332,11.408730158730158
44,steady_k2,regime_conditional,1.0,observed,all,stable,6480,432,221,69,211,5979,0.7620689655172413,0.5115740740740741,0.6121883656509696,0.011408730158730158,0.6551658978254458,0.9305555555555556,216,0.05092592592592592,216,0.02880658436213992,1.0,1.0,0.6666666666666666,0.32407407407407407,0.3194444444444444,528,0.020833333333333332,11.408730158730158
44,steady_k2,regime_conditional,1.0,observed,warehouse,all,2160,144,58,34,86,1982,0.6304347826086957,0.4027777777777778,0.4915254237288136,0.016865079365079364,0.5404294978780937,0.875,72,0.05555555555555555,72,0.044753086419753084,1.0,1.0,0.6666666666666666,0.19444444444444445,0.19444444444444445,192,0.026041666666666668,16.865079365079364
44,steady_k2,regime_conditional,1.0,observed,warehouse,stable,2160,144,58,34,86,1982,0.6304347826086957,0.4027777777777778,0.4915254237288136,0.016865079365079364,0.5404294978780937,0.875,72,0.05555555555555555,72,0.044753086419753084,1.0,1.0,0.6666666666666666,0.19444444444444445,0.19444444444444445,192,0.026041666666666668,16.865079365079364
44,steady_k2,regime_conditional,1.0,observed,transit_smooth,all,2160,144,65,21,79,1995,0.7558139534883721,0.4513888888888889,0.5652173913043478,0.010416666666666666,0.5855134822708641,0.9444444444444444,72,0.06944444444444445,72,0.023148148148148147,1.0,1.0,0.6666666666666666,0.2361111111111111,0.2361111111111111,168,0.023809523809523808,10.416666666666666
44,steady_k2,regime_conditional,1.0,observed,transit_smooth,stable,2160,144,65,21,79,1995,0.7558139534883721,0.4513888888888889,0.5652173913043478,0.010416666666666666,0.5855134822708641,0.9444444444444444,72,0.06944444444444445,72,0.023148148148148147,1.0,1.0,0.6666666666666666,0.2361111111111111,0.2361111111111111,168,0.023809523809523808,10.416666666666666
44,steady_k2,regime_conditional,1.0,observed,transit_rough,all,2160,144,98,14,46,2002,0.875,0.6805555555555556,0.765625,0.006944444444444444,0.8243030779937655,0.9722222222222222,72,0.027777777777777776,72,0.018518518518518517,1.0,1.0,0.6666666666666666,0.5416666666666666,0.5277777777777778,168,0.011904761904761904,6.944444444444445
44,steady_k2,regime_conditional,1.0,observed,transit_rough,stable,2160,144,98,14,46,2002,0.875,0.6805555555555556,0.765625,0.006944444444444444,0.8243030779937655,0.9722222222222222,72,0.027777777777777776,72,0.018518518518518517,1.0,1.0,0.6666666666666666,0.5416666666666666,0.5277777777777778,168,0.011904761904761904,6.944444444444445
44,steady_k2,regime_conditional,0.2,clean,all,all,6480,0,0,86,0,6394,0.0,,0.0,0.013271604938271606,,,0,,0,0.03981481481481482,1.0,1.0,,,,528,0.017045454545454544,6.944444444444445
44,steady_k2,regime_conditional,0.2,clean,all,stable,6480,0,0,86,0,6394,0.0,,0.0,0.013271604938271606,,,0,,0,0.03981481481481482,1.0,1.0,,,,528,0.017045454545454544,6.944444444444445
44,steady_k2,regime_conditional,0.2,clean,warehouse,all,2160,0,0,19,0,2141,0.0,,0.0,0.008796296296296297,,,0,,0,0.02638888888888889,1.0,1.0,,,,192,0.03125,7.407407407407407
44,steady_k2,regime_conditional,0.2,clean,warehouse,stable,2160,0,0,19,0,2141,0.0,,0.0,0.008796296296296297,,,0,,0,0.02638888888888889,1.0,1.0,,,,192,0.03125,7.407407407407407
44,steady_k2,regime_conditional,0.2,clean,transit_smooth,all,2160,0,0,41,0,2119,0.0,,0.0,0.01898148148148148,,,0,,0,0.05694444444444444,1.0,1.0,,,,168,0.005952380952380952,6.944444444444445
44,steady_k2,regime_conditional,0.2,clean,transit_smooth,stable,2160,0,0,41,0,2119,0.0,,0.0,0.01898148148148148,,,0,,0,0.05694444444444444,1.0,1.0,,,,168,0.005952380952380952,6.944444444444445
44,steady_k2,regime_conditional,0.2,clean,transit_rough,all,2160,0,0,26,0,2134,0.0,,0.0,0.012037037037037037,,,0,,0,0.03611111111111111,1.0,1.0,,,,168,0.011904761904761904,6.481481481481482
44,steady_k2,regime_conditional,0.2,clean,transit_rough,stable,2160,0,0,26,0,2134,0.0,,0.0,0.012037037037037037,,,0,,0,0.03611111111111111,1.0,1.0,,,,168,0.011904761904761904,6.481481481481482
44,steady_k2,regime_conditional,0.2,observed,all,all,6480,432,300,233,132,5815,0.5628517823639775,0.6944444444444444,0.6217616580310881,0.038525132275132275,0.6782334902001921,0.8657407407407407,216,0.16203703703703703,216,0.07716049382716049,1.0,1.0,0.6666666666666666,0.5879629629629629,0.5,528,0.22916666666666666,7.771164021164021
44,steady_k2,regime_conditional,0.2,observed,all,stable,6480,432,300,233,132,5815,0.5628517823639775,0.6944444444444444,0.6217616580310881,0.038525132275132275,0.6782334902001921,0.8657407407407407,216,0.16203703703703703,216,0.07716049382716049,1.0,1.0,0.6666666666666666,0.5879629629629629,0.5,528,0.22916666666666666,7.771164021164021
44,steady_k2,regime_conditional,0.2,observed,warehouse,all,2160,144,100,63,44,1953,0.6134969325153374,0.6944444444444444,0.6514657980456026,0.03125,0.6472034554608568,0.8472222222222222,72,0.18055555555555555,72,0.05864197530864197,1.0,1.0,0.6666666666666666,0.5694444444444444,0.5,192,0.19791666666666666,5.4563492063492065
44,steady_k2,regime_conditional,0.2,observed,warehouse,stable,2160,144,100,63,44,1953,0.6134969325153374,0.6944444444444444,0.6514657980456026,0.03125,0.6472034554608568,0.8472222222222222,72,0.18055555555555555,72,0.05864197530864197,1.0,1.0,0.6666666666666666,0.5694444444444444,0.5,192,0.19791666666666666,5.4563492063492065
44,steady_k2,regime_conditional,0.2,observed,transit_smooth,all,2160,144,88,91,56,1925,0.49162011173184356,0.6111111111111112,0.544891640866873,0.04513888888888889,0.6208021876766273,0.8333333333333334,72,0.1527777777777778,72,0.09567901234567901,1.0,1.0,0.6666666666666666,0.4583333333333333,0.3611111111111111,168,0.23809523809523808,8.928571428571429
44,steady_k2,regime_conditional,0.2,observed,transit_smooth,stable,2160,144,88,91,56,1925,0.49162011173184356,0.6111111111111112,0.544891640866873,0.04513888888888889,0.6208021876766273,0.8333333333333334,72,0.1527777777777778,72,0.09567901234567901,1.0,1.0,0.6666666666666666,0.4583333333333333,0.3611111111111111,168,0.23809523809523808,8.928571428571429
44,steady_k2,regime_conditional,0.2,observed,transit_rough,all,2160,144,112,79,32,1937,0.5863874345549738,0.7777777777777778,0.6686567164179105,0.039186507936507936,0.7643596041218518,0.9166666666666666,72,0.1527777777777778,72,0.07716049382716049,1.0,1.0,0.6666666666666666,0.7361111111111112,0.6388888888888888,168,0.25595238095238093,8.928571428571429
44,steady_k2,regime_conditional,0.2,observed,transit_rough,stable,2160,144,112,79,32,1937,0.5863874345549738,0.7777777777777778,0.6686567164179105,0.039186507936507936,0.7643596041218518,0.9166666666666666,72,0.1527777777777778,72,0.07716049382716049,1.0,1.0,0.6666666666666666,0.7361111111111112,0.6388888888888888,168,0.25595238095238093,8.928571428571429
44,switch_d0,regime_marginal,1.0,clean,all,all,6480,0,0,45,0,6435,0.0,,0.0,0.006944444444444444,,,0,,0,0.01990740740740741,1.0,1.0,,,,264,0.015151515151515152,6.481481481481482
44,switch_d0,regime_marginal,1.0,clean,all,transition,864,0,0,7,0,857,0.0,,0.0,0.008101851851851851,,,0,,0,0.024305555555555556,1.0,1.0,,,,30,0.1,6.944444444444445
44,switch_d0,regime_marginal,1.0,clean,all,stable,5616,0,0,38,0,5578,0.0,,0.0,0.006766381766381766,,,0,,0,0.019230769230769232,1.0,1.0,,,,234,0.004273504273504274,6.410256410256411
44,switch_d0,regime_marginal,1.0,clean,warehouse,all,2160,0,0,16,0,2144,0.0,,0.0,0.007407407407407408,,,0,,0,0.020833333333333332,1.0,1.0,,,,78,0.01282051282051282,7.407407407407407
44,switch_d0,regime_marginal,1.0,clean,warehouse,transition,288,0,0,1,0,287,0.0,,0.0,0.003472222222222222,,,0,,0,0.010416666666666666,1.0,1.0,,,,18,0.05555555555555555,3.4722222222222223
44,switch_d0,regime_marginal,1.0,clean,warehouse,stable,1872,0,0,15,0,1857,0.0,,0.0,0.008012820512820512,,,0,,0,0.022435897435897436,1.0,1.0,,,,60,0.0,8.012820512820513
44,switch_d0,regime_marginal,1.0,clean,transit_smooth,all,2160,0,0,14,0,2146,0.0,,0.0,0.006481481481481481,,,0,,0,0.018055555555555554,1.0,1.0,,,,96,0.0,5.555555555555555
44,switch_d0,regime_marginal,1.0,clean,transit_smooth,transition,288,0,0,2,0,286,0.0,,0.0,0.006944444444444444,,,0,,0,0.020833333333333332,1.0,1.0,,,,6,0.0,6.944444444444445
44,switch_d0,regime_marginal,1.0,clean,transit_smooth,stable,1872,0,0,12,0,1860,0.0,,0.0,0.00641025641025641,,,0,,0,0.017628205128205128,1.0,1.0,,,,90,0.0,5.3418803418803416
44,switch_d0,regime_marginal,1.0,clean,transit_rough,all,2160,0,0,15,0,2145,0.0,,0.0,0.006944444444444444,,,0,,0,0.020833333333333332,1.0,1.0,,,,90,0.03333333333333333,6.481481481481482
44,switch_d0,regime_marginal,1.0,clean,transit_rough,transition,288,0,0,4,0,284,0.0,,0.0,0.013888888888888888,,,0,,0,0.041666666666666664,1.0,1.0,,,,6,0.3333333333333333,10.416666666666666
44,switch_d0,regime_marginal,1.0,clean,transit_rough,stable,1872,0,0,11,0,1861,0.0,,0.0,0.005876068376068376,,,0,,0,0.017628205128205128,1.0,1.0,,,,84,0.011904761904761904,5.8760683760683765
44,switch_d0,regime_marginal,1.0,observed,all,all,6480,216,40,44,176,6220,0.47619047619047616,0.18518518518518517,0.26666666666666666,0.0070242656449553,0.2734098918970857,0.7268518518518519,216,0.004629629629629629,432,0.0205761316872428,1.0,1.0,0.3333333333333333,0.18518518518518517,0.18055555555555555,264,0.015151515151515152,6.545338441890166
44,switch_d0,regime_marginal,1.0,observed,all,transition,864,48,6,6,42,810,0.5,0.125,0.2,0.007352941176470588,0.2518400881452435,0.5625,48,0.010416666666666666,96,0.020833333333333332,1.0,1.0,0.3333333333333333,0.125,0.125,30,0.1,6.127450980392157
44,switch_d0,regime_marginal,1.0,observed,all,stable,5616,168,34,38,134,5410,0.4722222222222222,0.20238095238095238,0.2833333333333333,0.0069750367107195305,0.27895239714660347,0.7738095238095238,168,0.002976190476190476,336,0.020539906103286387,1.0,1.0,0.3333333333333333,0.20238095238095238,0.19642857142857142,234,0.004273504273504274,6.607929515418502
44,switch_d0,regime_marginal,1.0,observed,warehouse,all,2160,60,15,16,45,2084,0.4838709677419355,0.25,0.32967032967032966,0.007619047619047619,0.2680040962594198,0.7,60,0.008333333333333333,120,0.021212121212121213,1.0,1.0,0.3333333333333332,0.25,0.23333333333333334,78,0.01282051282051282,7.619047619047619
44,switch_d0,regime_marginal,1.0,observed,warehouse,transition,288,0,0,1,0,287,0.0,,0.0,0.003472222222222222,,,0,,0,0.010416666666666666,1.0,1.0,,,,18,0.05555555555555555,3.4722222222222223
44,switch_d0,regime_marginal,1.0,observed,warehouse,stable,1872,60,15,15,45,1797,0.5,0.25,0.3333333333333333,0.008278145695364239,0.2814759920389207,0.7,60,0.008333333333333333,120,0.02304964539007092,1.0,1.0,0.3333333333333332,0.25,0.23333333333333334,60,0.0,8.278145695364238
44,switch_d0,regime_marginal,1.0,observed,transit_smooth,all,2160,66,12,13,54,2081,0.48,0.18181818181818182,0.26373626373626374,0.0062082139446036294,0.29921154082461426,0.7424242424242424,66,0.0,132,0.01834862385321101,1.0,1.0,0.33333333333333326,0.18181818181818182,0.18181818181818182,96,0.0,5.253104106972302
44,switch_d0,regime_marginal,1.0,observed,transit_smooth,transition,288,30,4,1,26,257,0.8,0.13333333333333333,0.22857142857142856,0.003875968992248062,0.41360829637683416,0.6,30,0.0,60,0.015151515151515152,1.0,1.0,0.3333333333333334,0.13333333333333333,0.13333333333333333,6,0.0,3.875968992248062
44,switch_d0,regime_marginal,1.0,observed,transit_smooth,stable,1872,36,8,12,28,1824,0.4,0.2222222222222222,0.2857142857142857,0.006535947712418301,0.31597052351310134,0.8611111111111112,36,0.0,72,0.01870748299319728,1.0,1.0,0.33333333333333337,0.2222222222222222,0.2222222222222222,90,0.0,5.446623093681917
44,switch_d0,regime_marginal,1.0,observed,transit_rough,all,2160,90,13,15,77,2055,0.4642857142857143,0.14444444444444443,0.22033898305084745,0.007246376811594203,0.2804554642038499,0.7333333333333333,90,0.005555555555555556,180,0.022222222222222223,1.0,1.0,0.3333333333333333,0.14444444444444443,0.14444444444444443,90,0.03333333333333333,6.763285024154589
44,switch_d0,regime_marginal,1.0,observed,transit_rough,transition,288,18,2,4,16,266,0.3333333333333333,0.1111111111111111,0.16666666666666666,0.014814814814814815,0.21767845600225827,0.5,18,0.027777777777777776,36,0.038461538461538464,1.0,1.0,0.33333333333333326,0.1111111111111111,0.1111111111111111,6,0.3333333333333333,11.11111111111111
44,switch_d0,regime_marginal,1.0,observed,transit_rough,stable,1872,72,11,11,61,1789,0.5,0.1527777777777778,0.23404255319148937,0.006111111111111111,0.3148323082548745,0.7916666666666666,72,0.0,144,0.019927536231884056,1.0,1.0,0.3333333333333333,0.1527777777777778,0.1527777777777778,84,0.011904761904761904,6.111111111111111
44,switch_d0,regime_marginal,0.2,clean,all,all,6480,0,0,31,0,6449,0.0,,0.0,0.004783950617283951,,,0,,0,0.012962962962962963,1.0,1.0,,,,264,0.011363636363636364,2.314814814814815
44,switch_d0,regime_marginal,0.2,clean,all,transition,864,0,0,3,0,861,0.0,,0.0,0.003472222222222222,,,0,,0,0.010416666666666666,1.0,1.0,,,,30,0.06666666666666667,2.314814814814815
44,switch_d0,regime_marginal,0.2,clean,all,stable,5616,0,0,28,0,5588,0.0,,0.0,0.004985754985754986,,,0,,0,0.013354700854700854,1.0,1.0,,,,234,0.004273504273504274,2.314814814814815
44,switch_d0,regime_marginal,0.2,clean,warehouse,all,2160,0,0,13,0,2147,0.0,,0.0,0.0060185185185185185,,,0,,0,0.016666666666666666,1.0,1.0,,,,78,0.01282051282051282,3.240740740740741
44,switch_d0,regime_marginal,0.2,clean,warehouse,transition,288,0,0,0,0,288,,,,0.0,,,0,,0,0.0,1.0,1.0,,,,18,0.0,0.0
44,switch_d0,regime_marginal,0.2,clean,warehouse,stable,1872,0,0,13,0,1859,0.0,,0.0,0.006944444444444444,,,0,,0,0.019230769230769232,1.0,1.0,,,,60,0.016666666666666666,3.7393162393162394
44,switch_d0,regime_marginal,0.2,clean,transit_smooth,all,2160,0,0,8,0,2152,0.0,,0.0,0.003703703703703704,,,0,,0,0.008333333333333333,1.0,1.0,,,,96,0.0,0.9259259259259259
44,switch_d0,regime_marginal,0.2,clean,transit_smooth,transition,288,0,0,0,0,288,,,,0.0,,,0,,0,0.0,1.0,1.0,,,,6,0.0,0.0
44,switch_d0,regime_marginal,0.2,clean,transit_smooth,stable,1872,0,0,8,0,1864,0.0,,0.0,0.004273504273504274,,,0,,0,0.009615384615384616,1.0,1.0,,,,90,0.0,1.0683760683760684
44,switch_d0,regime_marginal,0.2,clean,transit_rough,all,2160,0,0,10,0,2150,0.0,,0.0,0.004629629629629629,,,0,,0,0.013888888888888888,1.0,1.0,,,,90,0.022222222222222223,2.7777777777777777
44,switch_d0,regime_marginal,0.2,clean,transit_rough,transition,288,0,0,3,0,285,0.0,,0.0,0.010416666666666666,,,0,,0,0.03125,1.0,1.0,,,,6,0.3333333333333333,6.944444444444445
44,switch_d0,regime_marginal,0.2,clean,transit_rough,stable,1872,0,0,7,0,1865,0.0,,0.0,0.0037393162393162395,,,0,,0,0.011217948717948718,1.0,1.0,,,,84,0.0,2.1367521367521367
44,switch_d0,regime_marginal,0.2,observed,all,all,6480,216,71,39,145,6225,0.6454545454545455,0.3287037037037037,0.43558282208588955,0.006226053639846743,0.47124056152267096,0.8564814814814815,216,0.0,432,0.018518518518518517,1.0,1.0,0.3333333333333333,0.3287037037037037,0.3287037037037037,264,0.041666666666666664,2.234993614303959
44,switch_d0,regime_marginal,0.2,observed,all,transition,864,48,7,3,41,813,0.7,0.14583333333333334,0.2413793103448276,0.003676470588235294,0.433116843637872,0.75,48,0.0,96,0.0125,1.0,1.0,0.3333333333333333,0.14583333333333334,0.14583333333333334,30,0.06666666666666667,1.2254901960784315
44,switch_d0,regime_marginal,0.2,observed,all,stable,5616,168,64,36,104,5412,0.64,0.38095238095238093,0.47761194029850745,0.006607929515418502,0.508504880251334,0.8869047619047619,168,0.0,336,0.01936619718309859,1.0,1.0,0.3333333333333333,0.38095238095238093,0.38095238095238093,234,0.038461538461538464,2.3861967694566815
44,switch_d0,regime_marginal,0.2,observed,warehouse,all,2160,60,30,19,30,2081,0.6122448979591837,0.5,0.5504587155963303,0.009047619047619047,0.593772610532998,0.9,60,0.0,120,0.02727272727272727,1.0,1.0,0.3333333333333332,0.5,0.5,78,0.08974358974358974,2.857142857142857
44,switch_d0,regime_marginal,0.2,observed,warehouse,transition,288,0,0,0,0,288,,,,0.0,,,0,,0,0.0,1.0,1.0,,,,18,0.0,0.0
44,switch_d0,regime_marginal,0.2,observed,warehouse,stable,1872,60,30,19,30,1793,0.6122448979591837,0.5,0.5504587155963303,0.010485651214128035,0.5957356480708648,0.9,60,0.0,120,0.031914893617021274,1.0,1.0,0.3333333333333332,0.5,0.5,60,0.11666666666666667,3.3112582781456954
44,switch_d0,regime_marginal,0.2,observed,transit_smooth,all,2160,66,12,10,54,2084,0.5454545454545454,0.18181818181818182,0.2727272727272727,0.004775549188156638,0.3736355001055363,0.8636363636363636,66,0.0,132,0.012232415902140673,1.0,1.0,0.33333333333333326,0.18181818181818182,0.18181818181818182,96,0.020833333333333332,0.9551098376313276
44,switch_d0,regime_marginal,0.2,observed,transit_smooth,transition,288,30,3,2,27,256,0.6,0.1,0.17142857142857143,0.007751937984496124,0.6137632807743476,0.8,30,0.0,60,0.030303030303030304,1.0,1.0,0.3333333333333334,0.1,0.1,6,0.3333333333333333,0.0
44,switch_d0,regime_marginal,0.2,observed,transit_smooth,stable,1872,36,9,8,27,1828,0.5294117647058824,0.25,0.33962264150943394,0.004357298474945534,0.3927899895487953,0.9166666666666666,36,0.0,72,0.01020408163265306,1.0,1.0,0.33333333333333337,0.25,0.25,90,0.0,1.0893246187363834
44,switch_d0,regime_marginal,0.2,observed,transit_rough,all,2160,90,29,10,61,2060,0.7435897435897436,0.32222222222222224,0.4496124031007752,0.004830917874396135,0.49265553338818463,0.8222222222222222,90,0.0,180,0.015873015873015872,1.0,1.0,0.3333333333333333,0.32222222222222224,0.32222222222222224,90,0.022222222222222223,2.898550724637681
44,switch_d0,regime_marginal,0.2,observed,transit_rough,transition,288,18,4,1,14,269,0.8,0.2222222222222222,0.34782608695652173,0.003703703703703704,0.4475737434268779,0.6666666666666666,18,0.0,36,0.01282051282051282,1.0,1.0,0.33333333333333326,0.2222222222222222,0.2222222222222222,6,0.0,3.7037037037037037
44,switch_d0,regime_marginal,0.2,observed,transit_rough,stable,1872,72,25,9,47,1791,0.7352941176470589,0.3472222222222222,0.4716981132075472,0.005,0.5092501448701172,0.8611111111111112,72,0.0,144,0.016304347826086956,1.0,1.0,0.3333333333333333,0.3472222222222222,0.3472222222222222,84,0.023809523809523808,2.7777777777777777
44,switch_d0,regime_conditional,1.0,clean,all,all,6480,0,0,63,0,6417,0.0,,0.0,0.009722222222222222,,,0,,0,0.027777777777777776,1.0,1.0,,,,264,0.026515151515151516,9.567901234567902
44,switch_d0,regime_conditional,1.0,clean,all,transition,864,0,0,9,0,855,0.0,,0.0,0.010416666666666666,,,0,,0,0.024305555555555556,1.0,1.0,,,,30,0.1,9.25925925925926
44,switch_d0,regime_conditional,1.0,clean,all,stable,5616,0,0,54,0,5562,0.0,,0.0,0.009615384615384616,,,0,,0,0.028311965811965812,1.0,1.0,,,,234,0.017094017094017096,9.615384615384615
44,switch_d0,regime_conditional,1.0,clean,warehouse,all,2160,0,0,24,0,2136,0.0,,0.0,0.011111111111111112,,,0,,0,0.03333333333333333,1.0,1.0,,,,78,0.01282051282051282,11.11111111111111
44,switch_d0,regime_conditional,1.0,clean,warehouse,transition,288,0,0,3,0,285,0.0,,0.0,0.010416666666666666,,,0,,0,0.03125,1.0,1.0,,,,18,0.05555555555555555,10.416666666666666
44,switch_d0,regime_conditional,1.0,clean,warehouse,stable,1872,0,0,21,0,1851,0.0,,0.0,0.011217948717948718,,,0,,0,0.03365384615384615,1.0,1.0,,,,60,0.0,11.217948717948717
44,switch_d0,regime_conditional,1.0,clean,transit_smooth,all,2160,0,0,20,0,2140,0.0,,0.0,0.009259259259259259,,,0,,0,0.025,1.0,1.0,,,,96,0.020833333333333332,9.25925925925926
44,switch_d0,regime_conditional,1.0,clean,transit_smooth,transition,288,0,0,2,0,286,0.0,,0.0,0.006944444444444444,,,0,,0,0.010416666666666666,1.0,1.0,,,,6,0.0,6.944444444444445
44,switch_d0,regime_conditional,1.0,clean,transit_smooth,stable,1872,0,0,18,0,1854,0.0,,0.0,0.009615384615384616,,,0,,0,0.027243589743589744,1.0,1.0,,,,90,0.022222222222222223,9.615384615384615
44,switch_d0,regime_conditional,1.0,clean,transit_rough,all,2160,0,0,19,0,2141,0.0,,0.0,0.008796296296296297,,,0,,0,0.025,1.0,1.0,,,,90,0.044444444444444446,8.333333333333334
44,switch_d0,regime_conditional,1.0,clean,transit_rough,transition,288,0,0,4,0,284,0.0,,0.0,0.013888888888888888,,,0,,0,0.03125,1.0,1.0,,,,6,0.3333333333333333,10.416666666666666
44,switch_d0,regime_conditional,1.0,clean,transit_rough,stable,1872,0,0,15,0,1857,0.0,,0.0,0.008012820512820512,,,0,,0,0.02403846153846154,1.0,1.0,,,,84,0.023809523809523808,8.012820512820513
44,switch_d0,regime_conditional,1.0,observed,all,all,6480,216,82,72,134,6192,0.5324675324675324,0.37962962962962965,0.44324324324324327,0.011494252873563218,0.4325793337705601,0.8055555555555556,216,0.032407407407407406,432,0.02880658436213992,1.0,1.0,0.3333333333333333,0.37962962962962965,0.32407407407407407,264,0.026515151515151516,11.334610472541508
44,switch_d0,regime_conditional,1.0,observed,all,transition,864,48,10,11,38,805,0.47619047619047616,0.20833333333333334,0.2898550724637681,0.013480392156862746,0.371738108653897,0.7083333333333334,48,0.041666666666666664,96,0.025,1.0,1.0,0.3333333333333333,0.20833333333333334,0.14583333333333334,30,0.1,12.254901960784315
44,switch_d0,regime_conditional,1.0,observed,all,stable,5616,168,72,61,96,5387,0.5413533834586466,0.42857142857142855,0.47840531561461797,0.011196769456681351,0.45254312976176053,0.8333333333333334,168,0.02976190476190476,336,0.029342723004694836,1.0,1.0,0.3333333333333333,0.42857142857142855,0.375,234,0.017094017094017096,11.19676945668135
44,switch_d0,regime_conditional,1.0,observed,warehouse,all,2160,60,25,27,35,2073,0.4807692307692308,0.4166666666666667,0.44642857142857145,0.012857142857142857,0.3895341181585807,0.8166666666666667,60,0.03333333333333333,120,0.03484848484848485,1.0,1.0,0.3333333333333332,0.4166666666666667,0.36666666666666664,78,0.01282051282051282,12.857142857142858
44,switch_d0,regime_conditional,1.0,observed,warehouse,transition,288,0,0,3,0,285,0.0,,0.0,0.010416666666666666,,,0,,0,0.03125,1.0,1.0,,,,18,0.05555555555555555,10.416666666666666
44,switch_d0,regime_conditional,1.0,observed,warehouse,stable,1872,60,25,24,35,1788,0.5102040816326531,0.4166666666666667,0.45871559633027525,0.013245033112582781,0.40157976216874247,0.8166666666666667,60,0.03333333333333333,120,0.03546099290780142,1.0,1.0,0.3333333333333332,0.4166666666666667,0.36666666666666664,60,0.0,13.245033112582782
44,switch_d0,regime_conditional,1.0,observed,transit_smooth,all,2160,66,24,22,42,2072,0.5217391304347826,0.36363636363636365,0.42857142857142855,0.010506208213944603,0.45457054711550865,0.8484848484848485,66,0.030303030303030304,132,0.02599388379204893,1.0,1.0,0.33333333333333326,0.36363636363636365,0.30303030303030304,96,0.020833333333333332,10.506208213944603
44,switch_d0,regime_conditional,1.0,observed,transit_smooth,transition,288,30,7,2,23,256,0.7777777777777778,0.23333333333333334,0.358974358974359,0.007751937984496124,0.5374784265210486,0.7666666666666667,30,0.03333333333333333,60,0.0,1.0,1.0,0.3333333333333334,0.23333333333333334,0.16666666666666666,6,0.0,7.751937984496124
44,switch_d0,regime_conditional,1.0,observed,transit_smooth,stable,1872,36,17,20,19,1816,0.4594594594594595,0.4722222222222222,0.4657534246575342,0.010893246187363835,0.4822465902481284,0.9166666666666666,36,0.027777777777777776,72,0.02891156462585034,1.0,1.0,0.33333333333333337,0.4722222222222222,0.4166666666666667,90,0.022222222222222223,10.893246187363834
44,switch_d0,regime_conditional,1.0,observed,transit_rough,all,2160,90,33,23,57,2047,0.5892857142857143,0.36666666666666664,0.4520547945205479,0.011111111111111112,0.4759558249565407,0.7666666666666667,90,0.03333333333333333,180,0.025396825396825397,1.0,1.0,0.3333333333333333,0.36666666666666664,0.3111111111111111,90,0.044444444444444446,10.628019323671497
44,switch_d0,regime_conditional,1.0,observed,transit_rough,transition,288,18,3,6,15,264,0.3333333333333333,0.16666666666666666,0.2222222222222222,0.022222222222222223,0.32158312278904205,0.6111111111111112,18,0.05555555555555555,36,0.038461538461538464,1.0,1.0,0.33333333333333326,0.16666666666666666,0.1111111111111111,6,0.3333333333333333,18.51851851851852
44,switch_d0,regime_conditional,1.0,observed,transit_rough,stable,1872,72,30,17,42,1783,0.6382978723404256,0.4166666666666667,0.5042016806722689,0.009444444444444445,0.5236395195321278,0.8055555555555556,72,0.027777777777777776,144,0.02355072463768116,1.0,1.0,0.3333333333333333,0.4166666666666667,0.3611111111111111,84,0.023809523809523808,9.444444444444445
44,switch_d0,regime_conditional,0.2,clean,all,all,6480,0,0,74,0,6406,0.0,,0.0,0.011419753086419753,,,0,,0,0.03425925925925926,1.0,1.0,,,,264,0.022727272727272728,6.327160493827161
44,switch_d0,regime_conditional,0.2,clean,all,transition,864,0,0,12,0,852,0.0,,0.0,0.013888888888888888,,,0,,0,0.041666666666666664,1.0,1.0,,,,30,0.1,6.944444444444445
44,switch_d0,regime_conditional,0.2,clean,all,stable,5616,0,0,62,0,5554,0.0,,0.0,0.01103988603988604,,,0,,0,0.03311965811965812,1.0,1.0,,,,234,0.01282051282051282,6.232193732193732
44,switch_d0,regime_conditional,0.2,clean,warehouse,all,2160,0,0,23,0,2137,0.0,,0.0,0.010648148148148148,,,0,,0,0.03194444444444444,1.0,1.0,,,,78,0.01282051282051282,5.092592592592593
44,switch_d0,regime_conditional,0.2,clean,warehouse,transition,288,0,0,1,0,287,0.0,,0.0,0.003472222222222222,,,0,,0,0.010416666666666666,1.0,1.0,,,,18,0.0,3.4722222222222223
44,switch_d0,regime_conditional,0.2,clean,warehouse,stable,1872,0,0,22,0,1850,0.0,,0.0,0.011752136752136752,,,0,,0,0.035256410256410256,1.0,1.0,,,,60,0.016666666666666666,5.3418803418803416
44,switch_d0,regime_conditional,0.2,clean,transit_smooth,all,2160,0,0,28,0,2132,0.0,,0.0,0.012962962962962963,,,0,,0,0.03888888888888889,1.0,1.0,,,,96,0.010416666666666666,7.407407407407407
44,switch_d0,regime_conditional,0.2,clean,transit_smooth,transition,288,0,0,5,0,283,0.0,,0.0,0.017361111111111112,,,0,,0,0.052083333333333336,1.0,1.0,,,,6,0.16666666666666666,10.416666666666666
44,switch_d0,regime_conditional,0.2,clean,transit_smooth,stable,1872,0,0,23,0,1849,0.0,,0.0,0.012286324786324786,,,0,,0,0.03685897435897436,1.0,1.0,,,,90,0.0,6.944444444444445
44,switch_d0,regime_conditional,0.2,clean,transit_rough,all,2160,0,0,23,0,2137,0.0,,0.0,0.010648148148148148,,,0,,0,0.03194444444444444,1.0,1.0,,,,90,0.044444444444444446,6.481481481481482
44,switch_d0,regime_conditional,0.2,clean,transit_rough,transition,288,0,0,6,0,282,0.0,,0.0,0.020833333333333332,,,0,,0,0.0625,1.0,1.0,,,,6,0.3333333333333333,6.944444444444445
44,switch_d0,regime_conditional,0.2,clean,transit_rough,stable,1872,0,0,17,0,1855,0.0,,0.0,0.009081196581196582,,,0,,0,0.027243589743589744,1.0,1.0,,,,84,0.023809523809523808,6.410256410256411
44,switch_d0,regime_conditional,0.2,observed,all,all,6480,216,154,180,62,6084,0.46107784431137727,0.7129629629629629,0.56,0.028735632183908046,0.6761656449413092,0.8935185185185185,216,0.125,432,0.05915637860082305,1.0,1.0,0.3333333333333333,0.7129629629629629,0.5046296296296297,264,0.20454545454545456,8.461047254150703
44,switch_d0,regime_conditional,0.2,observed,all,transition,864,48,34,28,14,788,0.5483870967741935,0.7083333333333334,0.6181818181818182,0.03431372549019608,0.6116520838184973,0.8333333333333334,48,0.1875,96,0.0375,1.0,1.0,0.3333333333333333,0.7083333333333334,0.4375,30,0.1,11.029411764705882
44,switch_d0,regime_conditional,0.2,observed,all,stable,5616,168,120,152,48,5296,0.4411764705882353,0.7142857142857143,0.5454545454545454,0.027900146842878122,0.7018136931170658,0.9107142857142857,168,0.10714285714285714,336,0.062206572769953054,1.0,1.0,0.3333333333333333,0.7142857142857143,0.5238095238095238,234,0.21794871794871795,8.076358296622614
44,switch_d0,regime_conditional,0.2,observed,warehouse,all,2160,60,43,41,17,2059,0.5119047619047619,0.7166666666666667,0.5972222222222222,0.019523809523809523,0.7400335655685562,0.9166666666666666,60,0.06666666666666667,120,0.05,1.0,1.0,0.3333333333333332,0.7166666666666667,0.6,78,0.15384615384615385,6.190476190476191
44,switch_d0,regime_conditional,0.2,observed,warehouse,transition,288,0,0,1,0,287,0.0,,0.0,0.003472222222222222,,,0,,0,0.010416666666666666,1.0,1.0,,,,18,0.0,3.4722222222222223
44,switch_d0,regime_conditional,0.2,observed,warehouse,stable,1872,60,43,40,17,1772,0.5180722891566265,0.7166666666666667,0.6013986013986014,0.02207505518763797,0.7427595533182151,0.9166666666666666,60,0.06666666666666667,120,0.05673758865248227,1.0,1.0,0.3333333333333332,0.7166666666666667,0.6,60,0.2,6.622516556291391
44,switch_d0,regime_conditional,0.2,observed,transit_smooth,all,2160,66,53,69,13,2025,0.4344262295081967,0.803030303030303,0.5638297872340425,0.0329512893982808,0.6405180323828797,0.9696969696969697,66,0.1590909090909091,132,0.06574923547400612,1.0,1.0,0.33333333333333326,0.803030303030303,0.5151515151515151,96,0.21875,8.595988538681949
44,switch_d0,regime_conditional,0.2,observed,transit_smooth,transition,288,30,24,18,6,240,0.5714285714285714,0.8,0.6666666666666666,0.06976744186046512,0.6202684089260933,0.9333333333333333,30,0.23333333333333334,60,0.045454545454545456,1.0,1.0,0.3333333333333334,0.8,0.4,6,0.5,15.503875968992247
44,switch_d0,regime_conditional,0.2,observed,transit_smooth,stable,1872,36,29,51,7,1785,0.3625,0.8055555555555556,0.5,0.027777777777777776,0.7168225289856455,1.0,36,0.09722222222222222,72,0.06802721088435375,1.0,1.0,0.33333333333333337,0.8055555555555556,0.6111111111111112,90,0.2,7.625272331154684
44,switch_d0,regime_conditional,0.2,observed,transit_rough,all,2160,90,58,70,32,2000,0.453125,0.6444444444444445,0.5321100917431193,0.033816425120772944,0.6529287740090719,0.8222222222222222,90,0.1388888888888889,180,0.06190476190476191,1.0,1.0,0.3333333333333333,0.6444444444444445,0.43333333333333335,90,0.23333333333333334,10.628019323671497
44,switch_d0,regime_conditional,0.2,observed,transit_rough,transition,288,18,10,9,8,261,0.5263157894736842,0.5555555555555556,0.5405405405405406,0.03333333333333333,0.6597326361909696,0.6666666666666666,18,0.1111111111111111,36,0.0641025641025641,1.0,1.0,0.33333333333333326,0.5555555555555556,0.5,6,0.0,14.814814814814815
44,switch_d0,regime_conditional,0.2,observed,transit_rough,stable,1872,72,48,61,24,1739,0.44036697247706424,0.6666666666666666,0.5303867403314917,0.03388888888888889,0.6614676988726398,0.8611111111111112,72,0.14583333333333334,144,0.06159420289855073,1.0,1.0,0.3333333333333333,0.6666666666666666,0.4166666666666667,84,0.25,10.0
44,switch_d4,regime_marginal,1.0,clean,all,all,6480,0,0,201,0,6279,0.0,,0.0,0.031018518518518518,,,0,,0,0.062037037037037036,1.0,1.0,,,,264,0.011363636363636364,14.04320987654321
44,switch_d4,regime_marginal,1.0,clean,all,transition,864,0,0,163,0,701,0.0,,0.0,0.1886574074074074,,,0,,0,0.3402777777777778,1.0,1.0,,,,30,0.06666666666666667,63.657407407407405
44,switch_d4,regime_marginal,1.0,clean,all,stable,5616,0,0,38,0,5578,0.0,,0.0,0.006766381766381766,,,0,,0,0.019230769230769232,1.0,1.0,,,,234,0.004273504273504274,6.410256410256411
44,switch_d4,regime_marginal,1.0,clean,warehouse,all,2160,0,0,71,0,2089,0.0,,0.0,0.03287037037037037,,,0,,0,0.06388888888888888,1.0,1.0,,,,78,0.0,13.88888888888889
44,switch_d4,regime_marginal,1.0,clean,warehouse,transition,288,0,0,56,0,232,0.0,,0.0,0.19444444444444445,,,0,,0,0.3333333333333333,1.0,1.0,,,,18,0.0,52.083333333333336
44,switch_d4,regime_marginal,1.0,clean,warehouse,stable,1872,0,0,15,0,1857,0.0,,0.0,0.008012820512820512,,,0,,0,0.022435897435897436,1.0,1.0,,,,60,0.0,8.012820512820513
44,switch_d4,regime_marginal,1.0,clean,transit_smooth,all,2160,0,0,71,0,2089,0.0,,0.0,0.03287037037037037,,,0,,0,0.059722222222222225,1.0,1.0,,,,96,0.0,14.814814814814815
44,switch_d4,regime_marginal,1.0,clean,transit_smooth,transition,288,0,0,59,0,229,0.0,,0.0,0.2048611111111111,,,0,,0,0.3333333333333333,1.0,1.0,,,,6,0.0,76.38888888888889
44,switch_d4,regime_marginal,1.0,clean,transit_smooth,stable,1872,0,0,12,0,1860,0.0,,0.0,0.00641025641025641,,,0,,0,0.017628205128205128,1.0,1.0,,,,90,0.0,5.3418803418803416
44,switch_d4,regime_marginal,1.0,clean,transit_rough,all,2160,0,0,59,0,2101,0.0,,0.0,0.027314814814814816,,,0,,0,0.0625,1.0,1.0,,,,90,0.03333333333333333,13.425925925925926
44,switch_d4,regime_marginal,1.0,clean,transit_rough,transition,288,0,0,48,0,240,0.0,,0.0,0.16666666666666666,,,0,,0,0.3541666666666667,1.0,1.0,,,,6,0.3333333333333333,62.5
44,switch_d4,regime_marginal,1.0,clean,transit_rough,stable,1872,0,0,11,0,1861,0.0,,0.0,0.005876068376068376,,,0,,0,0.017628205128205128,1.0,1.0,,,,84,0.011904761904761904,5.8760683760683765
44,switch_d4,regime_marginal,1.0,observed,all,all,6480,216,54,188,162,6076,0.2231404958677686,0.25,0.23580786026200873,0.030012771392081736,0.1614314286802138,0.7037037037037037,216,0.0625,432,0.058127572016460904,1.0,1.0,0.3333333333333333,0.25,0.18055555555555555,264,0.011363636363636364,13.569604086845466
44,switch_d4,regime_marginal,1.0,observed,all,transition,864,48,20,150,28,666,0.11764705882352941,0.4166666666666667,0.1834862385321101,0.18382352941176472,0.16602433223478208,0.4583333333333333,48,0.2708333333333333,96,0.325,1.0,1.0,0.3333333333333333,0.4166666666666667,0.125,30,0.06666666666666667,60.049019607843135
44,switch_d4,regime_marginal,1.0,observed,all,stable,5616,168,34,38,134,5410,0.4722222222222222,0.20238095238095238,0.2833333333333333,0.0069750367107195305,0.27895239714660347,0.7738095238095238,168,0.002976190476190476,336,0.020539906103286387,1.0,1.0,0.3333333333333333,0.20238095238095238,0.19642857142857142,234,0.004273504273504274,6.607929515418502
44,switch_d4,regime_marginal,1.0,observed,warehouse,all,2160,60,15,71,45,2029,0.1744186046511628,0.25,0.2054794520547945,0.03380952380952381,0.10908340423829584,0.7,60,0.008333333333333333,120,0.06818181818181818,1.0,1.0,0.3333333333333332,0.25,0.23333333333333334,78,0.0,14.285714285714286
44,switch_d4,regime_marginal,1.0,observed,warehouse,transition,288,0,0,56,0,232,0.0,,0.0,0.19444444444444445,,,0,,0,0.3333333333333333,1.0,1.0,,,,18,0.0,52.083333333333336
44,switch_d4,regime_marginal,1.0,observed,warehouse,stable,1872,60,15,15,45,1797,0.5,0.25,0.3333333333333333,0.008278145695364239,0.2814759920389207,0.7,60,0.008333333333333333,120,0.02304964539007092,1.0,1.0,0.3333333333333332,0.25,0.23333333333333334,60,0.0,8.278145695364238
44,switch_d4,regime_marginal,1.0,observed,transit_smooth,all,2160,66,22,65,44,2029,0.25287356321839083,0.3333333333333333,0.2875816993464052,0.031041069723018146,0.2155131189639407,0.6363636363636364,66,0.12878787878787878,132,0.047400611620795105,1.0,1.0,0.33333333333333326,0.3333333333333333,0.15151515151515152,96,0.0,13.84909264565425
44,switch_d4,regime_marginal,1.0,observed,transit_smooth,transition,288,30,14,53,16,205,0.208955223880597,0.4666666666666667,0.28865979381443296,0.2054263565891473,0.2842338671360456,0.36666666666666664,30,0.2833333333333333,60,0.30303030303030304,1.0,1.0,0.3333333333333334,0.4666666666666667,0.06666666666666667,6,0.0,73.64341085271317
44,switch_d4,regime_marginal,1.0,observed,transit_smooth,stable,1872,36,8,12,28,1824,0.4,0.2222222222222222,0.2857142857142857,0.006535947712418301,0.31597052351310134,0.8611111111111112,36,0.0,72,0.01870748299319728,1.0,1.0,0.33333333333333337,0.2222222222222222,0.2222222222222222,90,0.0,5.446623093681917
44,switch_d4,regime_marginal,1.0,observed,transit_rough,all,2160,90,17,52,73,2018,0.2463768115942029,0.18888888888888888,0.2138364779874214,0.025120772946859903,0.1754249663405142,0.7555555555555555,90,0.05,180,0.05873015873015873,1.0,1.0,0.3333333333333333,0.18888888888888888,0.16666666666666666,90,0.03333333333333333,12.560386473429952
44,switch_d4,regime_marginal,1.0,observed,transit_rough,transition,288,18,6,41,12,229,0.1276595744680851,0.3333333333333333,0.18461538461538463,0.15185185185185185,0.08938589753807293,0.6111111111111112,18,0.25,36,0.3333333333333333,1.0,1.0,0.33333333333333326,0.3333333333333333,0.2222222222222222,6,0.3333333333333333,55.55555555555556
44,switch_d4,regime_marginal,1.0,observed,transit_rough,stable,1872,72,11,11,61,1789,0.5,0.1527777777777778,0.23404255319148937,0.006111111111111111,0.3148323082548745,0.7916666666666666,72,0.0,144,0.019927536231884056,1.0,1.0,0.3333333333333333,0.1527777777777778,0.1527777777777778,84,0.011904761904761904,6.111111111111111
44,switch_d4,regime_marginal,0.2,clean,all,all,6480,0,0,141,0,6339,0.0,,0.0,0.02175925925925926,,,0,,0,0.05462962962962963,1.0,1.0,,,,264,0.007575757575757576,8.333333333333334
44,switch_d4,regime_marginal,0.2,clean,all,transition,864,0,0,113,0,751,0.0,,0.0,0.13078703703703703,,,0,,0,0.3229166666666667,1.0,1.0,,,,30,0.03333333333333333,46.2962962962963
44,switch_d4,regime_marginal,0.2,clean,all,stable,5616,0,0,28,0,5588,0.0,,0.0,0.004985754985754986,,,0,,0,0.013354700854700854,1.0,1.0,,,,234,0.004273504273504274,2.492877492877493
44,switch_d4,regime_marginal,0.2,clean,warehouse,all,2160,0,0,47,0,2113,0.0,,0.0,0.02175925925925926,,,0,,0,0.058333333333333334,1.0,1.0,,,,78,0.01282051282051282,8.796296296296296
44,switch_d4,regime_marginal,0.2,clean,warehouse,transition,288,0,0,34,0,254,0.0,,0.0,0.11805555555555555,,,0,,0,0.3125,1.0,1.0,,,,18,0.0,41.666666666666664
44,switch_d4,regime_marginal,0.2,clean,warehouse,stable,1872,0,0,13,0,1859,0.0,,0.0,0.006944444444444444,,,0,,0,0.019230769230769232,1.0,1.0,,,,60,0.016666666666666666,3.7393162393162394
44,switch_d4,regime_marginal,0.2,clean,transit_smooth,all,2160,0,0,50,0,2110,0.0,,0.0,0.023148148148148147,,,0,,0,0.05277777777777778,1.0,1.0,,,,96,0.0,7.87037037037037
44,switch_d4,regime_marginal,0.2,clean,transit_smooth,transition,288,0,0,42,0,246,0.0,,0.0,0.14583333333333334,,,0,,0,0.3333333333333333,1.0,1.0,,,,6,0.0,52.083333333333336
44,switch_d4,regime_marginal,0.2,clean,transit_smooth,stable,1872,0,0,8,0,1864,0.0,,0.0,0.004273504273504274,,,0,,0,0.009615384615384616,1.0,1.0,,,,90,0.0,1.0683760683760684
44,switch_d4,regime_marginal,0.2,clean,transit_rough,all,2160,0,0,44,0,2116,0.0,,0.0,0.020370370370370372,,,0,,0,0.05277777777777778,1.0,1.0,,,,90,0.011111111111111112,8.333333333333334
44,switch_d4,regime_marginal,0.2,clean,transit_rough,transition,288,0,0,37,0,251,0.0,,0.0,0.1284722222222222,,,0,,0,0.3229166666666667,1.0,1.0,,,,6,0.16666666666666666,45.138888888888886
44,switch_d4,regime_marginal,0.2,clean,transit_rough,stable,1872,0,0,7,0,1865,0.0,,0.0,0.0037393162393162395,,,0,,0,0.011217948717948718,1.0,1.0,,,,84,0.0,2.6709401709401708
44,switch_d4,regime_marginal,0.2,observed,all,all,6480,216,78,138,138,6126,0.3611111111111111,0.3611111111111111,0.3611111111111111,0.022030651340996167,0.22422960268496653,0.8148148148148148,216,0.037037037037037035,432,0.05401234567901234,1.0,1.0,0.3333333333333333,0.3611111111111111,0.3287037037037037,264,0.03409090909090909,7.982120051085569
44,switch_d4,regime_marginal,0.2,observed,all,transition,864,48,14,102,34,714,0.1206896551724138,0.2916666666666667,0.17073170731707318,0.125,0.14921611563964166,0.5625,48,0.16666666666666666,96,0.3,1.0,1.0,0.3333333333333333,0.2916666666666667,0.14583333333333334,30,0.0,44.11764705882353
44,switch_d4,regime_marginal,0.2,observed,all,stable,5616,168,64,36,104,5412,0.64,0.38095238095238093,0.47761194029850745,0.006607929515418502,0.5089872321661804,0.8869047619047619,168,0.0,336,0.01936619718309859,1.0,1.0,0.3333333333333333,0.38095238095238093,0.38095238095238093,234,0.038461538461538464,2.5697503671071953
44,switch_d4,regime_marginal,0.2,observed,warehouse,all,2160,60,30,53,30,2047,0.3614457831325301,0.5,0.4195804195804196,0.025238095238095237,0.2539647480317452,0.9,60,0.0,120,0.07272727272727272,1.0,1.0,0.3333333333333332,0.5,0.5,78,0.08974358974358974,8.571428571428571
44,switch_d4,regime_marginal,0.2,observed,warehouse,transition,288,0,0,34,0,254,0.0,,0.0,0.11805555555555555,,,0,,0,0.3125,1.0,1.0,,,,18,0.0,41.666666666666664
44,switch_d4,regime_marginal,0.2,observed,warehouse,stable,1872,60,30,19,30,1793,0.6122448979591837,0.5,0.5504587155963303,0.010485651214128035,0.5948167808881746,0.9,60,0.0,120,0.031914893617021274,1.0,1.0,0.3333333333333332,0.5,0.5,60,0.11666666666666667,3.3112582781456954
44,switch_d4,regime_marginal,0.2,observed,transit_smooth,all,2160,66,17,46,49,2048,0.2698412698412698,0.25757575757575757,0.26356589147286824,0.021967526265520534,0.2049364600552082,0.7424242424242424,66,0.09090909090909091,132,0.039755351681957186,1.0,1.0,0.33333333333333326,0.25757575757575757,0.15151515151515152,96,0.0,7.640878701050621
44,switch_d4,regime_marginal,0.2,observed,transit_smooth,transition,288,30,8,38,22,220,0.17391304347826086,0.26666666666666666,0.21052631578947367,0.14728682170542637,0.2588897843183652,0.5333333333333333,30,0.2,60,0.30303030303030304,1.0,1.0,0.3333333333333334,0.26666666666666666,0.03333333333333333,6,0.0,54.263565891472865
44,switch_d4,regime_marginal,0.2,observed,transit_smooth,stable,1872,36,9,8,27,1828,0.5294117647058824,0.25,0.33962264150943394,0.004357298474945534,0.39276023158820783,0.9166666666666666,36,0.0,72,0.01020408163265306,1.0,1.0,0.33333333333333337,0.25,0.25,90,0.0,1.0893246187363834
44,switch_d4,regime_marginal,0.2,observed,transit_rough,all,2160,90,31,39,59,2031,0.44285714285714284,0.34444444444444444,0.3875,0.01884057971014493,0.2500169793828923,0.8111111111111111,90,0.022222222222222223,180,0.049206349206349205,1.0,1.0,0.3333333333333333,0.34444444444444444,0.34444444444444444,90,0.022222222222222223,7.729468599033816
44,switch_d4,regime_marginal,0.2,observed,transit_rough,transition,288,18,6,30,12,240,0.16666666666666666,0.3333333333333333,0.2222222222222222,0.1111111111111111,0.1210636836965589,0.6111111111111112,18,0.1111111111111111,36,0.28205128205128205,1.0,1.0,0.33333333333333326,0.3333333333333333,0.3333333333333333,6,0.0,37.03703703703704
44,switch_d4,regime_marginal,0.2,observed,transit_rough,stable,1872,72,25,9,47,1791,0.7352941176470589,0.3472222222222222,0.4716981132075472,0.005,0.5123912375588575,0.8611111111111112,72,0.0,144,0.016304347826086956,1.0,1.0,0.3333333333333333,0.3472222222222222,0.3472222222222222,84,0.023809523809523808,3.3333333333333335
44,switch_d4,regime_conditional,1.0,clean,all,all,6480,0,0,207,0,6273,0.0,,0.0,0.03194444444444444,,,0,,0,0.0712962962962963,1.0,1.0,,,,264,0.03409090909090909,16.358024691358025
44,switch_d4,regime_conditional,1.0,clean,all,transition,864,0,0,153,0,711,0.0,,0.0,0.17708333333333334,,,0,,0,0.3506944444444444,1.0,1.0,,,,30,0.16666666666666666,60.18518518518518
44,switch_d4,regime_conditional,1.0,clean,all,stable,5616,0,0,54,0,5562,0.0,,0.0,0.009615384615384616,,,0,,0,0.028311965811965812,1.0,1.0,,,,234,0.017094017094017096,9.615384615384615
44,switch_d4,regime_conditional,1.0,clean,warehouse,all,2160,0,0,59,0,2101,0.0,,0.0,0.027314814814814816,,,0,,0,0.0763888888888889,1.0,1.0,,,,78,0.038461538461538464,15.74074074074074
44,switch_d4,regime_conditional,1.0,clean,warehouse,transition,288,0,0,38,0,250,0.0,,0.0,0.13194444444444445,,,0,,0,0.3541666666666667,1.0,1.0,,,,18,0.16666666666666666,45.138888888888886
44,switch_d4,regime_conditional,1.0,clean,warehouse,stable,1872,0,0,21,0,1851,0.0,,0.0,0.011217948717948718,,,0,,0,0.03365384615384615,1.0,1.0,,,,60,0.0,11.217948717948717
44,switch_d4,regime_conditional,1.0,clean,transit_smooth,all,2160,0,0,84,0,2076,0.0,,0.0,0.03888888888888889,,,0,,0,0.06805555555555555,1.0,1.0,,,,96,0.020833333333333332,16.666666666666668
44,switch_d4,regime_conditional,1.0,clean,transit_smooth,transition,288,0,0,66,0,222,0.0,,0.0,0.22916666666666666,,,0,,0,0.3333333333333333,1.0,1.0,,,,6,0.0,62.5
44,switch_d4,regime_conditional,1.0,clean,transit_smooth,stable,1872,0,0,18,0,1854,0.0,,0.0,0.009615384615384616,,,0,,0,0.027243589743589744,1.0,1.0,,,,90,0.022222222222222223,9.615384615384615
44,switch_d4,regime_conditional,1.0,clean,transit_rough,all,2160,0,0,64,0,2096,0.0,,0.0,0.02962962962962963,,,0,,0,0.06944444444444445,1.0,1.0,,,,90,0.044444444444444446,16.666666666666668
44,switch_d4,regime_conditional,1.0,clean,transit_rough,transition,288,0,0,49,0,239,0.0,,0.0,0.1701388888888889,,,0,,0,0.3645833333333333,1.0,1.0,,,,6,0.3333333333333333,72.91666666666667
44,switch_d4,regime_conditional,1.0,clean,transit_rough,stable,1872,0,0,15,0,1857,0.0,,0.0,0.008012820512820512,,,0,,0,0.02403846153846154,1.0,1.0,,,,84,0.023809523809523808,8.012820512820513
44,switch_d4,regime_conditional,1.0,observed,all,all,6480,216,93,203,123,6061,0.3141891891891892,0.4305555555555556,0.36328125,0.032407407407407406,0.2218180325907615,0.7731481481481481,216,0.07407407407407407,432,0.06738683127572016,1.0,1.0,0.3333333333333333,0.4305555555555556,0.3287037037037037,264,0.03409090909090909,17.56066411238825
44,switch_d4,regime_conditional,1.0,observed,all,transition,864,48,21,142,27,674,0.12883435582822086,0.4375,0.1990521327014218,0.17401960784313725,0.19454180197302373,0.5625,48,0.22916666666666666,96,0.3375,1.0,1.0,0.3333333333333333,0.4375,0.16666666666666666,30,0.16666666666666666,60.049019607843135
44,switch_d4,regime_conditional,1.0,observed,all,stable,5616,168,72,61,96,5387,0.5413533834586466,0.42857142857142855,0.47840531561461797,0.011196769456681351,0.45254312976176053,0.8333333333333334,168,0.02976190476190476,336,0.029342723004694836,1.0,1.0,0.3333333333333333,0.42857142857142855,0.375,234,0.017094017094017096,11.19676945668135
44,switch_d4,regime_conditional,1.0,observed,warehouse,all,2160,60,25,62,35,2038,0.28735632183908044,0.4166666666666667,0.3401360544217687,0.029523809523809525,0.16919174466009704,0.8166666666666667,60,0.03333333333333333,120,0.08181818181818182,1.0,1.0,0.3333333333333332,0.4166666666666667,0.36666666666666664,78,0.038461538461538464,17.61904761904762
44,switch_d4,regime_conditional,1.0,observed,warehouse,transition,288,0,0,38,0,250,0.0,,0.0,0.13194444444444445,,,0,,0,0.3541666666666667,1.0,1.0,,,,18,0.16666666666666666,45.138888888888886
44,switch_d4,regime_conditional,1.0,observed,warehouse,stable,1872,60,25,24,35,1788,0.5102040816326531,0.4166666666666667,0.45871559633027525,0.013245033112582781,0.40157976216874247,0.8166666666666667,60,0.03333333333333333,120,0.03546099290780142,1.0,1.0,0.3333333333333332,0.4166666666666667,0.36666666666666664,60,0.0,13.245033112582782
44,switch_d4,regime_conditional,1.0,observed,transit_smooth,all,2160,66,28,80,38,2014,0.25925925925925924,0.42424242424242425,0.3218390804597701,0.038204393505253106,0.24050261923985886,0.7424242424242424,66,0.15151515151515152,132,0.05657492354740061,1.0,1.0,0.33333333333333326,0.42424242424242425,0.25757575757575757,96,0.020833333333333332,17.66953199617956
44,switch_d4,regime_conditional,1.0,observed,transit_smooth,transition,288,30,11,60,19,198,0.15492957746478872,0.36666666666666664,0.21782178217821782,0.23255813953488372,0.28705819896240137,0.5333333333333333,30,0.3,60,0.30303030303030304,1.0,1.0,0.3333333333333334,0.36666666666666664,0.06666666666666667,6,0.0,65.89147286821705
44,switch_d4,regime_conditional,1.0,observed,transit_smooth,stable,1872,36,17,20,19,1816,0.4594594594594595,0.4722222222222222,0.4657534246575342,0.010893246187363835,0.4822465902481284,0.9166666666666666,36,0.027777777777777776,72,0.02891156462585034,1.0,1.0,0.33333333333333337,0.4722222222222222,0.4166666666666667,90,0.022222222222222223,10.893246187363834
44,switch_d4,regime_conditional,1.0,observed,transit_rough,all,2160,90,40,61,50,2009,0.39603960396039606,0.4444444444444444,0.418848167539267,0.029468599033816423,0.27056645000556934,0.7666666666666667,90,0.044444444444444446,180,0.06349206349206349,1.0,1.0,0.3333333333333333,0.4444444444444444,0.35555555555555557,90,0.044444444444444446,17.391304347826086
44,switch_d4,regime_conditional,1.0,observed,transit_rough,transition,288,18,10,44,8,226,0.18518518518518517,0.5555555555555556,0.2777777777777778,0.16296296296296298,0.15098501065796688,0.6111111111111112,18,0.1111111111111111,36,0.34615384615384615,1.0,1.0,0.33333333333333326,0.5555555555555556,0.3333333333333333,6,0.3333333333333333,70.37037037037037
44,switch_d4,regime_conditional,1.0,observed,transit_rough,stable,1872,72,30,17,42,1783,0.6382978723404256,0.4166666666666667,0.5042016806722689,0.009444444444444445,0.5236395195321278,0.8055555555555556,72,0.027777777777777776,144,0.02355072463768116,1.0,1.0,0.3333333333333333,0.4166666666666667,0.3611111111111111,84,0.023809523809523808,9.444444444444445
44,switch_d4,regime_conditional,0.2,clean,all,all,6480,0,0,218,0,6262,0.0,,0.0,0.03364197530864198,,,0,,0,0.07546296296296297,1.0,1.0,,,,264,0.030303030303030304,12.962962962962964
44,switch_d4,regime_conditional,0.2,clean,all,transition,864,0,0,156,0,708,0.0,,0.0,0.18055555555555555,,,0,,0,0.3506944444444444,1.0,1.0,,,,30,0.16666666666666666,56.71296296296296
44,switch_d4,regime_conditional,0.2,clean,all,stable,5616,0,0,62,0,5554,0.0,,0.0,0.01103988603988604,,,0,,0,0.03311965811965812,1.0,1.0,,,,234,0.01282051282051282,6.232193732193732
44,switch_d4,regime_conditional,0.2,clean,warehouse,all,2160,0,0,72,0,2088,0.0,,0.0,0.03333333333333333,,,0,,0,0.0763888888888889,1.0,1.0,,,,78,0.0641025641025641,11.574074074074074
44,switch_d4,regime_conditional,0.2,clean,warehouse,transition,288,0,0,50,0,238,0.0,,0.0,0.1736111111111111,,,0,,0,0.34375,1.0,1.0,,,,18,0.2222222222222222,52.083333333333336
44,switch_d4,regime_conditional,0.2,clean,warehouse,stable,1872,0,0,22,0,1850,0.0,,0.0,0.011752136752136752,,,0,,0,0.035256410256410256,1.0,1.0,,,,60,0.016666666666666666,5.3418803418803416
44,switch_d4,regime_conditional,0.2,clean,transit_smooth,all,2160,0,0,82,0,2078,0.0,,0.0,0.03796296296296296,,,0,,0,0.0763888888888889,1.0,1.0,,,,96,0.0,13.88888888888889
44,switch_d4,regime_conditional,0.2,clean,transit_smooth,transition,288,0,0,59,0,229,0.0,,0.0,0.2048611111111111,,,0,,0,0.3333333333333333,1.0,1.0,,,,6,0.0,59.02777777777778
44,switch_d4,regime_conditional,0.2,clean,transit_smooth,stable,1872,0,0,23,0,1849,0.0,,0.0,0.012286324786324786,,,0,,0,0.03685897435897436,1.0,1.0,,,,90,0.0,6.944444444444445
44,switch_d4,regime_conditional,0.2,clean,transit_rough,all,2160,0,0,64,0,2096,0.0,,0.0,0.02962962962962963,,,0,,0,0.07361111111111111,1.0,1.0,,,,90,0.03333333333333333,13.425925925925926
44,switch_d4,regime_conditional,0.2,clean,transit_rough,transition,288,0,0,47,0,241,0.0,,0.0,0.16319444444444445,,,0,,0,0.375,1.0,1.0,,,,6,0.16666666666666666,59.02777777777778
44,switch_d4,regime_conditional,0.2,clean,transit_rough,stable,1872,0,0,17,0,1855,0.0,,0.0,0.009081196581196582,,,0,,0,0.027243589743589744,1.0,1.0,,,,84,0.023809523809523808,6.410256410256411
44,switch_d4,regime_conditional,0.2,observed,all,all,6480,216,146,305,70,5959,0.3237250554323725,0.6759259259259259,0.43778110944527737,0.048690932311621964,0.3004558289455139,0.8379629629629629,216,0.14583333333333334,432,0.09722222222222222,1.0,1.0,0.3333333333333333,0.6759259259259259,0.4583333333333333,264,0.20833333333333334,14.367816091954023
44,switch_d4,regime_conditional,0.2,observed,all,transition,864,48,26,154,22,662,0.14444444444444443,0.5416666666666666,0.22807017543859648,0.18872549019607843,0.16530195410664367,0.5833333333333334,48,0.28125,96,0.3458333333333333,1.0,1.0,0.3333333333333333,0.5416666666666666,0.22916666666666666,30,0.16666666666666666,56.372549019607845
44,switch_d4,regime_conditional,0.2,observed,all,stable,5616,168,120,151,48,5297,0.44280442804428044,0.7142857142857143,0.5466970387243736,0.027716593245227607,0.7029470345781246,0.9107142857142857,168,0.10714285714285714,336,0.062206572769953054,1.0,1.0,0.3333333333333333,0.7142857142857143,0.5238095238095238,234,0.21367521367521367,8.076358296622614
44,switch_d4,regime_conditional,0.2,observed,warehouse,all,2160,60,43,89,17,2011,0.32575757575757575,0.7166666666666667,0.4479166666666667,0.04238095238095238,0.32545895725697094,0.9166666666666666,60,0.06666666666666667,120,0.09848484848484848,1.0,1.0,0.3333333333333332,0.7166666666666667,0.6,78,0.19230769230769232,12.380952380952381
44,switch_d4,regime_conditional,0.2,observed,warehouse,transition,288,0,0,49,0,239,0.0,,0.0,0.1701388888888889,,,0,,0,0.34375,1.0,1.0,,,,18,0.16666666666666666,48.611111111111114
44,switch_d4,regime_conditional,0.2,observed,warehouse,stable,1872,60,43,40,17,1772,0.5180722891566265,0.7166666666666667,0.6013986013986014,0.02207505518763797,0.7425699718704696,0.9166666666666666,60,0.06666666666666667,120,0.05673758865248227,1.0,1.0,0.3333333333333332,0.7166666666666667,0.6,60,0.2,6.622516556291391
44,switch_d4,regime_conditional,0.2,observed,transit_smooth,all,2160,66,45,113,21,1981,0.2848101265822785,0.6818181818181818,0.4017857142857143,0.05396370582617001,0.2718568176816861,0.8181818181818182,66,0.22727272727272727,132,0.09480122324159021,1.0,1.0,0.33333333333333326,0.6818181818181818,0.3787878787878788,96,0.19791666666666666,14.804202483285577
44,switch_d4,regime_conditional,0.2,observed,transit_smooth,transition,288,30,16,63,14,195,0.20253164556962025,0.5333333333333333,0.29357798165137616,0.2441860465116279,0.2421636481840573,0.6,30,0.38333333333333336,60,0.3333333333333333,1.0,1.0,0.3333333333333334,0.5333333333333333,0.1,6,0.3333333333333333,65.89147286821705
44,switch_d4,regime_conditional,0.2,observed,transit_smooth,stable,1872,36,29,50,7,1786,0.3670886075949367,0.8055555555555556,0.5043478260869565,0.027233115468409588,0.7192386919402017,1.0,36,0.09722222222222222,72,0.06802721088435375,1.0,1.0,0.33333333333333337,0.8055555555555556,0.6111111111111112,90,0.18888888888888888,7.625272331154684
44,switch_d4,regime_conditional,0.2,observed,transit_rough,all,2160,90,58,103,32,1967,0.36024844720496896,0.6444444444444445,0.46215139442231074,0.049758454106280194,0.3379201256822669,0.8,90,0.1388888888888889,180,0.09841269841269841,1.0,1.0,0.3333333333333333,0.6444444444444445,0.4222222222222222,90,0.23333333333333334,15.942028985507246
44,switch_d4,regime_conditional,0.2,observed,transit_rough,transition,288,18,10,42,8,228,0.19230769230769232,0.5555555555555556,0.2857142857142857,0.15555555555555556,0.1557838719844014,0.5555555555555556,18,0.1111111111111111,36,0.358974358974359,1.0,1.0,0.33333333333333326,0.5555555555555556,0.4444444444444444,6,0.0,55.55555555555556
44,switch_d4,regime_conditional,0.2,observed,transit_rough,stable,1872,72,48,61,24,1739,0.44036697247706424,0.6666666666666666,0.5303867403314917,0.03388888888888889,0.6639931904660601,0.8611111111111112,72,0.14583333333333334,144,0.06159420289855073,1.0,1.0,0.3333333333333333,0.6666666666666666,0.4166666666666667,84,0.25,10.0
44,switch_d12,regime_marginal,1.0,clean,all,all,6480,0,0,510,0,5970,0.0,,0.0,0.0787037037037037,,,0,,0,0.15,1.0,1.0,,,,264,0.01893939393939394,19.290123456790123
44,switch_d12,regime_marginal,1.0,clean,all,transition,864,0,0,472,0,392,0.0,,0.0,0.5462962962962963,,,0,,0,1.0,1.0,1.0,,,,30,0.13333333333333333,103.00925925925925
44,switch_d12,regime_marginal,1.0,clean,all,stable,5616,0,0,38,0,5578,0.0,,0.0,0.006766381766381766,,,0,,0,0.019230769230769232,1.0,1.0,,,,234,0.004273504273504274,6.410256410256411
44,switch_d12,regime_marginal,1.0,clean,warehouse,all,2160,0,0,186,0,1974,0.0,,0.0,0.08611111111111111,,,0,,0,0.1527777777777778,1.0,1.0,,,,78,0.0,18.055555555555557
44,switch_d12,regime_marginal,1.0,clean,warehouse,transition,288,0,0,171,0,117,0.0,,0.0,0.59375,,,0,,0,1.0,1.0,1.0,,,,18,0.0,83.33333333333333
44,switch_d12,regime_marginal,1.0,clean,warehouse,stable,1872,0,0,15,0,1857,0.0,,0.0,0.008012820512820512,,,0,,0,0.022435897435897436,1.0,1.0,,,,60,0.0,8.012820512820513
44,switch_d12,regime_marginal,1.0,clean,transit_smooth,all,2160,0,0,175,0,1985,0.0,,0.0,0.08101851851851852,,,0,,0,0.1486111111111111,1.0,1.0,,,,96,0.010416666666666666,20.37037037037037
44,switch_d12,regime_marginal,1.0,clean,transit_smooth,transition,288,0,0,163,0,125,0.0,,0.0,0.5659722222222222,,,0,,0,1.0,1.0,1.0,,,,6,0.16666666666666666,118.05555555555556
44,switch_d12,regime_marginal,1.0,clean,transit_smooth,stable,1872,0,0,12,0,1860,0.0,,0.0,0.00641025641025641,,,0,,0,0.017628205128205128,1.0,1.0,,,,90,0.0,5.3418803418803416
44,switch_d12,regime_marginal,1.0,clean,transit_rough,all,2160,0,0,149,0,2011,0.0,,0.0,0.06898148148148148,,,0,,0,0.1486111111111111,1.0,1.0,,,,90,0.044444444444444446,19.444444444444443
44,switch_d12,regime_marginal,1.0,clean,transit_rough,transition,288,0,0,138,0,150,0.0,,0.0,0.4791666666666667,,,0,,0,1.0,1.0,1.0,,,,6,0.5,107.63888888888889
44,switch_d12,regime_marginal,1.0,clean,transit_rough,stable,1872,0,0,11,0,1861,0.0,,0.0,0.005876068376068376,,,0,,0,0.017628205128205128,1.0,1.0,,,,84,0.011904761904761904,5.8760683760683765
44,switch_d12,regime_marginal,1.0,observed,all,all,6480,216,76,478,140,5786,0.1371841155234657,0.35185185185185186,0.1974025974025974,0.07630906768837803,0.13393254897653242,0.7129629629629629,216,0.10416666666666667,432,0.14146090534979425,1.0,1.0,0.3333333333333333,0.35185185185185186,0.2222222222222222,264,0.01893939393939394,18.997445721583652
44,switch_d12,regime_marginal,1.0,observed,all,transition,864,48,42,440,6,376,0.08713692946058091,0.875,0.15849056603773584,0.5392156862745098,0.2053716909557015,0.5,48,0.4583333333333333,96,1.0,1.0,1.0,0.3333333333333333,0.875,0.3125,30,0.13333333333333333,101.7156862745098
44,switch_d12,regime_marginal,1.0,observed,all,stable,5616,168,34,38,134,5410,0.4722222222222222,0.20238095238095238,0.2833333333333333,0.0069750367107195305,0.27895239714660347,0.7738095238095238,168,0.002976190476190476,336,0.020539906103286387,1.0,1.0,0.3333333333333333,0.20238095238095238,0.19642857142857142,234,0.004273504273504274,6.607929515418502
44,switch_d12,regime_marginal,1.0,observed,warehouse,all,2160,60,15,186,45,1914,0.07462686567164178,0.25,0.11494252873563218,0.08857142857142856,0.06353764886494079,0.7,60,0.008333333333333333,120,0.16515151515151516,1.0,1.0,0.3333333333333332,0.25,0.23333333333333334,78,0.0,18.571428571428573
44,switch_d12,regime_marginal,1.0,observed,warehouse,transition,288,0,0,171,0,117,0.0,,0.0,0.59375,,,0,,0,1.0,1.0,1.0,,,,18,0.0,83.33333333333333
44,switch_d12,regime_marginal,1.0,observed,warehouse,stable,1872,60,15,15,45,1797,0.5,0.25,0.3333333333333333,0.008278145695364239,0.2814759920389207,0.7,60,0.008333333333333333,120,0.02304964539007092,1.0,1.0,0.3333333333333332,0.25,0.23333333333333334,60,0.0,8.278145695364238
44,switch_d12,regime_marginal,1.0,observed,transit_smooth,all,2160,66,38,160,28,1934,0.1919191919191919,0.5757575757575758,0.2878787878787879,0.07640878701050621,0.23611515370050085,0.6515151515151515,66,0.23484848484848486,132,0.11773700305810397,1.0,1.0,0.33333333333333326,0.5757575757575758,0.21212121212121213,96,0.010416666666666666,19.579751671442217
44,switch_d12,regime_marginal,1.0,observed,transit_smooth,transition,288,30,30,148,0,110,0.16853932584269662,1.0,0.28846153846153844,0.5736434108527132,0.33559672227694054,0.4,30,0.5166666666666667,60,1.0,1.0,1.0,0.3333333333333334,1.0,0.2,6,0.16666666666666666,120.15503875968992
44,switch_d12,regime_marginal,1.0,observed,transit_smooth,stable,1872,36,8,12,28,1824,0.4,0.2222222222222222,0.2857142857142857,0.006535947712418301,0.31597052351310134,0.8611111111111112,36,0.0,72,0.01870748299319728,1.0,1.0,0.33333333333333337,0.2222222222222222,0.2222222222222222,90,0.0,5.446623093681917
44,switch_d12,regime_marginal,1.0,observed,transit_rough,all,2160,90,23,132,67,1938,0.14838709677419354,0.25555555555555554,0.18775510204081633,0.06376811594202898,0.12322024015167657,0.7666666666666667,90,0.07222222222222222,180,0.14126984126984127,1.0,1.0,0.3333333333333333,0.25555555555555554,0.2222222222222222,90,0.044444444444444446,18.840579710144926
44,switch_d12,regime_marginal,1.0,observed,transit_rough,transition,288,18,12,121,6,149,0.09022556390977443,0.6666666666666666,0.15894039735099338,0.44814814814814813,0.06878239960249868,0.6666666666666666,18,0.3611111111111111,36,1.0,1.0,1.0,0.33333333333333326,0.6666666666666666,0.5,6,0.5,103.70370370370371
44,switch_d12,regime_marginal,1.0,observed,transit_rough,stable,1872,72,11,11,61,1789,0.5,0.1527777777777778,0.23404255319148937,0.006111111111111111,0.3148323082548745,0.7916666666666666,72,0.0,144,0.019927536231884056,1.0,1.0,0.3333333333333333,0.1527777777777778,0.1527777777777778,84,0.011904761904761904,6.111111111111111
44,switch_d12,regime_marginal,0.2,clean,all,all,6480,0,0,495,0,5985,0.0,,0.0,0.0763888888888889,,,0,,0,0.14212962962962963,1.0,1.0,,,,264,0.03409090909090909,10.339506172839506
44,switch_d12,regime_marginal,0.2,clean,all,transition,864,0,0,469,0,395,0.0,,0.0,0.5428240740740741,,,0,,0,0.9861111111111112,1.0,1.0,,,,30,0.26666666666666666,63.657407407407405
44,switch_d12,regime_marginal,0.2,clean,all,stable,5616,0,0,26,0,5590,0.0,,0.0,0.004629629629629629,,,0,,0,0.012286324786324786,1.0,1.0,,,,234,0.004273504273504274,2.1367521367521367
44,switch_d12,regime_marginal,0.2,clean,warehouse,all,2160,0,0,169,0,1991,0.0,,0.0,0.07824074074074074,,,0,,0,0.14583333333333334,1.0,1.0,,,,78,0.01282051282051282,10.185185185185185
44,switch_d12,regime_marginal,0.2,clean,warehouse,transition,288,0,0,157,0,131,0.0,,0.0,0.5451388888888888,,,0,,0,0.9791666666666666,1.0,1.0,,,,18,0.0,55.55555555555556
44,switch_d12,regime_marginal,0.2,clean,warehouse,stable,1872,0,0,12,0,1860,0.0,,0.0,0.00641025641025641,,,0,,0,0.017628205128205128,1.0,1.0,,,,60,0.016666666666666666,3.2051282051282053
44,switch_d12,regime_marginal,0.2,clean,transit_smooth,all,2160,0,0,176,0,1984,0.0,,0.0,0.08148148148148149,,,0,,0,0.14166666666666666,1.0,1.0,,,,96,0.020833333333333332,10.185185185185185
44,switch_d12,regime_marginal,0.2,clean,transit_smooth,transition,288,0,0,168,0,120,0.0,,0.0,0.5833333333333334,,,0,,0,1.0,1.0,1.0,,,,6,0.3333333333333333,69.44444444444444
44,switch_d12,regime_marginal,0.2,clean,transit_smooth,stable,1872,0,0,8,0,1864,0.0,,0.0,0.004273504273504274,,,0,,0,0.009615384615384616,1.0,1.0,,,,90,0.0,1.0683760683760684
44,switch_d12,regime_marginal,0.2,clean,transit_rough,all,2160,0,0,150,0,2010,0.0,,0.0,0.06944444444444445,,,0,,0,0.1388888888888889,1.0,1.0,,,,90,0.06666666666666667,10.648148148148149
44,switch_d12,regime_marginal,0.2,clean,transit_rough,transition,288,0,0,144,0,144,0.0,,0.0,0.5,,,0,,0,0.9791666666666666,1.0,1.0,,,,6,1.0,65.97222222222223
44,switch_d12,regime_marginal,0.2,clean,transit_rough,stable,1872,0,0,6,0,1866,0.0,,0.0,0.003205128205128205,,,0,,0,0.009615384615384616,1.0,1.0,,,,84,0.0,2.1367521367521367
44,switch_d12,regime_marginal,0.2,observed,all,all,6480,216,102,473,114,5791,0.17739130434782607,0.4722222222222222,0.2579013906447535,0.07551085568326947,0.15307611445992808,0.8101851851851852,216,0.09722222222222222,432,0.13734567901234568,1.0,1.0,0.3333333333333333,0.4722222222222222,0.35648148148148145,264,0.06439393939393939,10.217113665389528
44,switch_d12,regime_marginal,0.2,observed,all,transition,864,48,38,439,10,377,0.07966457023060797,0.7916666666666666,0.14476190476190476,0.5379901960784313,0.2014154012807771,0.5,48,0.4375,96,0.9833333333333333,1.0,1.0,0.3333333333333333,0.7916666666666666,0.2708333333333333,30,0.26666666666666666,63.72549019607843
44,switch_d12,regime_marginal,0.2,observed,all,stable,5616,168,64,34,104,5414,0.6530612244897959,0.38095238095238093,0.48120300751879697,0.006240822320117474,0.5140191007183265,0.8988095238095238,168,0.0,336,0.018192488262910797,1.0,1.0,0.3333333333333333,0.38095238095238093,0.38095238095238093,234,0.038461538461538464,2.202643171806167
44,switch_d12,regime_marginal,0.2,observed,warehouse,all,2160,60,30,175,30,1925,0.14634146341463414,0.5,0.22641509433962265,0.08333333333333333,0.09930294949551247,0.9,60,0.0,120,0.16818181818181818,1.0,1.0,0.3333333333333332,0.5,0.5,78,0.08974358974358974,10.0
44,switch_d12,regime_marginal,0.2,observed,warehouse,transition,288,0,0,157,0,131,0.0,,0.0,0.5451388888888888,,,0,,0,0.9791666666666666,1.0,1.0,,,,18,0.0,55.55555555555556
44,switch_d12,regime_marginal,0.2,observed,warehouse,stable,1872,60,30,18,30,1794,0.625,0.5,0.5555555555555556,0.009933774834437087,0.5945686304399972,0.9,60,0.0,120,0.030141843971631204,1.0,1.0,0.3333333333333332,0.5,0.5,60,0.11666666666666667,2.759381898454746
44,switch_d12,regime_marginal,0.2,observed,transit_smooth,all,2160,66,35,164,31,1930,0.17587939698492464,0.5303030303030303,0.2641509433962264,0.07831900668576887,0.2297719702299317,0.7121212121212122,66,0.25757575757575757,132,0.11009174311926606,1.0,1.0,0.33333333333333326,0.5303030303030303,0.15151515151515152,96,0.041666666666666664,9.551098376313275
44,switch_d12,regime_marginal,0.2,observed,transit_smooth,transition,288,30,26,156,4,102,0.14285714285714285,0.8666666666666667,0.24528301886792453,0.6046511627906976,0.3215052863591318,0.4,30,0.5666666666666667,60,1.0,1.0,1.0,0.3333333333333334,0.8666666666666667,0.03333333333333333,6,0.6666666666666666,69.76744186046511
44,switch_d12,regime_marginal,0.2,observed,transit_smooth,stable,1872,36,9,8,27,1828,0.5294117647058824,0.25,0.33962264150943394,0.004357298474945534,0.3946076121346368,0.9722222222222222,36,0.0,72,0.01020408163265306,1.0,1.0,0.33333333333333337,0.25,0.25,90,0.0,1.0893246187363834
44,switch_d12,regime_marginal,0.2,observed,transit_rough,all,2160,90,37,134,53,1936,0.21637426900584794,0.4111111111111111,0.2835249042145594,0.0647342995169082,0.14419474901782803,0.8222222222222222,90,0.044444444444444446,180,0.13333333333333333,1.0,1.0,0.3333333333333333,0.4111111111111111,0.4111111111111111,90,0.06666666666666667,11.11111111111111
44,switch_d12,regime_marginal,0.2,observed,transit_rough,transition,288,18,12,126,6,144,0.08695652173913043,0.6666666666666666,0.15384615384615385,0.4666666666666667,0.0754686125629401,0.6666666666666666,18,0.2222222222222222,36,0.9743589743589743,1.0,1.0,0.33333333333333326,0.6666666666666666,0.6666666666666666,6,0.6666666666666666,66.66666666666667
44,switch_d12,regime_marginal,0.2,observed,transit_rough,stable,1872,72,25,8,47,1792,0.7575757575757576,0.3472222222222222,0.47619047619047616,0.0044444444444444444,0.5269921480598968,0.8611111111111112,72,0.0,144,0.014492753623188406,1.0,1.0,0.3333333333333333,0.3472222222222222,0.3472222222222222,84,0.023809523809523808,2.7777777777777777
44,switch_d12,regime_conditional,1.0,clean,all,all,6480,0,0,485,0,5995,0.0,,0.0,0.07484567901234568,,,0,,0,0.15787037037037038,1.0,1.0,,,,264,0.056818181818181816,18.67283950617284
44,switch_d12,regime_conditional,1.0,clean,all,transition,864,0,0,431,0,433,0.0,,0.0,0.4988425925925926,,,0,,0,1.0,1.0,1.0,,,,30,0.36666666666666664,77.54629629629629
44,switch_d12,regime_conditional,1.0,clean,all,stable,5616,0,0,54,0,5562,0.0,,0.0,0.009615384615384616,,,0,,0,0.028311965811965812,1.0,1.0,,,,234,0.017094017094017096,9.615384615384615
44,switch_d12,regime_conditional,1.0,clean,warehouse,all,2160,0,0,127,0,2033,0.0,,0.0,0.0587962962962963,,,0,,0,0.1625,1.0,1.0,,,,78,0.038461538461538464,16.666666666666668
44,switch_d12,regime_conditional,1.0,clean,warehouse,transition,288,0,0,106,0,182,0.0,,0.0,0.3680555555555556,,,0,,0,1.0,1.0,1.0,,,,18,0.16666666666666666,52.083333333333336
44,switch_d12,regime_conditional,1.0,clean,warehouse,stable,1872,0,0,21,0,1851,0.0,,0.0,0.011217948717948718,,,0,,0,0.03365384615384615,1.0,1.0,,,,60,0.0,11.217948717948717
44,switch_d12,regime_conditional,1.0,clean,transit_smooth,all,2160,0,0,215,0,1945,0.0,,0.0,0.09953703703703703,,,0,,0,0.15694444444444444,1.0,1.0,,,,96,0.08333333333333333,18.98148148148148
44,switch_d12,regime_conditional,1.0,clean,transit_smooth,transition,288,0,0,197,0,91,0.0,,0.0,0.6840277777777778,,,0,,0,1.0,1.0,1.0,,,,6,1.0,79.86111111111111
44,switch_d12,regime_conditional,1.0,clean,transit_smooth,stable,1872,0,0,18,0,1854,0.0,,0.0,0.009615384615384616,,,0,,0,0.027243589743589744,1.0,1.0,,,,90,0.022222222222222223,9.615384615384615
44,switch_d12,regime_conditional,1.0,clean,transit_rough,all,2160,0,0,143,0,2017,0.0,,0.0,0.06620370370370371,,,0,,0,0.15416666666666667,1.0,1.0,,,,90,0.044444444444444446,20.37037037037037
44,switch_d12,regime_conditional,1.0,clean,transit_rough,transition,288,0,0,128,0,160,0.0,,0.0,0.4444444444444444,,,0,,0,1.0,1.0,1.0,,,,6,0.3333333333333333,100.69444444444444
44,switch_d12,regime_conditional,1.0,clean,transit_rough,stable,1872,0,0,15,0,1857,0.0,,0.0,0.008012820512820512,,,0,,0,0.02403846153846154,1.0,1.0,,,,84,0.023809523809523808,8.012820512820513
44,switch_d12,regime_conditional,1.0,observed,all,all,6480,216,109,460,107,5804,0.19156414762741653,0.5046296296296297,0.27770700636942675,0.07343550446998723,0.16284265494805727,0.7592592592592593,216,0.1388888888888889,432,0.14917695473251028,1.0,1.0,0.3333333333333333,0.5046296296296297,0.3472222222222222,264,0.056818181818181816,19.6360153256705
44,switch_d12,regime_conditional,1.0,observed,all,transition,864,48,37,399,11,417,0.08486238532110092,0.7708333333333334,0.15289256198347106,0.4889705882352941,0.21560793404008963,0.5,48,0.5208333333333334,96,1.0,1.0,1.0,0.3333333333333333,0.7708333333333334,0.25,30,0.36666666666666664,75.98039215686275
44,switch_d12,regime_conditional,1.0,observed,all,stable,5616,168,72,61,96,5387,0.5413533834586466,0.42857142857142855,0.47840531561461797,0.011196769456681351,0.45254312976176053,0.8333333333333334,168,0.02976190476190476,336,0.029342723004694836,1.0,1.0,0.3333333333333333,0.42857142857142855,0.375,234,0.017094017094017096,11.19676945668135
44,switch_d12,regime_conditional,1.0,observed,warehouse,all,2160,60,25,130,35,1970,0.16129032258064516,0.4166666666666667,0.23255813953488372,0.06190476190476191,0.09968459483971494,0.8166666666666667,60,0.03333333333333333,120,0.17575757575757575,1.0,1.0,0.3333333333333332,0.4166666666666667,0.36666666666666664,78,0.038461538461538464,18.571428571428573
44,switch_d12,regime_conditional,1.0,observed,warehouse,transition,288,0,0,106,0,182,0.0,,0.0,0.3680555555555556,,,0,,0,1.0,1.0,1.0,,,,18,0.16666666666666666,52.083333333333336
44,switch_d12,regime_conditional,1.0,observed,warehouse,stable,1872,60,25,24,35,1788,0.5102040816326531,0.4166666666666667,0.45871559633027525,0.013245033112582781,0.40157976216874247,0.8166666666666667,60,0.03333333333333333,120,0.03546099290780142,1.0,1.0,0.3333333333333332,0.4166666666666667,0.36666666666666664,60,0.0,13.245033112582782
44,switch_d12,regime_conditional,1.0,observed,transit_smooth,all,2160,66,36,200,30,1894,0.15254237288135594,0.5454545454545454,0.23841059602649006,0.09551098376313276,0.21668683408613762,0.6818181818181818,66,0.3484848484848485,132,0.12691131498470948,1.0,1.0,0.33333333333333326,0.5454545454545454,0.22727272727272727,96,0.08333333333333333,20.05730659025788
44,switch_d12,regime_conditional,1.0,observed,transit_smooth,transition,288,30,19,180,11,78,0.09547738693467336,0.6333333333333333,0.16593886462882096,0.6976744186046512,0.31508387400669996,0.4,30,0.7333333333333333,60,1.0,1.0,1.0,0.3333333333333334,0.6333333333333333,0.0,6,1.0,85.27131782945736
44,switch_d12,regime_conditional,1.0,observed,transit_smooth,stable,1872,36,17,20,19,1816,0.4594594594594595,0.4722222222222222,0.4657534246575342,0.010893246187363835,0.4822465902481284,0.9166666666666666,36,0.027777777777777776,72,0.02891156462585034,1.0,1.0,0.33333333333333337,0.4722222222222222,0.4166666666666667,90,0.022222222222222223,10.893246187363834
44,switch_d12,regime_conditional,1.0,observed,transit_rough,all,2160,90,48,130,42,1940,0.2696629213483146,0.5333333333333333,0.3582089552238806,0.06280193236714976,0.18502630091367175,0.7777777777777778,90,0.05555555555555555,180,0.14444444444444443,1.0,1.0,0.3333333333333333,0.5333333333333333,0.4222222222222222,90,0.044444444444444446,20.28985507246377
44,switch_d12,regime_conditional,1.0,observed,transit_rough,transition,288,18,18,113,0,157,0.13740458015267176,1.0,0.24161073825503357,0.4185185185185185,0.09458428596431755,0.6666666666666666,18,0.16666666666666666,36,1.0,1.0,1.0,0.33333333333333326,1.0,0.6666666666666666,6,0.3333333333333333,92.5925925925926
44,switch_d12,regime_conditional,1.0,observed,transit_rough,stable,1872,72,30,17,42,1783,0.6382978723404256,0.4166666666666667,0.5042016806722689,0.009444444444444445,0.5236395195321278,0.8055555555555556,72,0.027777777777777776,144,0.02355072463768116,1.0,1.0,0.3333333333333333,0.4166666666666667,0.3611111111111111,84,0.023809523809523808,9.444444444444445
44,switch_d12,regime_conditional,0.2,clean,all,all,6480,0,0,597,0,5883,0.0,,0.0,0.09212962962962963,,,0,,0,0.16018518518518518,1.0,1.0,,,,264,0.07196969696969698,14.04320987654321
44,switch_d12,regime_conditional,0.2,clean,all,transition,864,0,0,539,0,325,0.0,,0.0,0.6238425925925926,,,0,,0,1.0,1.0,1.0,,,,30,0.5333333333333333,68.28703703703704
44,switch_d12,regime_conditional,0.2,clean,all,stable,5616,0,0,58,0,5558,0.0,,0.0,0.010327635327635327,,,0,,0,0.030982905982905984,1.0,1.0,,,,234,0.01282051282051282,5.698005698005698
44,switch_d12,regime_conditional,0.2,clean,warehouse,all,2160,0,0,197,0,1963,0.0,,0.0,0.0912037037037037,,,0,,0,0.1625,1.0,1.0,,,,78,0.1282051282051282,12.037037037037036
44,switch_d12,regime_conditional,0.2,clean,warehouse,transition,288,0,0,176,0,112,0.0,,0.0,0.6111111111111112,,,0,,0,1.0,1.0,1.0,,,,18,0.5,55.55555555555556
44,switch_d12,regime_conditional,0.2,clean,warehouse,stable,1872,0,0,21,0,1851,0.0,,0.0,0.011217948717948718,,,0,,0,0.03365384615384615,1.0,1.0,,,,60,0.016666666666666666,5.3418803418803416
44,switch_d12,regime_conditional,0.2,clean,transit_smooth,all,2160,0,0,212,0,1948,0.0,,0.0,0.09814814814814815,,,0,,0,0.16527777777777777,1.0,1.0,,,,96,0.0625,14.351851851851851
44,switch_d12,regime_conditional,0.2,clean,transit_smooth,transition,288,0,0,189,0,99,0.0,,0.0,0.65625,,,0,,0,1.0,1.0,1.0,,,,6,1.0,62.5
44,switch_d12,regime_conditional,0.2,clean,transit_smooth,stable,1872,0,0,23,0,1849,0.0,,0.0,0.012286324786324786,,,0,,0,0.03685897435897436,1.0,1.0,,,,90,0.0,6.944444444444445
44,switch_d12,regime_conditional,0.2,clean,transit_rough,all,2160,0,0,188,0,1972,0.0,,0.0,0.08703703703703704,,,0,,0,0.1527777777777778,1.0,1.0,,,,90,0.03333333333333333,15.74074074074074
44,switch_d12,regime_conditional,0.2,clean,transit_rough,transition,288,0,0,174,0,114,0.0,,0.0,0.6041666666666666,,,0,,0,1.0,1.0,1.0,,,,6,0.16666666666666666,86.80555555555556
44,switch_d12,regime_conditional,0.2,clean,transit_rough,stable,1872,0,0,14,0,1858,0.0,,0.0,0.007478632478632479,,,0,,0,0.022435897435897436,1.0,1.0,,,,84,0.023809523809523808,4.8076923076923075
44,switch_d12,regime_conditional,0.2,observed,all,all,6480,216,163,647,53,5617,0.20123456790123456,0.7546296296296297,0.31773879142300193,0.10328863346104726,0.17975110145684903,0.8148148148148148,216,0.21064814814814814,432,0.1743827160493827,1.0,1.0,0.3333333333333333,0.7546296296296297,0.4583333333333333,264,0.2537878787878788,15.32567049808429
44,switch_d12,regime_conditional,0.2,observed,all,transition,864,48,42,505,6,311,0.07678244972577697,0.875,0.1411764705882353,0.6188725490196079,0.20395710585212415,0.5,48,0.5729166666666666,96,1.0,1.0,1.0,0.3333333333333333,0.875,0.20833333333333334,30,0.6,66.17647058823529
44,switch_d12,regime_conditional,0.2,observed,all,stable,5616,168,121,142,47,5306,0.4600760456273764,0.7202380952380952,0.5614849187935035,0.026064610866372982,0.70165181918157,0.9047619047619048,168,0.10714285714285714,336,0.058098591549295774,1.0,1.0,0.3333333333333333,0.7202380952380952,0.5297619047619048,234,0.2094017094017094,7.709251101321586
44,switch_d12,regime_conditional,0.2,observed,warehouse,all,2160,60,43,213,17,1887,0.16796875,0.7166666666666667,0.2721518987341772,0.10142857142857142,0.135020355571214,0.9166666666666666,60,0.06666666666666667,120,0.19242424242424241,1.0,1.0,0.3333333333333332,0.7166666666666667,0.6,78,0.24358974358974358,12.857142857142858
44,switch_d12,regime_conditional,0.2,observed,warehouse,transition,288,0,0,174,0,114,0.0,,0.0,0.6041666666666666,,,0,,0,1.0,1.0,1.0,,,,18,0.3888888888888889,52.083333333333336
44,switch_d12,regime_conditional,0.2,observed,warehouse,stable,1872,60,43,39,17,1773,0.524390243902439,0.7166666666666667,0.6056338028169014,0.02152317880794702,0.7433974562834299,0.9166666666666666,60,0.06666666666666667,120,0.0549645390070922,1.0,1.0,0.3333333333333332,0.7166666666666667,0.6,60,0.2,6.622516556291391
44,switch_d12,regime_conditional,0.2,observed,transit_smooth,all,2160,66,55,224,11,1870,0.1971326164874552,0.8333333333333334,0.3188405797101449,0.1069723018147087,0.23132203696866993,0.7121212121212122,66,0.4090909090909091,132,0.15749235474006115,1.0,1.0,0.33333333333333326,0.8333333333333334,0.3333333333333333,96,0.23958333333333334,14.326647564469914
44,switch_d12,regime_conditional,0.2,observed,transit_smooth,transition,288,30,26,179,4,79,0.12682926829268293,0.8666666666666667,0.22127659574468084,0.6937984496124031,0.30653046223512626,0.4,30,0.7833333333333333,60,1.0,1.0,1.0,0.3333333333333334,0.8666666666666667,0.0,6,1.0,65.89147286821705
44,switch_d12,regime_conditional,0.2,observed,transit_smooth,stable,1872,36,29,45,7,1791,0.3918918918918919,0.8055555555555556,0.5272727272727272,0.024509803921568627,0.7008998906976189,0.9722222222222222,36,0.09722222222222222,72,0.06292517006802721,1.0,1.0,0.33333333333333337,0.8055555555555556,0.6111111111111112,90,0.18888888888888888,7.080610021786493
44,switch_d12,regime_conditional,0.2,observed,transit_rough,all,2160,90,65,210,25,1860,0.23636363636363636,0.7222222222222222,0.3561643835616438,0.10144927536231885,0.19269221321132127,0.8222222222222222,90,0.16111111111111112,180,0.173015873015873,1.0,1.0,0.3333333333333333,0.7222222222222222,0.45555555555555555,90,0.2777777777777778,18.840579710144926
44,switch_d12,regime_conditional,0.2,observed,transit_rough,transition,288,18,16,152,2,118,0.09523809523809523,0.8888888888888888,0.17204301075268819,0.562962962962963,0.09265497124618796,0.6666666666666666,18,0.2222222222222222,36,1.0,1.0,1.0,0.33333333333333326,0.8888888888888888,0.5555555555555556,6,0.8333333333333334,81.48148148148148
44,switch_d12,regime_conditional,0.2,observed,transit_rough,stable,1872,72,49,58,23,1742,0.45794392523364486,0.6805555555555556,0.547486033519553,0.03222222222222222,0.6695246292509505,0.8611111111111112,72,0.14583333333333334,144,0.05615942028985507,1.0,1.0,0.3333333333333333,0.6805555555555556,0.4305555555555556,84,0.23809523809523808,9.444444444444445
45,steady_m05,regime_marginal,1.0,clean,all,all,6480,0,0,60,0,6420,0.0,,0.0,0.009259259259259259,,,0,,0,0.02546296296296296,1.0,1.0,,,,246,0.008130081300813009,8.487654320987655
45,steady_m05,regime_marginal,1.0,clean,all,stable,6480,0,0,60,0,6420,0.0,,0.0,0.009259259259259259,,,0,,0,0.02546296296296296,1.0,1.0,,,,246,0.008130081300813009,8.487654320987655
45,steady_m05,regime_marginal,1.0,clean,warehouse,all,2160,0,0,13,0,2147,0.0,,0.0,0.0060185185185185185,,,0,,0,0.016666666666666666,1.0,1.0,,,,84,0.011904761904761904,5.555555555555555
45,steady_m05,regime_marginal,1.0,clean,warehouse,stable,2160,0,0,13,0,2147,0.0,,0.0,0.0060185185185185185,,,0,,0,0.016666666666666666,1.0,1.0,,,,84,0.011904761904761904,5.555555555555555
45,steady_m05,regime_marginal,1.0,clean,transit_smooth,all,2160,0,0,12,0,2148,0.0,,0.0,0.005555555555555556,,,0,,0,0.015277777777777777,1.0,1.0,,,,84,0.0,5.555555555555555
45,steady_m05,regime_marginal,1.0,clean,transit_smooth,stable,2160,0,0,12,0,2148,0.0,,0.0,0.005555555555555556,,,0,,0,0.015277777777777777,1.0,1.0,,,,84,0.0,5.555555555555555
45,steady_m05,regime_marginal,1.0,clean,transit_rough,all,2160,0,0,35,0,2125,0.0,,0.0,0.016203703703703703,,,0,,0,0.044444444444444446,1.0,1.0,,,,78,0.01282051282051282,14.351851851851851
45,steady_m05,regime_marginal,1.0,clean,transit_rough,stable,2160,0,0,35,0,2125,0.0,,0.0,0.016203703703703703,,,0,,0,0.044444444444444446,1.0,1.0,,,,78,0.01282051282051282,14.351851851851851
45,steady_m05,regime_marginal,1.0,observed,all,all,6480,216,2,60,214,6204,0.03225806451612903,0.009259259259259259,0.014388489208633094,0.009578544061302681,0.03670196771328103,0.4027777777777778,216,0.006944444444444444,432,0.026748971193415638,1.0,1.0,0.3333333333333333,0.009259259259259259,0.009259259259259259,246,0.008130081300813009,8.780332056194124
45,steady_m05,regime_marginal,1.0,observed,all,stable,6480,216,2,60,214,6204,0.03225806451612903,0.009259259259259259,0.014388489208633094,0.009578544061302681,0.03670196771328103,0.4027777777777778,216,0.006944444444444444,432,0.026748971193415638,1.0,1.0,0.3333333333333333,0.009259259259259259,0.009259259259259259,246,0.008130081300813009,8.780332056194124
45,steady_m05,regime_marginal,1.0,observed,warehouse,all,2160,72,0,13,72,2075,0.0,0.0,0.0,0.006226053639846743,0.042907332440351734,0.4305555555555556,72,0.0,144,0.018518518518518517,1.0,1.0,0.3333333333333333,0.0,0.0,84,0.011904761904761904,5.747126436781609
45,steady_m05,regime_marginal,1.0,observed,warehouse,stable,2160,72,0,13,72,2075,0.0,0.0,0.0,0.006226053639846743,0.042907332440351734,0.4305555555555556,72,0.0,144,0.018518518518518517,1.0,1.0,0.3333333333333333,0.0,0.0,84,0.011904761904761904,5.747126436781609
45,steady_m05,regime_marginal,1.0,observed,transit_smooth,all,2160,72,0,12,72,2076,0.0,0.0,0.0,0.005747126436781609,0.0329932321629336,0.3472222222222222,72,0.0,144,0.016975308641975308,1.0,1.0,0.3333333333333333,0.0,0.0,84,0.0,5.747126436781609
45,steady_m05,regime_marginal,1.0,observed,transit_smooth,stable,2160,72,0,12,72,2076,0.0,0.0,0.0,0.005747126436781609,0.0329932321629336,0.3472222222222222,72,0.0,144,0.016975308641975308,1.0,1.0,0.3333333333333333,0.0,0.0,84,0.0,5.747126436781609
45,steady_m05,regime_marginal,1.0,observed,transit_rough,all,2160,72,2,35,70,2053,0.05405405405405406,0.027777777777777776,0.03669724770642202,0.016762452107279693,0.03818050591944121,0.4305555555555556,72,0.020833333333333332,144,0.044753086419753084,1.0,1.0,0.3333333333333333,0.027777777777777776,0.027777777777777776,78,0.01282051282051282,14.846743295019158
45,steady_m05,regime_marginal,1.0,observed,transit_rough,stable,2160,72,2,35,70,2053,0.05405405405405406,0.027777777777777776,0.03669724770642202,0.016762452107279693,0.03818050591944121,0.4305555555555556,72,0.020833333333333332,144,0.044753086419753084,1.0,1.0,0.3333333333333333,0.027777777777777776,0.027777777777777776,78,0.01282051282051282,14.846743295019158
45,steady_m05,regime_marginal,0.2,clean,all,all,6480,0,0,71,0,6409,0.0,,0.0,0.010956790123456791,,,0,,0,0.02638888888888889,1.0,1.0,,,,246,0.016260162601626018,5.246913580246914
45,steady_m05,regime_marginal,0.2,clean,all,stable,6480,0,0,71,0,6409,0.0,,0.0,0.010956790123456791,,,0,,0,0.02638888888888889,1.0,1.0,,,,246,0.016260162601626018,5.246913580246914
45,steady_m05,regime_marginal,0.2,clean,warehouse,all,2160,0,0,13,0,2147,0.0,,0.0,0.0060185185185185185,,,0,,0,0.015277777777777777,1.0,1.0,,,,84,0.0,3.7037037037037037
45,steady_m05,regime_marginal,0.2,clean,warehouse,stable,2160,0,0,13,0,2147,0.0,,0.0,0.0060185185185185185,,,0,,0,0.015277777777777777,1.0,1.0,,,,84,0.0,3.7037037037037037
45,steady_m05,regime_marginal,0.2,clean,transit_smooth,all,2160,0,0,18,0,2142,0.0,,0.0,0.008333333333333333,,,0,,0,0.022222222222222223,1.0,1.0,,,,84,0.023809523809523808,3.7037037037037037
45,steady_m05,regime_marginal,0.2,clean,transit_smooth,stable,2160,0,0,18,0,2142,0.0,,0.0,0.008333333333333333,,,0,,0,0.022222222222222223,1.0,1.0,,,,84,0.023809523809523808,3.7037037037037037
45,steady_m05,regime_marginal,0.2,clean,transit_rough,all,2160,0,0,40,0,2120,0.0,,0.0,0.018518518518518517,,,0,,0,0.041666666666666664,1.0,1.0,,,,78,0.02564102564102564,8.333333333333334
45,steady_m05,regime_marginal,0.2,clean,transit_rough,stable,2160,0,0,40,0,2120,0.0,,0.0,0.018518518518518517,,,0,,0,0.041666666666666664,1.0,1.0,,,,78,0.02564102564102564,8.333333333333334
45,steady_m05,regime_marginal,0.2,observed,all,all,6480,216,1,70,215,6194,0.014084507042253521,0.004629629629629629,0.006968641114982578,0.011174968071519796,0.034777978757131914,0.4305555555555556,216,0.0,432,0.02880658436213992,1.0,1.0,0.3333333333333333,0.004629629629629629,0.004629629629629629,246,0.008130081300813009,5.108556832694764
45,steady_m05,regime_marginal,0.2,observed,all,stable,6480,216,1,70,215,6194,0.014084507042253521,0.004629629629629629,0.006968641114982578,0.011174968071519796,0.034777978757131914,0.4305555555555556,216,0.0,432,0.02880658436213992,1.0,1.0,0.3333333333333333,0.004629629629629629,0.004629629629629629,246,0.008130081300813009,5.108556832694764
45,steady_m05,regime_marginal,0.2,observed,warehouse,all,2160,72,0,13,72,2075,0.0,0.0,0.0,0.006226053639846743,0.044199949011215434,0.4583333333333333,72,0.0,144,0.016975308641975308,1.0,1.0,0.3333333333333333,0.0,0.0,84,0.0,3.8314176245210727
45,steady_m05,regime_marginal,0.2,observed,warehouse,stable,2160,72,0,13,72,2075,0.0,0.0,0.0,0.006226053639846743,0.044199949011215434,0.4583333333333333,72,0.0,144,0.016975308641975308,1.0,1.0,0.3333333333333333,0.0,0.0,84,0.0,3.8314176245210727
45,steady_m05,regime_marginal,0.2,observed,transit_smooth,all,2160,72,1,16,71,2072,0.058823529411764705,0.013888888888888888,0.02247191011235955,0.007662835249042145,0.036327420364374655,0.4027777777777778,72,0.0,144,0.021604938271604937,1.0,1.0,0.3333333333333333,0.013888888888888888,0.013888888888888888,84,0.0,2.8735632183908044
45,steady_m05,regime_marginal,0.2,observed,transit_smooth,stable,2160,72,1,16,71,2072,0.058823529411764705,0.013888888888888888,0.02247191011235955,0.007662835249042145,0.036327420364374655,0.4027777777777778,72,0.0,144,0.021604938271604937,1.0,1.0,0.3333333333333333,0.013888888888888888,0.013888888888888888,84,0.0,2.8735632183908044
45,steady_m05,regime_marginal,0.2,observed,transit_rough,all,2160,72,0,41,72,2047,0.0,0.0,0.0,0.019636015325670497,0.030648718221875225,0.4305555555555556,72,0.0,144,0.047839506172839504,1.0,1.0,0.3333333333333333,0.0,0.0,78,0.02564102564102564,8.620689655172415
45,steady_m05,regime_marginal,0.2,observed,transit_rough,stable,2160,72,0,41,72,2047,0.0,0.0,0.0,0.019636015325670497,0.030648718221875225,0.4305555555555556,72,0.0,144,0.047839506172839504,1.0,1.0,0.3333333333333333,0.0,0.0,78,0.02564102564102564,8.620689655172415
45,steady_m05,regime_conditional,1.0,clean,all,all,6480,0,0,70,0,6410,0.0,,0.0,0.010802469135802469,,,0,,0,0.03148148148148148,1.0,1.0,,,,246,0.02032520325203252,10.493827160493828
45,steady_m05,regime_conditional,1.0,clean,all,stable,6480,0,0,70,0,6410,0.0,,0.0,0.010802469135802469,,,0,,0,0.03148148148148148,1.0,1.0,,,,246,0.02032520325203252,10.493827160493828
45,steady_m05,regime_conditional,1.0,clean,warehouse,all,2160,0,0,19,0,2141,0.0,,0.0,0.008796296296296297,,,0,,0,0.02638888888888889,1.0,1.0,,,,84,0.011904761904761904,8.333333333333334
45,steady_m05,regime_conditional,1.0,clean,warehouse,stable,2160,0,0,19,0,2141,0.0,,0.0,0.008796296296296297,,,0,,0,0.02638888888888889,1.0,1.0,,,,84,0.011904761904761904,8.333333333333334
45,steady_m05,regime_conditional,1.0,clean,transit_smooth,all,2160,0,0,25,0,2135,0.0,,0.0,0.011574074074074073,,,0,,0,0.03194444444444444,1.0,1.0,,,,84,0.03571428571428571,11.574074074074074
45,steady_m05,regime_conditional,1.0,clean,transit_smooth,stable,2160,0,0,25,0,2135,0.0,,0.0,0.011574074074074073,,,0,,0,0.03194444444444444,1.0,1.0,,,,84,0.03571428571428571,11.574074074074074
45,steady_m05,regime_conditional,1.0,clean,transit_rough,all,2160,0,0,26,0,2134,0.0,,0.0,0.012037037037037037,,,0,,0,0.03611111111111111,1.0,1.0,,,,78,0.01282051282051282,11.574074074074074
45,steady_m05,regime_conditional,1.0,clean,transit_rough,stable,2160,0,0,26,0,2134,0.0,,0.0,0.012037037037037037,,,0,,0,0.03611111111111111,1.0,1.0,,,,78,0.01282051282051282,11.574074074074074
45,steady_m05,regime_conditional,1.0,observed,all,all,6480,216,4,68,212,6196,0.05555555555555555,0.018518518518518517,0.027777777777777776,0.010855683269476373,0.04040045279950999,0.39814814814814814,216,0.004629629629629629,432,0.03292181069958848,1.0,1.0,0.3333333333333333,0.018518518518518517,0.013888888888888888,246,0.02032520325203252,10.53639846743295
45,steady_m05,regime_conditional,1.0,observed,all,stable,6480,216,4,68,212,6196,0.05555555555555555,0.018518518518518517,0.027777777777777776,0.010855683269476373,0.04040045279950999,0.39814814814814814,216,0.004629629629629629,432,0.03292181069958848,1.0,1.0,0.3333333333333333,0.018518518518518517,0.013888888888888888,246,0.02032520325203252,10.53639846743295
45,steady_m05,regime_conditional,1.0,observed,warehouse,all,2160,72,2,19,70,2069,0.09523809523809523,0.027777777777777776,0.043010752688172046,0.009099616858237548,0.05106919611482662,0.4166666666666667,72,0.0,144,0.029320987654320986,1.0,1.0,0.3333333333333333,0.027777777777777776,0.027777777777777776,84,0.011904761904761904,8.620689655172415
45,steady_m05,regime_conditional,1.0,observed,warehouse,stable,2160,72,2,19,70,2069,0.09523809523809523,0.027777777777777776,0.043010752688172046,0.009099616858237548,0.05106919611482662,0.4166666666666667,72,0.0,144,0.029320987654320986,1.0,1.0,0.3333333333333333,0.027777777777777776,0.027777777777777776,84,0.011904761904761904,8.620689655172415
45,steady_m05,regime_conditional,1.0,observed,transit_smooth,all,2160,72,2,23,70,2065,0.08,0.027777777777777776,0.041237113402061855,0.011015325670498084,0.03684310954765916,0.3611111111111111,72,0.006944444444444444,144,0.030864197530864196,1.0,1.0,0.3333333333333333,0.027777777777777776,0.013888888888888888,84,0.03571428571428571,11.015325670498084
45,steady_m05,regime_conditional,1.0,observed,transit_smooth,stable,2160,72,2,23,70,2065,0.08,0.027777777777777776,0.041237113402061855,0.011015325670498084,0.03684310954765916,0.3611111111111111,72,0.006944444444444444,144,0.030864197530864196,1.0,1.0,0.3333333333333333,0.027777777777777776,0.013888888888888888,84,0.03571428571428571,11.015325670498084
45,steady_m05,regime_conditional,1.0,observed,transit_rough,all,2160,72,0,26,72,2062,0.0,0.0,0.0,0.012452107279693486,0.04068321945707473,0.4166666666666667,72,0.006944444444444444,144,0.038580246913580245,1.0,1.0,0.3333333333333333,0.0,0.0,78,0.01282051282051282,11.973180076628353
45,steady_m05,regime_conditional,1.0,observed,transit_rough,stable,2160,72,0,26,72,2062,0.0,0.0,0.0,0.012452107279693486,0.04068321945707473,0.4166666666666667,72,0.006944444444444444,144,0.038580246913580245,1.0,1.0,0.3333333333333333,0.0,0.0,78,0.01282051282051282,11.973180076628353
45,steady_m05,regime_conditional,0.2,clean,all,all,6480,0,0,63,0,6417,0.0,,0.0,0.009722222222222222,,,0,,0,0.028703703703703703,1.0,1.0,,,,246,0.02032520325203252,6.018518518518518
45,steady_m05,regime_conditional,0.2,clean,all,stable,6480,0,0,63,0,6417,0.0,,0.0,0.009722222222222222,,,0,,0,0.028703703703703703,1.0,1.0,,,,246,0.02032520325203252,6.018518518518518
45,steady_m05,regime_conditional,0.2,clean,warehouse,all,2160,0,0,24,0,2136,0.0,,0.0,0.011111111111111112,,,0,,0,0.03333333333333333,1.0,1.0,,,,84,0.0,6.481481481481482
45,steady_m05,regime_conditional,0.2,clean,warehouse,stable,2160,0,0,24,0,2136,0.0,,0.0,0.011111111111111112,,,0,,0,0.03333333333333333,1.0,1.0,,,,84,0.0,6.481481481481482
45,steady_m05,regime_conditional,0.2,clean,transit_smooth,all,2160,0,0,12,0,2148,0.0,,0.0,0.005555555555555556,,,0,,0,0.016666666666666666,1.0,1.0,,,,84,0.023809523809523808,4.166666666666667
45,steady_m05,regime_conditional,0.2,clean,transit_smooth,stable,2160,0,0,12,0,2148,0.0,,0.0,0.005555555555555556,,,0,,0,0.016666666666666666,1.0,1.0,,,,84,0.023809523809523808,4.166666666666667
45,steady_m05,regime_conditional,0.2,clean,transit_rough,all,2160,0,0,27,0,2133,0.0,,0.0,0.0125,,,0,,0,0.03611111111111111,1.0,1.0,,,,78,0.038461538461538464,7.407407407407407
45,steady_m05,regime_conditional,0.2,clean,transit_rough,stable,2160,0,0,27,0,2133,0.0,,0.0,0.0125,,,0,,0,0.03611111111111111,1.0,1.0,,,,78,0.038461538461538464,7.407407407407407
45,steady_m05,regime_conditional,0.2,observed,all,all,6480,216,6,78,210,6186,0.07142857142857142,0.027777777777777776,0.04,0.012452107279693486,0.055893519496539444,0.4305555555555556,216,0.027777777777777776,432,0.03292181069958848,1.0,1.0,0.3333333333333333,0.027777777777777776,0.018518518518518517,246,0.028455284552845527,7.503192848020435
45,steady_m05,regime_conditional,0.2,observed,all,stable,6480,216,6,78,210,6186,0.07142857142857142,0.027777777777777776,0.04,0.012452107279693486,0.055893519496539444,0.4305555555555556,216,0.027777777777777776,432,0.03292181069958848,1.0,1.0,0.3333333333333333,0.027777777777777776,0.018518518518518517,246,0.028455284552845527,7.503192848020435
45,steady_m05,regime_conditional,0.2,observed,warehouse,all,2160,72,5,41,67,2047,0.10869565217391304,0.06944444444444445,0.0847457627118644,0.019636015325670497,0.08508021789143808,0.4861111111111111,72,0.06944444444444445,144,0.046296296296296294,1.0,1.0,0.3333333333333333,0.06944444444444445,0.041666666666666664,84,0.047619047619047616,11.015325670498084
45,steady_m05,regime_conditional,0.2,observed,warehouse,stable,2160,72,5,41,67,2047,0.10869565217391304,0.06944444444444445,0.0847457627118644,0.019636015325670497,0.08508021789143808,0.4861111111111111,72,0.06944444444444445,144,0.046296296296296294,1.0,1.0,0.3333333333333333,0.06944444444444445,0.041666666666666664,84,0.047619047619047616,11.015325670498084
45,steady_m05,regime_conditional,0.2,observed,transit_smooth,all,2160,72,0,9,72,2079,0.0,0.0,0.0,0.004310344827586207,0.04888471970849309,0.3888888888888889,72,0.006944444444444444,144,0.012345679012345678,1.0,1.0,0.3333333333333333,0.0,0.0,84,0.0,3.3524904214559386
45,steady_m05,regime_conditional,0.2,observed,transit_smooth,stable,2160,72,0,9,72,2079,0.0,0.0,0.0,0.004310344827586207,0.04888471970849309,0.3888888888888889,72,0.006944444444444444,144,0.012345679012345678,1.0,1.0,0.3333333333333333,0.0,0.0,84,0.0,3.3524904214559386
45,steady_m05,regime_conditional,0.2,observed,transit_rough,all,2160,72,1,28,71,2060,0.034482758620689655,0.013888888888888888,0.019801980198019802,0.013409961685823755,0.04289800219350666,0.4166666666666667,72,0.006944444444444444,144,0.040123456790123455,1.0,1.0,0.3333333333333333,0.013888888888888888,0.013888888888888888,78,0.038461538461538464,8.14176245210728
45,steady_m05,regime_conditional,0.2,observed,transit_rough,stable,2160,72,1,28,71,2060,0.034482758620689655,0.013888888888888888,0.019801980198019802,0.013409961685823755,0.04289800219350666,0.4166666666666667,72,0.006944444444444444,144,0.040123456790123455,1.0,1.0,0.3333333333333333,0.013888888888888888,0.013888888888888888,78,0.038461538461538464,8.14176245210728
45,steady_m1,regime_marginal,1.0,clean,all,all,6480,0,0,60,0,6420,0.0,,0.0,0.009259259259259259,,,0,,0,0.02546296296296296,1.0,1.0,,,,246,0.008130081300813009,8.487654320987655
45,steady_m1,regime_marginal,1.0,clean,all,stable,6480,0,0,60,0,6420,0.0,,0.0,0.009259259259259259,,,0,,0,0.02546296296296296,1.0,1.0,,,,246,0.008130081300813009,8.487654320987655
45,steady_m1,regime_marginal,1.0,clean,warehouse,all,2160,0,0,13,0,2147,0.0,,0.0,0.0060185185185185185,,,0,,0,0.016666666666666666,1.0,1.0,,,,84,0.011904761904761904,5.555555555555555
45,steady_m1,regime_marginal,1.0,clean,warehouse,stable,2160,0,0,13,0,2147,0.0,,0.0,0.0060185185185185185,,,0,,0,0.016666666666666666,1.0,1.0,,,,84,0.011904761904761904,5.555555555555555
45,steady_m1,regime_marginal,1.0,clean,transit_smooth,all,2160,0,0,12,0,2148,0.0,,0.0,0.005555555555555556,,,0,,0,0.015277777777777777,1.0,1.0,,,,84,0.0,5.555555555555555
45,steady_m1,regime_marginal,1.0,clean,transit_smooth,stable,2160,0,0,12,0,2148,0.0,,0.0,0.005555555555555556,,,0,,0,0.015277777777777777,1.0,1.0,,,,84,0.0,5.555555555555555
45,steady_m1,regime_marginal,1.0,clean,transit_rough,all,2160,0,0,35,0,2125,0.0,,0.0,0.016203703703703703,,,0,,0,0.044444444444444446,1.0,1.0,,,,78,0.01282051282051282,14.351851851851851
45,steady_m1,regime_marginal,1.0,clean,transit_rough,stable,2160,0,0,35,0,2125,0.0,,0.0,0.016203703703703703,,,0,,0,0.044444444444444446,1.0,1.0,,,,78,0.01282051282051282,14.351851851851851
45,steady_m1,regime_marginal,1.0,observed,all,all,6480,216,9,60,207,6204,0.13043478260869565,0.041666666666666664,0.06315789473684211,0.009578544061302681,0.06343152047956428,0.5,216,0.006944444444444444,432,0.026748971193415638,1.0,1.0,0.3333333333333333,0.041666666666666664,0.041666666666666664,246,0.008130081300813009,8.780332056194124
45,steady_m1,regime_marginal,1.0,observed,all,stable,6480,216,9,60,207,6204,0.13043478260869565,0.041666666666666664,0.06315789473684211,0.009578544061302681,0.06343152047956428,0.5,216,0.006944444444444444,432,0.026748971193415638,1.0,1.0,0.3333333333333333,0.041666666666666664,0.041666666666666664,246,0.008130081300813009,8.780332056194124
45,steady_m1,regime_marginal,1.0,observed,warehouse,all,2160,72,4,13,68,2075,0.23529411764705882,0.05555555555555555,0.0898876404494382,0.006226053639846743,0.0883969922382687,0.5694444444444444,72,0.0,144,0.018518518518518517,1.0,1.0,0.3333333333333333,0.05555555555555555,0.05555555555555555,84,0.011904761904761904,5.747126436781609
45,steady_m1,regime_marginal,1.0,observed,warehouse,stable,2160,72,4,13,68,2075,0.23529411764705882,0.05555555555555555,0.0898876404494382,0.006226053639846743,0.0883969922382687,0.5694444444444444,72,0.0,144,0.018518518518518517,1.0,1.0,0.3333333333333333,0.05555555555555555,0.05555555555555555,84,0.011904761904761904,5.747126436781609
45,steady_m1,regime_marginal,1.0,observed,transit_smooth,all,2160,72,2,12,70,2076,0.14285714285714285,0.027777777777777776,0.046511627906976744,0.005747126436781609,0.061249376844016476,0.4583333333333333,72,0.0,144,0.016975308641975308,1.0,1.0,0.3333333333333333,0.027777777777777776,0.027777777777777776,84,0.0,5.747126436781609
45,steady_m1,regime_marginal,1.0,observed,transit_smooth,stable,2160,72,2,12,70,2076,0.14285714285714285,0.027777777777777776,0.046511627906976744,0.005747126436781609,0.061249376844016476,0.4583333333333333,72,0.0,144,0.016975308641975308,1.0,1.0,0.3333333333333333,0.027777777777777776,0.027777777777777776,84,0.0,5.747126436781609
45,steady_m1,regime_marginal,1.0,observed,transit_rough,all,2160,72,3,35,69,2053,0.07894736842105263,0.041666666666666664,0.05454545454545454,0.016762452107279693,0.06545758268154465,0.4722222222222222,72,0.020833333333333332,144,0.044753086419753084,1.0,1.0,0.3333333333333333,0.041666666666666664,0.041666666666666664,78,0.01282051282051282,14.846743295019158
45,steady_m1,regime_marginal,1.0,observed,transit_rough,stable,2160,72,3,35,69,2053,0.07894736842105263,0.041666666666666664,0.05454545454545454,0.016762452107279693,0.06545758268154465,0.4722222222222222,72,0.020833333333333332,144,0.044753086419753084,1.0,1.0,0.3333333333333333,0.041666666666666664,0.041666666666666664,78,0.01282051282051282,14.846743295019158
45,steady_m1,regime_marginal,0.2,clean,all,all,6480,0,0,71,0,6409,0.0,,0.0,0.010956790123456791,,,0,,0,0.02638888888888889,1.0,1.0,,,,246,0.016260162601626018,5.246913580246914
45,steady_m1,regime_marginal,0.2,clean,all,stable,6480,0,0,71,0,6409,0.0,,0.0,0.010956790123456791,,,0,,0,0.02638888888888889,1.0,1.0,,,,246,0.016260162601626018,5.246913580246914
45,steady_m1,regime_marginal,0.2,clean,warehouse,all,2160,0,0,13,0,2147,0.0,,0.0,0.0060185185185185185,,,0,,0,0.015277777777777777,1.0,1.0,,,,84,0.0,3.7037037037037037
45,steady_m1,regime_marginal,0.2,clean,warehouse,stable,2160,0,0,13,0,2147,0.0,,0.0,0.0060185185185185185,,,0,,0,0.015277777777777777,1.0,1.0,,,,84,0.0,3.7037037037037037
45,steady_m1,regime_marginal,0.2,clean,transit_smooth,all,2160,0,0,18,0,2142,0.0,,0.0,0.008333333333333333,,,0,,0,0.022222222222222223,1.0,1.0,,,,84,0.023809523809523808,3.7037037037037037
45,steady_m1,regime_marginal,0.2,clean,transit_smooth,stable,2160,0,0,18,0,2142,0.0,,0.0,0.008333333333333333,,,0,,0,0.022222222222222223,1.0,1.0,,,,84,0.023809523809523808,3.7037037037037037
45,steady_m1,regime_marginal,0.2,clean,transit_rough,all,2160,0,0,40,0,2120,0.0,,0.0,0.018518518518518517,,,0,,0,0.041666666666666664,1.0,1.0,,,,78,0.02564102564102564,8.333333333333334
45,steady_m1,regime_marginal,0.2,clean,transit_rough,stable,2160,0,0,40,0,2120,0.0,,0.0,0.018518518518518517,,,0,,0,0.041666666666666664,1.0,1.0,,,,78,0.02564102564102564,8.333333333333334
45,steady_m1,regime_marginal,0.2,observed,all,all,6480,216,13,71,203,6193,0.15476190476190477,0.06018518518518518,0.08666666666666667,0.011334610472541508,0.07964082265191852,0.5555555555555556,216,0.0,432,0.029320987654320986,1.0,1.0,0.3333333333333333,0.06018518518518518,0.06018518518518518,246,0.012195121951219513,5.108556832694764
45,steady_m1,regime_marginal,0.2,observed,all,stable,6480,216,13,71,203,6193,0.15476190476190477,0.06018518518518518,0.08666666666666667,0.011334610472541508,0.07964082265191852,0.5555555555555556,216,0.0,432,0.029320987654320986,1.0,1.0,0.3333333333333333,0.06018518518518518,0.06018518518518518,246,0.012195121951219513,5.108556832694764
45,steady_m1,regime_marginal,0.2,observed,warehouse,all,2160,72,3,13,69,2075,0.1875,0.041666666666666664,0.06818181818181818,0.006226053639846743,0.12284435865054265,0.5138888888888888,72,0.0,144,0.016975308641975308,1.0,1.0,0.3333333333333333,0.041666666666666664,0.041666666666666664,84,0.0,3.8314176245210727
45,steady_m1,regime_marginal,0.2,observed,warehouse,stable,2160,72,3,13,69,2075,0.1875,0.041666666666666664,0.06818181818181818,0.006226053639846743,0.12284435865054265,0.5138888888888888,72,0.0,144,0.016975308641975308,1.0,1.0,0.3333333333333333,0.041666666666666664,0.041666666666666664,84,0.0,3.8314176245210727
45,steady_m1,regime_marginal,0.2,observed,transit_smooth,all,2160,72,4,17,68,2071,0.19047619047619047,0.05555555555555555,0.08602150537634409,0.008141762452107279,0.08408712158662406,0.5,72,0.0,144,0.023148148148148147,1.0,1.0,0.3333333333333333,0.05555555555555555,0.05555555555555555,84,0.011904761904761904,2.8735632183908044
45,steady_m1,regime_marginal,0.2,observed,transit_smooth,stable,2160,72,4,17,68,2071,0.19047619047619047,0.05555555555555555,0.08602150537634409,0.008141762452107279,0.08408712158662406,0.5,72,0.0,144,0.023148148148148147,1.0,1.0,0.3333333333333333,0.05555555555555555,0.05555555555555555,84,0.011904761904761904,2.8735632183908044
45,steady_m1,regime_marginal,0.2,observed,transit_rough,all,2160,72,6,41,66,2047,0.1276595744680851,0.08333333333333333,0.10084033613445378,0.019636015325670497,0.072333066581148,0.6527777777777778,72,0.0,144,0.047839506172839504,1.0,1.0,0.3333333333333333,0.08333333333333333,0.08333333333333333,78,0.02564102564102564,8.620689655172415
45,steady_m1,regime_marginal,0.2,observed,transit_rough,stable,2160,72,6,41,66,2047,0.1276595744680851,0.08333333333333333,0.10084033613445378,0.019636015325670497,0.072333066581148,0.6527777777777778,72,0.0,144,0.047839506172839504,1.0,1.0,0.3333333333333333,0.08333333333333333,0.08333333333333333,78,0.02564102564102564,8.620689655172415
45,steady_m1,regime_conditional,1.0,clean,all,all,6480,0,0,70,0,6410,0.0,,0.0,0.010802469135802469,,,0,,0,0.03148148148148148,1.0,1.0,,,,246,0.02032520325203252,10.493827160493828
45,steady_m1,regime_conditional,1.0,clean,all,stable,6480,0,0,70,0,6410,0.0,,0.0,0.010802469135802469,,,0,,0,0.03148148148148148,1.0,1.0,,,,246,0.02032520325203252,10.493827160493828
45,steady_m1,regime_conditional,1.0,clean,warehouse,all,2160,0,0,19,0,2141,0.0,,0.0,0.008796296296296297,,,0,,0,0.02638888888888889,1.0,1.0,,,,84,0.011904761904761904,8.333333333333334
45,steady_m1,regime_conditional,1.0,clean,warehouse,stable,2160,0,0,19,0,2141,0.0,,0.0,0.008796296296296297,,,0,,0,0.02638888888888889,1.0,1.0,,,,84,0.011904761904761904,8.333333333333334
45,steady_m1,regime_conditional,1.0,clean,transit_smooth,all,2160,0,0,25,0,2135,0.0,,0.0,0.011574074074074073,,,0,,0,0.03194444444444444,1.0,1.0,,,,84,0.03571428571428571,11.574074074074074
45,steady_m1,regime_conditional,1.0,clean,transit_smooth,stable,2160,0,0,25,0,2135,0.0,,0.0,0.011574074074074073,,,0,,0,0.03194444444444444,1.0,1.0,,,,84,0.03571428571428571,11.574074074074074
45,steady_m1,regime_conditional,1.0,clean,transit_rough,all,2160,0,0,26,0,2134,0.0,,0.0,0.012037037037037037,,,0,,0,0.03611111111111111,1.0,1.0,,,,78,0.01282051282051282,11.574074074074074
45,steady_m1,regime_conditional,1.0,clean,transit_rough,stable,2160,0,0,26,0,2134,0.0,,0.0,0.012037037037037037,,,0,,0,0.03611111111111111,1.0,1.0,,,,78,0.01282051282051282,11.574074074074074
45,steady_m1,regime_conditional,1.0,observed,all,all,6480,216,18,72,198,6192,0.2,0.08333333333333333,0.11764705882352941,0.011494252873563218,0.09186259691192884,0.5,216,0.013888888888888888,432,0.03292181069958848,1.0,1.0,0.3333333333333333,0.08333333333333333,0.06481481481481481,246,0.02032520325203252,11.174968071519796
45,steady_m1,regime_conditional,1.0,observed,all,stable,6480,216,18,72,198,6192,0.2,0.08333333333333333,0.11764705882352941,0.011494252873563218,0.09186259691192884,0.5,216,0.013888888888888888,432,0.03292181069958848,1.0,1.0,0.3333333333333333,0.08333333333333333,0.06481481481481481,246,0.02032520325203252,11.174968071519796
45,steady_m1,regime_conditional,1.0,observed,warehouse,all,2160,72,8,21,64,2067,0.27586206896551724,0.1111111111111111,0.15841584158415842,0.010057471264367816,0.13582142466521704,0.5555555555555556,72,0.013888888888888888,144,0.029320987654320986,1.0,1.0,0.3333333333333333,0.1111111111111111,0.09722222222222222,84,0.011904761904761904,9.578544061302683
45,steady_m1,regime_conditional,1.0,observed,warehouse,stable,2160,72,8,21,64,2067,0.27586206896551724,0.1111111111111111,0.15841584158415842,0.010057471264367816,0.13582142466521704,0.5555555555555556,72,0.013888888888888888,144,0.029320987654320986,1.0,1.0,0.3333333333333333,0.1111111111111111,0.09722222222222222,84,0.011904761904761904,9.578544061302683
45,steady_m1,regime_conditional,1.0,observed,transit_smooth,all,2160,72,4,23,68,2065,0.14814814814814814,0.05555555555555555,0.08080808080808081,0.011015325670498084,0.07923941284926822,0.4861111111111111,72,0.006944444444444444,144,0.030864197530864196,1.0,1.0,0.3333333333333333,0.05555555555555555,0.041666666666666664,84,0.03571428571428571,11.015325670498084
45,steady_m1,regime_conditional,1.0,observed,transit_smooth,stable,2160,72,4,23,68,2065,0.14814814814814814,0.05555555555555555,0.08080808080808081,0.011015325670498084,0.07923941284926822,0.4861111111111111,72,0.006944444444444444,144,0.030864197530864196,1.0,1.0,0.3333333333333333,0.05555555555555555,0.041666666666666664,84,0.03571428571428571,11.015325670498084
45,steady_m1,regime_conditional,1.0,observed,transit_rough,all,2160,72,6,28,66,2060,0.17647058823529413,0.08333333333333333,0.11320754716981132,0.013409961685823755,0.08584767318437608,0.4583333333333333,72,0.020833333333333332,144,0.038580246913580245,1.0,1.0,0.3333333333333333,0.08333333333333333,0.05555555555555555,78,0.01282051282051282,12.931034482758621
45,steady_m1,regime_conditional,1.0,observed,transit_rough,stable,2160,72,6,28,66,2060,0.17647058823529413,0.08333333333333333,0.11320754716981132,0.013409961685823755,0.08584767318437608,0.4583333333333333,72,0.020833333333333332,144,0.038580246913580245,1.0,1.0,0.3333333333333333,0.08333333333333333,0.05555555555555555,78,0.01282051282051282,12.931034482758621
45,steady_m1,regime_conditional,0.2,clean,all,all,6480,0,0,63,0,6417,0.0,,0.0,0.009722222222222222,,,0,,0,0.028703703703703703,1.0,1.0,,,,246,0.02032520325203252,6.018518518518518
45,steady_m1,regime_conditional,0.2,clean,all,stable,6480,0,0,63,0,6417,0.0,,0.0,0.009722222222222222,,,0,,0,0.028703703703703703,1.0,1.0,,,,246,0.02032520325203252,6.018518518518518
45,steady_m1,regime_conditional,0.2,clean,warehouse,all,2160,0,0,24,0,2136,0.0,,0.0,0.011111111111111112,,,0,,0,0.03333333333333333,1.0,1.0,,,,84,0.0,6.481481481481482
45,steady_m1,regime_conditional,0.2,clean,warehouse,stable,2160,0,0,24,0,2136,0.0,,0.0,0.011111111111111112,,,0,,0,0.03333333333333333,1.0,1.0,,,,84,0.0,6.481481481481482
45,steady_m1,regime_conditional,0.2,clean,transit_smooth,all,2160,0,0,12,0,2148,0.0,,0.0,0.005555555555555556,,,0,,0,0.016666666666666666,1.0,1.0,,,,84,0.023809523809523808,4.166666666666667
45,steady_m1,regime_conditional,0.2,clean,transit_smooth,stable,2160,0,0,12,0,2148,0.0,,0.0,0.005555555555555556,,,0,,0,0.016666666666666666,1.0,1.0,,,,84,0.023809523809523808,4.166666666666667
45,steady_m1,regime_conditional,0.2,clean,transit_rough,all,2160,0,0,27,0,2133,0.0,,0.0,0.0125,,,0,,0,0.03611111111111111,1.0,1.0,,,,78,0.038461538461538464,7.407407407407407
45,steady_m1,regime_conditional,0.2,clean,transit_rough,stable,2160,0,0,27,0,2133,0.0,,0.0,0.0125,,,0,,0,0.03611111111111111,1.0,1.0,,,,78,0.038461538461538464,7.407407407407407
45,steady_m1,regime_conditional,0.2,observed,all,all,6480,216,56,108,160,6156,0.34146341463414637,0.25925925925925924,0.29473684210526313,0.017241379310344827,0.24548885974597548,0.6203703703703703,216,0.05092592592592592,432,0.043209876543209874,1.0,1.0,0.3333333333333333,0.25925925925925924,0.2222222222222222,246,0.08130081300813008,7.982120051085569
45,steady_m1,regime_conditional,0.2,observed,all,stable,6480,216,56,108,160,6156,0.34146341463414637,0.25925925925925924,0.29473684210526313,0.017241379310344827,0.24548885974597548,0.6203703703703703,216,0.05092592592592592,432,0.043209876543209874,1.0,1.0,0.3333333333333333,0.25925925925925924,0.2222222222222222,246,0.08130081300813008,7.982120051085569
45,steady_m1,regime_conditional,0.2,observed,warehouse,all,2160,72,30,57,42,2031,0.3448275862068966,0.4166666666666667,0.37735849056603776,0.027298850574712645,0.31573916557157233,0.6111111111111112,72,0.10416666666666667,144,0.06327160493827161,1.0,1.0,0.3333333333333333,0.4166666666666667,0.3472222222222222,84,0.13095238095238096,11.015325670498084
45,steady_m1,regime_conditional,0.2,observed,warehouse,stable,2160,72,30,57,42,2031,0.3448275862068966,0.4166666666666667,0.37735849056603776,0.027298850574712645,0.31573916557157233,0.6111111111111112,72,0.10416666666666667,144,0.06327160493827161,1.0,1.0,0.3333333333333333,0.4166666666666667,0.3472222222222222,84,0.13095238095238096,11.015325670498084
45,steady_m1,regime_conditional,0.2,observed,transit_smooth,all,2160,72,14,16,58,2072,0.4666666666666667,0.19444444444444445,0.27450980392156865,0.007662835249042145,0.2453383925233974,0.5694444444444444,72,0.034722222222222224,144,0.016975308641975308,1.0,1.0,0.3333333333333333,0.19444444444444445,0.1527777777777778,84,0.03571428571428571,4.789272030651341
45,steady_m1,regime_conditional,0.2,observed,transit_smooth,stable,2160,72,14,16,58,2072,0.4666666666666667,0.19444444444444445,0.27450980392156865,0.007662835249042145,0.2453383925233974,0.5694444444444444,72,0.034722222222222224,144,0.016975308641975308,1.0,1.0,0.3333333333333333,0.19444444444444445,0.1527777777777778,84,0.03571428571428571,4.789272030651341
45,steady_m1,regime_conditional,0.2,observed,transit_rough,all,2160,72,12,35,60,2053,0.2553191489361702,0.16666666666666666,0.20168067226890757,0.016762452107279693,0.213608196231673,0.6805555555555556,72,0.013888888888888888,144,0.04938271604938271,1.0,1.0,0.3333333333333333,0.16666666666666666,0.16666666666666666,78,0.07692307692307693,8.14176245210728
45,steady_m1,regime_conditional,0.2,observed,transit_rough,stable,2160,72,12,35,60,2053,0.2553191489361702,0.16666666666666666,0.20168067226890757,0.016762452107279693,0.213608196231673,0.6805555555555556,72,0.013888888888888888,144,0.04938271604938271,1.0,1.0,0.3333333333333333,0.16666666666666666,0.16666666666666666,78,0.07692307692307693,8.14176245210728
45,steady_m2_r10_k1,regime_marginal,1.0,clean,all,all,6480,0,0,60,0,6420,0.0,,0.0,0.009259259259259259,,,0,,0,0.02546296296296296,1.0,1.0,,,,246,0.008130081300813009,8.487654320987655
45,steady_m2_r10_k1,regime_marginal,1.0,clean,all,stable,6480,0,0,60,0,6420,0.0,,0.0,0.009259259259259259,,,0,,0,0.02546296296296296,1.0,1.0,,,,246,0.008130081300813009,8.487654320987655
45,steady_m2_r10_k1,regime_marginal,1.0,clean,warehouse,all,2160,0,0,13,0,2147,0.0,,0.0,0.0060185185185185185,,,0,,0,0.016666666666666666,1.0,1.0,,,,84,0.011904761904761904,5.555555555555555
45,steady_m2_r10_k1,regime_marginal,1.0,clean,warehouse,stable,2160,0,0,13,0,2147,0.0,,0.0,0.0060185185185185185,,,0,,0,0.016666666666666666,1.0,1.0,,,,84,0.011904761904761904,5.555555555555555
45,steady_m2_r10_k1,regime_marginal,1.0,clean,transit_smooth,all,2160,0,0,12,0,2148,0.0,,0.0,0.005555555555555556,,,0,,0,0.015277777777777777,1.0,1.0,,,,84,0.0,5.555555555555555
45,steady_m2_r10_k1,regime_marginal,1.0,clean,transit_smooth,stable,2160,0,0,12,0,2148,0.0,,0.0,0.005555555555555556,,,0,,0,0.015277777777777777,1.0,1.0,,,,84,0.0,5.555555555555555
45,steady_m2_r10_k1,regime_marginal,1.0,clean,transit_rough,all,2160,0,0,35,0,2125,0.0,,0.0,0.016203703703703703,,,0,,0,0.044444444444444446,1.0,1.0,,,,78,0.01282051282051282,14.351851851851851
45,steady_m2_r10_k1,regime_marginal,1.0,clean,transit_rough,stable,2160,0,0,35,0,2125,0.0,,0.0,0.016203703703703703,,,0,,0,0.044444444444444446,1.0,1.0,,,,78,0.01282051282051282,14.351851851851851
45,steady_m2_r10_k1,regime_marginal,1.0,observed,all,all,6480,216,59,60,157,6204,0.4957983193277311,0.27314814814814814,0.3522388059701492,0.009578544061302681,0.34177081855277647,0.8240740740740741,216,0.006944444444444444,432,0.026748971193415638,1.0,1.0,0.3333333333333333,0.27314814814814814,0.26851851851851855,246,0.008130081300813009,8.780332056194124
45,steady_m2_r10_k1,regime_marginal,1.0,observed,all,stable,6480,216,59,60,157,6204,0.4957983193277311,0.27314814814814814,0.3522388059701492,0.009578544061302681,0.34177081855277647,0.8240740740740741,216,0.006944444444444444,432,0.026748971193415638,1.0,1.0,0.3333333333333333,0.27314814814814814,0.26851851851851855,246,0.008130081300813009,8.780332056194124
45,steady_m2_r10_k1,regime_marginal,1.0,observed,warehouse,all,2160,72,24,13,48,2075,0.6486486486486487,0.3333333333333333,0.44036697247706424,0.006226053639846743,0.4517625201735784,0.8472222222222222,72,0.0,144,0.018518518518518517,1.0,1.0,0.3333333333333333,0.3333333333333333,0.3333333333333333,84,0.011904761904761904,5.747126436781609
45,steady_m2_r10_k1,regime_marginal,1.0,observed,warehouse,stable,2160,72,24,13,48,2075,0.6486486486486487,0.3333333333333333,0.44036697247706424,0.006226053639846743,0.4517625201735784,0.8472222222222222,72,0.0,144,0.018518518518518517,1.0,1.0,0.3333333333333333,0.3333333333333333,0.3333333333333333,84,0.011904761904761904,5.747126436781609
45,steady_m2_r10_k1,regime_marginal,1.0,observed,transit_smooth,all,2160,72,11,12,61,2076,0.4782608695652174,0.1527777777777778,0.23157894736842105,0.005747126436781609,0.2853389562299577,0.7916666666666666,72,0.0,144,0.016975308641975308,1.0,1.0,0.3333333333333333,0.1527777777777778,0.1527777777777778,84,0.0,5.747126436781609
45,steady_m2_r10_k1,regime_marginal,1.0,observed,transit_smooth,stable,2160,72,11,12,61,2076,0.4782608695652174,0.1527777777777778,0.23157894736842105,0.005747126436781609,0.2853389562299577,0.7916666666666666,72,0.0,144,0.016975308641975308,1.0,1.0,0.3333333333333333,0.1527777777777778,0.1527777777777778,84,0.0,5.747126436781609
45,steady_m2_r10_k1,regime_marginal,1.0,observed,transit_rough,all,2160,72,24,35,48,2053,0.4067796610169492,0.3333333333333333,0.366412213740458,0.016762452107279693,0.33395323854354286,0.8333333333333334,72,0.020833333333333332,144,0.044753086419753084,1.0,1.0,0.3333333333333333,0.3333333333333333,0.3194444444444444,78,0.01282051282051282,14.846743295019158
45,steady_m2_r10_k1,regime_marginal,1.0,observed,transit_rough,stable,2160,72,24,35,48,2053,0.4067796610169492,0.3333333333333333,0.366412213740458,0.016762452107279693,0.33395323854354286,0.8333333333333334,72,0.020833333333333332,144,0.044753086419753084,1.0,1.0,0.3333333333333333,0.3333333333333333,0.3194444444444444,78,0.01282051282051282,14.846743295019158
45,steady_m2_r10_k1,regime_marginal,0.2,clean,all,all,6480,0,0,71,0,6409,0.0,,0.0,0.010956790123456791,,,0,,0,0.02638888888888889,1.0,1.0,,,,246,0.016260162601626018,5.246913580246914
45,steady_m2_r10_k1,regime_marginal,0.2,clean,all,stable,6480,0,0,71,0,6409,0.0,,0.0,0.010956790123456791,,,0,,0,0.02638888888888889,1.0,1.0,,,,246,0.016260162601626018,5.246913580246914
45,steady_m2_r10_k1,regime_marginal,0.2,clean,warehouse,all,2160,0,0,13,0,2147,0.0,,0.0,0.0060185185185185185,,,0,,0,0.015277777777777777,1.0,1.0,,,,84,0.0,3.7037037037037037
45,steady_m2_r10_k1,regime_marginal,0.2,clean,warehouse,stable,2160,0,0,13,0,2147,0.0,,0.0,0.0060185185185185185,,,0,,0,0.015277777777777777,1.0,1.0,,,,84,0.0,3.7037037037037037
45,steady_m2_r10_k1,regime_marginal,0.2,clean,transit_smooth,all,2160,0,0,18,0,2142,0.0,,0.0,0.008333333333333333,,,0,,0,0.022222222222222223,1.0,1.0,,,,84,0.023809523809523808,3.7037037037037037
45,steady_m2_r10_k1,regime_marginal,0.2,clean,transit_smooth,stable,2160,0,0,18,0,2142,0.0,,0.0,0.008333333333333333,,,0,,0,0.022222222222222223,1.0,1.0,,,,84,0.023809523809523808,3.7037037037037037
45,steady_m2_r10_k1,regime_marginal,0.2,clean,transit_rough,all,2160,0,0,40,0,2120,0.0,,0.0,0.018518518518518517,,,0,,0,0.041666666666666664,1.0,1.0,,,,78,0.02564102564102564,8.333333333333334
45,steady_m2_r10_k1,regime_marginal,0.2,clean,transit_rough,stable,2160,0,0,40,0,2120,0.0,,0.0,0.018518518518518517,,,0,,0,0.041666666666666664,1.0,1.0,,,,78,0.02564102564102564,8.333333333333334
45,steady_m2_r10_k1,regime_marginal,0.2,observed,all,all,6480,216,88,96,128,6168,0.4782608695652174,0.4074074074074074,0.44,0.01532567049808429,0.4493297121168636,0.8472222222222222,216,0.0,432,0.04218106995884774,1.0,1.0,0.3333333333333333,0.4074074074074074,0.4074074074074074,246,0.11382113821138211,5.268199233716475
45,steady_m2_r10_k1,regime_marginal,0.2,observed,all,stable,6480,216,88,96,128,6168,0.4782608695652174,0.4074074074074074,0.44,0.01532567049808429,0.4493297121168636,0.8472222222222222,216,0.0,432,0.04218106995884774,1.0,1.0,0.3333333333333333,0.4074074074074074,0.4074074074074074,246,0.11382113821138211,5.268199233716475
45,steady_m2_r10_k1,regime_marginal,0.2,observed,warehouse,all,2160,72,32,24,40,2064,0.5714285714285714,0.4444444444444444,0.5,0.011494252873563218,0.5086214381169929,0.7916666666666666,72,0.0,144,0.033950617283950615,1.0,1.0,0.3333333333333333,0.4444444444444444,0.4444444444444444,84,0.13095238095238096,3.8314176245210727
45,steady_m2_r10_k1,regime_marginal,0.2,observed,warehouse,stable,2160,72,32,24,40,2064,0.5714285714285714,0.4444444444444444,0.5,0.011494252873563218,0.5086214381169929,0.7916666666666666,72,0.0,144,0.033950617283950615,1.0,1.0,0.3333333333333333,0.4444444444444444,0.4444444444444444,84,0.13095238095238096,3.8314176245210727
45,steady_m2_r10_k1,regime_marginal,0.2,observed,transit_smooth,all,2160,72,25,23,47,2065,0.5208333333333334,0.3472222222222222,0.4166666666666667,0.011015325670498084,0.40412790110903846,0.8055555555555556,72,0.0,144,0.032407407407407406,1.0,1.0,0.3333333333333333,0.3472222222222222,0.3472222222222222,84,0.08333333333333333,2.8735632183908044
45,steady_m2_r10_k1,regime_marginal,0.2,observed,transit_smooth,stable,2160,72,25,23,47,2065,0.5208333333333334,0.3472222222222222,0.4166666666666667,0.011015325670498084,0.40412790110903846,0.8055555555555556,72,0.0,144,0.032407407407407406,1.0,1.0,0.3333333333333333,0.3472222222222222,0.3472222222222222,84,0.08333333333333333,2.8735632183908044
45,steady_m2_r10_k1,regime_marginal,0.2,observed,transit_rough,all,2160,72,31,49,41,2039,0.3875,0.4305555555555556,0.40789473684210525,0.02346743295019157,0.43798403559600896,0.9444444444444444,72,0.0,144,0.06018518518518518,1.0,1.0,0.3333333333333333,0.4305555555555556,0.4305555555555556,78,0.1282051282051282,9.099616858237548
45,steady_m2_r10_k1,regime_marginal,0.2,observed,transit_rough,stable,2160,72,31,49,41,2039,0.3875,0.4305555555555556,0.40789473684210525,0.02346743295019157,0.43798403559600896,0.9444444444444444,72,0.0,144,0.06018518518518518,1.0,1.0,0.3333333333333333,0.4305555555555556,0.4305555555555556,78,0.1282051282051282,9.099616858237548
45,steady_m2_r10_k1,regime_conditional,1.0,clean,all,all,6480,0,0,70,0,6410,0.0,,0.0,0.010802469135802469,,,0,,0,0.03148148148148148,1.0,1.0,,,,246,0.02032520325203252,10.493827160493828
45,steady_m2_r10_k1,regime_conditional,1.0,clean,all,stable,6480,0,0,70,0,6410,0.0,,0.0,0.010802469135802469,,,0,,0,0.03148148148148148,1.0,1.0,,,,246,0.02032520325203252,10.493827160493828
45,steady_m2_r10_k1,regime_conditional,1.0,clean,warehouse,all,2160,0,0,19,0,2141,0.0,,0.0,0.008796296296296297,,,0,,0,0.02638888888888889,1.0,1.0,,,,84,0.011904761904761904,8.333333333333334
45,steady_m2_r10_k1,regime_conditional,1.0,clean,warehouse,stable,2160,0,0,19,0,2141,0.0,,0.0,0.008796296296296297,,,0,,0,0.02638888888888889,1.0,1.0,,,,84,0.011904761904761904,8.333333333333334
45,steady_m2_r10_k1,regime_conditional,1.0,clean,transit_smooth,all,2160,0,0,25,0,2135,0.0,,0.0,0.011574074074074073,,,0,,0,0.03194444444444444,1.0,1.0,,,,84,0.03571428571428571,11.574074074074074
45,steady_m2_r10_k1,regime_conditional,1.0,clean,transit_smooth,stable,2160,0,0,25,0,2135,0.0,,0.0,0.011574074074074073,,,0,,0,0.03194444444444444,1.0,1.0,,,,84,0.03571428571428571,11.574074074074074
45,steady_m2_r10_k1,regime_conditional,1.0,clean,transit_rough,all,2160,0,0,26,0,2134,0.0,,0.0,0.012037037037037037,,,0,,0,0.03611111111111111,1.0,1.0,,,,78,0.01282051282051282,11.574074074074074
45,steady_m2_r10_k1,regime_conditional,1.0,clean,transit_rough,stable,2160,0,0,26,0,2134,0.0,,0.0,0.012037037037037037,,,0,,0,0.03611111111111111,1.0,1.0,,,,78,0.01282051282051282,11.574074074074074
45,steady_m2_r10_k1,regime_conditional,1.0,observed,all,all,6480,216,89,80,127,6184,0.5266272189349113,0.41203703703703703,0.4623376623376623,0.01277139208173691,0.47789455756104504,0.8472222222222222,216,0.032407407407407406,432,0.03292181069958848,1.0,1.0,0.3333333333333333,0.41203703703703703,0.35185185185185186,246,0.02032520325203252,12.292464878671776
45,steady_m2_r10_k1,regime_conditional,1.0,observed,all,stable,6480,216,89,80,127,6184,0.5266272189349113,0.41203703703703703,0.4623376623376623,0.01277139208173691,0.47789455756104504,0.8472222222222222,216,0.032407407407407406,432,0.03292181069958848,1.0,1.0,0.3333333333333333,0.41203703703703703,0.35185185185185186,246,0.02032520325203252,12.292464878671776
45,steady_m2_r10_k1,regime_conditional,1.0,observed,warehouse,all,2160,72,38,25,34,2063,0.6031746031746031,0.5277777777777778,0.562962962962963,0.011973180076628353,0.590022962899942,0.875,72,0.041666666666666664,144,0.029320987654320986,1.0,1.0,0.3333333333333333,0.5277777777777778,0.4444444444444444,84,0.011904761904761904,11.015325670498084
45,steady_m2_r10_k1,regime_conditional,1.0,observed,warehouse,stable,2160,72,38,25,34,2063,0.6031746031746031,0.5277777777777778,0.562962962962963,0.011973180076628353,0.590022962899942,0.875,72,0.041666666666666664,144,0.029320987654320986,1.0,1.0,0.3333333333333333,0.5277777777777778,0.4444444444444444,84,0.011904761904761904,11.015325670498084
45,steady_m2_r10_k1,regime_conditional,1.0,observed,transit_smooth,all,2160,72,18,25,54,2063,0.4186046511627907,0.25,0.3130434782608696,0.011973180076628353,0.34608967836358756,0.8194444444444444,72,0.020833333333333332,144,0.030864197530864196,1.0,1.0,0.3333333333333333,0.25,0.2222222222222222,84,0.03571428571428571,11.973180076628353
45,steady_m2_r10_k1,regime_conditional,1.0,observed,transit_smooth,stable,2160,72,18,25,54,2063,0.4186046511627907,0.25,0.3130434782608696,0.011973180076628353,0.34608967836358756,0.8194444444444444,72,0.020833333333333332,144,0.030864197530864196,1.0,1.0,0.3333333333333333,0.25,0.2222222222222222,84,0.03571428571428571,11.973180076628353
45,steady_m2_r10_k1,regime_conditional,1.0,observed,transit_rough,all,2160,72,33,30,39,2058,0.5238095238095238,0.4583333333333333,0.4888888888888889,0.014367816091954023,0.4997461468212868,0.8472222222222222,72,0.034722222222222224,144,0.038580246913580245,1.0,1.0,0.3333333333333333,0.4583333333333333,0.3888888888888889,78,0.01282051282051282,13.88888888888889
45,steady_m2_r10_k1,regime_conditional,1.0,observed,transit_rough,stable,2160,72,33,30,39,2058,0.5238095238095238,0.4583333333333333,0.4888888888888889,0.014367816091954023,0.4997461468212868,0.8472222222222222,72,0.034722222222222224,144,0.038580246913580245,1.0,1.0,0.3333333333333333,0.4583333333333333,0.3888888888888889,78,0.01282051282051282,13.88888888888889
45,steady_m2_r10_k1,regime_conditional,0.2,clean,all,all,6480,0,0,63,0,6417,0.0,,0.0,0.009722222222222222,,,0,,0,0.028703703703703703,1.0,1.0,,,,246,0.02032520325203252,6.018518518518518
45,steady_m2_r10_k1,regime_conditional,0.2,clean,all,stable,6480,0,0,63,0,6417,0.0,,0.0,0.009722222222222222,,,0,,0,0.028703703703703703,1.0,1.0,,,,246,0.02032520325203252,6.018518518518518
45,steady_m2_r10_k1,regime_conditional,0.2,clean,warehouse,all,2160,0,0,24,0,2136,0.0,,0.0,0.011111111111111112,,,0,,0,0.03333333333333333,1.0,1.0,,,,84,0.0,6.481481481481482
45,steady_m2_r10_k1,regime_conditional,0.2,clean,warehouse,stable,2160,0,0,24,0,2136,0.0,,0.0,0.011111111111111112,,,0,,0,0.03333333333333333,1.0,1.0,,,,84,0.0,6.481481481481482
45,steady_m2_r10_k1,regime_conditional,0.2,clean,transit_smooth,all,2160,0,0,12,0,2148,0.0,,0.0,0.005555555555555556,,,0,,0,0.016666666666666666,1.0,1.0,,,,84,0.023809523809523808,4.166666666666667
45,steady_m2_r10_k1,regime_conditional,0.2,clean,transit_smooth,stable,2160,0,0,12,0,2148,0.0,,0.0,0.005555555555555556,,,0,,0,0.016666666666666666,1.0,1.0,,,,84,0.023809523809523808,4.166666666666667
45,steady_m2_r10_k1,regime_conditional,0.2,clean,transit_rough,all,2160,0,0,27,0,2133,0.0,,0.0,0.0125,,,0,,0,0.03611111111111111,1.0,1.0,,,,78,0.038461538461538464,7.407407407407407
45,steady_m2_r10_k1,regime_conditional,0.2,clean,transit_rough,stable,2160,0,0,27,0,2133,0.0,,0.0,0.0125,,,0,,0,0.03611111111111111,1.0,1.0,,,,78,0.038461538461538464,7.407407407407407
45,steady_m2_r10_k1,regime_conditional,0.2,observed,all,all,6480,216,161,197,55,6067,0.44972067039106145,0.7453703703703703,0.5609756097560976,0.031449553001277136,0.6145715643409796,0.8425925925925926,216,0.12962962962962962,432,0.0668724279835391,1.0,1.0,0.3333333333333333,0.7453703703703703,0.5185185185185185,246,0.2601626016260163,8.939974457215836
45,steady_m2_r10_k1,regime_conditional,0.2,observed,all,stable,6480,216,161,197,55,6067,0.44972067039106145,0.7453703703703703,0.5609756097560976,0.031449553001277136,0.6145715643409796,0.8425925925925926,216,0.12962962962962962,432,0.0668724279835391,1.0,1.0,0.3333333333333333,0.7453703703703703,0.5185185185185185,246,0.2601626016260163,8.939974457215836
45,steady_m2_r10_k1,regime_conditional,0.2,observed,warehouse,all,2160,72,55,95,17,1993,0.36666666666666664,0.7638888888888888,0.4954954954954955,0.04549808429118774,0.6072438584441856,0.7638888888888888,72,0.2152777777777778,144,0.09259259259259259,1.0,1.0,0.3333333333333333,0.7638888888888888,0.3888888888888889,84,0.34523809523809523,11.015325670498084
45,steady_m2_r10_k1,regime_conditional,0.2,observed,warehouse,stable,2160,72,55,95,17,1993,0.36666666666666664,0.7638888888888888,0.4954954954954955,0.04549808429118774,0.6072438584441856,0.7638888888888888,72,0.2152777777777778,144,0.09259259259259259,1.0,1.0,0.3333333333333333,0.7638888888888888,0.3888888888888889,84,0.34523809523809523,11.015325670498084
45,steady_m2_r10_k1,regime_conditional,0.2,observed,transit_smooth,all,2160,72,54,34,18,2054,0.6136363636363636,0.75,0.675,0.016283524904214558,0.6823788490136963,0.8194444444444444,72,0.08333333333333333,144,0.030864197530864196,1.0,1.0,0.3333333333333333,0.75,0.6111111111111112,84,0.13095238095238096,4.310344827586207
45,steady_m2_r10_k1,regime_conditional,0.2,observed,transit_smooth,stable,2160,72,54,34,18,2054,0.6136363636363636,0.75,0.675,0.016283524904214558,0.6823788490136963,0.8194444444444444,72,0.08333333333333333,144,0.030864197530864196,1.0,1.0,0.3333333333333333,0.75,0.6111111111111112,84,0.13095238095238096,4.310344827586207
45,steady_m2_r10_k1,regime_conditional,0.2,observed,transit_rough,all,2160,72,52,68,20,2020,0.43333333333333335,0.7222222222222222,0.5416666666666666,0.032567049808429116,0.6170271036242602,0.9444444444444444,72,0.09027777777777778,144,0.07716049382716049,1.0,1.0,0.3333333333333333,0.7222222222222222,0.5555555555555556,78,0.3076923076923077,11.494252873563218
45,steady_m2_r10_k1,regime_conditional,0.2,observed,transit_rough,stable,2160,72,52,68,20,2020,0.43333333333333335,0.7222222222222222,0.5416666666666666,0.032567049808429116,0.6170271036242602,0.9444444444444444,72,0.09027777777777778,144,0.07716049382716049,1.0,1.0,0.3333333333333333,0.7222222222222222,0.5555555555555556,78,0.3076923076923077,11.494252873563218
45,steady_m4,regime_marginal,1.0,clean,all,all,6480,0,0,60,0,6420,0.0,,0.0,0.009259259259259259,,,0,,0,0.02546296296296296,1.0,1.0,,,,246,0.008130081300813009,8.487654320987655
45,steady_m4,regime_marginal,1.0,clean,all,stable,6480,0,0,60,0,6420,0.0,,0.0,0.009259259259259259,,,0,,0,0.02546296296296296,1.0,1.0,,,,246,0.008130081300813009,8.487654320987655
45,steady_m4,regime_marginal,1.0,clean,warehouse,all,2160,0,0,13,0,2147,0.0,,0.0,0.0060185185185185185,,,0,,0,0.016666666666666666,1.0,1.0,,,,84,0.011904761904761904,5.555555555555555
45,steady_m4,regime_marginal,1.0,clean,warehouse,stable,2160,0,0,13,0,2147,0.0,,0.0,0.0060185185185185185,,,0,,0,0.016666666666666666,1.0,1.0,,,,84,0.011904761904761904,5.555555555555555
45,steady_m4,regime_marginal,1.0,clean,transit_smooth,all,2160,0,0,12,0,2148,0.0,,0.0,0.005555555555555556,,,0,,0,0.015277777777777777,1.0,1.0,,,,84,0.0,5.555555555555555
45,steady_m4,regime_marginal,1.0,clean,transit_smooth,stable,2160,0,0,12,0,2148,0.0,,0.0,0.005555555555555556,,,0,,0,0.015277777777777777,1.0,1.0,,,,84,0.0,5.555555555555555
45,steady_m4,regime_marginal,1.0,clean,transit_rough,all,2160,0,0,35,0,2125,0.0,,0.0,0.016203703703703703,,,0,,0,0.044444444444444446,1.0,1.0,,,,78,0.01282051282051282,14.351851851851851
45,steady_m4,regime_marginal,1.0,clean,transit_rough,stable,2160,0,0,35,0,2125,0.0,,0.0,0.016203703703703703,,,0,,0,0.044444444444444446,1.0,1.0,,,,78,0.01282051282051282,14.351851851851851
45,steady_m4,regime_marginal,1.0,observed,all,all,6480,216,201,60,15,6204,0.7701149425287356,0.9305555555555556,0.8427672955974843,0.009578544061302681,0.956045406870691,0.9953703703703703,216,0.006944444444444444,432,0.026748971193415638,1.0,1.0,0.3333333333333333,0.9305555555555556,0.9166666666666666,246,0.008130081300813009,8.780332056194124
45,steady_m4,regime_marginal,1.0,observed,all,stable,6480,216,201,60,15,6204,0.7701149425287356,0.9305555555555556,0.8427672955974843,0.009578544061302681,0.956045406870691,0.9953703703703703,216,0.006944444444444444,432,0.026748971193415638,1.0,1.0,0.3333333333333333,0.9305555555555556,0.9166666666666666,246,0.008130081300813009,8.780332056194124
45,steady_m4,regime_marginal,1.0,observed,warehouse,all,2160,72,66,13,6,2075,0.8354430379746836,0.9166666666666666,0.8741721854304636,0.006226053639846743,0.9680914452732302,1.0,72,0.0,144,0.018518518518518517,1.0,1.0,0.3333333333333333,0.9166666666666666,0.9166666666666666,84,0.011904761904761904,5.747126436781609
45,steady_m4,regime_marginal,1.0,observed,warehouse,stable,2160,72,66,13,6,2075,0.8354430379746836,0.9166666666666666,0.8741721854304636,0.006226053639846743,0.9680914452732302,1.0,72,0.0,144,0.018518518518518517,1.0,1.0,0.3333333333333333,0.9166666666666666,0.9166666666666666,84,0.011904761904761904,5.747126436781609
45,steady_m4,regime_marginal,1.0,observed,transit_smooth,all,2160,72,65,12,7,2076,0.8441558441558441,0.9027777777777778,0.87248322147651,0.005747126436781609,0.9508265247455564,1.0,72,0.0,144,0.016975308641975308,1.0,1.0,0.3333333333333333,0.9027777777777778,0.9027777777777778,84,0.0,5.747126436781609
45,steady_m4,regime_marginal,1.0,observed,transit_smooth,stable,2160,72,65,12,7,2076,0.8441558441558441,0.9027777777777778,0.87248322147651,0.005747126436781609,0.9508265247455564,1.0,72,0.0,144,0.016975308641975308,1.0,1.0,0.3333333333333333,0.9027777777777778,0.9027777777777778,84,0.0,5.747126436781609
45,steady_m4,regime_marginal,1.0,observed,transit_rough,all,2160,72,70,35,2,2053,0.6666666666666666,0.9722222222222222,0.7909604519774012,0.016762452107279693,0.9653993182425651,0.9861111111111112,72,0.020833333333333332,144,0.044753086419753084,1.0,1.0,0.3333333333333333,0.9722222222222222,0.9305555555555556,78,0.01282051282051282,14.846743295019158
45,steady_m4,regime_marginal,1.0,observed,transit_rough,stable,2160,72,70,35,2,2053,0.6666666666666666,0.9722222222222222,0.7909604519774012,0.016762452107279693,0.9653993182425651,0.9861111111111112,72,0.020833333333333332,144,0.044753086419753084,1.0,1.0,0.3333333333333333,0.9722222222222222,0.9305555555555556,78,0.01282051282051282,14.846743295019158
45,steady_m4,regime_marginal,0.2,clean,all,all,6480,0,0,71,0,6409,0.0,,0.0,0.010956790123456791,,,0,,0,0.02638888888888889,1.0,1.0,,,,246,0.016260162601626018,5.246913580246914
45,steady_m4,regime_marginal,0.2,clean,all,stable,6480,0,0,71,0,6409,0.0,,0.0,0.010956790123456791,,,0,,0,0.02638888888888889,1.0,1.0,,,,246,0.016260162601626018,5.246913580246914
45,steady_m4,regime_marginal,0.2,clean,warehouse,all,2160,0,0,13,0,2147,0.0,,0.0,0.0060185185185185185,,,0,,0,0.015277777777777777,1.0,1.0,,,,84,0.0,3.7037037037037037
45,steady_m4,regime_marginal,0.2,clean,warehouse,stable,2160,0,0,13,0,2147,0.0,,0.0,0.0060185185185185185,,,0,,0,0.015277777777777777,1.0,1.0,,,,84,0.0,3.7037037037037037
45,steady_m4,regime_marginal,0.2,clean,transit_smooth,all,2160,0,0,18,0,2142,0.0,,0.0,0.008333333333333333,,,0,,0,0.022222222222222223,1.0,1.0,,,,84,0.023809523809523808,3.7037037037037037
45,steady_m4,regime_marginal,0.2,clean,transit_smooth,stable,2160,0,0,18,0,2142,0.0,,0.0,0.008333333333333333,,,0,,0,0.022222222222222223,1.0,1.0,,,,84,0.023809523809523808,3.7037037037037037
45,steady_m4,regime_marginal,0.2,clean,transit_rough,all,2160,0,0,40,0,2120,0.0,,0.0,0.018518518518518517,,,0,,0,0.041666666666666664,1.0,1.0,,,,78,0.02564102564102564,8.333333333333334
45,steady_m4,regime_marginal,0.2,clean,transit_rough,stable,2160,0,0,40,0,2120,0.0,,0.0,0.018518518518518517,,,0,,0,0.041666666666666664,1.0,1.0,,,,78,0.02564102564102564,8.333333333333334
45,steady_m4,regime_marginal,0.2,observed,all,all,6480,216,182,157,34,6107,0.5368731563421829,0.8425925925925926,0.6558558558558558,0.025063856960408686,0.7689497358789907,0.9675925925925926,216,0.0,432,0.07304526748971193,1.0,1.0,0.3333333333333333,0.8425925925925926,0.8425925925925926,246,0.35772357723577236,4.948914431673052
45,steady_m4,regime_marginal,0.2,observed,all,stable,6480,216,182,157,34,6107,0.5368731563421829,0.8425925925925926,0.6558558558558558,0.025063856960408686,0.7689497358789907,0.9675925925925926,216,0.0,432,0.07304526748971193,1.0,1.0,0.3333333333333333,0.8425925925925926,0.8425925925925926,246,0.35772357723577236,4.948914431673052
45,steady_m4,regime_marginal,0.2,observed,warehouse,all,2160,72,60,38,12,2050,0.6122448979591837,0.8333333333333334,0.7058823529411765,0.018199233716475097,0.7722768132511276,0.9583333333333334,72,0.0,144,0.05555555555555555,1.0,1.0,0.3333333333333333,0.8333333333333334,0.8333333333333334,84,0.2976190476190476,3.8314176245210727
45,steady_m4,regime_marginal,0.2,observed,warehouse,stable,2160,72,60,38,12,2050,0.6122448979591837,0.8333333333333334,0.7058823529411765,0.018199233716475097,0.7722768132511276,0.9583333333333334,72,0.0,144,0.05555555555555555,1.0,1.0,0.3333333333333333,0.8333333333333334,0.8333333333333334,84,0.2976190476190476,3.8314176245210727
45,steady_m4,regime_marginal,0.2,observed,transit_smooth,all,2160,72,59,43,13,2045,0.5784313725490197,0.8194444444444444,0.6781609195402298,0.020593869731800767,0.785204938969684,0.9583333333333334,72,0.0,144,0.06327160493827161,1.0,1.0,0.3333333333333333,0.8194444444444444,0.8194444444444444,84,0.32142857142857145,2.8735632183908044
45,steady_m4,regime_marginal,0.2,observed,transit_smooth,stable,2160,72,59,43,13,2045,0.5784313725490197,0.8194444444444444,0.6781609195402298,0.020593869731800767,0.785204938969684,0.9583333333333334,72,0.0,144,0.06327160493827161,1.0,1.0,0.3333333333333333,0.8194444444444444,0.8194444444444444,84,0.32142857142857145,2.8735632183908044
45,steady_m4,regime_marginal,0.2,observed,transit_rough,all,2160,72,63,76,9,2012,0.45323741007194246,0.875,0.5971563981042654,0.03639846743295019,0.7688777484740084,0.9861111111111112,72,0.0,144,0.10030864197530864,1.0,1.0,0.3333333333333333,0.875,0.875,78,0.46153846153846156,8.14176245210728
45,steady_m4,regime_marginal,0.2,observed,transit_rough,stable,2160,72,63,76,9,2012,0.45323741007194246,0.875,0.5971563981042654,0.03639846743295019,0.7688777484740084,0.9861111111111112,72,0.0,144,0.10030864197530864,1.0,1.0,0.3333333333333333,0.875,0.875,78,0.46153846153846156,8.14176245210728
45,steady_m4,regime_conditional,1.0,clean,all,all,6480,0,0,70,0,6410,0.0,,0.0,0.010802469135802469,,,0,,0,0.03148148148148148,1.0,1.0,,,,246,0.02032520325203252,10.493827160493828
45,steady_m4,regime_conditional,1.0,clean,all,stable,6480,0,0,70,0,6410,0.0,,0.0,0.010802469135802469,,,0,,0,0.03148148148148148,1.0,1.0,,,,246,0.02032520325203252,10.493827160493828
45,steady_m4,regime_conditional,1.0,clean,warehouse,all,2160,0,0,19,0,2141,0.0,,0.0,0.008796296296296297,,,0,,0,0.02638888888888889,1.0,1.0,,,,84,0.011904761904761904,8.333333333333334
45,steady_m4,regime_conditional,1.0,clean,warehouse,stable,2160,0,0,19,0,2141,0.0,,0.0,0.008796296296296297,,,0,,0,0.02638888888888889,1.0,1.0,,,,84,0.011904761904761904,8.333333333333334
45,steady_m4,regime_conditional,1.0,clean,transit_smooth,all,2160,0,0,25,0,2135,0.0,,0.0,0.011574074074074073,,,0,,0,0.03194444444444444,1.0,1.0,,,,84,0.03571428571428571,11.574074074074074
45,steady_m4,regime_conditional,1.0,clean,transit_smooth,stable,2160,0,0,25,0,2135,0.0,,0.0,0.011574074074074073,,,0,,0,0.03194444444444444,1.0,1.0,,,,84,0.03571428571428571,11.574074074074074
45,steady_m4,regime_conditional,1.0,clean,transit_rough,all,2160,0,0,26,0,2134,0.0,,0.0,0.012037037037037037,,,0,,0,0.03611111111111111,1.0,1.0,,,,78,0.01282051282051282,11.574074074074074
45,steady_m4,regime_conditional,1.0,clean,transit_rough,stable,2160,0,0,26,0,2134,0.0,,0.0,0.012037037037037037,,,0,,0,0.03611111111111111,1.0,1.0,,,,78,0.01282051282051282,11.574074074074074
45,steady_m4,regime_conditional,1.0,observed,all,all,6480,216,213,152,3,6112,0.5835616438356165,0.9861111111111112,0.7332185886402753,0.024265644955300127,0.9687751514015754,1.0,216,0.19907407407407407,432,0.03292181069958848,1.0,1.0,0.3333333333333333,0.9861111111111112,0.6018518518518519,246,0.02032520325203252,19.6360153256705
45,steady_m4,regime_conditional,1.0,observed,all,stable,6480,216,213,152,3,6112,0.5835616438356165,0.9861111111111112,0.7332185886402753,0.024265644955300127,0.9687751514015754,1.0,216,0.19907407407407407,432,0.03292181069958848,1.0,1.0,0.3333333333333333,0.9861111111111112,0.6018518518518519,246,0.02032520325203252,19.6360153256705
45,steady_m4,regime_conditional,1.0,observed,warehouse,all,2160,72,72,53,0,2035,0.576,1.0,0.7309644670050761,0.025383141762452106,0.984650906730109,1.0,72,0.2361111111111111,144,0.029320987654320986,1.0,1.0,0.3333333333333333,1.0,0.5416666666666666,84,0.011904761904761904,17.720306513409962
45,steady_m4,regime_conditional,1.0,observed,warehouse,stable,2160,72,72,53,0,2035,0.576,1.0,0.7309644670050761,0.025383141762452106,0.984650906730109,1.0,72,0.2361111111111111,144,0.029320987654320986,1.0,1.0,0.3333333333333333,1.0,0.5416666666666666,84,0.011904761904761904,17.720306513409962
45,steady_m4,regime_conditional,1.0,observed,transit_smooth,all,2160,72,70,42,2,2046,0.625,0.9722222222222222,0.7608695652173914,0.020114942528735632,0.9543528993456897,1.0,72,0.1388888888888889,144,0.030864197530864196,1.0,1.0,0.3333333333333333,0.9722222222222222,0.7083333333333334,84,0.03571428571428571,18.199233716475096
45,steady_m4,regime_conditional,1.0,observed,transit_smooth,stable,2160,72,70,42,2,2046,0.625,0.9722222222222222,0.7608695652173914,0.020114942528735632,0.9543528993456897,1.0,72,0.1388888888888889,144,0.030864197530864196,1.0,1.0,0.3333333333333333,0.9722222222222222,0.7083333333333334,84,0.03571428571428571,18.199233716475096
45,steady_m4,regime_conditional,1.0,observed,transit_rough,all,2160,72,71,57,1,2031,0.5546875,0.9861111111111112,0.71,0.027298850574712645,0.9709465158629597,1.0,72,0.2222222222222222,144,0.038580246913580245,1.0,1.0,0.3333333333333333,0.9861111111111112,0.5555555555555556,78,0.01282051282051282,22.988505747126435
45,steady_m4,regime_conditional,1.0,observed,transit_rough,stable,2160,72,71,57,1,2031,0.5546875,0.9861111111111112,0.71,0.027298850574712645,0.9709465158629597,1.0,72,0.2222222222222222,144,0.038580246913580245,1.0,1.0,0.3333333333333333,0.9861111111111112,0.5555555555555556,78,0.01282051282051282,22.988505747126435
45,steady_m4,regime_conditional,0.2,clean,all,all,6480,0,0,63,0,6417,0.0,,0.0,0.009722222222222222,,,0,,0,0.028703703703703703,1.0,1.0,,,,246,0.02032520325203252,6.018518518518518
45,steady_m4,regime_conditional,0.2,clean,all,stable,6480,0,0,63,0,6417,0.0,,0.0,0.009722222222222222,,,0,,0,0.028703703703703703,1.0,1.0,,,,246,0.02032520325203252,6.018518518518518
45,steady_m4,regime_conditional,0.2,clean,warehouse,all,2160,0,0,24,0,2136,0.0,,0.0,0.011111111111111112,,,0,,0,0.03333333333333333,1.0,1.0,,,,84,0.0,6.481481481481482
45,steady_m4,regime_conditional,0.2,clean,warehouse,stable,2160,0,0,24,0,2136,0.0,,0.0,0.011111111111111112,,,0,,0,0.03333333333333333,1.0,1.0,,,,84,0.0,6.481481481481482
45,steady_m4,regime_conditional,0.2,clean,transit_smooth,all,2160,0,0,12,0,2148,0.0,,0.0,0.005555555555555556,,,0,,0,0.016666666666666666,1.0,1.0,,,,84,0.023809523809523808,4.166666666666667
45,steady_m4,regime_conditional,0.2,clean,transit_smooth,stable,2160,0,0,12,0,2148,0.0,,0.0,0.005555555555555556,,,0,,0,0.016666666666666666,1.0,1.0,,,,84,0.023809523809523808,4.166666666666667
45,steady_m4,regime_conditional,0.2,clean,transit_rough,all,2160,0,0,27,0,2133,0.0,,0.0,0.0125,,,0,,0,0.03611111111111111,1.0,1.0,,,,78,0.038461538461538464,7.407407407407407
45,steady_m4,regime_conditional,0.2,clean,transit_rough,stable,2160,0,0,27,0,2133,0.0,,0.0,0.0125,,,0,,0,0.03611111111111111,1.0,1.0,,,,78,0.038461538461538464,7.407407407407407
45,steady_m4,regime_conditional,0.2,observed,all,all,6480,216,202,462,14,5802,0.3042168674698795,0.9351851851851852,0.4590909090909091,0.07375478927203065,0.7687687329424625,0.9629629629629629,216,0.4398148148148148,432,0.10133744855967078,1.0,1.0,0.3333333333333333,0.9351851851851852,0.3055555555555556,246,0.5487804878048781,12.611749680715198
45,steady_m4,regime_conditional,0.2,observed,all,stable,6480,216,202,462,14,5802,0.3042168674698795,0.9351851851851852,0.4590909090909091,0.07375478927203065,0.7687687329424625,0.9629629629629629,216,0.4398148148148148,432,0.10133744855967078,1.0,1.0,0.3333333333333333,0.9351851851851852,0.3055555555555556,246,0.5487804878048781,12.611749680715198
45,steady_m4,regime_conditional,0.2,observed,warehouse,all,2160,72,68,191,4,1897,0.2625482625482625,0.9444444444444444,0.4108761329305136,0.09147509578544061,0.758349646377612,0.9444444444444444,72,0.5277777777777778,144,0.11882716049382716,1.0,1.0,0.3333333333333333,0.9444444444444444,0.2222222222222222,84,0.5714285714285714,13.409961685823754
45,steady_m4,regime_conditional,0.2,observed,warehouse,stable,2160,72,68,191,4,1897,0.2625482625482625,0.9444444444444444,0.4108761329305136,0.09147509578544061,0.758349646377612,0.9444444444444444,72,0.5277777777777778,144,0.11882716049382716,1.0,1.0,0.3333333333333333,0.9444444444444444,0.2222222222222222,84,0.5714285714285714,13.409961685823754
45,steady_m4,regime_conditional,0.2,observed,transit_smooth,all,2160,72,68,106,4,1982,0.39080459770114945,0.9444444444444444,0.5528455284552846,0.05076628352490421,0.8224280069524166,0.9583333333333334,72,0.3472222222222222,144,0.07098765432098765,1.0,1.0,0.3333333333333333,0.9444444444444444,0.4027777777777778,84,0.44047619047619047,10.057471264367816
45,steady_m4,regime_conditional,0.2,observed,transit_smooth,stable,2160,72,68,106,4,1982,0.39080459770114945,0.9444444444444444,0.5528455284552846,0.05076628352490421,0.8224280069524166,0.9583333333333334,72,0.3472222222222222,144,0.07098765432098765,1.0,1.0,0.3333333333333333,0.9444444444444444,0.4027777777777778,84,0.44047619047619047,10.057471264367816
45,steady_m4,regime_conditional,0.2,observed,transit_rough,all,2160,72,66,165,6,1923,0.2857142857142857,0.9166666666666666,0.43564356435643564,0.07902298850574713,0.7479563155159024,0.9861111111111112,72,0.4444444444444444,144,0.11419753086419752,1.0,1.0,0.3333333333333333,0.9166666666666666,0.2916666666666667,78,0.6410256410256411,14.367816091954023
45,steady_m4,regime_conditional,0.2,observed,transit_rough,stable,2160,72,66,165,6,1923,0.2857142857142857,0.9166666666666666,0.43564356435643564,0.07902298850574713,0.7479563155159024,0.9861111111111112,72,0.4444444444444444,144,0.11419753086419752,1.0,1.0,0.3333333333333333,0.9166666666666666,0.2916666666666667,78,0.6410256410256411,14.367816091954023
45,steady_r02,regime_marginal,1.0,clean,all,all,6480,0,0,60,0,6420,0.0,,0.0,0.009259259259259259,,,0,,0,0.02546296296296296,1.0,1.0,,,,136,0.0,8.487654320987655
45,steady_r02,regime_marginal,1.0,clean,all,stable,6480,0,0,60,0,6420,0.0,,0.0,0.009259259259259259,,,0,,0,0.02546296296296296,1.0,1.0,,,,136,0.0,8.487654320987655
45,steady_r02,regime_marginal,1.0,clean,warehouse,all,2160,0,0,13,0,2147,0.0,,0.0,0.0060185185185185185,,,0,,0,0.016666666666666666,1.0,1.0,,,,44,0.0,5.555555555555555
45,steady_r02,regime_marginal,1.0,clean,warehouse,stable,2160,0,0,13,0,2147,0.0,,0.0,0.0060185185185185185,,,0,,0,0.016666666666666666,1.0,1.0,,,,44,0.0,5.555555555555555
45,steady_r02,regime_marginal,1.0,clean,transit_smooth,all,2160,0,0,12,0,2148,0.0,,0.0,0.005555555555555556,,,0,,0,0.015277777777777777,1.0,1.0,,,,44,0.0,5.555555555555555
45,steady_r02,regime_marginal,1.0,clean,transit_smooth,stable,2160,0,0,12,0,2148,0.0,,0.0,0.005555555555555556,,,0,,0,0.015277777777777777,1.0,1.0,,,,44,0.0,5.555555555555555
45,steady_r02,regime_marginal,1.0,clean,transit_rough,all,2160,0,0,35,0,2125,0.0,,0.0,0.016203703703703703,,,0,,0,0.044444444444444446,1.0,1.0,,,,48,0.0,14.351851851851851
45,steady_r02,regime_marginal,1.0,clean,transit_rough,stable,2160,0,0,35,0,2125,0.0,,0.0,0.016203703703703703,,,0,,0,0.044444444444444446,1.0,1.0,,,,48,0.0,14.351851851851851
45,steady_r02,regime_marginal,1.0,observed,all,all,6480,48,15,60,33,6372,0.2,0.3125,0.24390243902439024,0.009328358208955223,0.11645856464723252,0.8541666666666666,48,0.010416666666666666,96,0.02556818181818182,1.0,1.0,0.3333333333333333,0.3125,0.3125,136,0.0,8.550995024875622
45,steady_r02,regime_marginal,1.0,observed,all,stable,6480,48,15,60,33,6372,0.2,0.3125,0.24390243902439024,0.009328358208955223,0.11645856464723252,0.8541666666666666,48,0.010416666666666666,96,0.02556818181818182,1.0,1.0,0.3333333333333333,0.3125,0.3125,136,0.0,8.550995024875622
45,steady_r02,regime_marginal,1.0,observed,warehouse,all,2160,16,8,13,8,2131,0.38095238095238093,0.5,0.43243243243243246,0.006063432835820896,0.310737283886137,1.0,16,0.0,32,0.017045454545454544,1.0,1.0,0.3333333333333333,0.5,0.5,44,0.0,5.597014925373134
45,steady_r02,regime_marginal,1.0,observed,warehouse,stable,2160,16,8,13,8,2131,0.38095238095238093,0.5,0.43243243243243246,0.006063432835820896,0.310737283886137,1.0,16,0.0,32,0.017045454545454544,1.0,1.0,0.3333333333333333,0.5,0.5,44,0.0,5.597014925373134
45,steady_r02,regime_marginal,1.0,observed,transit_smooth,all,2160,16,2,12,14,2132,0.14285714285714285,0.125,0.13333333333333333,0.005597014925373134,0.10743698035675837,0.6875,16,0.0,32,0.015625,1.0,1.0,0.3333333333333333,0.125,0.125,44,0.0,5.597014925373134
45,steady_r02,regime_marginal,1.0,observed,transit_smooth,stable,2160,16,2,12,14,2132,0.14285714285714285,0.125,0.13333333333333333,0.005597014925373134,0.10743698035675837,0.6875,16,0.0,32,0.015625,1.0,1.0,0.3333333333333333,0.125,0.125,44,0.0,5.597014925373134
45,steady_r02,regime_marginal,1.0,observed,transit_rough,all,2160,16,5,35,11,2109,0.125,0.3125,0.17857142857142858,0.01632462686567164,0.09386173841634815,0.875,16,0.03125,32,0.04403409090909091,1.0,1.0,0.3333333333333333,0.3125,0.3125,48,0.0,14.458955223880597
45,steady_r02,regime_marginal,1.0,observed,transit_rough,stable,2160,16,5,35,11,2109,0.125,0.3125,0.17857142857142858,0.01632462686567164,0.09386173841634815,0.875,16,0.03125,32,0.04403409090909091,1.0,1.0,0.3333333333333333,0.3125,0.3125,48,0.0,14.458955223880597
45,steady_r02,regime_marginal,0.2,clean,all,all,6480,0,0,71,0,6409,0.0,,0.0,0.010956790123456791,,,0,,0,0.02638888888888889,1.0,1.0,,,,136,0.007352941176470588,5.246913580246914
45,steady_r02,regime_marginal,0.2,clean,all,stable,6480,0,0,71,0,6409,0.0,,0.0,0.010956790123456791,,,0,,0,0.02638888888888889,1.0,1.0,,,,136,0.007352941176470588,5.246913580246914
45,steady_r02,regime_marginal,0.2,clean,warehouse,all,2160,0,0,13,0,2147,0.0,,0.0,0.0060185185185185185,,,0,,0,0.015277777777777777,1.0,1.0,,,,44,0.0,3.7037037037037037
45,steady_r02,regime_marginal,0.2,clean,warehouse,stable,2160,0,0,13,0,2147,0.0,,0.0,0.0060185185185185185,,,0,,0,0.015277777777777777,1.0,1.0,,,,44,0.0,3.7037037037037037
45,steady_r02,regime_marginal,0.2,clean,transit_smooth,all,2160,0,0,18,0,2142,0.0,,0.0,0.008333333333333333,,,0,,0,0.022222222222222223,1.0,1.0,,,,44,0.022727272727272728,3.7037037037037037
45,steady_r02,regime_marginal,0.2,clean,transit_smooth,stable,2160,0,0,18,0,2142,0.0,,0.0,0.008333333333333333,,,0,,0,0.022222222222222223,1.0,1.0,,,,44,0.022727272727272728,3.7037037037037037
45,steady_r02,regime_marginal,0.2,clean,transit_rough,all,2160,0,0,40,0,2120,0.0,,0.0,0.018518518518518517,,,0,,0,0.041666666666666664,1.0,1.0,,,,48,0.0,8.333333333333334
45,steady_r02,regime_marginal,0.2,clean,transit_rough,stable,2160,0,0,40,0,2120,0.0,,0.0,0.018518518518518517,,,0,,0,0.041666666666666664,1.0,1.0,,,,48,0.0,8.333333333333334
45,steady_r02,regime_marginal,0.2,observed,all,all,6480,48,7,73,41,6359,0.0875,0.14583333333333334,0.109375,0.01134950248756219,0.04255772366208001,0.7291666666666666,48,0.0,96,0.02793560606060606,1.0,1.0,0.3333333333333333,0.14583333333333334,0.14583333333333334,136,0.022058823529411766,5.286069651741293
45,steady_r02,regime_marginal,0.2,observed,all,stable,6480,48,7,73,41,6359,0.0875,0.14583333333333334,0.109375,0.01134950248756219,0.04255772366208001,0.7291666666666666,48,0.0,96,0.02793560606060606,1.0,1.0,0.3333333333333333,0.14583333333333334,0.14583333333333334,136,0.022058823529411766,5.286069651741293
45,steady_r02,regime_marginal,0.2,observed,warehouse,all,2160,16,4,15,12,2129,0.21052631578947367,0.25,0.22857142857142856,0.006996268656716418,0.1862157911725255,0.6875,16,0.0,32,0.018465909090909092,1.0,1.0,0.3333333333333333,0.25,0.25,44,0.045454545454545456,3.7313432835820897
45,steady_r02,regime_marginal,0.2,observed,warehouse,stable,2160,16,4,15,12,2129,0.21052631578947367,0.25,0.22857142857142856,0.006996268656716418,0.1862157911725255,0.6875,16,0.0,32,0.018465909090909092,1.0,1.0,0.3333333333333333,0.25,0.25,44,0.045454545454545456,3.7313432835820897
45,steady_r02,regime_marginal,0.2,observed,transit_smooth,all,2160,16,1,17,15,2127,0.05555555555555555,0.0625,0.058823529411764705,0.00792910447761194,0.029720912512901244,0.5625,16,0.0,32,0.02130681818181818,1.0,1.0,0.3333333333333333,0.0625,0.0625,44,0.0,3.264925373134328
45,steady_r02,regime_marginal,0.2,observed,transit_smooth,stable,2160,16,1,17,15,2127,0.05555555555555555,0.0625,0.058823529411764705,0.00792910447761194,0.029720912512901244,0.5625,16,0.0,32,0.02130681818181818,1.0,1.0,0.3333333333333333,0.0625,0.0625,44,0.0,3.264925373134328
45,steady_r02,regime_marginal,0.2,observed,transit_rough,all,2160,16,2,41,14,2103,0.046511627906976744,0.125,0.06779661016949153,0.01912313432835821,0.027494320967694587,0.9375,16,0.0,32,0.04403409090909091,1.0,1.0,0.3333333333333333,0.125,0.125,48,0.020833333333333332,8.861940298507463
45,steady_r02,regime_marginal,0.2,observed,transit_rough,stable,2160,16,2,41,14,2103,0.046511627906976744,0.125,0.06779661016949153,0.01912313432835821,0.027494320967694587,0.9375,16,0.0,32,0.04403409090909091,1.0,1.0,0.3333333333333333,0.125,0.125,48,0.020833333333333332,8.861940298507463
45,steady_r02,regime_conditional,1.0,clean,all,all,6480,0,0,70,0,6410,0.0,,0.0,0.010802469135802469,,,0,,0,0.03148148148148148,1.0,1.0,,,,136,0.014705882352941176,10.493827160493828
45,steady_r02,regime_conditional,1.0,clean,all,stable,6480,0,0,70,0,6410,0.0,,0.0,0.010802469135802469,,,0,,0,0.03148148148148148,1.0,1.0,,,,136,0.014705882352941176,10.493827160493828
45,steady_r02,regime_conditional,1.0,clean,warehouse,all,2160,0,0,19,0,2141,0.0,,0.0,0.008796296296296297,,,0,,0,0.02638888888888889,1.0,1.0,,,,44,0.0,8.333333333333334
45,steady_r02,regime_conditional,1.0,clean,warehouse,stable,2160,0,0,19,0,2141,0.0,,0.0,0.008796296296296297,,,0,,0,0.02638888888888889,1.0,1.0,,,,44,0.0,8.333333333333334
45,steady_r02,regime_conditional,1.0,clean,transit_smooth,all,2160,0,0,25,0,2135,0.0,,0.0,0.011574074074074073,,,0,,0,0.03194444444444444,1.0,1.0,,,,44,0.045454545454545456,11.574074074074074
45,steady_r02,regime_conditional,1.0,clean,transit_smooth,stable,2160,0,0,25,0,2135,0.0,,0.0,0.011574074074074073,,,0,,0,0.03194444444444444,1.0,1.0,,,,44,0.045454545454545456,11.574074074074074
45,steady_r02,regime_conditional,1.0,clean,transit_rough,all,2160,0,0,26,0,2134,0.0,,0.0,0.012037037037037037,,,0,,0,0.03611111111111111,1.0,1.0,,,,48,0.0,11.574074074074074
45,steady_r02,regime_conditional,1.0,clean,transit_rough,stable,2160,0,0,26,0,2134,0.0,,0.0,0.012037037037037037,,,0,,0,0.03611111111111111,1.0,1.0,,,,48,0.0,11.574074074074074
45,steady_r02,regime_conditional,1.0,observed,all,all,6480,48,25,75,23,6357,0.25,0.5208333333333334,0.33783783783783783,0.01166044776119403,0.29885530528446413,0.8541666666666666,48,0.052083333333333336,96,0.032196969696969696,1.0,1.0,0.3333333333333333,0.5208333333333334,0.4375,136,0.014705882352941176,11.194029850746269
45,steady_r02,regime_conditional,1.0,observed,all,stable,6480,48,25,75,23,6357,0.25,0.5208333333333334,0.33783783783783783,0.01166044776119403,0.29885530528446413,0.8541666666666666,48,0.052083333333333336,96,0.032196969696969696,1.0,1.0,0.3333333333333333,0.5208333333333334,0.4375,136,0.014705882352941176,11.194029850746269
45,steady_r02,regime_conditional,1.0,observed,warehouse,all,2160,16,11,22,5,2122,0.3333333333333333,0.6875,0.4489795918367347,0.010261194029850746,0.5162807289108249,1.0,16,0.09375,32,0.026988636363636364,1.0,1.0,0.3333333333333333,0.6875,0.5,44,0.0,9.328358208955224
45,steady_r02,regime_conditional,1.0,observed,warehouse,stable,2160,16,11,22,5,2122,0.3333333333333333,0.6875,0.4489795918367347,0.010261194029850746,0.5162807289108249,1.0,16,0.09375,32,0.026988636363636364,1.0,1.0,0.3333333333333333,0.6875,0.5,44,0.0,9.328358208955224
45,steady_r02,regime_conditional,1.0,observed,transit_smooth,all,2160,16,5,26,11,2118,0.16129032258064516,0.3125,0.2127659574468085,0.012126865671641791,0.1254623555887517,0.6875,16,0.03125,32,0.032670454545454544,1.0,1.0,0.3333333333333333,0.3125,0.3125,44,0.045454545454545456,12.126865671641792
45,steady_r02,regime_conditional,1.0,observed,transit_smooth,stable,2160,16,5,26,11,2118,0.16129032258064516,0.3125,0.2127659574468085,0.012126865671641791,0.1254623555887517,0.6875,16,0.03125,32,0.032670454545454544,1.0,1.0,0.3333333333333333,0.3125,0.3125,44,0.045454545454545456,12.126865671641792
45,steady_r02,regime_conditional,1.0,observed,transit_rough,all,2160,16,9,27,7,2117,0.25,0.5625,0.34615384615384615,0.012593283582089552,0.2920478493942834,0.875,16,0.03125,32,0.036931818181818184,1.0,1.0,0.3333333333333333,0.5625,0.5,48,0.0,12.126865671641792
45,steady_r02,regime_conditional,1.0,observed,transit_rough,stable,2160,16,9,27,7,2117,0.25,0.5625,0.34615384615384615,0.012593283582089552,0.2920478493942834,0.875,16,0.03125,32,0.036931818181818184,1.0,1.0,0.3333333333333333,0.5625,0.5,48,0.0,12.126865671641792
45,steady_r02,regime_conditional,0.2,clean,all,all,6480,0,0,63,0,6417,0.0,,0.0,0.009722222222222222,,,0,,0,0.028703703703703703,1.0,1.0,,,,136,0.022058823529411766,6.018518518518518
45,steady_r02,regime_conditional,0.2,clean,all,stable,6480,0,0,63,0,6417,0.0,,0.0,0.009722222222222222,,,0,,0,0.028703703703703703,1.0,1.0,,,,136,0.022058823529411766,6.018518518518518
45,steady_r02,regime_conditional,0.2,clean,warehouse,all,2160,0,0,24,0,2136,0.0,,0.0,0.011111111111111112,,,0,,0,0.03333333333333333,1.0,1.0,,,,44,0.0,6.481481481481482
45,steady_r02,regime_conditional,0.2,clean,warehouse,stable,2160,0,0,24,0,2136,0.0,,0.0,0.011111111111111112,,,0,,0,0.03333333333333333,1.0,1.0,,,,44,0.0,6.481481481481482
45,steady_r02,regime_conditional,0.2,clean,transit_smooth,all,2160,0,0,12,0,2148,0.0,,0.0,0.005555555555555556,,,0,,0,0.016666666666666666,1.0,1.0,,,,44,0.06818181818181818,4.166666666666667
45,steady_r02,regime_conditional,0.2,clean,transit_smooth,stable,2160,0,0,12,0,2148,0.0,,0.0,0.005555555555555556,,,0,,0,0.016666666666666666,1.0,1.0,,,,44,0.06818181818181818,4.166666666666667
45,steady_r02,regime_conditional,0.2,clean,transit_rough,all,2160,0,0,27,0,2133,0.0,,0.0,0.0125,,,0,,0,0.03611111111111111,1.0,1.0,,,,48,0.0,7.407407407407407
45,steady_r02,regime_conditional,0.2,clean,transit_rough,stable,2160,0,0,27,0,2133,0.0,,0.0,0.0125,,,0,,0,0.03611111111111111,1.0,1.0,,,,48,0.0,7.407407407407407
45,steady_r02,regime_conditional,0.2,observed,all,all,6480,48,22,94,26,6338,0.1896551724137931,0.4583333333333333,0.2682926829268293,0.014614427860696517,0.23599777891690113,0.7916666666666666,48,0.08333333333333333,96,0.03787878787878788,1.0,1.0,0.3333333333333333,0.4583333333333333,0.3541666666666667,136,0.11029411764705882,6.529850746268656
45,steady_r02,regime_conditional,0.2,observed,all,stable,6480,48,22,94,26,6338,0.1896551724137931,0.4583333333333333,0.2682926829268293,0.014614427860696517,0.23599777891690113,0.7916666666666666,48,0.08333333333333333,96,0.03787878787878788,1.0,1.0,0.3333333333333333,0.4583333333333333,0.3541666666666667,136,0.11029411764705882,6.529850746268656
45,steady_r02,regime_conditional,0.2,observed,warehouse,all,2160,16,9,48,7,2096,0.15789473684210525,0.5625,0.2465753424657534,0.022388059701492536,0.3393072935068421,0.75,16,0.21875,32,0.052556818181818184,1.0,1.0,0.3333333333333333,0.5625,0.3125,44,0.18181818181818182,7.462686567164179
45,steady_r02,regime_conditional,0.2,observed,warehouse,stable,2160,16,9,48,7,2096,0.15789473684210525,0.5625,0.2465753424657534,0.022388059701492536,0.3393072935068421,0.75,16,0.21875,32,0.052556818181818184,1.0,1.0,0.3333333333333333,0.5625,0.3125,44,0.18181818181818182,7.462686567164179
45,steady_r02,regime_conditional,0.2,observed,transit_smooth,all,2160,16,6,14,10,2130,0.3,0.375,0.3333333333333333,0.0065298507462686565,0.2282948723655554,0.6875,16,0.03125,32,0.017045454545454544,1.0,1.0,0.3333333333333333,0.375,0.3125,44,0.045454545454545456,4.664179104477612
45,steady_r02,regime_conditional,0.2,observed,transit_smooth,stable,2160,16,6,14,10,2130,0.3,0.375,0.3333333333333333,0.0065298507462686565,0.2282948723655554,0.6875,16,0.03125,32,0.017045454545454544,1.0,1.0,0.3333333333333333,0.375,0.3125,44,0.045454545454545456,4.664179104477612
45,steady_r02,regime_conditional,0.2,observed,transit_rough,all,2160,16,7,32,9,2112,0.1794871794871795,0.4375,0.2545454545454545,0.014925373134328358,0.1956553909349057,0.9375,16,0.0,32,0.04403409090909091,1.0,1.0,0.3333333333333333,0.4375,0.4375,48,0.10416666666666667,7.462686567164179
45,steady_r02,regime_conditional,0.2,observed,transit_rough,stable,2160,16,7,32,9,2112,0.1794871794871795,0.4375,0.2545454545454545,0.014925373134328358,0.1956553909349057,0.9375,16,0.0,32,0.04403409090909091,1.0,1.0,0.3333333333333333,0.4375,0.4375,48,0.10416666666666667,7.462686567164179
45,steady_r20,regime_marginal,1.0,clean,all,all,6480,0,0,60,0,6420,0.0,,0.0,0.009259259259259259,,,0,,0,0.02546296296296296,1.0,1.0,,,,348,0.008620689655172414,8.487654320987655
45,steady_r20,regime_marginal,1.0,clean,all,stable,6480,0,0,60,0,6420,0.0,,0.0,0.009259259259259259,,,0,,0,0.02546296296296296,1.0,1.0,,,,348,0.008620689655172414,8.487654320987655
45,steady_r20,regime_marginal,1.0,clean,warehouse,all,2160,0,0,13,0,2147,0.0,,0.0,0.0060185185185185185,,,0,,0,0.016666666666666666,1.0,1.0,,,,132,0.007575757575757576,5.555555555555555
45,steady_r20,regime_marginal,1.0,clean,warehouse,stable,2160,0,0,13,0,2147,0.0,,0.0,0.0060185185185185185,,,0,,0,0.016666666666666666,1.0,1.0,,,,132,0.007575757575757576,5.555555555555555
45,steady_r20,regime_marginal,1.0,clean,transit_smooth,all,2160,0,0,12,0,2148,0.0,,0.0,0.005555555555555556,,,0,,0,0.015277777777777777,1.0,1.0,,,,120,0.0,5.555555555555555
45,steady_r20,regime_marginal,1.0,clean,transit_smooth,stable,2160,0,0,12,0,2148,0.0,,0.0,0.005555555555555556,,,0,,0,0.015277777777777777,1.0,1.0,,,,120,0.0,5.555555555555555
45,steady_r20,regime_marginal,1.0,clean,transit_rough,all,2160,0,0,35,0,2125,0.0,,0.0,0.016203703703703703,,,0,,0,0.044444444444444446,1.0,1.0,,,,96,0.020833333333333332,14.351851851851851
45,steady_r20,regime_marginal,1.0,clean,transit_rough,stable,2160,0,0,35,0,2125,0.0,,0.0,0.016203703703703703,,,0,,0,0.044444444444444446,1.0,1.0,,,,96,0.020833333333333332,14.351851851851851
45,steady_r20,regime_marginal,1.0,observed,all,all,6480,432,122,59,310,5989,0.6740331491712708,0.2824074074074074,0.39804241435562804,0.009755291005291005,0.47283822826196475,0.7986111111111112,432,0.011574074074074073,864,0.026041666666666668,1.0,1.0,0.3333333333333333,0.2824074074074074,0.27546296296296297,348,0.008620689655172414,8.928571428571429
45,steady_r20,regime_marginal,1.0,observed,all,stable,6480,432,122,59,310,5989,0.6740331491712708,0.2824074074074074,0.39804241435562804,0.009755291005291005,0.47283822826196475,0.7986111111111112,432,0.011574074074074073,864,0.026041666666666668,1.0,1.0,0.3333333333333333,0.2824074074074074,0.27546296296296297,348,0.008620689655172414,8.928571428571429
45,steady_r20,regime_marginal,1.0,observed,warehouse,all,2160,144,44,13,100,2003,0.7719298245614035,0.3055555555555556,0.43781094527363185,0.006448412698412698,0.5404863761049591,0.8125,144,0.013888888888888888,288,0.015625,1.0,1.0,0.3333333333333333,0.3055555555555556,0.2986111111111111,132,0.007575757575757576,5.9523809523809526
45,steady_r20,regime_marginal,1.0,observed,warehouse,stable,2160,144,44,13,100,2003,0.7719298245614035,0.3055555555555556,0.43781094527363185,0.006448412698412698,0.5404863761049591,0.8125,144,0.013888888888888888,288,0.015625,1.0,1.0,0.3333333333333333,0.3055555555555556,0.2986111111111111,132,0.007575757575757576,5.9523809523809526
45,steady_r20,regime_marginal,1.0,observed,transit_smooth,all,2160,144,38,12,106,2004,0.76,0.2638888888888889,0.3917525773195876,0.005952380952380952,0.5209241751796736,0.8402777777777778,144,0.0,288,0.019097222222222224,1.0,1.0,0.3333333333333333,0.2638888888888889,0.2638888888888889,120,0.0,5.9523809523809526
45,steady_r20,regime_marginal,1.0,observed,transit_smooth,stable,2160,144,38,12,106,2004,0.76,0.2638888888888889,0.3917525773195876,0.005952380952380952,0.5209241751796736,0.8402777777777778,144,0.0,288,0.019097222222222224,1.0,1.0,0.3333333333333333,0.2638888888888889,0.2638888888888889,120,0.0,5.9523809523809526
45,steady_r20,regime_marginal,1.0,observed,transit_rough,all,2160,144,40,34,104,1982,0.5405405405405406,0.2777777777777778,0.3669724770642202,0.016865079365079364,0.3958192867174222,0.7430555555555556,144,0.020833333333333332,288,0.043402777777777776,1.0,1.0,0.3333333333333333,0.2777777777777778,0.2638888888888889,96,0.020833333333333332,14.880952380952381
45,steady_r20,regime_marginal,1.0,observed,transit_rough,stable,2160,144,40,34,104,1982,0.5405405405405406,0.2777777777777778,0.3669724770642202,0.016865079365079364,0.3958192867174222,0.7430555555555556,144,0.020833333333333332,288,0.043402777777777776,1.0,1.0,0.3333333333333333,0.2777777777777778,0.2638888888888889,96,0.020833333333333332,14.880952380952381
45,steady_r20,regime_marginal,0.2,clean,all,all,6480,0,0,71,0,6409,0.0,,0.0,0.010956790123456791,,,0,,0,0.02638888888888889,1.0,1.0,,,,348,0.014367816091954023,5.246913580246914
45,steady_r20,regime_marginal,0.2,clean,all,stable,6480,0,0,71,0,6409,0.0,,0.0,0.010956790123456791,,,0,,0,0.02638888888888889,1.0,1.0,,,,348,0.014367816091954023,5.246913580246914
45,steady_r20,regime_marginal,0.2,clean,warehouse,all,2160,0,0,13,0,2147,0.0,,0.0,0.0060185185185185185,,,0,,0,0.015277777777777777,1.0,1.0,,,,132,0.0,3.7037037037037037
45,steady_r20,regime_marginal,0.2,clean,warehouse,stable,2160,0,0,13,0,2147,0.0,,0.0,0.0060185185185185185,,,0,,0,0.015277777777777777,1.0,1.0,,,,132,0.0,3.7037037037037037
45,steady_r20,regime_marginal,0.2,clean,transit_smooth,all,2160,0,0,18,0,2142,0.0,,0.0,0.008333333333333333,,,0,,0,0.022222222222222223,1.0,1.0,,,,120,0.016666666666666666,3.7037037037037037
45,steady_r20,regime_marginal,0.2,clean,transit_smooth,stable,2160,0,0,18,0,2142,0.0,,0.0,0.008333333333333333,,,0,,0,0.022222222222222223,1.0,1.0,,,,120,0.016666666666666666,3.7037037037037037
45,steady_r20,regime_marginal,0.2,clean,transit_rough,all,2160,0,0,40,0,2120,0.0,,0.0,0.018518518518518517,,,0,,0,0.041666666666666664,1.0,1.0,,,,96,0.03125,8.333333333333334
45,steady_r20,regime_marginal,0.2,clean,transit_rough,stable,2160,0,0,40,0,2120,0.0,,0.0,0.018518518518518517,,,0,,0,0.041666666666666664,1.0,1.0,,,,96,0.03125,8.333333333333334
45,steady_r20,regime_marginal,0.2,observed,all,all,6480,432,238,124,194,5924,0.6574585635359116,0.5509259259259259,0.5994962216624685,0.0205026455026455,0.6349447439448251,0.875,432,0.005787037037037037,864,0.0625,1.0,1.0,0.3333333333333333,0.5509259259259259,0.5439814814814815,348,0.16954022988505746,5.291005291005291
45,steady_r20,regime_marginal,0.2,observed,all,stable,6480,432,238,124,194,5924,0.6574585635359116,0.5509259259259259,0.5994962216624685,0.0205026455026455,0.6349447439448251,0.875,432,0.005787037037037037,864,0.0625,1.0,1.0,0.3333333333333333,0.5509259259259259,0.5439814814814815,348,0.16954022988505746,5.291005291005291
45,steady_r20,regime_marginal,0.2,observed,warehouse,all,2160,144,94,41,50,1975,0.6962962962962963,0.6527777777777778,0.6738351254480287,0.020337301587301588,0.6899465878970379,0.8472222222222222,144,0.013888888888888888,288,0.0642361111111111,1.0,1.0,0.3333333333333333,0.6527777777777778,0.6388888888888888,132,0.21212121212121213,3.9682539682539684
45,steady_r20,regime_marginal,0.2,observed,warehouse,stable,2160,144,94,41,50,1975,0.6962962962962963,0.6527777777777778,0.6738351254480287,0.020337301587301588,0.6899465878970379,0.8472222222222222,144,0.013888888888888888,288,0.0642361111111111,1.0,1.0,0.3333333333333333,0.6527777777777778,0.6388888888888888,132,0.21212121212121213,3.9682539682539684
45,steady_r20,regime_marginal,0.2,observed,transit_smooth,all,2160,144,87,32,57,1984,0.7310924369747899,0.6041666666666666,0.6615969581749049,0.015873015873015872,0.6810984249713857,0.8888888888888888,144,0.0,288,0.052083333333333336,1.0,1.0,0.3333333333333333,0.6041666666666666,0.6041666666666666,120,0.15833333333333333,2.9761904761904763
45,steady_r20,regime_marginal,0.2,observed,transit_smooth,stable,2160,144,87,32,57,1984,0.7310924369747899,0.6041666666666666,0.6615969581749049,0.015873015873015872,0.6810984249713857,0.8888888888888888,144,0.0,288,0.052083333333333336,1.0,1.0,0.3333333333333333,0.6041666666666666,0.6041666666666666,120,0.15833333333333333,2.9761904761904763
45,steady_r20,regime_marginal,0.2,observed,transit_rough,all,2160,144,57,51,87,1965,0.5277777777777778,0.3958333333333333,0.4523809523809524,0.025297619047619048,0.5172860705907864,0.8888888888888888,144,0.003472222222222222,288,0.07118055555555555,1.0,1.0,0.3333333333333333,0.3958333333333333,0.3888888888888889,96,0.125,8.928571428571429
45,steady_r20,regime_marginal,0.2,observed,transit_rough,stable,2160,144,57,51,87,1965,0.5277777777777778,0.3958333333333333,0.4523809523809524,0.025297619047619048,0.5172860705907864,0.8888888888888888,144,0.003472222222222222,288,0.07118055555555555,1.0,1.0,0.3333333333333333,0.3958333333333333,0.3888888888888889,96,0.125,8.928571428571429
45,steady_r20,regime_conditional,1.0,clean,all,all,6480,0,0,70,0,6410,0.0,,0.0,0.010802469135802469,,,0,,0,0.03148148148148148,1.0,1.0,,,,348,0.014367816091954023,10.493827160493828
45,steady_r20,regime_conditional,1.0,clean,all,stable,6480,0,0,70,0,6410,0.0,,0.0,0.010802469135802469,,,0,,0,0.03148148148148148,1.0,1.0,,,,348,0.014367816091954023,10.493827160493828
45,steady_r20,regime_conditional,1.0,clean,warehouse,all,2160,0,0,19,0,2141,0.0,,0.0,0.008796296296296297,,,0,,0,0.02638888888888889,1.0,1.0,,,,132,0.007575757575757576,8.333333333333334
45,steady_r20,regime_conditional,1.0,clean,warehouse,stable,2160,0,0,19,0,2141,0.0,,0.0,0.008796296296296297,,,0,,0,0.02638888888888889,1.0,1.0,,,,132,0.007575757575757576,8.333333333333334
45,steady_r20,regime_conditional,1.0,clean,transit_smooth,all,2160,0,0,25,0,2135,0.0,,0.0,0.011574074074074073,,,0,,0,0.03194444444444444,1.0,1.0,,,,120,0.025,11.574074074074074
45,steady_r20,regime_conditional,1.0,clean,transit_smooth,stable,2160,0,0,25,0,2135,0.0,,0.0,0.011574074074074073,,,0,,0,0.03194444444444444,1.0,1.0,,,,120,0.025,11.574074074074074
45,steady_r20,regime_conditional,1.0,clean,transit_rough,all,2160,0,0,26,0,2134,0.0,,0.0,0.012037037037037037,,,0,,0,0.03611111111111111,1.0,1.0,,,,96,0.010416666666666666,11.574074074074074
45,steady_r20,regime_conditional,1.0,clean,transit_rough,stable,2160,0,0,26,0,2134,0.0,,0.0,0.012037037037037037,,,0,,0,0.03611111111111111,1.0,1.0,,,,96,0.010416666666666666,11.574074074074074
45,steady_r20,regime_conditional,1.0,observed,all,all,6480,432,171,87,261,5961,0.6627906976744186,0.3958333333333333,0.4956521739130435,0.014384920634920634,0.5544218276321389,0.8078703703703703,432,0.03356481481481482,864,0.03298611111111111,1.0,1.0,0.3333333333333333,0.3958333333333333,0.34953703703703703,348,0.014367816091954023,13.062169312169312
45,steady_r20,regime_conditional,1.0,observed,all,stable,6480,432,171,87,261,5961,0.6627906976744186,0.3958333333333333,0.4956521739130435,0.014384920634920634,0.5544218276321389,0.8078703703703703,432,0.03356481481481482,864,0.03298611111111111,1.0,1.0,0.3333333333333333,0.3958333333333333,0.34953703703703703,348,0.014367816091954023,13.062169312169312
45,steady_r20,regime_conditional,1.0,observed,warehouse,all,2160,144,70,28,74,1988,0.7142857142857143,0.4861111111111111,0.5785123966942148,0.013888888888888888,0.6300135851485036,0.8611111111111112,144,0.03819444444444445,288,0.029513888888888888,1.0,1.0,0.3333333333333333,0.4861111111111111,0.4236111111111111,132,0.007575757575757576,12.40079365079365
45,steady_r20,regime_conditional,1.0,observed,warehouse,stable,2160,144,70,28,74,1988,0.7142857142857143,0.4861111111111111,0.5785123966942148,0.013888888888888888,0.6300135851485036,0.8611111111111112,144,0.03819444444444445,288,0.029513888888888888,1.0,1.0,0.3333333333333333,0.4861111111111111,0.4236111111111111,132,0.007575757575757576,12.40079365079365
45,steady_r20,regime_conditional,1.0,observed,transit_smooth,all,2160,144,46,22,98,1994,0.6764705882352942,0.3194444444444444,0.4339622641509434,0.010912698412698412,0.5366589273159946,0.8402777777777778,144,0.013888888888888888,288,0.029513888888888888,1.0,1.0,0.3333333333333333,0.3194444444444444,0.2986111111111111,120,0.025,10.912698412698413
45,steady_r20,regime_conditional,1.0,observed,transit_smooth,stable,2160,144,46,22,98,1994,0.6764705882352942,0.3194444444444444,0.4339622641509434,0.010912698412698412,0.5366589273159946,0.8402777777777778,144,0.013888888888888888,288,0.029513888888888888,1.0,1.0,0.3333333333333333,0.3194444444444444,0.2986111111111111,120,0.025,10.912698412698413
45,steady_r20,regime_conditional,1.0,observed,transit_rough,all,2160,144,55,37,89,1979,0.5978260869565217,0.3819444444444444,0.4661016949152542,0.018353174603174604,0.5068888811064389,0.7222222222222222,144,0.04861111111111111,288,0.03993055555555555,1.0,1.0,0.3333333333333333,0.3819444444444444,0.3263888888888889,96,0.010416666666666666,15.873015873015873
45,steady_r20,regime_conditional,1.0,observed,transit_rough,stable,2160,144,55,37,89,1979,0.5978260869565217,0.3819444444444444,0.4661016949152542,0.018353174603174604,0.5068888811064389,0.7222222222222222,144,0.04861111111111111,288,0.03993055555555555,1.0,1.0,0.3333333333333333,0.3819444444444444,0.3263888888888889,96,0.010416666666666666,15.873015873015873
45,steady_r20,regime_conditional,0.2,clean,all,all,6480,0,0,63,0,6417,0.0,,0.0,0.009722222222222222,,,0,,0,0.028703703703703703,1.0,1.0,,,,348,0.014367816091954023,6.018518518518518
45,steady_r20,regime_conditional,0.2,clean,all,stable,6480,0,0,63,0,6417,0.0,,0.0,0.009722222222222222,,,0,,0,0.028703703703703703,1.0,1.0,,,,348,0.014367816091954023,6.018518518518518
45,steady_r20,regime_conditional,0.2,clean,warehouse,all,2160,0,0,24,0,2136,0.0,,0.0,0.011111111111111112,,,0,,0,0.03333333333333333,1.0,1.0,,,,132,0.0,6.481481481481482
45,steady_r20,regime_conditional,0.2,clean,warehouse,stable,2160,0,0,24,0,2136,0.0,,0.0,0.011111111111111112,,,0,,0,0.03333333333333333,1.0,1.0,,,,132,0.0,6.481481481481482
45,steady_r20,regime_conditional,0.2,clean,transit_smooth,all,2160,0,0,12,0,2148,0.0,,0.0,0.005555555555555556,,,0,,0,0.016666666666666666,1.0,1.0,,,,120,0.016666666666666666,4.166666666666667
45,steady_r20,regime_conditional,0.2,clean,transit_smooth,stable,2160,0,0,12,0,2148,0.0,,0.0,0.005555555555555556,,,0,,0,0.016666666666666666,1.0,1.0,,,,120,0.016666666666666666,4.166666666666667
45,steady_r20,regime_conditional,0.2,clean,transit_rough,all,2160,0,0,27,0,2133,0.0,,0.0,0.0125,,,0,,0,0.03611111111111111,1.0,1.0,,,,96,0.03125,7.407407407407407
45,steady_r20,regime_conditional,0.2,clean,transit_rough,stable,2160,0,0,27,0,2133,0.0,,0.0,0.0125,,,0,,0,0.03611111111111111,1.0,1.0,,,,96,0.03125,7.407407407407407
45,steady_r20,regime_conditional,0.2,observed,all,all,6480,432,346,271,86,5777,0.5607779578606159,0.8009259259259259,0.6596758817921831,0.04480820105820106,0.7438136705990325,0.8842592592592593,432,0.11805555555555555,864,0.09027777777777778,1.0,1.0,0.3333333333333333,0.8009259259259259,0.5995370370370371,348,0.29310344827586204,11.574074074074074
45,steady_r20,regime_conditional,0.2,observed,all,stable,6480,432,346,271,86,5777,0.5607779578606159,0.8009259259259259,0.6596758817921831,0.04480820105820106,0.7438136705990325,0.8842592592592593,432,0.11805555555555555,864,0.09027777777777778,1.0,1.0,0.3333333333333333,0.8009259259259259,0.5995370370370371,348,0.29310344827586204,11.574074074074074
45,steady_r20,regime_conditional,0.2,observed,warehouse,all,2160,144,122,124,22,1892,0.4959349593495935,0.8472222222222222,0.6256410256410256,0.061507936507936505,0.7619923722372494,0.8263888888888888,144,0.1875,288,0.1111111111111111,1.0,1.0,0.3333333333333333,0.8472222222222222,0.5416666666666666,132,0.3484848484848485,11.408730158730158
45,steady_r20,regime_conditional,0.2,observed,warehouse,stable,2160,144,122,124,22,1892,0.4959349593495935,0.8472222222222222,0.6256410256410256,0.061507936507936505,0.7619923722372494,0.8263888888888888,144,0.1875,288,0.1111111111111111,1.0,1.0,0.3333333333333333,0.8472222222222222,0.5416666666666666,132,0.3484848484848485,11.408730158730158
45,steady_r20,regime_conditional,0.2,observed,transit_smooth,all,2160,144,119,53,25,1963,0.6918604651162791,0.8263888888888888,0.7531645569620253,0.02628968253968254,0.8147694241743159,0.9097222222222222,144,0.04513888888888889,288,0.06597222222222222,1.0,1.0,0.3333333333333333,0.8263888888888888,0.75,120,0.24166666666666667,5.9523809523809526
45,steady_r20,regime_conditional,0.2,observed,transit_smooth,stable,2160,144,119,53,25,1963,0.6918604651162791,0.8263888888888888,0.7531645569620253,0.02628968253968254,0.8147694241743159,0.9097222222222222,144,0.04513888888888889,288,0.06597222222222222,1.0,1.0,0.3333333333333333,0.8263888888888888,0.75,120,0.24166666666666667,5.9523809523809526
45,steady_r20,regime_conditional,0.2,observed,transit_rough,all,2160,144,105,94,39,1922,0.5276381909547738,0.7291666666666666,0.6122448979591837,0.04662698412698413,0.6910110934131989,0.9166666666666666,144,0.12152777777777778,288,0.09375,1.0,1.0,0.3333333333333333,0.7291666666666666,0.5069444444444444,96,0.28125,17.36111111111111
45,steady_r20,regime_conditional,0.2,observed,transit_rough,stable,2160,144,105,94,39,1922,0.5276381909547738,0.7291666666666666,0.6122448979591837,0.04662698412698413,0.6910110934131989,0.9166666666666666,144,0.12152777777777778,288,0.09375,1.0,1.0,0.3333333333333333,0.7291666666666666,0.5069444444444444,96,0.28125,17.36111111111111
45,steady_k2,regime_marginal,1.0,clean,all,all,6480,0,0,60,0,6420,0.0,,0.0,0.009259259259259259,,,0,,0,0.02546296296296296,1.0,1.0,,,,498,0.012048192771084338,8.487654320987655
45,steady_k2,regime_marginal,1.0,clean,all,stable,6480,0,0,60,0,6420,0.0,,0.0,0.009259259259259259,,,0,,0,0.02546296296296296,1.0,1.0,,,,498,0.012048192771084338,8.487654320987655
45,steady_k2,regime_marginal,1.0,clean,warehouse,all,2160,0,0,13,0,2147,0.0,,0.0,0.0060185185185185185,,,0,,0,0.016666666666666666,1.0,1.0,,,,168,0.011904761904761904,5.555555555555555
45,steady_k2,regime_marginal,1.0,clean,warehouse,stable,2160,0,0,13,0,2147,0.0,,0.0,0.0060185185185185185,,,0,,0,0.016666666666666666,1.0,1.0,,,,168,0.011904761904761904,5.555555555555555
45,steady_k2,regime_marginal,1.0,clean,transit_smooth,all,2160,0,0,12,0,2148,0.0,,0.0,0.005555555555555556,,,0,,0,0.015277777777777777,1.0,1.0,,,,168,0.0,5.555555555555555
45,steady_k2,regime_marginal,1.0,clean,transit_smooth,stable,2160,0,0,12,0,2148,0.0,,0.0,0.005555555555555556,,,0,,0,0.015277777777777777,1.0,1.0,,,,168,0.0,5.555555555555555
45,steady_k2,regime_marginal,1.0,clean,transit_rough,all,2160,0,0,35,0,2125,0.0,,0.0,0.016203703703703703,,,0,,0,0.044444444444444446,1.0,1.0,,,,162,0.024691358024691357,14.351851851851851
45,steady_k2,regime_marginal,1.0,clean,transit_rough,stable,2160,0,0,35,0,2125,0.0,,0.0,0.016203703703703703,,,0,,0,0.044444444444444446,1.0,1.0,,,,162,0.024691358024691357,14.351851851851851
45,steady_k2,regime_marginal,1.0,observed,all,all,6480,432,116,59,316,5989,0.6628571428571428,0.26851851851851855,0.38220757825370677,0.009755291005291005,0.47675972102270814,0.9722222222222222,216,0.009259259259259259,216,0.026748971193415638,1.0,1.0,0.6666666666666666,0.05555555555555555,0.05555555555555555,498,0.012048192771084338,8.928571428571429
45,steady_k2,regime_marginal,1.0,observed,all,stable,6480,432,116,59,316,5989,0.6628571428571428,0.26851851851851855,0.38220757825370677,0.009755291005291005,0.47675972102270814,0.9722222222222222,216,0.009259259259259259,216,0.026748971193415638,1.0,1.0,0.6666666666666666,0.05555555555555555,0.05555555555555555,498,0.012048192771084338,8.928571428571429
45,steady_k2,regime_marginal,1.0,observed,warehouse,all,2160,144,49,13,95,2003,0.7903225806451613,0.3402777777777778,0.47572815533980584,0.006448412698412698,0.5834438067714887,0.9861111111111112,72,0.0,72,0.018518518518518517,1.0,1.0,0.6666666666666666,0.06944444444444445,0.06944444444444445,168,0.011904761904761904,5.9523809523809526
45,steady_k2,regime_marginal,1.0,observed,warehouse,stable,2160,144,49,13,95,2003,0.7903225806451613,0.3402777777777778,0.47572815533980584,0.006448412698412698,0.5834438067714887,0.9861111111111112,72,0.0,72,0.018518518518518517,1.0,1.0,0.6666666666666666,0.06944444444444445,0.06944444444444445,168,0.011904761904761904,5.9523809523809526
45,steady_k2,regime_marginal,1.0,observed,transit_smooth,all,2160,144,24,12,120,2004,0.6666666666666666,0.16666666666666666,0.26666666666666666,0.005952380952380952,0.4239736484331835,0.9861111111111112,72,0.0,72,0.016975308641975308,1.0,1.0,0.6666666666666666,0.027777777777777776,0.027777777777777776,168,0.0,5.9523809523809526
45,steady_k2,regime_marginal,1.0,observed,transit_smooth,stable,2160,144,24,12,120,2004,0.6666666666666666,0.16666666666666666,0.26666666666666666,0.005952380952380952,0.4239736484331835,0.9861111111111112,72,0.0,72,0.016975308641975308,1.0,1.0,0.6666666666666666,0.027777777777777776,0.027777777777777776,168,0.0,5.9523809523809526
45,steady_k2,regime_marginal,1.0,observed,transit_rough,all,2160,144,43,34,101,1982,0.5584415584415584,0.2986111111111111,0.3891402714932127,0.016865079365079364,0.44407111823019263,0.9444444444444444,72,0.027777777777777776,72,0.044753086419753084,1.0,1.0,0.6666666666666666,0.06944444444444445,0.06944444444444445,162,0.024691358024691357,14.880952380952381
45,steady_k2,regime_marginal,1.0,observed,transit_rough,stable,2160,144,43,34,101,1982,0.5584415584415584,0.2986111111111111,0.3891402714932127,0.016865079365079364,0.44407111823019263,0.9444444444444444,72,0.027777777777777776,72,0.044753086419753084,1.0,1.0,0.6666666666666666,0.06944444444444445,0.06944444444444445,162,0.024691358024691357,14.880952380952381
45,steady_k2,regime_marginal,0.2,clean,all,all,6480,0,0,71,0,6409,0.0,,0.0,0.010956790123456791,,,0,,0,0.02638888888888889,1.0,1.0,,,,498,0.020080321285140562,5.246913580246914
45,steady_k2,regime_marginal,0.2,clean,all,stable,6480,0,0,71,0,6409,0.0,,0.0,0.010956790123456791,,,0,,0,0.02638888888888889,1.0,1.0,,,,498,0.020080321285140562,5.246913580246914
45,steady_k2,regime_marginal,0.2,clean,warehouse,all,2160,0,0,13,0,2147,0.0,,0.0,0.0060185185185185185,,,0,,0,0.015277777777777777,1.0,1.0,,,,168,0.017857142857142856,3.7037037037037037
45,steady_k2,regime_marginal,0.2,clean,warehouse,stable,2160,0,0,13,0,2147,0.0,,0.0,0.0060185185185185185,,,0,,0,0.015277777777777777,1.0,1.0,,,,168,0.017857142857142856,3.7037037037037037
45,steady_k2,regime_marginal,0.2,clean,transit_smooth,all,2160,0,0,18,0,2142,0.0,,0.0,0.008333333333333333,,,0,,0,0.022222222222222223,1.0,1.0,,,,168,0.011904761904761904,3.7037037037037037
45,steady_k2,regime_marginal,0.2,clean,transit_smooth,stable,2160,0,0,18,0,2142,0.0,,0.0,0.008333333333333333,,,0,,0,0.022222222222222223,1.0,1.0,,,,168,0.011904761904761904,3.7037037037037037
45,steady_k2,regime_marginal,0.2,clean,transit_rough,all,2160,0,0,40,0,2120,0.0,,0.0,0.018518518518518517,,,0,,0,0.041666666666666664,1.0,1.0,,,,162,0.030864197530864196,8.333333333333334
45,steady_k2,regime_marginal,0.2,clean,transit_rough,stable,2160,0,0,40,0,2120,0.0,,0.0,0.018518518518518517,,,0,,0,0.041666666666666664,1.0,1.0,,,,162,0.030864197530864196,8.333333333333334
45,steady_k2,regime_marginal,0.2,observed,all,all,6480,432,194,121,238,5927,0.6158730158730159,0.44907407407407407,0.5194109772423026,0.020006613756613757,0.5320599284626332,0.9537037037037037,216,0.0,216,0.051954732510288065,1.0,1.0,0.6666666666666666,0.28703703703703703,0.28703703703703703,498,0.11847389558232932,4.794973544973545
45,steady_k2,regime_marginal,0.2,observed,all,stable,6480,432,194,121,238,5927,0.6158730158730159,0.44907407407407407,0.5194109772423026,0.020006613756613757,0.5320599284626332,0.9537037037037037,216,0.0,216,0.051954732510288065,1.0,1.0,0.6666666666666666,0.28703703703703703,0.28703703703703703,498,0.11847389558232932,4.794973544973545
45,steady_k2,regime_marginal,0.2,observed,warehouse,all,2160,144,73,41,71,1975,0.6403508771929824,0.5069444444444444,0.5658914728682171,0.020337301587301588,0.5456442672736116,0.9722222222222222,72,0.0,72,0.05555555555555555,1.0,1.0,0.6666666666666666,0.3472222222222222,0.3472222222222222,168,0.18452380952380953,2.9761904761904763
45,steady_k2,regime_marginal,0.2,observed,warehouse,stable,2160,144,73,41,71,1975,0.6403508771929824,0.5069444444444444,0.5658914728682171,0.020337301587301588,0.5456442672736116,0.9722222222222222,72,0.0,72,0.05555555555555555,1.0,1.0,0.6666666666666666,0.3472222222222222,0.3472222222222222,168,0.18452380952380953,2.9761904761904763
45,steady_k2,regime_marginal,0.2,observed,transit_smooth,all,2160,144,60,30,84,1986,0.6666666666666666,0.4166666666666667,0.5128205128205128,0.01488095238095238,0.528163635970458,0.9166666666666666,72,0.0,72,0.040123456790123455,1.0,1.0,0.6666666666666666,0.25,0.25,168,0.08333333333333333,2.9761904761904763
45,steady_k2,regime_marginal,0.2,observed,transit_smooth,stable,2160,144,60,30,84,1986,0.6666666666666666,0.4166666666666667,0.5128205128205128,0.01488095238095238,0.528163635970458,0.9166666666666666,72,0.0,72,0.040123456790123455,1.0,1.0,0.6666666666666666,0.25,0.25,168,0.08333333333333333,2.9761904761904763
45,steady_k2,regime_marginal,0.2,observed,transit_rough,all,2160,144,61,50,83,1966,0.5495495495495496,0.4236111111111111,0.47843137254901963,0.0248015873015873,0.5249152750251178,0.9722222222222222,72,0.0,72,0.06018518518518518,1.0,1.0,0.6666666666666666,0.2638888888888889,0.2638888888888889,162,0.08641975308641975,8.432539682539682
45,steady_k2,regime_marginal,0.2,observed,transit_rough,stable,2160,144,61,50,83,1966,0.5495495495495496,0.4236111111111111,0.47843137254901963,0.0248015873015873,0.5249152750251178,0.9722222222222222,72,0.0,72,0.06018518518518518,1.0,1.0,0.6666666666666666,0.2638888888888889,0.2638888888888889,162,0.08641975308641975,8.432539682539682
45,steady_k2,regime_conditional,1.0,clean,all,all,6480,0,0,70,0,6410,0.0,,0.0,0.010802469135802469,,,0,,0,0.03148148148148148,1.0,1.0,,,,498,0.01606425702811245,10.493827160493828
45,steady_k2,regime_conditional,1.0,clean,all,stable,6480,0,0,70,0,6410,0.0,,0.0,0.010802469135802469,,,0,,0,0.03148148148148148,1.0,1.0,,,,498,0.01606425702811245,10.493827160493828
45,steady_k2,regime_conditional,1.0,clean,warehouse,all,2160,0,0,19,0,2141,0.0,,0.0,0.008796296296296297,,,0,,0,0.02638888888888889,1.0,1.0,,,,168,0.011904761904761904,8.333333333333334
45,steady_k2,regime_conditional,1.0,clean,warehouse,stable,2160,0,0,19,0,2141,0.0,,0.0,0.008796296296296297,,,0,,0,0.02638888888888889,1.0,1.0,,,,168,0.011904761904761904,8.333333333333334
45,steady_k2,regime_conditional,1.0,clean,transit_smooth,all,2160,0,0,25,0,2135,0.0,,0.0,0.011574074074074073,,,0,,0,0.03194444444444444,1.0,1.0,,,,168,0.023809523809523808,11.574074074074074
45,steady_k2,regime_conditional,1.0,clean,transit_smooth,stable,2160,0,0,25,0,2135,0.0,,0.0,0.011574074074074073,,,0,,0,0.03194444444444444,1.0,1.0,,,,168,0.023809523809523808,11.574074074074074
45,steady_k2,regime_conditional,1.0,clean,transit_rough,all,2160,0,0,26,0,2134,0.0,,0.0,0.012037037037037037,,,0,,0,0.03611111111111111,1.0,1.0,,,,162,0.012345679012345678,11.574074074074074
45,steady_k2,regime_conditional,1.0,clean,transit_rough,stable,2160,0,0,26,0,2134,0.0,,0.0,0.012037037037037037,,,0,,0,0.03611111111111111,1.0,1.0,,,,162,0.012345679012345678,11.574074074074074
45,steady_k2,regime_conditional,1.0,observed,all,all,6480,432,221,82,211,5966,0.7293729372937293,0.5115740740740741,0.601360544217687,0.013558201058201057,0.6539802414161581,0.9259259259259259,216,0.07407407407407407,216,0.03292181069958848,1.0,1.0,0.6666666666666666,0.375,0.3472222222222222,498,0.02208835341365462,12.40079365079365
45,steady_k2,regime_conditional,1.0,observed,all,stable,6480,432,221,82,211,5966,0.7293729372937293,0.5115740740740741,0.601360544217687,0.013558201058201057,0.6539802414161581,0.9259259259259259,216,0.07407407407407407,216,0.03292181069958848,1.0,1.0,0.6666666666666666,0.375,0.3472222222222222,498,0.02208835341365462,12.40079365079365
45,steady_k2,regime_conditional,1.0,observed,warehouse,all,2160,144,95,20,49,1996,0.8260869565217391,0.6597222222222222,0.7335907335907336,0.00992063492063492,0.7992562618549496,1.0,72,0.013888888888888888,72,0.029320987654320986,1.0,1.0,0.6666666666666666,0.5,0.5,168,0.011904761904761904,9.424603174603174
45,steady_k2,regime_conditional,1.0,observed,warehouse,stable,2160,144,95,20,49,1996,0.8260869565217391,0.6597222222222222,0.7335907335907336,0.00992063492063492,0.7992562618549496,1.0,72,0.013888888888888888,72,0.029320987654320986,1.0,1.0,0.6666666666666666,0.5,0.5,168,0.011904761904761904,9.424603174603174
45,steady_k2,regime_conditional,1.0,observed,transit_smooth,all,2160,144,52,27,92,1989,0.6582278481012658,0.3611111111111111,0.4663677130044843,0.013392857142857142,0.4983347156781556,0.9027777777777778,72,0.06944444444444445,72,0.030864197530864196,1.0,1.0,0.6666666666666666,0.2361111111111111,0.2222222222222222,168,0.023809523809523808,12.40079365079365
45,steady_k2,regime_conditional,1.0,observed,transit_smooth,stable,2160,144,52,27,92,1989,0.6582278481012658,0.3611111111111111,0.4663677130044843,0.013392857142857142,0.4983347156781556,0.9027777777777778,72,0.06944444444444445,72,0.030864197530864196,1.0,1.0,0.6666666666666666,0.2361111111111111,0.2222222222222222,168,0.023809523809523808,12.40079365079365
45,steady_k2,regime_conditional,1.0,observed,transit_rough,all,2160,144,74,35,70,1981,0.6788990825688074,0.5138888888888888,0.5849802371541502,0.017361111111111112,0.6450847835357946,0.875,72,0.1388888888888889,72,0.038580246913580245,1.0,1.0,0.6666666666666666,0.3888888888888889,0.3194444444444444,162,0.030864197530864196,15.376984126984127
45,steady_k2,regime_conditional,1.0,observed,transit_rough,stable,2160,144,74,35,70,1981,0.6788990825688074,0.5138888888888888,0.5849802371541502,0.017361111111111112,0.6450847835357946,0.875,72,0.1388888888888889,72,0.038580246913580245,1.0,1.0,0.6666666666666666,0.3888888888888889,0.3194444444444444,162,0.030864197530864196,15.376984126984127
45,steady_k2,regime_conditional,0.2,clean,all,all,6480,0,0,63,0,6417,0.0,,0.0,0.009722222222222222,,,0,,0,0.028703703703703703,1.0,1.0,,,,498,0.012048192771084338,6.018518518518518
45,steady_k2,regime_conditional,0.2,clean,all,stable,6480,0,0,63,0,6417,0.0,,0.0,0.009722222222222222,,,0,,0,0.028703703703703703,1.0,1.0,,,,498,0.012048192771084338,6.018518518518518
45,steady_k2,regime_conditional,0.2,clean,warehouse,all,2160,0,0,24,0,2136,0.0,,0.0,0.011111111111111112,,,0,,0,0.03333333333333333,1.0,1.0,,,,168,0.0,6.481481481481482
45,steady_k2,regime_conditional,0.2,clean,warehouse,stable,2160,0,0,24,0,2136,0.0,,0.0,0.011111111111111112,,,0,,0,0.03333333333333333,1.0,1.0,,,,168,0.0,6.481481481481482
45,steady_k2,regime_conditional,0.2,clean,transit_smooth,all,2160,0,0,12,0,2148,0.0,,0.0,0.005555555555555556,,,0,,0,0.016666666666666666,1.0,1.0,,,,168,0.011904761904761904,4.166666666666667
45,steady_k2,regime_conditional,0.2,clean,transit_smooth,stable,2160,0,0,12,0,2148,0.0,,0.0,0.005555555555555556,,,0,,0,0.016666666666666666,1.0,1.0,,,,168,0.011904761904761904,4.166666666666667
45,steady_k2,regime_conditional,0.2,clean,transit_rough,all,2160,0,0,27,0,2133,0.0,,0.0,0.0125,,,0,,0,0.03611111111111111,1.0,1.0,,,,162,0.024691358024691357,7.407407407407407
45,steady_k2,regime_conditional,0.2,clean,transit_rough,stable,2160,0,0,27,0,2133,0.0,,0.0,0.0125,,,0,,0,0.03611111111111111,1.0,1.0,,,,162,0.024691358024691357,7.407407407407407
45,steady_k2,regime_conditional,0.2,observed,all,all,6480,432,302,271,130,5777,0.5270506108202443,0.6990740740740741,0.6009950248756218,0.04480820105820106,0.6265333918822242,0.8796296296296297,216,0.25925925925925924,216,0.08076131687242798,1.0,1.0,0.6666666666666666,0.5925925925925926,0.41203703703703703,498,0.3112449799196787,8.597883597883598
45,steady_k2,regime_conditional,0.2,observed,all,stable,6480,432,302,271,130,5777,0.5270506108202443,0.6990740740740741,0.6009950248756218,0.04480820105820106,0.6265333918822242,0.8796296296296297,216,0.25925925925925924,216,0.08076131687242798,1.0,1.0,0.6666666666666666,0.5925925925925926,0.41203703703703703,498,0.3112449799196787,8.597883597883598
45,steady_k2,regime_conditional,0.2,observed,warehouse,all,2160,144,112,109,32,1907,0.5067873303167421,0.7777777777777778,0.6136986301369863,0.05406746031746032,0.676108000906667,0.9861111111111112,72,0.1527777777777778,72,0.1111111111111111,1.0,1.0,0.6666666666666666,0.7222222222222222,0.5694444444444444,168,0.44642857142857145,9.920634920634921
45,steady_k2,regime_conditional,0.2,observed,warehouse,stable,2160,144,112,109,32,1907,0.5067873303167421,0.7777777777777778,0.6136986301369863,0.05406746031746032,0.676108000906667,0.9861111111111112,72,0.1527777777777778,72,0.1111111111111111,1.0,1.0,0.6666666666666666,0.7222222222222222,0.5694444444444444,168,0.44642857142857145,9.920634920634921
45,steady_k2,regime_conditional,0.2,observed,transit_smooth,all,2160,144,90,63,54,1953,0.5882352941176471,0.625,0.6060606060606061,0.03125,0.5922109160431404,0.7777777777777778,72,0.3333333333333333,72,0.046296296296296294,1.0,1.0,0.6666666666666666,0.4861111111111111,0.2777777777777778,168,0.16666666666666666,6.944444444444445
45,steady_k2,regime_conditional,0.2,observed,transit_smooth,stable,2160,144,90,63,54,1953,0.5882352941176471,0.625,0.6060606060606061,0.03125,0.5922109160431404,0.7777777777777778,72,0.3333333333333333,72,0.046296296296296294,1.0,1.0,0.6666666666666666,0.4861111111111111,0.2777777777777778,168,0.16666666666666666,6.944444444444445
45,steady_k2,regime_conditional,0.2,observed,transit_rough,all,2160,144,100,99,44,1917,0.5025125628140703,0.6944444444444444,0.5830903790087464,0.049107142857142856,0.6455716155617458,0.875,72,0.2916666666666667,72,0.08487654320987655,1.0,1.0,0.6666666666666666,0.5694444444444444,0.3888888888888889,162,0.32098765432098764,8.928571428571429
45,steady_k2,regime_conditional,0.2,observed,transit_rough,stable,2160,144,100,99,44,1917,0.5025125628140703,0.6944444444444444,0.5830903790087464,0.049107142857142856,0.6455716155617458,0.875,72,0.2916666666666667,72,0.08487654320987655,1.0,1.0,0.6666666666666666,0.5694444444444444,0.3888888888888889,162,0.32098765432098764,8.928571428571429
45,switch_d0,regime_marginal,1.0,clean,all,all,6480,0,0,66,0,6414,0.0,,0.0,0.010185185185185186,,,0,,0,0.02824074074074074,1.0,1.0,,,,246,0.012195121951219513,9.722222222222221
45,switch_d0,regime_marginal,1.0,clean,all,transition,864,0,0,8,0,856,0.0,,0.0,0.009259259259259259,,,0,,0,0.027777777777777776,1.0,1.0,,,,48,0.020833333333333332,9.25925925925926
45,switch_d0,regime_marginal,1.0,clean,all,stable,5616,0,0,58,0,5558,0.0,,0.0,0.010327635327635327,,,0,,0,0.028311965811965812,1.0,1.0,,,,198,0.010101010101010102,9.793447293447294
45,switch_d0,regime_marginal,1.0,clean,warehouse,all,2160,0,0,11,0,2149,0.0,,0.0,0.005092592592592593,,,0,,0,0.0125,1.0,1.0,,,,102,0.0,4.62962962962963
45,switch_d0,regime_marginal,1.0,clean,warehouse,transition,288,0,0,0,0,288,,,,0.0,,,0,,0,0.0,1.0,1.0,,,,6,0.0,0.0
45,switch_d0,regime_marginal,1.0,clean,warehouse,stable,1872,0,0,11,0,1861,0.0,,0.0,0.005876068376068376,,,0,,0,0.014423076923076924,1.0,1.0,,,,96,0.0,5.3418803418803416
45,switch_d0,regime_marginal,1.0,clean,transit_smooth,all,2160,0,0,16,0,2144,0.0,,0.0,0.007407407407407408,,,0,,0,0.020833333333333332,1.0,1.0,,,,102,0.00980392156862745,6.944444444444445
45,switch_d0,regime_marginal,1.0,clean,transit_smooth,transition,288,0,0,2,0,286,0.0,,0.0,0.006944444444444444,,,0,,0,0.020833333333333332,1.0,1.0,,,,30,0.03333333333333333,6.944444444444445
45,switch_d0,regime_marginal,1.0,clean,transit_smooth,stable,1872,0,0,14,0,1858,0.0,,0.0,0.007478632478632479,,,0,,0,0.020833333333333332,1.0,1.0,,,,72,0.0,6.944444444444445
45,switch_d0,regime_marginal,1.0,clean,transit_rough,all,2160,0,0,39,0,2121,0.0,,0.0,0.018055555555555554,,,0,,0,0.05138888888888889,1.0,1.0,,,,42,0.047619047619047616,17.59259259259259
45,switch_d0,regime_marginal,1.0,clean,transit_rough,transition,288,0,0,6,0,282,0.0,,0.0,0.020833333333333332,,,0,,0,0.0625,1.0,1.0,,,,12,0.0,20.833333333333332
45,switch_d0,regime_marginal,1.0,clean,transit_rough,stable,1872,0,0,33,0,1839,0.0,,0.0,0.017628205128205128,,,0,,0,0.049679487179487176,1.0,1.0,,,,30,0.06666666666666667,17.094017094017094
45,switch_d0,regime_marginal,1.0,observed,all,all,6480,216,53,65,163,6199,0.4491525423728814,0.24537037037037038,0.31736526946107785,0.010376756066411238,0.3191564690984545,0.8194444444444444,216,0.0023148148148148147,432,0.030349794238683128,1.0,1.0,0.3333333333333333,0.24537037037037038,0.24074074074074073,246,0.012195121951219513,9.897828863346104
45,switch_d0,regime_marginal,1.0,observed,all,transition,864,18,4,8,14,838,0.3333333333333333,0.2222222222222222,0.26666666666666666,0.009456264775413711,0.3102028558513989,0.9444444444444444,18,0.027777777777777776,36,0.025925925925925925,1.0,1.0,0.33333333333333326,0.2222222222222222,0.16666666666666666,48,0.020833333333333332,9.456264775413711
45,switch_d0,regime_marginal,1.0,observed,all,stable,5616,198,49,57,149,5361,0.46226415094339623,0.2474747474747475,0.3223684210526316,0.010520487264673311,0.3235469978587111,0.8080808080808081,198,0.0,396,0.03106332138590203,1.0,1.0,0.3333333333333334,0.2474747474747475,0.2474747474747475,198,0.010101010101010102,9.966777408637874
45,switch_d0,regime_marginal,1.0,observed,warehouse,all,2160,108,19,11,89,2041,0.6333333333333333,0.17592592592592593,0.2753623188405797,0.005360623781676413,0.41828059521132227,0.7777777777777778,108,0.0,216,0.014705882352941176,1.0,1.0,0.3333333333333334,0.17592592592592593,0.17592592592592593,102,0.0,4.8732943469785575
45,switch_d0,regime_marginal,1.0,observed,warehouse,transition,288,6,0,0,6,282,,0.0,0.0,0.0,0.8075396825396826,1.0,6,0.0,12,0.0,1.0,1.0,0.3333333333333333,0.0,0.0,6,0.0,0.0
45,switch_d0,regime_marginal,1.0,observed,warehouse,stable,1872,102,19,11,83,1759,0.6333333333333333,0.18627450980392157,0.2878787878787879,0.0062146892655367235,0.41354037681009664,0.7647058823529411,102,0.0,204,0.017241379310344827,1.0,1.0,0.3333333333333335,0.18627450980392157,0.18627450980392157,96,0.0,5.649717514124294
45,switch_d0,regime_marginal,1.0,observed,transit_smooth,all,2160,72,29,16,43,2072,0.6444444444444445,0.4027777777777778,0.49572649572649574,0.007662835249042145,0.48567600269804606,0.875,72,0.006944444444444444,144,0.021604938271604937,1.0,1.0,0.3333333333333333,0.4027777777777778,0.3888888888888889,102,0.00980392156862745,7.183908045977011
45,switch_d0,regime_marginal,1.0,observed,transit_smooth,transition,288,6,4,2,2,280,0.6666666666666666,0.6666666666666666,0.6666666666666666,0.0070921985815602835,0.7471819645732689,1.0,6,0.08333333333333333,12,0.011111111111111112,1.0,1.0,0.3333333333333333,0.6666666666666666,0.5,30,0.03333333333333333,7.092198581560283
45,switch_d0,regime_marginal,1.0,observed,transit_smooth,stable,1872,66,25,14,41,1792,0.6410256410256411,0.3787878787878788,0.47619047619047616,0.007751937984496124,0.46332300347364747,0.8636363636363636,66,0.0,132,0.023297491039426525,1.0,1.0,0.33333333333333326,0.3787878787878788,0.3787878787878788,72,0.0,7.198228128460687
45,switch_d0,regime_marginal,1.0,observed,transit_rough,all,2160,36,5,38,31,2086,0.11627906976744186,0.1388888888888889,0.12658227848101267,0.017890772128060263,0.11628658676218333,0.8333333333333334,36,0.0,72,0.05263157894736842,1.0,1.0,0.33333333333333337,0.1388888888888889,0.1388888888888889,42,0.047619047619047616,17.41996233521657
45,switch_d0,regime_marginal,1.0,observed,transit_rough,transition,288,6,0,6,6,276,0.0,0.0,0.0,0.02127659574468085,0.0625530243177302,0.8333333333333334,6,0.0,12,0.06666666666666667,1.0,1.0,0.3333333333333333,0.0,0.0,12,0.0,21.27659574468085
45,switch_d0,regime_marginal,1.0,observed,transit_rough,stable,1872,30,5,32,25,1810,0.13513513513513514,0.16666666666666666,0.14925373134328357,0.01737242128121607,0.13190173455679582,0.8333333333333334,30,0.0,60,0.050505050505050504,1.0,1.0,0.3333333333333334,0.16666666666666666,0.16666666666666666,30,0.06666666666666667,16.829533116178066
45,switch_d0,regime_marginal,0.2,clean,all,all,6480,0,0,58,0,6422,0.0,,0.0,0.008950617283950617,,,0,,0,0.02175925925925926,1.0,1.0,,,,246,0.0,4.166666666666667
45,switch_d0,regime_marginal,0.2,clean,all,transition,864,0,0,8,0,856,0.0,,0.0,0.009259259259259259,,,0,,0,0.017361111111111112,1.0,1.0,,,,48,0.0,2.314814814814815
45,switch_d0,regime_marginal,0.2,clean,all,stable,5616,0,0,50,0,5566,0.0,,0.0,0.008903133903133903,,,0,,0,0.022435897435897436,1.0,1.0,,,,198,0.0,4.451566951566951
45,switch_d0,regime_marginal,0.2,clean,warehouse,all,2160,0,0,10,0,2150,0.0,,0.0,0.004629629629629629,,,0,,0,0.011111111111111112,1.0,1.0,,,,102,0.0,2.314814814814815
45,switch_d0,regime_marginal,0.2,clean,warehouse,transition,288,0,0,0,0,288,,,,0.0,,,0,,0,0.0,1.0,1.0,,,,6,0.0,0.0
45,switch_d0,regime_marginal,0.2,clean,warehouse,stable,1872,0,0,10,0,1862,0.0,,0.0,0.005341880341880342,,,0,,0,0.01282051282051282,1.0,1.0,,,,96,0.0,2.6709401709401708
45,switch_d0,regime_marginal,0.2,clean,transit_smooth,all,2160,0,0,15,0,2145,0.0,,0.0,0.006944444444444444,,,0,,0,0.018055555555555554,1.0,1.0,,,,102,0.0,2.7777777777777777
45,switch_d0,regime_marginal,0.2,clean,transit_smooth,transition,288,0,0,0,0,288,,,,0.0,,,0,,0,0.0,1.0,1.0,,,,30,0.0,0.0
45,switch_d0,regime_marginal,0.2,clean,transit_smooth,stable,1872,0,0,15,0,1857,0.0,,0.0,0.008012820512820512,,,0,,0,0.020833333333333332,1.0,1.0,,,,72,0.0,3.2051282051282053
45,switch_d0,regime_marginal,0.2,clean,transit_rough,all,2160,0,0,33,0,2127,0.0,,0.0,0.015277777777777777,,,0,,0,0.03611111111111111,1.0,1.0,,,,42,0.0,7.407407407407407
45,switch_d0,regime_marginal,0.2,clean,transit_rough,transition,288,0,0,8,0,280,0.0,,0.0,0.027777777777777776,,,0,,0,0.052083333333333336,1.0,1.0,,,,12,0.0,6.944444444444445
45,switch_d0,regime_marginal,0.2,clean,transit_rough,stable,1872,0,0,25,0,1847,0.0,,0.0,0.013354700854700854,,,0,,0,0.03365384615384615,1.0,1.0,,,,30,0.0,7.478632478632479
45,switch_d0,regime_marginal,0.2,observed,all,all,6480,216,87,84,129,6180,0.5087719298245614,0.4027777777777778,0.4496124031007752,0.013409961685823755,0.43364987016855694,0.8240740740740741,216,0.0,432,0.03755144032921811,1.0,1.0,0.3333333333333333,0.4027777777777778,0.4027777777777778,246,0.10569105691056911,4.469987228607918
45,switch_d0,regime_marginal,0.2,observed,all,transition,864,18,7,14,11,832,0.3333333333333333,0.3888888888888889,0.358974358974359,0.016548463356973995,0.40002326564880836,0.7222222222222222,18,0.0,36,0.040740740740740744,1.0,1.0,0.33333333333333326,0.3888888888888889,0.3888888888888889,48,0.125,2.3640661938534278
45,switch_d0,regime_marginal,0.2,observed,all,stable,5616,198,80,70,118,5348,0.5333333333333333,0.40404040404040403,0.45977011494252873,0.012919896640826873,0.4435467044861798,0.8333333333333334,198,0.0,396,0.037037037037037035,1.0,1.0,0.3333333333333334,0.40404040404040403,0.40404040404040403,198,0.10101010101010101,4.798818752307124
45,switch_d0,regime_marginal,0.2,observed,warehouse,all,2160,108,35,24,73,2028,0.5932203389830508,0.32407407407407407,0.41916167664670656,0.011695906432748537,0.4402430850131863,0.7962962962962963,108,0.0,216,0.03594771241830065,1.0,1.0,0.3333333333333334,0.32407407407407407,0.32407407407407407,102,0.13725490196078433,2.9239766081871346
45,switch_d0,regime_marginal,0.2,observed,warehouse,transition,288,6,4,4,2,278,0.5,0.6666666666666666,0.5714285714285714,0.014184397163120567,0.5822751322751323,1.0,6,0.0,12,0.044444444444444446,1.0,1.0,0.3333333333333333,0.6666666666666666,0.6666666666666666,6,0.6666666666666666,0.0
45,switch_d0,regime_marginal,0.2,observed,warehouse,stable,1872,102,31,20,71,1750,0.6078431372549019,0.30392156862745096,0.40522875816993464,0.011299435028248588,0.43708679271576417,0.7843137254901961,102,0.0,204,0.034482758620689655,1.0,1.0,0.3333333333333335,0.30392156862745096,0.30392156862745096,96,0.10416666666666667,3.389830508474576
45,switch_d0,regime_marginal,0.2,observed,transit_smooth,all,2160,72,39,27,33,2061,0.5909090909090909,0.5416666666666666,0.5652173913043478,0.01293103448275862,0.5788507645929577,0.9444444444444444,72,0.0,144,0.038580246913580245,1.0,1.0,0.3333333333333333,0.5416666666666666,0.5416666666666666,102,0.11764705882352941,2.8735632183908044
45,switch_d0,regime_marginal,0.2,observed,transit_smooth,transition,288,6,3,2,3,280,0.6,0.5,0.5454545454545454,0.0070921985815602835,0.7545489740611693,1.0,6,0.0,12,0.022222222222222223,1.0,1.0,0.3333333333333333,0.5,0.5,30,0.06666666666666667,0.0
45,switch_d0,regime_marginal,0.2,observed,transit_smooth,stable,1872,66,36,25,30,1781,0.5901639344262295,0.5454545454545454,0.5669291338582677,0.013842746400885935,0.5711324390551434,0.9393939393939394,66,0.0,132,0.04121863799283154,1.0,1.0,0.33333333333333326,0.5454545454545454,0.5454545454545454,72,0.1388888888888889,3.3222591362126246
45,switch_d0,regime_marginal,0.2,observed,transit_rough,all,2160,36,13,33,23,2091,0.2826086956521739,0.3611111111111111,0.3170731707317073,0.015536723163841809,0.2836412027630473,0.6666666666666666,36,0.0,72,0.038011695906432746,1.0,1.0,0.33333333333333337,0.3611111111111111,0.3611111111111111,42,0.0,7.532956685499058
45,switch_d0,regime_marginal,0.2,observed,transit_rough,transition,288,6,0,8,6,274,0.0,0.0,0.0,0.028368794326241134,0.03077494467299361,0.16666666666666666,6,0.0,12,0.05555555555555555,1.0,1.0,0.3333333333333333,0.0,0.0,12,0.0,7.092198581560283
45,switch_d0,regime_marginal,0.2,observed,transit_rough,stable,1872,30,13,25,17,1817,0.34210526315789475,0.43333333333333335,0.38235294117647056,0.013572204125950055,0.36301642399271367,0.7666666666666667,30,0.0,60,0.03535353535353535,1.0,1.0,0.3333333333333334,0.43333333333333335,0.43333333333333335,30,0.0,7.60043431053203
45,switch_d0,regime_conditional,1.0,clean,all,all,6480,0,0,73,0,6407,0.0,,0.0,0.011265432098765432,,,0,,0,0.032407407407407406,1.0,1.0,,,,246,0.02032520325203252,10.802469135802468
45,switch_d0,regime_conditional,1.0,clean,all,transition,864,0,0,12,0,852,0.0,,0.0,0.013888888888888888,,,0,,0,0.03819444444444445,1.0,1.0,,,,48,0.041666666666666664,12.731481481481481
45,switch_d0,regime_conditional,1.0,clean,all,stable,5616,0,0,61,0,5555,0.0,,0.0,0.010861823361823363,,,0,,0,0.031517094017094016,1.0,1.0,,,,198,0.015151515151515152,10.505698005698006
45,switch_d0,regime_conditional,1.0,clean,warehouse,all,2160,0,0,15,0,2145,0.0,,0.0,0.006944444444444444,,,0,,0,0.019444444444444445,1.0,1.0,,,,102,0.00980392156862745,6.944444444444445
45,switch_d0,regime_conditional,1.0,clean,warehouse,transition,288,0,0,2,0,286,0.0,,0.0,0.006944444444444444,,,0,,0,0.020833333333333332,1.0,1.0,,,,6,0.0,6.944444444444445
45,switch_d0,regime_conditional,1.0,clean,warehouse,stable,1872,0,0,13,0,1859,0.0,,0.0,0.006944444444444444,,,0,,0,0.019230769230769232,1.0,1.0,,,,96,0.010416666666666666,6.944444444444445
45,switch_d0,regime_conditional,1.0,clean,transit_smooth,all,2160,0,0,18,0,2142,0.0,,0.0,0.008333333333333333,,,0,,0,0.025,1.0,1.0,,,,102,0.0,8.333333333333334
45,switch_d0,regime_conditional,1.0,clean,transit_smooth,transition,288,0,0,3,0,285,0.0,,0.0,0.010416666666666666,,,0,,0,0.03125,1.0,1.0,,,,30,0.0,10.416666666666666
45,switch_d0,regime_conditional,1.0,clean,transit_smooth,stable,1872,0,0,15,0,1857,0.0,,0.0,0.008012820512820512,,,0,,0,0.02403846153846154,1.0,1.0,,,,72,0.0,8.012820512820513
45,switch_d0,regime_conditional,1.0,clean,transit_rough,all,2160,0,0,40,0,2120,0.0,,0.0,0.018518518518518517,,,0,,0,0.05277777777777778,1.0,1.0,,,,42,0.09523809523809523,17.12962962962963
45,switch_d0,regime_conditional,1.0,clean,transit_rough,transition,288,0,0,7,0,281,0.0,,0.0,0.024305555555555556,,,0,,0,0.0625,1.0,1.0,,,,12,0.16666666666666666,20.833333333333332
45,switch_d0,regime_conditional,1.0,clean,transit_rough,stable,1872,0,0,33,0,1839,0.0,,0.0,0.017628205128205128,,,0,,0,0.05128205128205128,1.0,1.0,,,,30,0.06666666666666667,16.55982905982906
45,switch_d0,regime_conditional,1.0,observed,all,all,6480,216,81,84,135,6180,0.4909090909090909,0.375,0.4251968503937008,0.013409961685823755,0.4469882802060901,0.8333333333333334,216,0.037037037037037035,432,0.033950617283950615,1.0,1.0,0.3333333333333333,0.375,0.3055555555555556,246,0.02032520325203252,12.611749680715198
45,switch_d0,regime_conditional,1.0,observed,all,transition,864,18,5,11,13,835,0.3125,0.2777777777777778,0.29411764705882354,0.013002364066193853,0.37048861374149306,0.8888888888888888,18,0.0,36,0.037037037037037035,1.0,1.0,0.33333333333333326,0.2777777777777778,0.2777777777777778,48,0.041666666666666664,10.638297872340425
45,switch_d0,regime_conditional,1.0,observed,all,stable,5616,198,76,73,122,5345,0.5100671140939598,0.3838383838383838,0.43804034582132567,0.01347360649686231,0.4549524672733049,0.8282828282828283,198,0.04040404040404041,396,0.03345280764635603,1.0,1.0,0.3333333333333334,0.3838383838383838,0.30808080808080807,198,0.015151515151515152,12.919896640826874
45,switch_d0,regime_conditional,1.0,observed,warehouse,all,2160,108,44,22,64,2030,0.6666666666666666,0.4074074074074074,0.5057471264367817,0.010721247563352826,0.5642404417957738,0.8240740740740741,108,0.046296296296296294,216,0.0196078431372549,1.0,1.0,0.3333333333333334,0.4074074074074074,0.32407407407407407,102,0.00980392156862745,10.23391812865497
45,switch_d0,regime_conditional,1.0,observed,warehouse,transition,288,6,1,2,5,280,0.3333333333333333,0.16666666666666666,0.2222222222222222,0.0070921985815602835,0.522895622895623,1.0,6,0.0,12,0.022222222222222223,1.0,1.0,0.3333333333333333,0.16666666666666666,0.16666666666666666,6,0.0,7.092198581560283
45,switch_d0,regime_conditional,1.0,observed,warehouse,stable,1872,102,43,20,59,1750,0.6825396825396826,0.4215686274509804,0.5212121212121212,0.011299435028248588,0.5705668325047546,0.8137254901960784,102,0.049019607843137254,204,0.019157088122605363,1.0,1.0,0.3333333333333335,0.4215686274509804,0.3333333333333333,96,0.010416666666666666,10.734463276836157
45,switch_d0,regime_conditional,1.0,observed,transit_smooth,all,2160,72,31,22,41,2066,0.5849056603773585,0.4305555555555556,0.496,0.01053639846743295,0.4916990832877023,0.875,72,0.041666666666666664,144,0.024691358024691357,1.0,1.0,0.3333333333333333,0.4305555555555556,0.3472222222222222,102,0.0,10.53639846743295
45,switch_d0,regime_conditional,1.0,observed,transit_smooth,transition,288,6,2,2,4,280,0.5,0.3333333333333333,0.4,0.0070921985815602835,0.615831964969896,0.8333333333333334,6,0.0,12,0.022222222222222223,1.0,1.0,0.3333333333333333,0.3333333333333333,0.3333333333333333,30,0.0,7.092198581560283
45,switch_d0,regime_conditional,1.0,observed,transit_smooth,stable,1872,66,29,20,37,1786,0.5918367346938775,0.4393939393939394,0.5043478260869565,0.01107419712070875,0.4870674249556584,0.8787878787878788,66,0.045454545454545456,132,0.025089605734767026,1.0,1.0,0.33333333333333326,0.4393939393939394,0.3484848484848485,72,0.0,11.074197120708748
45,switch_d0,regime_conditional,1.0,observed,transit_rough,all,2160,36,6,40,30,2084,0.13043478260869565,0.16666666666666666,0.14634146341463414,0.018832391713747645,0.15047024325006772,0.7777777777777778,36,0.0,72,0.05555555555555555,1.0,1.0,0.33333333333333337,0.16666666666666666,0.16666666666666666,42,0.09523809523809523,16.949152542372882
45,switch_d0,regime_conditional,1.0,observed,transit_rough,transition,288,6,2,7,4,275,0.2222222222222222,0.3333333333333333,0.26666666666666666,0.024822695035460994,0.2603962418300654,0.8333333333333334,6,0.0,12,0.06666666666666667,1.0,1.0,0.3333333333333333,0.3333333333333333,0.3333333333333333,12,0.16666666666666666,17.73049645390071
45,switch_d0,regime_conditional,1.0,observed,transit_rough,stable,1872,30,4,33,26,1809,0.10810810810810811,0.13333333333333333,0.11940298507462686,0.017915309446254073,0.13796091382653844,0.7666666666666667,30,0.0,60,0.05387205387205387,1.0,1.0,0.3333333333333334,0.13333333333333333,0.13333333333333333,30,0.06666666666666667,16.829533116178066
45,switch_d0,regime_conditional,0.2,clean,all,all,6480,0,0,48,0,6432,0.0,,0.0,0.007407407407407408,,,0,,0,0.021296296296296296,1.0,1.0,,,,246,0.0040650406504065045,4.320987654320987
45,switch_d0,regime_conditional,0.2,clean,all,transition,864,0,0,3,0,861,0.0,,0.0,0.003472222222222222,,,0,,0,0.010416666666666666,1.0,1.0,,,,48,0.0,2.314814814814815
45,switch_d0,regime_conditional,0.2,clean,all,stable,5616,0,0,45,0,5571,0.0,,0.0,0.008012820512820512,,,0,,0,0.022970085470085472,1.0,1.0,,,,198,0.005050505050505051,4.62962962962963
45,switch_d0,regime_conditional,0.2,clean,warehouse,all,2160,0,0,19,0,2141,0.0,,0.0,0.008796296296296297,,,0,,0,0.02361111111111111,1.0,1.0,,,,102,0.0,4.166666666666667
45,switch_d0,regime_conditional,0.2,clean,warehouse,transition,288,0,0,0,0,288,,,,0.0,,,0,,0,0.0,1.0,1.0,,,,6,0.0,0.0
45,switch_d0,regime_conditional,0.2,clean,warehouse,stable,1872,0,0,19,0,1853,0.0,,0.0,0.01014957264957265,,,0,,0,0.027243589743589744,1.0,1.0,,,,96,0.0,4.8076923076923075
45,switch_d0,regime_conditional,0.2,clean,transit_smooth,all,2160,0,0,14,0,2146,0.0,,0.0,0.006481481481481481,,,0,,0,0.019444444444444445,1.0,1.0,,,,102,0.0,4.166666666666667
45,switch_d0,regime_conditional,0.2,clean,transit_smooth,transition,288,0,0,0,0,288,,,,0.0,,,0,,0,0.0,1.0,1.0,,,,30,0.0,0.0
45,switch_d0,regime_conditional,0.2,clean,transit_smooth,stable,1872,0,0,14,0,1858,0.0,,0.0,0.007478632478632479,,,0,,0,0.022435897435897436,1.0,1.0,,,,72,0.0,4.8076923076923075
45,switch_d0,regime_conditional,0.2,clean,transit_rough,all,2160,0,0,15,0,2145,0.0,,0.0,0.006944444444444444,,,0,,0,0.020833333333333332,1.0,1.0,,,,42,0.023809523809523808,4.62962962962963
45,switch_d0,regime_conditional,0.2,clean,transit_rough,transition,288,0,0,3,0,285,0.0,,0.0,0.010416666666666666,,,0,,0,0.03125,1.0,1.0,,,,12,0.0,6.944444444444445
45,switch_d0,regime_conditional,0.2,clean,transit_rough,stable,1872,0,0,12,0,1860,0.0,,0.0,0.00641025641025641,,,0,,0,0.019230769230769232,1.0,1.0,,,,30,0.03333333333333333,4.273504273504273
45,switch_d0,regime_conditional,0.2,observed,all,all,6480,216,160,175,56,6089,0.47761194029850745,0.7407407407407407,0.5807622504537205,0.02793742017879949,0.6086752269198311,0.8472222222222222,216,0.13425925925925927,432,0.05606995884773663,1.0,1.0,0.3333333333333333,0.7407407407407407,0.5046296296296297,246,0.24796747967479674,7.183908045977011
45,switch_d0,regime_conditional,0.2,observed,all,transition,864,18,12,12,6,834,0.5,0.6666666666666666,0.5714285714285714,0.014184397163120567,0.5181137890805914,0.7222222222222222,18,0.05555555555555555,36,0.037037037037037035,1.0,1.0,0.33333333333333326,0.6666666666666666,0.5555555555555556,48,0.14583333333333334,3.5460992907801416
45,switch_d0,regime_conditional,0.2,observed,all,stable,5616,198,148,163,50,5255,0.4758842443729904,0.7474747474747475,0.581532416502947,0.030084902177925435,0.6183772558829992,0.8585858585858586,198,0.1414141414141414,396,0.05913978494623656,1.0,1.0,0.3333333333333334,0.7474747474747475,0.5,198,0.2727272727272727,7.751937984496124
45,switch_d0,regime_conditional,0.2,observed,warehouse,all,2160,108,83,95,25,1957,0.46629213483146065,0.7685185185185185,0.5804195804195804,0.046296296296296294,0.606071905621458,0.8240740740740741,108,0.1574074074074074,216,0.09313725490196079,1.0,1.0,0.3333333333333334,0.7685185185185185,0.5185185185185185,102,0.39215686274509803,9.746588693957115
45,switch_d0,regime_conditional,0.2,observed,warehouse,transition,288,6,5,4,1,278,0.5555555555555556,0.8333333333333334,0.6666666666666666,0.014184397163120567,0.5597643097643098,1.0,6,0.0,12,0.044444444444444446,1.0,1.0,0.3333333333333333,0.8333333333333334,0.8333333333333334,6,0.6666666666666666,0.0
45,switch_d0,regime_conditional,0.2,observed,warehouse,stable,1872,102,78,91,24,1679,0.46153846153846156,0.7647058823529411,0.5756457564575646,0.05141242937853107,0.6115901152005618,0.8137254901960784,102,0.16666666666666666,204,0.10153256704980843,1.0,1.0,0.3333333333333335,0.7647058823529411,0.5,96,0.375,11.299435028248588
45,switch_d0,regime_conditional,0.2,observed,transit_smooth,all,2160,72,53,64,19,2024,0.452991452991453,0.7361111111111112,0.5608465608465608,0.03065134099616858,0.626720612632098,0.9166666666666666,72,0.1527777777777778,144,0.05864197530864197,1.0,1.0,0.3333333333333333,0.7361111111111112,0.4305555555555556,102,0.20588235294117646,7.183908045977011
45,switch_d0,regime_conditional,0.2,observed,transit_smooth,transition,288,6,5,3,1,279,0.625,0.8333333333333334,0.7142857142857143,0.010638297872340425,0.679861111111111,1.0,6,0.0,12,0.03333333333333333,1.0,1.0,0.3333333333333333,0.8333333333333334,0.8333333333333334,30,0.1,0.0
45,switch_d0,regime_conditional,0.2,observed,transit_smooth,stable,1872,66,48,61,18,1745,0.44036697247706424,0.7272727272727273,0.5485714285714286,0.033776301218161685,0.6232356546548169,0.9090909090909091,66,0.16666666666666666,132,0.06272401433691756,1.0,1.0,0.33333333333333326,0.7272727272727273,0.3939393939393939,72,0.25,8.305647840531561
45,switch_d0,regime_conditional,0.2,observed,transit_rough,all,2160,36,24,16,12,2108,0.6,0.6666666666666666,0.631578947368421,0.007532956685499058,0.7036818780599455,0.7777777777777778,36,0.027777777777777776,72,0.02046783625730994,1.0,1.0,0.33333333333333337,0.6666666666666666,0.6111111111111112,42,0.0,4.708097928436912
45,switch_d0,regime_conditional,0.2,observed,transit_rough,transition,288,6,2,5,4,277,0.2857142857142857,0.3333333333333333,0.3076923076923077,0.01773049645390071,0.36916483988824417,0.16666666666666666,6,0.16666666666666666,12,0.03333333333333333,1.0,1.0,0.3333333333333333,0.3333333333333333,0.0,12,0.0,10.638297872340425
45,switch_d0,regime_conditional,0.2,observed,transit_rough,stable,1872,30,22,11,8,1831,0.6666666666666666,0.7333333333333333,0.6984126984126984,0.005971769815418024,0.7674868106868551,0.9,30,0.0,60,0.018518518518518517,1.0,1.0,0.3333333333333334,0.7333333333333333,0.7333333333333333,30,0.0,3.800217155266015
45,switch_d4,regime_marginal,1.0,clean,all,all,6480,0,0,208,0,6272,0.0,,0.0,0.03209876543209877,,,0,,0,0.07175925925925926,1.0,1.0,,,,246,0.036585365853658534,16.97530864197531
45,switch_d4,regime_marginal,1.0,clean,all,transition,864,0,0,150,0,714,0.0,,0.0,0.1736111111111111,,,0,,0,0.3541666666666667,1.0,1.0,,,,48,0.14583333333333334,63.657407407407405
45,switch_d4,regime_marginal,1.0,clean,all,stable,5616,0,0,58,0,5558,0.0,,0.0,0.010327635327635327,,,0,,0,0.028311965811965812,1.0,1.0,,,,198,0.010101010101010102,9.793447293447294
45,switch_d4,regime_marginal,1.0,clean,warehouse,all,2160,0,0,67,0,2093,0.0,,0.0,0.031018518518518518,,,0,,0,0.05694444444444444,1.0,1.0,,,,102,0.0,13.425925925925926
45,switch_d4,regime_marginal,1.0,clean,warehouse,transition,288,0,0,56,0,232,0.0,,0.0,0.19444444444444445,,,0,,0,0.3333333333333333,1.0,1.0,,,,6,0.0,65.97222222222223
45,switch_d4,regime_marginal,1.0,clean,warehouse,stable,1872,0,0,11,0,1861,0.0,,0.0,0.005876068376068376,,,0,,0,0.014423076923076924,1.0,1.0,,,,96,0.0,5.3418803418803416
45,switch_d4,regime_marginal,1.0,clean,transit_smooth,all,2160,0,0,65,0,2095,0.0,,0.0,0.03009259259259259,,,0,,0,0.06388888888888888,1.0,1.0,,,,102,0.06862745098039216,14.351851851851851
45,switch_d4,regime_marginal,1.0,clean,transit_smooth,transition,288,0,0,51,0,237,0.0,,0.0,0.17708333333333334,,,0,,0,0.34375,1.0,1.0,,,,30,0.23333333333333334,62.5
45,switch_d4,regime_marginal,1.0,clean,transit_smooth,stable,1872,0,0,14,0,1858,0.0,,0.0,0.007478632478632479,,,0,,0,0.020833333333333332,1.0,1.0,,,,72,0.0,6.944444444444445
45,switch_d4,regime_marginal,1.0,clean,transit_rough,all,2160,0,0,76,0,2084,0.0,,0.0,0.03518518518518519,,,0,,0,0.09444444444444444,1.0,1.0,,,,42,0.047619047619047616,23.14814814814815
45,switch_d4,regime_marginal,1.0,clean,transit_rough,transition,288,0,0,43,0,245,0.0,,0.0,0.14930555555555555,,,0,,0,0.3854166666666667,1.0,1.0,,,,12,0.0,62.5
45,switch_d4,regime_marginal,1.0,clean,transit_rough,stable,1872,0,0,33,0,1839,0.0,,0.0,0.017628205128205128,,,0,,0,0.049679487179487176,1.0,1.0,,,,30,0.06666666666666667,17.094017094017094
45,switch_d4,regime_marginal,1.0,observed,all,all,6480,216,60,203,156,6061,0.22813688212927757,0.2777777777777778,0.25052192066805845,0.032407407407407406,0.15202462763824437,0.7870370370370371,216,0.02546296296296296,432,0.07304526748971193,1.0,1.0,0.3333333333333333,0.2777777777777778,0.2361111111111111,246,0.036585365853658534,17.24137931034483
45,switch_d4,regime_marginal,1.0,observed,all,transition,864,18,11,146,7,700,0.07006369426751592,0.6111111111111112,0.12571428571428572,0.17257683215130024,0.0603097764543948,0.5555555555555556,18,0.3055555555555556,36,0.3333333333333333,1.0,1.0,0.33333333333333326,0.6111111111111112,0.1111111111111111,48,0.14583333333333334,63.829787234042556
45,switch_d4,regime_marginal,1.0,observed,all,stable,5616,198,49,57,149,5361,0.46226415094339623,0.2474747474747475,0.3223684210526316,0.010520487264673311,0.3235469978587111,0.8080808080808081,198,0.0,396,0.03106332138590203,1.0,1.0,0.3333333333333334,0.2474747474747475,0.2474747474747475,198,0.010101010101010102,9.966777408637874
45,switch_d4,regime_marginal,1.0,observed,warehouse,all,2160,108,23,63,85,1989,0.26744186046511625,0.21296296296296297,0.23711340206185566,0.03070175438596491,0.21054163218828342,0.7777777777777778,108,0.013888888888888888,216,0.06045751633986928,1.0,1.0,0.3333333333333334,0.21296296296296297,0.18518518518518517,102,0.0,13.645224171539962
45,switch_d4,regime_marginal,1.0,observed,warehouse,transition,288,6,4,52,2,230,0.07142857142857142,0.6666666666666666,0.12903225806451613,0.18439716312056736,0.08347485963239579,1.0,6,0.25,12,0.3111111111111111,1.0,1.0,0.3333333333333333,0.6666666666666666,0.16666666666666666,6,0.0,63.829787234042556
45,switch_d4,regime_marginal,1.0,observed,warehouse,stable,1872,102,19,11,83,1759,0.6333333333333333,0.18627450980392157,0.2878787878787879,0.0062146892655367235,0.41354037681009664,0.7647058823529411,102,0.0,204,0.017241379310344827,1.0,1.0,0.3333333333333335,0.18627450980392157,0.18627450980392157,96,0.0,5.649717514124294
45,switch_d4,regime_marginal,1.0,observed,transit_smooth,all,2160,72,30,65,42,2023,0.3157894736842105,0.4166666666666667,0.3592814371257485,0.031130268199233715,0.19783716515323102,0.8194444444444444,72,0.027777777777777776,144,0.06481481481481481,1.0,1.0,0.3333333333333333,0.4166666666666667,0.3611111111111111,102,0.06862745098039216,14.846743295019158
45,switch_d4,regime_marginal,1.0,observed,transit_smooth,transition,288,6,5,51,1,231,0.08928571428571429,0.8333333333333334,0.16129032258064516,0.18085106382978725,0.07087917544760476,0.3333333333333333,6,0.3333333333333333,12,0.32222222222222224,1.0,1.0,0.3333333333333333,0.8333333333333334,0.16666666666666666,30,0.23333333333333334,63.829787234042556
45,switch_d4,regime_marginal,1.0,observed,transit_smooth,stable,1872,66,25,14,41,1792,0.6410256410256411,0.3787878787878788,0.47619047619047616,0.007751937984496124,0.46332300347364747,0.8636363636363636,66,0.0,132,0.023297491039426525,1.0,1.0,0.33333333333333326,0.3787878787878788,0.3787878787878788,72,0.0,7.198228128460687
45,switch_d4,regime_marginal,1.0,observed,transit_rough,all,2160,36,7,75,29,2049,0.08536585365853659,0.19444444444444445,0.11864406779661017,0.03531073446327684,0.06417055060536238,0.75,36,0.05555555555555555,72,0.09210526315789473,1.0,1.0,0.33333333333333337,0.19444444444444445,0.1388888888888889,42,0.047619047619047616,23.069679849340865
45,switch_d4,regime_marginal,1.0,observed,transit_rough,transition,288,6,2,43,4,239,0.044444444444444446,0.3333333333333333,0.0784313725490196,0.1524822695035461,0.05135501293018573,0.3333333333333333,6,0.3333333333333333,12,0.36666666666666664,1.0,1.0,0.3333333333333333,0.3333333333333333,0.0,12,0.0,63.829787234042556
45,switch_d4,regime_marginal,1.0,observed,transit_rough,stable,1872,30,5,32,25,1810,0.13513513513513514,0.16666666666666666,0.14925373134328357,0.01737242128121607,0.13190173455679582,0.8333333333333334,30,0.0,60,0.050505050505050504,1.0,1.0,0.3333333333333334,0.16666666666666666,0.16666666666666666,30,0.06666666666666667,16.829533116178066
45,switch_d4,regime_marginal,0.2,clean,all,all,6480,0,0,172,0,6308,0.0,,0.0,0.02654320987654321,,,0,,0,0.06342592592592593,1.0,1.0,,,,246,0.016260162601626018,9.722222222222221
45,switch_d4,regime_marginal,0.2,clean,all,transition,864,0,0,122,0,742,0.0,,0.0,0.1412037037037037,,,0,,0,0.3298611111111111,1.0,1.0,,,,48,0.08333333333333333,43.98148148148148
45,switch_d4,regime_marginal,0.2,clean,all,stable,5616,0,0,50,0,5566,0.0,,0.0,0.008903133903133903,,,0,,0,0.022435897435897436,1.0,1.0,,,,198,0.0,4.451566951566951
45,switch_d4,regime_marginal,0.2,clean,warehouse,all,2160,0,0,50,0,2110,0.0,,0.0,0.023148148148148147,,,0,,0,0.05416666666666667,1.0,1.0,,,,102,0.0,8.333333333333334
45,switch_d4,regime_marginal,0.2,clean,warehouse,transition,288,0,0,40,0,248,0.0,,0.0,0.1388888888888889,,,0,,0,0.3229166666666667,1.0,1.0,,,,6,0.0,45.138888888888886
45,switch_d4,regime_marginal,0.2,clean,warehouse,stable,1872,0,0,10,0,1862,0.0,,0.0,0.005341880341880342,,,0,,0,0.01282051282051282,1.0,1.0,,,,96,0.0,2.6709401709401708
45,switch_d4,regime_marginal,0.2,clean,transit_smooth,all,2160,0,0,56,0,2104,0.0,,0.0,0.025925925925925925,,,0,,0,0.0625,1.0,1.0,,,,102,0.0392156862745098,8.333333333333334
45,switch_d4,regime_marginal,0.2,clean,transit_smooth,transition,288,0,0,41,0,247,0.0,,0.0,0.1423611111111111,,,0,,0,0.3333333333333333,1.0,1.0,,,,30,0.13333333333333333,41.666666666666664
45,switch_d4,regime_marginal,0.2,clean,transit_smooth,stable,1872,0,0,15,0,1857,0.0,,0.0,0.008012820512820512,,,0,,0,0.020833333333333332,1.0,1.0,,,,72,0.0,3.2051282051282053
45,switch_d4,regime_marginal,0.2,clean,transit_rough,all,2160,0,0,66,0,2094,0.0,,0.0,0.030555555555555555,,,0,,0,0.07361111111111111,1.0,1.0,,,,42,0.0,12.5
45,switch_d4,regime_marginal,0.2,clean,transit_rough,transition,288,0,0,41,0,247,0.0,,0.0,0.1423611111111111,,,0,,0,0.3333333333333333,1.0,1.0,,,,12,0.0,45.138888888888886
45,switch_d4,regime_marginal,0.2,clean,transit_rough,stable,1872,0,0,25,0,1847,0.0,,0.0,0.013354700854700854,,,0,,0,0.03365384615384615,1.0,1.0,,,,30,0.0,7.478632478632479
45,switch_d4,regime_marginal,0.2,observed,all,all,6480,216,86,189,130,6075,0.31272727272727274,0.39814814814814814,0.35030549898167007,0.03017241379310345,0.18982225265180327,0.8009259259259259,216,0.018518518518518517,432,0.07510288065843622,1.0,1.0,0.3333333333333333,0.39814814814814814,0.38425925925925924,246,0.1016260162601626,10.217113665389528
45,switch_d4,regime_marginal,0.2,observed,all,transition,864,18,6,119,12,727,0.048,0.3333333333333333,0.08391608391608392,0.14066193853427897,0.04472191570371917,0.5,18,0.2222222222222222,36,0.3111111111111111,1.0,1.0,0.33333333333333326,0.3333333333333333,0.16666666666666666,48,0.10416666666666667,44.917257683215134
45,switch_d4,regime_marginal,0.2,observed,all,stable,5616,198,80,70,118,5348,0.5333333333333333,0.40404040404040403,0.45977011494252873,0.012919896640826873,0.4435278632727281,0.8282828282828283,198,0.0,396,0.037037037037037035,1.0,1.0,0.3333333333333334,0.40404040404040403,0.40404040404040403,198,0.10101010101010101,4.798818752307124
45,switch_d4,regime_marginal,0.2,observed,warehouse,all,2160,108,35,56,73,1996,0.38461538461538464,0.32407407407407407,0.35175879396984927,0.02729044834307992,0.2503542779849377,0.7870370370370371,108,0.004629629629629629,216,0.07352941176470588,1.0,1.0,0.3333333333333334,0.32407407407407407,0.3148148148148148,102,0.09803921568627451,8.771929824561404
45,switch_d4,regime_marginal,0.2,observed,warehouse,transition,288,6,4,36,2,246,0.1,0.6666666666666666,0.17391304347826086,0.1276595744680851,0.11771418712412501,1.0,6,0.08333333333333333,12,0.3,1.0,1.0,0.3333333333333333,0.6666666666666666,0.5,6,0.0,42.5531914893617
45,switch_d4,regime_marginal,0.2,observed,warehouse,stable,1872,102,31,20,71,1750,0.6078431372549019,0.30392156862745096,0.40522875816993464,0.011299435028248588,0.43689800852040855,0.7745098039215687,102,0.0,204,0.034482758620689655,1.0,1.0,0.3333333333333335,0.30392156862745096,0.30392156862745096,96,0.10416666666666667,3.389830508474576
45,switch_d4,regime_marginal,0.2,observed,transit_smooth,all,2160,72,38,67,34,2021,0.3619047619047619,0.5277777777777778,0.4293785310734463,0.032088122605363985,0.2337491469618959,0.8888888888888888,72,0.027777777777777776,144,0.0787037037037037,1.0,1.0,0.3333333333333333,0.5277777777777778,0.5,102,0.14705882352941177,9.099616858237548
45,switch_d4,regime_marginal,0.2,observed,transit_smooth,transition,288,6,2,42,4,240,0.045454545454545456,0.3333333333333333,0.08,0.14893617021276595,0.058063273360740714,0.3333333333333333,6,0.3333333333333333,12,0.3111111111111111,1.0,1.0,0.3333333333333333,0.3333333333333333,0.0,30,0.16666666666666666,46.09929078014184
45,switch_d4,regime_marginal,0.2,observed,transit_smooth,stable,1872,66,36,25,30,1781,0.5901639344262295,0.5454545454545454,0.5669291338582677,0.013842746400885935,0.5707197605041342,0.9393939393939394,66,0.0,132,0.04121863799283154,1.0,1.0,0.33333333333333326,0.5454545454545454,0.5454545454545454,72,0.1388888888888889,3.3222591362126246
45,switch_d4,regime_marginal,0.2,observed,transit_rough,all,2160,36,13,66,23,2058,0.16455696202531644,0.3611111111111111,0.22608695652173913,0.031073446327683617,0.09932590230730634,0.6666666666666666,36,0.041666666666666664,72,0.07309941520467836,1.0,1.0,0.33333333333333337,0.3611111111111111,0.3611111111111111,42,0.0,12.711864406779661
45,switch_d4,regime_marginal,0.2,observed,transit_rough,transition,288,6,0,41,6,241,0.0,0.0,0.0,0.1453900709219858,0.022122114946143145,0.16666666666666666,6,0.25,12,0.32222222222222224,1.0,1.0,0.3333333333333333,0.0,0.0,12,0.0,46.09929078014184
45,switch_d4,regime_marginal,0.2,observed,transit_rough,stable,1872,30,13,25,17,1817,0.34210526315789475,0.43333333333333335,0.38235294117647056,0.013572204125950055,0.36440889966237255,0.7666666666666667,30,0.0,60,0.03535353535353535,1.0,1.0,0.3333333333333334,0.43333333333333335,0.43333333333333335,30,0.0,7.60043431053203
45,switch_d4,regime_conditional,1.0,clean,all,all,6480,0,0,217,0,6263,0.0,,0.0,0.03348765432098765,,,0,,0,0.07407407407407407,1.0,1.0,,,,246,0.032520325203252036,17.901234567901234
45,switch_d4,regime_conditional,1.0,clean,all,transition,864,0,0,156,0,708,0.0,,0.0,0.18055555555555555,,,0,,0,0.3506944444444444,1.0,1.0,,,,48,0.10416666666666667,65.97222222222223
45,switch_d4,regime_conditional,1.0,clean,all,stable,5616,0,0,61,0,5555,0.0,,0.0,0.010861823361823363,,,0,,0,0.031517094017094016,1.0,1.0,,,,198,0.015151515151515152,10.505698005698006
45,switch_d4,regime_conditional,1.0,clean,warehouse,all,2160,0,0,49,0,2111,0.0,,0.0,0.022685185185185187,,,0,,0,0.0625,1.0,1.0,,,,102,0.00980392156862745,11.11111111111111
45,switch_d4,regime_conditional,1.0,clean,warehouse,transition,288,0,0,36,0,252,0.0,,0.0,0.125,,,0,,0,0.34375,1.0,1.0,,,,6,0.0,38.19444444444444
45,switch_d4,regime_conditional,1.0,clean,warehouse,stable,1872,0,0,13,0,1859,0.0,,0.0,0.006944444444444444,,,0,,0,0.019230769230769232,1.0,1.0,,,,96,0.010416666666666666,6.944444444444445
45,switch_d4,regime_conditional,1.0,clean,transit_smooth,all,2160,0,0,85,0,2075,0.0,,0.0,0.03935185185185185,,,0,,0,0.06666666666666667,1.0,1.0,,,,102,0.029411764705882353,17.12962962962963
45,switch_d4,regime_conditional,1.0,clean,transit_smooth,transition,288,0,0,70,0,218,0.0,,0.0,0.24305555555555555,,,0,,0,0.34375,1.0,1.0,,,,30,0.1,76.38888888888889
45,switch_d4,regime_conditional,1.0,clean,transit_smooth,stable,1872,0,0,15,0,1857,0.0,,0.0,0.008012820512820512,,,0,,0,0.02403846153846154,1.0,1.0,,,,72,0.0,8.012820512820513
45,switch_d4,regime_conditional,1.0,clean,transit_rough,all,2160,0,0,83,0,2077,0.0,,0.0,0.038425925925925926,,,0,,0,0.09305555555555556,1.0,1.0,,,,42,0.09523809523809523,25.462962962962962
45,switch_d4,regime_conditional,1.0,clean,transit_rough,transition,288,0,0,50,0,238,0.0,,0.0,0.1736111111111111,,,0,,0,0.3645833333333333,1.0,1.0,,,,12,0.16666666666666666,83.33333333333333
45,switch_d4,regime_conditional,1.0,clean,transit_rough,stable,1872,0,0,33,0,1839,0.0,,0.0,0.017628205128205128,,,0,,0,0.05128205128205128,1.0,1.0,,,,30,0.06666666666666667,16.55982905982906
45,switch_d4,regime_conditional,1.0,observed,all,all,6480,216,87,218,129,6046,0.28524590163934427,0.4027777777777778,0.33397312859884837,0.034802043422733075,0.19925979720911052,0.8055555555555556,216,0.05787037037037037,432,0.07458847736625514,1.0,1.0,0.3333333333333333,0.4027777777777778,0.3148148148148148,246,0.032520325203252036,19.6360153256705
45,switch_d4,regime_conditional,1.0,observed,all,transition,864,18,11,145,7,701,0.07051282051282051,0.6111111111111112,0.12643678160919541,0.17139479905437352,0.05290807724281163,0.5555555555555556,18,0.25,36,0.3296296296296296,1.0,1.0,0.33333333333333326,0.6111111111111112,0.3888888888888889,48,0.10416666666666667,62.64775413711584
45,switch_d4,regime_conditional,1.0,observed,all,stable,5616,198,76,73,122,5345,0.5100671140939598,0.3838383838383838,0.43804034582132567,0.01347360649686231,0.4549524672733049,0.8282828282828283,198,0.04040404040404041,396,0.03345280764635603,1.0,1.0,0.3333333333333334,0.3838383838383838,0.30808080808080807,198,0.015151515151515152,12.919896640826874
45,switch_d4,regime_conditional,1.0,observed,warehouse,all,2160,108,47,52,61,2000,0.47474747474747475,0.4351851851851852,0.45410628019323673,0.025341130604288498,0.3295566933056018,0.8240740740740741,108,0.046296296296296294,216,0.06372549019607843,1.0,1.0,0.3333333333333334,0.4351851851851852,0.35185185185185186,102,0.00980392156862745,14.619883040935672
45,switch_d4,regime_conditional,1.0,observed,warehouse,transition,288,6,4,32,2,250,0.1111111111111111,0.6666666666666666,0.19047619047619047,0.11347517730496454,0.10300576418462598,1.0,6,0.0,12,0.32222222222222224,1.0,1.0,0.3333333333333333,0.6666666666666666,0.6666666666666666,6,0.0,39.00709219858156
45,switch_d4,regime_conditional,1.0,observed,warehouse,stable,1872,102,43,20,59,1750,0.6825396825396826,0.4215686274509804,0.5212121212121212,0.011299435028248588,0.5705668325047546,0.8137254901960784,102,0.049019607843137254,204,0.019157088122605363,1.0,1.0,0.3333333333333335,0.4215686274509804,0.3333333333333333,96,0.010416666666666666,10.734463276836157
45,switch_d4,regime_conditional,1.0,observed,transit_smooth,all,2160,72,34,84,38,2004,0.288135593220339,0.4722222222222222,0.35789473684210527,0.040229885057471264,0.1985612938301321,0.8333333333333334,72,0.06944444444444445,144,0.06635802469135803,1.0,1.0,0.3333333333333333,0.4722222222222222,0.3333333333333333,102,0.029411764705882353,19.157088122605366
45,switch_d4,regime_conditional,1.0,observed,transit_smooth,transition,288,6,5,64,1,218,0.07246376811594203,0.8333333333333334,0.13333333333333333,0.22695035460992907,0.07386756063226652,0.3333333333333333,6,0.3333333333333333,12,0.32222222222222224,1.0,1.0,0.3333333333333333,0.8333333333333334,0.16666666666666666,30,0.1,70.92198581560284
45,switch_d4,regime_conditional,1.0,observed,transit_smooth,stable,1872,66,29,20,37,1786,0.5918367346938775,0.4393939393939394,0.5043478260869565,0.01107419712070875,0.4870674249556584,0.8787878787878788,66,0.045454545454545456,132,0.025089605734767026,1.0,1.0,0.33333333333333326,0.4393939393939394,0.3484848484848485,72,0.0,11.074197120708748
45,switch_d4,regime_conditional,1.0,observed,transit_rough,all,2160,36,6,82,30,2042,0.06818181818181818,0.16666666666666666,0.0967741935483871,0.038606403013182675,0.06685344952549994,0.6944444444444444,36,0.06944444444444445,72,0.09210526315789473,1.0,1.0,0.33333333333333337,0.16666666666666666,0.16666666666666666,42,0.09523809523809523,24.95291902071563
45,switch_d4,regime_conditional,1.0,observed,transit_rough,transition,288,6,2,49,4,233,0.0392156862745098,0.3333333333333333,0.07017543859649122,0.17375886524822695,0.026737566935349125,0.3333333333333333,6,0.4166666666666667,12,0.34444444444444444,1.0,1.0,0.3333333333333333,0.3333333333333333,0.3333333333333333,12,0.16666666666666666,78.01418439716312
45,switch_d4,regime_conditional,1.0,observed,transit_rough,stable,1872,30,4,33,26,1809,0.10810810810810811,0.13333333333333333,0.11940298507462686,0.017915309446254073,0.13796091382653844,0.7666666666666667,30,0.0,60,0.05387205387205387,1.0,1.0,0.3333333333333334,0.13333333333333333,0.13333333333333333,30,0.06666666666666667,16.829533116178066
45,switch_d4,regime_conditional,0.2,clean,all,all,6480,0,0,201,0,6279,0.0,,0.0,0.031018518518518518,,,0,,0,0.06435185185185185,1.0,1.0,,,,246,0.024390243902439025,11.728395061728396
45,switch_d4,regime_conditional,0.2,clean,all,transition,864,0,0,156,0,708,0.0,,0.0,0.18055555555555555,,,0,,0,0.3333333333333333,1.0,1.0,,,,48,0.10416666666666667,57.870370370370374
45,switch_d4,regime_conditional,0.2,clean,all,stable,5616,0,0,45,0,5571,0.0,,0.0,0.008012820512820512,,,0,,0,0.022970085470085472,1.0,1.0,,,,198,0.005050505050505051,4.62962962962963
45,switch_d4,regime_conditional,0.2,clean,warehouse,all,2160,0,0,60,0,2100,0.0,,0.0,0.027777777777777776,,,0,,0,0.06805555555555555,1.0,1.0,,,,102,0.0,10.185185185185185
45,switch_d4,regime_conditional,0.2,clean,warehouse,transition,288,0,0,41,0,247,0.0,,0.0,0.1423611111111111,,,0,,0,0.3333333333333333,1.0,1.0,,,,6,0.0,45.138888888888886
45,switch_d4,regime_conditional,0.2,clean,warehouse,stable,1872,0,0,19,0,1853,0.0,,0.0,0.01014957264957265,,,0,,0,0.027243589743589744,1.0,1.0,,,,96,0.0,4.8076923076923075
45,switch_d4,regime_conditional,0.2,clean,transit_smooth,all,2160,0,0,82,0,2078,0.0,,0.0,0.03796296296296296,,,0,,0,0.06388888888888888,1.0,1.0,,,,102,0.0392156862745098,12.5
45,switch_d4,regime_conditional,0.2,clean,transit_smooth,transition,288,0,0,68,0,220,0.0,,0.0,0.2361111111111111,,,0,,0,0.3333333333333333,1.0,1.0,,,,30,0.13333333333333333,62.5
45,switch_d4,regime_conditional,0.2,clean,transit_smooth,stable,1872,0,0,14,0,1858,0.0,,0.0,0.007478632478632479,,,0,,0,0.022435897435897436,1.0,1.0,,,,72,0.0,4.8076923076923075
45,switch_d4,regime_conditional,0.2,clean,transit_rough,all,2160,0,0,59,0,2101,0.0,,0.0,0.027314814814814816,,,0,,0,0.06111111111111111,1.0,1.0,,,,42,0.047619047619047616,12.5
45,switch_d4,regime_conditional,0.2,clean,transit_rough,transition,288,0,0,47,0,241,0.0,,0.0,0.16319444444444445,,,0,,0,0.3333333333333333,1.0,1.0,,,,12,0.08333333333333333,65.97222222222223
45,switch_d4,regime_conditional,0.2,clean,transit_rough,stable,1872,0,0,12,0,1860,0.0,,0.0,0.00641025641025641,,,0,,0,0.019230769230769232,1.0,1.0,,,,30,0.03333333333333333,4.273504273504273
45,switch_d4,regime_conditional,0.2,observed,all,all,6480,216,156,312,60,5952,0.3333333333333333,0.7222222222222222,0.45614035087719296,0.04980842911877394,0.27476494410985963,0.8240740740740741,216,0.16203703703703703,432,0.09567901234567901,1.0,1.0,0.3333333333333333,0.7222222222222222,0.4675925925925926,246,0.2601626016260163,14.048531289910601
45,switch_d4,regime_conditional,0.2,observed,all,transition,864,18,9,149,9,697,0.056962025316455694,0.5,0.10227272727272728,0.17612293144208038,0.04662689840749241,0.5555555555555556,18,0.3888888888888889,36,0.32222222222222224,1.0,1.0,0.33333333333333326,0.5,0.16666666666666666,48,0.20833333333333334,54.37352245862884
45,switch_d4,regime_conditional,0.2,observed,all,stable,5616,198,147,163,51,5255,0.47419354838709676,0.7424242424242424,0.5787401574803149,0.030084902177925435,0.6181507995598317,0.8484848484848485,198,0.1414141414141414,396,0.05913978494623656,1.0,1.0,0.3333333333333334,0.7424242424242424,0.494949494949495,198,0.2727272727272727,7.751937984496124
45,switch_d4,regime_conditional,0.2,observed,warehouse,all,2160,108,81,130,27,1922,0.38388625592417064,0.75,0.5078369905956113,0.06335282651072124,0.3765697639951293,0.8055555555555556,108,0.16666666666666666,216,0.13562091503267973,1.0,1.0,0.3333333333333334,0.75,0.48148148148148145,102,0.37254901960784315,16.08187134502924
45,switch_d4,regime_conditional,0.2,observed,warehouse,transition,288,6,4,39,2,243,0.09302325581395349,0.6666666666666666,0.16326530612244897,0.13829787234042554,0.11163446054750403,1.0,6,0.16666666666666666,12,0.3333333333333333,1.0,1.0,0.3333333333333333,0.6666666666666666,0.3333333333333333,6,0.3333333333333333,46.09929078014184
45,switch_d4,regime_conditional,0.2,observed,warehouse,stable,1872,102,77,91,25,1679,0.4583333333333333,0.7549019607843137,0.5703703703703704,0.05141242937853107,0.6117450491683813,0.7941176470588235,102,0.16666666666666666,204,0.10153256704980843,1.0,1.0,0.3333333333333335,0.7549019607843137,0.49019607843137253,96,0.375,11.299435028248588
45,switch_d4,regime_conditional,0.2,observed,transit_smooth,all,2160,72,53,122,19,1966,0.3028571428571429,0.7361111111111112,0.4291497975708502,0.05842911877394636,0.24144127973731852,0.8611111111111112,72,0.18055555555555555,144,0.09876543209876543,1.0,1.0,0.3333333333333333,0.7361111111111112,0.375,102,0.22549019607843138,14.846743295019158
45,switch_d4,regime_conditional,0.2,observed,transit_smooth,transition,288,6,5,61,1,221,0.07575757575757576,0.8333333333333334,0.1388888888888889,0.21631205673758866,0.06364980694197667,0.3333333333333333,6,0.3333333333333333,12,0.32222222222222224,1.0,1.0,0.3333333333333333,0.8333333333333334,0.16666666666666666,30,0.16666666666666666,56.737588652482266
45,switch_d4,regime_conditional,0.2,observed,transit_smooth,stable,1872,66,48,61,18,1745,0.44036697247706424,0.7272727272727273,0.5485714285714286,0.033776301218161685,0.620353866616664,0.9090909090909091,66,0.16666666666666666,132,0.06272401433691756,1.0,1.0,0.33333333333333326,0.7272727272727273,0.3939393939393939,72,0.25,8.305647840531561
45,switch_d4,regime_conditional,0.2,observed,transit_rough,all,2160,36,22,60,14,2064,0.2682926829268293,0.6111111111111112,0.3728813559322034,0.02824858757062147,0.1836310931205428,0.8055555555555556,36,0.1111111111111111,72,0.05701754385964912,1.0,1.0,0.33333333333333337,0.6111111111111112,0.6111111111111112,42,0.07142857142857142,11.299435028248588
45,switch_d4,regime_conditional,0.2,observed,transit_rough,transition,288,6,0,49,6,233,0.0,0.0,0.0,0.17375886524822695,0.017012756205683075,0.3333333333333333,6,0.6666666666666666,12,0.3111111111111111,1.0,1.0,0.3333333333333333,0.0,0.0,12,0.25,60.283687943262414
45,switch_d4,regime_conditional,0.2,observed,transit_rough,stable,1872,30,22,11,8,1831,0.6666666666666666,0.7333333333333333,0.6984126984126984,0.005971769815418024,0.7679729873517502,0.9,30,0.0,60,0.018518518518518517,1.0,1.0,0.3333333333333334,0.7333333333333333,0.7333333333333333,30,0.0,3.800217155266015
45,switch_d12,regime_marginal,1.0,clean,all,all,6480,0,0,528,0,5952,0.0,,0.0,0.08148148148148149,,,0,,0,0.15787037037037038,1.0,1.0,,,,246,0.0975609756097561,22.067901234567902
45,switch_d12,regime_marginal,1.0,clean,all,transition,864,0,0,470,0,394,0.0,,0.0,0.5439814814814815,,,0,,0,1.0,1.0,1.0,,,,48,0.4583333333333333,101.85185185185185
45,switch_d12,regime_marginal,1.0,clean,all,stable,5616,0,0,58,0,5558,0.0,,0.0,0.010327635327635327,,,0,,0,0.028311965811965812,1.0,1.0,,,,198,0.010101010101010102,9.793447293447294
45,switch_d12,regime_marginal,1.0,clean,warehouse,all,2160,0,0,187,0,1973,0.0,,0.0,0.08657407407407407,,,0,,0,0.14583333333333334,1.0,1.0,,,,102,0.058823529411764705,17.59259259259259
45,switch_d12,regime_marginal,1.0,clean,warehouse,transition,288,0,0,176,0,112,0.0,,0.0,0.6111111111111112,,,0,,0,1.0,1.0,1.0,,,,6,1.0,97.22222222222223
45,switch_d12,regime_marginal,1.0,clean,warehouse,stable,1872,0,0,11,0,1861,0.0,,0.0,0.005876068376068376,,,0,,0,0.014423076923076924,1.0,1.0,,,,96,0.0,5.3418803418803416
45,switch_d12,regime_marginal,1.0,clean,transit_smooth,all,2160,0,0,172,0,1988,0.0,,0.0,0.07962962962962963,,,0,,0,0.15138888888888888,1.0,1.0,,,,102,0.1568627450980392,18.51851851851852
45,switch_d12,regime_marginal,1.0,clean,transit_smooth,transition,288,0,0,158,0,130,0.0,,0.0,0.5486111111111112,,,0,,0,1.0,1.0,1.0,,,,30,0.5333333333333333,93.75
45,switch_d12,regime_marginal,1.0,clean,transit_smooth,stable,1872,0,0,14,0,1858,0.0,,0.0,0.007478632478632479,,,0,,0,0.020833333333333332,1.0,1.0,,,,72,0.0,6.944444444444445
45,switch_d12,regime_marginal,1.0,clean,transit_rough,all,2160,0,0,169,0,1991,0.0,,0.0,0.07824074074074074,,,0,,0,0.1763888888888889,1.0,1.0,,,,42,0.047619047619047616,30.09259259259259
45,switch_d12,regime_marginal,1.0,clean,transit_rough,transition,288,0,0,136,0,152,0.0,,0.0,0.4722222222222222,,,0,,0,1.0,1.0,1.0,,,,12,0.0,114.58333333333333
45,switch_d12,regime_marginal,1.0,clean,transit_rough,stable,1872,0,0,33,0,1839,0.0,,0.0,0.017628205128205128,,,0,,0,0.049679487179487176,1.0,1.0,,,,30,0.06666666666666667,17.094017094017094
45,switch_d12,regime_marginal,1.0,observed,all,all,6480,216,65,521,151,5743,0.11092150170648464,0.30092592592592593,0.16209476309226933,0.08317369093231163,0.08862918490703287,0.7685185185185185,216,0.03935185185185185,432,0.16563786008230452,1.0,1.0,0.3333333333333333,0.30092592592592593,0.23148148148148148,246,0.0975609756097561,22.509578544061302
45,switch_d12,regime_marginal,1.0,observed,all,transition,864,18,16,464,2,382,0.03333333333333333,0.8888888888888888,0.0642570281124498,0.5484633569739953,0.024417523037762144,0.3333333333333333,18,0.4722222222222222,36,1.0,1.0,1.0,0.33333333333333326,0.8888888888888888,0.05555555555555555,48,0.4583333333333333,102.83687943262412
45,switch_d12,regime_marginal,1.0,observed,all,stable,5616,198,49,57,149,5361,0.46226415094339623,0.2474747474747475,0.3223684210526316,0.010520487264673311,0.3235469978587111,0.8080808080808081,198,0.0,396,0.03106332138590203,1.0,1.0,0.3333333333333334,0.2474747474747475,0.2474747474747475,198,0.010101010101010102,9.966777408637874
45,switch_d12,regime_marginal,1.0,observed,warehouse,all,2160,108,25,181,83,1871,0.12135922330097088,0.23148148148148148,0.1592356687898089,0.08820662768031189,0.12234749179932462,0.7777777777777778,108,0.023148148148148147,216,0.16176470588235295,1.0,1.0,0.3333333333333334,0.23148148148148148,0.18518518518518517,102,0.058823529411764705,18.031189083820664
45,switch_d12,regime_marginal,1.0,observed,warehouse,transition,288,6,6,170,0,112,0.03409090909090909,1.0,0.06593406593406594,0.6028368794326241,0.03717199467366537,1.0,6,0.4166666666666667,12,1.0,1.0,1.0,0.3333333333333333,1.0,0.16666666666666666,6,1.0,95.74468085106383
45,switch_d12,regime_marginal,1.0,observed,warehouse,stable,1872,102,19,11,83,1759,0.6333333333333333,0.18627450980392157,0.2878787878787879,0.0062146892655367235,0.41354037681009664,0.7647058823529411,102,0.0,204,0.017241379310344827,1.0,1.0,0.3333333333333335,0.18627450980392157,0.18627450980392157,96,0.0,5.649717514124294
45,switch_d12,regime_marginal,1.0,observed,transit_smooth,all,2160,72,31,172,41,1916,0.15270935960591134,0.4305555555555556,0.22545454545454546,0.08237547892720307,0.10582886738336565,0.7916666666666666,72,0.041666666666666664,144,0.15895061728395063,1.0,1.0,0.3333333333333333,0.4305555555555556,0.3472222222222222,102,0.1568627450980392,19.157088122605366
45,switch_d12,regime_marginal,1.0,observed,transit_smooth,transition,288,6,6,158,0,124,0.036585365853658534,1.0,0.07058823529411765,0.5602836879432624,0.025780490782826994,0.0,6,0.5,12,1.0,1.0,1.0,0.3333333333333333,1.0,0.0,30,0.5333333333333333,95.74468085106383
45,switch_d12,regime_marginal,1.0,observed,transit_smooth,stable,1872,66,25,14,41,1792,0.6410256410256411,0.3787878787878788,0.47619047619047616,0.007751937984496124,0.46332300347364747,0.8636363636363636,66,0.0,132,0.023297491039426525,1.0,1.0,0.33333333333333326,0.3787878787878788,0.3787878787878788,72,0.0,7.198228128460687
45,switch_d12,regime_marginal,1.0,observed,transit_rough,all,2160,36,9,168,27,1956,0.05084745762711865,0.25,0.08450704225352113,0.07909604519774012,0.04305194372999396,0.6944444444444444,36,0.08333333333333333,72,0.17543859649122806,1.0,1.0,0.33333333333333337,0.25,0.1388888888888889,42,0.047619047619047616,30.131826741996232
45,switch_d12,regime_marginal,1.0,observed,transit_rough,transition,288,6,4,136,2,146,0.02857142857142857,0.6666666666666666,0.0547945205479452,0.48226950354609927,0.022706659194052427,0.0,6,0.5,12,1.0,1.0,1.0,0.3333333333333333,0.6666666666666666,0.0,12,0.0,117.02127659574468
45,switch_d12,regime_marginal,1.0,observed,transit_rough,stable,1872,30,5,32,25,1810,0.13513513513513514,0.16666666666666666,0.14925373134328357,0.01737242128121607,0.13190173455679582,0.8333333333333334,30,0.0,60,0.050505050505050504,1.0,1.0,0.3333333333333334,0.16666666666666666,0.16666666666666666,30,0.06666666666666667,16.829533116178066
45,switch_d12,regime_marginal,0.2,clean,all,all,6480,0,0,543,0,5937,0.0,,0.0,0.0837962962962963,,,0,,0,0.15046296296296297,1.0,1.0,,,,246,0.07723577235772358,12.037037037037036
45,switch_d12,regime_marginal,0.2,clean,all,transition,864,0,0,497,0,367,0.0,,0.0,0.5752314814814815,,,0,,0,0.9895833333333334,1.0,1.0,,,,48,0.3958333333333333,62.5
45,switch_d12,regime_marginal,0.2,clean,all,stable,5616,0,0,46,0,5570,0.0,,0.0,0.00819088319088319,,,0,,0,0.021367521367521368,1.0,1.0,,,,198,0.0,4.273504273504273
45,switch_d12,regime_marginal,0.2,clean,warehouse,all,2160,0,0,174,0,1986,0.0,,0.0,0.08055555555555556,,,0,,0,0.14305555555555555,1.0,1.0,,,,102,0.058823529411764705,9.722222222222221
45,switch_d12,regime_marginal,0.2,clean,warehouse,transition,288,0,0,164,0,124,0.0,,0.0,0.5694444444444444,,,0,,0,0.9895833333333334,1.0,1.0,,,,6,1.0,55.55555555555556
45,switch_d12,regime_marginal,0.2,clean,warehouse,stable,1872,0,0,10,0,1862,0.0,,0.0,0.005341880341880342,,,0,,0,0.01282051282051282,1.0,1.0,,,,96,0.0,2.6709401709401708
45,switch_d12,regime_marginal,0.2,clean,transit_smooth,all,2160,0,0,174,0,1986,0.0,,0.0,0.08055555555555556,,,0,,0,0.15138888888888888,1.0,1.0,,,,102,0.12745098039215685,10.185185185185185
45,switch_d12,regime_marginal,0.2,clean,transit_smooth,transition,288,0,0,159,0,129,0.0,,0.0,0.5520833333333334,,,0,,0,1.0,1.0,1.0,,,,30,0.43333333333333335,55.55555555555556
45,switch_d12,regime_marginal,0.2,clean,transit_smooth,stable,1872,0,0,15,0,1857,0.0,,0.0,0.008012820512820512,,,0,,0,0.020833333333333332,1.0,1.0,,,,72,0.0,3.2051282051282053
45,switch_d12,regime_marginal,0.2,clean,transit_rough,all,2160,0,0,195,0,1965,0.0,,0.0,0.09027777777777778,,,0,,0,0.15694444444444444,1.0,1.0,,,,42,0.0,16.203703703703702
45,switch_d12,regime_marginal,0.2,clean,transit_rough,transition,288,0,0,174,0,114,0.0,,0.0,0.6041666666666666,,,0,,0,0.9791666666666666,1.0,1.0,,,,12,0.0,76.38888888888889
45,switch_d12,regime_marginal,0.2,clean,transit_rough,stable,1872,0,0,21,0,1851,0.0,,0.0,0.011217948717948718,,,0,,0,0.030448717948717948,1.0,1.0,,,,30,0.0,6.944444444444445
45,switch_d12,regime_marginal,0.2,observed,all,all,6480,216,92,562,124,5702,0.14067278287461774,0.42592592592592593,0.21149425287356322,0.08971902937420179,0.09532575569588222,0.7962962962962963,216,0.032407407407407406,432,0.16872427983539096,1.0,1.0,0.3333333333333333,0.42592592592592593,0.3888888888888889,246,0.17886178861788618,12.452107279693486
45,switch_d12,regime_marginal,0.2,observed,all,transition,864,18,11,496,7,350,0.021696252465483234,0.6111111111111112,0.0419047619047619,0.5862884160756501,0.019490315293704798,0.3333333333333333,18,0.3888888888888889,36,0.9925925925925926,1.0,1.0,0.33333333333333326,0.6111111111111112,0.16666666666666666,48,0.5,62.64775413711584
45,switch_d12,regime_marginal,0.2,observed,all,stable,5616,198,81,66,117,5352,0.5510204081632653,0.4090909090909091,0.46956521739130436,0.012181616832779624,0.4469695607523261,0.8383838383838383,198,0.0,396,0.035842293906810034,1.0,1.0,0.3333333333333334,0.4090909090909091,0.4090909090909091,198,0.10101010101010101,4.614248800295312
45,switch_d12,regime_marginal,0.2,observed,warehouse,all,2160,108,38,178,70,1874,0.17592592592592593,0.35185185185185186,0.2345679012345679,0.08674463937621832,0.13519599077052738,0.8055555555555556,108,0.013888888888888888,216,0.17483660130718953,1.0,1.0,0.3333333333333334,0.35185185185185186,0.32407407407407407,102,0.1568627450980392,10.23391812865497
45,switch_d12,regime_marginal,0.2,observed,warehouse,transition,288,6,6,158,0,124,0.036585365853658534,1.0,0.07058823529411765,0.5602836879432624,0.03947062662360506,1.0,6,0.25,12,0.9888888888888889,1.0,1.0,0.3333333333333333,1.0,0.5,6,1.0,53.191489361702125
45,switch_d12,regime_marginal,0.2,observed,warehouse,stable,1872,102,32,20,70,1750,0.6153846153846154,0.3137254901960784,0.4155844155844156,0.011299435028248588,0.4574657713478814,0.7941176470588235,102,0.0,204,0.034482758620689655,1.0,1.0,0.3333333333333335,0.3137254901960784,0.3137254901960784,96,0.10416666666666667,3.389830508474576
45,switch_d12,regime_marginal,0.2,observed,transit_smooth,all,2160,72,40,189,32,1899,0.17467248908296942,0.5555555555555556,0.26578073089701,0.09051724137931035,0.1094342967071389,0.8611111111111112,72,0.041666666666666664,144,0.1743827160493827,1.0,1.0,0.3333333333333333,0.5555555555555556,0.5,102,0.27450980392156865,10.53639846743295
45,switch_d12,regime_marginal,0.2,observed,transit_smooth,transition,288,6,4,164,2,118,0.023809523809523808,0.6666666666666666,0.04597701149425287,0.5815602836879432,0.021365155568877588,0.0,6,0.5,12,1.0,1.0,1.0,0.3333333333333333,0.6666666666666666,0.0,30,0.6,56.737588652482266
45,switch_d12,regime_marginal,0.2,observed,transit_smooth,stable,1872,66,36,25,30,1781,0.5901639344262295,0.5454545454545454,0.5669291338582677,0.013842746400885935,0.547867797481122,0.9393939393939394,66,0.0,132,0.04121863799283154,1.0,1.0,0.33333333333333326,0.5454545454545454,0.5454545454545454,72,0.1388888888888889,3.3222591362126246
45,switch_d12,regime_marginal,0.2,observed,transit_rough,all,2160,36,14,195,22,1929,0.06698564593301436,0.3888888888888889,0.11428571428571428,0.09180790960451977,0.04832271882475407,0.6388888888888888,36,0.06944444444444445,72,0.15789473684210525,1.0,1.0,0.33333333333333337,0.3888888888888889,0.3611111111111111,42,0.0,16.47834274952919
45,switch_d12,regime_marginal,0.2,observed,transit_rough,transition,288,6,1,174,5,108,0.005714285714285714,0.16666666666666666,0.011049723756906077,0.6170212765957447,0.014977327702561603,0.0,6,0.4166666666666667,12,0.9888888888888889,1.0,1.0,0.3333333333333333,0.16666666666666666,0.0,12,0.0,78.01418439716312
45,switch_d12,regime_marginal,0.2,observed,transit_rough,stable,1872,30,13,21,17,1821,0.38235294117647056,0.43333333333333335,0.40625,0.011400651465798045,0.3722753134201687,0.7666666666666667,30,0.0,60,0.03198653198653199,1.0,1.0,0.3333333333333334,0.43333333333333335,0.43333333333333335,30,0.0,7.057546145494028
45,switch_d12,regime_conditional,1.0,clean,all,all,6480,0,0,493,0,5987,0.0,,0.0,0.07608024691358024,,,0,,0,0.16064814814814815,1.0,1.0,,,,246,0.09349593495934959,20.52469135802469
45,switch_d12,regime_conditional,1.0,clean,all,transition,864,0,0,432,0,432,0.0,,0.0,0.5,,,0,,0,1.0,1.0,1.0,,,,48,0.4166666666666667,86.80555555555556
45,switch_d12,regime_conditional,1.0,clean,all,stable,5616,0,0,61,0,5555,0.0,,0.0,0.010861823361823363,,,0,,0,0.031517094017094016,1.0,1.0,,,,198,0.015151515151515152,10.327635327635328
45,switch_d12,regime_conditional,1.0,clean,warehouse,all,2160,0,0,116,0,2044,0.0,,0.0,0.053703703703703705,,,0,,0,0.15,1.0,1.0,,,,102,0.06862745098039216,12.037037037037036
45,switch_d12,regime_conditional,1.0,clean,warehouse,transition,288,0,0,103,0,185,0.0,,0.0,0.3576388888888889,,,0,,0,1.0,1.0,1.0,,,,6,1.0,45.138888888888886
45,switch_d12,regime_conditional,1.0,clean,warehouse,stable,1872,0,0,13,0,1859,0.0,,0.0,0.006944444444444444,,,0,,0,0.019230769230769232,1.0,1.0,,,,96,0.010416666666666666,6.944444444444445
45,switch_d12,regime_conditional,1.0,clean,transit_smooth,all,2160,0,0,220,0,1940,0.0,,0.0,0.10185185185185185,,,0,,0,0.15416666666666667,1.0,1.0,,,,102,0.10784313725490197,21.296296296296298
45,switch_d12,regime_conditional,1.0,clean,transit_smooth,transition,288,0,0,205,0,83,0.0,,0.0,0.7118055555555556,,,0,,0,1.0,1.0,1.0,,,,30,0.36666666666666664,107.63888888888889
45,switch_d12,regime_conditional,1.0,clean,transit_smooth,stable,1872,0,0,15,0,1857,0.0,,0.0,0.008012820512820512,,,0,,0,0.02403846153846154,1.0,1.0,,,,72,0.0,8.012820512820513
45,switch_d12,regime_conditional,1.0,clean,transit_rough,all,2160,0,0,157,0,2003,0.0,,0.0,0.07268518518518519,,,0,,0,0.17777777777777778,1.0,1.0,,,,42,0.11904761904761904,28.24074074074074
45,switch_d12,regime_conditional,1.0,clean,transit_rough,transition,288,0,0,124,0,164,0.0,,0.0,0.4305555555555556,,,0,,0,1.0,1.0,1.0,,,,12,0.25,107.63888888888889
45,switch_d12,regime_conditional,1.0,clean,transit_rough,stable,1872,0,0,33,0,1839,0.0,,0.0,0.017628205128205128,,,0,,0,0.05128205128205128,1.0,1.0,,,,30,0.06666666666666667,16.025641025641026
45,switch_d12,regime_conditional,1.0,observed,all,all,6480,216,88,490,128,5774,0.1522491349480969,0.4074074074074074,0.2216624685138539,0.07822477650063857,0.11290317111472382,0.7870370370370371,216,0.06944444444444445,432,0.16769547325102882,1.0,1.0,0.3333333333333333,0.4074074074074074,0.3101851851851852,246,0.09349593495934959,22.509578544061302
45,switch_d12,regime_conditional,1.0,observed,all,transition,864,18,12,417,6,429,0.027972027972027972,0.6666666666666666,0.053691275167785234,0.4929078014184397,0.023761869218218174,0.3333333333333333,18,0.3888888888888889,36,1.0,1.0,1.0,0.33333333333333326,0.6666666666666666,0.3333333333333333,48,0.4166666666666667,85.1063829787234
45,switch_d12,regime_conditional,1.0,observed,all,stable,5616,198,76,73,122,5345,0.5100671140939598,0.3838383838383838,0.43804034582132567,0.01347360649686231,0.4549524672733049,0.8282828282828283,198,0.04040404040404041,396,0.03345280764635603,1.0,1.0,0.3333333333333334,0.3838383838383838,0.30808080808080807,198,0.015151515151515152,12.73532668881506
45,switch_d12,regime_conditional,1.0,observed,warehouse,all,2160,108,49,117,59,1935,0.29518072289156627,0.4537037037037037,0.35766423357664234,0.05701754385964912,0.20280549943353826,0.8240740740740741,108,0.046296296296296294,216,0.16339869281045752,1.0,1.0,0.3333333333333334,0.4537037037037037,0.37037037037037035,102,0.06862745098039216,15.594541910331383
45,switch_d12,regime_conditional,1.0,observed,warehouse,transition,288,6,6,97,0,185,0.05825242718446602,1.0,0.11009174311926606,0.34397163120567376,0.04076168753046858,1.0,6,0.0,12,1.0,1.0,1.0,0.3333333333333333,1.0,1.0,6,1.0,46.09929078014184
45,switch_d12,regime_conditional,1.0,observed,warehouse,stable,1872,102,43,20,59,1750,0.6825396825396826,0.4215686274509804,0.5212121212121212,0.011299435028248588,0.5705668325047546,0.8137254901960784,102,0.049019607843137254,204,0.019157088122605363,1.0,1.0,0.3333333333333335,0.4215686274509804,0.3333333333333333,96,0.010416666666666666,10.734463276836157
45,switch_d12,regime_conditional,1.0,observed,transit_smooth,all,2160,72,35,216,37,1872,0.1394422310756972,0.4861111111111111,0.21671826625386997,0.10344827586206896,0.10426276771085213,0.8055555555555556,72,0.08333333333333333,144,0.16049382716049382,1.0,1.0,0.3333333333333333,0.4861111111111111,0.3194444444444444,102,0.10784313725490197,22.988505747126435
45,switch_d12,regime_conditional,1.0,observed,transit_smooth,transition,288,6,6,196,0,86,0.0297029702970297,1.0,0.057692307692307696,0.6950354609929078,0.034622064575716135,0.0,6,0.5,12,1.0,1.0,1.0,0.3333333333333333,1.0,0.0,30,0.36666666666666664,99.29078014184397
45,switch_d12,regime_conditional,1.0,observed,transit_smooth,stable,1872,66,29,20,37,1786,0.5918367346938775,0.4393939393939394,0.5043478260869565,0.01107419712070875,0.4870674249556584,0.8787878787878788,66,0.045454545454545456,132,0.025089605734767026,1.0,1.0,0.33333333333333326,0.4393939393939394,0.3484848484848485,72,0.0,11.074197120708748
45,switch_d12,regime_conditional,1.0,observed,transit_rough,all,2160,36,4,157,32,1967,0.024844720496894408,0.1111111111111111,0.04060913705583756,0.0739171374764595,0.04134116106212663,0.6388888888888888,36,0.1111111111111111,72,0.1783625730994152,1.0,1.0,0.33333333333333337,0.1111111111111111,0.1111111111111111,42,0.11904761904761904,28.71939736346516
45,switch_d12,regime_conditional,1.0,observed,transit_rough,transition,288,6,0,124,6,158,0.0,0.0,0.0,0.4397163120567376,0.014393335378101349,0.0,6,0.6666666666666666,12,1.0,1.0,1.0,0.3333333333333333,0.0,0.0,12,0.25,109.9290780141844
45,switch_d12,regime_conditional,1.0,observed,transit_rough,stable,1872,30,4,33,26,1809,0.10810810810810811,0.13333333333333333,0.11940298507462686,0.017915309446254073,0.13796091382653844,0.7666666666666667,30,0.0,60,0.05387205387205387,1.0,1.0,0.3333333333333334,0.13333333333333333,0.13333333333333333,30,0.06666666666666667,16.286644951140065
45,switch_d12,regime_conditional,0.2,clean,all,all,6480,0,0,583,0,5897,0.0,,0.0,0.08996913580246914,,,0,,0,0.15,1.0,1.0,,,,246,0.10975609756097561,13.425925925925926
45,switch_d12,regime_conditional,0.2,clean,all,transition,864,0,0,547,0,317,0.0,,0.0,0.6331018518518519,,,0,,0,1.0,1.0,1.0,,,,48,0.5416666666666666,75.23148148148148
45,switch_d12,regime_conditional,0.2,clean,all,stable,5616,0,0,36,0,5580,0.0,,0.0,0.00641025641025641,,,0,,0,0.019230769230769232,1.0,1.0,,,,198,0.005050505050505051,3.9173789173789175
45,switch_d12,regime_conditional,0.2,clean,warehouse,all,2160,0,0,181,0,1979,0.0,,0.0,0.0837962962962963,,,0,,0,0.15138888888888888,1.0,1.0,,,,102,0.058823529411764705,11.11111111111111
45,switch_d12,regime_conditional,0.2,clean,warehouse,transition,288,0,0,168,0,120,0.0,,0.0,0.5833333333333334,,,0,,0,1.0,1.0,1.0,,,,6,1.0,55.55555555555556
45,switch_d12,regime_conditional,0.2,clean,warehouse,stable,1872,0,0,13,0,1859,0.0,,0.0,0.006944444444444444,,,0,,0,0.020833333333333332,1.0,1.0,,,,96,0.0,4.273504273504273
45,switch_d12,regime_conditional,0.2,clean,transit_smooth,all,2160,0,0,230,0,1930,0.0,,0.0,0.10648148148148148,,,0,,0,0.15138888888888888,1.0,1.0,,,,102,0.11764705882352941,14.351851851851851
45,switch_d12,regime_conditional,0.2,clean,transit_smooth,transition,288,0,0,217,0,71,0.0,,0.0,0.7534722222222222,,,0,,0,1.0,1.0,1.0,,,,30,0.4,79.86111111111111
45,switch_d12,regime_conditional,0.2,clean,transit_smooth,stable,1872,0,0,13,0,1859,0.0,,0.0,0.006944444444444444,,,0,,0,0.020833333333333332,1.0,1.0,,,,72,0.0,4.273504273504273
45,switch_d12,regime_conditional,0.2,clean,transit_rough,all,2160,0,0,172,0,1988,0.0,,0.0,0.07962962962962963,,,0,,0,0.14722222222222223,1.0,1.0,,,,42,0.21428571428571427,14.814814814814815
45,switch_d12,regime_conditional,0.2,clean,transit_rough,transition,288,0,0,162,0,126,0.0,,0.0,0.5625,,,0,,0,1.0,1.0,1.0,,,,12,0.6666666666666666,90.27777777777777
45,switch_d12,regime_conditional,0.2,clean,transit_rough,stable,1872,0,0,10,0,1862,0.0,,0.0,0.005341880341880342,,,0,,0,0.016025641025641024,1.0,1.0,,,,30,0.03333333333333333,3.2051282051282053
45,switch_d12,regime_conditional,0.2,observed,all,all,6480,216,160,684,56,5580,0.1895734597156398,0.7407407407407407,0.3018867924528302,0.10919540229885058,0.13640335465421066,0.8194444444444444,216,0.18287037037037038,432,0.1867283950617284,1.0,1.0,0.3333333333333333,0.7407407407407407,0.4675925925925926,246,0.32926829268292684,15.644955300127714
45,switch_d12,regime_conditional,0.2,observed,all,transition,864,18,12,528,6,318,0.022222222222222223,0.6666666666666666,0.043010752688172046,0.624113475177305,0.02027992199842621,0.3333333333333333,18,0.6111111111111112,36,1.0,1.0,1.0,0.33333333333333326,0.6666666666666666,0.1111111111111111,48,0.5625,70.92198581560284
45,switch_d12,regime_conditional,0.2,observed,all,stable,5616,198,148,156,50,5262,0.4868421052631579,0.7474747474747475,0.5896414342629482,0.028792912513842746,0.6261811463849092,0.8636363636363636,198,0.14393939393939395,396,0.05555555555555555,1.0,1.0,0.3333333333333334,0.7474747474747475,0.5,198,0.2727272727272727,7.013658176448874
45,switch_d12,regime_conditional,0.2,observed,warehouse,all,2160,108,85,249,23,1803,0.25449101796407186,0.7870370370370371,0.38461538461538464,0.12134502923976608,0.21548188648704522,0.8425925925925926,108,0.18055555555555555,216,0.22875816993464052,1.0,1.0,0.3333333333333334,0.7870370370370371,0.5,102,0.4117647058823529,16.569200779727094
45,switch_d12,regime_conditional,0.2,observed,warehouse,transition,288,6,6,162,0,120,0.03571428571428571,1.0,0.06896551724137931,0.574468085106383,0.04150367124024328,1.0,6,0.3333333333333333,12,1.0,1.0,1.0,0.3333333333333333,1.0,0.3333333333333333,6,1.0,53.191489361702125
45,switch_d12,regime_conditional,0.2,observed,warehouse,stable,1872,102,79,87,23,1683,0.4759036144578313,0.7745098039215687,0.5895522388059702,0.04915254237288136,0.6327534767759777,0.8333333333333334,102,0.1715686274509804,204,0.09578544061302682,1.0,1.0,0.3333333333333335,0.7745098039215687,0.5098039215686274,96,0.375,10.734463276836157
45,switch_d12,regime_conditional,0.2,observed,transit_smooth,all,2160,72,53,263,19,1825,0.16772151898734178,0.7361111111111112,0.27319587628865977,0.12595785440613028,0.1157448157402468,0.8194444444444444,72,0.19444444444444445,144,0.19135802469135801,1.0,1.0,0.3333333333333333,0.7361111111111112,0.3472222222222222,102,0.29411764705882354,16.762452107279692
45,switch_d12,regime_conditional,0.2,observed,transit_smooth,transition,288,6,6,203,0,79,0.028708133971291867,1.0,0.05581395348837209,0.7198581560283688,0.024097140353732303,0.0,6,0.5,12,1.0,1.0,1.0,0.3333333333333333,1.0,0.0,30,0.4,74.46808510638297
45,switch_d12,regime_conditional,0.2,observed,transit_smooth,stable,1872,66,47,60,19,1746,0.4392523364485981,0.7121212121212122,0.5433526011560693,0.03322259136212625,0.6125742690104831,0.8939393939393939,66,0.16666666666666666,132,0.06093189964157706,1.0,1.0,0.33333333333333326,0.7121212121212122,0.3787878787878788,72,0.25,7.751937984496124
45,switch_d12,regime_conditional,0.2,observed,transit_rough,all,2160,36,22,172,14,1952,0.1134020618556701,0.6111111111111112,0.19130434782608696,0.08097928436911488,0.07101189743977679,0.75,36,0.16666666666666666,72,0.14473684210526316,1.0,1.0,0.33333333333333337,0.6111111111111112,0.6111111111111112,42,0.21428571428571427,13.653483992467043
45,switch_d12,regime_conditional,0.2,observed,transit_rough,transition,288,6,0,163,6,119,0.0,0.0,0.0,0.5780141843971631,0.01288323661113052,0.0,6,1.0,12,1.0,1.0,1.0,0.3333333333333333,0.0,0.0,12,0.75,85.1063829787234
45,switch_d12,regime_conditional,0.2,observed,transit_rough,stable,1872,30,22,9,8,1833,0.7096774193548387,0.7333333333333333,0.7213114754098361,0.004885993485342019,0.7682370030802911,0.9,30,0.0,60,0.015151515151515152,1.0,1.0,0.3333333333333334,0.7333333333333333,0.7333333333333333,30,0.0,2.7144408251900107
46,steady_m05,regime_marginal,1.0,clean,all,all,6480,0,0,65,0,6415,0.0,,0.0,0.010030864197530864,,,0,,0,0.026851851851851852,1.0,1.0,,,,288,0.017361111111111112,9.567901234567902
46,steady_m05,regime_marginal,1.0,clean,all,stable,6480,0,0,65,0,6415,0.0,,0.0,0.010030864197530864,,,0,,0,0.026851851851851852,1.0,1.0,,,,288,0.017361111111111112,9.567901234567902
46,steady_m05,regime_marginal,1.0,clean,warehouse,all,2160,0,0,30,0,2130,0.0,,0.0,0.013888888888888888,,,0,,0,0.034722222222222224,1.0,1.0,,,,96,0.010416666666666666,13.425925925925926
46,steady_m05,regime_marginal,1.0,clean,warehouse,stable,2160,0,0,30,0,2130,0.0,,0.0,0.013888888888888888,,,0,,0,0.034722222222222224,1.0,1.0,,,,96,0.010416666666666666,13.425925925925926
46,steady_m05,regime_marginal,1.0,clean,transit_smooth,all,2160,0,0,14,0,2146,0.0,,0.0,0.006481481481481481,,,0,,0,0.019444444444444445,1.0,1.0,,,,96,0.0,6.018518518518518
46,steady_m05,regime_marginal,1.0,clean,transit_smooth,stable,2160,0,0,14,0,2146,0.0,,0.0,0.006481481481481481,,,0,,0,0.019444444444444445,1.0,1.0,,,,96,0.0,6.018518518518518
46,steady_m05,regime_marginal,1.0,clean,transit_rough,all,2160,0,0,21,0,2139,0.0,,0.0,0.009722222222222222,,,0,,0,0.02638888888888889,1.0,1.0,,,,96,0.041666666666666664,9.25925925925926
46,steady_m05,regime_marginal,1.0,clean,transit_rough,stable,2160,0,0,21,0,2139,0.0,,0.0,0.009722222222222222,,,0,,0,0.02638888888888889,1.0,1.0,,,,96,0.041666666666666664,9.25925925925926
46,steady_m05,regime_marginal,1.0,observed,all,all,6480,216,1,62,215,6202,0.015873015873015872,0.004629629629629629,0.007168458781362007,0.009897828863346106,0.03782336028453206,0.39351851851851855,216,0.011574074074074073,432,0.0257201646090535,1.0,1.0,0.3333333333333333,0.004629629629629629,0.004629629629629629,288,0.017361111111111112,9.418901660280971
46,steady_m05,regime_marginal,1.0,observed,all,stable,6480,216,1,62,215,6202,0.015873015873015872,0.004629629629629629,0.007168458781362007,0.009897828863346106,0.03782336028453206,0.39351851851851855,216,0.011574074074074073,432,0.0257201646090535,1.0,1.0,0.3333333333333333,0.004629629629629629,0.004629629629629629,288,0.017361111111111112,9.418901660280971
46,steady_m05,regime_marginal,1.0,observed,warehouse,all,2160,72,0,29,72,2059,0.0,0.0,0.0,0.013888888888888888,0.03403045390481077,0.4305555555555556,72,0.006944444444444444,144,0.035493827160493825,1.0,1.0,0.3333333333333333,0.0,0.0,96,0.010416666666666666,13.409961685823754
46,steady_m05,regime_marginal,1.0,observed,warehouse,stable,2160,72,0,29,72,2059,0.0,0.0,0.0,0.013888888888888888,0.03403045390481077,0.4305555555555556,72,0.006944444444444444,144,0.035493827160493825,1.0,1.0,0.3333333333333333,0.0,0.0,96,0.010416666666666666,13.409961685823754
46,steady_m05,regime_marginal,1.0,observed,transit_smooth,all,2160,72,1,13,71,2075,0.07142857142857142,0.013888888888888888,0.023255813953488372,0.006226053639846743,0.06002897387501176,0.4583333333333333,72,0.013888888888888888,144,0.016975308641975308,1.0,1.0,0.3333333333333333,0.013888888888888888,0.013888888888888888,96,0.0,5.747126436781609
46,steady_m05,regime_marginal,1.0,observed,transit_smooth,stable,2160,72,1,13,71,2075,0.07142857142857142,0.013888888888888888,0.023255813953488372,0.006226053639846743,0.06002897387501176,0.4583333333333333,72,0.013888888888888888,144,0.016975308641975308,1.0,1.0,0.3333333333333333,0.013888888888888888,0.013888888888888888,96,0.0,5.747126436781609
46,steady_m05,regime_marginal,1.0,observed,transit_rough,all,2160,72,0,20,72,2068,0.0,0.0,0.0,0.009578544061302681,0.0330839639667002,0.2916666666666667,72,0.013888888888888888,144,0.024691358024691357,1.0,1.0,0.3333333333333333,0.0,0.0,96,0.041666666666666664,9.099616858237548
46,steady_m05,regime_marginal,1.0,observed,transit_rough,stable,2160,72,0,20,72,2068,0.0,0.0,0.0,0.009578544061302681,0.0330839639667002,0.2916666666666667,72,0.013888888888888888,144,0.024691358024691357,1.0,1.0,0.3333333333333333,0.0,0.0,96,0.041666666666666664,9.099616858237548
46,steady_m05,regime_marginal,0.2,clean,all,all,6480,0,0,62,0,6418,0.0,,0.0,0.009567901234567902,,,0,,0,0.022685185185185187,1.0,1.0,,,,288,0.020833333333333332,4.320987654320987
46,steady_m05,regime_marginal,0.2,clean,all,stable,6480,0,0,62,0,6418,0.0,,0.0,0.009567901234567902,,,0,,0,0.022685185185185187,1.0,1.0,,,,288,0.020833333333333332,4.320987654320987
46,steady_m05,regime_marginal,0.2,clean,warehouse,all,2160,0,0,32,0,2128,0.0,,0.0,0.014814814814814815,,,0,,0,0.03611111111111111,1.0,1.0,,,,96,0.0,4.166666666666667
46,steady_m05,regime_marginal,0.2,clean,warehouse,stable,2160,0,0,32,0,2128,0.0,,0.0,0.014814814814814815,,,0,,0,0.03611111111111111,1.0,1.0,,,,96,0.0,4.166666666666667
46,steady_m05,regime_marginal,0.2,clean,transit_smooth,all,2160,0,0,3,0,2157,0.0,,0.0,0.001388888888888889,,,0,,0,0.004166666666666667,1.0,1.0,,,,96,0.010416666666666666,1.3888888888888888
46,steady_m05,regime_marginal,0.2,clean,transit_smooth,stable,2160,0,0,3,0,2157,0.0,,0.0,0.001388888888888889,,,0,,0,0.004166666666666667,1.0,1.0,,,,96,0.010416666666666666,1.3888888888888888
46,steady_m05,regime_marginal,0.2,clean,transit_rough,all,2160,0,0,27,0,2133,0.0,,0.0,0.0125,,,0,,0,0.027777777777777776,1.0,1.0,,,,96,0.052083333333333336,7.407407407407407
46,steady_m05,regime_marginal,0.2,clean,transit_rough,stable,2160,0,0,27,0,2133,0.0,,0.0,0.0125,,,0,,0,0.027777777777777776,1.0,1.0,,,,96,0.052083333333333336,7.407407407407407
46,steady_m05,regime_marginal,0.2,observed,all,all,6480,216,8,61,208,6203,0.11594202898550725,0.037037037037037035,0.056140350877192984,0.009738186462324393,0.04379045996755797,0.49074074074074076,216,0.0023148148148148147,432,0.024691358024691357,1.0,1.0,0.3333333333333333,0.037037037037037035,0.037037037037037035,288,0.020833333333333332,3.9910600255427844
46,steady_m05,regime_marginal,0.2,observed,all,stable,6480,216,8,61,208,6203,0.11594202898550725,0.037037037037037035,0.056140350877192984,0.009738186462324393,0.04379045996755797,0.49074074074074076,216,0.0023148148148148147,432,0.024691358024691357,1.0,1.0,0.3333333333333333,0.037037037037037035,0.037037037037037035,288,0.020833333333333332,3.9910600255427844
46,steady_m05,regime_marginal,0.2,observed,warehouse,all,2160,72,0,32,72,2056,0.0,0.0,0.0,0.01532567049808429,0.03302890829419369,0.4027777777777778,72,0.006944444444444444,144,0.038580246913580245,1.0,1.0,0.3333333333333333,0.0,0.0,96,0.0,4.310344827586207
46,steady_m05,regime_marginal,0.2,observed,warehouse,stable,2160,72,0,32,72,2056,0.0,0.0,0.0,0.01532567049808429,0.03302890829419369,0.4027777777777778,72,0.006944444444444444,144,0.038580246913580245,1.0,1.0,0.3333333333333333,0.0,0.0,96,0.0,4.310344827586207
46,steady_m05,regime_marginal,0.2,observed,transit_smooth,all,2160,72,8,3,64,2085,0.7272727272727273,0.1111111111111111,0.1927710843373494,0.0014367816091954023,0.15675652377585217,0.6388888888888888,72,0.0,144,0.004629629629629629,1.0,1.0,0.3333333333333333,0.1111111111111111,0.1111111111111111,96,0.020833333333333332,0.4789272030651341
46,steady_m05,regime_marginal,0.2,observed,transit_smooth,stable,2160,72,8,3,64,2085,0.7272727272727273,0.1111111111111111,0.1927710843373494,0.0014367816091954023,0.15675652377585217,0.6388888888888888,72,0.0,144,0.004629629629629629,1.0,1.0,0.3333333333333333,0.1111111111111111,0.1111111111111111,96,0.020833333333333332,0.4789272030651341
46,steady_m05,regime_marginal,0.2,observed,transit_rough,all,2160,72,0,26,72,2062,0.0,0.0,0.0,0.012452107279693486,0.03547207934463101,0.4305555555555556,72,0.0,144,0.030864197530864196,1.0,1.0,0.3333333333333333,0.0,0.0,96,0.041666666666666664,7.183908045977011
46,steady_m05,regime_marginal,0.2,observed,transit_rough,stable,2160,72,0,26,72,2062,0.0,0.0,0.0,0.012452107279693486,0.03547207934463101,0.4305555555555556,72,0.0,144,0.030864197530864196,1.0,1.0,0.3333333333333333,0.0,0.0,96,0.041666666666666664,7.183908045977011
46,steady_m05,regime_conditional,1.0,clean,all,all,6480,0,0,63,0,6417,0.0,,0.0,0.009722222222222222,,,0,,0,0.027777777777777776,1.0,1.0,,,,288,0.003472222222222222,9.722222222222221
46,steady_m05,regime_conditional,1.0,clean,all,stable,6480,0,0,63,0,6417,0.0,,0.0,0.009722222222222222,,,0,,0,0.027777777777777776,1.0,1.0,,,,288,0.003472222222222222,9.722222222222221
46,steady_m05,regime_conditional,1.0,clean,warehouse,all,2160,0,0,28,0,2132,0.0,,0.0,0.012962962962962963,,,0,,0,0.034722222222222224,1.0,1.0,,,,96,0.0,12.962962962962964
46,steady_m05,regime_conditional,1.0,clean,warehouse,stable,2160,0,0,28,0,2132,0.0,,0.0,0.012962962962962963,,,0,,0,0.034722222222222224,1.0,1.0,,,,96,0.0,12.962962962962964
46,steady_m05,regime_conditional,1.0,clean,transit_smooth,all,2160,0,0,16,0,2144,0.0,,0.0,0.007407407407407408,,,0,,0,0.022222222222222223,1.0,1.0,,,,96,0.0,7.407407407407407
46,steady_m05,regime_conditional,1.0,clean,transit_smooth,stable,2160,0,0,16,0,2144,0.0,,0.0,0.007407407407407408,,,0,,0,0.022222222222222223,1.0,1.0,,,,96,0.0,7.407407407407407
46,steady_m05,regime_conditional,1.0,clean,transit_rough,all,2160,0,0,19,0,2141,0.0,,0.0,0.008796296296296297,,,0,,0,0.02638888888888889,1.0,1.0,,,,96,0.010416666666666666,8.796296296296296
46,steady_m05,regime_conditional,1.0,clean,transit_rough,stable,2160,0,0,19,0,2141,0.0,,0.0,0.008796296296296297,,,0,,0,0.02638888888888889,1.0,1.0,,,,96,0.010416666666666666,8.796296296296296
46,steady_m05,regime_conditional,1.0,observed,all,all,6480,216,7,61,209,6203,0.10294117647058823,0.032407407407407406,0.04929577464788732,0.009738186462324393,0.04242510993676909,0.37962962962962965,216,0.013888888888888888,432,0.027777777777777776,1.0,1.0,0.3333333333333333,0.032407407407407406,0.023148148148148147,288,0.003472222222222222,9.578544061302683
46,steady_m05,regime_conditional,1.0,observed,all,stable,6480,216,7,61,209,6203,0.10294117647058823,0.032407407407407406,0.04929577464788732,0.009738186462324393,0.04242510993676909,0.37962962962962965,216,0.013888888888888888,432,0.027777777777777776,1.0,1.0,0.3333333333333333,0.032407407407407406,0.023148148148148147,288,0.003472222222222222,9.578544061302683
46,steady_m05,regime_conditional,1.0,observed,warehouse,all,2160,72,3,25,69,2063,0.10714285714285714,0.041666666666666664,0.06,0.011973180076628353,0.042590571716254744,0.3888888888888889,72,0.020833333333333332,144,0.032407407407407406,1.0,1.0,0.3333333333333333,0.041666666666666664,0.013888888888888888,96,0.0,11.973180076628353
46,steady_m05,regime_conditional,1.0,observed,warehouse,stable,2160,72,3,25,69,2063,0.10714285714285714,0.041666666666666664,0.06,0.011973180076628353,0.042590571716254744,0.3888888888888889,72,0.020833333333333332,144,0.032407407407407406,1.0,1.0,0.3333333333333333,0.041666666666666664,0.013888888888888888,96,0.0,11.973180076628353
46,steady_m05,regime_conditional,1.0,observed,transit_smooth,all,2160,72,2,16,70,2072,0.1111111111111111,0.027777777777777776,0.044444444444444446,0.007662835249042145,0.05475396986355628,0.4444444444444444,72,0.006944444444444444,144,0.023148148148148147,1.0,1.0,0.3333333333333333,0.027777777777777776,0.027777777777777776,96,0.0,7.662835249042145
46,steady_m05,regime_conditional,1.0,observed,transit_smooth,stable,2160,72,2,16,70,2072,0.1111111111111111,0.027777777777777776,0.044444444444444446,0.007662835249042145,0.05475396986355628,0.4444444444444444,72,0.006944444444444444,144,0.023148148148148147,1.0,1.0,0.3333333333333333,0.027777777777777776,0.027777777777777776,96,0.0,7.662835249042145
46,steady_m05,regime_conditional,1.0,observed,transit_rough,all,2160,72,2,20,70,2068,0.09090909090909091,0.027777777777777776,0.0425531914893617,0.009578544061302681,0.037426748366687225,0.3055555555555556,72,0.013888888888888888,144,0.027777777777777776,1.0,1.0,0.3333333333333333,0.027777777777777776,0.027777777777777776,96,0.010416666666666666,9.099616858237548
46,steady_m05,regime_conditional,1.0,observed,transit_rough,stable,2160,72,2,20,70,2068,0.09090909090909091,0.027777777777777776,0.0425531914893617,0.009578544061302681,0.037426748366687225,0.3055555555555556,72,0.013888888888888888,144,0.027777777777777776,1.0,1.0,0.3333333333333333,0.027777777777777776,0.027777777777777776,96,0.010416666666666666,9.099616858237548
46,steady_m05,regime_conditional,0.2,clean,all,all,6480,0,0,57,0,6423,0.0,,0.0,0.008796296296296297,,,0,,0,0.02638888888888889,1.0,1.0,,,,288,0.006944444444444444,6.635802469135802
46,steady_m05,regime_conditional,0.2,clean,all,stable,6480,0,0,57,0,6423,0.0,,0.0,0.008796296296296297,,,0,,0,0.02638888888888889,1.0,1.0,,,,288,0.006944444444444444,6.635802469135802
46,steady_m05,regime_conditional,0.2,clean,warehouse,all,2160,0,0,28,0,2132,0.0,,0.0,0.012962962962962963,,,0,,0,0.03888888888888889,1.0,1.0,,,,96,0.0,8.796296296296296
46,steady_m05,regime_conditional,0.2,clean,warehouse,stable,2160,0,0,28,0,2132,0.0,,0.0,0.012962962962962963,,,0,,0,0.03888888888888889,1.0,1.0,,,,96,0.0,8.796296296296296
46,steady_m05,regime_conditional,0.2,clean,transit_smooth,all,2160,0,0,12,0,2148,0.0,,0.0,0.005555555555555556,,,0,,0,0.016666666666666666,1.0,1.0,,,,96,0.010416666666666666,5.092592592592593
46,steady_m05,regime_conditional,0.2,clean,transit_smooth,stable,2160,0,0,12,0,2148,0.0,,0.0,0.005555555555555556,,,0,,0,0.016666666666666666,1.0,1.0,,,,96,0.010416666666666666,5.092592592592593
46,steady_m05,regime_conditional,0.2,clean,transit_rough,all,2160,0,0,17,0,2143,0.0,,0.0,0.00787037037037037,,,0,,0,0.02361111111111111,1.0,1.0,,,,96,0.010416666666666666,6.018518518518518
46,steady_m05,regime_conditional,0.2,clean,transit_rough,stable,2160,0,0,17,0,2143,0.0,,0.0,0.00787037037037037,,,0,,0,0.02361111111111111,1.0,1.0,,,,96,0.010416666666666666,6.018518518518518
46,steady_m05,regime_conditional,0.2,observed,all,all,6480,216,19,64,197,6200,0.2289156626506024,0.08796296296296297,0.12709030100334448,0.010217113665389528,0.0995073554037936,0.49074074074074076,216,0.020833333333333332,432,0.028292181069958847,1.0,1.0,0.3333333333333333,0.08796296296296297,0.08333333333333333,288,0.010416666666666666,6.226053639846743
46,steady_m05,regime_conditional,0.2,observed,all,stable,6480,216,19,64,197,6200,0.2289156626506024,0.08796296296296297,0.12709030100334448,0.010217113665389528,0.0995073554037936,0.49074074074074076,216,0.020833333333333332,432,0.028292181069958847,1.0,1.0,0.3333333333333333,0.08796296296296297,0.08333333333333333,288,0.010416666666666666,6.226053639846743
46,steady_m05,regime_conditional,0.2,observed,warehouse,all,2160,72,5,32,67,2056,0.13513513513513514,0.06944444444444445,0.09174311926605505,0.01532567049808429,0.045042889070902245,0.3888888888888889,72,0.034722222222222224,144,0.041666666666666664,1.0,1.0,0.3333333333333333,0.06944444444444445,0.05555555555555555,96,0.0,8.14176245210728
46,steady_m05,regime_conditional,0.2,observed,warehouse,stable,2160,72,5,32,67,2056,0.13513513513513514,0.06944444444444445,0.09174311926605505,0.01532567049808429,0.045042889070902245,0.3888888888888889,72,0.034722222222222224,144,0.041666666666666664,1.0,1.0,0.3333333333333333,0.06944444444444445,0.05555555555555555,96,0.0,8.14176245210728
46,steady_m05,regime_conditional,0.2,observed,transit_smooth,all,2160,72,12,10,60,2078,0.5454545454545454,0.16666666666666666,0.2553191489361702,0.004789272030651341,0.21854502849778773,0.6111111111111112,72,0.013888888888888888,144,0.012345679012345678,1.0,1.0,0.3333333333333333,0.16666666666666666,0.16666666666666666,96,0.020833333333333332,3.3524904214559386
46,steady_m05,regime_conditional,0.2,observed,transit_smooth,stable,2160,72,12,10,60,2078,0.5454545454545454,0.16666666666666666,0.2553191489361702,0.004789272030651341,0.21854502849778773,0.6111111111111112,72,0.013888888888888888,144,0.012345679012345678,1.0,1.0,0.3333333333333333,0.16666666666666666,0.16666666666666666,96,0.020833333333333332,3.3524904214559386
46,steady_m05,regime_conditional,0.2,observed,transit_rough,all,2160,72,2,22,70,2066,0.08333333333333333,0.027777777777777776,0.041666666666666664,0.01053639846743295,0.0600510099647314,0.4722222222222222,72,0.013888888888888888,144,0.030864197530864196,1.0,1.0,0.3333333333333333,0.027777777777777776,0.027777777777777776,96,0.010416666666666666,7.183908045977011
46,steady_m05,regime_conditional,0.2,observed,transit_rough,stable,2160,72,2,22,70,2066,0.08333333333333333,0.027777777777777776,0.041666666666666664,0.01053639846743295,0.0600510099647314,0.4722222222222222,72,0.013888888888888888,144,0.030864197530864196,1.0,1.0,0.3333333333333333,0.027777777777777776,0.027777777777777776,96,0.010416666666666666,7.183908045977011
46,steady_m1,regime_marginal,1.0,clean,all,all,6480,0,0,65,0,6415,0.0,,0.0,0.010030864197530864,,,0,,0,0.026851851851851852,1.0,1.0,,,,288,0.017361111111111112,9.567901234567902
46,steady_m1,regime_marginal,1.0,clean,all,stable,6480,0,0,65,0,6415,0.0,,0.0,0.010030864197530864,,,0,,0,0.026851851851851852,1.0,1.0,,,,288,0.017361111111111112,9.567901234567902
46,steady_m1,regime_marginal,1.0,clean,warehouse,all,2160,0,0,30,0,2130,0.0,,0.0,0.013888888888888888,,,0,,0,0.034722222222222224,1.0,1.0,,,,96,0.010416666666666666,13.425925925925926
46,steady_m1,regime_marginal,1.0,clean,warehouse,stable,2160,0,0,30,0,2130,0.0,,0.0,0.013888888888888888,,,0,,0,0.034722222222222224,1.0,1.0,,,,96,0.010416666666666666,13.425925925925926
46,steady_m1,regime_marginal,1.0,clean,transit_smooth,all,2160,0,0,14,0,2146,0.0,,0.0,0.006481481481481481,,,0,,0,0.019444444444444445,1.0,1.0,,,,96,0.0,6.018518518518518
46,steady_m1,regime_marginal,1.0,clean,transit_smooth,stable,2160,0,0,14,0,2146,0.0,,0.0,0.006481481481481481,,,0,,0,0.019444444444444445,1.0,1.0,,,,96,0.0,6.018518518518518
46,steady_m1,regime_marginal,1.0,clean,transit_rough,all,2160,0,0,21,0,2139,0.0,,0.0,0.009722222222222222,,,0,,0,0.02638888888888889,1.0,1.0,,,,96,0.041666666666666664,9.25925925925926
46,steady_m1,regime_marginal,1.0,clean,transit_rough,stable,2160,0,0,21,0,2139,0.0,,0.0,0.009722222222222222,,,0,,0,0.02638888888888889,1.0,1.0,,,,96,0.041666666666666664,9.25925925925926
46,steady_m1,regime_marginal,1.0,observed,all,all,6480,216,11,62,205,6202,0.1506849315068493,0.05092592592592592,0.07612456747404844,0.009897828863346106,0.06136058630218164,0.5370370370370371,216,0.011574074074074073,432,0.0257201646090535,1.0,1.0,0.3333333333333333,0.05092592592592592,0.05092592592592592,288,0.017361111111111112,9.418901660280971
46,steady_m1,regime_marginal,1.0,observed,all,stable,6480,216,11,62,205,6202,0.1506849315068493,0.05092592592592592,0.07612456747404844,0.009897828863346106,0.06136058630218164,0.5370370370370371,216,0.011574074074074073,432,0.0257201646090535,1.0,1.0,0.3333333333333333,0.05092592592592592,0.05092592592592592,288,0.017361111111111112,9.418901660280971
46,steady_m1,regime_marginal,1.0,observed,warehouse,all,2160,72,2,29,70,2059,0.06451612903225806,0.027777777777777776,0.038834951456310676,0.013888888888888888,0.044451542136906386,0.4583333333333333,72,0.006944444444444444,144,0.035493827160493825,1.0,1.0,0.3333333333333333,0.027777777777777776,0.027777777777777776,96,0.010416666666666666,13.409961685823754
46,steady_m1,regime_marginal,1.0,observed,warehouse,stable,2160,72,2,29,70,2059,0.06451612903225806,0.027777777777777776,0.038834951456310676,0.013888888888888888,0.044451542136906386,0.4583333333333333,72,0.006944444444444444,144,0.035493827160493825,1.0,1.0,0.3333333333333333,0.027777777777777776,0.027777777777777776,96,0.010416666666666666,13.409961685823754
46,steady_m1,regime_marginal,1.0,observed,transit_smooth,all,2160,72,6,13,66,2075,0.3157894736842105,0.08333333333333333,0.13186813186813187,0.006226053639846743,0.12714898909223674,0.6666666666666666,72,0.013888888888888888,144,0.016975308641975308,1.0,1.0,0.3333333333333333,0.08333333333333333,0.08333333333333333,96,0.0,5.747126436781609
46,steady_m1,regime_marginal,1.0,observed,transit_smooth,stable,2160,72,6,13,66,2075,0.3157894736842105,0.08333333333333333,0.13186813186813187,0.006226053639846743,0.12714898909223674,0.6666666666666666,72,0.013888888888888888,144,0.016975308641975308,1.0,1.0,0.3333333333333333,0.08333333333333333,0.08333333333333333,96,0.0,5.747126436781609
46,steady_m1,regime_marginal,1.0,observed,transit_rough,all,2160,72,3,20,69,2068,0.13043478260869565,0.041666666666666664,0.06315789473684211,0.009578544061302681,0.05074257633045191,0.4861111111111111,72,0.013888888888888888,144,0.024691358024691357,1.0,1.0,0.3333333333333333,0.041666666666666664,0.041666666666666664,96,0.041666666666666664,9.099616858237548
46,steady_m1,regime_marginal,1.0,observed,transit_rough,stable,2160,72,3,20,69,2068,0.13043478260869565,0.041666666666666664,0.06315789473684211,0.009578544061302681,0.05074257633045191,0.4861111111111111,72,0.013888888888888888,144,0.024691358024691357,1.0,1.0,0.3333333333333333,0.041666666666666664,0.041666666666666664,96,0.041666666666666664,9.099616858237548
46,steady_m1,regime_marginal,0.2,clean,all,all,6480,0,0,62,0,6418,0.0,,0.0,0.009567901234567902,,,0,,0,0.022685185185185187,1.0,1.0,,,,288,0.020833333333333332,4.320987654320987
46,steady_m1,regime_marginal,0.2,clean,all,stable,6480,0,0,62,0,6418,0.0,,0.0,0.009567901234567902,,,0,,0,0.022685185185185187,1.0,1.0,,,,288,0.020833333333333332,4.320987654320987
46,steady_m1,regime_marginal,0.2,clean,warehouse,all,2160,0,0,32,0,2128,0.0,,0.0,0.014814814814814815,,,0,,0,0.03611111111111111,1.0,1.0,,,,96,0.0,4.166666666666667
46,steady_m1,regime_marginal,0.2,clean,warehouse,stable,2160,0,0,32,0,2128,0.0,,0.0,0.014814814814814815,,,0,,0,0.03611111111111111,1.0,1.0,,,,96,0.0,4.166666666666667
46,steady_m1,regime_marginal,0.2,clean,transit_smooth,all,2160,0,0,3,0,2157,0.0,,0.0,0.001388888888888889,,,0,,0,0.004166666666666667,1.0,1.0,,,,96,0.010416666666666666,1.3888888888888888
46,steady_m1,regime_marginal,0.2,clean,transit_smooth,stable,2160,0,0,3,0,2157,0.0,,0.0,0.001388888888888889,,,0,,0,0.004166666666666667,1.0,1.0,,,,96,0.010416666666666666,1.3888888888888888
46,steady_m1,regime_marginal,0.2,clean,transit_rough,all,2160,0,0,27,0,2133,0.0,,0.0,0.0125,,,0,,0,0.027777777777777776,1.0,1.0,,,,96,0.052083333333333336,7.407407407407407
46,steady_m1,regime_marginal,0.2,clean,transit_rough,stable,2160,0,0,27,0,2133,0.0,,0.0,0.0125,,,0,,0,0.027777777777777776,1.0,1.0,,,,96,0.052083333333333336,7.407407407407407
46,steady_m1,regime_marginal,0.2,observed,all,all,6480,216,16,60,200,6204,0.21052631578947367,0.07407407407407407,0.1095890410958904,0.009578544061302681,0.09704638362214123,0.6388888888888888,216,0.004629629629629629,432,0.025205761316872428,1.0,1.0,0.3333333333333333,0.07407407407407407,0.07407407407407407,288,0.013888888888888888,3.9910600255427844
46,steady_m1,regime_marginal,0.2,observed,all,stable,6480,216,16,60,200,6204,0.21052631578947367,0.07407407407407407,0.1095890410958904,0.009578544061302681,0.09704638362214123,0.6388888888888888,216,0.004629629629629629,432,0.025205761316872428,1.0,1.0,0.3333333333333333,0.07407407407407407,0.07407407407407407,288,0.013888888888888888,3.9910600255427844
46,steady_m1,regime_marginal,0.2,observed,warehouse,all,2160,72,4,33,68,2055,0.10810810810810811,0.05555555555555555,0.07339449541284404,0.015804597701149427,0.0574584890564234,0.5277777777777778,72,0.013888888888888888,144,0.038580246913580245,1.0,1.0,0.3333333333333333,0.05555555555555555,0.05555555555555555,96,0.0,4.789272030651341
46,steady_m1,regime_marginal,0.2,observed,warehouse,stable,2160,72,4,33,68,2055,0.10810810810810811,0.05555555555555555,0.07339449541284404,0.015804597701149427,0.0574584890564234,0.5277777777777778,72,0.013888888888888888,144,0.038580246913580245,1.0,1.0,0.3333333333333333,0.05555555555555555,0.05555555555555555,96,0.0,4.789272030651341
46,steady_m1,regime_marginal,0.2,observed,transit_smooth,all,2160,72,12,5,60,2083,0.7058823529411765,0.16666666666666666,0.2696629213483146,0.0023946360153256703,0.23801557311551702,0.8333333333333334,72,0.0,144,0.007716049382716049,1.0,1.0,0.3333333333333333,0.16666666666666666,0.16666666666666666,96,0.041666666666666664,0.4789272030651341
46,steady_m1,regime_marginal,0.2,observed,transit_smooth,stable,2160,72,12,5,60,2083,0.7058823529411765,0.16666666666666666,0.2696629213483146,0.0023946360153256703,0.23801557311551702,0.8333333333333334,72,0.0,144,0.007716049382716049,1.0,1.0,0.3333333333333333,0.16666666666666666,0.16666666666666666,96,0.041666666666666664,0.4789272030651341
46,steady_m1,regime_marginal,0.2,observed,transit_rough,all,2160,72,0,22,72,2066,0.0,0.0,0.0,0.01053639846743295,0.05260993421680984,0.5555555555555556,72,0.0,144,0.029320987654320986,1.0,1.0,0.3333333333333333,0.0,0.0,96,0.0,6.704980842911877
46,steady_m1,regime_marginal,0.2,observed,transit_rough,stable,2160,72,0,22,72,2066,0.0,0.0,0.0,0.01053639846743295,0.05260993421680984,0.5555555555555556,72,0.0,144,0.029320987654320986,1.0,1.0,0.3333333333333333,0.0,0.0,96,0.0,6.704980842911877
46,steady_m1,regime_conditional,1.0,clean,all,all,6480,0,0,63,0,6417,0.0,,0.0,0.009722222222222222,,,0,,0,0.027777777777777776,1.0,1.0,,,,288,0.003472222222222222,9.722222222222221
46,steady_m1,regime_conditional,1.0,clean,all,stable,6480,0,0,63,0,6417,0.0,,0.0,0.009722222222222222,,,0,,0,0.027777777777777776,1.0,1.0,,,,288,0.003472222222222222,9.722222222222221
46,steady_m1,regime_conditional,1.0,clean,warehouse,all,2160,0,0,28,0,2132,0.0,,0.0,0.012962962962962963,,,0,,0,0.034722222222222224,1.0,1.0,,,,96,0.0,12.962962962962964
46,steady_m1,regime_conditional,1.0,clean,warehouse,stable,2160,0,0,28,0,2132,0.0,,0.0,0.012962962962962963,,,0,,0,0.034722222222222224,1.0,1.0,,,,96,0.0,12.962962962962964
46,steady_m1,regime_conditional,1.0,clean,transit_smooth,all,2160,0,0,16,0,2144,0.0,,0.0,0.007407407407407408,,,0,,0,0.022222222222222223,1.0,1.0,,,,96,0.0,7.407407407407407
46,steady_m1,regime_conditional,1.0,clean,transit_smooth,stable,2160,0,0,16,0,2144,0.0,,0.0,0.007407407407407408,,,0,,0,0.022222222222222223,1.0,1.0,,,,96,0.0,7.407407407407407
46,steady_m1,regime_conditional,1.0,clean,transit_rough,all,2160,0,0,19,0,2141,0.0,,0.0,0.008796296296296297,,,0,,0,0.02638888888888889,1.0,1.0,,,,96,0.010416666666666666,8.796296296296296
46,steady_m1,regime_conditional,1.0,clean,transit_rough,stable,2160,0,0,19,0,2141,0.0,,0.0,0.008796296296296297,,,0,,0,0.02638888888888889,1.0,1.0,,,,96,0.010416666666666666,8.796296296296296
46,steady_m1,regime_conditional,1.0,observed,all,all,6480,216,11,63,205,6201,0.14864864864864866,0.05092592592592592,0.07586206896551724,0.010057471264367816,0.08616143678114256,0.5092592592592593,216,0.018518518518518517,432,0.027777777777777776,1.0,1.0,0.3333333333333333,0.05092592592592592,0.046296296296296294,288,0.003472222222222222,9.738186462324393
46,steady_m1,regime_conditional,1.0,observed,all,stable,6480,216,11,63,205,6201,0.14864864864864866,0.05092592592592592,0.07586206896551724,0.010057471264367816,0.08616143678114256,0.5092592592592593,216,0.018518518518518517,432,0.027777777777777776,1.0,1.0,0.3333333333333333,0.05092592592592592,0.046296296296296294,288,0.003472222222222222,9.738186462324393
46,steady_m1,regime_conditional,1.0,observed,warehouse,all,2160,72,3,25,69,2063,0.10714285714285714,0.041666666666666664,0.06,0.011973180076628353,0.07279021040531053,0.4166666666666667,72,0.020833333333333332,144,0.032407407407407406,1.0,1.0,0.3333333333333333,0.041666666666666664,0.027777777777777776,96,0.0,11.973180076628353
46,steady_m1,regime_conditional,1.0,observed,warehouse,stable,2160,72,3,25,69,2063,0.10714285714285714,0.041666666666666664,0.06,0.011973180076628353,0.07279021040531053,0.4166666666666667,72,0.020833333333333332,144,0.032407407407407406,1.0,1.0,0.3333333333333333,0.041666666666666664,0.027777777777777776,96,0.0,11.973180076628353
46,steady_m1,regime_conditional,1.0,observed,transit_smooth,all,2160,72,5,17,67,2071,0.22727272727272727,0.06944444444444445,0.10638297872340426,0.008141762452107279,0.1338730890489673,0.6527777777777778,72,0.013888888888888888,144,0.023148148148148147,1.0,1.0,0.3333333333333333,0.06944444444444445,0.06944444444444445,96,0.0,7.662835249042145
46,steady_m1,regime_conditional,1.0,observed,transit_smooth,stable,2160,72,5,17,67,2071,0.22727272727272727,0.06944444444444445,0.10638297872340426,0.008141762452107279,0.1338730890489673,0.6527777777777778,72,0.013888888888888888,144,0.023148148148148147,1.0,1.0,0.3333333333333333,0.06944444444444445,0.06944444444444445,96,0.0,7.662835249042145
46,steady_m1,regime_conditional,1.0,observed,transit_rough,all,2160,72,3,21,69,2067,0.125,0.041666666666666664,0.0625,0.010057471264367816,0.07605038255674282,0.4583333333333333,72,0.020833333333333332,144,0.027777777777777776,1.0,1.0,0.3333333333333333,0.041666666666666664,0.041666666666666664,96,0.010416666666666666,9.578544061302683
46,steady_m1,regime_conditional,1.0,observed,transit_rough,stable,2160,72,3,21,69,2067,0.125,0.041666666666666664,0.0625,0.010057471264367816,0.07605038255674282,0.4583333333333333,72,0.020833333333333332,144,0.027777777777777776,1.0,1.0,0.3333333333333333,0.041666666666666664,0.041666666666666664,96,0.010416666666666666,9.578544061302683
46,steady_m1,regime_conditional,0.2,clean,all,all,6480,0,0,57,0,6423,0.0,,0.0,0.008796296296296297,,,0,,0,0.02638888888888889,1.0,1.0,,,,288,0.006944444444444444,6.635802469135802
46,steady_m1,regime_conditional,0.2,clean,all,stable,6480,0,0,57,0,6423,0.0,,0.0,0.008796296296296297,,,0,,0,0.02638888888888889,1.0,1.0,,,,288,0.006944444444444444,6.635802469135802
46,steady_m1,regime_conditional,0.2,clean,warehouse,all,2160,0,0,28,0,2132,0.0,,0.0,0.012962962962962963,,,0,,0,0.03888888888888889,1.0,1.0,,,,96,0.0,8.796296296296296
46,steady_m1,regime_conditional,0.2,clean,warehouse,stable,2160,0,0,28,0,2132,0.0,,0.0,0.012962962962962963,,,0,,0,0.03888888888888889,1.0,1.0,,,,96,0.0,8.796296296296296
46,steady_m1,regime_conditional,0.2,clean,transit_smooth,all,2160,0,0,12,0,2148,0.0,,0.0,0.005555555555555556,,,0,,0,0.016666666666666666,1.0,1.0,,,,96,0.010416666666666666,5.092592592592593
46,steady_m1,regime_conditional,0.2,clean,transit_smooth,stable,2160,0,0,12,0,2148,0.0,,0.0,0.005555555555555556,,,0,,0,0.016666666666666666,1.0,1.0,,,,96,0.010416666666666666,5.092592592592593
46,steady_m1,regime_conditional,0.2,clean,transit_rough,all,2160,0,0,17,0,2143,0.0,,0.0,0.00787037037037037,,,0,,0,0.02361111111111111,1.0,1.0,,,,96,0.010416666666666666,6.018518518518518
46,steady_m1,regime_conditional,0.2,clean,transit_rough,stable,2160,0,0,17,0,2143,0.0,,0.0,0.00787037037037037,,,0,,0,0.02361111111111111,1.0,1.0,,,,96,0.010416666666666666,6.018518518518518
46,steady_m1,regime_conditional,0.2,observed,all,all,6480,216,54,89,162,6175,0.3776223776223776,0.25,0.3008356545961003,0.014208173690932312,0.25272912902162126,0.6435185185185185,216,0.046296296296296294,432,0.035493827160493825,1.0,1.0,0.3333333333333333,0.25,0.2361111111111111,288,0.04513888888888889,6.545338441890166
46,steady_m1,regime_conditional,0.2,observed,all,stable,6480,216,54,89,162,6175,0.3776223776223776,0.25,0.3008356545961003,0.014208173690932312,0.25272912902162126,0.6435185185185185,216,0.046296296296296294,432,0.035493827160493825,1.0,1.0,0.3333333333333333,0.25,0.2361111111111111,288,0.04513888888888889,6.545338441890166
46,steady_m1,regime_conditional,0.2,observed,warehouse,all,2160,72,14,34,58,2054,0.2916666666666667,0.19444444444444445,0.23333333333333334,0.016283524904214558,0.1794875442778232,0.5277777777777778,72,0.04861111111111111,144,0.041666666666666664,1.0,1.0,0.3333333333333333,0.19444444444444445,0.1527777777777778,96,0.0,8.14176245210728
46,steady_m1,regime_conditional,0.2,observed,warehouse,stable,2160,72,14,34,58,2054,0.2916666666666667,0.19444444444444445,0.23333333333333334,0.016283524904214558,0.1794875442778232,0.5277777777777778,72,0.04861111111111111,144,0.041666666666666664,1.0,1.0,0.3333333333333333,0.19444444444444445,0.1527777777777778,96,0.0,8.14176245210728
46,steady_m1,regime_conditional,0.2,observed,transit_smooth,all,2160,72,23,18,49,2070,0.5609756097560976,0.3194444444444444,0.40707964601769914,0.008620689655172414,0.40937633635205795,0.8333333333333334,72,0.027777777777777776,144,0.021604938271604937,1.0,1.0,0.3333333333333333,0.3194444444444444,0.3194444444444444,96,0.0625,3.8314176245210727
46,steady_m1,regime_conditional,0.2,observed,transit_smooth,stable,2160,72,23,18,49,2070,0.5609756097560976,0.3194444444444444,0.40707964601769914,0.008620689655172414,0.40937633635205795,0.8333333333333334,72,0.027777777777777776,144,0.021604938271604937,1.0,1.0,0.3333333333333333,0.3194444444444444,0.3194444444444444,96,0.0625,3.8314176245210727
46,steady_m1,regime_conditional,0.2,observed,transit_rough,all,2160,72,17,37,55,2051,0.3148148148148148,0.2361111111111111,0.2698412698412698,0.017720306513409962,0.206820270894438,0.5694444444444444,72,0.0625,144,0.043209876543209874,1.0,1.0,0.3333333333333333,0.2361111111111111,0.2361111111111111,96,0.07291666666666667,7.662835249042145
46,steady_m1,regime_conditional,0.2,observed,transit_rough,stable,2160,72,17,37,55,2051,0.3148148148148148,0.2361111111111111,0.2698412698412698,0.017720306513409962,0.206820270894438,0.5694444444444444,72,0.0625,144,0.043209876543209874,1.0,1.0,0.3333333333333333,0.2361111111111111,0.2361111111111111,96,0.07291666666666667,7.662835249042145
46,steady_m2_r10_k1,regime_marginal,1.0,clean,all,all,6480,0,0,65,0,6415,0.0,,0.0,0.010030864197530864,,,0,,0,0.026851851851851852,1.0,1.0,,,,288,0.017361111111111112,9.567901234567902
46,steady_m2_r10_k1,regime_marginal,1.0,clean,all,stable,6480,0,0,65,0,6415,0.0,,0.0,0.010030864197530864,,,0,,0,0.026851851851851852,1.0,1.0,,,,288,0.017361111111111112,9.567901234567902
46,steady_m2_r10_k1,regime_marginal,1.0,clean,warehouse,all,2160,0,0,30,0,2130,0.0,,0.0,0.013888888888888888,,,0,,0,0.034722222222222224,1.0,1.0,,,,96,0.010416666666666666,13.425925925925926
46,steady_m2_r10_k1,regime_marginal,1.0,clean,warehouse,stable,2160,0,0,30,0,2130,0.0,,0.0,0.013888888888888888,,,0,,0,0.034722222222222224,1.0,1.0,,,,96,0.010416666666666666,13.425925925925926
46,steady_m2_r10_k1,regime_marginal,1.0,clean,transit_smooth,all,2160,0,0,14,0,2146,0.0,,0.0,0.006481481481481481,,,0,,0,0.019444444444444445,1.0,1.0,,,,96,0.0,6.018518518518518
46,steady_m2_r10_k1,regime_marginal,1.0,clean,transit_smooth,stable,2160,0,0,14,0,2146,0.0,,0.0,0.006481481481481481,,,0,,0,0.019444444444444445,1.0,1.0,,,,96,0.0,6.018518518518518
46,steady_m2_r10_k1,regime_marginal,1.0,clean,transit_rough,all,2160,0,0,21,0,2139,0.0,,0.0,0.009722222222222222,,,0,,0,0.02638888888888889,1.0,1.0,,,,96,0.041666666666666664,9.25925925925926
46,steady_m2_r10_k1,regime_marginal,1.0,clean,transit_rough,stable,2160,0,0,21,0,2139,0.0,,0.0,0.009722222222222222,,,0,,0,0.02638888888888889,1.0,1.0,,,,96,0.041666666666666664,9.25925925925926
46,steady_m2_r10_k1,regime_marginal,1.0,observed,all,all,6480,216,47,62,169,6202,0.43119266055045874,0.2175925925925926,0.28923076923076924,0.009897828863346106,0.30649071730972993,0.7546296296296297,216,0.011574074074074073,432,0.0257201646090535,1.0,1.0,0.3333333333333333,0.2175925925925926,0.21296296296296297,288,0.017361111111111112,9.418901660280971
46,steady_m2_r10_k1,regime_marginal,1.0,observed,all,stable,6480,216,47,62,169,6202,0.43119266055045874,0.2175925925925926,0.28923076923076924,0.009897828863346106,0.30649071730972993,0.7546296296296297,216,0.011574074074074073,432,0.0257201646090535,1.0,1.0,0.3333333333333333,0.2175925925925926,0.21296296296296297,288,0.017361111111111112,9.418901660280971
46,steady_m2_r10_k1,regime_marginal,1.0,observed,warehouse,all,2160,72,14,29,58,2059,0.32558139534883723,0.19444444444444445,0.24347826086956523,0.013888888888888888,0.22969758338924015,0.7222222222222222,72,0.006944444444444444,144,0.035493827160493825,1.0,1.0,0.3333333333333333,0.19444444444444445,0.18055555555555555,96,0.010416666666666666,13.409961685823754
46,steady_m2_r10_k1,regime_marginal,1.0,observed,warehouse,stable,2160,72,14,29,58,2059,0.32558139534883723,0.19444444444444445,0.24347826086956523,0.013888888888888888,0.22969758338924015,0.7222222222222222,72,0.006944444444444444,144,0.035493827160493825,1.0,1.0,0.3333333333333333,0.19444444444444445,0.18055555555555555,96,0.010416666666666666,13.409961685823754
46,steady_m2_r10_k1,regime_marginal,1.0,observed,transit_smooth,all,2160,72,21,13,51,2075,0.6176470588235294,0.2916666666666667,0.39622641509433965,0.006226053639846743,0.4761416753923434,0.8472222222222222,72,0.013888888888888888,144,0.016975308641975308,1.0,1.0,0.3333333333333333,0.2916666666666667,0.2916666666666667,96,0.0,5.747126436781609
46,steady_m2_r10_k1,regime_marginal,1.0,observed,transit_smooth,stable,2160,72,21,13,51,2075,0.6176470588235294,0.2916666666666667,0.39622641509433965,0.006226053639846743,0.4761416753923434,0.8472222222222222,72,0.013888888888888888,144,0.016975308641975308,1.0,1.0,0.3333333333333333,0.2916666666666667,0.2916666666666667,96,0.0,5.747126436781609
46,steady_m2_r10_k1,regime_marginal,1.0,observed,transit_rough,all,2160,72,12,20,60,2068,0.375,0.16666666666666666,0.23076923076923078,0.009578544061302681,0.24299288031729607,0.6944444444444444,72,0.013888888888888888,144,0.024691358024691357,1.0,1.0,0.3333333333333333,0.16666666666666666,0.16666666666666666,96,0.041666666666666664,9.099616858237548
46,steady_m2_r10_k1,regime_marginal,1.0,observed,transit_rough,stable,2160,72,12,20,60,2068,0.375,0.16666666666666666,0.23076923076923078,0.009578544061302681,0.24299288031729607,0.6944444444444444,72,0.013888888888888888,144,0.024691358024691357,1.0,1.0,0.3333333333333333,0.16666666666666666,0.16666666666666666,96,0.041666666666666664,9.099616858237548
46,steady_m2_r10_k1,regime_marginal,0.2,clean,all,all,6480,0,0,62,0,6418,0.0,,0.0,0.009567901234567902,,,0,,0,0.022685185185185187,1.0,1.0,,,,288,0.020833333333333332,4.320987654320987
46,steady_m2_r10_k1,regime_marginal,0.2,clean,all,stable,6480,0,0,62,0,6418,0.0,,0.0,0.009567901234567902,,,0,,0,0.022685185185185187,1.0,1.0,,,,288,0.020833333333333332,4.320987654320987
46,steady_m2_r10_k1,regime_marginal,0.2,clean,warehouse,all,2160,0,0,32,0,2128,0.0,,0.0,0.014814814814814815,,,0,,0,0.03611111111111111,1.0,1.0,,,,96,0.0,4.166666666666667
46,steady_m2_r10_k1,regime_marginal,0.2,clean,warehouse,stable,2160,0,0,32,0,2128,0.0,,0.0,0.014814814814814815,,,0,,0,0.03611111111111111,1.0,1.0,,,,96,0.0,4.166666666666667
46,steady_m2_r10_k1,regime_marginal,0.2,clean,transit_smooth,all,2160,0,0,3,0,2157,0.0,,0.0,0.001388888888888889,,,0,,0,0.004166666666666667,1.0,1.0,,,,96,0.010416666666666666,1.3888888888888888
46,steady_m2_r10_k1,regime_marginal,0.2,clean,transit_smooth,stable,2160,0,0,3,0,2157,0.0,,0.0,0.001388888888888889,,,0,,0,0.004166666666666667,1.0,1.0,,,,96,0.010416666666666666,1.3888888888888888
46,steady_m2_r10_k1,regime_marginal,0.2,clean,transit_rough,all,2160,0,0,27,0,2133,0.0,,0.0,0.0125,,,0,,0,0.027777777777777776,1.0,1.0,,,,96,0.052083333333333336,7.407407407407407
46,steady_m2_r10_k1,regime_marginal,0.2,clean,transit_rough,stable,2160,0,0,27,0,2133,0.0,,0.0,0.0125,,,0,,0,0.027777777777777776,1.0,1.0,,,,96,0.052083333333333336,7.407407407407407
46,steady_m2_r10_k1,regime_marginal,0.2,observed,all,all,6480,216,81,72,135,6192,0.5294117647058824,0.375,0.43902439024390244,0.011494252873563218,0.394928375281829,0.7870370370370371,216,0.004629629629629629,432,0.03137860082304527,1.0,1.0,0.3333333333333333,0.375,0.375,288,0.05555555555555555,4.310344827586207
46,steady_m2_r10_k1,regime_marginal,0.2,observed,all,stable,6480,216,81,72,135,6192,0.5294117647058824,0.375,0.43902439024390244,0.011494252873563218,0.394928375281829,0.7870370370370371,216,0.004629629629629629,432,0.03137860082304527,1.0,1.0,0.3333333333333333,0.375,0.375,288,0.05555555555555555,4.310344827586207
46,steady_m2_r10_k1,regime_marginal,0.2,observed,warehouse,all,2160,72,26,35,46,2053,0.4262295081967213,0.3611111111111111,0.39097744360902253,0.016762452107279693,0.3578180615923244,0.7361111111111112,72,0.013888888888888888,144,0.041666666666666664,1.0,1.0,0.3333333333333333,0.3611111111111111,0.3611111111111111,96,0.020833333333333332,4.789272030651341
46,steady_m2_r10_k1,regime_marginal,0.2,observed,warehouse,stable,2160,72,26,35,46,2053,0.4262295081967213,0.3611111111111111,0.39097744360902253,0.016762452107279693,0.3578180615923244,0.7361111111111112,72,0.013888888888888888,144,0.041666666666666664,1.0,1.0,0.3333333333333333,0.3611111111111111,0.3611111111111111,96,0.020833333333333332,4.789272030651341
46,steady_m2_r10_k1,regime_marginal,0.2,observed,transit_smooth,all,2160,72,33,11,39,2077,0.75,0.4583333333333333,0.5689655172413793,0.005268199233716475,0.5666928610674823,0.9444444444444444,72,0.0,144,0.016975308641975308,1.0,1.0,0.3333333333333333,0.4583333333333333,0.4583333333333333,96,0.10416666666666667,0.9578544061302682
46,steady_m2_r10_k1,regime_marginal,0.2,observed,transit_smooth,stable,2160,72,33,11,39,2077,0.75,0.4583333333333333,0.5689655172413793,0.005268199233716475,0.5666928610674823,0.9444444444444444,72,0.0,144,0.016975308641975308,1.0,1.0,0.3333333333333333,0.4583333333333333,0.4583333333333333,96,0.10416666666666667,0.9578544061302682
46,steady_m2_r10_k1,regime_marginal,0.2,observed,transit_rough,all,2160,72,22,26,50,2062,0.4583333333333333,0.3055555555555556,0.36666666666666664,0.012452107279693486,0.32145164935093085,0.6805555555555556,72,0.0,144,0.035493827160493825,1.0,1.0,0.3333333333333333,0.3055555555555556,0.3055555555555556,96,0.041666666666666664,7.183908045977011
46,steady_m2_r10_k1,regime_marginal,0.2,observed,transit_rough,stable,2160,72,22,26,50,2062,0.4583333333333333,0.3055555555555556,0.36666666666666664,0.012452107279693486,0.32145164935093085,0.6805555555555556,72,0.0,144,0.035493827160493825,1.0,1.0,0.3333333333333333,0.3055555555555556,0.3055555555555556,96,0.041666666666666664,7.183908045977011
46,steady_m2_r10_k1,regime_conditional,1.0,clean,all,all,6480,0,0,63,0,6417,0.0,,0.0,0.009722222222222222,,,0,,0,0.027777777777777776,1.0,1.0,,,,288,0.003472222222222222,9.722222222222221
46,steady_m2_r10_k1,regime_conditional,1.0,clean,all,stable,6480,0,0,63,0,6417,0.0,,0.0,0.009722222222222222,,,0,,0,0.027777777777777776,1.0,1.0,,,,288,0.003472222222222222,9.722222222222221
46,steady_m2_r10_k1,regime_conditional,1.0,clean,warehouse,all,2160,0,0,28,0,2132,0.0,,0.0,0.012962962962962963,,,0,,0,0.034722222222222224,1.0,1.0,,,,96,0.0,12.962962962962964
46,steady_m2_r10_k1,regime_conditional,1.0,clean,warehouse,stable,2160,0,0,28,0,2132,0.0,,0.0,0.012962962962962963,,,0,,0,0.034722222222222224,1.0,1.0,,,,96,0.0,12.962962962962964
46,steady_m2_r10_k1,regime_conditional,1.0,clean,transit_smooth,all,2160,0,0,16,0,2144,0.0,,0.0,0.007407407407407408,,,0,,0,0.022222222222222223,1.0,1.0,,,,96,0.0,7.407407407407407
46,steady_m2_r10_k1,regime_conditional,1.0,clean,transit_smooth,stable,2160,0,0,16,0,2144,0.0,,0.0,0.007407407407407408,,,0,,0,0.022222222222222223,1.0,1.0,,,,96,0.0,7.407407407407407
46,steady_m2_r10_k1,regime_conditional,1.0,clean,transit_rough,all,2160,0,0,19,0,2141,0.0,,0.0,0.008796296296296297,,,0,,0,0.02638888888888889,1.0,1.0,,,,96,0.010416666666666666,8.796296296296296
46,steady_m2_r10_k1,regime_conditional,1.0,clean,transit_rough,stable,2160,0,0,19,0,2141,0.0,,0.0,0.008796296296296297,,,0,,0,0.02638888888888889,1.0,1.0,,,,96,0.010416666666666666,8.796296296296296
46,steady_m2_r10_k1,regime_conditional,1.0,observed,all,all,6480,216,82,71,134,6193,0.5359477124183006,0.37962962962962965,0.4444444444444444,0.011334610472541508,0.4241142044486399,0.7777777777777778,216,0.037037037037037035,432,0.027777777777777776,1.0,1.0,0.3333333333333333,0.37962962962962965,0.33796296296296297,288,0.003472222222222222,10.696040868454661
46,steady_m2_r10_k1,regime_conditional,1.0,observed,all,stable,6480,216,82,71,134,6193,0.5359477124183006,0.37962962962962965,0.4444444444444444,0.011334610472541508,0.4241142044486399,0.7777777777777778,216,0.037037037037037035,432,0.027777777777777776,1.0,1.0,0.3333333333333333,0.37962962962962965,0.33796296296296297,288,0.003472222222222222,10.696040868454661
46,steady_m2_r10_k1,regime_conditional,1.0,observed,warehouse,all,2160,72,22,29,50,2059,0.43137254901960786,0.3055555555555556,0.35772357723577236,0.013888888888888888,0.3245708166113751,0.7222222222222222,72,0.04861111111111111,144,0.032407407407407406,1.0,1.0,0.3333333333333333,0.3055555555555556,0.2361111111111111,96,0.0,13.409961685823754
46,steady_m2_r10_k1,regime_conditional,1.0,observed,warehouse,stable,2160,72,22,29,50,2059,0.43137254901960786,0.3055555555555556,0.35772357723577236,0.013888888888888888,0.3245708166113751,0.7222222222222222,72,0.04861111111111111,144,0.032407407407407406,1.0,1.0,0.3333333333333333,0.3055555555555556,0.2361111111111111,96,0.0,13.409961685823754
46,steady_m2_r10_k1,regime_conditional,1.0,observed,transit_smooth,all,2160,72,34,20,38,2068,0.6296296296296297,0.4722222222222222,0.5396825396825397,0.009578544061302681,0.5460453395677074,0.8472222222222222,72,0.034722222222222224,144,0.023148148148148147,1.0,1.0,0.3333333333333333,0.4722222222222222,0.4444444444444444,96,0.0,8.620689655172415
46,steady_m2_r10_k1,regime_conditional,1.0,observed,transit_smooth,stable,2160,72,34,20,38,2068,0.6296296296296297,0.4722222222222222,0.5396825396825397,0.009578544061302681,0.5460453395677074,0.8472222222222222,72,0.034722222222222224,144,0.023148148148148147,1.0,1.0,0.3333333333333333,0.4722222222222222,0.4444444444444444,96,0.0,8.620689655172415
46,steady_m2_r10_k1,regime_conditional,1.0,observed,transit_rough,all,2160,72,26,22,46,2066,0.5416666666666666,0.3611111111111111,0.43333333333333335,0.01053639846743295,0.4278679281363647,0.7638888888888888,72,0.027777777777777776,144,0.027777777777777776,1.0,1.0,0.3333333333333333,0.3611111111111111,0.3333333333333333,96,0.010416666666666666,10.057471264367816
46,steady_m2_r10_k1,regime_conditional,1.0,observed,transit_rough,stable,2160,72,26,22,46,2066,0.5416666666666666,0.3611111111111111,0.43333333333333335,0.01053639846743295,0.4278679281363647,0.7638888888888888,72,0.027777777777777776,144,0.027777777777777776,1.0,1.0,0.3333333333333333,0.3611111111111111,0.3333333333333333,96,0.010416666666666666,10.057471264367816
46,steady_m2_r10_k1,regime_conditional,0.2,clean,all,all,6480,0,0,57,0,6423,0.0,,0.0,0.008796296296296297,,,0,,0,0.02638888888888889,1.0,1.0,,,,288,0.006944444444444444,6.635802469135802
46,steady_m2_r10_k1,regime_conditional,0.2,clean,all,stable,6480,0,0,57,0,6423,0.0,,0.0,0.008796296296296297,,,0,,0,0.02638888888888889,1.0,1.0,,,,288,0.006944444444444444,6.635802469135802
46,steady_m2_r10_k1,regime_conditional,0.2,clean,warehouse,all,2160,0,0,28,0,2132,0.0,,0.0,0.012962962962962963,,,0,,0,0.03888888888888889,1.0,1.0,,,,96,0.0,8.796296296296296
46,steady_m2_r10_k1,regime_conditional,0.2,clean,warehouse,stable,2160,0,0,28,0,2132,0.0,,0.0,0.012962962962962963,,,0,,0,0.03888888888888889,1.0,1.0,,,,96,0.0,8.796296296296296
46,steady_m2_r10_k1,regime_conditional,0.2,clean,transit_smooth,all,2160,0,0,12,0,2148,0.0,,0.0,0.005555555555555556,,,0,,0,0.016666666666666666,1.0,1.0,,,,96,0.010416666666666666,5.092592592592593
46,steady_m2_r10_k1,regime_conditional,0.2,clean,transit_smooth,stable,2160,0,0,12,0,2148,0.0,,0.0,0.005555555555555556,,,0,,0,0.016666666666666666,1.0,1.0,,,,96,0.010416666666666666,5.092592592592593
46,steady_m2_r10_k1,regime_conditional,0.2,clean,transit_rough,all,2160,0,0,17,0,2143,0.0,,0.0,0.00787037037037037,,,0,,0,0.02361111111111111,1.0,1.0,,,,96,0.010416666666666666,6.018518518518518
46,steady_m2_r10_k1,regime_conditional,0.2,clean,transit_rough,stable,2160,0,0,17,0,2143,0.0,,0.0,0.00787037037037037,,,0,,0,0.02361111111111111,1.0,1.0,,,,96,0.010416666666666666,6.018518518518518
46,steady_m2_r10_k1,regime_conditional,0.2,observed,all,all,6480,216,150,179,66,6085,0.45592705167173253,0.6944444444444444,0.5504587155963303,0.028575989782886335,0.5758005733435525,0.7824074074074074,216,0.12731481481481483,432,0.059670781893004114,1.0,1.0,0.3333333333333333,0.6944444444444444,0.49074074074074076,288,0.19791666666666666,8.780332056194124
46,steady_m2_r10_k1,regime_conditional,0.2,observed,all,stable,6480,216,150,179,66,6085,0.45592705167173253,0.6944444444444444,0.5504587155963303,0.028575989782886335,0.5758005733435525,0.7824074074074074,216,0.12731481481481483,432,0.059670781893004114,1.0,1.0,0.3333333333333333,0.6944444444444444,0.49074074074074076,288,0.19791666666666666,8.780332056194124
46,steady_m2_r10_k1,regime_conditional,0.2,observed,warehouse,all,2160,72,47,62,25,2026,0.43119266055045874,0.6527777777777778,0.5193370165745856,0.029693486590038315,0.600572709113386,0.7638888888888888,72,0.14583333333333334,144,0.06018518518518518,1.0,1.0,0.3333333333333333,0.6527777777777778,0.4444444444444444,96,0.13541666666666666,11.494252873563218
46,steady_m2_r10_k1,regime_conditional,0.2,observed,warehouse,stable,2160,72,47,62,25,2026,0.43119266055045874,0.6527777777777778,0.5193370165745856,0.029693486590038315,0.600572709113386,0.7638888888888888,72,0.14583333333333334,144,0.06018518518518518,1.0,1.0,0.3333333333333333,0.6527777777777778,0.4444444444444444,96,0.13541666666666666,11.494252873563218
46,steady_m2_r10_k1,regime_conditional,0.2,observed,transit_smooth,all,2160,72,57,45,15,2043,0.5588235294117647,0.7916666666666666,0.6551724137931034,0.021551724137931036,0.6832003704387765,0.9305555555555556,72,0.041666666666666664,144,0.05709876543209876,1.0,1.0,0.3333333333333333,0.7916666666666666,0.7083333333333334,96,0.28125,5.747126436781609
46,steady_m2_r10_k1,regime_conditional,0.2,observed,transit_smooth,stable,2160,72,57,45,15,2043,0.5588235294117647,0.7916666666666666,0.6551724137931034,0.021551724137931036,0.6832003704387765,0.9305555555555556,72,0.041666666666666664,144,0.05709876543209876,1.0,1.0,0.3333333333333333,0.7916666666666666,0.7083333333333334,96,0.28125,5.747126436781609
46,steady_m2_r10_k1,regime_conditional,0.2,observed,transit_rough,all,2160,72,46,72,26,2016,0.3898305084745763,0.6388888888888888,0.4842105263157895,0.034482758620689655,0.47421201984764283,0.6527777777777778,72,0.19444444444444445,144,0.06172839506172839,1.0,1.0,0.3333333333333333,0.6388888888888888,0.3194444444444444,96,0.17708333333333334,9.099616858237548
46,steady_m2_r10_k1,regime_conditional,0.2,observed,transit_rough,stable,2160,72,46,72,26,2016,0.3898305084745763,0.6388888888888888,0.4842105263157895,0.034482758620689655,0.47421201984764283,0.6527777777777778,72,0.19444444444444445,144,0.06172839506172839,1.0,1.0,0.3333333333333333,0.6388888888888888,0.3194444444444444,96,0.17708333333333334,9.099616858237548
46,steady_m4,regime_marginal,1.0,clean,all,all,6480,0,0,65,0,6415,0.0,,0.0,0.010030864197530864,,,0,,0,0.026851851851851852,1.0,1.0,,,,288,0.017361111111111112,9.567901234567902
46,steady_m4,regime_marginal,1.0,clean,all,stable,6480,0,0,65,0,6415,0.0,,0.0,0.010030864197530864,,,0,,0,0.026851851851851852,1.0,1.0,,,,288,0.017361111111111112,9.567901234567902
46,steady_m4,regime_marginal,1.0,clean,warehouse,all,2160,0,0,30,0,2130,0.0,,0.0,0.013888888888888888,,,0,,0,0.034722222222222224,1.0,1.0,,,,96,0.010416666666666666,13.425925925925926
46,steady_m4,regime_marginal,1.0,clean,warehouse,stable,2160,0,0,30,0,2130,0.0,,0.0,0.013888888888888888,,,0,,0,0.034722222222222224,1.0,1.0,,,,96,0.010416666666666666,13.425925925925926
46,steady_m4,regime_marginal,1.0,clean,transit_smooth,all,2160,0,0,14,0,2146,0.0,,0.0,0.006481481481481481,,,0,,0,0.019444444444444445,1.0,1.0,,,,96,0.0,6.018518518518518
46,steady_m4,regime_marginal,1.0,clean,transit_smooth,stable,2160,0,0,14,0,2146,0.0,,0.0,0.006481481481481481,,,0,,0,0.019444444444444445,1.0,1.0,,,,96,0.0,6.018518518518518
46,steady_m4,regime_marginal,1.0,clean,transit_rough,all,2160,0,0,21,0,2139,0.0,,0.0,0.009722222222222222,,,0,,0,0.02638888888888889,1.0,1.0,,,,96,0.041666666666666664,9.25925925925926
46,steady_m4,regime_marginal,1.0,clean,transit_rough,stable,2160,0,0,21,0,2139,0.0,,0.0,0.009722222222222222,,,0,,0,0.02638888888888889,1.0,1.0,,,,96,0.041666666666666664,9.25925925925926
46,steady_m4,regime_marginal,1.0,observed,all,all,6480,216,191,62,25,6202,0.7549407114624506,0.8842592592592593,0.814498933901919,0.009897828863346106,0.931448323219983,0.9722222222222222,216,0.011574074074074073,432,0.0257201646090535,1.0,1.0,0.3333333333333333,0.8842592592592593,0.8657407407407407,288,0.017361111111111112,9.418901660280971
46,steady_m4,regime_marginal,1.0,observed,all,stable,6480,216,191,62,25,6202,0.7549407114624506,0.8842592592592593,0.814498933901919,0.009897828863346106,0.931448323219983,0.9722222222222222,216,0.011574074074074073,432,0.0257201646090535,1.0,1.0,0.3333333333333333,0.8842592592592593,0.8657407407407407,288,0.017361111111111112,9.418901660280971
46,steady_m4,regime_marginal,1.0,observed,warehouse,all,2160,72,64,29,8,2059,0.6881720430107527,0.8888888888888888,0.7757575757575758,0.013888888888888888,0.9170017626543804,1.0,72,0.006944444444444444,144,0.035493827160493825,1.0,1.0,0.3333333333333333,0.8888888888888888,0.875,96,0.010416666666666666,13.409961685823754
46,steady_m4,regime_marginal,1.0,observed,warehouse,stable,2160,72,64,29,8,2059,0.6881720430107527,0.8888888888888888,0.7757575757575758,0.013888888888888888,0.9170017626543804,1.0,72,0.006944444444444444,144,0.035493827160493825,1.0,1.0,0.3333333333333333,0.8888888888888888,0.875,96,0.010416666666666666,13.409961685823754
46,steady_m4,regime_marginal,1.0,observed,transit_smooth,all,2160,72,65,13,7,2075,0.8333333333333334,0.9027777777777778,0.8666666666666667,0.006226053639846743,0.9528200009616591,0.9444444444444444,72,0.013888888888888888,144,0.016975308641975308,1.0,1.0,0.3333333333333333,0.9027777777777778,0.8888888888888888,96,0.0,5.747126436781609
46,steady_m4,regime_marginal,1.0,observed,transit_smooth,stable,2160,72,65,13,7,2075,0.8333333333333334,0.9027777777777778,0.8666666666666667,0.006226053639846743,0.9528200009616591,0.9444444444444444,72,0.013888888888888888,144,0.016975308641975308,1.0,1.0,0.3333333333333333,0.9027777777777778,0.8888888888888888,96,0.0,5.747126436781609
46,steady_m4,regime_marginal,1.0,observed,transit_rough,all,2160,72,62,20,10,2068,0.7560975609756098,0.8611111111111112,0.8051948051948052,0.009578544061302681,0.9200618193261143,0.9722222222222222,72,0.013888888888888888,144,0.024691358024691357,1.0,1.0,0.3333333333333333,0.8611111111111112,0.8333333333333334,96,0.041666666666666664,9.099616858237548
46,steady_m4,regime_marginal,1.0,observed,transit_rough,stable,2160,72,62,20,10,2068,0.7560975609756098,0.8611111111111112,0.8051948051948052,0.009578544061302681,0.9200618193261143,0.9722222222222222,72,0.013888888888888888,144,0.024691358024691357,1.0,1.0,0.3333333333333333,0.8611111111111112,0.8333333333333334,96,0.041666666666666664,9.099616858237548
46,steady_m4,regime_marginal,0.2,clean,all,all,6480,0,0,62,0,6418,0.0,,0.0,0.009567901234567902,,,0,,0,0.022685185185185187,1.0,1.0,,,,288,0.020833333333333332,4.320987654320987
46,steady_m4,regime_marginal,0.2,clean,all,stable,6480,0,0,62,0,6418,0.0,,0.0,0.009567901234567902,,,0,,0,0.022685185185185187,1.0,1.0,,,,288,0.020833333333333332,4.320987654320987
46,steady_m4,regime_marginal,0.2,clean,warehouse,all,2160,0,0,32,0,2128,0.0,,0.0,0.014814814814814815,,,0,,0,0.03611111111111111,1.0,1.0,,,,96,0.0,4.166666666666667
46,steady_m4,regime_marginal,0.2,clean,warehouse,stable,2160,0,0,32,0,2128,0.0,,0.0,0.014814814814814815,,,0,,0,0.03611111111111111,1.0,1.0,,,,96,0.0,4.166666666666667
46,steady_m4,regime_marginal,0.2,clean,transit_smooth,all,2160,0,0,3,0,2157,0.0,,0.0,0.001388888888888889,,,0,,0,0.004166666666666667,1.0,1.0,,,,96,0.010416666666666666,1.3888888888888888
46,steady_m4,regime_marginal,0.2,clean,transit_smooth,stable,2160,0,0,3,0,2157,0.0,,0.0,0.001388888888888889,,,0,,0,0.004166666666666667,1.0,1.0,,,,96,0.010416666666666666,1.3888888888888888
46,steady_m4,regime_marginal,0.2,clean,transit_rough,all,2160,0,0,27,0,2133,0.0,,0.0,0.0125,,,0,,0,0.027777777777777776,1.0,1.0,,,,96,0.052083333333333336,7.407407407407407
46,steady_m4,regime_marginal,0.2,clean,transit_rough,stable,2160,0,0,27,0,2133,0.0,,0.0,0.0125,,,0,,0,0.027777777777777776,1.0,1.0,,,,96,0.052083333333333336,7.407407407407407
46,steady_m4,regime_marginal,0.2,observed,all,all,6480,216,175,142,41,6122,0.5520504731861199,0.8101851851851852,0.6566604127579737,0.022669220945083016,0.734184798166731,0.9490740740740741,216,0.013888888888888888,432,0.06481481481481481,1.0,1.0,0.3333333333333333,0.8101851851851852,0.7916666666666666,288,0.2986111111111111,4.469987228607918
46,steady_m4,regime_marginal,0.2,observed,all,stable,6480,216,175,142,41,6122,0.5520504731861199,0.8101851851851852,0.6566604127579737,0.022669220945083016,0.734184798166731,0.9490740740740741,216,0.013888888888888888,432,0.06481481481481481,1.0,1.0,0.3333333333333333,0.8101851851851852,0.7916666666666666,288,0.2986111111111111,4.469987228607918
46,steady_m4,regime_marginal,0.2,observed,warehouse,all,2160,72,57,61,15,2027,0.4830508474576271,0.7916666666666666,0.6,0.02921455938697318,0.7553411291391381,0.9027777777777778,72,0.041666666666666664,144,0.07407407407407407,1.0,1.0,0.3333333333333333,0.7916666666666666,0.7361111111111112,96,0.2916666666666667,5.747126436781609
46,steady_m4,regime_marginal,0.2,observed,warehouse,stable,2160,72,57,61,15,2027,0.4830508474576271,0.7916666666666666,0.6,0.02921455938697318,0.7553411291391381,0.9027777777777778,72,0.041666666666666664,144,0.07407407407407407,1.0,1.0,0.3333333333333333,0.7916666666666666,0.7361111111111112,96,0.2916666666666667,5.747126436781609
46,steady_m4,regime_marginal,0.2,observed,transit_smooth,all,2160,72,63,35,9,2053,0.6428571428571429,0.875,0.7411764705882353,0.016762452107279693,0.7662412187000974,0.9861111111111112,72,0.0,144,0.05401234567901234,1.0,1.0,0.3333333333333333,0.875,0.875,96,0.3541666666666667,0.9578544061302682
46,steady_m4,regime_marginal,0.2,observed,transit_smooth,stable,2160,72,63,35,9,2053,0.6428571428571429,0.875,0.7411764705882353,0.016762452107279693,0.7662412187000974,0.9861111111111112,72,0.0,144,0.05401234567901234,1.0,1.0,0.3333333333333333,0.875,0.875,96,0.3541666666666667,0.9578544061302682
46,steady_m4,regime_marginal,0.2,observed,transit_rough,all,2160,72,55,46,17,2042,0.5445544554455446,0.7638888888888888,0.6358381502890174,0.022030651340996167,0.6836460384066725,0.9583333333333334,72,0.0,144,0.06635802469135803,1.0,1.0,0.3333333333333333,0.7638888888888888,0.7638888888888888,96,0.25,6.704980842911877
46,steady_m4,regime_marginal,0.2,observed,transit_rough,stable,2160,72,55,46,17,2042,0.5445544554455446,0.7638888888888888,0.6358381502890174,0.022030651340996167,0.6836460384066725,0.9583333333333334,72,0.0,144,0.06635802469135803,1.0,1.0,0.3333333333333333,0.7638888888888888,0.7638888888888888,96,0.25,6.704980842911877
46,steady_m4,regime_conditional,1.0,clean,all,all,6480,0,0,63,0,6417,0.0,,0.0,0.009722222222222222,,,0,,0,0.027777777777777776,1.0,1.0,,,,288,0.003472222222222222,9.722222222222221
46,steady_m4,regime_conditional,1.0,clean,all,stable,6480,0,0,63,0,6417,0.0,,0.0,0.009722222222222222,,,0,,0,0.027777777777777776,1.0,1.0,,,,288,0.003472222222222222,9.722222222222221
46,steady_m4,regime_conditional,1.0,clean,warehouse,all,2160,0,0,28,0,2132,0.0,,0.0,0.012962962962962963,,,0,,0,0.034722222222222224,1.0,1.0,,,,96,0.0,12.962962962962964
46,steady_m4,regime_conditional,1.0,clean,warehouse,stable,2160,0,0,28,0,2132,0.0,,0.0,0.012962962962962963,,,0,,0,0.034722222222222224,1.0,1.0,,,,96,0.0,12.962962962962964
46,steady_m4,regime_conditional,1.0,clean,transit_smooth,all,2160,0,0,16,0,2144,0.0,,0.0,0.007407407407407408,,,0,,0,0.022222222222222223,1.0,1.0,,,,96,0.0,7.407407407407407
46,steady_m4,regime_conditional,1.0,clean,transit_smooth,stable,2160,0,0,16,0,2144,0.0,,0.0,0.007407407407407408,,,0,,0,0.022222222222222223,1.0,1.0,,,,96,0.0,7.407407407407407
46,steady_m4,regime_conditional,1.0,clean,transit_rough,all,2160,0,0,19,0,2141,0.0,,0.0,0.008796296296296297,,,0,,0,0.02638888888888889,1.0,1.0,,,,96,0.010416666666666666,8.796296296296296
46,steady_m4,regime_conditional,1.0,clean,transit_rough,stable,2160,0,0,19,0,2141,0.0,,0.0,0.008796296296296297,,,0,,0,0.02638888888888889,1.0,1.0,,,,96,0.010416666666666666,8.796296296296296
46,steady_m4,regime_conditional,1.0,observed,all,all,6480,216,211,118,5,6146,0.6413373860182371,0.9768518518518519,0.7743119266055046,0.018837803320561942,0.9480960414341241,0.9953703703703703,216,0.14583333333333334,432,0.027777777777777776,1.0,1.0,0.3333333333333333,0.9768518518518519,0.6898148148148148,288,0.013888888888888888,16.602809706257982
46,steady_m4,regime_conditional,1.0,observed,all,stable,6480,216,211,118,5,6146,0.6413373860182371,0.9768518518518519,0.7743119266055046,0.018837803320561942,0.9480960414341241,0.9953703703703703,216,0.14583333333333334,432,0.027777777777777776,1.0,1.0,0.3333333333333333,0.9768518518518519,0.6898148148148148,288,0.013888888888888888,16.602809706257982
46,steady_m4,regime_conditional,1.0,observed,warehouse,all,2160,72,70,42,2,2046,0.625,0.9722222222222222,0.7608695652173914,0.020114942528735632,0.896581498819029,1.0,72,0.1388888888888889,144,0.032407407407407406,1.0,1.0,0.3333333333333333,0.9722222222222222,0.6944444444444444,96,0.020833333333333332,16.28352490421456
46,steady_m4,regime_conditional,1.0,observed,warehouse,stable,2160,72,70,42,2,2046,0.625,0.9722222222222222,0.7608695652173914,0.020114942528735632,0.896581498819029,1.0,72,0.1388888888888889,144,0.032407407407407406,1.0,1.0,0.3333333333333333,0.9722222222222222,0.6944444444444444,96,0.020833333333333332,16.28352490421456
46,steady_m4,regime_conditional,1.0,observed,transit_smooth,all,2160,72,70,32,2,2056,0.6862745098039216,0.9722222222222222,0.8045977011494253,0.01532567049808429,0.9700342618612751,1.0,72,0.11805555555555555,144,0.023148148148148147,1.0,1.0,0.3333333333333333,0.9722222222222222,0.7361111111111112,96,0.010416666666666666,13.409961685823754
46,steady_m4,regime_conditional,1.0,observed,transit_smooth,stable,2160,72,70,32,2,2056,0.6862745098039216,0.9722222222222222,0.8045977011494253,0.01532567049808429,0.9700342618612751,1.0,72,0.11805555555555555,144,0.023148148148148147,1.0,1.0,0.3333333333333333,0.9722222222222222,0.7361111111111112,96,0.010416666666666666,13.409961685823754
46,steady_m4,regime_conditional,1.0,observed,transit_rough,all,2160,72,71,44,1,2044,0.6173913043478261,0.9861111111111112,0.7593582887700535,0.0210727969348659,0.9738665029429249,0.9861111111111112,72,0.18055555555555555,144,0.027777777777777776,1.0,1.0,0.3333333333333333,0.9861111111111112,0.6388888888888888,96,0.010416666666666666,20.114942528735632
46,steady_m4,regime_conditional,1.0,observed,transit_rough,stable,2160,72,71,44,1,2044,0.6173913043478261,0.9861111111111112,0.7593582887700535,0.0210727969348659,0.9738665029429249,0.9861111111111112,72,0.18055555555555555,144,0.027777777777777776,1.0,1.0,0.3333333333333333,0.9861111111111112,0.6388888888888888,96,0.010416666666666666,20.114942528735632
46,steady_m4,regime_conditional,0.2,clean,all,all,6480,0,0,57,0,6423,0.0,,0.0,0.008796296296296297,,,0,,0,0.02638888888888889,1.0,1.0,,,,288,0.006944444444444444,6.635802469135802
46,steady_m4,regime_conditional,0.2,clean,all,stable,6480,0,0,57,0,6423,0.0,,0.0,0.008796296296296297,,,0,,0,0.02638888888888889,1.0,1.0,,,,288,0.006944444444444444,6.635802469135802
46,steady_m4,regime_conditional,0.2,clean,warehouse,all,2160,0,0,28,0,2132,0.0,,0.0,0.012962962962962963,,,0,,0,0.03888888888888889,1.0,1.0,,,,96,0.0,8.796296296296296
46,steady_m4,regime_conditional,0.2,clean,warehouse,stable,2160,0,0,28,0,2132,0.0,,0.0,0.012962962962962963,,,0,,0,0.03888888888888889,1.0,1.0,,,,96,0.0,8.796296296296296
46,steady_m4,regime_conditional,0.2,clean,transit_smooth,all,2160,0,0,12,0,2148,0.0,,0.0,0.005555555555555556,,,0,,0,0.016666666666666666,1.0,1.0,,,,96,0.010416666666666666,5.092592592592593
46,steady_m4,regime_conditional,0.2,clean,transit_smooth,stable,2160,0,0,12,0,2148,0.0,,0.0,0.005555555555555556,,,0,,0,0.016666666666666666,1.0,1.0,,,,96,0.010416666666666666,5.092592592592593
46,steady_m4,regime_conditional,0.2,clean,transit_rough,all,2160,0,0,17,0,2143,0.0,,0.0,0.00787037037037037,,,0,,0,0.02361111111111111,1.0,1.0,,,,96,0.010416666666666666,6.018518518518518
46,steady_m4,regime_conditional,0.2,clean,transit_rough,stable,2160,0,0,17,0,2143,0.0,,0.0,0.00787037037037037,,,0,,0,0.02361111111111111,1.0,1.0,,,,96,0.010416666666666666,6.018518518518518
46,steady_m4,regime_conditional,0.2,observed,all,all,6480,216,197,405,19,5859,0.3272425249169435,0.9120370370370371,0.48166259168704156,0.06465517241379311,0.7317705711843807,0.9074074074074074,216,0.3958333333333333,432,0.0941358024691358,1.0,1.0,0.3333333333333333,0.9120370370370371,0.35185185185185186,288,0.46875,10.696040868454661
46,steady_m4,regime_conditional,0.2,observed,all,stable,6480,216,197,405,19,5859,0.3272425249169435,0.9120370370370371,0.48166259168704156,0.06465517241379311,0.7317705711843807,0.9074074074074074,216,0.3958333333333333,432,0.0941358024691358,1.0,1.0,0.3333333333333333,0.9120370370370371,0.35185185185185186,288,0.46875,10.696040868454661
46,steady_m4,regime_conditional,0.2,observed,warehouse,all,2160,72,65,147,7,1941,0.30660377358490565,0.9027777777777778,0.45774647887323944,0.07040229885057471,0.7876607654989721,0.9305555555555556,72,0.4513888888888889,144,0.10648148148148148,1.0,1.0,0.3333333333333333,0.9027777777777778,0.25,96,0.4895833333333333,11.973180076628353
46,steady_m4,regime_conditional,0.2,observed,warehouse,stable,2160,72,65,147,7,1941,0.30660377358490565,0.9027777777777778,0.45774647887323944,0.07040229885057471,0.7876607654989721,0.9305555555555556,72,0.4513888888888889,144,0.10648148148148148,1.0,1.0,0.3333333333333333,0.9027777777777778,0.25,96,0.4895833333333333,11.973180076628353
46,steady_m4,regime_conditional,0.2,observed,transit_smooth,all,2160,72,68,101,4,1987,0.40236686390532544,0.9444444444444444,0.5643153526970954,0.04837164750957854,0.7802301218950599,0.9861111111111112,72,0.22916666666666666,144,0.08796296296296297,1.0,1.0,0.3333333333333333,0.9444444444444444,0.5833333333333334,96,0.53125,7.183908045977011
46,steady_m4,regime_conditional,0.2,observed,transit_smooth,stable,2160,72,68,101,4,1987,0.40236686390532544,0.9444444444444444,0.5643153526970954,0.04837164750957854,0.7802301218950599,0.9861111111111112,72,0.22916666666666666,144,0.08796296296296297,1.0,1.0,0.3333333333333333,0.9444444444444444,0.5833333333333334,96,0.53125,7.183908045977011
46,steady_m4,regime_conditional,0.2,observed,transit_rough,all,2160,72,64,157,8,1931,0.2895927601809955,0.8888888888888888,0.43686006825938567,0.07519157088122605,0.6400120989872424,0.8055555555555556,72,0.5069444444444444,144,0.08796296296296297,1.0,1.0,0.3333333333333333,0.8888888888888888,0.2222222222222222,96,0.3854166666666667,12.931034482758621
46,steady_m4,regime_conditional,0.2,observed,transit_rough,stable,2160,72,64,157,8,1931,0.2895927601809955,0.8888888888888888,0.43686006825938567,0.07519157088122605,0.6400120989872424,0.8055555555555556,72,0.5069444444444444,144,0.08796296296296297,1.0,1.0,0.3333333333333333,0.8888888888888888,0.2222222222222222,96,0.3854166666666667,12.931034482758621
46,steady_r02,regime_marginal,1.0,clean,all,all,6480,0,0,65,0,6415,0.0,,0.0,0.010030864197530864,,,0,,0,0.026851851851851852,1.0,1.0,,,,144,0.034722222222222224,9.567901234567902
46,steady_r02,regime_marginal,1.0,clean,all,stable,6480,0,0,65,0,6415,0.0,,0.0,0.010030864197530864,,,0,,0,0.026851851851851852,1.0,1.0,,,,144,0.034722222222222224,9.567901234567902
46,steady_r02,regime_marginal,1.0,clean,warehouse,all,2160,0,0,30,0,2130,0.0,,0.0,0.013888888888888888,,,0,,0,0.034722222222222224,1.0,1.0,,,,48,0.020833333333333332,13.425925925925926
46,steady_r02,regime_marginal,1.0,clean,warehouse,stable,2160,0,0,30,0,2130,0.0,,0.0,0.013888888888888888,,,0,,0,0.034722222222222224,1.0,1.0,,,,48,0.020833333333333332,13.425925925925926
46,steady_r02,regime_marginal,1.0,clean,transit_smooth,all,2160,0,0,14,0,2146,0.0,,0.0,0.006481481481481481,,,0,,0,0.019444444444444445,1.0,1.0,,,,48,0.020833333333333332,6.018518518518518
46,steady_r02,regime_marginal,1.0,clean,transit_smooth,stable,2160,0,0,14,0,2146,0.0,,0.0,0.006481481481481481,,,0,,0,0.019444444444444445,1.0,1.0,,,,48,0.020833333333333332,6.018518518518518
46,steady_r02,regime_marginal,1.0,clean,transit_rough,all,2160,0,0,21,0,2139,0.0,,0.0,0.009722222222222222,,,0,,0,0.02638888888888889,1.0,1.0,,,,48,0.0625,9.25925925925926
46,steady_r02,regime_marginal,1.0,clean,transit_rough,stable,2160,0,0,21,0,2139,0.0,,0.0,0.009722222222222222,,,0,,0,0.02638888888888889,1.0,1.0,,,,48,0.0625,9.25925925925926
46,steady_r02,regime_marginal,1.0,observed,all,all,6480,48,14,65,34,6367,0.17721518987341772,0.2916666666666667,0.2204724409448819,0.010105721393034827,0.17971129586180698,0.8541666666666666,48,0.010416666666666666,96,0.026988636363636364,1.0,1.0,0.3333333333333333,0.2916666666666667,0.2916666666666667,144,0.034722222222222224,9.639303482587065
46,steady_r02,regime_marginal,1.0,observed,all,stable,6480,48,14,65,34,6367,0.17721518987341772,0.2916666666666667,0.2204724409448819,0.010105721393034827,0.17971129586180698,0.8541666666666666,48,0.010416666666666666,96,0.026988636363636364,1.0,1.0,0.3333333333333333,0.2916666666666667,0.2916666666666667,144,0.034722222222222224,9.639303482587065
46,steady_r02,regime_marginal,1.0,observed,warehouse,all,2160,16,3,30,13,2114,0.09090909090909091,0.1875,0.12244897959183673,0.013992537313432836,0.08934379135738027,0.8125,16,0.0,32,0.03551136363636364,1.0,1.0,0.3333333333333333,0.1875,0.1875,48,0.020833333333333332,13.526119402985074
46,steady_r02,regime_marginal,1.0,observed,warehouse,stable,2160,16,3,30,13,2114,0.09090909090909091,0.1875,0.12244897959183673,0.013992537313432836,0.08934379135738027,0.8125,16,0.0,32,0.03551136363636364,1.0,1.0,0.3333333333333333,0.1875,0.1875,48,0.020833333333333332,13.526119402985074
46,steady_r02,regime_marginal,1.0,observed,transit_smooth,all,2160,16,7,14,9,2130,0.3333333333333333,0.4375,0.3783783783783784,0.0065298507462686565,0.3794062957935444,0.9375,16,0.0,32,0.019886363636363636,1.0,1.0,0.3333333333333333,0.4375,0.4375,48,0.020833333333333332,6.063432835820896
46,steady_r02,regime_marginal,1.0,observed,transit_smooth,stable,2160,16,7,14,9,2130,0.3333333333333333,0.4375,0.3783783783783784,0.0065298507462686565,0.3794062957935444,0.9375,16,0.0,32,0.019886363636363636,1.0,1.0,0.3333333333333333,0.4375,0.4375,48,0.020833333333333332,6.063432835820896
46,steady_r02,regime_marginal,1.0,observed,transit_rough,all,2160,16,4,21,12,2123,0.16,0.25,0.1951219512195122,0.009794776119402986,0.18222798504159513,0.8125,16,0.03125,32,0.02556818181818182,1.0,1.0,0.3333333333333333,0.25,0.25,48,0.0625,9.328358208955224
46,steady_r02,regime_marginal,1.0,observed,transit_rough,stable,2160,16,4,21,12,2123,0.16,0.25,0.1951219512195122,0.009794776119402986,0.18222798504159513,0.8125,16,0.03125,32,0.02556818181818182,1.0,1.0,0.3333333333333333,0.25,0.25,48,0.0625,9.328358208955224
46,steady_r02,regime_marginal,0.2,clean,all,all,6480,0,0,62,0,6418,0.0,,0.0,0.009567901234567902,,,0,,0,0.022685185185185187,1.0,1.0,,,,144,0.006944444444444444,4.320987654320987
46,steady_r02,regime_marginal,0.2,clean,all,stable,6480,0,0,62,0,6418,0.0,,0.0,0.009567901234567902,,,0,,0,0.022685185185185187,1.0,1.0,,,,144,0.006944444444444444,4.320987654320987
46,steady_r02,regime_marginal,0.2,clean,warehouse,all,2160,0,0,32,0,2128,0.0,,0.0,0.014814814814814815,,,0,,0,0.03611111111111111,1.0,1.0,,,,48,0.0,4.166666666666667
46,steady_r02,regime_marginal,0.2,clean,warehouse,stable,2160,0,0,32,0,2128,0.0,,0.0,0.014814814814814815,,,0,,0,0.03611111111111111,1.0,1.0,,,,48,0.0,4.166666666666667
46,steady_r02,regime_marginal,0.2,clean,transit_smooth,all,2160,0,0,3,0,2157,0.0,,0.0,0.001388888888888889,,,0,,0,0.004166666666666667,1.0,1.0,,,,48,0.020833333333333332,1.3888888888888888
46,steady_r02,regime_marginal,0.2,clean,transit_smooth,stable,2160,0,0,3,0,2157,0.0,,0.0,0.001388888888888889,,,0,,0,0.004166666666666667,1.0,1.0,,,,48,0.020833333333333332,1.3888888888888888
46,steady_r02,regime_marginal,0.2,clean,transit_rough,all,2160,0,0,27,0,2133,0.0,,0.0,0.0125,,,0,,0,0.027777777777777776,1.0,1.0,,,,48,0.0,7.407407407407407
46,steady_r02,regime_marginal,0.2,clean,transit_rough,stable,2160,0,0,27,0,2133,0.0,,0.0,0.0125,,,0,,0,0.027777777777777776,1.0,1.0,,,,48,0.0,7.407407407407407
46,steady_r02,regime_marginal,0.2,observed,all,all,6480,48,8,69,40,6363,0.1038961038961039,0.16666666666666666,0.128,0.010727611940298507,0.0848786055176011,0.75,48,0.0,96,0.026988636363636364,1.0,1.0,0.3333333333333333,0.16666666666666666,0.16666666666666666,144,0.06944444444444445,3.88681592039801
46,steady_r02,regime_marginal,0.2,observed,all,stable,6480,48,8,69,40,6363,0.1038961038961039,0.16666666666666666,0.128,0.010727611940298507,0.0848786055176011,0.75,48,0.0,96,0.026988636363636364,1.0,1.0,0.3333333333333333,0.16666666666666666,0.16666666666666666,144,0.06944444444444445,3.88681592039801
46,steady_r02,regime_marginal,0.2,observed,warehouse,all,2160,16,2,33,14,2111,0.05714285714285714,0.125,0.0784313725490196,0.015391791044776119,0.030646389655495744,0.625,16,0.0,32,0.03835227272727273,1.0,1.0,0.3333333333333333,0.125,0.125,48,0.020833333333333332,4.197761194029851
46,steady_r02,regime_marginal,0.2,observed,warehouse,stable,2160,16,2,33,14,2111,0.05714285714285714,0.125,0.0784313725490196,0.015391791044776119,0.030646389655495744,0.625,16,0.0,32,0.03835227272727273,1.0,1.0,0.3333333333333333,0.125,0.125,48,0.020833333333333332,4.197761194029851
46,steady_r02,regime_marginal,0.2,observed,transit_smooth,all,2160,16,5,10,11,2134,0.3333333333333333,0.3125,0.3225806451612903,0.0046641791044776115,0.27085182168925226,0.9375,16,0.0,32,0.014204545454545454,1.0,1.0,0.3333333333333333,0.3125,0.3125,48,0.1875,0.4664179104477612
46,steady_r02,regime_marginal,0.2,observed,transit_smooth,stable,2160,16,5,10,11,2134,0.3333333333333333,0.3125,0.3225806451612903,0.0046641791044776115,0.27085182168925226,0.9375,16,0.0,32,0.014204545454545454,1.0,1.0,0.3333333333333333,0.3125,0.3125,48,0.1875,0.4664179104477612
46,steady_r02,regime_marginal,0.2,observed,transit_rough,all,2160,16,1,26,15,2118,0.037037037037037035,0.0625,0.046511627906976744,0.012126865671641791,0.021780169113645387,0.6875,16,0.0,32,0.028409090909090908,1.0,1.0,0.3333333333333333,0.0625,0.0625,48,0.0,6.996268656716418
46,steady_r02,regime_marginal,0.2,observed,transit_rough,stable,2160,16,1,26,15,2118,0.037037037037037035,0.0625,0.046511627906976744,0.012126865671641791,0.021780169113645387,0.6875,16,0.0,32,0.028409090909090908,1.0,1.0,0.3333333333333333,0.0625,0.0625,48,0.0,6.996268656716418
46,steady_r02,regime_conditional,1.0,clean,all,all,6480,0,0,63,0,6417,0.0,,0.0,0.009722222222222222,,,0,,0,0.027777777777777776,1.0,1.0,,,,144,0.013888888888888888,9.722222222222221
46,steady_r02,regime_conditional,1.0,clean,all,stable,6480,0,0,63,0,6417,0.0,,0.0,0.009722222222222222,,,0,,0,0.027777777777777776,1.0,1.0,,,,144,0.013888888888888888,9.722222222222221
46,steady_r02,regime_conditional,1.0,clean,warehouse,all,2160,0,0,28,0,2132,0.0,,0.0,0.012962962962962963,,,0,,0,0.034722222222222224,1.0,1.0,,,,48,0.020833333333333332,12.962962962962964
46,steady_r02,regime_conditional,1.0,clean,warehouse,stable,2160,0,0,28,0,2132,0.0,,0.0,0.012962962962962963,,,0,,0,0.034722222222222224,1.0,1.0,,,,48,0.020833333333333332,12.962962962962964
46,steady_r02,regime_conditional,1.0,clean,transit_smooth,all,2160,0,0,16,0,2144,0.0,,0.0,0.007407407407407408,,,0,,0,0.022222222222222223,1.0,1.0,,,,48,0.0,7.407407407407407
46,steady_r02,regime_conditional,1.0,clean,transit_smooth,stable,2160,0,0,16,0,2144,0.0,,0.0,0.007407407407407408,,,0,,0,0.022222222222222223,1.0,1.0,,,,48,0.0,7.407407407407407
46,steady_r02,regime_conditional,1.0,clean,transit_rough,all,2160,0,0,19,0,2141,0.0,,0.0,0.008796296296296297,,,0,,0,0.02638888888888889,1.0,1.0,,,,48,0.020833333333333332,8.796296296296296
46,steady_r02,regime_conditional,1.0,clean,transit_rough,stable,2160,0,0,19,0,2141,0.0,,0.0,0.008796296296296297,,,0,,0,0.02638888888888889,1.0,1.0,,,,48,0.020833333333333332,8.796296296296296
46,steady_r02,regime_conditional,1.0,observed,all,all,6480,48,18,63,30,6369,0.2222222222222222,0.375,0.27906976744186046,0.009794776119402986,0.2623175909276543,0.8958333333333334,48,0.010416666666666666,96,0.02793560606060606,1.0,1.0,0.3333333333333333,0.375,0.3541666666666667,144,0.013888888888888888,9.794776119402986
46,steady_r02,regime_conditional,1.0,observed,all,stable,6480,48,18,63,30,6369,0.2222222222222222,0.375,0.27906976744186046,0.009794776119402986,0.2623175909276543,0.8958333333333334,48,0.010416666666666666,96,0.02793560606060606,1.0,1.0,0.3333333333333333,0.375,0.3541666666666667,144,0.013888888888888888,9.794776119402986
46,steady_r02,regime_conditional,1.0,observed,warehouse,all,2160,16,3,28,13,2116,0.0967741935483871,0.1875,0.1276595744680851,0.013059701492537313,0.11524769221042679,0.9375,16,0.0,32,0.03551136363636364,1.0,1.0,0.3333333333333333,0.1875,0.1875,48,0.020833333333333332,13.059701492537313
46,steady_r02,regime_conditional,1.0,observed,warehouse,stable,2160,16,3,28,13,2116,0.0967741935483871,0.1875,0.1276595744680851,0.013059701492537313,0.11524769221042679,0.9375,16,0.0,32,0.03551136363636364,1.0,1.0,0.3333333333333333,0.1875,0.1875,48,0.020833333333333332,13.059701492537313
46,steady_r02,regime_conditional,1.0,observed,transit_smooth,all,2160,16,9,15,7,2129,0.375,0.5625,0.45,0.006996268656716418,0.4907174541709933,0.9375,16,0.0,32,0.02130681818181818,1.0,1.0,0.3333333333333333,0.5625,0.5625,48,0.0,6.996268656716418
46,steady_r02,regime_conditional,1.0,observed,transit_smooth,stable,2160,16,9,15,7,2129,0.375,0.5625,0.45,0.006996268656716418,0.4907174541709933,0.9375,16,0.0,32,0.02130681818181818,1.0,1.0,0.3333333333333333,0.5625,0.5625,48,0.0,6.996268656716418
46,steady_r02,regime_conditional,1.0,observed,transit_rough,all,2160,16,6,20,10,2124,0.23076923076923078,0.375,0.2857142857142857,0.009328358208955223,0.2623018711588894,0.8125,16,0.03125,32,0.026988636363636364,1.0,1.0,0.3333333333333333,0.375,0.3125,48,0.020833333333333332,9.328358208955224
46,steady_r02,regime_conditional,1.0,observed,transit_rough,stable,2160,16,6,20,10,2124,0.23076923076923078,0.375,0.2857142857142857,0.009328358208955223,0.2623018711588894,0.8125,16,0.03125,32,0.026988636363636364,1.0,1.0,0.3333333333333333,0.375,0.3125,48,0.020833333333333332,9.328358208955224
46,steady_r02,regime_conditional,0.2,clean,all,all,6480,0,0,57,0,6423,0.0,,0.0,0.008796296296296297,,,0,,0,0.02638888888888889,1.0,1.0,,,,144,0.034722222222222224,6.635802469135802
46,steady_r02,regime_conditional,0.2,clean,all,stable,6480,0,0,57,0,6423,0.0,,0.0,0.008796296296296297,,,0,,0,0.02638888888888889,1.0,1.0,,,,144,0.034722222222222224,6.635802469135802
46,steady_r02,regime_conditional,0.2,clean,warehouse,all,2160,0,0,28,0,2132,0.0,,0.0,0.012962962962962963,,,0,,0,0.03888888888888889,1.0,1.0,,,,48,0.020833333333333332,8.796296296296296
46,steady_r02,regime_conditional,0.2,clean,warehouse,stable,2160,0,0,28,0,2132,0.0,,0.0,0.012962962962962963,,,0,,0,0.03888888888888889,1.0,1.0,,,,48,0.020833333333333332,8.796296296296296
46,steady_r02,regime_conditional,0.2,clean,transit_smooth,all,2160,0,0,12,0,2148,0.0,,0.0,0.005555555555555556,,,0,,0,0.016666666666666666,1.0,1.0,,,,48,0.08333333333333333,5.092592592592593
46,steady_r02,regime_conditional,0.2,clean,transit_smooth,stable,2160,0,0,12,0,2148,0.0,,0.0,0.005555555555555556,,,0,,0,0.016666666666666666,1.0,1.0,,,,48,0.08333333333333333,5.092592592592593
46,steady_r02,regime_conditional,0.2,clean,transit_rough,all,2160,0,0,17,0,2143,0.0,,0.0,0.00787037037037037,,,0,,0,0.02361111111111111,1.0,1.0,,,,48,0.0,6.018518518518518
46,steady_r02,regime_conditional,0.2,clean,transit_rough,stable,2160,0,0,17,0,2143,0.0,,0.0,0.00787037037037037,,,0,,0,0.02361111111111111,1.0,1.0,,,,48,0.0,6.018518518518518
46,steady_r02,regime_conditional,0.2,observed,all,all,6480,48,19,84,29,6348,0.18446601941747573,0.3958333333333333,0.25165562913907286,0.013059701492537313,0.21698462150240108,0.7916666666666666,48,0.020833333333333332,96,0.038825757575757576,1.0,1.0,0.3333333333333333,0.3958333333333333,0.3541666666666667,144,0.16666666666666666,6.996268656716418
46,steady_r02,regime_conditional,0.2,observed,all,stable,6480,48,19,84,29,6348,0.18446601941747573,0.3958333333333333,0.25165562913907286,0.013059701492537313,0.21698462150240108,0.7916666666666666,48,0.020833333333333332,96,0.038825757575757576,1.0,1.0,0.3333333333333333,0.3958333333333333,0.3541666666666667,144,0.16666666666666666,6.996268656716418
46,steady_r02,regime_conditional,0.2,observed,warehouse,all,2160,16,5,36,11,2108,0.12195121951219512,0.3125,0.17543859649122806,0.016791044776119403,0.15182485921709732,0.75,16,0.03125,32,0.04971590909090909,1.0,1.0,0.3333333333333333,0.3125,0.25,48,0.14583333333333334,8.861940298507463
46,steady_r02,regime_conditional,0.2,observed,warehouse,stable,2160,16,5,36,11,2108,0.12195121951219512,0.3125,0.17543859649122806,0.016791044776119403,0.15182485921709732,0.75,16,0.03125,32,0.04971590909090909,1.0,1.0,0.3333333333333333,0.3125,0.25,48,0.14583333333333334,8.861940298507463
46,steady_r02,regime_conditional,0.2,observed,transit_smooth,all,2160,16,8,21,8,2123,0.27586206896551724,0.5,0.35555555555555557,0.009794776119402986,0.32962142382892845,0.9375,16,0.0,32,0.029829545454545456,1.0,1.0,0.3333333333333333,0.5,0.5,48,0.25,3.7313432835820897
46,steady_r02,regime_conditional,0.2,observed,transit_smooth,stable,2160,16,8,21,8,2123,0.27586206896551724,0.5,0.35555555555555557,0.009794776119402986,0.32962142382892845,0.9375,16,0.0,32,0.029829545454545456,1.0,1.0,0.3333333333333333,0.5,0.5,48,0.25,3.7313432835820897
46,steady_r02,regime_conditional,0.2,observed,transit_rough,all,2160,16,6,27,10,2117,0.18181818181818182,0.375,0.24489795918367346,0.012593283582089552,0.2766475009304964,0.6875,16,0.03125,32,0.036931818181818184,1.0,1.0,0.3333333333333333,0.375,0.3125,48,0.10416666666666667,8.395522388059701
46,steady_r02,regime_conditional,0.2,observed,transit_rough,stable,2160,16,6,27,10,2117,0.18181818181818182,0.375,0.24489795918367346,0.012593283582089552,0.2766475009304964,0.6875,16,0.03125,32,0.036931818181818184,1.0,1.0,0.3333333333333333,0.375,0.3125,48,0.10416666666666667,8.395522388059701
46,steady_r20,regime_marginal,1.0,clean,all,all,6480,0,0,65,0,6415,0.0,,0.0,0.010030864197530864,,,0,,0,0.026851851851851852,1.0,1.0,,,,396,0.020202020202020204,9.567901234567902
46,steady_r20,regime_marginal,1.0,clean,all,stable,6480,0,0,65,0,6415,0.0,,0.0,0.010030864197530864,,,0,,0,0.026851851851851852,1.0,1.0,,,,396,0.020202020202020204,9.567901234567902
46,steady_r20,regime_marginal,1.0,clean,warehouse,all,2160,0,0,30,0,2130,0.0,,0.0,0.013888888888888888,,,0,,0,0.034722222222222224,1.0,1.0,,,,132,0.015151515151515152,13.425925925925926
46,steady_r20,regime_marginal,1.0,clean,warehouse,stable,2160,0,0,30,0,2130,0.0,,0.0,0.013888888888888888,,,0,,0,0.034722222222222224,1.0,1.0,,,,132,0.015151515151515152,13.425925925925926
46,steady_r20,regime_marginal,1.0,clean,transit_smooth,all,2160,0,0,14,0,2146,0.0,,0.0,0.006481481481481481,,,0,,0,0.019444444444444445,1.0,1.0,,,,132,0.015151515151515152,6.018518518518518
46,steady_r20,regime_marginal,1.0,clean,transit_smooth,stable,2160,0,0,14,0,2146,0.0,,0.0,0.006481481481481481,,,0,,0,0.019444444444444445,1.0,1.0,,,,132,0.015151515151515152,6.018518518518518
46,steady_r20,regime_marginal,1.0,clean,transit_rough,all,2160,0,0,21,0,2139,0.0,,0.0,0.009722222222222222,,,0,,0,0.02638888888888889,1.0,1.0,,,,132,0.030303030303030304,9.25925925925926
46,steady_r20,regime_marginal,1.0,clean,transit_rough,stable,2160,0,0,21,0,2139,0.0,,0.0,0.009722222222222222,,,0,,0,0.02638888888888889,1.0,1.0,,,,132,0.030303030303030304,9.25925925925926
46,steady_r20,regime_marginal,1.0,observed,all,all,6480,432,100,61,332,5987,0.6211180124223602,0.23148148148148148,0.3372681281618887,0.010085978835978835,0.44220533557274166,0.7546296296296297,432,0.011574074074074073,864,0.026041666666666668,1.0,1.0,0.3333333333333333,0.23148148148148148,0.22453703703703703,396,0.020202020202020204,9.58994708994709
46,steady_r20,regime_marginal,1.0,observed,all,stable,6480,432,100,61,332,5987,0.6211180124223602,0.23148148148148148,0.3372681281618887,0.010085978835978835,0.44220533557274166,0.7546296296296297,432,0.011574074074074073,864,0.026041666666666668,1.0,1.0,0.3333333333333333,0.23148148148148148,0.22453703703703703,396,0.020202020202020204,9.58994708994709
46,steady_r20,regime_marginal,1.0,observed,warehouse,all,2160,144,27,28,117,1988,0.4909090909090909,0.1875,0.271356783919598,0.013888888888888888,0.38509140972046424,0.7222222222222222,144,0.010416666666666666,288,0.036458333333333336,1.0,1.0,0.3333333333333333,0.1875,0.18055555555555555,132,0.015151515151515152,13.392857142857142
46,steady_r20,regime_marginal,1.0,observed,warehouse,stable,2160,144,27,28,117,1988,0.4909090909090909,0.1875,0.271356783919598,0.013888888888888888,0.38509140972046424,0.7222222222222222,144,0.010416666666666666,288,0.036458333333333336,1.0,1.0,0.3333333333333333,0.1875,0.18055555555555555,132,0.015151515151515152,13.392857142857142
46,steady_r20,regime_marginal,1.0,observed,transit_smooth,all,2160,144,38,13,106,2003,0.7450980392156863,0.2638888888888889,0.38974358974358975,0.006448412698412698,0.5484399520727498,0.8472222222222222,144,0.013888888888888888,288,0.015625,1.0,1.0,0.3333333333333333,0.2638888888888889,0.2569444444444444,132,0.015151515151515152,5.9523809523809526
46,steady_r20,regime_marginal,1.0,observed,transit_smooth,stable,2160,144,38,13,106,2003,0.7450980392156863,0.2638888888888889,0.38974358974358975,0.006448412698412698,0.5484399520727498,0.8472222222222222,144,0.013888888888888888,288,0.015625,1.0,1.0,0.3333333333333333,0.2638888888888889,0.2569444444444444,132,0.015151515151515152,5.9523809523809526
46,steady_r20,regime_marginal,1.0,observed,transit_rough,all,2160,144,35,20,109,1996,0.6363636363636364,0.24305555555555555,0.35175879396984927,0.00992063492063492,0.4120439597880829,0.6944444444444444,144,0.010416666666666666,288,0.026041666666666668,1.0,1.0,0.3333333333333333,0.24305555555555555,0.2361111111111111,132,0.030303030303030304,9.424603174603174
46,steady_r20,regime_marginal,1.0,observed,transit_rough,stable,2160,144,35,20,109,1996,0.6363636363636364,0.24305555555555555,0.35175879396984927,0.00992063492063492,0.4120439597880829,0.6944444444444444,144,0.010416666666666666,288,0.026041666666666668,1.0,1.0,0.3333333333333333,0.24305555555555555,0.2361111111111111,132,0.030303030303030304,9.424603174603174
46,steady_r20,regime_marginal,0.2,clean,all,all,6480,0,0,62,0,6418,0.0,,0.0,0.009567901234567902,,,0,,0,0.022685185185185187,1.0,1.0,,,,396,0.015151515151515152,4.320987654320987
46,steady_r20,regime_marginal,0.2,clean,all,stable,6480,0,0,62,0,6418,0.0,,0.0,0.009567901234567902,,,0,,0,0.022685185185185187,1.0,1.0,,,,396,0.015151515151515152,4.320987654320987
46,steady_r20,regime_marginal,0.2,clean,warehouse,all,2160,0,0,32,0,2128,0.0,,0.0,0.014814814814814815,,,0,,0,0.03611111111111111,1.0,1.0,,,,132,0.0,4.166666666666667
46,steady_r20,regime_marginal,0.2,clean,warehouse,stable,2160,0,0,32,0,2128,0.0,,0.0,0.014814814814814815,,,0,,0,0.03611111111111111,1.0,1.0,,,,132,0.0,4.166666666666667
46,steady_r20,regime_marginal,0.2,clean,transit_smooth,all,2160,0,0,3,0,2157,0.0,,0.0,0.001388888888888889,,,0,,0,0.004166666666666667,1.0,1.0,,,,132,0.007575757575757576,1.3888888888888888
46,steady_r20,regime_marginal,0.2,clean,transit_smooth,stable,2160,0,0,3,0,2157,0.0,,0.0,0.001388888888888889,,,0,,0,0.004166666666666667,1.0,1.0,,,,132,0.007575757575757576,1.3888888888888888
46,steady_r20,regime_marginal,0.2,clean,transit_rough,all,2160,0,0,27,0,2133,0.0,,0.0,0.0125,,,0,,0,0.027777777777777776,1.0,1.0,,,,132,0.03787878787878788,7.407407407407407
46,steady_r20,regime_marginal,0.2,clean,transit_rough,stable,2160,0,0,27,0,2133,0.0,,0.0,0.0125,,,0,,0,0.027777777777777776,1.0,1.0,,,,132,0.03787878787878788,7.407407407407407
46,steady_r20,regime_marginal,0.2,observed,all,all,6480,432,215,96,217,5952,0.6913183279742765,0.4976851851851852,0.5787348586810229,0.015873015873015872,0.605074269147136,0.8287037037037037,432,0.024305555555555556,864,0.03819444444444445,1.0,1.0,0.3333333333333333,0.4976851851851852,0.4861111111111111,396,0.09848484848484848,4.62962962962963
46,steady_r20,regime_marginal,0.2,observed,all,stable,6480,432,215,96,217,5952,0.6913183279742765,0.4976851851851852,0.5787348586810229,0.015873015873015872,0.605074269147136,0.8287037037037037,432,0.024305555555555556,864,0.03819444444444445,1.0,1.0,0.3333333333333333,0.4976851851851852,0.4861111111111111,396,0.09848484848484848,4.62962962962963
46,steady_r20,regime_marginal,0.2,observed,warehouse,all,2160,144,66,46,78,1970,0.5892857142857143,0.4583333333333333,0.515625,0.022817460317460316,0.5481196908018692,0.7708333333333334,144,0.041666666666666664,288,0.04861111111111111,1.0,1.0,0.3333333333333333,0.4583333333333333,0.4513888888888889,132,0.09090909090909091,5.4563492063492065
46,steady_r20,regime_marginal,0.2,observed,warehouse,stable,2160,144,66,46,78,1970,0.5892857142857143,0.4583333333333333,0.515625,0.022817460317460316,0.5481196908018692,0.7708333333333334,144,0.041666666666666664,288,0.04861111111111111,1.0,1.0,0.3333333333333333,0.4583333333333333,0.4513888888888889,132,0.09090909090909091,5.4563492063492065
46,steady_r20,regime_marginal,0.2,observed,transit_smooth,all,2160,144,78,20,66,1996,0.7959183673469388,0.5416666666666666,0.6446280991735537,0.00992063492063492,0.6845220926501046,0.9375,144,0.013888888888888888,288,0.027777777777777776,1.0,1.0,0.3333333333333333,0.5416666666666666,0.5347222222222222,132,0.14393939393939395,1.4880952380952381
46,steady_r20,regime_marginal,0.2,observed,transit_smooth,stable,2160,144,78,20,66,1996,0.7959183673469388,0.5416666666666666,0.6446280991735537,0.00992063492063492,0.6845220926501046,0.9375,144,0.013888888888888888,288,0.027777777777777776,1.0,1.0,0.3333333333333333,0.5416666666666666,0.5347222222222222,132,0.14393939393939395,1.4880952380952381
46,steady_r20,regime_marginal,0.2,observed,transit_rough,all,2160,144,71,30,73,1986,0.7029702970297029,0.4930555555555556,0.5795918367346938,0.01488095238095238,0.6060195295363938,0.7777777777777778,144,0.017361111111111112,288,0.03819444444444445,1.0,1.0,0.3333333333333333,0.4930555555555556,0.4722222222222222,132,0.06060606060606061,6.944444444444445
46,steady_r20,regime_marginal,0.2,observed,transit_rough,stable,2160,144,71,30,73,1986,0.7029702970297029,0.4930555555555556,0.5795918367346938,0.01488095238095238,0.6060195295363938,0.7777777777777778,144,0.017361111111111112,288,0.03819444444444445,1.0,1.0,0.3333333333333333,0.4930555555555556,0.4722222222222222,132,0.06060606060606061,6.944444444444445
46,steady_r20,regime_conditional,1.0,clean,all,all,6480,0,0,63,0,6417,0.0,,0.0,0.009722222222222222,,,0,,0,0.027777777777777776,1.0,1.0,,,,396,0.0025252525252525255,9.722222222222221
46,steady_r20,regime_conditional,1.0,clean,all,stable,6480,0,0,63,0,6417,0.0,,0.0,0.009722222222222222,,,0,,0,0.027777777777777776,1.0,1.0,,,,396,0.0025252525252525255,9.722222222222221
46,steady_r20,regime_conditional,1.0,clean,warehouse,all,2160,0,0,28,0,2132,0.0,,0.0,0.012962962962962963,,,0,,0,0.034722222222222224,1.0,1.0,,,,132,0.0,12.962962962962964
46,steady_r20,regime_conditional,1.0,clean,warehouse,stable,2160,0,0,28,0,2132,0.0,,0.0,0.012962962962962963,,,0,,0,0.034722222222222224,1.0,1.0,,,,132,0.0,12.962962962962964
46,steady_r20,regime_conditional,1.0,clean,transit_smooth,all,2160,0,0,16,0,2144,0.0,,0.0,0.007407407407407408,,,0,,0,0.022222222222222223,1.0,1.0,,,,132,0.0,7.407407407407407
46,steady_r20,regime_conditional,1.0,clean,transit_smooth,stable,2160,0,0,16,0,2144,0.0,,0.0,0.007407407407407408,,,0,,0,0.022222222222222223,1.0,1.0,,,,132,0.0,7.407407407407407
46,steady_r20,regime_conditional,1.0,clean,transit_rough,all,2160,0,0,19,0,2141,0.0,,0.0,0.008796296296296297,,,0,,0,0.02638888888888889,1.0,1.0,,,,132,0.007575757575757576,8.796296296296296
46,steady_r20,regime_conditional,1.0,clean,transit_rough,stable,2160,0,0,19,0,2141,0.0,,0.0,0.008796296296296297,,,0,,0,0.02638888888888889,1.0,1.0,,,,132,0.007575757575757576,8.796296296296296
46,steady_r20,regime_conditional,1.0,observed,all,all,6480,432,164,83,268,5965,0.6639676113360324,0.37962962962962965,0.48306332842415317,0.013723544973544973,0.5169682168630985,0.7615740740740741,432,0.04050925925925926,864,0.027199074074074073,1.0,1.0,0.3333333333333333,0.37962962962962965,0.3263888888888889,396,0.010101010101010102,12.731481481481481
46,steady_r20,regime_conditional,1.0,observed,all,stable,6480,432,164,83,268,5965,0.6639676113360324,0.37962962962962965,0.48306332842415317,0.013723544973544973,0.5169682168630985,0.7615740740740741,432,0.04050925925925926,864,0.027199074074074073,1.0,1.0,0.3333333333333333,0.37962962962962965,0.3263888888888889,396,0.010101010101010102,12.731481481481481
46,steady_r20,regime_conditional,1.0,observed,warehouse,all,2160,144,50,35,94,1981,0.5882352941176471,0.3472222222222222,0.4366812227074236,0.017361111111111112,0.45528925000061626,0.7222222222222222,144,0.0625,288,0.027777777777777776,1.0,1.0,0.3333333333333333,0.3472222222222222,0.25,132,0.0,15.873015873015873
46,steady_r20,regime_conditional,1.0,observed,warehouse,stable,2160,144,50,35,94,1981,0.5882352941176471,0.3472222222222222,0.4366812227074236,0.017361111111111112,0.45528925000061626,0.7222222222222222,144,0.0625,288,0.027777777777777776,1.0,1.0,0.3333333333333333,0.3472222222222222,0.25,132,0.0,15.873015873015873
46,steady_r20,regime_conditional,1.0,observed,transit_smooth,all,2160,144,64,24,80,1992,0.7272727272727273,0.4444444444444444,0.5517241379310345,0.011904761904761904,0.5987706234781975,0.8402777777777778,144,0.034722222222222224,288,0.024305555555555556,1.0,1.0,0.3333333333333333,0.4444444444444444,0.4027777777777778,132,0.022727272727272728,10.912698412698413
46,steady_r20,regime_conditional,1.0,observed,transit_smooth,stable,2160,144,64,24,80,1992,0.7272727272727273,0.4444444444444444,0.5517241379310345,0.011904761904761904,0.5987706234781975,0.8402777777777778,144,0.034722222222222224,288,0.024305555555555556,1.0,1.0,0.3333333333333333,0.4444444444444444,0.4027777777777778,132,0.022727272727272728,10.912698412698413
46,steady_r20,regime_conditional,1.0,observed,transit_rough,all,2160,144,50,24,94,1992,0.6756756756756757,0.3472222222222222,0.45871559633027525,0.011904761904761904,0.5138949563716255,0.7222222222222222,144,0.024305555555555556,288,0.029513888888888888,1.0,1.0,0.3333333333333333,0.3472222222222222,0.3263888888888889,132,0.007575757575757576,11.408730158730158
46,steady_r20,regime_conditional,1.0,observed,transit_rough,stable,2160,144,50,24,94,1992,0.6756756756756757,0.3472222222222222,0.45871559633027525,0.011904761904761904,0.5138949563716255,0.7222222222222222,144,0.024305555555555556,288,0.029513888888888888,1.0,1.0,0.3333333333333333,0.3472222222222222,0.3263888888888889,132,0.007575757575757576,11.408730158730158
46,steady_r20,regime_conditional,0.2,clean,all,all,6480,0,0,57,0,6423,0.0,,0.0,0.008796296296296297,,,0,,0,0.02638888888888889,1.0,1.0,,,,396,0.005050505050505051,6.635802469135802
46,steady_r20,regime_conditional,0.2,clean,all,stable,6480,0,0,57,0,6423,0.0,,0.0,0.008796296296296297,,,0,,0,0.02638888888888889,1.0,1.0,,,,396,0.005050505050505051,6.635802469135802
46,steady_r20,regime_conditional,0.2,clean,warehouse,all,2160,0,0,28,0,2132,0.0,,0.0,0.012962962962962963,,,0,,0,0.03888888888888889,1.0,1.0,,,,132,0.0,8.796296296296296
46,steady_r20,regime_conditional,0.2,clean,warehouse,stable,2160,0,0,28,0,2132,0.0,,0.0,0.012962962962962963,,,0,,0,0.03888888888888889,1.0,1.0,,,,132,0.0,8.796296296296296
46,steady_r20,regime_conditional,0.2,clean,transit_smooth,all,2160,0,0,12,0,2148,0.0,,0.0,0.005555555555555556,,,0,,0,0.016666666666666666,1.0,1.0,,,,132,0.007575757575757576,5.092592592592593
46,steady_r20,regime_conditional,0.2,clean,transit_smooth,stable,2160,0,0,12,0,2148,0.0,,0.0,0.005555555555555556,,,0,,0,0.016666666666666666,1.0,1.0,,,,132,0.007575757575757576,5.092592592592593
46,steady_r20,regime_conditional,0.2,clean,transit_rough,all,2160,0,0,17,0,2143,0.0,,0.0,0.00787037037037037,,,0,,0,0.02361111111111111,1.0,1.0,,,,132,0.007575757575757576,6.018518518518518
46,steady_r20,regime_conditional,0.2,clean,transit_rough,stable,2160,0,0,17,0,2143,0.0,,0.0,0.00787037037037037,,,0,,0,0.02361111111111111,1.0,1.0,,,,132,0.007575757575757576,6.018518518518518
46,steady_r20,regime_conditional,0.2,observed,all,all,6480,432,332,252,100,5796,0.5684931506849316,0.7685185185185185,0.6535433070866141,0.041666666666666664,0.7151926042402372,0.8518518518518519,432,0.125,864,0.0763888888888889,1.0,1.0,0.3333333333333333,0.7685185185185185,0.5532407407407407,396,0.2474747474747475,11.739417989417989
46,steady_r20,regime_conditional,0.2,observed,all,stable,6480,432,332,252,100,5796,0.5684931506849316,0.7685185185185185,0.6535433070866141,0.041666666666666664,0.7151926042402372,0.8518518518518519,432,0.125,864,0.0763888888888889,1.0,1.0,0.3333333333333333,0.7685185185185185,0.5532407407407407,396,0.2474747474747475,11.739417989417989
46,steady_r20,regime_conditional,0.2,observed,warehouse,all,2160,144,113,115,31,1901,0.4956140350877193,0.7847222222222222,0.6075268817204301,0.05704365079365079,0.686547422125925,0.8541666666666666,144,0.19444444444444445,288,0.0920138888888889,1.0,1.0,0.3333333333333333,0.7847222222222222,0.4375,132,0.25,17.857142857142858
46,steady_r20,regime_conditional,0.2,observed,warehouse,stable,2160,144,113,115,31,1901,0.4956140350877193,0.7847222222222222,0.6075268817204301,0.05704365079365079,0.686547422125925,0.8541666666666666,144,0.19444444444444445,288,0.0920138888888889,1.0,1.0,0.3333333333333333,0.7847222222222222,0.4375,132,0.25,17.857142857142858
46,steady_r20,regime_conditional,0.2,observed,transit_smooth,all,2160,144,114,55,30,1961,0.6745562130177515,0.7916666666666666,0.7284345047923323,0.027281746031746032,0.7753050670639362,0.9305555555555556,144,0.04513888888888889,288,0.06944444444444445,1.0,1.0,0.3333333333333333,0.7916666666666666,0.7291666666666666,132,0.29545454545454547,6.944444444444445
46,steady_r20,regime_conditional,0.2,observed,transit_smooth,stable,2160,144,114,55,30,1961,0.6745562130177515,0.7916666666666666,0.7284345047923323,0.027281746031746032,0.7753050670639362,0.9305555555555556,144,0.04513888888888889,288,0.06944444444444445,1.0,1.0,0.3333333333333333,0.7916666666666666,0.7291666666666666,132,0.29545454545454547,6.944444444444445
46,steady_r20,regime_conditional,0.2,observed,transit_rough,all,2160,144,105,82,39,1934,0.5614973262032086,0.7291666666666666,0.6344410876132931,0.040674603174603176,0.6920497016596535,0.7708333333333334,144,0.13541666666666666,288,0.06770833333333333,1.0,1.0,0.3333333333333333,0.7291666666666666,0.4930555555555556,132,0.19696969696969696,10.416666666666666
46,steady_r20,regime_conditional,0.2,observed,transit_rough,stable,2160,144,105,82,39,1934,0.5614973262032086,0.7291666666666666,0.6344410876132931,0.040674603174603176,0.6920497016596535,0.7708333333333334,144,0.13541666666666666,288,0.06770833333333333,1.0,1.0,0.3333333333333333,0.7291666666666666,0.4930555555555556,132,0.19696969696969696,10.416666666666666
46,steady_k2,regime_marginal,1.0,clean,all,all,6480,0,0,65,0,6415,0.0,,0.0,0.010030864197530864,,,0,,0,0.026851851851851852,1.0,1.0,,,,558,0.012544802867383513,9.567901234567902
46,steady_k2,regime_marginal,1.0,clean,all,stable,6480,0,0,65,0,6415,0.0,,0.0,0.010030864197530864,,,0,,0,0.026851851851851852,1.0,1.0,,,,558,0.012544802867383513,9.567901234567902
46,steady_k2,regime_marginal,1.0,clean,warehouse,all,2160,0,0,30,0,2130,0.0,,0.0,0.013888888888888888,,,0,,0,0.034722222222222224,1.0,1.0,,,,180,0.005555555555555556,13.425925925925926
46,steady_k2,regime_marginal,1.0,clean,warehouse,stable,2160,0,0,30,0,2130,0.0,,0.0,0.013888888888888888,,,0,,0,0.034722222222222224,1.0,1.0,,,,180,0.005555555555555556,13.425925925925926
46,steady_k2,regime_marginal,1.0,clean,transit_smooth,all,2160,0,0,14,0,2146,0.0,,0.0,0.006481481481481481,,,0,,0,0.019444444444444445,1.0,1.0,,,,186,0.005376344086021506,6.018518518518518
46,steady_k2,regime_marginal,1.0,clean,transit_smooth,stable,2160,0,0,14,0,2146,0.0,,0.0,0.006481481481481481,,,0,,0,0.019444444444444445,1.0,1.0,,,,186,0.005376344086021506,6.018518518518518
46,steady_k2,regime_marginal,1.0,clean,transit_rough,all,2160,0,0,21,0,2139,0.0,,0.0,0.009722222222222222,,,0,,0,0.02638888888888889,1.0,1.0,,,,192,0.026041666666666668,9.25925925925926
46,steady_k2,regime_marginal,1.0,clean,transit_rough,stable,2160,0,0,21,0,2139,0.0,,0.0,0.009722222222222222,,,0,,0,0.02638888888888889,1.0,1.0,,,,192,0.026041666666666668,9.25925925925926
46,steady_k2,regime_marginal,1.0,observed,all,all,6480,432,116,61,316,5987,0.655367231638418,0.26851851851851855,0.38095238095238093,0.010085978835978835,0.4949972813895472,0.9768518518518519,216,0.018518518518518517,216,0.0257201646090535,1.0,1.0,0.6666666666666666,0.07407407407407407,0.07407407407407407,558,0.012544802867383513,9.424603174603174
46,steady_k2,regime_marginal,1.0,observed,all,stable,6480,432,116,61,316,5987,0.655367231638418,0.26851851851851855,0.38095238095238093,0.010085978835978835,0.4949972813895472,0.9768518518518519,216,0.018518518518518517,216,0.0257201646090535,1.0,1.0,0.6666666666666666,0.07407407407407407,0.07407407407407407,558,0.012544802867383513,9.424603174603174
46,steady_k2,regime_marginal,1.0,observed,warehouse,all,2160,144,34,29,110,1987,0.5396825396825397,0.2361111111111111,0.3285024154589372,0.014384920634920634,0.42972219301542447,1.0,72,0.013888888888888888,72,0.035493827160493825,1.0,1.0,0.6666666666666666,0.041666666666666664,0.041666666666666664,180,0.005555555555555556,13.88888888888889
46,steady_k2,regime_marginal,1.0,observed,warehouse,stable,2160,144,34,29,110,1987,0.5396825396825397,0.2361111111111111,0.3285024154589372,0.014384920634920634,0.42972219301542447,1.0,72,0.013888888888888888,72,0.035493827160493825,1.0,1.0,0.6666666666666666,0.041666666666666664,0.041666666666666664,180,0.005555555555555556,13.88888888888889
46,steady_k2,regime_marginal,1.0,observed,transit_smooth,all,2160,144,44,13,100,2003,0.7719298245614035,0.3055555555555556,0.43781094527363185,0.006448412698412698,0.5909743782164798,0.9722222222222222,72,0.027777777777777776,72,0.016975308641975308,1.0,1.0,0.6666666666666666,0.1388888888888889,0.1388888888888889,186,0.005376344086021506,5.4563492063492065
46,steady_k2,regime_marginal,1.0,observed,transit_smooth,stable,2160,144,44,13,100,2003,0.7719298245614035,0.3055555555555556,0.43781094527363185,0.006448412698412698,0.5909743782164798,0.9722222222222222,72,0.027777777777777776,72,0.016975308641975308,1.0,1.0,0.6666666666666666,0.1388888888888889,0.1388888888888889,186,0.005376344086021506,5.4563492063492065
46,steady_k2,regime_marginal,1.0,observed,transit_rough,all,2160,144,38,19,106,1997,0.6666666666666666,0.2638888888888889,0.3781094527363184,0.009424603174603174,0.4777348409643175,0.9583333333333334,72,0.013888888888888888,72,0.024691358024691357,1.0,1.0,0.6666666666666666,0.041666666666666664,0.041666666666666664,192,0.026041666666666668,8.928571428571429
46,steady_k2,regime_marginal,1.0,observed,transit_rough,stable,2160,144,38,19,106,1997,0.6666666666666666,0.2638888888888889,0.3781094527363184,0.009424603174603174,0.4777348409643175,0.9583333333333334,72,0.013888888888888888,72,0.024691358024691357,1.0,1.0,0.6666666666666666,0.041666666666666664,0.041666666666666664,192,0.026041666666666668,8.928571428571429
46,steady_k2,regime_marginal,0.2,clean,all,all,6480,0,0,62,0,6418,0.0,,0.0,0.009567901234567902,,,0,,0,0.022685185185185187,1.0,1.0,,,,558,0.03225806451612903,4.320987654320987
46,steady_k2,regime_marginal,0.2,clean,all,stable,6480,0,0,62,0,6418,0.0,,0.0,0.009567901234567902,,,0,,0,0.022685185185185187,1.0,1.0,,,,558,0.03225806451612903,4.320987654320987
46,steady_k2,regime_marginal,0.2,clean,warehouse,all,2160,0,0,32,0,2128,0.0,,0.0,0.014814814814814815,,,0,,0,0.03611111111111111,1.0,1.0,,,,180,0.05,4.166666666666667
46,steady_k2,regime_marginal,0.2,clean,warehouse,stable,2160,0,0,32,0,2128,0.0,,0.0,0.014814814814814815,,,0,,0,0.03611111111111111,1.0,1.0,,,,180,0.05,4.166666666666667
46,steady_k2,regime_marginal,0.2,clean,transit_smooth,all,2160,0,0,3,0,2157,0.0,,0.0,0.001388888888888889,,,0,,0,0.004166666666666667,1.0,1.0,,,,186,0.005376344086021506,1.3888888888888888
46,steady_k2,regime_marginal,0.2,clean,transit_smooth,stable,2160,0,0,3,0,2157,0.0,,0.0,0.001388888888888889,,,0,,0,0.004166666666666667,1.0,1.0,,,,186,0.005376344086021506,1.3888888888888888
46,steady_k2,regime_marginal,0.2,clean,transit_rough,all,2160,0,0,27,0,2133,0.0,,0.0,0.0125,,,0,,0,0.027777777777777776,1.0,1.0,,,,192,0.041666666666666664,7.407407407407407
46,steady_k2,regime_marginal,0.2,clean,transit_rough,stable,2160,0,0,27,0,2133,0.0,,0.0,0.0125,,,0,,0,0.027777777777777776,1.0,1.0,,,,192,0.041666666666666664,7.407407407407407
46,steady_k2,regime_marginal,0.2,observed,all,all,6480,432,204,118,228,5930,0.6335403726708074,0.4722222222222222,0.5411140583554377,0.01951058201058201,0.5081706015580748,0.9907407407407407,216,0.0,216,0.04835390946502058,1.0,1.0,0.6666666666666666,0.2638888888888889,0.2638888888888889,558,0.13261648745519714,3.9682539682539684
46,steady_k2,regime_marginal,0.2,observed,all,stable,6480,432,204,118,228,5930,0.6335403726708074,0.4722222222222222,0.5411140583554377,0.01951058201058201,0.5081706015580748,0.9907407407407407,216,0.0,216,0.04835390946502058,1.0,1.0,0.6666666666666666,0.2638888888888889,0.2638888888888889,558,0.13261648745519714,3.9682539682539684
46,steady_k2,regime_marginal,0.2,observed,warehouse,all,2160,144,79,43,65,1973,0.6475409836065574,0.5486111111111112,0.5939849624060151,0.02132936507936508,0.5407719470842464,1.0,72,0.0,72,0.05401234567901234,1.0,1.0,0.6666666666666666,0.3055555555555556,0.3055555555555556,180,0.1111111111111111,4.464285714285714
46,steady_k2,regime_marginal,0.2,observed,warehouse,stable,2160,144,79,43,65,1973,0.6475409836065574,0.5486111111111112,0.5939849624060151,0.02132936507936508,0.5407719470842464,1.0,72,0.0,72,0.05401234567901234,1.0,1.0,0.6666666666666666,0.3055555555555556,0.3055555555555556,180,0.1111111111111111,4.464285714285714
46,steady_k2,regime_marginal,0.2,observed,transit_smooth,all,2160,144,62,33,82,1983,0.6526315789473685,0.4305555555555556,0.5188284518828452,0.01636904761904762,0.5119222923958092,0.9861111111111112,72,0.0,72,0.037037037037037035,1.0,1.0,0.6666666666666666,0.2777777777777778,0.2777777777777778,186,0.17204301075268819,1.4880952380952381
46,steady_k2,regime_marginal,0.2,observed,transit_smooth,stable,2160,144,62,33,82,1983,0.6526315789473685,0.4305555555555556,0.5188284518828452,0.01636904761904762,0.5119222923958092,0.9861111111111112,72,0.0,72,0.037037037037037035,1.0,1.0,0.6666666666666666,0.2777777777777778,0.2777777777777778,186,0.17204301075268819,1.4880952380952381
46,steady_k2,regime_marginal,0.2,observed,transit_rough,all,2160,144,63,42,81,1974,0.6,0.4375,0.5060240963855421,0.020833333333333332,0.4934552170776343,0.9861111111111112,72,0.0,72,0.05401234567901234,1.0,1.0,0.6666666666666666,0.20833333333333334,0.20833333333333334,192,0.11458333333333333,5.9523809523809526
46,steady_k2,regime_marginal,0.2,observed,transit_rough,stable,2160,144,63,42,81,1974,0.6,0.4375,0.5060240963855421,0.020833333333333332,0.4934552170776343,0.9861111111111112,72,0.0,72,0.05401234567901234,1.0,1.0,0.6666666666666666,0.20833333333333334,0.20833333333333334,192,0.11458333333333333,5.9523809523809526
46,steady_k2,regime_conditional,1.0,clean,all,all,6480,0,0,63,0,6417,0.0,,0.0,0.009722222222222222,,,0,,0,0.027777777777777776,1.0,1.0,,,,558,0.0035842293906810036,9.722222222222221
46,steady_k2,regime_conditional,1.0,clean,all,stable,6480,0,0,63,0,6417,0.0,,0.0,0.009722222222222222,,,0,,0,0.027777777777777776,1.0,1.0,,,,558,0.0035842293906810036,9.722222222222221
46,steady_k2,regime_conditional,1.0,clean,warehouse,all,2160,0,0,28,0,2132,0.0,,0.0,0.012962962962962963,,,0,,0,0.034722222222222224,1.0,1.0,,,,180,0.0,12.962962962962964
46,steady_k2,regime_conditional,1.0,clean,warehouse,stable,2160,0,0,28,0,2132,0.0,,0.0,0.012962962962962963,,,0,,0,0.034722222222222224,1.0,1.0,,,,180,0.0,12.962962962962964
46,steady_k2,regime_conditional,1.0,clean,transit_smooth,all,2160,0,0,16,0,2144,0.0,,0.0,0.007407407407407408,,,0,,0,0.022222222222222223,1.0,1.0,,,,186,0.0,7.407407407407407
46,steady_k2,regime_conditional,1.0,clean,transit_smooth,stable,2160,0,0,16,0,2144,0.0,,0.0,0.007407407407407408,,,0,,0,0.022222222222222223,1.0,1.0,,,,186,0.0,7.407407407407407
46,steady_k2,regime_conditional,1.0,clean,transit_rough,all,2160,0,0,19,0,2141,0.0,,0.0,0.008796296296296297,,,0,,0,0.02638888888888889,1.0,1.0,,,,192,0.010416666666666666,8.796296296296296
46,steady_k2,regime_conditional,1.0,clean,transit_rough,stable,2160,0,0,19,0,2141,0.0,,0.0,0.008796296296296297,,,0,,0,0.02638888888888889,1.0,1.0,,,,192,0.010416666666666666,8.796296296296296
46,steady_k2,regime_conditional,1.0,observed,all,all,6480,432,177,66,255,5982,0.7283950617283951,0.4097222222222222,0.5244444444444445,0.010912698412698412,0.5860316701188586,0.9398148148148148,216,0.05092592592592592,216,0.027777777777777776,1.0,1.0,0.6666666666666666,0.2638888888888889,0.2361111111111111,558,0.0035842293906810036,10.416666666666666
46,steady_k2,regime_conditional,1.0,observed,all,stable,6480,432,177,66,255,5982,0.7283950617283951,0.4097222222222222,0.5244444444444445,0.010912698412698412,0.5860316701188586,0.9398148148148148,216,0.05092592592592592,216,0.027777777777777776,1.0,1.0,0.6666666666666666,0.2638888888888889,0.2361111111111111,558,0.0035842293906810036,10.416666666666666
46,steady_k2,regime_conditional,1.0,observed,warehouse,all,2160,144,50,26,94,1990,0.6578947368421053,0.3472222222222222,0.45454545454545453,0.012896825396825396,0.5070885424772618,0.9722222222222222,72,0.05555555555555555,72,0.032407407407407406,1.0,1.0,0.6666666666666666,0.20833333333333334,0.18055555555555555,180,0.0,12.40079365079365
46,steady_k2,regime_conditional,1.0,observed,warehouse,stable,2160,144,50,26,94,1990,0.6578947368421053,0.3472222222222222,0.45454545454545453,0.012896825396825396,0.5070885424772618,0.9722222222222222,72,0.05555555555555555,72,0.032407407407407406,1.0,1.0,0.6666666666666666,0.20833333333333334,0.18055555555555555,180,0.0,12.40079365079365
46,steady_k2,regime_conditional,1.0,observed,transit_smooth,all,2160,144,54,20,90,1996,0.7297297297297297,0.375,0.4954128440366973,0.00992063492063492,0.5677520905436935,0.9027777777777778,72,0.06944444444444445,72,0.023148148148148147,1.0,1.0,0.6666666666666666,0.19444444444444445,0.1527777777777778,186,0.0,8.928571428571429
46,steady_k2,regime_conditional,1.0,observed,transit_smooth,stable,2160,144,54,20,90,1996,0.7297297297297297,0.375,0.4954128440366973,0.00992063492063492,0.5677520905436935,0.9027777777777778,72,0.06944444444444445,72,0.023148148148148147,1.0,1.0,0.6666666666666666,0.19444444444444445,0.1527777777777778,186,0.0,8.928571428571429
46,steady_k2,regime_conditional,1.0,observed,transit_rough,all,2160,144,73,20,71,1996,0.7849462365591398,0.5069444444444444,0.6160337552742616,0.00992063492063492,0.6861243367571134,0.9444444444444444,72,0.027777777777777776,72,0.027777777777777776,1.0,1.0,0.6666666666666666,0.3888888888888889,0.375,192,0.010416666666666666,9.920634920634921
46,steady_k2,regime_conditional,1.0,observed,transit_rough,stable,2160,144,73,20,71,1996,0.7849462365591398,0.5069444444444444,0.6160337552742616,0.00992063492063492,0.6861243367571134,0.9444444444444444,72,0.027777777777777776,72,0.027777777777777776,1.0,1.0,0.6666666666666666,0.3888888888888889,0.375,192,0.010416666666666666,9.920634920634921
46,steady_k2,regime_conditional,0.2,clean,all,all,6480,0,0,57,0,6423,0.0,,0.0,0.008796296296296297,,,0,,0,0.02638888888888889,1.0,1.0,,,,558,0.021505376344086023,6.635802469135802
46,steady_k2,regime_conditional,0.2,clean,all,stable,6480,0,0,57,0,6423,0.0,,0.0,0.008796296296296297,,,0,,0,0.02638888888888889,1.0,1.0,,,,558,0.021505376344086023,6.635802469135802
46,steady_k2,regime_conditional,0.2,clean,warehouse,all,2160,0,0,28,0,2132,0.0,,0.0,0.012962962962962963,,,0,,0,0.03888888888888889,1.0,1.0,,,,180,0.044444444444444446,8.796296296296296
46,steady_k2,regime_conditional,0.2,clean,warehouse,stable,2160,0,0,28,0,2132,0.0,,0.0,0.012962962962962963,,,0,,0,0.03888888888888889,1.0,1.0,,,,180,0.044444444444444446,8.796296296296296
46,steady_k2,regime_conditional,0.2,clean,transit_smooth,all,2160,0,0,12,0,2148,0.0,,0.0,0.005555555555555556,,,0,,0,0.016666666666666666,1.0,1.0,,,,186,0.010752688172043012,5.092592592592593
46,steady_k2,regime_conditional,0.2,clean,transit_smooth,stable,2160,0,0,12,0,2148,0.0,,0.0,0.005555555555555556,,,0,,0,0.016666666666666666,1.0,1.0,,,,186,0.010752688172043012,5.092592592592593
46,steady_k2,regime_conditional,0.2,clean,transit_rough,all,2160,0,0,17,0,2143,0.0,,0.0,0.00787037037037037,,,0,,0,0.02361111111111111,1.0,1.0,,,,192,0.010416666666666666,6.018518518518518
46,steady_k2,regime_conditional,0.2,clean,transit_rough,stable,2160,0,0,17,0,2143,0.0,,0.0,0.00787037037037037,,,0,,0,0.02361111111111111,1.0,1.0,,,,192,0.010416666666666666,6.018518518518518
46,steady_k2,regime_conditional,0.2,observed,all,all,6480,432,316,255,116,5793,0.553415061295972,0.7314814814814815,0.6301096709870389,0.042162698412698416,0.6210403056959132,0.9722222222222222,216,0.18981481481481483,216,0.08127572016460906,1.0,1.0,0.6666666666666666,0.6157407407407407,0.4537037037037037,558,0.2885304659498208,9.58994708994709
46,steady_k2,regime_conditional,0.2,observed,all,stable,6480,432,316,255,116,5793,0.553415061295972,0.7314814814814815,0.6301096709870389,0.042162698412698416,0.6210403056959132,0.9722222222222222,216,0.18981481481481483,216,0.08127572016460906,1.0,1.0,0.6666666666666666,0.6157407407407407,0.4537037037037037,558,0.2885304659498208,9.58994708994709
46,steady_k2,regime_conditional,0.2,observed,warehouse,all,2160,144,109,83,35,1933,0.5677083333333334,0.7569444444444444,0.6488095238095238,0.04117063492063492,0.6393732067469808,1.0,72,0.2361111111111111,72,0.08179012345679013,1.0,1.0,0.6666666666666666,0.6388888888888888,0.4444444444444444,180,0.25555555555555554,11.904761904761905
46,steady_k2,regime_conditional,0.2,observed,warehouse,stable,2160,144,109,83,35,1933,0.5677083333333334,0.7569444444444444,0.6488095238095238,0.04117063492063492,0.6393732067469808,1.0,72,0.2361111111111111,72,0.08179012345679013,1.0,1.0,0.6666666666666666,0.6388888888888888,0.4444444444444444,180,0.25555555555555554,11.904761904761905
46,steady_k2,regime_conditional,0.2,observed,transit_smooth,all,2160,144,101,82,43,1934,0.5519125683060109,0.7013888888888888,0.617737003058104,0.040674603174603176,0.5999378986986909,0.9166666666666666,72,0.16666666666666666,72,0.07561728395061729,1.0,1.0,0.6666666666666666,0.5833333333333334,0.4444444444444444,186,0.3172043010752688,7.936507936507937
46,steady_k2,regime_conditional,0.2,observed,transit_smooth,stable,2160,144,101,82,43,1934,0.5519125683060109,0.7013888888888888,0.617737003058104,0.040674603174603176,0.5999378986986909,0.9166666666666666,72,0.16666666666666666,72,0.07561728395061729,1.0,1.0,0.6666666666666666,0.5833333333333334,0.4444444444444444,186,0.3172043010752688,7.936507936507937
46,steady_k2,regime_conditional,0.2,observed,transit_rough,all,2160,144,106,90,38,1926,0.5408163265306123,0.7361111111111112,0.6235294117647059,0.044642857142857144,0.6323647484010965,1.0,72,0.16666666666666666,72,0.08641975308641975,1.0,1.0,0.6666666666666666,0.625,0.4722222222222222,192,0.2916666666666667,8.928571428571429
46,steady_k2,regime_conditional,0.2,observed,transit_rough,stable,2160,144,106,90,38,1926,0.5408163265306123,0.7361111111111112,0.6235294117647059,0.044642857142857144,0.6323647484010965,1.0,72,0.16666666666666666,72,0.08641975308641975,1.0,1.0,0.6666666666666666,0.625,0.4722222222222222,192,0.2916666666666667,8.928571428571429
46,switch_d0,regime_marginal,1.0,clean,all,all,6480,0,0,60,0,6420,0.0,,0.0,0.009259259259259259,,,0,,0,0.02546296296296296,1.0,1.0,,,,288,0.013888888888888888,8.950617283950617
46,switch_d0,regime_marginal,1.0,clean,all,transition,864,0,0,6,0,858,0.0,,0.0,0.006944444444444444,,,0,,0,0.017361111111111112,1.0,1.0,,,,60,0.0,6.944444444444445
46,switch_d0,regime_marginal,1.0,clean,all,stable,5616,0,0,54,0,5562,0.0,,0.0,0.009615384615384616,,,0,,0,0.026709401709401708,1.0,1.0,,,,228,0.017543859649122806,9.25925925925926
46,switch_d0,regime_marginal,1.0,clean,warehouse,all,2160,0,0,30,0,2130,0.0,,0.0,0.013888888888888888,,,0,,0,0.03888888888888889,1.0,1.0,,,,78,0.01282051282051282,13.425925925925926
46,switch_d0,regime_marginal,1.0,clean,warehouse,transition,288,0,0,2,0,286,0.0,,0.0,0.006944444444444444,,,0,,0,0.020833333333333332,1.0,1.0,,,,0,,6.944444444444445
46,switch_d0,regime_marginal,1.0,clean,warehouse,stable,1872,0,0,28,0,1844,0.0,,0.0,0.014957264957264958,,,0,,0,0.041666666666666664,1.0,1.0,,,,78,0.01282051282051282,14.423076923076923
46,switch_d0,regime_marginal,1.0,clean,transit_smooth,all,2160,0,0,13,0,2147,0.0,,0.0,0.0060185185185185185,,,0,,0,0.016666666666666666,1.0,1.0,,,,114,0.0,6.018518518518518
46,switch_d0,regime_marginal,1.0,clean,transit_smooth,transition,288,0,0,0,0,288,,,,0.0,,,0,,0,0.0,1.0,1.0,,,,30,0.0,0.0
46,switch_d0,regime_marginal,1.0,clean,transit_smooth,stable,1872,0,0,13,0,1859,0.0,,0.0,0.006944444444444444,,,0,,0,0.019230769230769232,1.0,1.0,,,,84,0.0,6.944444444444445
46,switch_d0,regime_marginal,1.0,clean,transit_rough,all,2160,0,0,17,0,2143,0.0,,0.0,0.00787037037037037,,,0,,0,0.020833333333333332,1.0,1.0,,,,96,0.03125,7.407407407407407
46,switch_d0,regime_marginal,1.0,clean,transit_rough,transition,288,0,0,4,0,284,0.0,,0.0,0.013888888888888888,,,0,,0,0.03125,1.0,1.0,,,,30,0.0,13.88888888888889
46,switch_d0,regime_marginal,1.0,clean,transit_rough,stable,1872,0,0,13,0,1859,0.0,,0.0,0.006944444444444444,,,0,,0,0.019230769230769232,1.0,1.0,,,,66,0.045454545454545456,6.410256410256411
46,switch_d0,regime_marginal,1.0,observed,all,all,6480,216,51,58,165,6206,0.46788990825688076,0.2361111111111111,0.31384615384615383,0.009259259259259259,0.3165686779693671,0.7546296296296297,216,0.009259259259259259,432,0.025205761316872428,1.0,1.0,0.3333333333333333,0.2361111111111111,0.23148148148148148,288,0.013888888888888888,8.939974457215836
46,switch_d0,regime_marginal,1.0,observed,all,transition,864,6,0,6,6,852,0.0,0.0,0.0,0.006993006993006993,0.023948444375572676,0.3333333333333333,6,0.0,12,0.01773049645390071,1.0,1.0,0.3333333333333333,0.0,0.0,60,0.0,6.993006993006993
46,switch_d0,regime_marginal,1.0,observed,all,stable,5616,210,51,52,159,5354,0.49514563106796117,0.24285714285714285,0.3258785942492013,0.009618941916389198,0.33833383948471835,0.7666666666666667,210,0.009523809523809525,420,0.026474127557160047,1.0,1.0,0.3333333333333333,0.24285714285714285,0.23809523809523808,228,0.017543859649122806,9.24898261191269
46,switch_d0,regime_marginal,1.0,observed,warehouse,all,2160,84,27,29,57,2047,0.48214285714285715,0.32142857142857145,0.38571428571428573,0.013969171483622351,0.3855369537448668,0.7857142857142857,84,0.005952380952380952,168,0.040880503144654086,1.0,1.0,0.3333333333333333,0.32142857142857145,0.30952380952380953,78,0.01282051282051282,13.48747591522158
46,switch_d0,regime_marginal,1.0,observed,warehouse,transition,288,0,0,2,0,286,0.0,,0.0,0.006944444444444444,,,0,,0,0.020833333333333332,1.0,1.0,,,,0,,6.944444444444445
46,switch_d0,regime_marginal,1.0,observed,warehouse,stable,1872,84,27,27,57,1761,0.5,0.32142857142857145,0.391304347826087,0.015100671140939598,0.4010488876955065,0.7857142857142857,84,0.005952380952380952,168,0.044444444444444446,1.0,1.0,0.3333333333333333,0.32142857142857145,0.30952380952380953,78,0.01282051282051282,14.5413870246085
46,switch_d0,regime_marginal,1.0,observed,transit_smooth,all,2160,78,14,13,64,2069,0.5185185185185185,0.1794871794871795,0.26666666666666666,0.006243996157540826,0.3301745875279299,0.8333333333333334,78,0.00641025641025641,156,0.017133956386292833,1.0,1.0,0.33333333333333326,0.1794871794871795,0.1794871794871795,114,0.0,6.243996157540826
46,switch_d0,regime_marginal,1.0,observed,transit_smooth,transition,288,0,0,0,0,288,,,,0.0,,,0,,0,0.0,1.0,1.0,,,,30,0.0,0.0
46,switch_d0,regime_marginal,1.0,observed,transit_smooth,stable,1872,78,14,13,64,1781,0.5185185185185185,0.1794871794871795,0.26666666666666666,0.007246376811594203,0.3439506112276332,0.8333333333333334,78,0.00641025641025641,156,0.020146520146520148,1.0,1.0,0.33333333333333326,0.1794871794871795,0.1794871794871795,84,0.0,7.246376811594203
46,switch_d0,regime_marginal,1.0,observed,transit_rough,all,2160,54,10,16,44,2090,0.38461538461538464,0.18518518518518517,0.25,0.007597340930674264,0.21972616472149883,0.5925925925925926,54,0.018518518518518517,108,0.018018018018018018,1.0,1.0,0.3333333333333332,0.18518518518518517,0.18518518518518517,96,0.03125,7.122507122507122
46,switch_d0,regime_marginal,1.0,observed,transit_rough,transition,288,6,0,4,6,278,0.0,0.0,0.0,0.014184397163120567,0.06124335827609191,0.3333333333333333,6,0.0,12,0.03333333333333333,1.0,1.0,0.3333333333333333,0.0,0.0,30,0.0,14.184397163120567
46,switch_d0,regime_marginal,1.0,observed,transit_rough,stable,1872,48,10,12,38,1812,0.45454545454545453,0.20833333333333334,0.2857142857142857,0.006578947368421052,0.2565828593952456,0.625,48,0.020833333333333332,96,0.015625,1.0,1.0,0.3333333333333333,0.20833333333333334,0.20833333333333334,66,0.045454545454545456,6.030701754385965
46,switch_d0,regime_marginal,0.2,clean,all,all,6480,0,0,56,0,6424,0.0,,0.0,0.008641975308641974,,,0,,0,0.020370370370370372,1.0,1.0,,,,288,0.024305555555555556,4.4753086419753085
46,switch_d0,regime_marginal,0.2,clean,all,transition,864,0,0,1,0,863,0.0,,0.0,0.0011574074074074073,,,0,,0,0.003472222222222222,1.0,1.0,,,,60,0.0,1.1574074074074074
46,switch_d0,regime_marginal,0.2,clean,all,stable,5616,0,0,55,0,5561,0.0,,0.0,0.009793447293447293,,,0,,0,0.022970085470085472,1.0,1.0,,,,228,0.03070175438596491,4.985754985754986
46,switch_d0,regime_marginal,0.2,clean,warehouse,all,2160,0,0,27,0,2133,0.0,,0.0,0.0125,,,0,,0,0.029166666666666667,1.0,1.0,,,,78,0.02564102564102564,6.481481481481482
46,switch_d0,regime_marginal,0.2,clean,warehouse,transition,288,0,0,0,0,288,,,,0.0,,,0,,0,0.0,1.0,1.0,,,,0,,0.0
46,switch_d0,regime_marginal,0.2,clean,warehouse,stable,1872,0,0,27,0,1845,0.0,,0.0,0.014423076923076924,,,0,,0,0.03365384615384615,1.0,1.0,,,,78,0.02564102564102564,7.478632478632479
46,switch_d0,regime_marginal,0.2,clean,transit_smooth,all,2160,0,0,7,0,2153,0.0,,0.0,0.0032407407407407406,,,0,,0,0.009722222222222222,1.0,1.0,,,,114,0.0,1.8518518518518519
46,switch_d0,regime_marginal,0.2,clean,transit_smooth,transition,288,0,0,0,0,288,,,,0.0,,,0,,0,0.0,1.0,1.0,,,,30,0.0,0.0
46,switch_d0,regime_marginal,0.2,clean,transit_smooth,stable,1872,0,0,7,0,1865,0.0,,0.0,0.0037393162393162395,,,0,,0,0.011217948717948718,1.0,1.0,,,,84,0.0,2.1367521367521367
46,switch_d0,regime_marginal,0.2,clean,transit_rough,all,2160,0,0,22,0,2138,0.0,,0.0,0.010185185185185186,,,0,,0,0.022222222222222223,1.0,1.0,,,,96,0.052083333333333336,5.092592592592593
46,switch_d0,regime_marginal,0.2,clean,transit_rough,transition,288,0,0,1,0,287,0.0,,0.0,0.003472222222222222,,,0,,0,0.010416666666666666,1.0,1.0,,,,30,0.0,3.4722222222222223
46,switch_d0,regime_marginal,0.2,clean,transit_rough,stable,1872,0,0,21,0,1851,0.0,,0.0,0.011217948717948718,,,0,,0,0.02403846153846154,1.0,1.0,,,,66,0.07575757575757576,5.3418803418803416
46,switch_d0,regime_marginal,0.2,observed,all,all,6480,216,89,70,127,6194,0.559748427672956,0.41203703703703703,0.4746666666666667,0.011174968071519796,0.42394598021835184,0.8379629629629629,216,0.0,432,0.030349794238683128,1.0,1.0,0.3333333333333333,0.41203703703703703,0.41203703703703703,288,0.08680555555555555,4.310344827586207
46,switch_d0,regime_marginal,0.2,observed,all,transition,864,6,0,1,6,857,0.0,0.0,0.0,0.0011655011655011655,0.07170156970438624,1.0,6,0.0,12,0.0035460992907801418,1.0,1.0,0.3333333333333333,0.0,0.0,60,0.0,1.1655011655011656
46,switch_d0,regime_marginal,0.2,observed,all,stable,5616,210,89,69,121,5337,0.5632911392405063,0.4238095238095238,0.483695652173913,0.012763596004439512,0.43460642439599756,0.8333333333333334,210,0.0,420,0.03489771359807461,1.0,1.0,0.3333333333333333,0.4238095238095238,0.4238095238095238,228,0.10964912280701754,4.8094709581945985
46,switch_d0,regime_marginal,0.2,observed,warehouse,all,2160,84,49,35,35,2041,0.5833333333333334,0.5833333333333334,0.5833333333333334,0.016859344894026976,0.5530169815776306,0.9047619047619048,84,0.0,168,0.040880503144654086,1.0,1.0,0.3333333333333333,0.5833333333333334,0.5833333333333334,78,0.1794871794871795,6.262042389210019
46,switch_d0,regime_marginal,0.2,observed,warehouse,transition,288,0,0,0,0,288,,,,0.0,,,0,,0,0.0,1.0,1.0,,,,0,,0.0
46,switch_d0,regime_marginal,0.2,observed,warehouse,stable,1872,84,49,35,35,1753,0.5833333333333334,0.5833333333333334,0.5833333333333334,0.019574944071588368,0.5552296141237566,0.9047619047619048,84,0.0,168,0.04814814814814815,1.0,1.0,0.3333333333333333,0.5833333333333334,0.5833333333333334,78,0.1794871794871795,7.27069351230425
46,switch_d0,regime_marginal,0.2,observed,transit_smooth,all,2160,78,31,12,47,2070,0.7209302325581395,0.3974358974358974,0.512396694214876,0.005763688760806916,0.4921609156203413,0.8717948717948718,78,0.0,156,0.018691588785046728,1.0,1.0,0.33333333333333326,0.3974358974358974,0.3974358974358974,114,0.043859649122807015,2.4015369836695486
46,switch_d0,regime_marginal,0.2,observed,transit_smooth,transition,288,0,0,0,0,288,,,,0.0,,,0,,0,0.0,1.0,1.0,,,,30,0.0,0.0
46,switch_d0,regime_marginal,0.2,observed,transit_smooth,stable,1872,78,31,12,47,1782,0.7209302325581395,0.3974358974358974,0.512396694214876,0.006688963210702341,0.49468168900697573,0.8717948717948718,78,0.0,156,0.02197802197802198,1.0,1.0,0.33333333333333326,0.3974358974358974,0.3974358974358974,84,0.05952380952380952,2.787068004459309
46,switch_d0,regime_marginal,0.2,observed,transit_rough,all,2160,54,9,23,45,2083,0.28125,0.16666666666666666,0.20930232558139536,0.010921177587844255,0.17684785554732377,0.6851851851851852,54,0.0,108,0.03153153153153153,1.0,1.0,0.3333333333333332,0.16666666666666666,0.16666666666666666,96,0.0625,4.273504273504273
46,switch_d0,regime_marginal,0.2,observed,transit_rough,transition,288,6,0,1,6,281,0.0,0.0,0.0,0.0035460992907801418,0.10914967494089835,1.0,6,0.0,12,0.011111111111111112,1.0,1.0,0.3333333333333333,0.0,0.0,30,0.0,3.5460992907801416
46,switch_d0,regime_marginal,0.2,observed,transit_rough,stable,1872,48,9,22,39,1802,0.2903225806451613,0.1875,0.22784810126582278,0.01206140350877193,0.19040557026646227,0.6458333333333334,48,0.0,96,0.034722222222222224,1.0,1.0,0.3333333333333333,0.1875,0.1875,66,0.09090909090909091,4.385964912280702
46,switch_d0,regime_conditional,1.0,clean,all,all,6480,0,0,59,0,6421,0.0,,0.0,0.009104938271604938,,,0,,0,0.02546296296296296,1.0,1.0,,,,288,0.003472222222222222,9.104938271604938
46,switch_d0,regime_conditional,1.0,clean,all,transition,864,0,0,6,0,858,0.0,,0.0,0.006944444444444444,,,0,,0,0.017361111111111112,1.0,1.0,,,,60,0.0,6.944444444444445
46,switch_d0,regime_conditional,1.0,clean,all,stable,5616,0,0,53,0,5563,0.0,,0.0,0.009437321937321937,,,0,,0,0.026709401709401708,1.0,1.0,,,,228,0.0043859649122807015,9.437321937321938
46,switch_d0,regime_conditional,1.0,clean,warehouse,all,2160,0,0,19,0,2141,0.0,,0.0,0.008796296296296297,,,0,,0,0.02361111111111111,1.0,1.0,,,,78,0.0,8.796296296296296
46,switch_d0,regime_conditional,1.0,clean,warehouse,transition,288,0,0,2,0,286,0.0,,0.0,0.006944444444444444,,,0,,0,0.020833333333333332,1.0,1.0,,,,0,,6.944444444444445
46,switch_d0,regime_conditional,1.0,clean,warehouse,stable,1872,0,0,17,0,1855,0.0,,0.0,0.009081196581196582,,,0,,0,0.02403846153846154,1.0,1.0,,,,78,0.0,9.081196581196581
46,switch_d0,regime_conditional,1.0,clean,transit_smooth,all,2160,0,0,18,0,2142,0.0,,0.0,0.008333333333333333,,,0,,0,0.025,1.0,1.0,,,,114,0.0,8.333333333333334
46,switch_d0,regime_conditional,1.0,clean,transit_smooth,transition,288,0,0,0,0,288,,,,0.0,,,0,,0,0.0,1.0,1.0,,,,30,0.0,0.0
46,switch_d0,regime_conditional,1.0,clean,transit_smooth,stable,1872,0,0,18,0,1854,0.0,,0.0,0.009615384615384616,,,0,,0,0.028846153846153848,1.0,1.0,,,,84,0.0,9.615384615384615
46,switch_d0,regime_conditional,1.0,clean,transit_rough,all,2160,0,0,22,0,2138,0.0,,0.0,0.010185185185185186,,,0,,0,0.027777777777777776,1.0,1.0,,,,96,0.010416666666666666,10.185185185185185
46,switch_d0,regime_conditional,1.0,clean,transit_rough,transition,288,0,0,4,0,284,0.0,,0.0,0.013888888888888888,,,0,,0,0.03125,1.0,1.0,,,,30,0.0,13.88888888888889
46,switch_d0,regime_conditional,1.0,clean,transit_rough,stable,1872,0,0,18,0,1854,0.0,,0.0,0.009615384615384616,,,0,,0,0.027243589743589744,1.0,1.0,,,,66,0.015151515151515152,9.615384615384615
46,switch_d0,regime_conditional,1.0,observed,all,all,6480,216,82,67,134,6197,0.5503355704697986,0.37962962962962965,0.44931506849315067,0.010696040868454661,0.42951563953302263,0.7777777777777778,216,0.037037037037037035,432,0.025205761316872428,1.0,1.0,0.3333333333333333,0.37962962962962965,0.3287037037037037,288,0.003472222222222222,10.217113665389528
46,switch_d0,regime_conditional,1.0,observed,all,transition,864,6,2,7,4,851,0.2222222222222222,0.3333333333333333,0.26666666666666666,0.008158508158508158,0.12025997964494052,0.16666666666666666,6,0.16666666666666666,12,0.014184397163120567,1.0,1.0,0.3333333333333333,0.3333333333333333,0.16666666666666666,60,0.0,8.158508158508159
46,switch_d0,regime_conditional,1.0,observed,all,stable,5616,210,80,60,130,5346,0.5714285714285714,0.38095238095238093,0.45714285714285713,0.011098779134295227,0.45430604589733253,0.7952380952380952,210,0.03333333333333333,420,0.02707581227436823,1.0,1.0,0.3333333333333333,0.38095238095238093,0.3333333333333333,228,0.0043859649122807015,10.543840177580465
46,switch_d0,regime_conditional,1.0,observed,warehouse,all,2160,84,33,20,51,2056,0.6226415094339622,0.39285714285714285,0.48175182481751827,0.009633911368015413,0.4860490163156243,0.8333333333333334,84,0.03571428571428571,168,0.0220125786163522,1.0,1.0,0.3333333333333333,0.39285714285714285,0.3333333333333333,78,0.0,9.152215799614643
46,switch_d0,regime_conditional,1.0,observed,warehouse,transition,288,0,0,2,0,286,0.0,,0.0,0.006944444444444444,,,0,,0,0.020833333333333332,1.0,1.0,,,,0,,6.944444444444445
46,switch_d0,regime_conditional,1.0,observed,warehouse,stable,1872,84,33,18,51,1770,0.6470588235294118,0.39285714285714285,0.4888888888888889,0.010067114093959731,0.5020024420486701,0.8333333333333334,84,0.03571428571428571,168,0.022222222222222223,1.0,1.0,0.3333333333333333,0.39285714285714285,0.3333333333333333,78,0.0,9.507829977628635
46,switch_d0,regime_conditional,1.0,observed,transit_smooth,all,2160,78,32,21,46,2061,0.6037735849056604,0.41025641025641024,0.48854961832061067,0.010086455331412104,0.4538037773696115,0.8076923076923077,78,0.03205128205128205,156,0.024922118380062305,1.0,1.0,0.33333333333333326,0.41025641025641024,0.3717948717948718,114,0.0,9.606147934678194
46,switch_d0,regime_conditional,1.0,observed,transit_smooth,transition,288,0,0,0,0,288,,,,0.0,,,0,,0,0.0,1.0,1.0,,,,30,0.0,0.0
46,switch_d0,regime_conditional,1.0,observed,transit_smooth,stable,1872,78,32,21,46,1773,0.6037735849056604,0.41025641025641024,0.48854961832061067,0.011705685618729096,0.4640293337699363,0.8076923076923077,78,0.03205128205128205,156,0.029304029304029304,1.0,1.0,0.33333333333333326,0.41025641025641024,0.3717948717948718,84,0.0,11.148272017837236
46,switch_d0,regime_conditional,1.0,observed,transit_rough,all,2160,54,17,26,37,2080,0.3953488372093023,0.3148148148148148,0.35051546391752575,0.012345679012345678,0.3315995975688635,0.6481481481481481,54,0.046296296296296294,108,0.028528528528528527,1.0,1.0,0.3333333333333332,0.3148148148148148,0.25925925925925924,96,0.010416666666666666,11.870845204178538
46,switch_d0,regime_conditional,1.0,observed,transit_rough,transition,288,6,2,5,4,277,0.2857142857142857,0.3333333333333333,0.3076923076923077,0.01773049645390071,0.16220747172821984,0.16666666666666666,6,0.16666666666666666,12,0.022222222222222223,1.0,1.0,0.3333333333333333,0.3333333333333333,0.16666666666666666,30,0.0,17.73049645390071
46,switch_d0,regime_conditional,1.0,observed,transit_rough,stable,1872,48,15,21,33,1803,0.4166666666666667,0.3125,0.35714285714285715,0.011513157894736841,0.3807775243992035,0.7083333333333334,48,0.03125,96,0.029513888888888888,1.0,1.0,0.3333333333333333,0.3125,0.2708333333333333,66,0.015151515151515152,10.964912280701755
46,switch_d0,regime_conditional,0.2,clean,all,all,6480,0,0,59,0,6421,0.0,,0.0,0.009104938271604938,,,0,,0,0.027314814814814816,1.0,1.0,,,,288,0.006944444444444444,7.253086419753086
46,switch_d0,regime_conditional,0.2,clean,all,transition,864,0,0,6,0,858,0.0,,0.0,0.006944444444444444,,,0,,0,0.020833333333333332,1.0,1.0,,,,60,0.0,5.787037037037037
46,switch_d0,regime_conditional,0.2,clean,all,stable,5616,0,0,53,0,5563,0.0,,0.0,0.009437321937321937,,,0,,0,0.028311965811965812,1.0,1.0,,,,228,0.008771929824561403,7.478632478632479
46,switch_d0,regime_conditional,0.2,clean,warehouse,all,2160,0,0,18,0,2142,0.0,,0.0,0.008333333333333333,,,0,,0,0.025,1.0,1.0,,,,78,0.01282051282051282,6.018518518518518
46,switch_d0,regime_conditional,0.2,clean,warehouse,transition,288,0,0,1,0,287,0.0,,0.0,0.003472222222222222,,,0,,0,0.010416666666666666,1.0,1.0,,,,0,,3.4722222222222223
46,switch_d0,regime_conditional,0.2,clean,warehouse,stable,1872,0,0,17,0,1855,0.0,,0.0,0.009081196581196582,,,0,,0,0.027243589743589744,1.0,1.0,,,,78,0.01282051282051282,6.410256410256411
46,switch_d0,regime_conditional,0.2,clean,transit_smooth,all,2160,0,0,19,0,2141,0.0,,0.0,0.008796296296296297,,,0,,0,0.02638888888888889,1.0,1.0,,,,114,0.0,6.481481481481482
46,switch_d0,regime_conditional,0.2,clean,transit_smooth,transition,288,0,0,0,0,288,,,,0.0,,,0,,0,0.0,1.0,1.0,,,,30,0.0,0.0
46,switch_d0,regime_conditional,0.2,clean,transit_smooth,stable,1872,0,0,19,0,1853,0.0,,0.0,0.01014957264957265,,,0,,0,0.030448717948717948,1.0,1.0,,,,84,0.0,7.478632478632479
46,switch_d0,regime_conditional,0.2,clean,transit_rough,all,2160,0,0,22,0,2138,0.0,,0.0,0.010185185185185186,,,0,,0,0.030555555555555555,1.0,1.0,,,,96,0.010416666666666666,9.25925925925926
46,switch_d0,regime_conditional,0.2,clean,transit_rough,transition,288,0,0,5,0,283,0.0,,0.0,0.017361111111111112,,,0,,0,0.052083333333333336,1.0,1.0,,,,30,0.0,13.88888888888889
46,switch_d0,regime_conditional,0.2,clean,transit_rough,stable,1872,0,0,17,0,1855,0.0,,0.0,0.009081196581196582,,,0,,0,0.027243589743589744,1.0,1.0,,,,66,0.015151515151515152,8.547008547008547
46,switch_d0,regime_conditional,0.2,observed,all,all,6480,216,156,176,60,6088,0.46987951807228917,0.7222222222222222,0.5693430656934306,0.0280970625798212,0.6007345665368328,0.8287037037037037,216,0.125,432,0.05864197530864197,1.0,1.0,0.3333333333333333,0.7222222222222222,0.5416666666666666,288,0.1840277777777778,9.738186462324393
46,switch_d0,regime_conditional,0.2,observed,all,transition,864,6,5,14,1,844,0.2631578947368421,0.8333333333333334,0.4,0.016317016317016316,0.6365079365079365,1.0,6,0.16666666666666666,12,0.031914893617021274,1.0,1.0,0.3333333333333333,0.8333333333333334,0.5,60,0.05,4.662004662004662
46,switch_d0,regime_conditional,0.2,observed,all,stable,5616,210,151,162,59,5244,0.48242811501597443,0.719047619047619,0.5774378585086042,0.029966703662597113,0.6016511201610417,0.8238095238095238,210,0.12380952380952381,420,0.0631768953068592,1.0,1.0,0.3333333333333333,0.719047619047619,0.5428571428571428,228,0.21929824561403508,10.543840177580465
46,switch_d0,regime_conditional,0.2,observed,warehouse,all,2160,84,61,54,23,2022,0.5304347826086957,0.7261904761904762,0.6130653266331658,0.02601156069364162,0.6926012656066486,0.9047619047619048,84,0.13095238095238096,168,0.04716981132075472,1.0,1.0,0.3333333333333333,0.7261904761904762,0.5357142857142857,78,0.2564102564102564,9.152215799614643
46,switch_d0,regime_conditional,0.2,observed,warehouse,transition,288,0,0,1,0,287,0.0,,0.0,0.003472222222222222,,,0,,0,0.010416666666666666,1.0,1.0,,,,0,,3.4722222222222223
46,switch_d0,regime_conditional,0.2,observed,warehouse,stable,1872,84,61,53,23,1735,0.5350877192982456,0.7261904761904762,0.6161616161616161,0.0296420581655481,0.6952986193019354,0.9047619047619048,84,0.13095238095238096,168,0.053703703703703705,1.0,1.0,0.3333333333333333,0.7261904761904762,0.5357142857142857,78,0.2564102564102564,10.06711409395973
46,switch_d0,regime_conditional,0.2,observed,transit_smooth,all,2160,78,57,43,21,2039,0.57,0.7307692307692307,0.6404494382022472,0.020653218059558116,0.6841416266675849,0.8974358974358975,78,0.03205128205128205,156,0.059190031152647975,1.0,1.0,0.33333333333333326,0.7307692307692307,0.7051282051282052,114,0.16666666666666666,8.165225744476466
46,switch_d0,regime_conditional,0.2,observed,transit_smooth,transition,288,0,0,0,0,288,,,,0.0,,,0,,0,0.0,1.0,1.0,,,,30,0.0,0.0
46,switch_d0,regime_conditional,0.2,observed,transit_smooth,stable,1872,78,57,43,21,1751,0.57,0.7307692307692307,0.6404494382022472,0.023968784838350056,0.6860513953985591,0.8974358974358975,78,0.03205128205128205,156,0.0695970695970696,1.0,1.0,0.33333333333333326,0.7307692307692307,0.7051282051282052,84,0.2261904761904762,9.47603121516165
46,switch_d0,regime_conditional,0.2,observed,transit_rough,all,2160,54,38,79,16,2027,0.3247863247863248,0.7037037037037037,0.4444444444444444,0.03751187084520418,0.377069755429309,0.6111111111111112,54,0.25,108,0.06906906906906907,1.0,1.0,0.3333333333333332,0.7037037037037037,0.3148148148148148,96,0.14583333333333334,11.870845204178538
46,switch_d0,regime_conditional,0.2,observed,transit_rough,transition,288,6,5,13,1,269,0.2777777777777778,0.8333333333333334,0.4166666666666667,0.04609929078014184,0.6466528640441684,1.0,6,0.16666666666666666,12,0.08888888888888889,1.0,1.0,0.3333333333333333,0.8333333333333334,0.5,30,0.1,10.638297872340425
46,switch_d0,regime_conditional,0.2,observed,transit_rough,stable,1872,48,33,66,15,1758,0.3333333333333333,0.6875,0.4489795918367347,0.03618421052631579,0.35367083688041745,0.5625,48,0.2604166666666667,96,0.06597222222222222,1.0,1.0,0.3333333333333333,0.6875,0.2916666666666667,66,0.16666666666666666,12.06140350877193
46,switch_d4,regime_marginal,1.0,clean,all,all,6480,0,0,209,0,6271,0.0,,0.0,0.03225308641975309,,,0,,0,0.06898148148148148,1.0,1.0,,,,288,0.04861111111111111,15.895061728395062
46,switch_d4,regime_marginal,1.0,clean,all,transition,864,0,0,155,0,709,0.0,,0.0,0.17939814814814814,,,0,,0,0.34375,1.0,1.0,,,,60,0.16666666666666666,59.02777777777778
46,switch_d4,regime_marginal,1.0,clean,all,stable,5616,0,0,54,0,5562,0.0,,0.0,0.009615384615384616,,,0,,0,0.026709401709401708,1.0,1.0,,,,228,0.017543859649122806,9.25925925925926
46,switch_d4,regime_marginal,1.0,clean,warehouse,all,2160,0,0,83,0,2077,0.0,,0.0,0.038425925925925926,,,0,,0,0.08055555555555556,1.0,1.0,,,,78,0.01282051282051282,19.90740740740741
46,switch_d4,regime_marginal,1.0,clean,warehouse,transition,288,0,0,55,0,233,0.0,,0.0,0.1909722222222222,,,0,,0,0.3333333333333333,1.0,1.0,,,,0,,55.55555555555556
46,switch_d4,regime_marginal,1.0,clean,warehouse,stable,1872,0,0,28,0,1844,0.0,,0.0,0.014957264957264958,,,0,,0,0.041666666666666664,1.0,1.0,,,,78,0.01282051282051282,14.423076923076923
46,switch_d4,regime_marginal,1.0,clean,transit_smooth,all,2160,0,0,69,0,2091,0.0,,0.0,0.03194444444444444,,,0,,0,0.06111111111111111,1.0,1.0,,,,114,0.05263157894736842,14.351851851851851
46,switch_d4,regime_marginal,1.0,clean,transit_smooth,transition,288,0,0,56,0,232,0.0,,0.0,0.19444444444444445,,,0,,0,0.3333333333333333,1.0,1.0,,,,30,0.2,62.5
46,switch_d4,regime_marginal,1.0,clean,transit_smooth,stable,1872,0,0,13,0,1859,0.0,,0.0,0.006944444444444444,,,0,,0,0.019230769230769232,1.0,1.0,,,,84,0.0,6.944444444444445
46,switch_d4,regime_marginal,1.0,clean,transit_rough,all,2160,0,0,57,0,2103,0.0,,0.0,0.02638888888888889,,,0,,0,0.06527777777777778,1.0,1.0,,,,96,0.07291666666666667,13.425925925925926
46,switch_d4,regime_marginal,1.0,clean,transit_rough,transition,288,0,0,44,0,244,0.0,,0.0,0.1527777777777778,,,0,,0,0.3645833333333333,1.0,1.0,,,,30,0.13333333333333333,59.02777777777778
46,switch_d4,regime_marginal,1.0,clean,transit_rough,stable,1872,0,0,13,0,1859,0.0,,0.0,0.006944444444444444,,,0,,0,0.019230769230769232,1.0,1.0,,,,66,0.045454545454545456,6.410256410256411
46,switch_d4,regime_marginal,1.0,observed,all,all,6480,216,51,205,165,6059,0.19921875,0.2361111111111111,0.21610169491525424,0.03272669220945083,0.13108387955950832,0.75,216,0.02546296296296296,432,0.07150205761316872,1.0,1.0,0.3333333333333333,0.2361111111111111,0.23148148148148148,288,0.04861111111111111,15.964240102171138
46,switch_d4,regime_marginal,1.0,observed,all,transition,864,6,0,153,6,705,0.0,0.0,0.0,0.17832167832167833,0.008012736884169949,0.16666666666666666,6,0.5833333333333334,12,0.33687943262411346,1.0,1.0,0.3333333333333333,0.0,0.0,60,0.16666666666666666,58.27505827505828
46,switch_d4,regime_marginal,1.0,observed,all,stable,5616,210,51,52,159,5354,0.49514563106796117,0.24285714285714285,0.3258785942492013,0.009618941916389198,0.33833383948471835,0.7666666666666667,210,0.009523809523809525,420,0.026474127557160047,1.0,1.0,0.3333333333333333,0.24285714285714285,0.23809523809523808,228,0.017543859649122806,9.24898261191269
46,switch_d4,regime_marginal,1.0,observed,warehouse,all,2160,84,27,82,57,1994,0.24770642201834864,0.32142857142857145,0.27979274611398963,0.0394990366088632,0.16904913754035542,0.7857142857142857,84,0.005952380952380952,168,0.0880503144654088,1.0,1.0,0.3333333333333333,0.32142857142857145,0.30952380952380953,78,0.01282051282051282,20.23121387283237
46,switch_d4,regime_marginal,1.0,observed,warehouse,transition,288,0,0,55,0,233,0.0,,0.0,0.1909722222222222,,,0,,0,0.3333333333333333,1.0,1.0,,,,0,,55.55555555555556
46,switch_d4,regime_marginal,1.0,observed,warehouse,stable,1872,84,27,27,57,1761,0.5,0.32142857142857145,0.391304347826087,0.015100671140939598,0.4010488876955065,0.7857142857142857,84,0.005952380952380952,168,0.044444444444444446,1.0,1.0,0.3333333333333333,0.32142857142857145,0.30952380952380953,78,0.01282051282051282,14.5413870246085
46,switch_d4,regime_marginal,1.0,observed,transit_smooth,all,2160,78,14,69,64,2013,0.1686746987951807,0.1794871794871795,0.17391304347826086,0.03314121037463977,0.14662873117658537,0.8333333333333334,78,0.00641025641025641,156,0.06697819314641744,1.0,1.0,0.33333333333333326,0.1794871794871795,0.1794871794871795,114,0.05263157894736842,14.889529298751201
46,switch_d4,regime_marginal,1.0,observed,transit_smooth,transition,288,0,0,56,0,232,0.0,,0.0,0.19444444444444445,,,0,,0,0.3333333333333333,1.0,1.0,,,,30,0.2,62.5
46,switch_d4,regime_marginal,1.0,observed,transit_smooth,stable,1872,78,14,13,64,1781,0.5185185185185185,0.1794871794871795,0.26666666666666666,0.007246376811594203,0.3439506112276332,0.8333333333333334,78,0.00641025641025641,156,0.020146520146520148,1.0,1.0,0.33333333333333326,0.1794871794871795,0.1794871794871795,84,0.0,7.246376811594203
46,switch_d4,regime_marginal,1.0,observed,transit_rough,all,2160,54,10,54,44,2052,0.15625,0.18518518518518517,0.1694915254237288,0.02564102564102564,0.07937560879707978,0.5740740740740741,54,0.08333333333333333,108,0.06006006006006006,1.0,1.0,0.3333333333333332,0.18518518518518517,0.18518518518518517,96,0.07291666666666667,12.820512820512821
46,switch_d4,regime_marginal,1.0,observed,transit_rough,transition,288,6,0,42,6,240,0.0,0.0,0.0,0.14893617021276595,0.024129317036259246,0.16666666666666666,6,0.5833333333333334,12,0.34444444444444444,1.0,1.0,0.3333333333333333,0.0,0.0,30,0.13333333333333333,56.737588652482266
46,switch_d4,regime_marginal,1.0,observed,transit_rough,stable,1872,48,10,12,38,1812,0.45454545454545453,0.20833333333333334,0.2857142857142857,0.006578947368421052,0.2565828593952456,0.625,48,0.020833333333333332,96,0.015625,1.0,1.0,0.3333333333333333,0.20833333333333334,0.20833333333333334,66,0.045454545454545456,6.030701754385965
46,switch_d4,regime_marginal,0.2,clean,all,all,6480,0,0,174,0,6306,0.0,,0.0,0.026851851851851852,,,0,,0,0.06481481481481481,1.0,1.0,,,,288,0.04861111111111111,10.185185185185185
46,switch_d4,regime_marginal,0.2,clean,all,transition,864,0,0,118,0,746,0.0,,0.0,0.13657407407407407,,,0,,0,0.3333333333333333,1.0,1.0,,,,60,0.11666666666666667,43.98148148148148
46,switch_d4,regime_marginal,0.2,clean,all,stable,5616,0,0,56,0,5560,0.0,,0.0,0.009971509971509971,,,0,,0,0.023504273504273504,1.0,1.0,,,,228,0.03070175438596491,4.985754985754986
46,switch_d4,regime_marginal,0.2,clean,warehouse,all,2160,0,0,64,0,2096,0.0,,0.0,0.02962962962962963,,,0,,0,0.07222222222222222,1.0,1.0,,,,78,0.02564102564102564,12.037037037037036
46,switch_d4,regime_marginal,0.2,clean,warehouse,transition,288,0,0,37,0,251,0.0,,0.0,0.1284722222222222,,,0,,0,0.3229166666666667,1.0,1.0,,,,0,,41.666666666666664
46,switch_d4,regime_marginal,0.2,clean,warehouse,stable,1872,0,0,27,0,1845,0.0,,0.0,0.014423076923076924,,,0,,0,0.03365384615384615,1.0,1.0,,,,78,0.02564102564102564,7.478632478632479
46,switch_d4,regime_marginal,0.2,clean,transit_smooth,all,2160,0,0,51,0,2109,0.0,,0.0,0.02361111111111111,,,0,,0,0.05416666666666667,1.0,1.0,,,,114,0.03508771929824561,8.333333333333334
46,switch_d4,regime_marginal,0.2,clean,transit_smooth,transition,288,0,0,44,0,244,0.0,,0.0,0.1527777777777778,,,0,,0,0.3333333333333333,1.0,1.0,,,,30,0.13333333333333333,48.611111111111114
46,switch_d4,regime_marginal,0.2,clean,transit_smooth,stable,1872,0,0,7,0,1865,0.0,,0.0,0.0037393162393162395,,,0,,0,0.011217948717948718,1.0,1.0,,,,84,0.0,2.1367521367521367
46,switch_d4,regime_marginal,0.2,clean,transit_rough,all,2160,0,0,59,0,2101,0.0,,0.0,0.027314814814814816,,,0,,0,0.06805555555555555,1.0,1.0,,,,96,0.08333333333333333,10.185185185185185
46,switch_d4,regime_marginal,0.2,clean,transit_rough,transition,288,0,0,37,0,251,0.0,,0.0,0.1284722222222222,,,0,,0,0.34375,1.0,1.0,,,,30,0.1,41.666666666666664
46,switch_d4,regime_marginal,0.2,clean,transit_rough,stable,1872,0,0,22,0,1850,0.0,,0.0,0.011752136752136752,,,0,,0,0.02564102564102564,1.0,1.0,,,,66,0.07575757575757576,5.3418803418803416
46,switch_d4,regime_marginal,0.2,observed,all,all,6480,216,90,194,126,6070,0.31690140845070425,0.4166666666666667,0.36,0.030970625798212005,0.18712688044021067,0.8194444444444444,216,0.016203703703703703,432,0.07818930041152264,1.0,1.0,0.3333333333333333,0.4166666666666667,0.4166666666666667,288,0.13541666666666666,10.057471264367816
46,switch_d4,regime_marginal,0.2,observed,all,transition,864,6,0,124,6,734,0.0,0.0,0.0,0.1445221445221445,0.009088298926326606,0.3333333333333333,6,0.5833333333333334,12,0.32978723404255317,1.0,1.0,0.3333333333333333,0.0,0.0,60,0.23333333333333334,43.12354312354312
46,switch_d4,regime_marginal,0.2,observed,all,stable,5616,210,90,70,120,5336,0.5625,0.42857142857142855,0.4864864864864865,0.012948575656677765,0.4362223113669687,0.8333333333333334,210,0.0,420,0.035499398315282794,1.0,1.0,0.3333333333333333,0.42857142857142855,0.42857142857142855,228,0.10964912280701754,4.8094709581945985
46,switch_d4,regime_marginal,0.2,observed,warehouse,all,2160,84,50,72,34,2004,0.4098360655737705,0.5952380952380952,0.4854368932038835,0.03468208092485549,0.28963981400638084,0.9047619047619048,84,0.0,168,0.08962264150943396,1.0,1.0,0.3333333333333333,0.5952380952380952,0.5952380952380952,78,0.1794871794871795,12.042389210019268
46,switch_d4,regime_marginal,0.2,observed,warehouse,transition,288,0,0,37,0,251,0.0,,0.0,0.1284722222222222,,,0,,0,0.3229166666666667,1.0,1.0,,,,0,,41.666666666666664
46,switch_d4,regime_marginal,0.2,observed,warehouse,stable,1872,84,50,35,34,1753,0.5882352941176471,0.5952380952380952,0.591715976331361,0.019574944071588368,0.5588561447517141,0.9047619047619048,84,0.0,168,0.04814814814814815,1.0,1.0,0.3333333333333333,0.5952380952380952,0.5952380952380952,78,0.1794871794871795,7.27069351230425
46,switch_d4,regime_marginal,0.2,observed,transit_smooth,all,2160,78,31,62,47,2020,0.3333333333333333,0.3974358974358974,0.36257309941520466,0.029779058597502402,0.1998436326832382,0.8717948717948718,78,0.0,156,0.06853582554517133,1.0,1.0,0.33333333333333326,0.3974358974358974,0.3974358974358974,114,0.13157894736842105,9.125840537944285
46,switch_d4,regime_marginal,0.2,observed,transit_smooth,transition,288,0,0,50,0,238,0.0,,0.0,0.1736111111111111,,,0,,0,0.3333333333333333,1.0,1.0,,,,30,0.3333333333333333,48.611111111111114
46,switch_d4,regime_marginal,0.2,observed,transit_smooth,stable,1872,78,31,12,47,1782,0.7209302325581395,0.3974358974358974,0.512396694214876,0.006688963210702341,0.4958607944454306,0.8717948717948718,78,0.0,156,0.02197802197802198,1.0,1.0,0.33333333333333326,0.3974358974358974,0.3974358974358974,84,0.05952380952380952,2.787068004459309
46,switch_d4,regime_marginal,0.2,observed,transit_rough,all,2160,54,9,60,45,2046,0.13043478260869565,0.16666666666666666,0.14634146341463414,0.02849002849002849,0.07899449377343708,0.6111111111111112,54,0.06481481481481481,108,0.07657657657657657,1.0,1.0,0.3333333333333332,0.16666666666666666,0.16666666666666666,96,0.10416666666666667,9.02184235517569
46,switch_d4,regime_marginal,0.2,observed,transit_rough,transition,288,6,0,37,6,245,0.0,0.0,0.0,0.13120567375886524,0.026818518605521455,0.3333333333333333,6,0.5833333333333334,12,0.3333333333333333,1.0,1.0,0.3333333333333333,0.0,0.0,30,0.13333333333333333,39.00709219858156
46,switch_d4,regime_marginal,0.2,observed,transit_rough,stable,1872,48,9,23,39,1801,0.28125,0.1875,0.225,0.012609649122807017,0.1897755106373919,0.6458333333333334,48,0.0,96,0.036458333333333336,1.0,1.0,0.3333333333333333,0.1875,0.1875,66,0.09090909090909091,4.385964912280702
46,switch_d4,regime_conditional,1.0,clean,all,all,6480,0,0,209,0,6271,0.0,,0.0,0.03225308641975309,,,0,,0,0.06851851851851852,1.0,1.0,,,,288,0.05555555555555555,17.59259259259259
46,switch_d4,regime_conditional,1.0,clean,all,transition,864,0,0,156,0,708,0.0,,0.0,0.18055555555555555,,,0,,0,0.3402777777777778,1.0,1.0,,,,60,0.25,70.60185185185185
46,switch_d4,regime_conditional,1.0,clean,all,stable,5616,0,0,53,0,5563,0.0,,0.0,0.009437321937321937,,,0,,0,0.026709401709401708,1.0,1.0,,,,228,0.0043859649122807015,9.437321937321938
46,switch_d4,regime_conditional,1.0,clean,warehouse,all,2160,0,0,54,0,2106,0.0,,0.0,0.025,,,0,,0,0.06527777777777778,1.0,1.0,,,,78,0.0,13.425925925925926
46,switch_d4,regime_conditional,1.0,clean,warehouse,transition,288,0,0,37,0,251,0.0,,0.0,0.1284722222222222,,,0,,0,0.3333333333333333,1.0,1.0,,,,0,,41.666666666666664
46,switch_d4,regime_conditional,1.0,clean,warehouse,stable,1872,0,0,17,0,1855,0.0,,0.0,0.009081196581196582,,,0,,0,0.02403846153846154,1.0,1.0,,,,78,0.0,9.081196581196581
46,switch_d4,regime_conditional,1.0,clean,transit_smooth,all,2160,0,0,85,0,2075,0.0,,0.0,0.03935185185185185,,,0,,0,0.06944444444444445,1.0,1.0,,,,114,0.08771929824561403,19.444444444444443
46,switch_d4,regime_conditional,1.0,clean,transit_smooth,transition,288,0,0,67,0,221,0.0,,0.0,0.2326388888888889,,,0,,0,0.3333333333333333,1.0,1.0,,,,30,0.3333333333333333,83.33333333333333
46,switch_d4,regime_conditional,1.0,clean,transit_smooth,stable,1872,0,0,18,0,1854,0.0,,0.0,0.009615384615384616,,,0,,0,0.028846153846153848,1.0,1.0,,,,84,0.0,9.615384615384615
46,switch_d4,regime_conditional,1.0,clean,transit_rough,all,2160,0,0,70,0,2090,0.0,,0.0,0.032407407407407406,,,0,,0,0.07083333333333333,1.0,1.0,,,,96,0.0625,19.90740740740741
46,switch_d4,regime_conditional,1.0,clean,transit_rough,transition,288,0,0,52,0,236,0.0,,0.0,0.18055555555555555,,,0,,0,0.3541666666666667,1.0,1.0,,,,30,0.16666666666666666,86.80555555555556
46,switch_d4,regime_conditional,1.0,clean,transit_rough,stable,1872,0,0,18,0,1854,0.0,,0.0,0.009615384615384616,,,0,,0,0.027243589743589744,1.0,1.0,,,,66,0.015151515151515152,9.615384615384615
46,switch_d4,regime_conditional,1.0,observed,all,all,6480,216,82,217,134,6047,0.27424749163879597,0.37962962962962965,0.31844660194174756,0.034642401021711365,0.1797052477593689,0.7731481481481481,216,0.04398148148148148,432,0.07150205761316872,1.0,1.0,0.3333333333333333,0.37962962962962965,0.32407407407407407,288,0.05555555555555555,18.997445721583652
46,switch_d4,regime_conditional,1.0,observed,all,transition,864,6,2,157,4,701,0.012578616352201259,0.3333333333333333,0.024242424242424242,0.18298368298368298,0.018672513358901688,0.0,6,0.4166666666666667,12,0.3333333333333333,1.0,1.0,0.3333333333333333,0.3333333333333333,0.0,60,0.25,72.26107226107226
46,switch_d4,regime_conditional,1.0,observed,all,stable,5616,210,80,60,130,5346,0.5714285714285714,0.38095238095238093,0.45714285714285713,0.011098779134295227,0.45430604589733253,0.7952380952380952,210,0.03333333333333333,420,0.02707581227436823,1.0,1.0,0.3333333333333333,0.38095238095238093,0.3333333333333333,228,0.0043859649122807015,10.543840177580465
46,switch_d4,regime_conditional,1.0,observed,warehouse,all,2160,84,33,55,51,2021,0.375,0.39285714285714285,0.38372093023255816,0.026493256262042388,0.23865364578420292,0.8333333333333334,84,0.03571428571428571,168,0.06918238993710692,1.0,1.0,0.3333333333333333,0.39285714285714285,0.3333333333333333,78,0.0,13.96917148362235
46,switch_d4,regime_conditional,1.0,observed,warehouse,transition,288,0,0,37,0,251,0.0,,0.0,0.1284722222222222,,,0,,0,0.3333333333333333,1.0,1.0,,,,0,,41.666666666666664
46,switch_d4,regime_conditional,1.0,observed,warehouse,stable,1872,84,33,18,51,1770,0.6470588235294118,0.39285714285714285,0.4888888888888889,0.010067114093959731,0.5020024420486701,0.8333333333333334,84,0.03571428571428571,168,0.022222222222222223,1.0,1.0,0.3333333333333333,0.39285714285714285,0.3333333333333333,78,0.0,9.507829977628635
46,switch_d4,regime_conditional,1.0,observed,transit_smooth,all,2160,78,32,88,46,1994,0.26666666666666666,0.41025641025641024,0.32323232323232326,0.04226705091258405,0.17360024313342928,0.8076923076923077,78,0.03205128205128205,156,0.07476635514018691,1.0,1.0,0.33333333333333326,0.41025641025641024,0.3717948717948718,114,0.08771929824561403,21.133525456292027
46,switch_d4,regime_conditional,1.0,observed,transit_smooth,transition,288,0,0,67,0,221,0.0,,0.0,0.2326388888888889,,,0,,0,0.3333333333333333,1.0,1.0,,,,30,0.3333333333333333,83.33333333333333
46,switch_d4,regime_conditional,1.0,observed,transit_smooth,stable,1872,78,32,21,46,1773,0.6037735849056604,0.41025641025641024,0.48854961832061067,0.011705685618729096,0.4640293337699363,0.8076923076923077,78,0.03205128205128205,156,0.029304029304029304,1.0,1.0,0.33333333333333326,0.41025641025641024,0.3717948717948718,84,0.0,11.148272017837236
46,switch_d4,regime_conditional,1.0,observed,transit_rough,all,2160,54,17,74,37,2032,0.18681318681318682,0.3148148148148148,0.23448275862068965,0.03513770180436847,0.1392332902432768,0.6296296296296297,54,0.07407407407407407,108,0.07057057057057058,1.0,1.0,0.3333333333333332,0.3148148148148148,0.24074074074074073,96,0.0625,21.84235517568851
46,switch_d4,regime_conditional,1.0,observed,transit_rough,transition,288,6,2,53,4,229,0.03636363636363636,0.3333333333333333,0.06557377049180328,0.1879432624113475,0.05604564993487443,0.0,6,0.4166666666666667,12,0.3333333333333333,1.0,1.0,0.3333333333333333,0.3333333333333333,0.0,30,0.16666666666666666,92.19858156028369
46,switch_d4,regime_conditional,1.0,observed,transit_rough,stable,1872,48,15,21,33,1803,0.4166666666666667,0.3125,0.35714285714285715,0.011513157894736841,0.3807775243992035,0.7083333333333334,48,0.03125,96,0.029513888888888888,1.0,1.0,0.3333333333333333,0.3125,0.2708333333333333,66,0.015151515151515152,10.964912280701755
46,switch_d4,regime_conditional,0.2,clean,all,all,6480,0,0,205,0,6275,0.0,,0.0,0.031635802469135804,,,0,,0,0.07037037037037037,1.0,1.0,,,,288,0.05555555555555555,14.04320987654321
46,switch_d4,regime_conditional,0.2,clean,all,transition,864,0,0,152,0,712,0.0,,0.0,0.17592592592592593,,,0,,0,0.34375,1.0,1.0,,,,60,0.23333333333333334,56.71296296296296
46,switch_d4,regime_conditional,0.2,clean,all,stable,5616,0,0,53,0,5563,0.0,,0.0,0.009437321937321937,,,0,,0,0.028311965811965812,1.0,1.0,,,,228,0.008771929824561403,7.478632478632479
46,switch_d4,regime_conditional,0.2,clean,warehouse,all,2160,0,0,65,0,2095,0.0,,0.0,0.03009259259259259,,,0,,0,0.06805555555555555,1.0,1.0,,,,78,0.01282051282051282,12.962962962962964
46,switch_d4,regime_conditional,0.2,clean,warehouse,transition,288,0,0,48,0,240,0.0,,0.0,0.16666666666666666,,,0,,0,0.3333333333333333,1.0,1.0,,,,0,,55.55555555555556
46,switch_d4,regime_conditional,0.2,clean,warehouse,stable,1872,0,0,17,0,1855,0.0,,0.0,0.009081196581196582,,,0,,0,0.027243589743589744,1.0,1.0,,,,78,0.01282051282051282,6.410256410256411
46,switch_d4,regime_conditional,0.2,clean,transit_smooth,all,2160,0,0,83,0,2077,0.0,,0.0,0.038425925925925926,,,0,,0,0.07083333333333333,1.0,1.0,,,,114,0.07894736842105263,15.277777777777779
46,switch_d4,regime_conditional,0.2,clean,transit_smooth,transition,288,0,0,64,0,224,0.0,,0.0,0.2222222222222222,,,0,,0,0.3333333333333333,1.0,1.0,,,,30,0.3,65.97222222222223
46,switch_d4,regime_conditional,0.2,clean,transit_smooth,stable,1872,0,0,19,0,1853,0.0,,0.0,0.01014957264957265,,,0,,0,0.030448717948717948,1.0,1.0,,,,84,0.0,7.478632478632479
46,switch_d4,regime_conditional,0.2,clean,transit_rough,all,2160,0,0,57,0,2103,0.0,,0.0,0.02638888888888889,,,0,,0,0.07222222222222222,1.0,1.0,,,,96,0.0625,13.88888888888889
46,switch_d4,regime_conditional,0.2,clean,transit_rough,transition,288,0,0,40,0,248,0.0,,0.0,0.1388888888888889,,,0,,0,0.3645833333333333,1.0,1.0,,,,30,0.16666666666666666,48.611111111111114
46,switch_d4,regime_conditional,0.2,clean,transit_rough,stable,1872,0,0,17,0,1855,0.0,,0.0,0.009081196581196582,,,0,,0,0.027243589743589744,1.0,1.0,,,,66,0.015151515151515152,8.547008547008547
46,switch_d4,regime_conditional,0.2,observed,all,all,6480,216,154,316,62,5948,0.3276595744680851,0.7129629629629629,0.4489795918367347,0.05044699872286079,0.2649023497233466,0.8101851851851852,216,0.12962962962962962,432,0.10339506172839506,1.0,1.0,0.3333333333333333,0.7129629629629629,0.5277777777777778,288,0.2222222222222222,16.602809706257982
46,switch_d4,regime_conditional,0.2,observed,all,transition,864,6,3,155,3,703,0.0189873417721519,0.5,0.036585365853658534,0.18065268065268064,0.018503857549219405,0.3333333333333333,6,0.3333333333333333,12,0.34397163120567376,1.0,1.0,0.3333333333333333,0.5,0.0,60,0.23333333333333334,54.77855477855478
46,switch_d4,regime_conditional,0.2,observed,all,stable,5616,210,151,161,59,5245,0.483974358974359,0.719047619047619,0.578544061302682,0.029781724010358862,0.6043478676253885,0.8238095238095238,210,0.12380952380952381,420,0.06257521058965103,1.0,1.0,0.3333333333333333,0.719047619047619,0.5428571428571428,228,0.21929824561403508,10.543840177580465
46,switch_d4,regime_conditional,0.2,observed,warehouse,all,2160,84,61,101,23,1975,0.3765432098765432,0.7261904761904762,0.4959349593495935,0.04865125240847784,0.35962566579835964,0.9047619047619048,84,0.13095238095238096,168,0.0959119496855346,1.0,1.0,0.3333333333333333,0.7261904761904762,0.5357142857142857,78,0.2564102564102564,16.377649325626205
46,switch_d4,regime_conditional,0.2,observed,warehouse,transition,288,0,0,48,0,240,0.0,,0.0,0.16666666666666666,,,0,,0,0.3333333333333333,1.0,1.0,,,,0,,55.55555555555556
46,switch_d4,regime_conditional,0.2,observed,warehouse,stable,1872,84,61,53,23,1735,0.5350877192982456,0.7261904761904762,0.6161616161616161,0.0296420581655481,0.6972399434702434,0.9047619047619048,84,0.13095238095238096,168,0.053703703703703705,1.0,1.0,0.3333333333333333,0.7261904761904762,0.5357142857142857,78,0.2564102564102564,10.06711409395973
46,switch_d4,regime_conditional,0.2,observed,transit_smooth,all,2160,78,57,107,21,1975,0.3475609756097561,0.7307692307692307,0.47107438016528924,0.05139289145052834,0.26677957088415816,0.8974358974358975,78,0.03205128205128205,156,0.10903426791277258,1.0,1.0,0.33333333333333326,0.7307692307692307,0.7051282051282052,114,0.24561403508771928,15.36983669548511
46,switch_d4,regime_conditional,0.2,observed,transit_smooth,transition,288,0,0,64,0,224,0.0,,0.0,0.2222222222222222,,,0,,0,0.3333333333333333,1.0,1.0,,,,30,0.3,52.083333333333336
46,switch_d4,regime_conditional,0.2,observed,transit_smooth,stable,1872,78,57,43,21,1751,0.57,0.7307692307692307,0.6404494382022472,0.023968784838350056,0.6908740937883093,0.8974358974358975,78,0.03205128205128205,156,0.0695970695970696,1.0,1.0,0.33333333333333326,0.7307692307692307,0.7051282051282052,84,0.2261904761904762,9.47603121516165
46,switch_d4,regime_conditional,0.2,observed,transit_rough,all,2160,54,36,108,18,1998,0.25,0.6666666666666666,0.36363636363636365,0.05128205128205128,0.17542426562967708,0.5370370370370371,54,0.26851851851851855,108,0.10510510510510511,1.0,1.0,0.3333333333333332,0.6666666666666666,0.25925925925925924,96,0.16666666666666666,18.04368471035138
46,switch_d4,regime_conditional,0.2,observed,transit_rough,transition,288,6,3,43,3,239,0.06521739130434782,0.5,0.11538461538461539,0.1524822695035461,0.05936395122348513,0.3333333333333333,6,0.3333333333333333,12,0.36666666666666664,1.0,1.0,0.3333333333333333,0.5,0.0,30,0.16666666666666666,56.737588652482266
46,switch_d4,regime_conditional,0.2,observed,transit_rough,stable,1872,48,33,65,15,1759,0.336734693877551,0.6875,0.4520547945205479,0.0356359649122807,0.3543641476827343,0.5625,48,0.2604166666666667,96,0.0642361111111111,1.0,1.0,0.3333333333333333,0.6875,0.2916666666666667,66,0.16666666666666666,12.06140350877193
46,switch_d12,regime_marginal,1.0,clean,all,all,6480,0,0,519,0,5961,0.0,,0.0,0.08009259259259259,,,0,,0,0.15648148148148147,1.0,1.0,,,,288,0.1076388888888889,21.450617283950617
46,switch_d12,regime_marginal,1.0,clean,all,transition,864,0,0,465,0,399,0.0,,0.0,0.5381944444444444,,,0,,0,1.0,1.0,1.0,,,,60,0.45,101.85185185185185
46,switch_d12,regime_marginal,1.0,clean,all,stable,5616,0,0,54,0,5562,0.0,,0.0,0.009615384615384616,,,0,,0,0.026709401709401708,1.0,1.0,,,,228,0.017543859649122806,9.081196581196581
46,switch_d12,regime_marginal,1.0,clean,warehouse,all,2160,0,0,188,0,1972,0.0,,0.0,0.08703703703703704,,,0,,0,0.16944444444444445,1.0,1.0,,,,78,0.01282051282051282,25.0
46,switch_d12,regime_marginal,1.0,clean,warehouse,transition,288,0,0,160,0,128,0.0,,0.0,0.5555555555555556,,,0,,0,1.0,1.0,1.0,,,,0,,97.22222222222223
46,switch_d12,regime_marginal,1.0,clean,warehouse,stable,1872,0,0,28,0,1844,0.0,,0.0,0.014957264957264958,,,0,,0,0.041666666666666664,1.0,1.0,,,,78,0.01282051282051282,13.88888888888889
46,switch_d12,regime_marginal,1.0,clean,transit_smooth,all,2160,0,0,185,0,1975,0.0,,0.0,0.08564814814814815,,,0,,0,0.15,1.0,1.0,,,,114,0.14912280701754385,19.444444444444443
46,switch_d12,regime_marginal,1.0,clean,transit_smooth,transition,288,0,0,172,0,116,0.0,,0.0,0.5972222222222222,,,0,,0,1.0,1.0,1.0,,,,30,0.5666666666666667,100.69444444444444
46,switch_d12,regime_marginal,1.0,clean,transit_smooth,stable,1872,0,0,13,0,1859,0.0,,0.0,0.006944444444444444,,,0,,0,0.019230769230769232,1.0,1.0,,,,84,0.0,6.944444444444445
46,switch_d12,regime_marginal,1.0,clean,transit_rough,all,2160,0,0,146,0,2014,0.0,,0.0,0.06759259259259259,,,0,,0,0.15,1.0,1.0,,,,96,0.13541666666666666,19.90740740740741
46,switch_d12,regime_marginal,1.0,clean,transit_rough,transition,288,0,0,133,0,155,0.0,,0.0,0.4618055555555556,,,0,,0,1.0,1.0,1.0,,,,30,0.3333333333333333,107.63888888888889
46,switch_d12,regime_marginal,1.0,clean,transit_rough,stable,1872,0,0,13,0,1859,0.0,,0.0,0.006944444444444444,,,0,,0,0.019230769230769232,1.0,1.0,,,,66,0.045454545454545456,6.410256410256411
46,switch_d12,regime_marginal,1.0,observed,all,all,6480,216,51,515,165,5749,0.09010600706713781,0.2361111111111111,0.13043478260869565,0.08221583652618135,0.07707299571880581,0.7453703703703703,216,0.032407407407407406,432,0.16769547325102882,1.0,1.0,0.3333333333333333,0.2361111111111111,0.23148148148148148,288,0.1076388888888889,21.711366538952745
46,switch_d12,regime_marginal,1.0,observed,all,transition,864,6,0,463,6,395,0.0,0.0,0.0,0.5396270396270396,0.00458136963381114,0.0,6,0.8333333333333334,12,1.0,1.0,1.0,0.3333333333333333,0.0,0.0,60,0.45,101.3986013986014
46,switch_d12,regime_marginal,1.0,observed,all,stable,5616,210,51,52,159,5354,0.49514563106796117,0.24285714285714285,0.3258785942492013,0.009618941916389198,0.33833383948471835,0.7666666666666667,210,0.009523809523809525,420,0.026474127557160047,1.0,1.0,0.3333333333333333,0.24285714285714285,0.23809523809523808,228,0.017543859649122806,9.064002959674436
46,switch_d12,regime_marginal,1.0,observed,warehouse,all,2160,84,27,187,57,1889,0.1261682242990654,0.32142857142857145,0.18120805369127516,0.09007707129094412,0.10089973715144857,0.7857142857142857,84,0.005952380952380952,168,0.18867924528301888,1.0,1.0,0.3333333333333333,0.32142857142857145,0.30952380952380953,78,0.01282051282051282,25.529865125240846
46,switch_d12,regime_marginal,1.0,observed,warehouse,transition,288,0,0,160,0,128,0.0,,0.0,0.5555555555555556,,,0,,0,1.0,1.0,1.0,,,,0,,97.22222222222223
46,switch_d12,regime_marginal,1.0,observed,warehouse,stable,1872,84,27,27,57,1761,0.5,0.32142857142857145,0.391304347826087,0.015100671140939598,0.4010488876955065,0.7857142857142857,84,0.005952380952380952,168,0.044444444444444446,1.0,1.0,0.3333333333333333,0.32142857142857145,0.30952380952380953,78,0.01282051282051282,13.982102908277405
46,switch_d12,regime_marginal,1.0,observed,transit_smooth,all,2160,78,14,185,64,1897,0.07035175879396985,0.1794871794871795,0.10108303249097472,0.0888568683957733,0.08663594967881662,0.8333333333333334,78,0.00641025641025641,156,0.16666666666666666,1.0,1.0,0.33333333333333326,0.1794871794871795,0.1794871794871795,114,0.14912280701754385,20.172910662824208
46,switch_d12,regime_marginal,1.0,observed,transit_smooth,transition,288,0,0,172,0,116,0.0,,0.0,0.5972222222222222,,,0,,0,1.0,1.0,1.0,,,,30,0.5666666666666667,100.69444444444444
46,switch_d12,regime_marginal,1.0,observed,transit_smooth,stable,1872,78,14,13,64,1781,0.5185185185185185,0.1794871794871795,0.26666666666666666,0.007246376811594203,0.3439506112276332,0.8333333333333334,78,0.00641025641025641,156,0.020146520146520148,1.0,1.0,0.33333333333333326,0.1794871794871795,0.1794871794871795,84,0.0,7.246376811594203
46,switch_d12,regime_marginal,1.0,observed,transit_rough,all,2160,54,10,143,44,1963,0.06535947712418301,0.18518518518518517,0.0966183574879227,0.06790123456790123,0.046147838921717955,0.5555555555555556,54,0.1111111111111111,108,0.14864864864864866,1.0,1.0,0.3333333333333332,0.18518518518518517,0.18518518518518517,96,0.13541666666666666,19.4681861348528
46,switch_d12,regime_marginal,1.0,observed,transit_rough,transition,288,6,0,131,6,151,0.0,0.0,0.0,0.4645390070921986,0.013861535002956182,0.0,6,0.8333333333333334,12,1.0,1.0,1.0,0.3333333333333333,0.0,0.0,30,0.3333333333333333,106.38297872340425
46,switch_d12,regime_marginal,1.0,observed,transit_rough,stable,1872,48,10,12,38,1812,0.45454545454545453,0.20833333333333334,0.2857142857142857,0.006578947368421052,0.2565828593952456,0.625,48,0.020833333333333332,96,0.015625,1.0,1.0,0.3333333333333333,0.20833333333333334,0.20833333333333334,66,0.045454545454545456,6.030701754385965
46,switch_d12,regime_marginal,0.2,clean,all,all,6480,0,0,531,0,5949,0.0,,0.0,0.08194444444444444,,,0,,0,0.15046296296296297,1.0,1.0,,,,288,0.13194444444444445,12.345679012345679
46,switch_d12,regime_marginal,0.2,clean,all,transition,864,0,0,480,0,384,0.0,,0.0,0.5555555555555556,,,0,,0,0.9930555555555556,1.0,1.0,,,,60,0.5166666666666667,61.342592592592595
46,switch_d12,regime_marginal,0.2,clean,all,stable,5616,0,0,51,0,5565,0.0,,0.0,0.009081196581196582,,,0,,0,0.020833333333333332,1.0,1.0,,,,228,0.03070175438596491,4.8076923076923075
46,switch_d12,regime_marginal,0.2,clean,warehouse,all,2160,0,0,186,0,1974,0.0,,0.0,0.08611111111111111,,,0,,0,0.1597222222222222,1.0,1.0,,,,78,0.02564102564102564,13.425925925925926
46,switch_d12,regime_marginal,0.2,clean,warehouse,transition,288,0,0,160,0,128,0.0,,0.0,0.5555555555555556,,,0,,0,0.9895833333333334,1.0,1.0,,,,0,,55.55555555555556
46,switch_d12,regime_marginal,0.2,clean,warehouse,stable,1872,0,0,26,0,1846,0.0,,0.0,0.013888888888888888,,,0,,0,0.03205128205128205,1.0,1.0,,,,78,0.02564102564102564,6.944444444444445
46,switch_d12,regime_marginal,0.2,clean,transit_smooth,all,2160,0,0,182,0,1978,0.0,,0.0,0.08425925925925926,,,0,,0,0.14166666666666666,1.0,1.0,,,,114,0.17543859649122806,10.648148148148149
46,switch_d12,regime_marginal,0.2,clean,transit_smooth,transition,288,0,0,176,0,112,0.0,,0.0,0.6111111111111112,,,0,,0,1.0,1.0,1.0,,,,30,0.6666666666666666,65.97222222222223
46,switch_d12,regime_marginal,0.2,clean,transit_smooth,stable,1872,0,0,6,0,1866,0.0,,0.0,0.003205128205128205,,,0,,0,0.009615384615384616,1.0,1.0,,,,84,0.0,2.1367521367521367
46,switch_d12,regime_marginal,0.2,clean,transit_rough,all,2160,0,0,163,0,1997,0.0,,0.0,0.07546296296296297,,,0,,0,0.15,1.0,1.0,,,,96,0.16666666666666666,12.962962962962964
46,switch_d12,regime_marginal,0.2,clean,transit_rough,transition,288,0,0,144,0,144,0.0,,0.0,0.5,,,0,,0,0.9895833333333334,1.0,1.0,,,,30,0.36666666666666664,62.5
46,switch_d12,regime_marginal,0.2,clean,transit_rough,stable,1872,0,0,19,0,1853,0.0,,0.0,0.01014957264957265,,,0,,0,0.020833333333333332,1.0,1.0,,,,66,0.07575757575757576,5.3418803418803416
46,switch_d12,regime_marginal,0.2,observed,all,all,6480,216,90,549,126,5715,0.14084507042253522,0.4166666666666667,0.21052631578947367,0.08764367816091954,0.09099888948850217,0.8101851851851852,216,0.02546296296296296,432,0.17232510288065844,1.0,1.0,0.3333333333333333,0.4166666666666667,0.4166666666666667,288,0.21875,12.611749680715198
46,switch_d12,regime_marginal,0.2,observed,all,transition,864,6,0,484,6,374,0.0,0.0,0.0,0.5641025641025641,0.004266812424418243,0.0,6,0.9166666666666666,12,0.9964539007092199,1.0,1.0,0.3333333333333333,0.0,0.0,60,0.6333333333333333,62.93706293706294
46,switch_d12,regime_marginal,0.2,observed,all,stable,5616,210,90,65,120,5341,0.5806451612903226,0.42857142857142855,0.4931506849315068,0.012023677395486496,0.44369190085885435,0.8333333333333334,210,0.0,420,0.032490974729241874,1.0,1.0,0.3333333333333333,0.42857142857142855,0.42857142857142855,228,0.10964912280701754,4.624491305956345
46,switch_d12,regime_marginal,0.2,observed,warehouse,all,2160,84,50,194,34,1882,0.20491803278688525,0.5952380952380952,0.3048780487804878,0.09344894026974952,0.13717705094726848,0.9047619047619048,84,0.0,168,0.18867924528301888,1.0,1.0,0.3333333333333333,0.5952380952380952,0.5952380952380952,78,0.1794871794871795,13.48747591522158
46,switch_d12,regime_marginal,0.2,observed,warehouse,transition,288,0,0,160,0,128,0.0,,0.0,0.5555555555555556,,,0,,0,0.9895833333333334,1.0,1.0,,,,0,,55.55555555555556
46,switch_d12,regime_marginal,0.2,observed,warehouse,stable,1872,84,50,34,34,1754,0.5952380952380952,0.5952380952380952,0.5952380952380952,0.01901565995525727,0.5609106073009742,0.9047619047619048,84,0.0,168,0.046296296296296294,1.0,1.0,0.3333333333333333,0.5952380952380952,0.5952380952380952,78,0.1794871794871795,6.7114093959731544
46,switch_d12,regime_marginal,0.2,observed,transit_smooth,all,2160,78,31,193,47,1889,0.13839285714285715,0.3974358974358974,0.2052980132450331,0.09269932756964457,0.09542997464635257,0.8717948717948718,78,0.0,156,0.16666666666666666,1.0,1.0,0.33333333333333326,0.3974358974358974,0.3974358974358974,114,0.2719298245614035,11.047070124879923
46,switch_d12,regime_marginal,0.2,observed,transit_smooth,transition,288,0,0,182,0,106,0.0,,0.0,0.6319444444444444,,,0,,0,1.0,1.0,1.0,,,,30,0.8666666666666667,62.5
46,switch_d12,regime_marginal,0.2,observed,transit_smooth,stable,1872,78,31,11,47,1783,0.7380952380952381,0.3974358974358974,0.5166666666666667,0.006131549609810479,0.5004344709308384,0.8717948717948718,78,0.0,156,0.020146520146520148,1.0,1.0,0.33333333333333326,0.3974358974358974,0.3974358974358974,84,0.05952380952380952,2.787068004459309
46,switch_d12,regime_marginal,0.2,observed,transit_rough,all,2160,54,9,162,45,1944,0.05263157894736842,0.16666666666666666,0.08,0.07692307692307693,0.047383102418196016,0.5740740740740741,54,0.10185185185185185,108,0.16216216216216217,1.0,1.0,0.3333333333333332,0.16666666666666666,0.16666666666666666,96,0.1875,13.295346628679962
46,switch_d12,regime_marginal,0.2,observed,transit_rough,transition,288,6,0,142,6,140,0.0,0.0,0.0,0.5035460992907801,0.013074237581306268,0.0,6,0.9166666666666666,12,1.0,1.0,1.0,0.3333333333333333,0.0,0.0,30,0.4,70.92198581560284
46,switch_d12,regime_marginal,0.2,observed,transit_rough,stable,1872,48,9,20,39,1804,0.3103448275862069,0.1875,0.23376623376623376,0.010964912280701754,0.2025818692104208,0.6458333333333334,48,0.0,96,0.03125,1.0,1.0,0.3333333333333333,0.1875,0.1875,66,0.09090909090909091,4.385964912280702
46,switch_d12,regime_conditional,1.0,clean,all,all,6480,0,0,493,0,5987,0.0,,0.0,0.07608024691358024,,,0,,0,0.15648148148148147,1.0,1.0,,,,288,0.1076388888888889,22.067901234567902
46,switch_d12,regime_conditional,1.0,clean,all,transition,864,0,0,440,0,424,0.0,,0.0,0.5092592592592593,,,0,,0,1.0,1.0,1.0,,,,60,0.5,104.16666666666667
46,switch_d12,regime_conditional,1.0,clean,all,stable,5616,0,0,53,0,5563,0.0,,0.0,0.009437321937321937,,,0,,0,0.026709401709401708,1.0,1.0,,,,228,0.0043859649122807015,9.437321937321938
46,switch_d12,regime_conditional,1.0,clean,warehouse,all,2160,0,0,125,0,2035,0.0,,0.0,0.05787037037037037,,,0,,0,0.15416666666666667,1.0,1.0,,,,78,0.0,16.666666666666668
46,switch_d12,regime_conditional,1.0,clean,warehouse,transition,288,0,0,108,0,180,0.0,,0.0,0.375,,,0,,0,1.0,1.0,1.0,,,,0,,65.97222222222223
46,switch_d12,regime_conditional,1.0,clean,warehouse,stable,1872,0,0,17,0,1855,0.0,,0.0,0.009081196581196582,,,0,,0,0.02403846153846154,1.0,1.0,,,,78,0.0,9.081196581196581
46,switch_d12,regime_conditional,1.0,clean,transit_smooth,all,2160,0,0,219,0,1941,0.0,,0.0,0.10138888888888889,,,0,,0,0.15833333333333333,1.0,1.0,,,,114,0.20175438596491227,24.537037037037038
46,switch_d12,regime_conditional,1.0,clean,transit_smooth,transition,288,0,0,201,0,87,0.0,,0.0,0.6979166666666666,,,0,,0,1.0,1.0,1.0,,,,30,0.7666666666666667,121.52777777777777
46,switch_d12,regime_conditional,1.0,clean,transit_smooth,stable,1872,0,0,18,0,1854,0.0,,0.0,0.009615384615384616,,,0,,0,0.028846153846153848,1.0,1.0,,,,84,0.0,9.615384615384615
46,switch_d12,regime_conditional,1.0,clean,transit_rough,all,2160,0,0,149,0,2011,0.0,,0.0,0.06898148148148148,,,0,,0,0.15694444444444444,1.0,1.0,,,,96,0.08333333333333333,25.0
46,switch_d12,regime_conditional,1.0,clean,transit_rough,transition,288,0,0,131,0,157,0.0,,0.0,0.4548611111111111,,,0,,0,1.0,1.0,1.0,,,,30,0.23333333333333334,125.0
46,switch_d12,regime_conditional,1.0,clean,transit_rough,stable,1872,0,0,18,0,1854,0.0,,0.0,0.009615384615384616,,,0,,0,0.027243589743589744,1.0,1.0,,,,66,0.015151515151515152,9.615384615384615
46,switch_d12,regime_conditional,1.0,observed,all,all,6480,216,84,500,132,5764,0.14383561643835616,0.3888888888888889,0.21,0.07982120051085569,0.10510130316547377,0.7731481481481481,216,0.046296296296296294,432,0.16820987654320987,1.0,1.0,0.3333333333333333,0.3888888888888889,0.32407407407407407,288,0.1076388888888889,23.467432950191572
46,switch_d12,regime_conditional,1.0,observed,all,transition,864,6,4,440,2,418,0.009009009009009009,0.6666666666666666,0.017777777777777778,0.5128205128205128,0.008008767947603834,0.0,6,0.5,12,1.0,1.0,1.0,0.3333333333333333,0.6666666666666666,0.0,60,0.5,104.8951048951049
46,switch_d12,regime_conditional,1.0,observed,all,stable,5616,210,80,60,130,5346,0.5714285714285714,0.38095238095238093,0.45714285714285713,0.011098779134295227,0.45430604589733253,0.7952380952380952,210,0.03333333333333333,420,0.02707581227436823,1.0,1.0,0.3333333333333333,0.38095238095238093,0.3333333333333333,228,0.0043859649122807015,10.543840177580465
46,switch_d12,regime_conditional,1.0,observed,warehouse,all,2160,84,33,126,51,1950,0.20754716981132076,0.39285714285714285,0.2716049382716049,0.06069364161849711,0.1420262776971052,0.8333333333333334,84,0.03571428571428571,168,0.16981132075471697,1.0,1.0,0.3333333333333333,0.39285714285714285,0.3333333333333333,78,0.0,17.341040462427745
46,switch_d12,regime_conditional,1.0,observed,warehouse,transition,288,0,0,108,0,180,0.0,,0.0,0.375,,,0,,0,1.0,1.0,1.0,,,,0,,65.97222222222223
46,switch_d12,regime_conditional,1.0,observed,warehouse,stable,1872,84,33,18,51,1770,0.6470588235294118,0.39285714285714285,0.4888888888888889,0.010067114093959731,0.5020024420486701,0.8333333333333334,84,0.03571428571428571,168,0.022222222222222223,1.0,1.0,0.3333333333333333,0.39285714285714285,0.3333333333333333,78,0.0,9.507829977628635
46,switch_d12,regime_conditional,1.0,observed,transit_smooth,all,2160,78,32,222,46,1860,0.12598425196850394,0.41025641025641024,0.1927710843373494,0.10662824207492795,0.0959264285789718,0.8076923076923077,78,0.03205128205128205,156,0.17445482866043613,1.0,1.0,0.33333333333333326,0.41025641025641024,0.3717948717948718,114,0.20175438596491227,26.416906820365032
46,switch_d12,regime_conditional,1.0,observed,transit_smooth,transition,288,0,0,201,0,87,0.0,,0.0,0.6979166666666666,,,0,,0,1.0,1.0,1.0,,,,30,0.7666666666666667,121.52777777777777
46,switch_d12,regime_conditional,1.0,observed,transit_smooth,stable,1872,78,32,21,46,1773,0.6037735849056604,0.41025641025641024,0.48854961832061067,0.011705685618729096,0.4640293337699363,0.8076923076923077,78,0.03205128205128205,156,0.029304029304029304,1.0,1.0,0.33333333333333326,0.41025641025641024,0.3717948717948718,84,0.0,11.148272017837236
46,switch_d12,regime_conditional,1.0,observed,transit_rough,all,2160,54,19,152,35,1954,0.1111111111111111,0.35185185185185186,0.1688888888888889,0.0721747388414055,0.08801155010854712,0.6296296296296297,54,0.08333333333333333,108,0.16066066066066065,1.0,1.0,0.3333333333333332,0.35185185185185186,0.24074074074074073,96,0.08333333333333333,26.590693257359924
46,switch_d12,regime_conditional,1.0,observed,transit_rough,transition,288,6,4,131,2,151,0.02962962962962963,0.6666666666666666,0.05673758865248227,0.4645390070921986,0.026546621143538823,0.0,6,0.5,12,1.0,1.0,1.0,0.3333333333333333,0.6666666666666666,0.0,30,0.23333333333333334,127.65957446808511
46,switch_d12,regime_conditional,1.0,observed,transit_rough,stable,1872,48,15,21,33,1803,0.4166666666666667,0.3125,0.35714285714285715,0.011513157894736841,0.3807775243992035,0.7083333333333334,48,0.03125,96,0.029513888888888888,1.0,1.0,0.3333333333333333,0.3125,0.2708333333333333,66,0.015151515151515152,10.964912280701755
46,switch_d12,regime_conditional,0.2,clean,all,all,6480,0,0,607,0,5873,0.0,,0.0,0.09367283950617283,,,0,,0,0.1550925925925926,1.0,1.0,,,,288,0.125,15.277777777777779
46,switch_d12,regime_conditional,0.2,clean,all,transition,864,0,0,560,0,304,0.0,,0.0,0.6481481481481481,,,0,,0,1.0,1.0,1.0,,,,60,0.5666666666666667,70.60185185185185
46,switch_d12,regime_conditional,0.2,clean,all,stable,5616,0,0,47,0,5569,0.0,,0.0,0.00836894586894587,,,0,,0,0.025106837606837608,1.0,1.0,,,,228,0.008771929824561403,6.766381766381766
46,switch_d12,regime_conditional,0.2,clean,warehouse,all,2160,0,0,194,0,1966,0.0,,0.0,0.08981481481481482,,,0,,0,0.15833333333333333,1.0,1.0,,,,78,0.01282051282051282,12.962962962962964
46,switch_d12,regime_conditional,0.2,clean,warehouse,transition,288,0,0,176,0,112,0.0,,0.0,0.6111111111111112,,,0,,0,1.0,1.0,1.0,,,,0,,55.55555555555556
46,switch_d12,regime_conditional,0.2,clean,warehouse,stable,1872,0,0,18,0,1854,0.0,,0.0,0.009615384615384616,,,0,,0,0.028846153846153848,1.0,1.0,,,,78,0.01282051282051282,6.410256410256411
46,switch_d12,regime_conditional,0.2,clean,transit_smooth,all,2160,0,0,245,0,1915,0.0,,0.0,0.11342592592592593,,,0,,0,0.15416666666666667,1.0,1.0,,,,114,0.23684210526315788,18.51851851851852
46,switch_d12,regime_conditional,0.2,clean,transit_smooth,transition,288,0,0,230,0,58,0.0,,0.0,0.7986111111111112,,,0,,0,1.0,1.0,1.0,,,,30,0.9,93.75
46,switch_d12,regime_conditional,0.2,clean,transit_smooth,stable,1872,0,0,15,0,1857,0.0,,0.0,0.008012820512820512,,,0,,0,0.02403846153846154,1.0,1.0,,,,84,0.0,6.944444444444445
46,switch_d12,regime_conditional,0.2,clean,transit_rough,all,2160,0,0,168,0,1992,0.0,,0.0,0.07777777777777778,,,0,,0,0.1527777777777778,1.0,1.0,,,,96,0.08333333333333333,14.351851851851851
46,switch_d12,regime_conditional,0.2,clean,transit_rough,transition,288,0,0,154,0,134,0.0,,0.0,0.5347222222222222,,,0,,0,1.0,1.0,1.0,,,,30,0.23333333333333334,62.5
46,switch_d12,regime_conditional,0.2,clean,transit_rough,stable,1872,0,0,14,0,1858,0.0,,0.0,0.007478632478632479,,,0,,0,0.022435897435897436,1.0,1.0,,,,66,0.015151515151515152,6.944444444444445
46,switch_d12,regime_conditional,0.2,observed,all,all,6480,216,155,719,61,5545,0.17734553775743708,0.7175925925925926,0.28440366972477066,0.11478288633461048,0.12247270200718989,0.8009259259259259,216,0.13425925925925927,432,0.19547325102880658,1.0,1.0,0.3333333333333333,0.7175925925925926,0.5231481481481481,288,0.3020833333333333,17.56066411238825
46,switch_d12,regime_conditional,0.2,observed,all,transition,864,6,5,564,1,294,0.008787346221441126,0.8333333333333334,0.017391304347826087,0.6573426573426573,0.006831800670437102,0.0,6,0.5,12,1.0,1.0,1.0,0.3333333333333333,0.8333333333333334,0.0,60,0.6166666666666667,66.43356643356644
46,switch_d12,regime_conditional,0.2,observed,all,stable,5616,210,150,155,60,5251,0.4918032786885246,0.7142857142857143,0.5825242718446602,0.028671846096929337,0.6058983129914931,0.8238095238095238,210,0.12380952380952381,420,0.05896510228640193,1.0,1.0,0.3333333333333333,0.7142857142857143,0.5380952380952381,228,0.21929824561403508,9.803921568627452
46,switch_d12,regime_conditional,0.2,observed,warehouse,all,2160,84,61,230,23,1846,0.20962199312714777,0.7261904761904762,0.3253333333333333,0.11078998073217726,0.15218644310726934,0.9047619047619048,84,0.13095238095238096,168,0.19811320754716982,1.0,1.0,0.3333333333333333,0.7261904761904762,0.5357142857142857,78,0.2564102564102564,16.377649325626205
46,switch_d12,regime_conditional,0.2,observed,warehouse,transition,288,0,0,176,0,112,0.0,,0.0,0.6111111111111112,,,0,,0,1.0,1.0,1.0,,,,0,,55.55555555555556
46,switch_d12,regime_conditional,0.2,observed,warehouse,stable,1872,84,61,54,23,1734,0.5304347826086957,0.7261904761904762,0.6130653266331658,0.030201342281879196,0.6975799871818636,0.9047619047619048,84,0.13095238095238096,168,0.05555555555555555,1.0,1.0,0.3333333333333333,0.7261904761904762,0.5357142857142857,78,0.2564102564102564,10.06711409395973
46,switch_d12,regime_conditional,0.2,observed,transit_smooth,all,2160,78,57,266,21,1816,0.17647058823529413,0.7307692307692307,0.28428927680798005,0.12776176753121998,0.11891677488951313,0.8974358974358975,78,0.03205128205128205,156,0.20249221183800623,1.0,1.0,0.33333333333333326,0.7307692307692307,0.7051282051282052,114,0.37719298245614036,19.21229586935639
46,switch_d12,regime_conditional,0.2,observed,transit_smooth,transition,288,0,0,227,0,61,0.0,,0.0,0.7881944444444444,,,0,,0,1.0,1.0,1.0,,,,30,0.8,83.33333333333333
46,switch_d12,regime_conditional,0.2,observed,transit_smooth,stable,1872,78,57,39,21,1755,0.59375,0.7307692307692307,0.6551724137931034,0.021739130434782608,0.6925742353324471,0.8974358974358975,78,0.03205128205128205,156,0.06227106227106227,1.0,1.0,0.33333333333333326,0.7307692307692307,0.7051282051282052,84,0.2261904761904762,8.918617614269788
46,switch_d12,regime_conditional,0.2,observed,transit_rough,all,2160,54,37,223,17,1883,0.1423076923076923,0.6851851851851852,0.2356687898089172,0.10588793922127256,0.09655509363169976,0.5,54,0.28703703703703703,108,0.18618618618618618,1.0,1.0,0.3333333333333332,0.6851851851851852,0.24074074074074073,96,0.25,17.094017094017094
46,switch_d12,regime_conditional,0.2,observed,transit_rough,transition,288,6,5,161,1,121,0.030120481927710843,0.8333333333333334,0.05813953488372093,0.5709219858156028,0.02539685545993304,0.0,6,0.5,12,1.0,1.0,1.0,0.3333333333333333,0.8333333333333334,0.0,30,0.43333333333333335,60.283687943262414
46,switch_d12,regime_conditional,0.2,observed,transit_rough,stable,1872,48,32,62,16,1762,0.3404255319148936,0.6666666666666666,0.4507042253521127,0.03399122807017544,0.358520610847361,0.5625,48,0.2604166666666667,96,0.059027777777777776,1.0,1.0,0.3333333333333333,0.6666666666666666,0.2708333333333333,66,0.16666666666666666,10.416666666666666
