scenario,method,alpha,view,regime,window,f1_mean,f1_std,f1_count,recall_mean,recall_std,recall_count,precision_mean,precision_std,precision_count,average_precision_mean,average_precision_std,average_precision_count,clean_channel_fpr_mean,clean_channel_fpr_std,clean_channel_fpr_count,bystander_fpr_mean,bystander_fpr_std,bystander_fpr_count,top1_localization_mean,top1_localization_std,top1_localization_count,top1_random_baseline_mean,top1_random_baseline_std,top1_random_baseline_count,all_faults_row_recall_mean,all_faults_row_recall_std,all_faults_row_recall_count,exact_fault_set_rate_mean,exact_fault_set_rate_std,exact_fault_set_rate_count,score_coverage_mean,score_coverage_std,score_coverage_count,post_event_fpr_mean,post_event_fpr_std,post_event_fpr_count,false_onsets_per_1000_clean_cells_mean,false_onsets_per_1000_clean_cells_std,false_onsets_per_1000_clean_cells_count
steady_k2,regime_conditional,0.2,clean,all,all,0.0,0.0,5,,,0,0.0,0.0,5,,,0,0.0007407407407407411,0.004485142452552886,5,,,0,,,0,,,0,,,0,,,0,0.0,0.0,5,-0.0012937894920523885,0.011450335723332582,5,-3.8271604938271606,1.4160579934511686,5
steady_k2,regime_conditional,0.2,clean,all,stable,0.0,0.0,5,,,0,0.0,0.0,5,,,0,0.0007407407407407411,0.004485142452552886,5,,,0,,,0,,,0,,,0,,,0,0.0,0.0,5,-0.0012937894920523885,0.011450335723332582,5,-3.8271604938271606,1.4160579934511686,5
steady_k2,regime_conditional,0.2,clean,transit_rough,all,0.0,0.0,5,,,0,0.0,0.0,5,,,0,0.0018518518518518517,0.0038595675927159873,5,,,0,,,0,,,0,,,0,,,0,0.0,0.0,5,-0.0008641975308641976,0.00870348480593312,5,-2.8703703703703702,1.0036797865129077,5
steady_k2,regime_conditional,0.2,clean,transit_rough,stable,0.0,0.0,5,,,0,0.0,0.0,5,,,0,0.0018518518518518517,0.0038595675927159873,5,,,0,,,0,,,0,,,0,,,0,0.0,0.0,5,-0.0008641975308641976,0.00870348480593312,5,-2.8703703703703702,1.0036797865129077,5
steady_k2,regime_conditional,0.2,clean,transit_smooth,all,0.0,0.0,5,,,0,0.0,0.0,5,,,0,-0.0007407407407407406,0.007040995475353653,5,,,0,,,0,,,0,,,0,,,0,0.0,0.0,5,-0.0072939068100358415,0.010986393638578248,5,-4.2592592592592595,2.8800612990732946,5
steady_k2,regime_conditional,0.2,clean,transit_smooth,stable,0.0,0.0,5,,,0,0.0,0.0,5,,,0,-0.0007407407407407406,0.007040995475353653,5,,,0,,,0,,,0,,,0,,,0,0.0,0.0,5,-0.0072939068100358415,0.010986393638578248,5,-4.2592592592592595,2.8800612990732946,5
steady_k2,regime_conditional,0.2,clean,warehouse,all,0.0,0.0,5,,,0,0.0,0.0,5,,,0,0.0011111111111111107,0.0099110844682142,5,,,0,,,0,,,0,,,0,,,0,0.0,0.0,5,0.004424603174603175,0.025037110864279233,5,-4.351851851851852,4.7732357106600025,5
steady_k2,regime_conditional,0.2,clean,warehouse,stable,0.0,0.0,5,,,0,0.0,0.0,5,,,0,0.0011111111111111107,0.0099110844682142,5,,,0,,,0,,,0,,,0,,,0,0.0,0.0,5,0.004424603174603175,0.025037110864279233,5,-4.351851851851852,4.7732357106600025,5
steady_k2,regime_conditional,0.2,observed,all,all,0.049139421166316165,0.05209681137819051,5,0.23055555555555554,0.055834561745592315,5,-0.1779744133594911,0.04082497711397783,5,0.03818517618017549,0.04940939636382654,5,0.028769841269841268,0.00447346205637192,5,0.15833333333333335,0.04947425928663907,5,-0.03518518518518521,0.04750730937913078,5,0.0,0.0,5,0.2777777777777778,0.04822376540740662,5,0.16203703703703703,0.05791664816294816,5,0.0,0.0,5,0.23219577390127752,0.054004263246322404,5,-2.1494708994708986,1.8225370109993884,5
steady_k2,regime_conditional,0.2,observed,all,stable,0.049139421166316165,0.05209681137819051,5,0.23055555555555554,0.055834561745592315,5,-0.1779744133594911,0.04082497711397783,5,0.03818517618017549,0.04940939636382654,5,0.028769841269841268,0.00447346205637192,5,0.15833333333333335,0.04947425928663907,5,-0.03518518518518521,0.04750730937913078,5,0.0,0.0,5,0.2777777777777778,0.04822376540740662,5,0.16203703703703703,0.05791664816294816,5,0.0,0.0,5,0.23219577390127752,0.054004263246322404,5,-2.1494708994708986,1.8225370109993884,5
steady_k2,regime_conditional,0.2,observed,transit_rough,all,-0.006327900019624045,0.05673109261468295,5,0.18055555555555558,0.05126674673692156,5,-0.21806170180244985,0.0560113967265136,5,0.0001665096713451719,0.05995036050003185,5,0.030853174603174605,0.00463199108330506,5,0.14722222222222223,0.04668815642769891,5,-0.01944444444444442,0.053431622393531504,5,0.0,0.0,5,0.21388888888888888,0.028800612990732936,5,0.12222222222222219,0.052337343559491004,5,0.0,0.0,5,0.23863977072310405,0.06248717145605753,5,-1.1904761904761902,3.5179807989081633,5
steady_k2,regime_conditional,0.2,observed,transit_rough,stable,-0.006327900019624045,0.05673109261468295,5,0.18055555555555558,0.05126674673692156,5,-0.21806170180244985,0.0560113967265136,5,0.0001665096713451719,0.05995036050003185,5,0.030853174603174605,0.00463199108330506,5,0.14722222222222223,0.04668815642769891,5,-0.01944444444444442,0.053431622393531504,5,0.0,0.0,5,0.21388888888888888,0.028800612990732936,5,0.12222222222222219,0.052337343559491004,5,0.0,0.0,5,0.23863977072310405,0.06248717145605753,5,-1.1904761904761902,3.5179807989081633,5
steady_k2,regime_conditional,0.2,observed,transit_smooth,all,0.08377955552828169,0.10015478583868281,5,0.23888888888888887,0.07293319918397845,5,-0.14983166182679794,0.09721637892712585,5,0.07002951982796332,0.09075014518435288,5,0.025595238095238095,0.00868834684357592,5,0.16111111111111112,0.0881698347116882,5,-0.07222222222222222,0.06164539172547815,5,0.0,0.0,5,0.2694444444444445,0.0719009950308044,5,0.1388888888888889,0.09001028747788693,5,0.0,0.0,5,0.2160599078341014,0.10220738344143827,5,-2.7777777777777777,1.8757609524989125,5
steady_k2,regime_conditional,0.2,observed,transit_smooth,stable,0.08377955552828169,0.10015478583868281,5,0.23888888888888887,0.07293319918397845,5,-0.14983166182679794,0.09721637892712585,5,0.07002951982796332,0.09075014518435288,5,0.025595238095238095,0.00868834684357592,5,0.16111111111111112,0.0881698347116882,5,-0.07222222222222222,0.06164539172547815,5,0.0,0.0,5,0.2694444444444445,0.0719009950308044,5,0.1388888888888889,0.09001028747788693,5,0.0,0.0,5,0.2160599078341014,0.10220738344143827,5,-2.7777777777777777,1.8757609524989125,5
steady_k2,regime_conditional,0.2,observed,warehouse,all,0.08359277995629072,0.12472193411834777,5,0.27222222222222225,0.10559209893749005,5,-0.13992647326793511,0.13190842117780927,5,0.06710910290036881,0.10689117998212198,5,0.02986111111111111,0.014454879145677772,5,0.16666666666666669,0.038036288715636545,5,-0.013888888888888862,0.038036288715636545,5,0.0,0.0,5,0.35,0.07757911135427188,5,0.225,0.09075727362613635,5,0.0,0.0,5,0.24218253968253967,0.11443696739019354,5,-2.48015873015873,7.5226938929082845,5
steady_k2,regime_conditional,0.2,observed,warehouse,stable,0.08359277995629072,0.12472193411834777,5,0.27222222222222225,0.10559209893749005,5,-0.13992647326793511,0.13190842117780927,5,0.06710910290036881,0.10689117998212198,5,0.02986111111111111,0.014454879145677772,5,0.16666666666666669,0.038036288715636545,5,-0.013888888888888862,0.038036288715636545,5,0.0,0.0,5,0.35,0.07757911135427188,5,0.225,0.09075727362613635,5,0.0,0.0,5,0.24218253968253967,0.11443696739019354,5,-2.48015873015873,7.5226938929082845,5
steady_k2,regime_marginal,0.2,clean,all,all,0.0,0.0,5,,,0,0.0,0.0,5,,,0,0.003734567901234568,0.00709993951643405,5,,,0,,,0,,,0,,,0,,,0,0.0,0.0,5,0.005928597868601923,0.009716823637829337,5,-4.691358024691358,1.856988760060657,5
steady_k2,regime_marginal,0.2,clean,all,stable,0.0,0.0,5,,,0,0.0,0.0,5,,,0,0.003734567901234568,0.00709993951643405,5,,,0,,,0,,,0,,,0,,,0,0.0,0.0,5,0.005928597868601923,0.009716823637829337,5,-4.691358024691358,1.856988760060657,5
steady_k2,regime_marginal,0.2,clean,transit_rough,all,0.0,0.0,5,,,0,0.0,0.0,5,,,0,0.004074074074074075,0.008160501998464373,5,,,0,,,0,,,0,,,0,,,0,0.0,0.0,5,-0.0001642416225749569,0.010861186890398148,5,-4.9074074074074066,2.2347256270642903,5
steady_k2,regime_marginal,0.2,clean,transit_rough,stable,0.0,0.0,5,,,0,0.0,0.0,5,,,0,0.004074074074074075,0.008160501998464373,5,,,0,,,0,,,0,,,0,,,0,0.0,0.0,5,-0.0001642416225749569,0.010861186890398148,5,-4.9074074074074066,2.2347256270642903,5
steady_k2,regime_marginal,0.2,clean,transit_smooth,all,0.0,0.0,4,,,0,0.0,0.0,4,,,0,-0.0042592592592592595,0.004384726108352435,5,,,0,,,0,,,0,,,0,,,0,0.0,0.0,5,0.0023809523809523807,0.005323971374999499,5,-5.462962962962964,3.4396621520382795,5
steady_k2,regime_marginal,0.2,clean,transit_smooth,stable,0.0,0.0,4,,,0,0.0,0.0,4,,,0,-0.0042592592592592595,0.004384726108352435,5,,,0,,,0,,,0,,,0,,,0,0.0,0.0,5,0.0023809523809523807,0.005323971374999499,5,-5.462962962962964,3.4396621520382795,5
steady_k2,regime_marginal,0.2,clean,warehouse,all,0.0,0.0,5,,,0,0.0,0.0,5,,,0,0.011388888888888888,0.017147138199200954,5,,,0,,,0,,,0,,,0,,,0,0.0,0.0,5,0.015287698412698414,0.022104111878477634,5,-3.7037037037037033,3.354485357914222,5
steady_k2,regime_marginal,0.2,clean,warehouse,stable,0.0,0.0,5,,,0,0.0,0.0,5,,,0,0.011388888888888888,0.017147138199200954,5,,,0,,,0,,,0,,,0,,,0,0.0,0.0,5,0.015287698412698414,0.022104111878477634,5,-3.7037037037037033,3.354485357914222,5
steady_k2,regime_marginal,0.2,observed,all,all,0.11403764892452539,0.041364545494958216,5,0.15694444444444444,0.03632120743779544,5,-0.048456931781117055,0.03766346494351095,5,0.03717280707542995,0.027031241859423235,5,0.010416666666666668,0.00664159979113589,5,-0.0027777777777777775,0.015562718809232972,5,-0.022222222222222233,0.030952804908234773,5,0.0,0.0,5,0.19537037037037036,0.0397447704283977,5,0.19537037037037036,0.0397447704283977,5,0.0,0.0,5,0.08158186658828778,0.03019841795513179,5,-4.9603174603174605,1.3533982757725607,5
steady_k2,regime_marginal,0.2,observed,all,stable,0.11403764892452539,0.041364545494958216,5,0.15694444444444444,0.03632120743779544,5,-0.048456931781117055,0.03766346494351095,5,0.03717280707542995,0.027031241859423235,5,0.010416666666666668,0.00664159979113589,5,-0.0027777777777777775,0.015562718809232972,5,-0.022222222222222233,0.030952804908234773,5,0.0,0.0,5,0.19537037037037036,0.0397447704283977,5,0.19537037037037036,0.0397447704283977,5,0.0,0.0,5,0.08158186658828778,0.03019841795513179,5,-4.9603174603174605,1.3533982757725607,5
steady_k2,regime_marginal,0.2,observed,transit_rough,all,0.08214642201517072,0.04243778941551659,5,0.12638888888888888,0.06540324821095059,5,-0.04889153158325267,0.03695429585377131,5,0.02939422192672243,0.03363660733727487,5,0.010119047619047618,0.008124933377636426,5,-0.005555555555555555,0.018633899812498245,5,-0.011111111111111094,0.04750730937913076,5,0.0,0.0,5,0.16111111111111112,0.06101634065691333,5,0.16111111111111112,0.06101634065691333,5,0.0,0.0,5,0.05711750440917107,0.025253249356436233,5,-5.158730158730159,2.0026417895026145,5
steady_k2,regime_marginal,0.2,observed,transit_rough,stable,0.08214642201517072,0.04243778941551659,5,0.12638888888888888,0.06540324821095059,5,-0.04889153158325267,0.03695429585377131,5,0.02939422192672243,0.03363660733727487,5,0.010119047619047618,0.008124933377636426,5,-0.005555555555555555,0.018633899812498245,5,-0.011111111111111094,0.04750730937913076,5,0.0,0.0,5,0.16111111111111112,0.06101634065691333,5,0.16111111111111112,0.06101634065691333,5,0.0,0.0,5,0.05711750440917107,0.025253249356436233,5,-5.158730158730159,2.0026417895026145,5
steady_k2,regime_marginal,0.2,observed,transit_smooth,all,0.1373633554745753,0.1030062501489082,5,0.13611111111111113,0.0979142040667476,5,0.07093261124167027,0.13621570886599302,5,0.07502050575798483,0.09673002452365866,5,0.0017857142857142859,0.007072584770887926,5,0.0,0.019641855032959652,5,-0.02777777777777781,0.03105649968749713,5,0.0,0.0,5,0.16944444444444445,0.07569125885243728,5,0.16944444444444445,0.07569125885243728,5,0.0,0.0,5,0.07253968253968254,0.06455179599623181,5,-5.654761904761904,3.1293274396006945,5
steady_k2,regime_marginal,0.2,observed,transit_smooth,stable,0.1373633554745753,0.1030062501489082,5,0.13611111111111113,0.0979142040667476,5,0.07093261124167027,0.13621570886599302,5,0.07502050575798483,0.09673002452365866,5,0.0017857142857142859,0.007072584770887926,5,0.0,0.019641855032959652,5,-0.02777777777777781,0.03105649968749713,5,0.0,0.0,5,0.16944444444444445,0.07569125885243728,5,0.16944444444444445,0.07569125885243728,5,0.0,0.0,5,0.07253968253968254,0.06455179599623181,5,-5.654761904761904,3.1293274396006945,5
steady_k2,regime_marginal,0.2,observed,warehouse,all,0.12620070744066333,0.09790987193253278,5,0.20833333333333334,0.0706492706575549,5,-0.08154769685292777,0.1130384445062853,5,0.05228436786630528,0.07122882584928421,5,0.019345238095238096,0.01430774315660313,5,-0.0027777777777777775,0.02060055135304351,5,-0.02777777777777779,0.035409857733283236,5,0.0,0.0,5,0.2555555555555556,0.10918468892796415,5,0.2555555555555556,0.10918468892796415,5,0.0,0.0,5,0.11188492063492064,0.04479057626245758,5,-4.067460317460316,3.0049863553295553,5
steady_k2,regime_marginal,0.2,observed,warehouse,stable,0.12620070744066333,0.09790987193253278,5,0.20833333333333334,0.0706492706575549,5,-0.08154769685292777,0.1130384445062853,5,0.05228436786630528,0.07122882584928421,5,0.019345238095238096,0.01430774315660313,5,-0.0027777777777777775,0.02060055135304351,5,-0.02777777777777779,0.035409857733283236,5,0.0,0.0,5,0.2555555555555556,0.10918468892796415,5,0.2555555555555556,0.10918468892796415,5,0.0,0.0,5,0.11188492063492064,0.04479057626245758,5,-4.067460317460316,3.0049863553295553,5
steady_m05,regime_conditional,0.2,clean,all,all,0.0,0.0,5,,,0,0.0,0.0,5,,,0,0.0007407407407407411,0.004485142452552886,5,,,0,,,0,,,0,,,0,,,0,0.0,0.0,5,-0.002220162619098789,0.007645461084415803,5,-3.8271604938271606,1.4160579934511686,5
steady_m05,regime_conditional,0.2,clean,all,stable,0.0,0.0,5,,,0,0.0,0.0,5,,,0,0.0007407407407407411,0.004485142452552886,5,,,0,,,0,,,0,,,0,,,0,0.0,0.0,5,-0.002220162619098789,0.007645461084415803,5,-3.8271604938271606,1.4160579934511686,5
steady_m05,regime_conditional,0.2,clean,transit_rough,all,0.0,0.0,5,,,0,0.0,0.0,5,,,0,0.0018518518518518517,0.0038595675927159873,5,,,0,,,0,,,0,,,0,,,0,0.0,0.0,5,0.005286935286935288,0.013990031436839714,5,-2.8703703703703702,1.0036797865129077,5
steady_m05,regime_conditional,0.2,clean,transit_rough,stable,0.0,0.0,5,,,0,0.0,0.0,5,,,0,0.0018518518518518517,0.0038595675927159873,5,,,0,,,0,,,0,,,0,,,0,0.0,0.0,5,0.005286935286935288,0.013990031436839714,5,-2.8703703703703702,1.0036797865129077,5
steady_m05,regime_conditional,0.2,clean,transit_smooth,all,0.0,0.0,5,,,0,0.0,0.0,5,,,0,-0.0007407407407407406,0.007040995475353653,5,,,0,,,0,,,0,,,0,,,0,0.0,0.0,5,-0.012202380952380952,0.01835853632534659,5,-4.2592592592592595,2.8800612990732946,5
steady_m05,regime_conditional,0.2,clean,transit_smooth,stable,0.0,0.0,5,,,0,0.0,0.0,5,,,0,-0.0007407407407407406,0.007040995475353653,5,,,0,,,0,,,0,,,0,,,0,0.0,0.0,5,-0.012202380952380952,0.01835853632534659,5,-4.2592592592592595,2.8800612990732946,5
steady_m05,regime_conditional,0.2,clean,warehouse,all,0.0,0.0,5,,,0,0.0,0.0,5,,,0,0.0011111111111111107,0.0099110844682142,5,,,0,,,0,,,0,,,0,,,0,0.0,0.0,5,-0.00029761904761904727,0.01826784647550465,5,-4.351851851851852,4.7732357106600025,5
steady_m05,regime_conditional,0.2,clean,warehouse,stable,0.0,0.0,5,,,0,0.0,0.0,5,,,0,0.0011111111111111107,0.0099110844682142,5,,,0,,,0,,,0,,,0,,,0,0.0,0.0,5,-0.00029761904761904727,0.01826784647550465,5,-4.351851851851852,4.7732357106600025,5
steady_m05,regime_conditional,0.2,observed,all,all,0.03770912158756652,0.03408970500964115,5,0.02777777777777778,0.022680460581325723,5,0.058474618303103944,0.068275682058075,5,0.02673252850712444,0.021654116071862677,5,0.0022030651340996165,0.004279786193467871,5,0.012962962962962963,0.012846700856955192,5,0.08425925925925927,0.04028043839658556,5,0.0,0.0,5,0.02777777777777778,0.022680460581325723,5,0.02685185185185185,0.025230419617479096,5,0.0,0.0,5,8.346306867323996e-05,0.007910757082671844,5,-3.480204342273308,1.1807063912580196,5
steady_m05,regime_conditional,0.2,observed,all,stable,0.03770912158756652,0.03408970500964115,5,0.02777777777777778,0.022680460581325723,5,0.058474618303103944,0.068275682058075,5,0.02673252850712444,0.021654116071862677,5,0.0022030651340996165,0.004279786193467871,5,0.012962962962962963,0.012846700856955192,5,0.08425925925925927,0.04028043839658556,5,0.0,0.0,5,0.02777777777777778,0.022680460581325723,5,0.02685185185185185,0.025230419617479096,5,0.0,0.0,5,8.346306867323996e-05,0.007910757082671844,5,-3.480204342273308,1.1807063912580196,5
steady_m05,regime_conditional,0.2,observed,transit_rough,all,0.03499523307241946,0.02873183145389469,5,0.02777777777777778,0.021960261528947082,5,0.040713102085197815,0.04638239029582118,5,0.02889946504231951,0.017684396282880037,5,0.0031609195402298854,0.0028655699811593093,5,-0.004166666666666667,0.009316949906249122,5,0.125,0.11197580205970206,5,0.0,0.0,5,0.02777777777777778,0.021960261528947082,5,0.030555555555555558,0.022821773229381923,5,0.0,0.0,5,0.012112332112332114,0.012392230066520654,5,-2.490421455938697,1.2850965387929831,5
steady_m05,regime_conditional,0.2,observed,transit_rough,stable,0.03499523307241946,0.02873183145389469,5,0.02777777777777778,0.021960261528947082,5,0.040713102085197815,0.04638239029582118,5,0.02889946504231951,0.017684396282880037,5,0.0031609195402298854,0.0028655699811593093,5,-0.004166666666666667,0.009316949906249122,5,0.125,0.11197580205970206,5,0.0,0.0,5,0.02777777777777778,0.021960261528947082,5,0.030555555555555558,0.022821773229381923,5,0.0,0.0,5,0.012112332112332114,0.012392230066520654,5,-2.490421455938697,1.2850965387929831,5
steady_m05,regime_conditional,0.2,observed,transit_smooth,all,0.03528314726058996,0.10806933291430296,5,0.02777777777777778,0.07414637675021744,5,0.051663817663817654,0.21783824486567016,5,0.04074330391591911,0.06920340188675203,5,-0.0005747126436781603,0.008235598539732481,5,0.005555555555555556,0.019885862587883826,5,0.06388888888888891,0.07770333739277427,5,0.0,0.0,5,0.02777777777777778,0.07414637675021744,5,0.022222222222222223,0.06846531968814577,5,0.0,0.0,5,-0.01488095238095238,0.024722094830113315,5,-4.501915708812261,3.040339127989249,5
steady_m05,regime_conditional,0.2,observed,transit_smooth,stable,0.03528314726058996,0.10806933291430296,5,0.02777777777777778,0.07414637675021744,5,0.051663817663817654,0.21783824486567016,5,0.04074330391591911,0.06920340188675203,5,-0.0005747126436781603,0.008235598539732481,5,0.005555555555555556,0.019885862587883826,5,0.06388888888888891,0.07770333739277427,5,0.0,0.0,5,0.02777777777777778,0.07414637675021744,5,0.022222222222222223,0.06846531968814577,5,0.0,0.0,5,-0.01488095238095238,0.024722094830113315,5,-4.501915708812261,3.040339127989249,5
steady_m05,regime_conditional,0.2,observed,warehouse,all,0.034471366229886044,0.04702238557703713,5,0.02777777777777778,0.03105649968749708,5,0.04549674106739325,0.09900784087083464,5,0.01548760006615026,0.027353256509397534,5,0.0040229885057471255,0.011386991550755331,5,0.0375,0.029298643207956925,5,0.0638888888888889,0.06334307917217434,5,0.0,0.0,5,0.02777777777777778,0.03105649968749708,5,0.02777777777777778,0.0367465459870082,5,0.0,0.0,5,0.002976190476190477,0.021692529370704244,5,-3.4482758620689657,6.0143036689465905,5
steady_m05,regime_conditional,0.2,observed,warehouse,stable,0.034471366229886044,0.04702238557703713,5,0.02777777777777778,0.03105649968749708,5,0.04549674106739325,0.09900784087083464,5,0.01548760006615026,0.027353256509397534,5,0.0040229885057471255,0.011386991550755331,5,0.0375,0.029298643207956925,5,0.0638888888888889,0.06334307917217434,5,0.0,0.0,5,0.02777777777777778,0.03105649968749708,5,0.02777777777777778,0.0367465459870082,5,0.0,0.0,5,0.002976190476190477,0.021692529370704244,5,-3.4482758620689657,6.0143036689465905,5
steady_m05,regime_marginal,0.2,clean,all,all,0.0,0.0,5,,,0,0.0,0.0,5,,,0,0.003734567901234568,0.00709993951643405,5,,,0,,,0,,,0,,,0,,,0,0.0,0.0,5,0.002274253956272638,0.007752378512198998,5,-4.691358024691358,1.856988760060657,5
steady_m05,regime_marginal,0.2,clean,all,stable,0.0,0.0,5,,,0,0.0,0.0,5,,,0,0.003734567901234568,0.00709993951643405,5,,,0,,,0,,,0,,,0,,,0,0.0,0.0,5,0.002274253956272638,0.007752378512198998,5,-4.691358024691358,1.856988760060657,5
steady_m05,regime_marginal,0.2,clean,transit_rough,all,0.0,0.0,5,,,0,0.0,0.0,5,,,0,0.004074074074074075,0.008160501998464373,5,,,0,,,0,,,0,,,0,,,0,0.0,0.0,5,0.004806166056166057,0.010278089301527439,5,-4.9074074074074066,2.2347256270642903,5
steady_m05,regime_marginal,0.2,clean,transit_rough,stable,0.0,0.0,5,,,0,0.0,0.0,5,,,0,0.004074074074074075,0.008160501998464373,5,,,0,,,0,,,0,,,0,,,0,0.0,0.0,5,0.004806166056166057,0.010278089301527439,5,-4.9074074074074066,2.2347256270642903,5
steady_m05,regime_marginal,0.2,clean,transit_smooth,all,0.0,0.0,4,,,0,0.0,0.0,4,,,0,-0.0042592592592592595,0.004384726108352435,5,,,0,,,0,,,0,,,0,,,0,0.0,0.0,5,0.006845238095238094,0.01050135640736747,5,-5.462962962962964,3.4396621520382795,5
steady_m05,regime_marginal,0.2,clean,transit_smooth,stable,0.0,0.0,4,,,0,0.0,0.0,4,,,0,-0.0042592592592592595,0.004384726108352435,5,,,0,,,0,,,0,,,0,,,0,0.0,0.0,5,0.006845238095238094,0.01050135640736747,5,-5.462962962962964,3.4396621520382795,5
steady_m05,regime_marginal,0.2,clean,warehouse,all,0.0,0.0,5,,,0,0.0,0.0,5,,,0,0.011388888888888888,0.017147138199200954,5,,,0,,,0,,,0,,,0,,,0,0.0,0.0,5,-0.004464285714285714,0.015958043593398228,5,-3.7037037037037033,3.354485357914222,5
steady_m05,regime_marginal,0.2,clean,warehouse,stable,0.0,0.0,5,,,0,0.0,0.0,5,,,0,0.011388888888888888,0.017147138199200954,5,,,0,,,0,,,0,,,0,,,0,0.0,0.0,5,-0.004464285714285714,0.015958043593398228,5,-3.7037037037037033,3.354485357914222,5
steady_m05,regime_marginal,0.2,observed,all,all,0.007903986887051581,0.023858375012323275,5,0.005555555555555555,0.015493704195075472,5,0.015670310670529382,0.049263317192728744,5,0.0025824272532227106,0.004841850664897146,5,0.0038314176245210726,0.0073461528511133715,5,0.0023148148148148147,0.010090043850788596,5,0.09351851851851853,0.041589434595325395,5,0.0,0.0,5,0.005555555555555555,0.015493704195075472,5,0.0037037037037037034,0.016170601107937943,5,0.0,0.0,5,-6.09821620459923e-05,0.0063721536597771454,5,-4.725415070242656,1.7104847044672897,5
steady_m05,regime_marginal,0.2,observed,all,stable,0.007903986887051581,0.023858375012323275,5,0.005555555555555555,0.015493704195075472,5,0.015670310670529382,0.049263317192728744,5,0.0025824272532227106,0.004841850664897146,5,0.0038314176245210726,0.0073461528511133715,5,0.0023148148148148147,0.010090043850788596,5,0.09351851851851853,0.041589434595325395,5,0.0,0.0,5,0.005555555555555555,0.015493704195075472,5,0.0037037037037037034,0.016170601107937943,5,0.0,0.0,5,-6.09821620459923e-05,0.0063721536597771454,5,-4.725415070242656,1.7104847044672897,5
steady_m05,regime_marginal,0.2,observed,transit_rough,all,-0.002120668714903048,0.02278437193553682,5,0.0,0.019641855032959652,5,-0.007521807521807522,0.029501660781981538,5,0.0003643955004769578,0.00529879507849921,5,0.00450191570881226,0.008591372029306954,5,-0.006944444444444445,0.01098013076447354,5,0.14166666666666666,0.09840549768843529,5,0.0,0.0,5,0.0,0.019641855032959652,5,0.0,0.019641855032959652,5,0.0,0.0,5,0.0027228327228327226,0.009905511154539392,5,-4.885057471264368,2.20514644314585,5
steady_m05,regime_marginal,0.2,observed,transit_rough,stable,-0.002120668714903048,0.02278437193553682,5,0.0,0.019641855032959652,5,-0.007521807521807522,0.029501660781981538,5,0.0003643955004769578,0.00529879507849921,5,0.00450191570881226,0.008591372029306954,5,-0.006944444444444445,0.01098013076447354,5,0.14166666666666666,0.09840549768843529,5,0.0,0.0,5,0.0,0.019641855032959652,5,0.0,0.019641855032959652,5,0.0,0.0,5,0.0027228327228327226,0.009905511154539392,5,-4.885057471264368,2.20514644314585,5
steady_m05,regime_marginal,0.2,observed,transit_smooth,all,0.025851981553789573,0.08368888488285636,5,0.013888888888888886,0.04910463758239913,5,0.1451847784568373,0.3455843242979794,4,0.020230377834730102,0.04281904923939743,5,-0.004406130268199233,0.003998396832326015,5,-0.0027777777777777775,0.006211299937499415,5,0.11111111111111112,0.06054026310473156,5,0.0,0.0,5,0.013888888888888886,0.04910463758239913,5,0.013888888888888886,0.04910463758239913,5,0.0,0.0,5,0.004166666666666667,0.009316949906249122,5,-5.842911877394636,3.0926981400312146,5
steady_m05,regime_marginal,0.2,observed,transit_smooth,stable,0.025851981553789573,0.08368888488285636,5,0.013888888888888886,0.04910463758239913,5,0.1451847784568373,0.3455843242979794,4,0.020230377834730102,0.04281904923939743,5,-0.004406130268199233,0.003998396832326015,5,-0.0027777777777777775,0.006211299937499415,5,0.11111111111111112,0.06054026310473156,5,0.0,0.0,5,0.013888888888888886,0.04910463758239913,5,0.013888888888888886,0.04910463758239913,5,0.0,0.0,5,0.004166666666666667,0.009316949906249122,5,-5.842911877394636,3.0926981400312146,5
steady_m05,regime_marginal,0.2,observed,warehouse,all,0.002336065573770492,0.016233020861424335,5,0.0027777777777777775,0.015214515486254614,5,-0.0004999999999999998,0.01386442289539028,5,0.0022585797158323068,0.008178557762626383,5,0.011398467432950192,0.017242709612365275,5,0.01666666666666667,0.015987311712807414,5,0.027777777777777755,0.0644001284409424,5,0.0,0.0,5,0.0027777777777777775,0.015214515486254614,5,-0.0027777777777777775,0.006211299937499416,5,0.0,0.0,5,-0.006547619047619047,0.01202506181597436,5,-3.4482758620689653,3.410150022781206,5
steady_m05,regime_marginal,0.2,observed,warehouse,stable,0.002336065573770492,0.016233020861424335,5,0.0027777777777777775,0.015214515486254614,5,-0.0004999999999999998,0.01386442289539028,5,0.0022585797158323068,0.008178557762626383,5,0.011398467432950192,0.017242709612365275,5,0.01666666666666667,0.015987311712807414,5,0.027777777777777755,0.0644001284409424,5,0.0,0.0,5,0.0027777777777777775,0.015214515486254614,5,-0.0027777777777777775,0.006211299937499416,5,0.0,0.0,5,-0.006547619047619047,0.01202506181597436,5,-3.4482758620689653,3.410150022781206,5
steady_m1,regime_conditional,0.2,clean,all,all,0.0,0.0,5,,,0,0.0,0.0,5,,,0,0.0007407407407407411,0.004485142452552886,5,,,0,,,0,,,0,,,0,,,0,0.0,0.0,5,-0.002220162619098789,0.007645461084415803,5,-3.8271604938271606,1.4160579934511686,5
steady_m1,regime_conditional,0.2,clean,all,stable,0.0,0.0,5,,,0,0.0,0.0,5,,,0,0.0007407407407407411,0.004485142452552886,5,,,0,,,0,,,0,,,0,,,0,0.0,0.0,5,-0.002220162619098789,0.007645461084415803,5,-3.8271604938271606,1.4160579934511686,5
steady_m1,regime_conditional,0.2,clean,transit_rough,all,0.0,0.0,5,,,0,0.0,0.0,5,,,0,0.0018518518518518517,0.0038595675927159873,5,,,0,,,0,,,0,,,0,,,0,0.0,0.0,5,0.005286935286935288,0.013990031436839714,5,-2.8703703703703702,1.0036797865129077,5
steady_m1,regime_conditional,0.2,clean,transit_rough,stable,0.0,0.0,5,,,0,0.0,0.0,5,,,0,0.0018518518518518517,0.0038595675927159873,5,,,0,,,0,,,0,,,0,,,0,0.0,0.0,5,0.005286935286935288,0.013990031436839714,5,-2.8703703703703702,1.0036797865129077,5
steady_m1,regime_conditional,0.2,clean,transit_smooth,all,0.0,0.0,5,,,0,0.0,0.0,5,,,0,-0.0007407407407407406,0.007040995475353653,5,,,0,,,0,,,0,,,0,,,0,0.0,0.0,5,-0.012202380952380952,0.01835853632534659,5,-4.2592592592592595,2.8800612990732946,5
steady_m1,regime_conditional,0.2,clean,transit_smooth,stable,0.0,0.0,5,,,0,0.0,0.0,5,,,0,-0.0007407407407407406,0.007040995475353653,5,,,0,,,0,,,0,,,0,,,0,0.0,0.0,5,-0.012202380952380952,0.01835853632534659,5,-4.2592592592592595,2.8800612990732946,5
steady_m1,regime_conditional,0.2,clean,warehouse,all,0.0,0.0,5,,,0,0.0,0.0,5,,,0,0.0011111111111111107,0.0099110844682142,5,,,0,,,0,,,0,,,0,,,0,0.0,0.0,5,-0.00029761904761904727,0.01826784647550465,5,-4.351851851851852,4.7732357106600025,5
steady_m1,regime_conditional,0.2,clean,warehouse,stable,0.0,0.0,5,,,0,0.0,0.0,5,,,0,0.0011111111111111107,0.0099110844682142,5,,,0,,,0,,,0,,,0,,,0,0.0,0.0,5,-0.00029761904761904727,0.01826784647550465,5,-4.351851851851852,4.7732357106600025,5
steady_m1,regime_conditional,0.2,observed,all,all,0.20748724323875387,0.0471507895160545,5,0.19351851851851853,0.02565165773554643,5,0.19593138707561536,0.0898647772866517,5,0.15869888516585953,0.06566921054074243,5,0.004885057471264368,0.0044206822832238805,5,0.023148148148148147,0.014640174352631385,5,0.14907407407407405,0.05190556080805173,5,0.0,0.0,5,0.19351851851851853,0.02565165773554643,5,0.18333333333333335,0.029389944903896084,5,0.0,0.0,5,0.030764503712090635,0.023682387049786917,5,-3.2886334610472536,1.2241564184342792,5
steady_m1,regime_conditional,0.2,observed,all,stable,0.20748724323875387,0.0471507895160545,5,0.19351851851851853,0.02565165773554643,5,0.19593138707561536,0.0898647772866517,5,0.15869888516585953,0.06566921054074243,5,0.004885057471264368,0.0044206822832238805,5,0.023148148148148147,0.014640174352631385,5,0.14907407407407405,0.05190556080805173,5,0.0,0.0,5,0.19351851851851853,0.02565165773554643,5,0.18333333333333335,0.029389944903896084,5,0.0,0.0,5,0.030764503712090635,0.023682387049786917,5,-3.2886334610472536,1.2241564184342792,5
steady_m1,regime_conditional,0.2,observed,transit_rough,all,0.2073921089709348,0.07950571954007316,5,0.20555555555555555,0.08751102223346312,5,0.16771296351692414,0.059722473898923156,5,0.1637412129192896,0.033641824006094424,5,0.006417624521072797,0.002845488654695967,5,0.006944444444444445,0.02024636074599063,5,0.1833333333333333,0.08002700161604408,5,0.0,0.0,5,0.20555555555555555,0.08751102223346312,5,0.21388888888888888,0.08014743359029726,5,0.0,0.0,5,0.04924908424908425,0.019185161993085575,5,-2.298850574712644,1.7726777321189415,5
steady_m1,regime_conditional,0.2,observed,transit_rough,stable,0.2073921089709348,0.07950571954007316,5,0.20555555555555555,0.08751102223346312,5,0.16771296351692414,0.059722473898923156,5,0.1637412129192896,0.033641824006094424,5,0.006417624521072797,0.002845488654695967,5,0.006944444444444445,0.02024636074599063,5,0.1833333333333333,0.08002700161604408,5,0.0,0.0,5,0.20555555555555555,0.08751102223346312,5,0.21388888888888888,0.08014743359029726,5,0.0,0.0,5,0.04924908424908425,0.019185161993085575,5,-2.298850574712644,1.7726777321189415,5
steady_m1,regime_conditional,0.2,observed,transit_smooth,all,0.22844241684543923,0.06406494803857415,5,0.19444444444444442,0.04709951377170324,5,0.2770270369432983,0.18166049071009777,5,0.19039337707589604,0.08025466054364813,5,0.0018199233716475103,0.00864327607349884,5,0.01388888888888889,0.024552318791199568,5,0.15,0.11171709751216782,5,0.0,0.0,5,0.19444444444444442,0.04709951377170324,5,0.17222222222222222,0.05776842873079282,5,0.0,0.0,5,0.023769841269841267,0.03499619800823361,5,-3.735632183908046,3.055390403780954,5
steady_m1,regime_conditional,0.2,observed,transit_smooth,stable,0.22844241684543923,0.06406494803857415,5,0.19444444444444442,0.04709951377170324,5,0.2770270369432983,0.18166049071009777,5,0.19039337707589604,0.08025466054364813,5,0.0018199233716475103,0.00864327607349884,5,0.01388888888888889,0.024552318791199568,5,0.15,0.11171709751216782,5,0.0,0.0,5,0.19444444444444442,0.04709951377170324,5,0.17222222222222222,0.05776842873079282,5,0.0,0.0,5,0.023769841269841267,0.03499619800823361,5,-3.735632183908046,3.055390403780954,5
steady_m1,regime_conditional,0.2,observed,warehouse,all,0.17627976939703655,0.1269166067638715,5,0.18055555555555555,0.1261520980873955,5,0.15824749685208742,0.16602120952701696,5,0.14077035200034044,0.13175473014930703,5,0.006417624521072795,0.011381954618783868,5,0.04861111111111112,0.029869184955009124,5,0.11388888888888889,0.06394924685122967,5,0.0,0.0,5,0.18055555555555555,0.1261520980873955,5,0.1638888888888889,0.10820861767101363,5,0.0,0.0,5,0.019642857142857146,0.058191944783120314,5,-3.831417624521073,5.5128661078646255,5
steady_m1,regime_conditional,0.2,observed,warehouse,stable,0.17627976939703655,0.1269166067638715,5,0.18055555555555555,0.1261520980873955,5,0.15824749685208742,0.16602120952701696,5,0.14077035200034044,0.13175473014930703,5,0.006417624521072795,0.011381954618783868,5,0.04861111111111112,0.029869184955009124,5,0.11388888888888889,0.06394924685122967,5,0.0,0.0,5,0.18055555555555555,0.1261520980873955,5,0.1638888888888889,0.10820861767101363,5,0.0,0.0,5,0.019642857142857146,0.058191944783120314,5,-3.831417624521073,5.5128661078646255,5
steady_m1,regime_marginal,0.2,clean,all,all,0.0,0.0,5,,,0,0.0,0.0,5,,,0,0.003734567901234568,0.00709993951643405,5,,,0,,,0,,,0,,,0,,,0,0.0,0.0,5,0.002274253956272638,0.007752378512198998,5,-4.691358024691358,1.856988760060657,5
steady_m1,regime_marginal,0.2,clean,all,stable,0.0,0.0,5,,,0,0.0,0.0,5,,,0,0.003734567901234568,0.00709993951643405,5,,,0,,,0,,,0,,,0,,,0,0.0,0.0,5,0.002274253956272638,0.007752378512198998,5,-4.691358024691358,1.856988760060657,5
steady_m1,regime_marginal,0.2,clean,transit_rough,all,0.0,0.0,5,,,0,0.0,0.0,5,,,0,0.004074074074074075,0.008160501998464373,5,,,0,,,0,,,0,,,0,,,0,0.0,0.0,5,0.004806166056166057,0.010278089301527439,5,-4.9074074074074066,2.2347256270642903,5
steady_m1,regime_marginal,0.2,clean,transit_rough,stable,0.0,0.0,5,,,0,0.0,0.0,5,,,0,0.004074074074074075,0.008160501998464373,5,,,0,,,0,,,0,,,0,,,0,0.0,0.0,5,0.004806166056166057,0.010278089301527439,5,-4.9074074074074066,2.2347256270642903,5
steady_m1,regime_marginal,0.2,clean,transit_smooth,all,0.0,0.0,4,,,0,0.0,0.0,4,,,0,-0.0042592592592592595,0.004384726108352435,5,,,0,,,0,,,0,,,0,,,0,0.0,0.0,5,0.006845238095238094,0.01050135640736747,5,-5.462962962962964,3.4396621520382795,5
steady_m1,regime_marginal,0.2,clean,transit_smooth,stable,0.0,0.0,4,,,0,0.0,0.0,4,,,0,-0.0042592592592592595,0.004384726108352435,5,,,0,,,0,,,0,,,0,,,0,0.0,0.0,5,0.006845238095238094,0.01050135640736747,5,-5.462962962962964,3.4396621520382795,5
steady_m1,regime_marginal,0.2,clean,warehouse,all,0.0,0.0,5,,,0,0.0,0.0,5,,,0,0.011388888888888888,0.017147138199200954,5,,,0,,,0,,,0,,,0,,,0,0.0,0.0,5,-0.004464285714285714,0.015958043593398228,5,-3.7037037037037033,3.354485357914222,5
steady_m1,regime_marginal,0.2,clean,warehouse,stable,0.0,0.0,5,,,0,0.0,0.0,5,,,0,0.011388888888888888,0.017147138199200954,5,,,0,,,0,,,0,,,0,,,0,0.0,0.0,5,-0.004464285714285714,0.015958043593398228,5,-3.7037037037037033,3.354485357914222,5
steady_m1,regime_marginal,0.2,observed,all,all,0.0243252568429684,0.019126643784702576,5,0.021296296296296296,0.011620278146306607,5,0.029937714325415903,0.03958700560566177,5,0.026146063619883742,0.025552150449162057,5,0.0039272030651341,0.007302309372217867,5,0.0027777777777777775,0.009459637380417846,5,0.10925925925925925,0.04840122236550047,5,0.0,0.0,5,0.021296296296296296,0.011620278146306607,5,0.021296296296296296,0.011620278146306607,5,0.0,0.0,5,0.001585359301368642,0.003276313018070172,5,-4.757343550446999,1.6256896063985915,5
steady_m1,regime_marginal,0.2,observed,all,stable,0.0243252568429684,0.019126643784702576,5,0.021296296296296296,0.011620278146306607,5,0.029937714325415903,0.03958700560566177,5,0.026146063619883742,0.025552150449162057,5,0.0039272030651341,0.007302309372217867,5,0.0027777777777777775,0.009459637380417846,5,0.10925925925925925,0.04840122236550047,5,0.0,0.0,5,0.021296296296296296,0.011620278146306607,5,0.021296296296296296,0.011620278146306607,5,0.0,0.0,5,0.001585359301368642,0.003276313018070172,5,-4.757343550446999,1.6256896063985915,5
steady_m1,regime_marginal,0.2,observed,transit_rough,all,0.020105647710740353,0.05487234215006251,5,0.02777777777777778,0.062112999374994156,5,0.05838268323371536,0.1691976300961975,5,0.020793184199140613,0.02025501982813707,5,0.004310344827586207,0.008587366416207427,5,-0.006944444444444445,0.01098013076447354,5,0.15277777777777776,0.08333333333333329,5,0.0,0.0,5,0.02777777777777778,0.062112999374994156,5,0.02777777777777778,0.062112999374994156,5,0.0,0.0,5,-0.0010073260073260066,0.02481076659286825,5,-4.980842911877394,2.0487787007861527,5
steady_m1,regime_marginal,0.2,observed,transit_rough,stable,0.020105647710740353,0.05487234215006251,5,0.02777777777777778,0.062112999374994156,5,0.05838268323371536,0.1691976300961975,5,0.020793184199140613,0.02025501982813707,5,0.004310344827586207,0.008587366416207427,5,-0.006944444444444445,0.01098013076447354,5,0.15277777777777776,0.08333333333333329,5,0.0,0.0,5,0.02777777777777778,0.062112999374994156,5,0.02777777777777778,0.062112999374994156,5,0.0,0.0,5,-0.0010073260073260066,0.02481076659286825,5,-4.980842911877394,2.0487787007861527,5
steady_m1,regime_marginal,0.2,observed,transit_smooth,all,0.016297456444284857,0.08064710542285941,5,0.008333333333333333,0.05159493228057419,5,0.1466828836797877,0.23514358440000277,4,0.05397373987108465,0.042530747547943705,5,-0.0041187739463601535,0.0041834229505598565,5,-0.0027777777777777775,0.006211299937499415,5,0.13333333333333336,0.07893484576879345,5,0.0,0.0,5,0.008333333333333333,0.05159493228057419,5,0.008333333333333333,0.05159493228057419,5,0.0,0.0,5,0.010714285714285714,0.018054465342979883,5,-5.842911877394636,3.0926981400312146,5
steady_m1,regime_marginal,0.2,observed,transit_smooth,stable,0.016297456444284857,0.08064710542285941,5,0.008333333333333333,0.05159493228057419,5,0.1466828836797877,0.23514358440000277,4,0.05397373987108465,0.042530747547943705,5,-0.0041187739463601535,0.0041834229505598565,5,-0.0027777777777777775,0.006211299937499415,5,0.13333333333333336,0.07893484576879345,5,0.0,0.0,5,0.008333333333333333,0.05159493228057419,5,0.008333333333333333,0.05159493228057419,5,0.0,0.0,5,0.010714285714285714,0.018054465342979883,5,-5.842911877394636,3.0926981400312146,5
steady_m1,regime_marginal,0.2,observed,warehouse,all,0.024916793151724473,0.05066764900547051,5,0.02777777777777778,0.04910463758239914,5,0.013263299246628061,0.04851390573813771,5,0.02979248350482403,0.036405119815974815,5,0.011590038314176246,0.017242709612365275,5,0.018055555555555557,0.014400306495366472,5,0.04166666666666667,0.06440012844094241,5,0.0,0.0,5,0.02777777777777778,0.04910463758239914,5,0.02777777777777778,0.04910463758239914,5,0.0,0.0,5,-0.004464285714285714,0.00958638298119429,5,-3.4482758620689657,2.9985585905169585,5
steady_m1,regime_marginal,0.2,observed,warehouse,stable,0.024916793151724473,0.05066764900547051,5,0.02777777777777778,0.04910463758239914,5,0.013263299246628061,0.04851390573813771,5,0.02979248350482403,0.036405119815974815,5,0.011590038314176246,0.017242709612365275,5,0.018055555555555557,0.014400306495366472,5,0.04166666666666667,0.06440012844094241,5,0.0,0.0,5,0.02777777777777778,0.04910463758239914,5,0.02777777777777778,0.04910463758239914,5,0.0,0.0,5,-0.004464285714285714,0.00958638298119429,5,-3.4482758620689657,2.9985585905169585,5
steady_m2_r10_k1,regime_conditional,0.2,clean,all,all,0.0,0.0,5,,,0,0.0,0.0,5,,,0,0.0007407407407407411,0.004485142452552886,5,,,0,,,0,,,0,,,0,,,0,0.0,0.0,5,-0.002220162619098789,0.007645461084415803,5,-3.8271604938271606,1.4160579934511686,5
steady_m2_r10_k1,regime_conditional,0.2,clean,all,stable,0.0,0.0,5,,,0,0.0,0.0,5,,,0,0.0007407407407407411,0.004485142452552886,5,,,0,,,0,,,0,,,0,,,0,0.0,0.0,5,-0.002220162619098789,0.007645461084415803,5,-3.8271604938271606,1.4160579934511686,5
steady_m2_r10_k1,regime_conditional,0.2,clean,transit_rough,all,0.0,0.0,5,,,0,0.0,0.0,5,,,0,0.0018518518518518517,0.0038595675927159873,5,,,0,,,0,,,0,,,0,,,0,0.0,0.0,5,0.005286935286935288,0.013990031436839714,5,-2.8703703703703702,1.0036797865129077,5
steady_m2_r10_k1,regime_conditional,0.2,clean,transit_rough,stable,0.0,0.0,5,,,0,0.0,0.0,5,,,0,0.0018518518518518517,0.0038595675927159873,5,,,0,,,0,,,0,,,0,,,0,0.0,0.0,5,0.005286935286935288,0.013990031436839714,5,-2.8703703703703702,1.0036797865129077,5
steady_m2_r10_k1,regime_conditional,0.2,clean,transit_smooth,all,0.0,0.0,5,,,0,0.0,0.0,5,,,0,-0.0007407407407407406,0.007040995475353653,5,,,0,,,0,,,0,,,0,,,0,0.0,0.0,5,-0.012202380952380952,0.01835853632534659,5,-4.2592592592592595,2.8800612990732946,5
steady_m2_r10_k1,regime_conditional,0.2,clean,transit_smooth,stable,0.0,0.0,5,,,0,0.0,0.0,5,,,0,-0.0007407407407407406,0.007040995475353653,5,,,0,,,0,,,0,,,0,,,0,0.0,0.0,5,-0.012202380952380952,0.01835853632534659,5,-4.2592592592592595,2.8800612990732946,5
steady_m2_r10_k1,regime_conditional,0.2,clean,warehouse,all,0.0,0.0,5,,,0,0.0,0.0,5,,,0,0.0011111111111111107,0.0099110844682142,5,,,0,,,0,,,0,,,0,,,0,0.0,0.0,5,-0.00029761904761904727,0.01826784647550465,5,-4.351851851851852,4.7732357106600025,5
steady_m2_r10_k1,regime_conditional,0.2,clean,warehouse,stable,0.0,0.0,5,,,0,0.0,0.0,5,,,0,0.0011111111111111107,0.0099110844682142,5,,,0,,,0,,,0,,,0,,,0,0.0,0.0,5,-0.00029761904761904727,0.01826784647550465,5,-4.351851851851852,4.7732357106600025,5
steady_m2_r10_k1,regime_conditional,0.2,observed,all,all,0.11652598904951339,0.029130720908617395,5,0.34259259259259256,0.03703703703703703,5,-0.06073808350229261,0.04724462243799926,5,0.20510685090903139,0.06036576921510006,5,0.018358876117496807,0.006014727405422894,5,0.08888888888888888,0.026474034176844064,5,0.0324074074074074,0.030534504533039155,5,0.0,0.0,5,0.34259259259259256,0.03703703703703703,5,0.1925925925925926,0.0514076542314493,5,0.0,0.0,5,0.20500093479335826,0.023153656053675208,5,-2.7777777777777777,1.0979405404884675,5
steady_m2_r10_k1,regime_conditional,0.2,observed,all,stable,0.11652598904951339,0.029130720908617395,5,0.34259259259259256,0.03703703703703703,5,-0.06073808350229261,0.04724462243799926,5,0.20510685090903139,0.06036576921510006,5,0.018358876117496807,0.006014727405422894,5,0.08888888888888888,0.026474034176844064,5,0.0324074074074074,0.030534504533039155,5,0.0,0.0,5,0.34259259259259256,0.03703703703703703,5,0.1925925925925926,0.0514076542314493,5,0.0,0.0,5,0.20500093479335826,0.023153656053675208,5,-2.7777777777777777,1.0979405404884675,5
steady_m2_r10_k1,regime_conditional,0.2,observed,transit_rough,all,0.046144570569951325,0.05518335189717026,5,0.28055555555555556,0.10458250331675945,5,-0.1319814617647871,0.038147211417110256,5,0.13007815954081225,0.090731761491093,5,0.02145593869731801,0.004770076474325185,5,0.09027777777777778,0.05334128991575423,5,0.036111111111111094,0.08816983471168817,5,0.0,0.0,5,0.28055555555555556,0.10458250331675945,5,0.10555555555555558,0.09751938711967753,5,0.0,0.0,5,0.22899420024420025,0.054756543583527384,5,-1.245210727969349,1.3375708854184811,5
steady_m2_r10_k1,regime_conditional,0.2,observed,transit_rough,stable,0.046144570569951325,0.05518335189717026,5,0.28055555555555556,0.10458250331675945,5,-0.1319814617647871,0.038147211417110256,5,0.13007815954081225,0.090731761491093,5,0.02145593869731801,0.004770076474325185,5,0.09027777777777778,0.05334128991575423,5,0.036111111111111094,0.08816983471168817,5,0.0,0.0,5,0.28055555555555556,0.10458250331675945,5,0.10555555555555558,0.09751938711967753,5,0.0,0.0,5,0.22899420024420025,0.054756543583527384,5,-1.245210727969349,1.3375708854184811,5
steady_m2_r10_k1,regime_conditional,0.2,observed,transit_smooth,all,0.2022281795457585,0.19081445709006475,5,0.3888888888888889,0.11744121198116504,5,0.02615289961606162,0.2147182722892191,5,0.2525587221868255,0.1484144045167695,5,0.013122605363984675,0.012889282673790048,5,0.06388888888888888,0.06558732751731997,5,0.03888888888888888,0.06394924685122967,5,0.0,0.0,5,0.3888888888888889,0.11744121198116504,5,0.28055555555555556,0.19895560643855537,5,0.0,0.0,5,0.1908531746031746,0.08432377449419796,5,-3.9272030651341,3.7159319427721873,5
steady_m2_r10_k1,regime_conditional,0.2,observed,transit_smooth,stable,0.2022281795457585,0.19081445709006475,5,0.3888888888888889,0.11744121198116504,5,0.02615289961606162,0.2147182722892191,5,0.2525587221868255,0.1484144045167695,5,0.013122605363984675,0.012889282673790048,5,0.06388888888888888,0.06558732751731997,5,0.03888888888888888,0.06394924685122967,5,0.0,0.0,5,0.3888888888888889,0.11744121198116504,5,0.28055555555555556,0.19895560643855537,5,0.0,0.0,5,0.1908531746031746,0.08432377449419796,5,-3.9272030651341,3.7159319427721873,5
steady_m2_r10_k1,regime_conditional,0.2,observed,warehouse,all,0.1286222543589186,0.11594500359344273,5,0.3583333333333333,0.10130323627116927,5,-0.025650295499101805,0.134642758196966,5,0.24186363249694437,0.12751477641229694,5,0.02049808429118774,0.013355973698704846,5,0.1125,0.039406280441975305,5,0.02222222222222219,0.0892570500725535,5,0.0,0.0,5,0.3583333333333333,0.10130323627116927,5,0.19166666666666668,0.14075140066842481,5,0.0,0.0,5,0.19583333333333333,0.08378782313412586,5,-3.160919540229885,5.910435160526774,5
steady_m2_r10_k1,regime_conditional,0.2,observed,warehouse,stable,0.1286222543589186,0.11594500359344273,5,0.3583333333333333,0.10130323627116927,5,-0.025650295499101805,0.134642758196966,5,0.24186363249694437,0.12751477641229694,5,0.02049808429118774,0.013355973698704846,5,0.1125,0.039406280441975305,5,0.02222222222222219,0.0892570500725535,5,0.0,0.0,5,0.3583333333333333,0.10130323627116927,5,0.19166666666666668,0.14075140066842481,5,0.0,0.0,5,0.19583333333333333,0.08378782313412586,5,-3.160919540229885,5.910435160526774,5
steady_m2_r10_k1,regime_marginal,0.2,clean,all,all,0.0,0.0,5,,,0,0.0,0.0,5,,,0,0.003734567901234568,0.00709993951643405,5,,,0,,,0,,,0,,,0,,,0,0.0,0.0,5,0.002274253956272638,0.007752378512198998,5,-4.691358024691358,1.856988760060657,5
steady_m2_r10_k1,regime_marginal,0.2,clean,all,stable,0.0,0.0,5,,,0,0.0,0.0,5,,,0,0.003734567901234568,0.00709993951643405,5,,,0,,,0,,,0,,,0,,,0,0.0,0.0,5,0.002274253956272638,0.007752378512198998,5,-4.691358024691358,1.856988760060657,5
steady_m2_r10_k1,regime_marginal,0.2,clean,transit_rough,all,0.0,0.0,5,,,0,0.0,0.0,5,,,0,0.004074074074074075,0.008160501998464373,5,,,0,,,0,,,0,,,0,,,0,0.0,0.0,5,0.004806166056166057,0.010278089301527439,5,-4.9074074074074066,2.2347256270642903,5
steady_m2_r10_k1,regime_marginal,0.2,clean,transit_rough,stable,0.0,0.0,5,,,0,0.0,0.0,5,,,0,0.004074074074074075,0.008160501998464373,5,,,0,,,0,,,0,,,0,,,0,0.0,0.0,5,0.004806166056166057,0.010278089301527439,5,-4.9074074074074066,2.2347256270642903,5
steady_m2_r10_k1,regime_marginal,0.2,clean,transit_smooth,all,0.0,0.0,4,,,0,0.0,0.0,4,,,0,-0.0042592592592592595,0.004384726108352435,5,,,0,,,0,,,0,,,0,,,0,0.0,0.0,5,0.006845238095238094,0.01050135640736747,5,-5.462962962962964,3.4396621520382795,5
steady_m2_r10_k1,regime_marginal,0.2,clean,transit_smooth,stable,0.0,0.0,4,,,0,0.0,0.0,4,,,0,-0.0042592592592592595,0.004384726108352435,5,,,0,,,0,,,0,,,0,,,0,0.0,0.0,5,0.006845238095238094,0.01050135640736747,5,-5.462962962962964,3.4396621520382795,5
steady_m2_r10_k1,regime_marginal,0.2,clean,warehouse,all,0.0,0.0,5,,,0,0.0,0.0,5,,,0,0.011388888888888888,0.017147138199200954,5,,,0,,,0,,,0,,,0,,,0,0.0,0.0,5,-0.004464285714285714,0.015958043593398228,5,-3.7037037037037033,3.354485357914222,5
steady_m2_r10_k1,regime_marginal,0.2,clean,warehouse,stable,0.0,0.0,5,,,0,0.0,0.0,5,,,0,0.011388888888888888,0.017147138199200954,5,,,0,,,0,,,0,,,0,,,0,0.0,0.0,5,-0.004464285714285714,0.015958043593398228,5,-3.7037037037037033,3.354485357914222,5
steady_m2_r10_k1,regime_marginal,0.2,observed,all,all,0.11149709480308086,0.053775592401856614,5,0.15185185185185185,0.03665894980523918,5,0.024744276529807162,0.06632167725853388,5,0.11153552988486455,0.06019292810857957,5,0.006194125159642401,0.007014644229112281,5,0.004629629629629629,0.01168924182680796,5,0.0462962962962963,0.02383247717821067,5,0.0,0.0,5,0.15185185185185185,0.03665894980523918,5,0.15462962962962962,0.035801138757742976,5,0.0,0.0,5,0.05668167796281444,0.03057304454013776,5,-4.693486590038314,1.5868165568057706,5
steady_m2_r10_k1,regime_marginal,0.2,observed,all,stable,0.11149709480308086,0.053775592401856614,5,0.15185185185185185,0.03665894980523918,5,0.024744276529807162,0.06632167725853388,5,0.11153552988486455,0.06019292810857957,5,0.006194125159642401,0.007014644229112281,5,0.004629629629629629,0.01168924182680796,5,0.0462962962962963,0.02383247717821067,5,0.0,0.0,5,0.15185185185185185,0.03665894980523918,5,0.15462962962962962,0.035801138757742976,5,0.0,0.0,5,0.05668167796281444,0.03057304454013776,5,-4.693486590038314,1.5868165568057706,5
steady_m2_r10_k1,regime_marginal,0.2,observed,transit_rough,all,0.09723095786790478,0.051148002159169884,5,0.14722222222222223,0.07122711891643382,5,0.03339012411387392,0.07403129437863577,5,0.09083840625719056,0.029684501043842418,5,0.0066091954022988505,0.008840067322721835,5,-0.004166666666666667,0.014400306495366472,5,0.07777777777777775,0.0670417688119287,5,0.0,0.0,5,0.14722222222222223,0.07122711891643382,5,0.15000000000000002,0.06902652022105099,5,0.0,0.0,5,0.05367216117216117,0.04423712499553999,5,-4.789272030651341,2.1148852649252508,5
steady_m2_r10_k1,regime_marginal,0.2,observed,transit_rough,stable,0.09723095786790478,0.051148002159169884,5,0.14722222222222223,0.07122711891643382,5,0.03339012411387392,0.07403129437863577,5,0.09083840625719056,0.029684501043842418,5,0.0066091954022988505,0.008840067322721835,5,-0.004166666666666667,0.014400306495366472,5,0.07777777777777775,0.0670417688119287,5,0.0,0.0,5,0.14722222222222223,0.07122711891643382,5,0.15000000000000002,0.06902652022105099,5,0.0,0.0,5,0.05367216117216117,0.04423712499553999,5,-4.789272030651341,2.1148852649252508,5
steady_m2_r10_k1,regime_marginal,0.2,observed,transit_smooth,all,0.16162045885471255,0.10551802910572095,5,0.1361111111111111,0.102250901773922,5,0.22046331216149576,0.13654911579587356,5,0.1649153548651982,0.08084564068460415,5,-0.00210727969348659,0.004500386958173758,5,0.0,0.009820927516479826,5,0.047222222222222235,0.05432668671002206,5,0.0,0.0,5,0.1361111111111111,0.102250901773922,5,0.1361111111111111,0.102250901773922,5,0.0,0.0,5,0.05781746031746031,0.04386662011475542,5,-5.747126436781609,3.122223374139199,5
steady_m2_r10_k1,regime_marginal,0.2,observed,transit_smooth,stable,0.16162045885471255,0.10551802910572095,5,0.1361111111111111,0.102250901773922,5,0.22046331216149576,0.13654911579587356,5,0.1649153548651982,0.08084564068460415,5,-0.00210727969348659,0.004500386958173758,5,0.0,0.009820927516479826,5,0.047222222222222235,0.05432668671002206,5,0.0,0.0,5,0.1361111111111111,0.102250901773922,5,0.1361111111111111,0.102250901773922,5,0.0,0.0,5,0.05781746031746031,0.04386662011475542,5,-5.747126436781609,3.122223374139199,5
steady_m2_r10_k1,regime_marginal,0.2,observed,warehouse,all,0.10537047745239252,0.09329363305088773,5,0.17222222222222222,0.1096254847815062,5,-0.003269206499055996,0.09073490465262884,5,0.14028279748827172,0.12037388047638535,5,0.014080459770114942,0.015143493374470272,5,0.018055555555555557,0.014400306495366472,5,0.013888888888888905,0.041666666666666685,5,0.0,0.0,5,0.17222222222222222,0.1096254847815062,5,0.17777777777777776,0.10550071674907191,5,0.0,0.0,5,0.05714285714285714,0.056612196835124376,5,-3.5440613026819925,2.9832205943290107,5
steady_m2_r10_k1,regime_marginal,0.2,observed,warehouse,stable,0.10537047745239252,0.09329363305088773,5,0.17222222222222222,0.1096254847815062,5,-0.003269206499055996,0.09073490465262884,5,0.14028279748827172,0.12037388047638535,5,0.014080459770114942,0.015143493374470272,5,0.018055555555555557,0.014400306495366472,5,0.013888888888888905,0.041666666666666685,5,0.0,0.0,5,0.17222222222222222,0.1096254847815062,5,0.17777777777777776,0.10550071674907191,5,0.0,0.0,5,0.05714285714285714,0.056612196835124376,5,-3.5440613026819925,2.9832205943290107,5
steady_m4,regime_conditional,0.2,clean,all,all,0.0,0.0,5,,,0,0.0,0.0,5,,,0,0.0007407407407407411,0.004485142452552886,5,,,0,,,0,,,0,,,0,,,0,0.0,0.0,5,-0.002220162619098789,0.007645461084415803,5,-3.8271604938271606,1.4160579934511686,5
steady_m4,regime_conditional,0.2,clean,all,stable,0.0,0.0,5,,,0,0.0,0.0,5,,,0,0.0007407407407407411,0.004485142452552886,5,,,0,,,0,,,0,,,0,,,0,0.0,0.0,5,-0.002220162619098789,0.007645461084415803,5,-3.8271604938271606,1.4160579934511686,5
steady_m4,regime_conditional,0.2,clean,transit_rough,all,0.0,0.0,5,,,0,0.0,0.0,5,,,0,0.0018518518518518517,0.0038595675927159873,5,,,0,,,0,,,0,,,0,,,0,0.0,0.0,5,0.005286935286935288,0.013990031436839714,5,-2.8703703703703702,1.0036797865129077,5
steady_m4,regime_conditional,0.2,clean,transit_rough,stable,0.0,0.0,5,,,0,0.0,0.0,5,,,0,0.0018518518518518517,0.0038595675927159873,5,,,0,,,0,,,0,,,0,,,0,0.0,0.0,5,0.005286935286935288,0.013990031436839714,5,-2.8703703703703702,1.0036797865129077,5
steady_m4,regime_conditional,0.2,clean,transit_smooth,all,0.0,0.0,5,,,0,0.0,0.0,5,,,0,-0.0007407407407407406,0.007040995475353653,5,,,0,,,0,,,0,,,0,,,0,0.0,0.0,5,-0.012202380952380952,0.01835853632534659,5,-4.2592592592592595,2.8800612990732946,5
steady_m4,regime_conditional,0.2,clean,transit_smooth,stable,0.0,0.0,5,,,0,0.0,0.0,5,,,0,-0.0007407407407407406,0.007040995475353653,5,,,0,,,0,,,0,,,0,,,0,0.0,0.0,5,-0.012202380952380952,0.01835853632534659,5,-4.2592592592592595,2.8800612990732946,5
steady_m4,regime_conditional,0.2,clean,warehouse,all,0.0,0.0,5,,,0,0.0,0.0,5,,,0,0.0011111111111111107,0.0099110844682142,5,,,0,,,0,,,0,,,0,,,0,0.0,0.0,5,-0.00029761904761904727,0.01826784647550465,5,-4.351851851851852,4.7732357106600025,5
steady_m4,regime_conditional,0.2,clean,warehouse,stable,0.0,0.0,5,,,0,0.0,0.0,5,,,0,0.0011111111111111107,0.0099110844682142,5,,,0,,,0,,,0,,,0,,,0,0.0,0.0,5,-0.00029761904761904727,0.01826784647550465,5,-4.351851851851852,4.7732357106600025,5
steady_m4,regime_conditional,0.2,observed,all,all,-0.28038062344578335,0.021093326044959514,5,-0.05185185185185186,0.010036797865129041,5,-0.2946458008575513,0.021206243325118775,5,-0.18017205853060814,0.026293685272672607,5,0.047637292464878675,0.007313643359701563,5,0.24212962962962964,0.01961455570769893,5,-0.054629629629629625,0.02861395766733785,5,0.0,0.0,5,-0.05185185185185186,0.010036797865129041,5,-0.3259259259259259,0.033799467126748105,5,0.0,0.0,5,0.47985584307003615,0.044592499988368006,5,-5.842911877394636,1.5378792565507413,5
steady_m4,regime_conditional,0.2,observed,all,stable,-0.28038062344578335,0.021093326044959514,5,-0.05185185185185186,0.010036797865129041,5,-0.2946458008575513,0.021206243325118775,5,-0.18017205853060814,0.026293685272672607,5,0.047637292464878675,0.007313643359701563,5,0.24212962962962964,0.01961455570769893,5,-0.054629629629629625,0.02861395766733785,5,0.0,0.0,5,-0.05185185185185186,0.010036797865129041,5,-0.3259259259259259,0.033799467126748105,5,0.0,0.0,5,0.47985584307003615,0.044592499988368006,5,-5.842911877394636,1.5378792565507413,5
steady_m4,regime_conditional,0.2,observed,transit_rough,all,-0.3052226758363334,0.020957817995347766,5,-0.06111111111111116,0.030429030972509236,5,-0.3111513255372313,0.03039108358799101,5,-0.2206628702476406,0.07676791636722621,5,0.055651340996168586,0.004194374338278032,5,0.29583333333333334,0.048759693559838765,5,-0.06944444444444445,0.06588078458684125,5,0.0,0.0,5,-0.06111111111111116,0.030429030972509236,5,-0.3888888888888889,0.08038775626937657,5,0.0,0.0,5,0.5123473748473748,0.10226805491366625,5,-6.226053639846743,3.029001590199597,5
steady_m4,regime_conditional,0.2,observed,transit_rough,stable,-0.3052226758363334,0.020957817995347766,5,-0.06111111111111116,0.030429030972509236,5,-0.3111513255372313,0.03039108358799101,5,-0.2206628702476406,0.07676791636722621,5,0.055651340996168586,0.004194374338278032,5,0.29583333333333334,0.048759693559838765,5,-0.06944444444444445,0.06588078458684125,5,0.0,0.0,5,-0.06111111111111116,0.030429030972509236,5,-0.3888888888888889,0.08038775626937657,5,0.0,0.0,5,0.5123473748473748,0.10226805491366625,5,-6.226053639846743,3.029001590199597,5
steady_m4,regime_conditional,0.2,observed,transit_smooth,all,-0.2443947434076637,0.05223540330138913,5,-0.03333333333333335,0.012422599874998837,5,-0.27571782734361144,0.048036806127052294,5,-0.1573703401514789,0.05274278255294165,5,0.037260536398467436,0.013347384094820223,5,0.19444444444444445,0.07398359636341152,5,-0.03888888888888888,0.03315926773975925,5,0.0,0.0,5,-0.03333333333333335,0.012422599874998837,5,-0.27222222222222225,0.0859541580375878,5,0.0,0.0,5,0.4421031746031746,0.06907674764167626,5,-5.555555555555555,3.609471969620071,5
steady_m4,regime_conditional,0.2,observed,transit_smooth,stable,-0.2443947434076637,0.05223540330138913,5,-0.03333333333333335,0.012422599874998837,5,-0.27571782734361144,0.048036806127052294,5,-0.1573703401514789,0.05274278255294165,5,0.037260536398467436,0.013347384094820223,5,0.19444444444444445,0.07398359636341152,5,-0.03888888888888888,0.03315926773975925,5,0.0,0.0,5,-0.03333333333333335,0.012422599874998837,5,-0.27222222222222225,0.0859541580375878,5,0.0,0.0,5,0.4421031746031746,0.06907674764167626,5,-5.555555555555555,3.609471969620071,5
steady_m4,regime_conditional,0.2,observed,warehouse,all,-0.27701408204377614,0.06873906212827668,5,-0.061111111111111116,0.01242259987499885,5,-0.2819884006748744,0.0682346487882423,5,-0.1485798551309322,0.048060573722122864,5,0.05,0.01956169938409882,5,0.2361111111111111,0.08920300401850785,5,-0.05555555555555556,0.03540985773328322,5,0.0,0.0,5,-0.061111111111111116,0.01242259987499885,5,-0.31666666666666665,0.1285754090114791,5,0.0,0.0,5,0.48482142857142857,0.051831875977499976,5,-5.747126436781611,6.317483696490861,5
steady_m4,regime_conditional,0.2,observed,warehouse,stable,-0.27701408204377614,0.06873906212827668,5,-0.061111111111111116,0.01242259987499885,5,-0.2819884006748744,0.0682346487882423,5,-0.1485798551309322,0.048060573722122864,5,0.05,0.01956169938409882,5,0.2361111111111111,0.08920300401850785,5,-0.05555555555555556,0.03540985773328322,5,0.0,0.0,5,-0.061111111111111116,0.01242259987499885,5,-0.31666666666666665,0.1285754090114791,5,0.0,0.0,5,0.48482142857142857,0.051831875977499976,5,-5.747126436781611,6.317483696490861,5
steady_m4,regime_marginal,0.2,clean,all,all,0.0,0.0,5,,,0,0.0,0.0,5,,,0,0.003734567901234568,0.00709993951643405,5,,,0,,,0,,,0,,,0,,,0,0.0,0.0,5,0.002274253956272638,0.007752378512198998,5,-4.691358024691358,1.856988760060657,5
steady_m4,regime_marginal,0.2,clean,all,stable,0.0,0.0,5,,,0,0.0,0.0,5,,,0,0.003734567901234568,0.00709993951643405,5,,,0,,,0,,,0,,,0,,,0,0.0,0.0,5,0.002274253956272638,0.007752378512198998,5,-4.691358024691358,1.856988760060657,5
steady_m4,regime_marginal,0.2,clean,transit_rough,all,0.0,0.0,5,,,0,0.0,0.0,5,,,0,0.004074074074074075,0.008160501998464373,5,,,0,,,0,,,0,,,0,,,0,0.0,0.0,5,0.004806166056166057,0.010278089301527439,5,-4.9074074074074066,2.2347256270642903,5
steady_m4,regime_marginal,0.2,clean,transit_rough,stable,0.0,0.0,5,,,0,0.0,0.0,5,,,0,0.004074074074074075,0.008160501998464373,5,,,0,,,0,,,0,,,0,,,0,0.0,0.0,5,0.004806166056166057,0.010278089301527439,5,-4.9074074074074066,2.2347256270642903,5
steady_m4,regime_marginal,0.2,clean,transit_smooth,all,0.0,0.0,4,,,0,0.0,0.0,4,,,0,-0.0042592592592592595,0.004384726108352435,5,,,0,,,0,,,0,,,0,,,0,0.0,0.0,5,0.006845238095238094,0.01050135640736747,5,-5.462962962962964,3.4396621520382795,5
steady_m4,regime_marginal,0.2,clean,transit_smooth,stable,0.0,0.0,4,,,0,0.0,0.0,4,,,0,-0.0042592592592592595,0.004384726108352435,5,,,0,,,0,,,0,,,0,,,0,0.0,0.0,5,0.006845238095238094,0.01050135640736747,5,-5.462962962962964,3.4396621520382795,5
steady_m4,regime_marginal,0.2,clean,warehouse,all,0.0,0.0,5,,,0,0.0,0.0,5,,,0,0.011388888888888888,0.017147138199200954,5,,,0,,,0,,,0,,,0,,,0,0.0,0.0,5,-0.004464285714285714,0.015958043593398228,5,-3.7037037037037033,3.354485357914222,5
steady_m4,regime_marginal,0.2,clean,warehouse,stable,0.0,0.0,5,,,0,0.0,0.0,5,,,0,0.011388888888888888,0.017147138199200954,5,,,0,,,0,,,0,,,0,,,0,0.0,0.0,5,-0.004464285714285714,0.015958043593398228,5,-3.7037037037037033,3.354485357914222,5
steady_m4,regime_marginal,0.2,observed,all,all,-0.18486609878928648,0.030006089955170605,5,-0.08981481481481482,0.02883779907851374,5,-0.22678926507925948,0.024023202090325765,5,-0.1797595767796277,0.02198816762703238,5,0.016091954022988506,0.007210819467671736,5,0.007407407407407407,0.011149624609992866,5,-0.03981481481481479,0.026514483450511737,5,0.0,0.0,5,-0.08981481481481482,0.02883779907851374,5,-0.0962962962962963,0.02842607672779397,5,0.0,0.0,5,0.2891205582026807,0.03959541765586744,5,-4.757343550446999,1.5203791124915877,5
steady_m4,regime_marginal,0.2,observed,all,stable,-0.18486609878928648,0.030006089955170605,5,-0.08981481481481482,0.02883779907851374,5,-0.22678926507925948,0.024023202090325765,5,-0.1797595767796277,0.02198816762703238,5,0.016091954022988506,0.007210819467671736,5,0.007407407407407407,0.011149624609992866,5,-0.03981481481481479,0.026514483450511737,5,0.0,0.0,5,-0.08981481481481482,0.02883779907851374,5,-0.0962962962962963,0.02842607672779397,5,0.0,0.0,5,0.2891205582026807,0.03959541765586744,5,-4.757343550446999,1.5203791124915877,5
steady_m4,regime_marginal,0.2,observed,transit_rough,all,-0.18886260265191138,0.030993722581198396,5,-0.09444444444444447,0.04543174231610039,5,-0.2226717512351229,0.03475832664342813,5,-0.1924595334322632,0.04275659899511556,5,0.017241379310344827,0.00903003239222452,5,-0.0027777777777777775,0.0167244369149893,5,-0.033333333333333326,0.02880061299073295,5,0.0,0.0,5,-0.09444444444444447,0.04543174231610039,5,-0.0805555555555556,0.04949591578112629,5,0.0,0.0,5,0.3070451770451771,0.08727858216577396,5,-5.076628352490422,1.9335851760714895,5
steady_m4,regime_marginal,0.2,observed,transit_rough,stable,-0.18886260265191138,0.030993722581198396,5,-0.09444444444444447,0.04543174231610039,5,-0.2226717512351229,0.03475832664342813,5,-0.1924595334322632,0.04275659899511556,5,0.017241379310344827,0.00903003239222452,5,-0.0027777777777777775,0.0167244369149893,5,-0.033333333333333326,0.02880061299073295,5,0.0,0.0,5,-0.09444444444444447,0.04543174231610039,5,-0.0805555555555556,0.04949591578112629,5,0.0,0.0,5,0.3070451770451771,0.08727858216577396,5,-5.076628352490422,1.9335851760714895,5
steady_m4,regime_marginal,0.2,observed,transit_smooth,all,-0.14004900814776441,0.03307292748718318,5,-0.11388888888888889,0.05760122598146587,5,-0.15420144222350607,0.07504555581795254,5,-0.17279026889832017,0.023438743780297026,5,0.007471264367816091,0.005198070326136067,5,0.0013888888888888887,0.01242259987499883,5,-0.030555555555555537,0.047507309379130794,5,0.0,0.0,5,-0.11388888888888889,0.05760122598146587,5,-0.11388888888888886,0.0654401054966097,5,0.0,0.0,5,0.28480158730158733,0.08192926182420239,5,-5.747126436781609,3.122223374139199,5
steady_m4,regime_marginal,0.2,observed,transit_smooth,stable,-0.14004900814776441,0.03307292748718318,5,-0.11388888888888889,0.05760122598146587,5,-0.15420144222350607,0.07504555581795254,5,-0.17279026889832017,0.023438743780297026,5,0.007471264367816091,0.005198070326136067,5,0.0013888888888888887,0.01242259987499883,5,-0.030555555555555537,0.047507309379130794,5,0.0,0.0,5,-0.11388888888888889,0.05760122598146587,5,-0.11388888888888886,0.0654401054966097,5,0.0,0.0,5,0.28480158730158733,0.08192926182420239,5,-5.747126436781609,3.122223374139199,5
steady_m4,regime_marginal,0.2,observed,warehouse,all,-0.20186410972079635,0.04725163115656158,5,-0.061111111111111095,0.052521306669969535,5,-0.2519391058159301,0.04828616523389478,5,-0.14308520400180252,0.049939976829510145,5,0.023563218390804597,0.015240875332864145,5,0.023611111111111114,0.014400306495366473,5,-0.05555555555555558,0.05196746370519366,5,0.0,0.0,5,-0.061111111111111095,0.052521306669969535,5,-0.0944444444444444,0.03011039359538724,5,0.0,0.0,5,0.27589285714285716,0.05796508217137097,5,-3.4482758620689657,2.5657270567009336,5
steady_m4,regime_marginal,0.2,observed,warehouse,stable,-0.20186410972079635,0.04725163115656158,5,-0.061111111111111095,0.052521306669969535,5,-0.2519391058159301,0.04828616523389478,5,-0.14308520400180252,0.049939976829510145,5,0.023563218390804597,0.015240875332864145,5,0.023611111111111114,0.014400306495366473,5,-0.05555555555555558,0.05196746370519366,5,0.0,0.0,5,-0.061111111111111095,0.052521306669969535,5,-0.0944444444444444,0.03011039359538724,5,0.0,0.0,5,0.27589285714285716,0.05796508217137097,5,-3.4482758620689657,2.5657270567009336,5
steady_r02,regime_conditional,0.2,clean,all,all,0.0,0.0,5,,,0,0.0,0.0,5,,,0,0.0007407407407407411,0.004485142452552886,5,,,0,,,0,,,0,,,0,,,0,0.0,0.0,5,0.005637254901960785,0.013369767917860546,5,-3.8271604938271606,1.4160579934511686,5
steady_r02,regime_conditional,0.2,clean,all,stable,0.0,0.0,5,,,0,0.0,0.0,5,,,0,0.0007407407407407411,0.004485142452552886,5,,,0,,,0,,,0,,,0,,,0,0.0,0.0,5,0.005637254901960785,0.013369767917860546,5,-3.8271604938271606,1.4160579934511686,5
steady_r02,regime_conditional,0.2,clean,transit_rough,all,0.0,0.0,5,,,0,0.0,0.0,5,,,0,0.0018518518518518517,0.0038595675927159873,5,,,0,,,0,,,0,,,0,,,0,0.0,0.0,5,-0.008333333333333335,0.011410886614690962,5,-2.8703703703703702,1.0036797865129077,5
steady_r02,regime_conditional,0.2,clean,transit_rough,stable,0.0,0.0,5,,,0,0.0,0.0,5,,,0,0.0018518518518518517,0.0038595675927159873,5,,,0,,,0,,,0,,,0,,,0,0.0,0.0,5,-0.008333333333333335,0.011410886614690962,5,-2.8703703703703702,1.0036797865129077,5
steady_r02,regime_conditional,0.2,clean,transit_smooth,all,0.0,0.0,5,,,0,0.0,0.0,5,,,0,-0.0007407407407407406,0.007040995475353653,5,,,0,,,0,,,0,,,0,,,0,0.0,0.0,5,0.02121212121212121,0.036094331059307865,5,-4.2592592592592595,2.8800612990732946,5
steady_r02,regime_conditional,0.2,clean,transit_smooth,stable,0.0,0.0,5,,,0,0.0,0.0,5,,,0,-0.0007407407407407406,0.007040995475353653,5,,,0,,,0,,,0,,,0,,,0,0.0,0.0,5,0.02121212121212121,0.036094331059307865,5,-4.2592592592592595,2.8800612990732946,5
steady_r02,regime_conditional,0.2,clean,warehouse,all,0.0,0.0,5,,,0,0.0,0.0,5,,,0,0.0011111111111111107,0.0099110844682142,5,,,0,,,0,,,0,,,0,,,0,0.0,0.0,5,0.004166666666666667,0.02282177322938192,5,-4.351851851851852,4.7732357106600025,5
steady_r02,regime_conditional,0.2,clean,warehouse,stable,0.0,0.0,5,,,0,0.0,0.0,5,,,0,0.0011111111111111107,0.0099110844682142,5,,,0,,,0,,,0,,,0,,,0,0.0,0.0,5,0.004166666666666667,0.02282177322938192,5,-4.351851851851852,4.7732357106600025,5
steady_r02,regime_conditional,0.2,observed,all,all,-0.035388359713710446,0.052153826331815346,5,0.012499999999999989,0.047961935138422264,5,-0.03922084505831235,0.047139205927260765,5,-0.0015709332889375705,0.1263721492295627,5,0.0041044776119402975,0.004023708735337588,5,0.006249999999999997,0.015797657175107397,5,-0.08333333333333334,0.020833333333333343,5,0.0,0.0,5,0.012499999999999989,0.047961935138422264,5,0.025000000000000012,0.07126096406869613,5,0.0,0.0,5,0.11633986928104574,0.025077507580151745,5,-4.073383084577115,1.3923266901267477,5
steady_r02,regime_conditional,0.2,observed,all,stable,-0.035388359713710446,0.052153826331815346,5,0.012499999999999989,0.047961935138422264,5,-0.03922084505831235,0.047139205927260765,5,-0.0015709332889375705,0.1263721492295627,5,0.0041044776119402975,0.004023708735337588,5,0.006249999999999997,0.015797657175107397,5,-0.08333333333333334,0.020833333333333343,5,0.0,0.0,5,0.012499999999999989,0.047961935138422264,5,0.025000000000000012,0.07126096406869613,5,0.0,0.0,5,0.11633986928104574,0.025077507580151745,5,-4.073383084577115,1.3923266901267477,5
steady_r02,regime_conditional,0.2,observed,transit_rough,all,-0.11021785041518353,0.046064550834964094,5,-0.1,0.09478594305064438,5,-0.09541421197767948,0.03530552241142578,5,-0.06168988892016568,0.1231300502161018,5,0.004757462686567164,0.004058103868312724,5,-0.03125,0.02209708691207961,5,-0.1375,0.14921670482891652,5,0.0,0.0,5,-0.1,0.09478594305064438,5,-0.0375,0.09478594305064438,5,0.0,0.0,5,0.125,0.038975597778895234,5,-2.9850746268656714,1.4223834591396367,5
steady_r02,regime_conditional,0.2,observed,transit_rough,stable,-0.11021785041518353,0.046064550834964094,5,-0.1,0.09478594305064438,5,-0.09541421197767948,0.03530552241142578,5,-0.06168988892016568,0.1231300502161018,5,0.004757462686567164,0.004058103868312724,5,-0.03125,0.02209708691207961,5,-0.1375,0.14921670482891652,5,0.0,0.0,5,-0.1,0.09478594305064438,5,-0.0375,0.09478594305064438,5,0.0,0.0,5,0.125,0.038975597778895234,5,-2.9850746268656714,1.4223834591396367,5
steady_r02,regime_conditional,0.2,observed,transit_smooth,all,0.012513184215311873,0.13964623216317176,5,0.0625,0.11692679333668567,5,0.00494809047089359,0.1372000295113852,5,0.003638462089124955,0.1945599561875596,5,0.0023320895522388058,0.008369570170208191,5,0.00625,0.02614562582918986,5,0.0125,0.16770509831248423,5,0.0,0.0,5,0.0625,0.11692679333668567,5,0.05,0.14921670482891652,5,0.0,0.0,5,0.11666666666666667,0.09386566938390675,5,-4.384328358208955,3.207788967173395,5
steady_r02,regime_conditional,0.2,observed,transit_smooth,stable,0.012513184215311873,0.13964623216317176,5,0.0625,0.11692679333668567,5,0.00494809047089359,0.1372000295113852,5,0.003638462089124955,0.1945599561875596,5,0.0023320895522388058,0.008369570170208191,5,0.00625,0.02614562582918986,5,0.0125,0.16770509831248423,5,0.0,0.0,5,0.0625,0.11692679333668567,5,0.05,0.14921670482891652,5,0.0,0.0,5,0.11666666666666667,0.09386566938390675,5,-4.384328358208955,3.207788967173395,5
steady_r02,regime_conditional,0.2,observed,warehouse,all,-0.003924669958553862,0.14395257296442426,5,0.075,0.12022115038544591,5,-0.01277512798279704,0.120882370745961,5,0.03919891664689029,0.21542902688231932,5,0.0052238805970149255,0.009578048227719904,5,0.04375,0.04739297152532219,5,-0.125,0.14657549249448218,5,0.0,0.0,5,0.075,0.12022115038544591,5,0.0625,0.14657549249448218,5,0.0,0.0,5,0.10719696969696971,0.06317927471081311,5,-4.8507462686567155,4.975610206378576,5
steady_r02,regime_conditional,0.2,observed,warehouse,stable,-0.003924669958553862,0.14395257296442426,5,0.075,0.12022115038544591,5,-0.01277512798279704,0.120882370745961,5,0.03919891664689029,0.21542902688231932,5,0.0052238805970149255,0.009578048227719904,5,0.04375,0.04739297152532219,5,-0.125,0.14657549249448218,5,0.0,0.0,5,0.075,0.12022115038544591,5,0.0625,0.14657549249448218,5,0.0,0.0,5,0.10719696969696971,0.06317927471081311,5,-4.8507462686567155,4.975610206378576,5
steady_r02,regime_marginal,0.2,clean,all,all,0.0,0.0,5,,,0,0.0,0.0,5,,,0,0.003734567901234568,0.00709993951643405,5,,,0,,,0,,,0,,,0,,,0,0.0,0.0,5,-0.0026960784313725494,0.014470243573603518,5,-4.691358024691358,1.856988760060657,5
steady_r02,regime_marginal,0.2,clean,all,stable,0.0,0.0,5,,,0,0.0,0.0,5,,,0,0.003734567901234568,0.00709993951643405,5,,,0,,,0,,,0,,,0,,,0,0.0,0.0,5,-0.0026960784313725494,0.014470243573603518,5,-4.691358024691358,1.856988760060657,5
steady_r02,regime_marginal,0.2,clean,transit_rough,all,0.0,0.0,5,,,0,0.0,0.0,5,,,0,0.004074074074074075,0.008160501998464373,5,,,0,,,0,,,0,,,0,,,0,0.0,0.0,5,-0.016666666666666666,0.027163343355011037,5,-4.9074074074074066,2.2347256270642903,5
steady_r02,regime_marginal,0.2,clean,transit_rough,stable,0.0,0.0,5,,,0,0.0,0.0,5,,,0,0.004074074074074075,0.008160501998464373,5,,,0,,,0,,,0,,,0,,,0,0.0,0.0,5,-0.016666666666666666,0.027163343355011037,5,-4.9074074074074066,2.2347256270642903,5
steady_r02,regime_marginal,0.2,clean,transit_smooth,all,0.0,0.0,4,,,0,0.0,0.0,4,,,0,-0.0042592592592592595,0.004384726108352435,5,,,0,,,0,,,0,,,0,,,0,0.0,0.0,5,0.004545454545454545,0.010163945352271771,5,-5.462962962962964,3.4396621520382795,5
steady_r02,regime_marginal,0.2,clean,transit_smooth,stable,0.0,0.0,4,,,0,0.0,0.0,4,,,0,-0.0042592592592592595,0.004384726108352435,5,,,0,,,0,,,0,,,0,,,0,0.0,0.0,5,0.004545454545454545,0.010163945352271771,5,-5.462962962962964,3.4396621520382795,5
steady_r02,regime_marginal,0.2,clean,warehouse,all,0.0,0.0,5,,,0,0.0,0.0,5,,,0,0.011388888888888888,0.017147138199200954,5,,,0,,,0,,,0,,,0,,,0,0.0,0.0,5,0.0041666666666666675,0.022821773229381923,5,-3.7037037037037033,3.354485357914222,5
steady_r02,regime_marginal,0.2,clean,warehouse,stable,0.0,0.0,5,,,0,0.0,0.0,5,,,0,0.011388888888888888,0.017147138199200954,5,,,0,,,0,,,0,,,0,,,0,0.0,0.0,5,0.0041666666666666675,0.022821773229381923,5,-3.7037037037037033,3.354485357914222,5
steady_r02,regime_marginal,0.2,observed,all,all,-0.08309493142687867,0.06077926761477417,5,-0.10833333333333332,0.09704845582376762,5,-0.06862462342486578,0.04206290980347621,5,-0.04736447136034153,0.0652098352283743,5,0.004384328358208954,0.007050816924319112,5,0.004166666666666667,0.021600459743049708,5,-0.09999999999999998,0.03726779962499647,5,0.0,0.0,5,-0.10833333333333332,0.09704845582376762,5,-0.10833333333333332,0.09704845582376762,5,0.0,0.0,5,0.03218954248366013,0.01858862123621476,5,-4.819651741293533,1.9818950223852554,5
steady_r02,regime_marginal,0.2,observed,all,stable,-0.08309493142687867,0.06077926761477417,5,-0.10833333333333332,0.09704845582376762,5,-0.06862462342486578,0.04206290980347621,5,-0.04736447136034153,0.0652098352283743,5,0.004384328358208954,0.007050816924319112,5,0.004166666666666667,0.021600459743049708,5,-0.09999999999999998,0.03726779962499647,5,0.0,0.0,5,-0.10833333333333332,0.09704845582376762,5,-0.10833333333333332,0.09704845582376762,5,0.0,0.0,5,0.03218954248366013,0.01858862123621476,5,-4.819651741293533,1.9818950223852554,5
steady_r02,regime_marginal,0.2,observed,transit_rough,all,-0.12128456843134443,0.12022572619891086,5,-0.15,0.16298006013006622,5,-0.10264059960543229,0.09903886772820628,5,-0.14724124284176418,0.13517252320144352,5,0.0046641791044776115,0.009169591068720848,5,-0.00625,0.02614562582918986,5,-0.075,0.1354967711792425,5,0.0,0.0,5,-0.15,0.16298006013006622,5,-0.15,0.16298006013006622,5,0.0,0.0,5,0.0125,0.05229125165837972,5,-4.9440298507462686,2.049056216090373,5
steady_r02,regime_marginal,0.2,observed,transit_rough,stable,-0.12128456843134443,0.12022572619891086,5,-0.15,0.16298006013006622,5,-0.10264059960543229,0.09903886772820628,5,-0.14724124284176418,0.13517252320144352,5,0.0046641791044776115,0.009169591068720848,5,-0.00625,0.02614562582918986,5,-0.075,0.1354967711792425,5,0.0,0.0,5,-0.15,0.16298006013006622,5,-0.15,0.16298006013006622,5,0.0,0.0,5,0.0125,0.05229125165837972,5,-4.9440298507462686,2.049056216090373,5
steady_r02,regime_marginal,0.2,observed,transit_smooth,all,-0.09824073723091956,0.1011432281103049,5,-0.1375,0.10269797953221865,5,0.11255610290093047,0.2842559426878488,5,-0.03866754548028378,0.06939110577611819,5,-0.003544776119402985,0.0042569418690688934,5,0.0,0.0,5,-0.0375,0.1505199322349037,5,0.0,0.0,5,-0.1375,0.10269797953221865,5,-0.1375,0.10269797953221865,5,0.0,0.0,5,0.041666666666666664,0.07216878364870322,5,-5.690298507462687,3.3210789400966227,5
steady_r02,regime_marginal,0.2,observed,transit_smooth,stable,-0.09824073723091956,0.1011432281103049,5,-0.1375,0.10269797953221865,5,0.11255610290093047,0.2842559426878488,5,-0.03866754548028378,0.06939110577611819,5,-0.003544776119402985,0.0042569418690688934,5,0.0,0.0,5,-0.0375,0.1505199322349037,5,0.0,0.0,5,-0.1375,0.10269797953221865,5,-0.1375,0.10269797953221865,5,0.0,0.0,5,0.041666666666666664,0.07216878364870322,5,-5.690298507462687,3.3210789400966227,5
steady_r02,regime_marginal,0.2,observed,warehouse,all,-0.06074626099334011,0.11076133566991275,5,-0.0375,0.2191959739593773,5,-0.05931082957665642,0.07790628353148249,5,0.03046408138314267,0.15795898861904784,5,0.01203358208955224,0.016639422184324862,5,0.01875,0.04192627457812106,5,-0.1875,0.09882117688026186,5,0.0,0.0,5,-0.0375,0.2191959739593773,5,-0.0375,0.2191959739593773,5,0.0,0.0,5,0.04242424242424243,0.06076270004084285,5,-3.8246268656716422,3.3859498904629723,5
steady_r02,regime_marginal,0.2,observed,warehouse,stable,-0.06074626099334011,0.11076133566991275,5,-0.0375,0.2191959739593773,5,-0.05931082957665642,0.07790628353148249,5,0.03046408138314267,0.15795898861904784,5,0.01203358208955224,0.016639422184324862,5,0.01875,0.04192627457812106,5,-0.1875,0.09882117688026186,5,0.0,0.0,5,-0.0375,0.2191959739593773,5,-0.0375,0.2191959739593773,5,0.0,0.0,5,0.04242424242424243,0.06076270004084285,5,-3.8246268656716422,3.3859498904629723,5
steady_r20,regime_conditional,0.2,clean,all,all,0.0,0.0,5,,,0,0.0,0.0,5,,,0,0.0007407407407407411,0.004485142452552886,5,,,0,,,0,,,0,,,0,,,0,0.0,0.0,5,2.8860028860029206e-05,0.005630849752560103,5,-3.8271604938271606,1.4160579934511686,5
steady_r20,regime_conditional,0.2,clean,all,stable,0.0,0.0,5,,,0,0.0,0.0,5,,,0,0.0007407407407407411,0.004485142452552886,5,,,0,,,0,,,0,,,0,,,0,0.0,0.0,5,2.8860028860029206e-05,0.005630849752560103,5,-3.8271604938271606,1.4160579934511686,5
steady_r20,regime_conditional,0.2,clean,transit_rough,all,0.0,0.0,5,,,0,0.0,0.0,5,,,0,0.0018518518518518517,0.0038595675927159873,5,,,0,,,0,,,0,,,0,,,0,0.0,0.0,5,0.0025,0.010865337342004417,5,-2.8703703703703702,1.0036797865129077,5
steady_r20,regime_conditional,0.2,clean,transit_rough,stable,0.0,0.0,5,,,0,0.0,0.0,5,,,0,0.0018518518518518517,0.0038595675927159873,5,,,0,,,0,,,0,,,0,,,0,0.0,0.0,5,0.0025,0.010865337342004417,5,-2.8703703703703702,1.0036797865129077,5
steady_r20,regime_conditional,0.2,clean,transit_smooth,all,0.0,0.0,5,,,0,0.0,0.0,5,,,0,-0.0007407407407407406,0.007040995475353653,5,,,0,,,0,,,0,,,0,,,0,0.0,0.0,5,-0.0031818181818181824,0.008743356391668794,5,-4.2592592592592595,2.8800612990732946,5
steady_r20,regime_conditional,0.2,clean,transit_smooth,stable,0.0,0.0,5,,,0,0.0,0.0,5,,,0,-0.0007407407407407406,0.007040995475353653,5,,,0,,,0,,,0,,,0,,,0,0.0,0.0,5,-0.0031818181818181824,0.008743356391668794,5,-4.2592592592592595,2.8800612990732946,5
steady_r20,regime_conditional,0.2,clean,warehouse,all,0.0,0.0,5,,,0,0.0,0.0,5,,,0,0.0011111111111111107,0.0099110844682142,5,,,0,,,0,,,0,,,0,,,0,0.0,0.0,5,0.0016414141414141416,0.012335671193638865,5,-4.351851851851852,4.7732357106600025,5
steady_r20,regime_conditional,0.2,clean,warehouse,stable,0.0,0.0,5,,,0,0.0,0.0,5,,,0,0.0011111111111111107,0.0099110844682142,5,,,0,,,0,,,0,,,0,,,0,0.0,0.0,5,0.0016414141414141416,0.012335671193638865,5,-4.351851851851852,4.7732357106600025,5
steady_r20,regime_conditional,0.2,observed,all,all,0.16210789035026305,0.020282451682409733,5,0.4064814814814815,0.03267908609552,5,-0.10722194535979054,0.03874253428376286,5,0.20831791472425545,0.020291574127412566,5,0.03217592592592593,0.007171619596367659,5,0.09027777777777778,0.015354744399793516,5,0.08055555555555557,0.026311615256264496,5,0.0,0.0,5,0.4064814814814815,0.03267908609552,5,0.2439814814814815,0.03408363392464068,5,0.0,0.0,5,0.2559924366820919,0.018180954006101018,5,-1.355820105820106,0.4876944842510791,5
steady_r20,regime_conditional,0.2,observed,all,stable,0.16210789035026305,0.020282451682409733,5,0.4064814814814815,0.03267908609552,5,-0.10722194535979054,0.03874253428376286,5,0.20831791472425545,0.020291574127412566,5,0.03217592592592593,0.007171619596367659,5,0.09027777777777778,0.015354744399793516,5,0.08055555555555557,0.026311615256264496,5,0.0,0.0,5,0.4064814814814815,0.03267908609552,5,0.2439814814814815,0.03408363392464068,5,0.0,0.0,5,0.2559924366820919,0.018180954006101018,5,-1.355820105820106,0.4876944842510791,5
steady_r20,regime_conditional,0.2,observed,transit_rough,all,0.13766501741825793,0.04682300989135368,5,0.3847222222222222,0.0742438736716894,5,-0.13365953029291577,0.05486705274762007,5,0.19488074330280258,0.04054176277247206,5,0.03353174603174603,0.007244441336094095,5,0.08819444444444444,0.02176726113702427,5,0.11111111111111112,0.06532947125773188,5,0.0,0.0,5,0.3847222222222222,0.0742438736716894,5,0.19444444444444445,0.06927061577520835,5,0.0,0.0,5,0.2469949494949495,0.054235963772669996,5,0.5952380952380952,2.3371466248789172,5
steady_r20,regime_conditional,0.2,observed,transit_rough,stable,0.13766501741825793,0.04682300989135368,5,0.3847222222222222,0.0742438736716894,5,-0.13365953029291577,0.05486705274762007,5,0.19488074330280258,0.04054176277247206,5,0.03353174603174603,0.007244441336094095,5,0.08819444444444444,0.02176726113702427,5,0.11111111111111112,0.06532947125773188,5,0.0,0.0,5,0.3847222222222222,0.0742438736716894,5,0.19444444444444445,0.06927061577520835,5,0.0,0.0,5,0.2469949494949495,0.054235963772669996,5,0.5952380952380952,2.3371466248789172,5
steady_r20,regime_conditional,0.2,observed,transit_smooth,all,0.2200447544214598,0.09214043874217477,5,0.43472222222222223,0.061840657946925524,5,-0.06801982045818714,0.11935784695699421,5,0.23373294901421207,0.06216856357724819,5,0.024801587301587304,0.01579142597195596,5,0.05555555555555556,0.05294427320130869,5,0.08472222222222221,0.013357905598382881,5,0.0,0.0,5,0.43472222222222223,0.061840657946925524,5,0.33611111111111114,0.11698864300688591,5,0.0,0.0,5,0.26151515151515153,0.05692011059282114,5,-2.3809523809523814,4.358310046922381,5
steady_r20,regime_conditional,0.2,observed,transit_smooth,stable,0.2200447544214598,0.09214043874217477,5,0.43472222222222223,0.061840657946925524,5,-0.06801982045818714,0.11935784695699421,5,0.23373294901421207,0.06216856357724819,5,0.024801587301587304,0.01579142597195596,5,0.05555555555555556,0.05294427320130869,5,0.08472222222222221,0.013357905598382881,5,0.0,0.0,5,0.43472222222222223,0.061840657946925524,5,0.33611111111111114,0.11698864300688591,5,0.0,0.0,5,0.26151515151515153,0.05692011059282114,5,-2.3809523809523814,4.358310046922381,5
steady_r20,regime_conditional,0.2,observed,warehouse,all,0.1403387537452907,0.06036602429034884,5,0.4,0.04516559039308085,5,-0.1018152269234283,0.07840732893104996,5,0.19642273976186747,0.03855387607414773,5,0.03819444444444444,0.014773087908566894,5,0.12708333333333333,0.03932971872123367,5,0.04583333333333332,0.06599049454558115,5,0.0,0.0,5,0.4,0.04516559039308085,5,0.2013888888888889,0.07299929181121056,5,0.0,0.0,5,0.25833333333333336,0.058242528475785885,5,-2.281746031746032,6.501612054686884,5
steady_r20,regime_conditional,0.2,observed,warehouse,stable,0.1403387537452907,0.06036602429034884,5,0.4,0.04516559039308085,5,-0.1018152269234283,0.07840732893104996,5,0.19642273976186747,0.03855387607414773,5,0.03819444444444444,0.014773087908566894,5,0.12708333333333333,0.03932971872123367,5,0.04583333333333332,0.06599049454558115,5,0.0,0.0,5,0.4,0.04516559039308085,5,0.2013888888888889,0.07299929181121056,5,0.0,0.0,5,0.25833333333333336,0.058242528475785885,5,-2.281746031746032,6.501612054686884,5
steady_r20,regime_marginal,0.2,clean,all,all,0.0,0.0,5,,,0,0.0,0.0,5,,,0,0.003734567901234568,0.00709993951643405,5,,,0,,,0,,,0,,,0,,,0,0.0,0.0,5,0.002491416629347663,0.008115839661968337,5,-4.691358024691358,1.856988760060657,5
steady_r20,regime_marginal,0.2,clean,all,stable,0.0,0.0,5,,,0,0.0,0.0,5,,,0,0.003734567901234568,0.00709993951643405,5,,,0,,,0,,,0,,,0,,,0,0.0,0.0,5,0.002491416629347663,0.008115839661968337,5,-4.691358024691358,1.856988760060657,5
steady_r20,regime_marginal,0.2,clean,transit_rough,all,0.0,0.0,5,,,0,0.0,0.0,5,,,0,0.004074074074074075,0.008160501998464373,5,,,0,,,0,,,0,,,0,,,0,0.0,0.0,5,0.006224747474747476,0.008542532170384427,5,-4.9074074074074066,2.2347256270642903,5
steady_r20,regime_marginal,0.2,clean,transit_rough,stable,0.0,0.0,5,,,0,0.0,0.0,5,,,0,0.004074074074074075,0.008160501998464373,5,,,0,,,0,,,0,,,0,,,0,0.0,0.0,5,0.006224747474747476,0.008542532170384427,5,-4.9074074074074066,2.2347256270642903,5
steady_r20,regime_marginal,0.2,clean,transit_smooth,all,0.0,0.0,4,,,0,0.0,0.0,4,,,0,-0.0042592592592592595,0.004384726108352435,5,,,0,,,0,,,0,,,0,,,0,0.0,0.0,5,0.0003030303030303029,0.0099007934864876,5,-5.462962962962964,3.4396621520382795,5
steady_r20,regime_marginal,0.2,clean,transit_smooth,stable,0.0,0.0,4,,,0,0.0,0.0,4,,,0,-0.0042592592592592595,0.004384726108352435,5,,,0,,,0,,,0,,,0,,,0,0.0,0.0,5,0.0003030303030303029,0.0099007934864876,5,-5.462962962962964,3.4396621520382795,5
steady_r20,regime_marginal,0.2,clean,warehouse,all,0.0,0.0,5,,,0,0.0,0.0,5,,,0,0.011388888888888888,0.017147138199200954,5,,,0,,,0,,,0,,,0,,,0,0.0,0.0,5,0.0010101010101010103,0.019594112755312275,5,-3.7037037037037033,3.354485357914222,5
steady_r20,regime_marginal,0.2,clean,warehouse,stable,0.0,0.0,5,,,0,0.0,0.0,5,,,0,0.011388888888888888,0.017147138199200954,5,,,0,,,0,,,0,,,0,,,0,0.0,0.0,5,0.0010101010101010103,0.019594112755312275,5,-3.7037037037037033,3.354485357914222,5
steady_r20,regime_marginal,0.2,observed,all,all,0.20355296230309494,0.030746473818498044,5,0.26064814814814813,0.031425262984342985,5,0.0027553192258085836,0.041066471014840795,5,0.14547576475517024,0.0211145552208628,5,0.010416666666666666,0.0072534926484933366,5,0.00972222222222222,0.012508570450098422,5,0.07546296296296295,0.03133989128903019,5,0.0,0.0,5,0.26064814814814813,0.031425262984342985,5,0.25601851851851853,0.028847088110508123,5,0.0,0.0,5,0.1075663034283724,0.0339449161040013,5,-4.7288359788359795,1.6723456095886622,5
steady_r20,regime_marginal,0.2,observed,all,stable,0.20355296230309494,0.030746473818498044,5,0.26064814814814813,0.031425262984342985,5,0.0027553192258085836,0.041066471014840795,5,0.14547576475517024,0.0211145552208628,5,0.010416666666666666,0.0072534926484933366,5,0.00972222222222222,0.012508570450098422,5,0.07546296296296295,0.03133989128903019,5,0.0,0.0,5,0.26064814814814813,0.031425262984342985,5,0.25601851851851853,0.028847088110508123,5,0.0,0.0,5,0.1075663034283724,0.0339449161040013,5,-4.7288359788359795,1.6723456095886622,5
steady_r20,regime_marginal,0.2,observed,transit_rough,all,0.1862325461270712,0.07114475720240776,5,0.24722222222222223,0.0810747159594237,5,0.019386786925863687,0.07556198868237157,5,0.1541835639453292,0.03532800797373804,5,0.009126984126984126,0.011117088457402651,5,0.0041666666666666675,0.017772894294541288,5,0.10277777777777777,0.05498842470785877,5,0.0,0.0,5,0.24722222222222223,0.0810747159594237,5,0.2361111111111111,0.06588078458684123,5,0.0,0.0,5,0.0798989898989899,0.054553155437489766,5,-5.05952380952381,2.256808167872486,5
steady_r20,regime_marginal,0.2,observed,transit_rough,stable,0.1862325461270712,0.07114475720240776,5,0.24722222222222223,0.0810747159594237,5,0.019386786925863687,0.07556198868237157,5,0.1541835639453292,0.03532800797373804,5,0.009126984126984126,0.011117088457402651,5,0.0041666666666666675,0.017772894294541288,5,0.10277777777777777,0.05498842470785877,5,0.0,0.0,5,0.24722222222222223,0.0810747159594237,5,0.2361111111111111,0.06588078458684123,5,0.0,0.0,5,0.0798989898989899,0.054553155437489766,5,-5.05952380952381,2.256808167872486,5
steady_r20,regime_marginal,0.2,observed,transit_smooth,all,0.24422864325387256,0.06384493246778908,5,0.25416666666666665,0.08847015085661712,5,0.10392550372028089,0.09215258980744516,5,0.18515265757609142,0.04438651545141985,5,0.0012896825396825397,0.005440543485395342,5,0.0,0.004252586358998573,5,0.08611111111111111,0.03315926773975922,5,0.0,0.0,5,0.25416666666666665,0.08847015085661712,5,0.2541666666666667,0.08847015085661712,5,0.0,0.0,5,0.09378787878787878,0.052689380323724354,5,-5.654761904761905,2.862408342510617,5
steady_r20,regime_marginal,0.2,observed,transit_smooth,stable,0.24422864325387256,0.06384493246778908,5,0.25416666666666665,0.08847015085661712,5,0.10392550372028089,0.09215258980744516,5,0.18515265757609142,0.04438651545141985,5,0.0012896825396825397,0.005440543485395342,5,0.0,0.004252586358998573,5,0.08611111111111111,0.03315926773975922,5,0.0,0.0,5,0.25416666666666665,0.08847015085661712,5,0.2541666666666667,0.08847015085661712,5,0.0,0.0,5,0.09378787878787878,0.052689380323724354,5,-5.654761904761905,2.862408342510617,5
steady_r20,regime_marginal,0.2,observed,warehouse,all,0.18733623128262383,0.05275896240297852,5,0.28055555555555556,0.04875969355983875,5,-0.05261950080529716,0.08987835996676147,5,0.13172325887523484,0.031950129389471456,5,0.020833333333333336,0.013249712687691553,5,0.025,0.02030582155168534,5,0.0375,0.023344078213849463,5,0.0,0.0,5,0.28055555555555556,0.04875969355983875,5,0.2777777777777778,0.05126674673692152,5,0.0,0.0,5,0.1436868686868687,0.05969432047310054,5,-3.4722222222222214,2.6712127019516387,5
steady_r20,regime_marginal,0.2,observed,warehouse,stable,0.18733623128262383,0.05275896240297852,5,0.28055555555555556,0.04875969355983875,5,-0.05261950080529716,0.08987835996676147,5,0.13172325887523484,0.031950129389471456,5,0.020833333333333336,0.013249712687691553,5,0.025,0.02030582155168534,5,0.0375,0.023344078213849463,5,0.0,0.0,5,0.28055555555555556,0.04875969355983875,5,0.2777777777777778,0.05126674673692152,5,0.0,0.0,5,0.1436868686868687,0.05969432047310054,5,-3.4722222222222214,2.6712127019516387,5
switch_d0,regime_conditional,0.2,clean,all,all,0.0,0.0,5,,,0,0.0,0.0,5,,,0,-0.00027777777777777816,0.0038447301803945333,5,,,0,,,0,,,0,,,0,,,0,0.0,0.0,5,-0.00775960827790096,0.010995076148723968,5,-4.320987654320987,2.1905971553361714,5
switch_d0,regime_conditional,0.2,clean,all,stable,0.0,0.0,5,,,0,0.0,0.0,5,,,0,0.0005341880341880337,0.004361627034870331,5,,,0,,,0,,,0,,,0,,,0,0.0,0.0,5,-0.0044877263359515505,0.011258837156590212,5,-3.8461538461538467,2.2082643871691587,5
switch_d0,regime_conditional,0.2,clean,all,transition,0.0,0.0,5,,,0,0.0,0.0,5,,,0,-0.005555555555555555,0.006817905775473676,5,,,0,,,0,,,0,,,0,,,0,0.0,0.0,5,-0.03055555555555555,0.03458305443885759,5,-7.407407407407407,5.465610626443332,5
switch_d0,regime_conditional,0.2,clean,transit_rough,all,0.0,0.0,5,,,0,0.0,0.0,5,,,0,-0.0019444444444444442,0.007115184982754861,5,,,0,,,0,,,0,,,0,,,0,0.0,0.0,5,-0.02169312169312169,0.032096827276408675,5,-4.907407407407407,5.098901815651247,5
switch_d0,regime_conditional,0.2,clean,transit_rough,stable,0.0,0.0,5,,,0,0.0,0.0,5,,,0,-0.0019230769230769227,0.007991424425196899,5,,,0,,,0,,,0,,,0,,,0,0.0,0.0,5,-0.012222222222222221,0.016850834320114555,5,-4.914529914529915,5.620409588701982,5
switch_d0,regime_conditional,0.2,clean,transit_rough,transition,0.0,0.0,4,,,0,0.0,0.0,4,,,0,-0.0020833333333333333,0.009381427837573817,5,,,0,,,0,,,0,,,0,,,0,0.0,0.0,5,-0.04444444444444444,0.07243558228002943,5,-4.861111111111111,7.200153247683236,5
switch_d0,regime_conditional,0.2,clean,transit_smooth,all,0.0,0.0,5,,,0,0.0,0.0,5,,,0,0.0002777777777777784,0.002305536962590506,5,,,0,,,0,,,0,,,0,,,0,0.0,0.0,5,-0.010386141636141636,0.0109380309338932,5,-3.7962962962962967,4.054561860335429,5
switch_d0,regime_conditional,0.2,clean,transit_smooth,stable,0.0,0.0,5,,,0,0.0,0.0,5,,,0,0.001175213675213675,0.0016637191776065628,5,,,0,,,0,,,0,,,0,,,0,0.0,0.0,5,-0.0068253968253968265,0.010032700376546338,5,-3.0982905982905984,3.840956840223835,5
switch_d0,regime_conditional,0.2,clean,transit_smooth,transition,0.0,0.0,2,,,0,0.0,0.0,2,,,0,-0.005555555555555555,0.010588854640261741,5,,,0,,,0,,,0,,,0,,,0,0.0,0.0,5,0.006349206349206349,0.10060912993838547,5,-8.333333333333334,10.003375202005511,5
switch_d0,regime_conditional,0.2,clean,warehouse,all,0.0,0.0,5,,,0,0.0,0.0,5,,,0,0.0008333333333333335,0.006171489049808541,5,,,0,,,0,,,0,,,0,,,0,0.0,0.0,5,0.0028255404725992966,0.021362948672281803,5,-4.259259259259259,5.272495732410346,5
switch_d0,regime_conditional,0.2,clean,warehouse,stable,0.0,0.0,5,,,0,0.0,0.0,5,,,0,0.0023504273504273503,0.006888747718644309,5,,,0,,,0,,,0,,,0,,,0,0.0,0.0,5,0.005352564102564102,0.023323667517554526,5,-3.5256410256410247,5.6608811075807495,5
switch_d0,regime_conditional,0.2,clean,warehouse,transition,0.0,0.0,4,,,0,0.0,0.0,4,,,0,-0.009027777777777777,0.005265885725035798,5,,,0,,,0,,,0,,,0,,,0,0.0,0.0,5,-0.018518518518518517,0.032075014954979206,3,-9.027777777777779,5.2658857250358,5
switch_d0,regime_conditional,0.2,observed,all,all,0.13889125807647829,0.028769853132129274,5,0.3592592592592593,0.031840275674165607,5,-0.03683784057674584,0.05280178152024716,5,0.22379060665383932,0.05402577753833747,5,0.01657088122605364,0.005929807336889364,5,0.08842592592592594,0.029389944903896077,5,0.062037037037037,0.04225408966335051,5,0.0,0.0,5,0.3592592592592593,0.031840275674165607,5,0.21203703703703702,0.044090994262256024,5,0.0,0.0,5,0.19306911005925018,0.029320716185929272,5,-3.224776500638569,2.0642694604399248,5
switch_d0,regime_conditional,0.2,observed,all,stable,0.11000691068325183,0.03428133420821448,5,0.33916511371461316,0.043294113093465626,5,-0.06515192924905185,0.04608077278142402,5,0.20636203158807795,0.049459572505591465,5,0.018342899404635432,0.006363125598189088,5,0.08697700828401607,0.02435293353602519,5,0.0364464845499328,0.028260247580488534,5,0.0,0.0,5,0.33916511371461316,0.043294113093465626,5,0.19959444275907012,0.03954158686560583,5,0.0,0.0,5,0.2287253953716622,0.023537827470894737,5,-2.5784030582442017,2.386060576632976,5
switch_d0,regime_conditional,0.2,observed,all,transition,0.31441271719009173,0.13175889557819462,5,0.47968253968253965,0.054680178261265755,5,0.18667200796115135,0.15809199596339132,5,0.3703105696654638,0.16637863399435562,5,0.005082544001756512,0.010374271664034216,5,0.0678968253968254,0.07989510515775235,5,0.2973809523809524,0.37096315468186225,5,0.0,0.0,5,0.47968253968253965,0.054680178261265755,5,0.30246031746031743,0.11631398479419815,5,0.0,0.0,5,0.011388888888888893,0.07042639095686984,5,-7.444320714276358,5.680376934570871,5
switch_d0,regime_conditional,0.2,observed,transit_rough,all,0.19043290716722594,0.1754472889096791,5,0.3730994152046784,0.09594921310874237,5,0.039501156048691755,0.2858273302664176,5,0.2603236286089604,0.20244847565841795,5,0.01652102372484937,0.02376277174373353,5,0.10731968810916181,0.07498009886601553,5,0.0232943469785575,0.04313127050141121,5,0.0,0.0,5,0.3730994152046784,0.09594921310874237,5,0.18789473684210528,0.15159452531676576,5,0.0,0.0,5,0.11109126984126985,0.1394791595222852,5,-3.0858061202511724,6.08878339161806,5
switch_d0,regime_conditional,0.2,observed,transit_rough,stable,0.19379226645051506,0.22986512982782803,5,0.38388888888888884,0.1387832931917088,5,0.03963094299445069,0.3397550095385824,5,0.24841572819694013,0.2569043741250821,5,0.01759160752860645,0.026144009718585007,5,0.11006944444444447,0.09176459941201136,5,0.016250000000000007,0.10209230875131016,5,0.0,0.0,5,0.38388888888888884,0.1387832931917088,5,0.19708333333333333,0.23465358957144766,5,0.0,0.0,5,0.1409517535604492,0.13364111157697586,5,-2.8996074007873,7.205392649947905,5
switch_d0,regime_conditional,0.2,observed,transit_rough,transition,0.15214319582740637,0.14546794989087136,5,0.33333333333333337,0.22680460581325726,4,0.05637426900584795,0.08148202063041497,5,0.3366565329587231,0.16325399944139862,4,0.009394208037825058,0.012969213125345918,5,0.09027777777777778,0.07649403537897363,4,0.15277777777777773,0.632414863575155,4,0.0,0.0,4,0.33333333333333337,0.22680460581325726,4,0.1388888888888889,0.3286710990610898,4,0.0,0.0,5,-0.09111111111111111,0.16618448769550448,5,-4.364657210401892,4.636562072366814,5
switch_d0,regime_conditional,0.2,observed,transit_smooth,all,0.14381071880383542,0.05748066867803576,5,0.36785436785436787,0.0665317694036428,5,-0.03519132534185657,0.0790263780047481,5,0.24351304653154465,0.08964028016353538,5,0.015124992614762406,0.006743706340436142,5,0.06663059163059164,0.05505279810792435,5,0.11957209457209458,0.12673575541776813,5,0.0,0.0,5,0.36785436785436787,0.0665317694036428,5,0.2448051948051948,0.1367975642462374,5,0.0,0.0,5,0.17978300294476765,0.021688677174892566,5,-3.7911145352826736,4.579092013239055,5
switch_d0,regime_conditional,0.2,observed,transit_smooth,stable,0.10305638927180047,0.07507949079262165,5,0.3280885780885781,0.0747512506174201,5,-0.05844129823606239,0.067561475561057,5,0.230078370985836,0.06312097736298984,5,0.016009959143248858,0.00616474995033034,5,0.04325951825951826,0.05199865812844419,5,0.07400932400932403,0.06385042593093809,5,0.0,0.0,5,0.3280885780885781,0.0747512506174201,5,0.25182595182595185,0.1469786492535781,5,0.0,0.0,5,0.22984126984126982,0.03228998270546413,5,-2.9389063588789996,3.732042263853603,5
switch_d0,regime_conditional,0.2,observed,transit_smooth,transition,0.33932236744736743,0.05272135956653518,4,0.475,0.09953596037316065,4,0.17132936507936508,0.3110382795581054,4,0.2356568748193062,0.208167716803799,4,0.01026002337772232,0.029404327991206923,5,0.10208333333333333,0.11792476415070756,4,0.29166666666666663,0.25000000000000006,4,0.0,0.0,4,0.475,0.09953596037316065,4,0.2666666666666667,0.209054308024742,4,0.0,0.0,5,0.09777777777777778,0.23692995266351574,5,-9.226670682471728,15.405021249896832,5
switch_d0,regime_conditional,0.2,observed,warehouse,all,0.128988311510077,0.03259032047022146,5,0.3430176767676768,0.06199860740304038,5,-0.05653854367542641,0.09289558310642597,5,0.22339271163290486,0.12370734690457677,5,0.01844434783454328,0.011020608835026872,5,0.07757665945165945,0.03155626850962171,5,0.06496753246753244,0.039271020650234106,5,0.0,0.0,5,0.3430176767676768,0.06199860740304038,5,0.22319083694083694,0.03932426505868441,5,0.0,0.0,5,0.23262443438914024,0.09336580795738068,5,-2.6974303479688686,4.744928177668303,5
switch_d0,regime_conditional,0.2,observed,warehouse,stable,0.09332170543370757,0.05089804480268596,5,0.31659041394335513,0.08905060194416466,5,-0.09377677868793112,0.08358865001491103,5,0.18814512736775363,0.11811271998085732,5,0.02187630937111238,0.011721651063399362,5,0.08257703081232494,0.030888084860950765,5,0.0426190476190476,0.04821681683864976,5,0.0,0.0,5,0.31659041394335513,0.08905060194416466,5,0.19917989417989418,0.07426435311440488,5,0.0,0.0,5,0.24701923076923077,0.07148474254804141,5,-1.7740195744532468,4.89233964632992,5
switch_d0,regime_conditional,0.2,observed,warehouse,transition,0.2773790677575672,0.25783908325068833,5,0.5833333333333334,0.08333333333333336,3,0.1854860115729681,0.188289258332876,5,0.3369380960415174,0.2699211207133595,3,-0.0036951966473243074,0.008244345586481745,5,0.03472222222222222,0.0788737270250038,3,0.18055555555555558,0.15774745405000762,3,0.0,0.0,3,0.5833333333333334,0.08333333333333336,3,0.47222222222222227,0.2097176232019653,3,0.0,0.0,5,0.2037037037037037,0.4018987854483464,3,-8.738927199843019,5.914966043628996,5
switch_d0,regime_marginal,0.2,clean,all,all,0.0,0.0,5,,,0,0.0,0.0,5,,,0,0.0009876543209876546,0.003486083443891982,5,,,0,,,0,,,0,,,0,,,0,0.0,0.0,5,-0.0040447088948645776,0.00902509320788112,5,-5.154320987654321,1.4745529858754636,5
switch_d0,regime_marginal,0.2,clean,all,stable,0.0,0.0,5,,,0,0.0,0.0,5,,,0,0.0018874643874643876,0.004454415043318052,5,,,0,,,0,,,0,,,0,,,0,0.0,0.0,5,-0.0014088250930356198,0.00958210654440608,5,-4.985754985754985,1.302416207116078,5
switch_d0,regime_marginal,0.2,clean,all,transition,0.0,0.0,5,,,0,0.0,0.0,5,,,0,-0.00486111111111111,0.0037859785263416957,5,,,0,,,0,,,0,,,0,,,0,0.0,0.0,5,-0.021944444444444444,0.01632756889965066,5,-6.25,2.6645519521345693,5
switch_d0,regime_marginal,0.2,clean,transit_rough,all,0.0,0.0,5,,,0,0.0,0.0,5,,,0,0.0012962962962962967,0.009255786385751115,5,,,0,,,0,,,0,,,0,,,0,0.0,0.0,5,-0.014986772486772488,0.027720856898181417,5,-4.814814814814815,3.741130342747577,5
switch_d0,regime_marginal,0.2,clean,transit_rough,stable,0.0,0.0,5,,,0,0.0,0.0,5,,,0,0.002136752136752137,0.011025516795165755,5,,,0,,,0,,,0,,,0,,,0,0.0,0.0,5,-0.015209235209235209,0.035775138734959126,5,-4.273504273504274,4.015303519864559,5
switch_d0,regime_marginal,0.2,clean,transit_rough,transition,0.0,0.0,4,,,0,0.0,0.0,4,,,0,-0.004166666666666667,0.006678952799191439,5,,,0,,,0,,,0,,,0,,,0,0.0,0.0,5,-0.01111111111111111,0.024845199749997663,5,-8.333333333333332,3.9589424482608955,5
switch_d0,regime_marginal,0.2,clean,transit_smooth,all,0.0,0.0,5,,,0,0.0,0.0,5,,,0,-0.0029629629629629632,0.0018108895570007359,5,,,0,,,0,,,0,,,0,,,0,0.0,0.0,5,-0.006112188465129642,0.005845432964389088,5,-6.481481481481481,4.179506964182359,5
switch_d0,regime_marginal,0.2,clean,transit_smooth,stable,0.0,0.0,5,,,0,0.0,0.0,5,,,0,-0.002670940170940171,0.002297629611923778,5,,,0,,,0,,,0,,,0,,,0,0.0,0.0,5,-0.0023809523809523807,0.005323971374999499,5,-6.730769230769231,4.66612559870138,5
switch_d0,regime_marginal,0.2,clean,transit_smooth,transition,0.0,,1,,,0,0.0,,1,,,0,-0.004861111111111111,0.003105649968749708,5,,,0,,,0,,,0,,,0,,,0,0.0,0.0,5,-0.017777777777777774,0.02557969874049186,5,-4.861111111111112,3.105649968749708,5
switch_d0,regime_marginal,0.2,clean,warehouse,all,0.0,0.0,5,,,0,0.0,0.0,5,,,0,0.004629629629629631,0.009510480826006546,5,,,0,,,0,,,0,,,0,,,0,0.0,0.0,5,0.002564102564102564,0.005733507634614846,5,-4.166666666666666,3.402069087198858,5
switch_d0,regime_marginal,0.2,clean,warehouse,stable,0.0,0.0,5,,,0,0.0,0.0,5,,,0,0.006196581196581196,0.01084020079367226,5,,,0,,,0,,,0,,,0,,,0,0.0,0.0,5,0.005897435897435898,0.008189086883421185,5,-3.9529914529914536,3.035955606492056,5
switch_d0,regime_marginal,0.2,clean,warehouse,transition,,,0,,,0,,,0,,,0,-0.005555555555555555,0.007200153247683237,5,,,0,,,0,,,0,,,0,,,0,0.0,0.0,5,-0.018518518518518517,0.032075014954979206,3,-5.555555555555555,7.200153247683236,5
switch_d0,regime_marginal,0.2,observed,all,all,0.13989827140252903,0.02958502125845237,5,0.17222222222222222,0.024366106235075482,5,0.06354945627832273,0.07164264432217989,5,0.1394811194305167,0.03869164569247672,5,0.004022988505747126,0.004374026993552447,5,0.0,0.008814552205861005,5,0.06666666666666668,0.04884204405519605,5,0.0,0.0,5,0.17222222222222222,0.024366106235075482,5,0.17592592592592593,0.024277982596531255,5,0.0,0.0,5,0.06819941981657082,0.026043282261383485,5,-5.236270753512133,1.3470640555382498,5
switch_d0,regime_marginal,0.2,observed,all,stable,0.13023179955749,0.05192900357501354,5,0.17203509751896848,0.010239085012444998,5,0.04572980109257978,0.08732731320543817,5,0.1382829469669717,0.05253048687250165,5,0.005080865273122662,0.005435685557336072,5,0.000725806451612903,0.009448179244595794,5,0.055797101798214135,0.04005705227965211,5,0.0,0.0,5,0.17203509751896848,0.010239085012444998,5,0.1752532234790299,0.012992503988707415,5,0.0,0.0,5,0.08100214079406245,0.026286177474098175,5,-5.119866288307357,1.2977257582940056,5
switch_d0,regime_marginal,0.2,observed,all,transition,0.1779594543387647,0.19277541061130116,5,0.16035714285714286,0.1624485353704087,5,0.22134920634920632,0.23153468020594672,5,0.20353314484824336,0.1417503347103062,5,-0.0029049430442994522,0.005938022942112803,5,-0.0052579365079365075,0.014862753421873601,5,0.19305555555555556,0.3155101933357549,5,0.0,0.0,5,0.16035714285714286,0.1624485353704087,5,0.171468253968254,0.16486987336949332,5,0.0,0.0,5,0.0030555555555555557,0.05883055286683344,5,-5.986920516139252,1.9059534037651484,5
switch_d0,regime_marginal,0.2,observed,transit_rough,all,0.14421038591056878,0.11619884948669879,5,0.1549512670565302,0.1063995496209099,5,0.11036579881751774,0.2707903242866157,5,0.14407689334670562,0.12636512775022957,5,0.003674780458641125,0.013485219996783735,5,-0.003937621832358675,0.008881329931237728,5,0.008518518518518503,0.10566595915693092,5,0.0,0.0,5,0.1549512670565302,0.1063995496209099,5,0.1549512670565302,0.1063995496209099,5,0.0,0.0,5,0.01580026455026455,0.06724449180991994,5,-4.830329648833464,3.683009986134905,5
switch_d0,regime_marginal,0.2,observed,transit_rough,stable,0.14089464715024214,0.13462304043061732,5,0.16375,0.11398877733366866,5,0.09040302063190492,0.29208084160292364,5,0.1483074741877825,0.1397550904964982,5,0.005004409876743757,0.015531302839681719,5,-0.003125,0.01015291077584267,5,0.0040277777777777855,0.05331054200520653,5,0.0,0.0,5,0.16375,0.11398877733366866,5,0.16375,0.11398877733366866,5,0.0,0.0,5,0.02422548466026727,0.07199157152400953,5,-4.257555800574226,3.824057611388515,5
switch_d0,regime_marginal,0.2,observed,transit_rough,transition,0.12121356903965601,0.18701755166377948,5,0.1111111111111111,0.15713484026367722,4,0.16,0.22410315085295485,5,0.14106749350068015,0.16107695517813747,4,-0.005061071710007881,0.007429669372892355,5,-0.006944444444444444,0.013888888888888888,4,0.08333333333333331,0.5527707983925667,4,0.0,0.0,4,0.1111111111111111,0.15713484026367722,4,0.1111111111111111,0.15713484026367722,4,0.0,0.0,5,-0.07777777777777778,0.14487116456005883,5,-8.57565011820331,3.9835299678394978,5
switch_d0,regime_marginal,0.2,observed,transit_smooth,all,0.11990592303572208,0.12424012895856086,5,0.1166056166056166,0.11176934900910226,5,0.09996900614378586,0.1300955349125682,5,0.12322360846857187,0.1046333677355452,5,-0.0006646392447465481,0.003558728942839077,5,0.0024877899877899876,0.009912060726047833,5,0.08391885891885889,0.05942851993017584,5,0.0,0.0,5,0.1166056166056166,0.11176934900910226,5,0.11938339438339436,0.11263086864285343,5,0.0,0.0,5,0.03926912870411322,0.041365474523049964,5,-6.471087775383689,4.340205038182543,5
switch_d0,regime_marginal,0.2,observed,transit_smooth,stable,0.14806767075106436,0.10774677680176736,5,0.15042735042735042,0.09433948222429549,5,0.11829791022142486,0.12084859395462932,5,0.128955361374415,0.10793181096897764,5,-0.0005423303585440027,0.003892120704680465,5,0.001282051282051282,0.0070220840705790535,5,0.0974164724164724,0.1102066027157643,5,0.0,0.0,5,0.15042735042735042,0.09433948222429549,5,0.15042735042735042,0.09433948222429549,5,0.0,0.0,5,0.05015873015873016,0.05433001997789703,5,-6.7951282071308245,4.748423314992496,5
switch_d0,regime_marginal,0.2,observed,transit_smooth,transition,-0.16264430014430015,0.08949437044279544,4,-0.1333333333333333,0.06666666666666667,4,-0.20000000000000004,0.13333333333333336,3,0.06388242231068342,0.09119268492533063,4,-0.0013833014220252565,0.004199414202709247,5,-0.010416666666666666,0.05242940580049131,4,0.029166666666666688,0.1204736024566747,4,0.0,0.0,4,-0.1333333333333333,0.06666666666666667,4,-0.09166666666666666,0.08766518798921943,4,0.0,0.0,5,0.062222222222222213,0.15487948321513617,5,-4.352128735236538,2.987561329264966,5
switch_d0,regime_marginal,0.2,observed,warehouse,all,0.13301961464196713,0.08075893490260393,5,0.2030333092833093,0.05782723955405901,5,-0.005979909896203927,0.1400177222126147,5,0.12092166552366301,0.13007210246928191,5,0.009274971553850243,0.01015887941836344,5,-0.0002056277056277051,0.012207413222142208,5,0.1122101972101972,0.08116894678701261,5,0.0,0.0,5,0.2030333092833093,0.05782723955405901,5,0.21083092833092834,0.06498969335335973,5,0.0,0.0,5,0.12950226244343893,0.04017911006134603,5,-4.315506945551673,3.314645251971746,5
switch_d0,regime_marginal,0.2,observed,warehouse,stable,0.08833003630783612,0.12840621404298472,5,0.1629474011826953,0.08661452600390257,5,-0.03499236037140561,0.15641205254158946,5,0.08992273041128675,0.14473771036783797,5,0.010994668978838527,0.01161926840622411,5,0.0008465608465608471,0.015480881575461443,5,0.09087924058512295,0.08697465633625956,5,0.0,0.0,5,0.1629474011826953,0.08661452600390257,5,0.1714394646747588,0.09230129346307717,5,0.0,0.0,5,0.13596153846153847,0.04121326288314655,5,-4.219625600235823,3.0488750515410636,5
switch_d0,regime_marginal,0.2,observed,warehouse,transition,0.5546673954134499,0.01477061150688207,3,0.5416666666666666,0.12499999999999994,3,0.4,0.5656854249492381,2,0.23390565728445045,0.4197260640870995,3,-0.002145004625346901,0.010589067971878528,5,0.0,0.0,3,0.20833333333333334,0.2083333333333333,3,0.0,0.0,3,0.5416666666666666,0.12499999999999994,3,0.5416666666666666,0.12499999999999994,3,0.0,0.0,5,0.2037037037037037,0.4018987854483464,3,-4.981884057971015,6.046190940368595,5
switch_d12,regime_conditional,0.2,clean,all,all,0.0,0.0,5,,,0,0.0,0.0,5,,,0,0.01728395061728395,0.004036017540315438,5,,,0,,,0,,,0,,,0,,,0,0.0,0.0,5,0.009045337914694428,0.00998565982365819,5,-7.469135802469134,2.969626637389466,5
switch_d12,regime_conditional,0.2,clean,all,stable,0.0,0.0,5,,,0,0.0,0.0,5,,,0,-0.0007122507122507123,0.004326959715179084,5,,,0,,,0,,,0,,,0,,,0,0.0,0.0,5,-0.007048214942951786,0.011498187838386818,5,-4.522792022792023,2.333912019631188,5
switch_d12,regime_conditional,0.2,clean,all,transition,0.0,0.0,5,,,0,0.0,0.0,5,,,0,0.13425925925925922,0.005958119294552672,5,,,0,,,0,,,0,,,0,,,0,0.0,0.0,5,0.07722222222222222,0.07840520737304298,5,-26.62037037037037,15.54980190109306,5
switch_d12,regime_conditional,0.2,clean,transit_rough,all,0.0,0.0,5,,,0,0.0,0.0,5,,,0,0.016111111111111114,0.010333515861921688,5,,,0,,,0,,,0,,,0,,,0,0.0,0.0,5,0.013121693121693121,0.04657196836865827,5,-10.74074074074074,4.421235698634563,5
switch_d12,regime_conditional,0.2,clean,transit_rough,stable,0.0,0.0,5,,,0,0.0,0.0,5,,,0,-0.0028846153846153848,0.008211566540070447,5,,,0,,,0,,,0,,,0,,,0,0.0,0.0,5,-0.012222222222222221,0.016850834320114555,5,-5.769230769230769,5.439807529102978,5
switch_d12,regime_conditional,0.2,clean,transit_rough,transition,0.0,0.0,5,,,0,0.0,0.0,5,,,0,0.1395833333333333,0.03790928906654495,5,,,0,,,0,,,0,,,0,,,0,0.0,0.0,5,0.049999999999999996,0.21730674684008827,5,-43.05555555555556,25.34960034506108,5
switch_d12,regime_conditional,0.2,clean,transit_smooth,all,0.0,0.0,5,,,0,0.0,0.0,5,,,0,0.005925925925925929,0.005795364378994847,5,,,0,,,0,,,0,,,0,,,0,0.0,0.0,5,-0.0009270442319977895,0.02330940705112208,5,-8.148148148148149,3.3799467126748124,5
switch_d12,regime_conditional,0.2,clean,transit_smooth,stable,0.0,0.0,5,,,0,0.0,0.0,5,,,0,0.00021367521367521256,0.0020200502565372908,5,,,0,,,0,,,0,,,0,,,0,0.0,0.0,5,-0.0068253968253968265,0.010032700376546338,5,-3.4188034188034186,3.6544084137792883,5
switch_d12,regime_conditional,0.2,clean,transit_smooth,transition,0.0,0.0,5,,,0,0.0,0.0,5,,,0,0.043055555555555555,0.048648299267342744,5,,,0,,,0,,,0,,,0,,,0,0.0,0.0,5,0.017460317460317454,0.07248773799225676,5,-38.888888888888886,25.914039107007348,5
switch_d12,regime_conditional,0.2,clean,warehouse,all,0.0,0.0,5,,,0,0.0,0.0,5,,,0,0.029814814814814815,0.006987520720268857,5,,,0,,,0,,,0,,,0,,,0,0.0,0.0,5,0.025218702865761684,0.03951452444077907,5,-3.518518518518519,5.130331547109285,5
switch_d12,regime_conditional,0.2,clean,warehouse,stable,0.0,0.0,5,,,0,0.0,0.0,5,,,0,0.000534188034188034,0.006067209771154138,5,,,0,,,0,,,0,,,0,,,0,0.0,0.0,5,-0.0038782051282051284,0.022106208612906554,5,-4.380341880341881,5.880922625864481,5
switch_d12,regime_conditional,0.2,clean,warehouse,transition,0.0,0.0,5,,,0,0.0,0.0,5,,,0,0.22013888888888888,0.02336988704231093,5,,,0,,,0,,,0,,,0,,,0,0.0,0.0,5,0.2777777777777778,0.2545875386086578,3,2.083333333333333,7.60725774312731,5
switch_d12,regime_conditional,0.2,observed,all,all,0.06106143279012555,0.016447282766257888,5,0.29814814814814816,0.038540102570865556,5,0.024434544674777535,0.011133132573820674,5,0.0227863283284707,0.00549012708970331,5,0.032918263090676886,0.005032408600053441,5,0.08935185185185185,0.02048316833854532,5,0.036111111111111094,0.017135884743816394,5,0.0,0.0,5,0.29814814814814816,0.038540102570865556,5,0.1574074074074074,0.03322384281112808,5,0.0,0.0,5,0.21774620447687393,0.030460697302914227,5,-6.321839080459771,2.339728092025703,5
switch_d12,regime_conditional,0.2,observed,all,stable,0.12248748425233202,0.03465175182110697,5,0.3371043583779958,0.03781913954477807,5,-0.047840991391085594,0.052240454085885686,5,0.2184335621561102,0.057929881983667074,5,0.01620750144545805,0.006262700707327373,5,0.08640678997186227,0.026752720112533,5,0.041790766395883194,0.022355038239584513,5,0.0,0.0,5,0.3371043583779958,0.03781913954477807,5,0.19753368742245273,0.03857615985601534,5,0.0,0.0,5,0.21653913202260816,0.02586531705233097,5,-3.131301011112614,2.328481501223394,5
switch_d12,regime_conditional,0.2,observed,all,transition,-0.013113957073412239,0.010564213017645614,5,0.05226190476190477,0.08162405177191587,5,-0.007697406155596234,0.005889466425453211,5,-0.0032497400725714164,0.005003516079709117,5,0.1414875935102063,0.011972120892065825,5,0.10914682539682538,0.09699520994074261,5,0.004761904761904756,0.010647942749998985,5,0.0,0.0,5,0.05226190476190477,0.08162405177191587,5,-0.11944444444444444,0.15074403945794596,5,0.0,0.0,5,0.17972222222222226,0.1782480758471459,5,-26.962481022231316,14.641158769038515,5
switch_d12,regime_conditional,0.2,observed,transit_rough,all,0.06289278648963874,0.055513603767948776,5,0.32842105263157895,0.11367133467382101,5,0.020868184389208556,0.0456377725467217,5,0.024332059172042196,0.01815676938307477,5,0.03341964859028908,0.022408005544493365,5,0.10848927875243666,0.06537687746027879,5,0.019512670565302148,0.08932578117309312,5,0.0,0.0,5,0.32842105263157895,0.11367133467382101,5,0.1613450292397661,0.20309563496363253,5,0.0,0.0,5,0.2008994708994709,0.06929086065280499,5,-8.617331752409921,6.043590750814029,5
switch_d12,regime_conditional,0.2,observed,transit_rough,stable,0.20198852723808008,0.23644252432461088,5,0.3783333333333333,0.1353101432877196,5,0.05407908596187546,0.3516454601961756,5,0.2549361488238927,0.25526292892563623,5,0.01603945937496678,0.02521715977846529,5,0.11006944444444447,0.09176459941201136,5,0.02250000000000001,0.10260119966569352,5,0.0,0.0,5,0.3783333333333333,0.1353101432877196,5,0.1915277777777778,0.2387497576108911,5,0.0,0.0,5,0.13977853064809587,0.12547162855884997,5,-3.560856125939677,6.978297698976072,5
switch_d12,regime_conditional,0.2,observed,transit_rough,transition,-0.01628321426240355,0.030378812582404453,5,0.02777777777777779,0.11564811108145188,4,-0.010108176168689134,0.018343731114940285,5,-0.001101502554395819,0.0009137713153171212,4,0.14662135539795113,0.027320362801980566,5,0.09722222222222224,0.15957118462605638,4,0.013888888888888881,0.027777777777777762,4,0.0,0.0,4,0.02777777777777779,0.11564811108145188,4,-0.027777777777777762,0.055555555555555525,4,0.0,0.0,5,0.33999999999999997,0.23021728866442678,5,-41.448975571316,22.860081670744822,5
switch_d12,regime_conditional,0.2,observed,transit_smooth,all,0.07595282808596353,0.03804621981837504,5,0.28834498834498834,0.09189313357669224,5,0.04104964019823641,0.021442819410942802,5,0.01881531796434464,0.010286358894137563,5,0.01887061716459593,0.007568447494617006,5,0.05815295815295816,0.04280740453869733,5,0.05059662559662559,0.03385612507317011,5,0.0,0.0,5,0.28834498834498834,0.09189313357669224,5,0.20057720057720055,0.1465856610935116,5,0.0,0.0,5,0.18161459928100795,0.05000575588865029,5,-8.872923095034363,3.6092474194645576,5
switch_d12,regime_conditional,0.2,observed,transit_smooth,stable,0.11911174052589417,0.07658561298894662,5,0.32505827505827506,0.07706025417779978,5,-0.03798051649657222,0.07693684577519787,5,0.2309794297701865,0.07051175469117817,5,0.01359292726984394,0.00688659762040435,5,0.04197746697746697,0.052616995849546905,5,0.0647824397824398,0.04327345457823993,5,0.0,0.0,5,0.32505827505827506,0.07706025417779978,5,0.2487956487956488,0.15235503524308466,5,0.0,0.0,5,0.2176190476190476,0.04139708710599911,5,-3.6045116726732145,3.183690900061196,5
switch_d12,regime_conditional,0.2,observed,transit_smooth,transition,0.0075648991094412425,0.026934910822880357,5,0.05833333333333335,0.11666666666666671,4,0.004366022719896822,0.015206690251235187,5,-0.0019920549335276042,0.00900956918525463,4,0.05226340215180221,0.042557844676955024,5,0.1375,0.13149778198382917,4,0.0,0.0,4,0.0,0.0,4,0.05833333333333335,0.11666666666666671,4,-0.125,0.25,4,0.0,0.0,5,0.0546031746031746,0.12144465087023676,5,-42.936381162049685,24.788932876606296,5
switch_d12,regime_conditional,0.2,observed,warehouse,all,0.03241199975492301,0.040834273612969166,5,0.288030303030303,0.09284615571886791,5,-0.012428453601825979,0.03575326548325266,5,0.02008390947271384,0.010703892818400139,5,0.046936713671871653,0.011221243080592766,5,0.08703583453583454,0.03817796124995977,5,0.04499699374699375,0.04328958234967175,5,0.0,0.0,5,0.288030303030303,0.09284615571886791,5,0.16155363155363156,0.1005956872623224,5,0.0,0.0,5,0.24760180995475115,0.06693762629809012,5,-1.3468962153383308,4.2525394496054645,5
switch_d12,regime_conditional,0.2,observed,warehouse,stable,0.10768903772599103,0.03948917454511142,5,0.3185511982570806,0.08988528609049047,5,-0.07554480946686962,0.08722925351510047,5,0.21279045207906053,0.1038719796693464,5,0.019432414177376477,0.01191712043537345,5,0.0821685340802988,0.03248474614389219,5,0.04654061624649859,0.04454122953359277,5,0.0,0.0,5,0.3185511982570806,0.08988528609049047,5,0.2011406784936197,0.07331465714906173,5,0.0,0.0,5,0.22830128205128206,0.08588694085330274,5,-2.1070359269359535,4.5193204364208714,5
switch_d12,regime_conditional,0.2,observed,warehouse,transition,-0.02954519651377686,0.04661083939479737,5,-0.013888888888888914,0.02405626121623445,3,-0.019025116705329782,0.031492575462217905,5,0.004485665094451169,0.005415696173291049,3,0.22354768779375625,0.015173297015692913,5,0.17361111111111108,0.16710013077105504,3,0.0,0.0,3,0.0,0.0,3,-0.013888888888888914,0.02405626121623445,3,-0.3194444444444445,0.3342002615421102,3,0.0,0.0,5,0.40740740740740744,0.5250906251391788,3,3.748808622767919,9.433588992837294,5
switch_d12,regime_marginal,0.2,clean,all,all,0.0,0.0,5,,,0,0.0,0.0,5,,,0,0.004135802469135805,0.006217431528269385,5,,,0,,,0,,,0,,,0,,,0,0.0,0.0,5,0.003148674515436322,0.01766273106934165,5,-9.104938271604938,1.3672874341565864,5
switch_d12,regime_marginal,0.2,clean,all,stable,0.0,0.0,5,,,0,0.0,0.0,5,,,0,0.0010683760683760685,0.004196767717020183,5,,,0,,,0,,,0,,,0,,,0,0.0,0.0,5,-0.0014088250930356198,0.00958210654440608,5,-5.0925925925925934,1.256572561565338,5
switch_d12,regime_marginal,0.2,clean,all,transition,0.0,0.0,5,,,0,0.0,0.0,5,,,0,0.02407407407407408,0.022087991588824508,5,,,0,,,0,,,0,,,0,,,0,0.0,0.0,5,0.019166666666666658,0.09079127466643233,5,-35.18518518518518,6.876597582181912,5
switch_d12,regime_marginal,0.2,clean,transit_rough,all,0.0,0.0,5,,,0,0.0,0.0,5,,,0,0.008148148148148151,0.01263049171598851,5,,,0,,,0,,,0,,,0,,,0,0.0,0.0,5,0.004874338624338624,0.031472619050676685,5,-7.777777777777777,4.054561860335429,5
switch_d12,regime_marginal,0.2,clean,transit_rough,stable,0.0,0.0,5,,,0,0.0,0.0,5,,,0,0.0012820512820512818,0.011145215985348607,5,,,0,,,0,,,0,,,0,,,0,0.0,0.0,5,-0.015209235209235209,0.035775138734959126,5,-4.273504273504274,4.339764105040577,5
switch_d12,regime_marginal,0.2,clean,transit_rough,transition,0.0,0.0,5,,,0,0.0,0.0,5,,,0,0.05277777777777777,0.051699978060744674,5,,,0,,,0,,,0,,,0,,,0,0.0,0.0,5,0.1288888888888889,0.21236469911945996,5,-30.555555555555554,17.081074828123388,5
switch_d12,regime_marginal,0.2,clean,transit_smooth,all,0.0,0.0,5,,,0,0.0,0.0,5,,,0,0.0006481481481481477,0.0013337833602674034,5,,,0,,,0,,,0,,,0,,,0,0.0,0.0,5,-0.0036640668413114295,0.023750867826342927,5,-11.38888888888889,4.817929903980627,5
switch_d12,regime_marginal,0.2,clean,transit_smooth,stable,0.0,0.0,5,,,0,0.0,0.0,5,,,0,-0.002777777777777778,0.0023406946901930173,5,,,0,,,0,,,0,,,0,,,0,0.0,0.0,5,-0.0023809523809523807,0.005323971374999499,5,-6.730769230769231,4.66612559870138,5
switch_d12,regime_marginal,0.2,clean,transit_smooth,transition,0.0,0.0,5,,,0,0.0,0.0,5,,,0,0.022916666666666696,0.01676044220298219,5,,,0,,,0,,,0,,,0,,,0,0.0,0.0,5,0.015873015873015865,0.12189194707776503,5,-41.666666666666664,8.14308291636012,5
switch_d12,regime_marginal,0.2,clean,warehouse,all,0.0,0.0,5,,,0,0.0,0.0,5,,,0,0.003611111111111115,0.012114246677575862,5,,,0,,,0,,,0,,,0,,,0,0.0,0.0,5,0.005128205128205128,0.0070220840705790535,5,-8.148148148148149,2.4845199749997664,5
switch_d12,regime_marginal,0.2,clean,warehouse,stable,0.0,0.0,5,,,0,0.0,0.0,5,,,0,0.004700854700854701,0.009309289829391968,5,,,0,,,0,,,0,,,0,,,0,0.0,0.0,5,0.005897435897435898,0.008189086883421185,5,-4.273504273504274,2.9742330998023623,5
switch_d12,regime_marginal,0.2,clean,warehouse,transition,0.0,0.0,5,,,0,0.0,0.0,5,,,0,-0.003472222222222232,0.04487099994208366,5,,,0,,,0,,,0,,,0,,,0,0.0,0.0,5,0.0,0.0,3,-33.33333333333333,9.054447785003683,5
switch_d12,regime_marginal,0.2,observed,all,all,0.05934802289922375,0.015819686320368728,5,0.1481481481481482,0.025357525810424376,5,0.036007388094863924,0.01226343103023764,5,0.013899211760387064,0.005403109604081929,5,0.007056194125159646,0.007038220493254669,5,-0.0009259259259259293,0.008599155380095699,5,0.06111111111111114,0.03723903250405596,5,0.0,0.0,5,0.1481481481481482,0.025357525810424376,5,0.15462962962962962,0.02505994185689696,5,0.0,0.0,5,0.07135579982492282,0.02776765388326174,5,-9.323116219667943,1.2751421167123793,5
switch_d12,regime_marginal,0.2,observed,all,stable,0.13935901339451803,0.05249326974796207,5,0.1738492665411464,0.014719825955962199,5,0.06406435076611469,0.08489758200060026,5,0.1469910533903865,0.052497678888402156,5,0.004049470470121653,0.004996602325639076,5,0.000725806451612903,0.009448179244595794,5,0.07168352040988302,0.04735332280332246,5,0.0,0.0,5,0.1738492665411464,0.014719825955962199,5,0.17706739250120784,0.01750105589171178,5,0.0,0.0,5,0.07642145016686021,0.02450470769694748,5,-5.230323410762843,1.2457188226400566,5
switch_d12,regime_marginal,0.2,observed,all,transition,-0.00537748616754973,0.012904069776494283,5,-0.04365079365079365,0.15409910983291739,5,-0.0029396629954624278,0.0066762154185364365,5,-0.0011509468621037754,0.0036686744294957443,5,0.026535241330213753,0.02349414371819107,5,-0.0027380952380952283,0.061502239879569244,5,0.004761904761904756,0.010647942749998985,5,0.0,0.0,5,-0.04365079365079365,0.15409910983291739,5,0.02055555555555555,0.05718445355509714,5,0.0,0.0,5,0.04666666666666664,0.11282360864050871,5,-35.899720567631256,4.974142074420691,5
switch_d12,regime_marginal,0.2,observed,transit_rough,all,0.04398331179615063,0.04313471946182414,5,0.12155945419103313,0.08136251773352321,5,0.021417162354915024,0.03657946055857674,5,0.011509921626429281,0.008838641471281945,5,0.01036117527730114,0.016318368794941047,5,-0.010185185185185183,0.011527684812952525,5,0.023294346978557458,0.04873099411305886,5,0.0,0.0,5,0.12155945419103313,0.08136251773352321,5,0.14664717348927875,0.09730448624559693,5,0.0,0.0,5,0.02755952380952382,0.05920750948371582,5,-7.510098061995431,3.896542345363567,5
switch_d12,regime_marginal,0.2,observed,transit_rough,stable,0.14909988513164701,0.13661172332457122,5,0.16375,0.11398877733366866,5,0.10909851360676744,0.29159247489807977,5,0.16092379679192614,0.1408400524288398,5,0.0039018521501503712,0.015184323202466826,5,-0.003125,0.01015291077584267,5,0.02486111111111111,0.05634508424448861,5,0.0,0.0,5,0.16375,0.11398877733366866,5,0.16375,0.11398877733366866,5,0.0,0.0,5,0.021326933935629587,0.06674699812114308,5,-4.253520820969213,4.162267445984951,5
switch_d12,regime_marginal,0.2,observed,transit_rough,transition,-0.01743612579903998,0.021734440254835685,5,-0.1388888888888889,0.2421610524189263,4,-0.009987141767462132,0.01226085271223655,5,-0.001666088362020513,0.006253836056823829,4,0.052622143420015755,0.055395593786961794,5,-0.041666666666666685,0.09487917375888513,4,0.013888888888888881,0.027777777777777762,4,0.0,0.0,4,-0.1388888888888889,0.2421610524189263,4,0.04166666666666666,0.08333333333333331,4,0.0,0.0,5,0.04666666666666667,0.07302967433402213,5,-28.875098502758078,13.250469315436552,5
switch_d12,regime_marginal,0.2,observed,transit_smooth,all,0.04944967559314672,0.06634428439895264,5,0.11187978687978686,0.1334179805208302,5,0.03137535855511424,0.0437940981522712,5,0.008852058503411322,0.013118260544538065,5,0.003536538239020978,0.0027872102287369014,5,0.00564435564435564,0.011619487033366517,5,0.07655955155955159,0.05175287959654068,5,0.0,0.0,5,0.11187978687978686,0.1334179805208302,5,0.1144050394050394,0.13934429188384279,5,0.0,0.0,5,0.05177671270937525,0.06453522712805751,5,-11.723461417068263,4.825168546750893,5
switch_d12,regime_marginal,0.2,observed,transit_smooth,stable,0.14203600609769884,0.12787874577263966,5,0.1388888888888889,0.12160729294984783,5,0.1143815489556222,0.1319677007957583,5,0.1228581106294,0.11936514602468894,5,-0.0006538130787223751,0.003900634482556566,5,0.001282051282051282,0.0070220840705790535,5,0.1053224553224553,0.08548381432438083,5,0.0,0.0,5,0.1388888888888889,0.12160729294984783,5,0.1388888888888889,0.12160729294984783,5,0.0,0.0,5,0.05015873015873016,0.05433001997789703,5,-6.7951282071308245,4.748423314992496,5
switch_d12,regime_marginal,0.2,observed,transit_smooth,transition,-0.01547673651227582,0.018175426470344064,5,-0.11666666666666667,0.15752718754175363,4,-0.008756344947814134,0.010661640800833079,5,-0.001168712105752508,0.010637088772511544,4,0.03103066951597595,0.005843896959798626,5,0.012499999999999983,0.024999999999999967,4,0.0,0.0,4,0.0,0.0,4,-0.11666666666666667,0.15752718754175363,4,-0.04166666666666667,0.08333333333333334,4,0.0,0.0,5,0.13682539682539682,0.2589817648942586,5,-44.18881036555778,7.603673191914319,5
switch_d12,regime_marginal,0.2,observed,warehouse,all,0.07243546208217663,0.049389311669197425,5,0.17883597883597885,0.08180979003610628,5,0.04398270662719149,0.03763878687256386,5,0.02190346303879059,0.012919312151181854,5,0.0074239152934937715,0.012265489380553767,5,0.0014463083213083188,0.01278533498839642,5,0.08849386724386728,0.08237942240433917,5,0.0,0.0,5,0.17883597883597885,0.08180979003610628,5,0.1712085137085137,0.09999487589917297,5,0.0,0.0,5,0.11755656108597286,0.032106969633557844,5,-8.658328895453579,2.4535311120950056,5
switch_d12,regime_marginal,0.2,observed,warehouse,stable,0.10101626843639169,0.12256083305483884,5,0.16728913787737315,0.08890975331090421,5,-0.018051923255575898,0.1476381380970191,5,0.10241914134727452,0.13545963121516233,5,0.009111270763022459,0.00937918193512831,5,0.0008465608465608471,0.015480881575461443,5,0.09284002489884843,0.08505553847400256,5,0.0,0.0,5,0.16728913787737315,0.08890975331090421,5,0.17578120136943665,0.09434555004182331,5,0.0,0.0,5,0.12826923076923075,0.030179647843939804,5,-4.551122988385233,3.012664643068985,5
switch_d12,regime_marginal,0.2,observed,warehouse,transition,0.01400517357432976,0.030054609286886393,5,0.19444444444444442,0.33678765702728164,3,0.0073770378762063795,0.015986486517768912,5,0.008439384871976955,0.010932650723773436,3,-0.0029166549864977354,0.04613491142233054,5,-0.020833333333333353,0.14583333333333334,3,0.0,0.0,3,0.0,0.0,3,0.19444444444444442,0.33678765702728164,3,0.125,0.18162078931419476,3,0.0,0.0,5,0.0,0.0,3,-35.04774853063475,7.981487300581626,5
switch_d4,regime_conditional,0.2,clean,all,all,0.0,0.0,5,,,0,0.0,0.0,5,,,0,-0.00030864197530863985,0.0026884647207074605,5,,,0,,,0,,,0,,,0,,,0,0.0,0.0,5,-0.007537256320338834,0.00870053251460725,5,-5.15432098765432,1.950802850995121,5
switch_d4,regime_conditional,0.2,clean,all,stable,0.0,0.0,5,,,0,0.0,0.0,5,,,0,0.0003917378917378912,0.0043038158159561,5,,,0,,,0,,,0,,,0,,,0,0.0,0.0,5,-0.0044877263359515505,0.011258837156590212,5,-3.9173789173789175,2.314814814814815,5
switch_d4,regime_conditional,0.2,clean,all,transition,0.0,0.0,5,,,0,0.0,0.0,5,,,0,-0.00486111111111111,0.010620434950883755,5,,,0,,,0,,,0,,,0,,,0,0.0,0.0,5,-0.0338888888888889,0.05227833864382098,5,-13.194444444444446,7.960068918541389,5
switch_d4,regime_conditional,0.2,clean,transit_rough,all,0.0,0.0,5,,,0,0.0,0.0,5,,,0,-0.003796296296296295,0.005941458232279844,5,,,0,,,0,,,0,,,0,,,0,0.0,0.0,5,-0.01915343915343915,0.021957353220100062,5,-7.129629629629631,3.990622581390731,5
switch_d4,regime_conditional,0.2,clean,transit_rough,stable,0.0,0.0,5,,,0,0.0,0.0,5,,,0,-0.0020299145299145296,0.008096077432514134,5,,,0,,,0,,,0,,,0,,,0,0.0,0.0,5,-0.012222222222222221,0.016850834320114555,5,-5.021367521367521,5.735995596387229,5
switch_d4,regime_conditional,0.2,clean,transit_rough,transition,0.0,0.0,5,,,0,0.0,0.0,5,,,0,-0.015277777777777769,0.02003685839757432,5,,,0,,,0,,,0,,,0,,,0,0.0,0.0,5,-0.061111111111111116,0.06916610887771518,5,-20.833333333333332,13.888888888888888,5
switch_d4,regime_conditional,0.2,clean,transit_smooth,all,0.0,0.0,5,,,0,0.0,0.0,5,,,0,-0.0016666666666666676,0.0029023014849365713,5,,,0,,,0,,,0,,,0,,,0,0.0,0.0,5,-0.014827179184764325,0.017600481311575544,5,-5.555555555555555,3.9419875847051844,5
switch_d4,regime_conditional,0.2,clean,transit_smooth,stable,0.0,0.0,5,,,0,0.0,0.0,5,,,0,0.0008547008547008539,0.0017555210176447636,5,,,0,,,0,,,0,,,0,,,0,0.0,0.0,5,-0.0068253968253968265,0.010032700376546338,5,-3.2051282051282053,3.6816369530155506,5
switch_d4,regime_conditional,0.2,clean,transit_smooth,transition,0.0,0.0,5,,,0,0.0,0.0,5,,,0,-0.018055555555555554,0.015015102993360868,5,,,0,,,0,,,0,,,0,,,0,0.0,0.0,5,-0.0380952380952381,0.0763391406756257,5,-20.833333333333332,13.670152559048285,5
switch_d4,regime_conditional,0.2,clean,warehouse,all,0.0,0.0,5,,,0,0.0,0.0,5,,,0,0.004537037037037036,0.0060220787190774444,5,,,0,,,0,,,0,,,0,,,0,0.0,0.0,5,0.007953745600804423,0.023487084478611996,5,-2.7777777777777777,5.268429017009742,5
switch_d4,regime_conditional,0.2,clean,warehouse,stable,0.0,0.0,5,,,0,0.0,0.0,5,,,0,0.0023504273504273503,0.006888747718644309,5,,,0,,,0,,,0,,,0,,,0,0.0,0.0,5,0.005352564102564102,0.023323667517554526,5,-3.5256410256410247,5.6608811075807495,5
switch_d4,regime_conditional,0.2,clean,warehouse,transition,0.0,0.0,5,,,0,0.0,0.0,5,,,0,0.018749999999999996,0.020919958793600094,5,,,0,,,0,,,0,,,0,,,0,0.0,0.0,5,0.018518518518518517,0.032075014954979206,3,2.083333333333333,10.300275676521759,5
switch_d4,regime_conditional,0.2,observed,all,all,0.11175993074903409,0.022098754425055576,5,0.3083333333333333,0.03854010257086556,5,0.039099705827286356,0.018392640419765516,5,0.09290971298539467,0.018365144569171113,5,0.016283524904214558,0.0037828849332927155,5,0.0824074074074074,0.02169019773170829,5,0.04351851851851849,0.029931907176378895,5,0.0,0.0,5,0.3083333333333333,0.03854010257086556,5,0.17870370370370373,0.045901090955353496,5,0.0,0.0,5,0.19848568717795495,0.026521783541520193,5,-4.0549169859514675,1.653667198285895,5
switch_d4,regime_conditional,0.2,observed,all,stable,0.11099418732948182,0.03328021479972125,5,0.3381550127045122,0.04263432494061376,5,-0.06351090269120968,0.04598938765426459,5,0.21026806441971996,0.051756850435836214,5,0.018085274346370184,0.006259678837908683,5,0.08697700828401607,0.02435293353602519,5,0.03442628252973079,0.0291560494756093,5,0.0,0.0,5,0.3381550127045122,0.04263432494061376,5,0.19858434174896913,0.03984997564200806,5,0.0,0.0,5,0.22709550071851173,0.024106198704140217,5,-2.615316688876424,2.5086024651725762,5
switch_d4,regime_conditional,0.2,observed,all,transition,0.023721675523124826,0.03133568213746029,5,0.10242063492063491,0.12955790114094692,5,0.013720677579257611,0.018563700270743312,5,0.0005002822184001707,0.02050665323162108,5,0.004577633061844772,0.013855418415250027,5,0.038670634920634925,0.07944441718994824,5,0.138452380952381,0.14351757064520088,5,0.0,0.0,5,0.10242063492063491,0.12955790114094692,5,0.010912698412698419,0.14382183647665703,5,0.0,0.0,5,0.028611111111111098,0.11753808156203652,5,-13.38721283780328,7.629424372408207,5
switch_d4,regime_conditional,0.2,observed,transit_rough,all,0.13113576881258499,0.08990636539261469,5,0.32323586744639377,0.09099445688816446,5,0.05119961270286575,0.10454112762516271,5,0.09036986290690993,0.037173608090683846,5,0.013918769821892617,0.020893368291645766,5,0.10163742690058482,0.06526147776558343,5,0.026452241715399637,0.07428536347826142,5,0.0,0.0,5,0.32323586744639377,0.09099445688816446,5,0.16235867446393765,0.17030844485937371,5,0.0,0.0,5,0.13394179894179895,0.10902878979619633,5,-5.185535838383279,5.777430860474567,5
switch_d4,regime_conditional,0.2,observed,transit_rough,stable,0.19636705352868528,0.2295485519023308,5,0.38388888888888884,0.1387832931917088,5,0.043379313904529516,0.3404954806664322,5,0.2505921275944016,0.25640646995403543,5,0.01726041333131318,0.026020673470372672,5,0.11006944444444447,0.09176459941201136,5,0.016250000000000007,0.10209230875131016,5,0.0,0.0,5,0.38388888888888884,0.1387832931917088,5,0.19708333333333333,0.23465358957144766,5,0.0,0.0,5,0.1409517535604492,0.13364111157697586,5,-2.8959272500483255,7.445973900240267,5
switch_d4,regime_conditional,0.2,observed,transit_rough,transition,-0.004530188815671002,0.04321630013054778,5,-0.05555555555555554,0.20786985482077452,4,-0.0011673653617387592,0.024602195647358535,5,0.005752246401923667,0.014168479550808516,4,-0.008110717100078801,0.020978538730196356,5,0.041666666666666644,0.14433756729740643,4,0.1388888888888889,0.19510469912690256,4,0.0,0.0,4,-0.05555555555555554,0.20786985482077452,4,-0.06944444444444443,0.18907942459872348,4,0.0,0.0,5,-0.01666666666666667,0.19002923751652298,5,-20.17533490937746,10.91431984524269,5
switch_d4,regime_conditional,0.2,observed,transit_smooth,all,0.11156618764492351,0.04622328974768587,5,0.29617327117327114,0.07601295786893017,5,0.04995135857067899,0.029656881288447623,5,0.07194453380573884,0.042501266168878823,5,0.012945605965339946,0.007684438832593293,5,0.05126262626262625,0.04316630946028605,5,0.07754467754467756,0.07467845074178148,5,0.0,0.0,5,0.29617327117327114,0.07601295786893017,5,0.2063852813852814,0.14012414280830554,5,0.0,0.0,5,0.1762967703950676,0.03589053080278166,5,-5.898781255943172,4.218518454917712,5
switch_d4,regime_conditional,0.2,observed,transit_smooth,stable,0.10629605825302377,0.0744877328213645,5,0.3280885780885781,0.0747512506174201,5,-0.05493025147617529,0.0699994711225105,5,0.23425143617578548,0.06542552037075454,5,0.015573093744746632,0.0064226144057261065,5,0.04325951825951826,0.05199865812844419,5,0.07400932400932403,0.06385042593093809,5,0.0,0.0,5,0.3280885780885781,0.0747512506174201,5,0.25182595182595185,0.1469786492535781,5,0.0,0.0,5,0.22428571428571428,0.036939307947704274,5,-3.0503890790573713,3.5644246901707937,5
switch_d4,regime_conditional,0.2,observed,transit_smooth,transition,0.026533007776774385,0.03901155823931321,5,0.08333333333333333,0.09622504486493763,4,0.016403651671286008,0.024158309515188995,5,-0.001424152931995628,0.03393657059404979,4,-0.004151831493951197,0.02113480885632016,5,0.10416666666666667,0.10485881160098263,4,0.07916666666666666,0.1181453906563152,4,0.0,0.0,4,0.08333333333333333,0.09622504486493763,4,-0.11666666666666667,0.25603819159562025,4,0.0,0.0,5,0.06857142857142856,0.18797766065953017,5,-24.165510329941412,17.07937190133443,5
switch_d4,regime_conditional,0.2,observed,warehouse,all,0.09607653168432291,0.04001113405509482,5,0.3131144781144781,0.07206636939670874,5,-0.0031225470257220445,0.056150362987786334,5,0.10825630715895333,0.04438116356314904,5,0.022388956862280304,0.009617458748549195,5,0.07743987493987495,0.03290600663229749,5,0.04990019240019239,0.04787501540210915,5,0.0,0.0,5,0.3131144781144781,0.07206636939670874,5,0.20189454064454063,0.06262500800237572,5,0.0,0.0,5,0.24015585721468075,0.0806053403246051,5,-0.9615380793444561,4.688717011004054,5
switch_d4,regime_conditional,0.2,observed,warehouse,stable,0.09226662821626874,0.05194951103354602,5,0.31462962962962965,0.08842568353660786,5,-0.09441780432895677,0.08481156940475496,5,0.1939742119905295,0.11524644767701774,5,0.02187630937111238,0.011721651063399362,5,0.08257703081232494,0.030888084860950765,5,0.03869747899159661,0.05309979970525011,5,0.0,0.0,5,0.31462962962962965,0.08842568353660786,5,0.1972191098661687,0.07545724673858098,5,0.0,0.0,5,0.24701923076923077,0.07148474254804141,5,-1.7740195744532468,4.89233964632992,5
switch_d4,regime_conditional,0.2,observed,warehouse,transition,0.045238754879865326,0.0752874966700317,5,0.20833333333333334,0.1816207893141947,3,0.026126018684158214,0.044975503272696886,5,0.022645092091183,0.012407933736433164,3,0.025479470935067604,0.013219216936863116,5,0.06944444444444445,0.08673608331108885,3,0.09722222222222221,0.08673608331108885,3,0.0,0.0,3,0.20833333333333334,0.1816207893141947,3,0.08333333333333333,0.3632415786283894,3,0.0,0.0,5,0.2222222222222222,0.19245008972987526,3,4.133086180958523,6.785883532455288,5
switch_d4,regime_marginal,0.2,clean,all,all,0.0,0.0,5,,,0,0.0,0.0,5,,,0,-0.003549382716049384,0.00516802532396307,5,,,0,,,0,,,0,,,0,,,0,0.0,0.0,5,-0.01065397968615405,0.008888678289325916,5,-6.450617283950618,1.2072597046671574,5
switch_d4,regime_marginal,0.2,clean,all,stable,0.0,0.0,5,,,0,0.0,0.0,5,,,0,0.0019230769230769232,0.004385911845596999,5,,,0,,,0,,,0,,,0,,,0,0.0,0.0,5,-0.0014088250930356198,0.00958210654440608,5,-4.95014245014245,1.437794105283928,5
switch_d4,regime_marginal,0.2,clean,all,transition,0.0,0.0,5,,,0,0.0,0.0,5,,,0,-0.039120370370370375,0.012898733070143551,5,,,0,,,0,,,0,,,0,,,0,0.0,0.0,5,-0.0625,0.03656235161413384,5,-16.203703703703702,2.314814814814814,5
switch_d4,regime_marginal,0.2,clean,transit_rough,all,0.0,0.0,5,,,0,0.0,0.0,5,,,0,-0.00018518518518518615,0.011361944942083682,5,,,0,,,0,,,0,,,0,,,0,0.0,0.0,5,-0.019292328042328045,0.024396107820215215,5,-5.555555555555555,3.8176903940904268,5
switch_d4,regime_marginal,0.2,clean,transit_rough,stable,0.0,0.0,5,,,0,0.0,0.0,5,,,0,0.0022435897435897434,0.011053949777495619,5,,,0,,,0,,,0,,,0,,,0,0.0,0.0,5,-0.015209235209235209,0.035775138734959126,5,-4.166666666666667,4.04010051307458,5
switch_d4,regime_marginal,0.2,clean,transit_rough,transition,0.0,0.0,5,,,0,0.0,0.0,5,,,0,-0.015972222222222228,0.018471438997597758,5,,,0,,,0,,,0,,,0,,,0,0.0,0.0,5,-0.05111111111111111,0.06876332643007023,5,-14.583333333333334,4.5272238925018415,5
switch_d4,regime_marginal,0.2,clean,transit_smooth,all,0.0,0.0,5,,,0,0.0,0.0,5,,,0,-0.0077777777777777776,0.002667566720534802,5,,,0,,,0,,,0,,,0,,,0,0.0,0.0,5,-0.021845337325213487,0.014430250042057158,5,-8.333333333333332,4.166666666666666,5
switch_d4,regime_marginal,0.2,clean,transit_smooth,stable,0.0,0.0,5,,,0,0.0,0.0,5,,,0,-0.002670940170940171,0.002297629611923778,5,,,0,,,0,,,0,,,0,,,0,0.0,0.0,5,-0.0023809523809523807,0.005323971374999499,5,-6.730769230769231,4.66612559870138,5
switch_d4,regime_marginal,0.2,clean,transit_smooth,transition,0.0,0.0,5,,,0,0.0,0.0,5,,,0,-0.04097222222222222,0.011620278146306593,5,,,0,,,0,,,0,,,0,,,0,0.0,0.0,5,-0.0761904761904762,0.062178880272383795,5,-18.75,4.658474953124563,5
switch_d4,regime_marginal,0.2,clean,warehouse,all,0.0,0.0,5,,,0,0.0,0.0,5,,,0,-0.002685185185185185,0.010244984386295852,5,,,0,,,0,,,0,,,0,,,0,0.0,0.0,5,0.005128205128205128,0.0070220840705790535,5,-5.462962962962964,2.667566720534803,5
switch_d4,regime_marginal,0.2,clean,warehouse,stable,0.0,0.0,5,,,0,0.0,0.0,5,,,0,0.006196581196581197,0.011029398336139785,5,,,0,,,0,,,0,,,0,,,0,0.0,0.0,5,0.005897435897435898,0.008189086883421185,5,-3.9529914529914536,3.3488094056960427,5
switch_d4,regime_marginal,0.2,clean,warehouse,transition,0.0,0.0,5,,,0,0.0,0.0,5,,,0,-0.06041666666666666,0.009697388919283994,5,,,0,,,0,,,0,,,0,,,0,0.0,0.0,5,0.0,0.0,3,-15.277777777777782,3.958942448260898,5
switch_d4,regime_marginal,0.2,observed,all,all,0.11072405008346527,0.03843116372925169,5,0.1425925925925926,0.03920178357410473,5,0.09211882980098855,0.044877614171519725,5,0.05352571447829033,0.02039516907640621,5,-0.000734355044699872,0.005989888405968738,5,-0.010185185185185186,0.00890527039892192,5,0.05555555555555554,0.04022719258560825,5,0.0,0.0,5,0.1425925925925926,0.03920178357410473,5,0.16481481481481483,0.03654182826050208,5,0.0,0.0,5,0.05724724104913518,0.02542401716720547,5,-6.60919540229885,1.0862724033335884,5
switch_d4,regime_marginal,0.2,observed,all,stable,0.13135807332957503,0.05133918584267931,5,0.17298747847134943,0.01142828230780009,5,0.0464335795003889,0.08618534800710269,5,0.13942411517524494,0.05221261312760474,5,0.005007607620328857,0.005200689646325985,5,0.000725806451612903,0.009448179244595794,5,0.05478700078811312,0.04107069182084212,5,0.0,0.0,5,0.17298747847134943,0.01142828230780009,5,0.17620560443141087,0.014080042554097326,5,0.0,0.0,5,0.07844165218706223,0.02485022895805965,5,-5.083074350668052,1.4351125721233153,5
switch_d4,regime_marginal,0.2,observed,all,transition,0.007552090031481967,0.07094670256086076,5,-0.05103174603174606,0.20313034302138092,5,0.008646918209506204,0.04401602818055889,5,0.0010445803483757528,0.019841744067231167,5,-0.03816005508811665,0.014035234303638676,5,-0.06797619047619048,0.04893349529158169,5,0.0706746031746032,0.08106614516344274,5,0.0,0.0,5,-0.05103174603174606,0.20313034302138092,5,0.09242063492063492,0.19420216927799797,5,0.0,0.0,5,-0.05,0.0719278187568003,5,-16.512412932671918,2.4945234612033382,5
switch_d4,regime_marginal,0.2,observed,transit_rough,all,0.09094773027865369,0.08136824404678487,5,0.12360623781676412,0.08061414055490795,5,0.06235391903650596,0.11967309610165451,5,0.03853648805167974,0.030422422793574582,5,0.0022490745898642835,0.01496978306850751,5,-0.011159844054580897,0.013266195692050849,5,0.0074074074074073955,0.05454324620378943,5,0.0,0.0,5,0.12360623781676412,0.08061414055490795,5,0.14267056530214423,0.09498485493184414,5,0.0,0.0,5,0.013022486772486772,0.061660931143709234,5,-5.593737473437318,3.6612268599575772,5
switch_d4,regime_marginal,0.2,observed,transit_rough,stable,0.14121667838137722,0.1350209669114877,5,0.16375,0.11398877733366866,5,0.09003304926292544,0.2919446464406164,5,0.15001570148729634,0.14108259898280437,5,0.00488883377432555,0.015059596772170855,5,-0.003125,0.01015291077584267,5,0.0040277777777777855,0.05331054200520653,5,0.0,0.0,5,0.16375,0.11398877733366866,5,0.16375,0.11398877733366866,5,0.0,0.0,5,0.021326933935629587,0.06674699812114308,5,-4.146444689463114,3.865471959981425,5
switch_d4,regime_marginal,0.2,observed,transit_rough,transition,-0.029217538567383773,0.05995365719662076,5,-0.125,0.15957118462605632,4,-0.016472085833787963,0.04488143711073424,5,0.00011276554826750596,0.025080910059863168,4,-0.015057131599684795,0.01902876933209572,5,-0.05555555555555555,0.06804138174397717,4,0.04166666666666666,0.15957118462605632,4,0.0,0.0,4,-0.125,0.15957118462605632,4,0.013888888888888888,0.06990587440065509,4,0.0,0.0,5,-0.07777777777777778,0.14487116456005886,5,-15.055161544523248,4.641066971425914,5
switch_d4,regime_marginal,0.2,observed,transit_smooth,all,0.09717415212575145,0.10555487671466418,5,0.10145410145410143,0.1285064160856869,5,0.0940062450525597,0.09274749025538359,5,0.043853512501909796,0.04997854334645115,5,-0.005544972169489191,0.004610837426024231,5,-0.008857808857808857,0.016458964651551257,5,0.07533300033300032,0.04751943062563002,5,0.0,0.0,5,0.10145410145410143,0.1285064160856869,5,0.12692307692307692,0.1112609935831568,5,0.0,0.0,5,0.023172939891206144,0.05149916575381103,5,-8.479416466018307,4.379155318441179,5
switch_d4,regime_marginal,0.2,observed,transit_smooth,stable,0.14806767075106436,0.10774677680176736,5,0.15042735042735042,0.09433948222429549,5,0.11829791022142486,0.12084859395462932,5,0.1291158920221504,0.10844115925768677,5,-0.0005423303585440027,0.003892120704680465,5,0.001282051282051282,0.0070220840705790535,5,0.0974164724164724,0.1102066027157643,5,0.0,0.0,5,0.15042735042735042,0.09433948222429549,5,0.15042735042735042,0.09433948222429549,5,0.0,0.0,5,0.05015873015873016,0.05433001997789703,5,-6.7951282071308245,4.748423314992496,5
switch_d4,regime_marginal,0.2,observed,transit_smooth,transition,-0.03263240463347128,0.04361761081361011,5,-0.23750000000000004,0.18174819781061763,4,-0.01535841943045058,0.022678746795865328,5,-0.005169139665126894,0.016875984236236218,4,-0.038612951688430895,0.01618245739403712,5,-0.0625,0.07978559231302818,4,0.0,0.13608276348795434,4,0.0,0.0,4,-0.23750000000000004,0.18174819781061763,4,-0.02916666666666666,0.14166666666666666,4,0.0,0.0,5,-0.04380952380952382,0.11680749517777193,5,-19.5122111548547,4.122323068283473,5
switch_d4,regime_marginal,0.2,observed,warehouse,all,0.12126557248240602,0.08778691804751419,5,0.17149170274170272,0.09512483435179395,5,0.09141141745938415,0.09179518834900523,5,0.07685919419671092,0.05370219840416959,5,0.0012787305616458002,0.010904593778629488,5,-0.011811267436267436,0.010469949317919551,5,0.09501743626743628,0.08339672022255154,5,0.0,0.0,5,0.17149170274170272,0.09512483435179395,5,0.1922733285233285,0.09516708704331153,5,0.0,0.0,5,0.1220010055304173,0.036123681990684275,5,-5.671053584250406,2.4896523768022503,5
switch_d4,regime_marginal,0.2,observed,warehouse,stable,0.090474084592481,0.12974034698258297,5,0.16532835356364767,0.09010800572170292,5,-0.033308525045346274,0.15720087301452457,5,0.09192944824498124,0.1433638458544015,5,0.010884657977738415,0.011602254129958214,5,0.0008465608465608471,0.015480881575461443,5,0.08891845627139747,0.08906842210215637,5,0.0,0.0,5,0.16532835356364767,0.09010800572170292,5,0.17382041705571116,0.09569335941561875,5,0.0,0.0,5,0.1333974358974359,0.0370163862821039,5,-4.218525490224822,3.357887188929103,5
switch_d4,regime_marginal,0.2,observed,warehouse,transition,0.05715885010221744,0.12019006765174654,5,0.09722222222222221,0.24414438654509643,3,0.043801406926406924,0.09209862143649747,5,0.0435678308778212,0.040304658208050695,3,-0.06066679748455881,0.010606670455896593,5,-0.13194444444444445,0.03182344232608224,3,0.08333333333333331,0.08333333333333334,3,0.0,0.0,3,0.09722222222222221,0.24414438654509643,3,0.2777777777777778,0.2545875386086578,3,0.0,0.0,5,0.0,0.0,3,-15.078222091404331,4.85247073955691,5
