scenario,method,view,regime,window,comparison,f1_mean,f1_std,f1_count,recall_mean,recall_std,recall_count,precision_mean,precision_std,precision_count,average_precision_mean,average_precision_std,average_precision_count,clean_channel_fpr_mean,clean_channel_fpr_std,clean_channel_fpr_count,bystander_fpr_mean,bystander_fpr_std,bystander_fpr_count,top1_localization_mean,top1_localization_std,top1_localization_count,top1_random_baseline_mean,top1_random_baseline_std,top1_random_baseline_count,all_faults_row_recall_mean,all_faults_row_recall_std,all_faults_row_recall_count,exact_fault_set_rate_mean,exact_fault_set_rate_std,exact_fault_set_rate_count,score_coverage_mean,score_coverage_std,score_coverage_count,post_event_fpr_mean,post_event_fpr_std,post_event_fpr_count,false_onsets_per_1000_clean_cells_mean,false_onsets_per_1000_clean_cells_std,false_onsets_per_1000_clean_cells_count,native_score_coverage_mean,native_score_coverage_std,native_score_coverage_count,common_row_fraction_mean,common_row_fraction_std,common_row_fraction_count,all_timeline_recall_mean,all_timeline_recall_std,all_timeline_recall_count,all_timeline_f1_mean,all_timeline_f1_std,all_timeline_f1_count,unavailable_positive_fraction_mean,unavailable_positive_fraction_std,unavailable_positive_fraction_count
count1,regime_conditional,clean,all,all,cusum_minus_ewma,0.0,0.0,5,,,0,0.0,0.0,5,,,0,0.008179012345679013,0.010415809292562028,5,,,0,,,0,,,0,,,0,,,0,0.0,0.0,5,0.0027777777777777783,0.014400306495366473,5,-2.1296296296296298,1.6163235768859459,5,0.0,0.0,5,0.0,0.0,5,,,0,0.0,0.0,5,,,0
count1,regime_conditional,clean,all,all,cusum_minus_point,0.0,0.0,5,,,0,0.0,0.0,5,,,0,0.008858024691358024,0.013770327286606043,5,,,0,,,0,,,0,,,0,,,0,0.0,0.0,5,0.0013888888888888896,0.019885862587883826,5,-6.7592592592592595,1.7404780468977388,5,0.0,0.0,5,0.0,0.0,5,,,0,0.0,0.0,5,,,0
count1,regime_conditional,clean,all,stable,cusum_minus_ewma,0.0,0.0,5,,,0,0.0,0.0,5,,,0,0.008179012345679013,0.010415809292562028,5,,,0,,,0,,,0,,,0,,,0,0.0,0.0,5,0.0027777777777777783,0.014400306495366473,5,-2.1296296296296298,1.6163235768859459,5,0.0,0.0,5,0.0,0.0,5,,,0,0.0,0.0,5,,,0
count1,regime_conditional,clean,all,stable,cusum_minus_point,0.0,0.0,5,,,0,0.0,0.0,5,,,0,0.008858024691358024,0.013770327286606043,5,,,0,,,0,,,0,,,0,,,0,0.0,0.0,5,0.0013888888888888896,0.019885862587883826,5,-6.7592592592592595,1.7404780468977388,5,0.0,0.0,5,0.0,0.0,5,,,0,0.0,0.0,5,,,0
count1,regime_conditional,clean,transit_rough,all,cusum_minus_ewma,0.0,0.0,5,,,0,0.0,0.0,5,,,0,0.015092592592592593,0.021885958944094872,5,,,0,,,0,,,0,,,0,,,0,0.0,0.0,5,-0.016666666666666666,0.027163343355011037,5,-0.6481481481481485,2.9023014849365705,5,0.0,0.0,5,0.0,0.0,5,,,0,0.0,0.0,5,,,0
count1,regime_conditional,clean,transit_rough,all,cusum_minus_point,0.0,0.0,5,,,0,0.0,0.0,5,,,0,0.015277777777777779,0.028832224222822573,5,,,0,,,0,,,0,,,0,,,0,0.0,0.0,5,-0.016666666666666666,0.01743041721945991,5,-4.907407407407407,4.362673699773979,5,0.0,0.0,5,0.0,0.0,5,,,0,0.0,0.0,5,,,0
count1,regime_conditional,clean,transit_rough,stable,cusum_minus_ewma,0.0,0.0,5,,,0,0.0,0.0,5,,,0,0.015092592592592593,0.021885958944094872,5,,,0,,,0,,,0,,,0,,,0,0.0,0.0,5,-0.016666666666666666,0.027163343355011037,5,-0.6481481481481485,2.9023014849365705,5,0.0,0.0,5,0.0,0.0,5,,,0,0.0,0.0,5,,,0
count1,regime_conditional,clean,transit_rough,stable,cusum_minus_point,0.0,0.0,5,,,0,0.0,0.0,5,,,0,0.015277777777777779,0.028832224222822573,5,,,0,,,0,,,0,,,0,,,0,0.0,0.0,5,-0.016666666666666666,0.01743041721945991,5,-4.907407407407407,4.362673699773979,5,0.0,0.0,5,0.0,0.0,5,,,0,0.0,0.0,5,,,0
count1,regime_conditional,clean,transit_smooth,all,cusum_minus_ewma,0.0,0.0,5,,,0,0.0,0.0,5,,,0,0.0061111111111111106,0.00949017613496727,5,,,0,,,0,,,0,,,0,,,0,0.0,0.0,5,0.03333333333333334,0.06353312784157045,5,-3.2407407407407405,2.758420205512265,5,0.0,0.0,5,0.0,0.0,5,,,0,0.0,0.0,5,,,0
count1,regime_conditional,clean,transit_smooth,all,cusum_minus_point,0.0,0.0,5,,,0,0.0,0.0,5,,,0,0.0075,0.01679286072912427,5,,,0,,,0,,,0,,,0,,,0,0.0,0.0,5,0.0375,0.06319062870042959,5,-6.203703703703704,3.654182826050206,5,0.0,0.0,5,0.0,0.0,5,,,0,0.0,0.0,5,,,0
count1,regime_conditional,clean,transit_smooth,stable,cusum_minus_ewma,0.0,0.0,5,,,0,0.0,0.0,5,,,0,0.0061111111111111106,0.00949017613496727,5,,,0,,,0,,,0,,,0,,,0,0.0,0.0,5,0.03333333333333334,0.06353312784157045,5,-3.2407407407407405,2.758420205512265,5,0.0,0.0,5,0.0,0.0,5,,,0,0.0,0.0,5,,,0
count1,regime_conditional,clean,transit_smooth,stable,cusum_minus_point,0.0,0.0,5,,,0,0.0,0.0,5,,,0,0.0075,0.01679286072912427,5,,,0,,,0,,,0,,,0,,,0,0.0,0.0,5,0.0375,0.06319062870042959,5,-6.203703703703704,3.654182826050206,5,0.0,0.0,5,0.0,0.0,5,,,0,0.0,0.0,5,,,0
count1,regime_conditional,clean,warehouse,all,cusum_minus_ewma,0.0,0.0,5,,,0,0.0,0.0,5,,,0,0.003333333333333334,0.010735351457640648,5,,,0,,,0,,,0,,,0,,,0,0.0,0.0,5,-0.008333333333333333,0.018633899812498245,5,-2.4999999999999996,2.7893278391466794,5,0.0,0.0,5,0.0,0.0,5,,,0,0.0,0.0,5,,,0
count1,regime_conditional,clean,warehouse,all,cusum_minus_point,0.0,0.0,5,,,0,0.0,0.0,5,,,0,0.0037962962962962963,0.016280900766444215,5,,,0,,,0,,,0,,,0,,,0,0.0,0.0,5,-0.016666666666666666,0.01743041721945991,5,-9.166666666666666,4.969039949999533,5,0.0,0.0,5,0.0,0.0,5,,,0,0.0,0.0,5,,,0
count1,regime_conditional,clean,warehouse,stable,cusum_minus_ewma,0.0,0.0,5,,,0,0.0,0.0,5,,,0,0.003333333333333334,0.010735351457640648,5,,,0,,,0,,,0,,,0,,,0,0.0,0.0,5,-0.008333333333333333,0.018633899812498245,5,-2.4999999999999996,2.7893278391466794,5,0.0,0.0,5,0.0,0.0,5,,,0,0.0,0.0,5,,,0
count1,regime_conditional,clean,warehouse,stable,cusum_minus_point,0.0,0.0,5,,,0,0.0,0.0,5,,,0,0.0037962962962962963,0.016280900766444215,5,,,0,,,0,,,0,,,0,,,0,0.0,0.0,5,-0.016666666666666666,0.01743041721945991,5,-9.166666666666666,4.969039949999533,5,0.0,0.0,5,0.0,0.0,5,,,0,0.0,0.0,5,,,0
count1,regime_conditional,observed,all,all,cusum_minus_ewma,-0.13539965027712253,0.03040567548015785,5,-0.04027777777777778,0.04745652656463857,5,-0.171249496493795,0.040229036985843555,5,-0.14924575088101957,0.04951876386802412,5,0.02465277777777778,0.015502722748721009,5,0.010416666666666668,0.03172858833766851,5,2.2204460492503132e-17,0.02024636074599064,5,0.0,0.0,5,-0.04027777777777778,0.04745652656463857,5,-0.038888888888888896,0.04801218338178778,5,0.0,0.0,5,0.3416666666666667,0.059211315964700584,5,-2.1780303030303028,1.8317602452593629,5,0.0,0.0,5,0.0,0.0,5,-0.04027777777777778,0.04745652656463857,5,-0.13539965027712253,0.03040567548015785,5,0.0,0.0,5
count1,regime_conditional,observed,all,all,cusum_minus_point,0.07731519571588477,0.029436167746338785,5,0.20694444444444446,0.08207969065051324,5,-0.0008781109888652717,0.0438942385965671,5,0.04939231057184219,0.0365524530393082,5,0.029071969696969697,0.01816102282554994,5,0.038888888888888896,0.037589912785345445,5,0.15000000000000002,0.06488504792665596,5,0.0,0.0,5,0.20694444444444446,0.08207969065051324,5,0.19444444444444445,0.09225923788601682,5,0.0,0.0,5,0.4444444444444445,0.04527223892501844,5,-6.502525252525253,1.6187981571916776,5,0.0,0.0,5,0.0,0.0,5,0.20694444444444446,0.08207969065051324,5,0.07731519571588477,0.029436167746338785,5,0.0,0.0,5
count1,regime_conditional,observed,all,stable,cusum_minus_ewma,-0.13539965027712253,0.03040567548015785,5,-0.04027777777777778,0.04745652656463857,5,-0.171249496493795,0.040229036985843555,5,-0.14924575088101957,0.04951876386802412,5,0.02465277777777778,0.015502722748721009,5,0.010416666666666668,0.03172858833766851,5,2.2204460492503132e-17,0.02024636074599064,5,0.0,0.0,5,-0.04027777777777778,0.04745652656463857,5,-0.038888888888888896,0.04801218338178778,5,0.0,0.0,5,0.3416666666666667,0.059211315964700584,5,-2.1780303030303028,1.8317602452593629,5,0.0,0.0,5,0.0,0.0,5,-0.04027777777777778,0.04745652656463857,5,-0.13539965027712253,0.03040567548015785,5,0.0,0.0,5
count1,regime_conditional,observed,all,stable,cusum_minus_point,0.07731519571588477,0.029436167746338785,5,0.20694444444444446,0.08207969065051324,5,-0.0008781109888652717,0.0438942385965671,5,0.04939231057184219,0.0365524530393082,5,0.029071969696969697,0.01816102282554994,5,0.038888888888888896,0.037589912785345445,5,0.15000000000000002,0.06488504792665596,5,0.0,0.0,5,0.20694444444444446,0.08207969065051324,5,0.19444444444444445,0.09225923788601682,5,0.0,0.0,5,0.4444444444444445,0.04527223892501844,5,-6.502525252525253,1.6187981571916776,5,0.0,0.0,5,0.0,0.0,5,0.20694444444444446,0.08207969065051324,5,0.07731519571588477,0.029436167746338785,5,0.0,0.0,5
count1,regime_conditional,observed,transit_rough,all,cusum_minus_ewma,-0.12482158032103433,0.06711173987395852,5,-0.008333333333333321,0.10785149254620655,5,-0.1934465557301376,0.08789499727458329,5,-0.11993306999756807,0.08347147644840472,5,0.03096590909090909,0.02678769560646267,5,0.03333333333333333,0.03855574067358697,5,0.012499999999999966,0.0432009194860994,5,0.0,0.0,5,-0.008333333333333321,0.10785149254620655,5,-0.03333333333333332,0.12465229418042993,5,0.0,0.0,5,0.33333333333333337,0.10206207261596574,5,-1.4204545454545456,2.1174886150566183,5,0.0,0.0,5,0.0,0.0,5,-0.008333333333333321,0.10785149254620655,5,-0.12482158032103433,0.06711173987395852,5,0.0,0.0,5
count1,regime_conditional,observed,transit_rough,all,cusum_minus_point,0.12123790013695104,0.14507067565395462,5,0.2375,0.15770159056479638,5,0.04892896599624983,0.13765021812957112,5,0.09672249591573426,0.12339662486728963,5,0.03446969696969697,0.033281303552447246,5,0.05208333333333333,0.08168951636124021,5,0.2041666666666667,0.09925941041309663,5,0.0,0.0,5,0.2375,0.15770159056479638,5,0.2041666666666667,0.19059938352471134,5,0.0,0.0,5,0.4083333333333333,0.06353312784157045,5,-5.303030303030303,3.6276479752609765,5,0.0,0.0,5,0.0,0.0,5,0.2375,0.15770159056479638,5,0.12123790013695104,0.14507067565395462,5,0.0,0.0,5
count1,regime_conditional,observed,transit_rough,stable,cusum_minus_ewma,-0.12482158032103433,0.06711173987395852,5,-0.008333333333333321,0.10785149254620655,5,-0.1934465557301376,0.08789499727458329,5,-0.11993306999756807,0.08347147644840472,5,0.03096590909090909,0.02678769560646267,5,0.03333333333333333,0.03855574067358697,5,0.012499999999999966,0.0432009194860994,5,0.0,0.0,5,-0.008333333333333321,0.10785149254620655,5,-0.03333333333333332,0.12465229418042993,5,0.0,0.0,5,0.33333333333333337,0.10206207261596574,5,-1.4204545454545456,2.1174886150566183,5,0.0,0.0,5,0.0,0.0,5,-0.008333333333333321,0.10785149254620655,5,-0.12482158032103433,0.06711173987395852,5,0.0,0.0,5
count1,regime_conditional,observed,transit_rough,stable,cusum_minus_point,0.12123790013695104,0.14507067565395462,5,0.2375,0.15770159056479638,5,0.04892896599624983,0.13765021812957112,5,0.09672249591573426,0.12339662486728963,5,0.03446969696969697,0.033281303552447246,5,0.05208333333333333,0.08168951636124021,5,0.2041666666666667,0.09925941041309663,5,0.0,0.0,5,0.2375,0.15770159056479638,5,0.2041666666666667,0.19059938352471134,5,0.0,0.0,5,0.4083333333333333,0.06353312784157045,5,-5.303030303030303,3.6276479752609765,5,0.0,0.0,5,0.0,0.0,5,0.2375,0.15770159056479638,5,0.12123790013695104,0.14507067565395462,5,0.0,0.0,5
count1,regime_conditional,observed,transit_smooth,all,cusum_minus_ewma,-0.21962076844525397,0.027785423659142924,5,-0.14166666666666666,0.07276770498572076,5,-0.2411561413220666,0.04727364741526577,5,-0.22232722757562132,0.1219541471209351,5,0.02481060606060606,0.016072701054285828,5,0.0125,0.05864870108441352,5,-0.054166666666666655,0.05017331074496792,5,0.0,0.0,5,-0.14166666666666666,0.07276770498572076,5,-0.125,0.06249999999999997,5,0.0,0.0,5,0.3791666666666667,0.1623129265065205,5,-2.7462121212121215,3.183283392797653,5,0.0,0.0,5,0.0,0.0,5,-0.14166666666666666,0.07276770498572076,5,-0.21962076844525397,0.027785423659142924,5,0.0,0.0,5
count1,regime_conditional,observed,transit_smooth,all,cusum_minus_point,0.05869282197416172,0.12959447779802777,5,0.19166666666666668,0.20854156260403664,5,-0.027919046870234464,0.15323490285308378,5,0.029426060831289503,0.05484135058473161,5,0.029640151515151515,0.020059223465813007,5,0.03125,0.053114786599924836,5,0.07500000000000001,0.08912187348419764,5,0.0,0.0,5,0.19166666666666668,0.20854156260403664,5,0.18333333333333335,0.2141885527079146,5,0.0,0.0,5,0.5291666666666667,0.19687224424879082,5,-5.492424242424242,4.524196661208808,5,0.0,0.0,5,0.0,0.0,5,0.19166666666666668,0.20854156260403664,5,0.05869282197416172,0.12959447779802777,5,0.0,0.0,5
count1,regime_conditional,observed,transit_smooth,stable,cusum_minus_ewma,-0.21962076844525397,0.027785423659142924,5,-0.14166666666666666,0.07276770498572076,5,-0.2411561413220666,0.04727364741526577,5,-0.22232722757562132,0.1219541471209351,5,0.02481060606060606,0.016072701054285828,5,0.0125,0.05864870108441352,5,-0.054166666666666655,0.05017331074496792,5,0.0,0.0,5,-0.14166666666666666,0.07276770498572076,5,-0.125,0.06249999999999997,5,0.0,0.0,5,0.3791666666666667,0.1623129265065205,5,-2.7462121212121215,3.183283392797653,5,0.0,0.0,5,0.0,0.0,5,-0.14166666666666666,0.07276770498572076,5,-0.21962076844525397,0.027785423659142924,5,0.0,0.0,5
count1,regime_conditional,observed,transit_smooth,stable,cusum_minus_point,0.05869282197416172,0.12959447779802777,5,0.19166666666666668,0.20854156260403664,5,-0.027919046870234464,0.15323490285308378,5,0.029426060831289503,0.05484135058473161,5,0.029640151515151515,0.020059223465813007,5,0.03125,0.053114786599924836,5,0.07500000000000001,0.08912187348419764,5,0.0,0.0,5,0.19166666666666668,0.20854156260403664,5,0.18333333333333335,0.2141885527079146,5,0.0,0.0,5,0.5291666666666667,0.19687224424879082,5,-5.492424242424242,4.524196661208808,5,0.0,0.0,5,0.0,0.0,5,0.19166666666666668,0.20854156260403664,5,0.05869282197416172,0.12959447779802777,5,0.0,0.0,5
count1,regime_conditional,observed,warehouse,all,cusum_minus_ewma,-0.05266415666244513,0.08289871980673298,5,0.029166666666666674,0.03784562942621865,5,-0.08566470620457861,0.10548566527883342,5,-0.07797281049643204,0.0803906184584138,5,0.01818181818181818,0.017327863596147776,5,-0.014583333333333332,0.039390980002477156,5,0.04166666666666667,0.09432692852226476,5,0.0,0.0,5,0.029166666666666674,0.03784562942621865,5,0.04166666666666667,0.0625,5,0.0,0.0,5,0.3125,0.14804865003699888,5,-2.367424242424242,3.1585378939693025,5,0.0,0.0,5,0.0,0.0,5,0.029166666666666674,0.03784562942621865,5,-0.05266415666244513,0.08289871980673298,5,0.0,0.0,5
count1,regime_conditional,observed,warehouse,all,cusum_minus_point,0.07843125767569745,0.12997849879727572,5,0.19166666666666665,0.16950704672339992,5,0.012934064717455099,0.12368194432775113,5,0.08610343419613506,0.0895003782692765,5,0.023106060606060606,0.023826216753777333,5,0.03333333333333334,0.049629705206548316,5,0.17083333333333334,0.16822191031821956,5,0.0,0.0,5,0.19166666666666665,0.16950704672339992,5,0.19583333333333333,0.18018123592033045,5,0.0,0.0,5,0.3958333333333333,0.15797657175107396,5,-8.712121212121213,5.039889807096656,5,0.0,0.0,5,0.0,0.0,5,0.19166666666666665,0.16950704672339992,5,0.07843125767569745,0.12997849879727572,5,0.0,0.0,5
count1,regime_conditional,observed,warehouse,stable,cusum_minus_ewma,-0.05266415666244513,0.08289871980673298,5,0.029166666666666674,0.03784562942621865,5,-0.08566470620457861,0.10548566527883342,5,-0.07797281049643204,0.0803906184584138,5,0.01818181818181818,0.017327863596147776,5,-0.014583333333333332,0.039390980002477156,5,0.04166666666666667,0.09432692852226476,5,0.0,0.0,5,0.029166666666666674,0.03784562942621865,5,0.04166666666666667,0.0625,5,0.0,0.0,5,0.3125,0.14804865003699888,5,-2.367424242424242,3.1585378939693025,5,0.0,0.0,5,0.0,0.0,5,0.029166666666666674,0.03784562942621865,5,-0.05266415666244513,0.08289871980673298,5,0.0,0.0,5
count1,regime_conditional,observed,warehouse,stable,cusum_minus_point,0.07843125767569745,0.12997849879727572,5,0.19166666666666665,0.16950704672339992,5,0.012934064717455099,0.12368194432775113,5,0.08610343419613506,0.0895003782692765,5,0.023106060606060606,0.023826216753777333,5,0.03333333333333334,0.049629705206548316,5,0.17083333333333334,0.16822191031821956,5,0.0,0.0,5,0.19166666666666665,0.16950704672339992,5,0.19583333333333333,0.18018123592033045,5,0.0,0.0,5,0.3958333333333333,0.15797657175107396,5,-8.712121212121213,5.039889807096656,5,0.0,0.0,5,0.0,0.0,5,0.19166666666666665,0.16950704672339992,5,0.07843125767569745,0.12997849879727572,5,0.0,0.0,5
count1,regime_marginal,clean,all,all,cusum_minus_ewma,0.0,0.0,5,,,0,0.0,0.0,5,,,0,0.016358024691358025,0.020531362046034,5,,,0,,,0,,,0,,,0,,,0,0.0,0.0,5,0.012499999999999997,0.04061164310337068,5,-2.067901234567901,1.1681599301096026,5,0.0,0.0,5,0.0,0.0,5,,,0,0.0,0.0,5,,,0
count1,regime_marginal,clean,all,all,cusum_minus_point,0.0,0.0,5,,,0,0.0,0.0,5,,,0,0.019135802469135803,0.021416728715222922,5,,,0,,,0,,,0,,,0,,,0,0.0,0.0,5,0.008333333333333335,0.03520497737676827,5,-7.253086419753086,1.915073093517107,5,0.0,0.0,5,0.0,0.0,5,,,0,0.0,0.0,5,,,0
count1,regime_marginal,clean,all,stable,cusum_minus_ewma,0.0,0.0,5,,,0,0.0,0.0,5,,,0,0.016358024691358025,0.020531362046034,5,,,0,,,0,,,0,,,0,,,0,0.0,0.0,5,0.012499999999999997,0.04061164310337068,5,-2.067901234567901,1.1681599301096026,5,0.0,0.0,5,0.0,0.0,5,,,0,0.0,0.0,5,,,0
count1,regime_marginal,clean,all,stable,cusum_minus_point,0.0,0.0,5,,,0,0.0,0.0,5,,,0,0.019135802469135803,0.021416728715222922,5,,,0,,,0,,,0,,,0,,,0,0.0,0.0,5,0.008333333333333335,0.03520497737676827,5,-7.253086419753086,1.915073093517107,5,0.0,0.0,5,0.0,0.0,5,,,0,0.0,0.0,5,,,0
count1,regime_marginal,clean,transit_rough,all,cusum_minus_ewma,0.0,0.0,4,,,0,0.0,0.0,4,,,0,0.0006481481481481492,0.002711398234138209,5,,,0,,,0,,,0,,,0,,,0,0.0,0.0,5,-0.008333333333333333,0.018633899812498245,5,-3.333333333333333,2.72716231018947,5,0.0,0.0,5,0.0,0.0,5,,,0,0.0,0.0,4,,,0
count1,regime_marginal,clean,transit_rough,all,cusum_minus_point,0.0,0.0,4,,,0,0.0,0.0,4,,,0,0.005648148148148148,0.009003409657431655,5,,,0,,,0,,,0,,,0,,,0,0.0,0.0,5,-0.016666666666666666,0.01743041721945991,5,-6.7592592592592595,0.7746852097537732,5,0.0,0.0,5,0.0,0.0,5,,,0,0.0,0.0,4,,,0
count1,regime_marginal,clean,transit_rough,stable,cusum_minus_ewma,0.0,0.0,4,,,0,0.0,0.0,4,,,0,0.0006481481481481492,0.002711398234138209,5,,,0,,,0,,,0,,,0,,,0,0.0,0.0,5,-0.008333333333333333,0.018633899812498245,5,-3.333333333333333,2.72716231018947,5,0.0,0.0,5,0.0,0.0,5,,,0,0.0,0.0,4,,,0
count1,regime_marginal,clean,transit_rough,stable,cusum_minus_point,0.0,0.0,4,,,0,0.0,0.0,4,,,0,0.005648148148148148,0.009003409657431655,5,,,0,,,0,,,0,,,0,,,0,0.0,0.0,5,-0.016666666666666666,0.01743041721945991,5,-6.7592592592592595,0.7746852097537732,5,0.0,0.0,5,0.0,0.0,5,,,0,0.0,0.0,4,,,0
count1,regime_marginal,clean,transit_smooth,all,cusum_minus_ewma,0.0,0.0,4,,,0,0.0,0.0,4,,,0,0.03925925925925926,0.06969276589902063,5,,,0,,,0,,,0,,,0,,,0,0.0,0.0,5,0.06666666666666667,0.10865337342004415,5,0.2777777777777778,3.3159267739759226,5,0.0,0.0,5,0.0,0.0,5,,,0,0.0,0.0,4,,,0
count1,regime_marginal,clean,transit_smooth,all,cusum_minus_point,0.0,0.0,5,,,0,0.0,0.0,5,,,0,0.0362962962962963,0.06968138590641072,5,,,0,,,0,,,0,,,0,,,0,0.0,0.0,5,0.05833333333333333,0.10353978033157646,5,-7.037037037037036,4.146039477266317,5,0.0,0.0,5,0.0,0.0,5,,,0,0.0,0.0,5,,,0
count1,regime_marginal,clean,transit_smooth,stable,cusum_minus_ewma,0.0,0.0,4,,,0,0.0,0.0,4,,,0,0.03925925925925926,0.06969276589902063,5,,,0,,,0,,,0,,,0,,,0,0.0,0.0,5,0.06666666666666667,0.10865337342004415,5,0.2777777777777778,3.3159267739759226,5,0.0,0.0,5,0.0,0.0,5,,,0,0.0,0.0,4,,,0
count1,regime_marginal,clean,transit_smooth,stable,cusum_minus_point,0.0,0.0,5,,,0,0.0,0.0,5,,,0,0.0362962962962963,0.06968138590641072,5,,,0,,,0,,,0,,,0,,,0,0.0,0.0,5,0.05833333333333333,0.10353978033157646,5,-7.037037037037036,4.146039477266317,5,0.0,0.0,5,0.0,0.0,5,,,0,0.0,0.0,5,,,0
count1,regime_marginal,clean,warehouse,all,cusum_minus_ewma,0.0,0.0,5,,,0,0.0,0.0,5,,,0,0.009166666666666667,0.016062212939047783,5,,,0,,,0,,,0,,,0,,,0,0.0,0.0,5,-0.020833333333333332,0.02946278254943948,5,-3.148148148148148,2.1566323516392805,5,0.0,0.0,5,0.0,0.0,5,,,0,0.0,0.0,5,,,0
count1,regime_marginal,clean,warehouse,all,cusum_minus_point,0.0,0.0,5,,,0,0.0,0.0,5,,,0,0.015462962962962961,0.020945173056062878,5,,,0,,,0,,,0,,,0,,,0,0.0,0.0,5,-0.016666666666666666,0.027163343355011037,5,-7.962962962962962,3.636543867899162,5,0.0,0.0,5,0.0,0.0,5,,,0,0.0,0.0,5,,,0
count1,regime_marginal,clean,warehouse,stable,cusum_minus_ewma,0.0,0.0,5,,,0,0.0,0.0,5,,,0,0.009166666666666667,0.016062212939047783,5,,,0,,,0,,,0,,,0,,,0,0.0,0.0,5,-0.020833333333333332,0.02946278254943948,5,-3.148148148148148,2.1566323516392805,5,0.0,0.0,5,0.0,0.0,5,,,0,0.0,0.0,5,,,0
count1,regime_marginal,clean,warehouse,stable,cusum_minus_point,0.0,0.0,5,,,0,0.0,0.0,5,,,0,0.015462962962962961,0.020945173056062878,5,,,0,,,0,,,0,,,0,,,0,0.0,0.0,5,-0.016666666666666666,0.027163343355011037,5,-7.962962962962962,3.636543867899162,5,0.0,0.0,5,0.0,0.0,5,,,0,0.0,0.0,5,,,0
count1,regime_marginal,observed,all,all,cusum_minus_ewma,-0.08735437815425703,0.012729544794889776,5,-0.05,0.022178776975932377,5,-0.1287889064078444,0.03484696313341046,5,-0.04071768906406305,0.013890393449629975,5,0.024684343434343434,0.015856284238538715,5,0.009722222222222224,0.04162324125969724,5,-0.03472222222222223,0.0625,5,0.0,0.0,5,-0.05,0.022178776975932377,5,-0.061111111111111116,0.02707442873558046,5,0.0,0.0,5,0.10833333333333332,0.08017751331873113,5,-2.0833333333333335,1.239730864056533,5,0.0,0.0,5,0.0,0.0,5,-0.05,0.022178776975932377,5,-0.08735437815425703,0.012729544794889776,5,0.0,0.0,5
count1,regime_marginal,observed,all,all,cusum_minus_point,-0.02112166235990949,0.028909099322970172,5,0.016666666666666663,0.03242393758313542,5,-0.06874674514841508,0.040932281968297464,5,-0.014537395055972385,0.011058714407181919,5,0.028535353535353535,0.016533369547594857,5,0.01666666666666667,0.03734858835979127,5,0.0708333333333333,0.08857910428565748,5,0.0,0.0,5,0.016666666666666663,0.03242393758313542,5,0.004166666666666666,0.04622100358970482,5,0.0,0.0,5,0.14444444444444443,0.10151723231447024,5,-7.228535353535354,1.8985371380928757,5,0.0,0.0,5,0.0,0.0,5,0.016666666666666663,0.03242393758313542,5,-0.02112166235990949,0.028909099322970172,5,0.0,0.0,5
count1,regime_marginal,observed,all,stable,cusum_minus_ewma,-0.08735437815425703,0.012729544794889776,5,-0.05,0.022178776975932377,5,-0.1287889064078444,0.03484696313341046,5,-0.04071768906406305,0.013890393449629975,5,0.024684343434343434,0.015856284238538715,5,0.009722222222222224,0.04162324125969724,5,-0.03472222222222223,0.0625,5,0.0,0.0,5,-0.05,0.022178776975932377,5,-0.061111111111111116,0.02707442873558046,5,0.0,0.0,5,0.10833333333333332,0.08017751331873113,5,-2.0833333333333335,1.239730864056533,5,0.0,0.0,5,0.0,0.0,5,-0.05,0.022178776975932377,5,-0.08735437815425703,0.012729544794889776,5,0.0,0.0,5
count1,regime_marginal,observed,all,stable,cusum_minus_point,-0.02112166235990949,0.028909099322970172,5,0.016666666666666663,0.03242393758313542,5,-0.06874674514841508,0.040932281968297464,5,-0.014537395055972385,0.011058714407181919,5,0.028535353535353535,0.016533369547594857,5,0.01666666666666667,0.03734858835979127,5,0.0708333333333333,0.08857910428565748,5,0.0,0.0,5,0.016666666666666663,0.03242393758313542,5,0.004166666666666666,0.04622100358970482,5,0.0,0.0,5,0.14444444444444443,0.10151723231447024,5,-7.228535353535354,1.8985371380928757,5,0.0,0.0,5,0.0,0.0,5,0.016666666666666663,0.03242393758313542,5,-0.02112166235990949,0.028909099322970172,5,0.0,0.0,5
count1,regime_marginal,observed,transit_rough,all,cusum_minus_ewma,-0.034197998521828074,0.07182886984251444,5,-0.024999999999999998,0.05392574627310328,5,-0.09958124727142542,0.09552569991111806,5,-0.06144788615177543,0.05975961506664407,5,0.00303030303030303,0.005384003686439329,5,-0.004166666666666667,0.018922814713109325,5,-0.016666666666666663,0.1329094825644715,5,0.0,0.0,5,-0.024999999999999998,0.05392574627310328,5,-0.0125,0.045643546458763846,5,0.0,0.0,5,0.05833333333333333,0.07711148134717394,5,-3.409090909090909,2.686791848316498,5,0.0,0.0,5,0.0,0.0,5,-0.024999999999999998,0.05392574627310328,5,-0.034197998521828074,0.07182886984251444,5,0.0,0.0,5
count1,regime_marginal,observed,transit_rough,all,cusum_minus_point,0.019115754683229475,0.07906725956558057,5,0.020833333333333336,0.05892556509887897,5,0.05728079724153793,0.22917270245107116,5,0.031636210801316046,0.09783903300200014,5,0.009375,0.009262651348167237,5,-0.0041666666666666675,0.018922814713109325,5,0.1125,0.17836545660836664,5,0.0,0.0,5,0.020833333333333336,0.05892556509887897,5,0.025000000000000005,0.05590169943749474,5,0.0,0.0,5,0.1,0.12620942692384135,5,-6.818181818181818,0.9818390792295325,5,0.0,0.0,5,0.0,0.0,5,0.020833333333333336,0.05892556509887897,5,0.019115754683229475,0.07906725956558057,5,0.0,0.0,5
count1,regime_marginal,observed,transit_rough,stable,cusum_minus_ewma,-0.034197998521828074,0.07182886984251444,5,-0.024999999999999998,0.05392574627310328,5,-0.09958124727142542,0.09552569991111806,5,-0.06144788615177543,0.05975961506664407,5,0.00303030303030303,0.005384003686439329,5,-0.004166666666666667,0.018922814713109325,5,-0.016666666666666663,0.1329094825644715,5,0.0,0.0,5,-0.024999999999999998,0.05392574627310328,5,-0.0125,0.045643546458763846,5,0.0,0.0,5,0.05833333333333333,0.07711148134717394,5,-3.409090909090909,2.686791848316498,5,0.0,0.0,5,0.0,0.0,5,-0.024999999999999998,0.05392574627310328,5,-0.034197998521828074,0.07182886984251444,5,0.0,0.0,5
count1,regime_marginal,observed,transit_rough,stable,cusum_minus_point,0.019115754683229475,0.07906725956558057,5,0.020833333333333336,0.05892556509887897,5,0.05728079724153793,0.22917270245107116,5,0.031636210801316046,0.09783903300200014,5,0.009375,0.009262651348167237,5,-0.0041666666666666675,0.018922814713109325,5,0.1125,0.17836545660836664,5,0.0,0.0,5,0.020833333333333336,0.05892556509887897,5,0.025000000000000005,0.05590169943749474,5,0.0,0.0,5,0.1,0.12620942692384135,5,-6.818181818181818,0.9818390792295325,5,0.0,0.0,5,0.0,0.0,5,0.020833333333333336,0.05892556509887897,5,0.019115754683229475,0.07906725956558057,5,0.0,0.0,5
count1,regime_marginal,observed,transit_smooth,all,cusum_minus_ewma,-0.16228429637563546,0.10424823006402725,5,-0.05416666666666666,0.08281086214313246,5,-0.36656848001790576,0.31831164699044323,5,-0.12243588724446,0.10473025171068855,5,0.04431818181818182,0.06579275996078576,5,0.054166666666666675,0.09240939631757032,5,-0.07499999999999998,0.21530017804606355,5,0.0,0.0,5,-0.05416666666666666,0.08281086214313246,5,-0.10416666666666666,0.06909634979907084,5,0.0,0.0,5,0.17083333333333334,0.2925581613590326,5,-8.881784197001253e-17,3.0502127667436376,5,0.0,0.0,5,0.0,0.0,5,-0.05416666666666666,0.08281086214313246,5,-0.16228429637563546,0.10424823006402725,5,0.0,0.0,5
count1,regime_marginal,observed,transit_smooth,all,cusum_minus_point,-0.02895932808714744,0.14658252679889708,5,0.05,0.15770159056479635,5,-0.09203572457505041,0.1826423468827535,5,-0.025711789318897477,0.061171877842184176,5,0.04214015151515151,0.06610245304794266,5,0.05,0.09357622783948212,5,0.004166666666666641,0.2591217806789352,5,0.0,0.0,5,0.05,0.15770159056479635,5,0.004166666666666674,0.18126197278463504,5,0.0,0.0,5,0.19166666666666665,0.3285463564450736,5,-7.291666666666667,3.998074210716771,5,0.0,0.0,5,0.0,0.0,5,0.05,0.15770159056479635,5,-0.02895932808714744,0.14658252679889708,5,0.0,0.0,5
count1,regime_marginal,observed,transit_smooth,stable,cusum_minus_ewma,-0.16228429637563546,0.10424823006402725,5,-0.05416666666666666,0.08281086214313246,5,-0.36656848001790576,0.31831164699044323,5,-0.12243588724446,0.10473025171068855,5,0.04431818181818182,0.06579275996078576,5,0.054166666666666675,0.09240939631757032,5,-0.07499999999999998,0.21530017804606355,5,0.0,0.0,5,-0.05416666666666666,0.08281086214313246,5,-0.10416666666666666,0.06909634979907084,5,0.0,0.0,5,0.17083333333333334,0.2925581613590326,5,-8.881784197001253e-17,3.0502127667436376,5,0.0,0.0,5,0.0,0.0,5,-0.05416666666666666,0.08281086214313246,5,-0.16228429637563546,0.10424823006402725,5,0.0,0.0,5
count1,regime_marginal,observed,transit_smooth,stable,cusum_minus_point,-0.02895932808714744,0.14658252679889708,5,0.05,0.15770159056479635,5,-0.09203572457505041,0.1826423468827535,5,-0.025711789318897477,0.061171877842184176,5,0.04214015151515151,0.06610245304794266,5,0.05,0.09357622783948212,5,0.004166666666666641,0.2591217806789352,5,0.0,0.0,5,0.05,0.15770159056479635,5,0.004166666666666674,0.18126197278463504,5,0.0,0.0,5,0.19166666666666665,0.3285463564450736,5,-7.291666666666667,3.998074210716771,5,0.0,0.0,5,0.0,0.0,5,0.05,0.15770159056479635,5,-0.02895932808714744,0.14658252679889708,5,0.0,0.0,5
count1,regime_marginal,observed,warehouse,all,cusum_minus_ewma,-0.09174222612944152,0.06873596399252616,5,-0.07083333333333333,0.056288567025442895,5,-0.12794937941335585,0.13081208116799584,5,-0.051890921267738685,0.04611506060385149,5,0.02670454545454546,0.025442046472474066,5,-0.020833333333333336,0.0504966651814201,5,-0.012500000000000011,0.08665264309618925,5,0.0,0.0,5,-0.07083333333333333,0.056288567025442895,5,-0.06666666666666668,0.05187458165828639,5,0.0,0.0,5,0.09583333333333333,0.10984521938720057,5,-2.840909090909091,2.3909812827561736,5,0.0,0.0,5,0.0,0.0,5,-0.07083333333333333,0.056288567025442895,5,-0.09174222612944152,0.06873596399252616,5,0.0,0.0,5
count1,regime_marginal,observed,warehouse,all,cusum_minus_point,-0.04960155555878396,0.03001642282433754,5,-0.020833333333333336,0.03897559777889523,5,-0.07945241144599509,0.029902753762429464,5,-0.02239308663934337,0.019356657486991932,5,0.03409090909090909,0.030507639602125967,5,0.004166666666666666,0.03653266232656288,5,0.09583333333333335,0.06002025121203308,5,0.0,0.0,5,-0.020833333333333336,0.03897559777889523,5,-0.016666666666666666,0.04269562819149834,5,0.0,0.0,5,0.14166666666666666,0.1461306493062515,5,-7.575757575757575,3.682847818679935,5,0.0,0.0,5,0.0,0.0,5,-0.020833333333333336,0.03897559777889523,5,-0.04960155555878396,0.03001642282433754,5,0.0,0.0,5
count1,regime_marginal,observed,warehouse,stable,cusum_minus_ewma,-0.09174222612944152,0.06873596399252616,5,-0.07083333333333333,0.056288567025442895,5,-0.12794937941335585,0.13081208116799584,5,-0.051890921267738685,0.04611506060385149,5,0.02670454545454546,0.025442046472474066,5,-0.020833333333333336,0.0504966651814201,5,-0.012500000000000011,0.08665264309618925,5,0.0,0.0,5,-0.07083333333333333,0.056288567025442895,5,-0.06666666666666668,0.05187458165828639,5,0.0,0.0,5,0.09583333333333333,0.10984521938720057,5,-2.840909090909091,2.3909812827561736,5,0.0,0.0,5,0.0,0.0,5,-0.07083333333333333,0.056288567025442895,5,-0.09174222612944152,0.06873596399252616,5,0.0,0.0,5
count1,regime_marginal,observed,warehouse,stable,cusum_minus_point,-0.04960155555878396,0.03001642282433754,5,-0.020833333333333336,0.03897559777889523,5,-0.07945241144599509,0.029902753762429464,5,-0.02239308663934337,0.019356657486991932,5,0.03409090909090909,0.030507639602125967,5,0.004166666666666666,0.03653266232656288,5,0.09583333333333335,0.06002025121203308,5,0.0,0.0,5,-0.020833333333333336,0.03897559777889523,5,-0.016666666666666666,0.04269562819149834,5,0.0,0.0,5,0.14166666666666666,0.1461306493062515,5,-7.575757575757575,3.682847818679935,5,0.0,0.0,5,0.0,0.0,5,-0.020833333333333336,0.03897559777889523,5,-0.04960155555878396,0.03001642282433754,5,0.0,0.0,5
count3,regime_conditional,clean,all,all,cusum_minus_ewma,0.0,0.0,5,,,0,0.0,0.0,5,,,0,0.008179012345679013,0.010415809292562028,5,,,0,,,0,,,0,,,0,,,0,0.0,0.0,5,0.0023148148148148156,0.01339795937822943,5,-2.1296296296296298,1.6163235768859459,5,0.0,0.0,5,0.0,0.0,5,,,0,0.0,0.0,5,,,0
count3,regime_conditional,clean,all,all,cusum_minus_point,0.0,0.0,5,,,0,0.0,0.0,5,,,0,0.008858024691358024,0.013770327286606043,5,,,0,,,0,,,0,,,0,,,0,0.0,0.0,5,0.003240740740740741,0.011871186486072301,5,-6.7592592592592595,1.7404780468977388,5,0.0,0.0,5,0.0,0.0,5,,,0,0.0,0.0,5,,,0
count3,regime_conditional,clean,all,stable,cusum_minus_ewma,0.0,0.0,5,,,0,0.0,0.0,5,,,0,0.008179012345679013,0.010415809292562028,5,,,0,,,0,,,0,,,0,,,0,0.0,0.0,5,0.0023148148148148156,0.01339795937822943,5,-2.1296296296296298,1.6163235768859459,5,0.0,0.0,5,0.0,0.0,5,,,0,0.0,0.0,5,,,0
count3,regime_conditional,clean,all,stable,cusum_minus_point,0.0,0.0,5,,,0,0.0,0.0,5,,,0,0.008858024691358024,0.013770327286606043,5,,,0,,,0,,,0,,,0,,,0,0.0,0.0,5,0.003240740740740741,0.011871186486072301,5,-6.7592592592592595,1.7404780468977388,5,0.0,0.0,5,0.0,0.0,5,,,0,0.0,0.0,5,,,0
count3,regime_conditional,clean,transit_rough,all,cusum_minus_ewma,0.0,0.0,5,,,0,0.0,0.0,5,,,0,0.015092592592592593,0.021885958944094872,5,,,0,,,0,,,0,,,0,,,0,0.0,0.0,5,-0.005555555555555555,0.016579633869879613,5,-0.6481481481481485,2.9023014849365705,5,0.0,0.0,5,0.0,0.0,5,,,0,0.0,0.0,5,,,0
count3,regime_conditional,clean,transit_rough,all,cusum_minus_point,0.0,0.0,5,,,0,0.0,0.0,5,,,0,0.015277777777777779,0.028832224222822573,5,,,0,,,0,,,0,,,0,,,0,0.0,0.0,5,-0.004166666666666666,0.022287231299835016,5,-4.907407407407407,4.362673699773979,5,0.0,0.0,5,0.0,0.0,5,,,0,0.0,0.0,5,,,0
count3,regime_conditional,clean,transit_rough,stable,cusum_minus_ewma,0.0,0.0,5,,,0,0.0,0.0,5,,,0,0.015092592592592593,0.021885958944094872,5,,,0,,,0,,,0,,,0,,,0,0.0,0.0,5,-0.005555555555555555,0.016579633869879613,5,-0.6481481481481485,2.9023014849365705,5,0.0,0.0,5,0.0,0.0,5,,,0,0.0,0.0,5,,,0
count3,regime_conditional,clean,transit_rough,stable,cusum_minus_point,0.0,0.0,5,,,0,0.0,0.0,5,,,0,0.015277777777777779,0.028832224222822573,5,,,0,,,0,,,0,,,0,,,0,0.0,0.0,5,-0.004166666666666666,0.022287231299835016,5,-4.907407407407407,4.362673699773979,5,0.0,0.0,5,0.0,0.0,5,,,0,0.0,0.0,5,,,0
count3,regime_conditional,clean,transit_smooth,all,cusum_minus_ewma,0.0,0.0,5,,,0,0.0,0.0,5,,,0,0.0061111111111111106,0.00949017613496727,5,,,0,,,0,,,0,,,0,,,0,0.0,0.0,5,0.016666666666666666,0.04125958549309153,5,-3.2407407407407405,2.758420205512265,5,0.0,0.0,5,0.0,0.0,5,,,0,0.0,0.0,5,,,0
count3,regime_conditional,clean,transit_smooth,all,cusum_minus_point,0.0,0.0,5,,,0,0.0,0.0,5,,,0,0.0075,0.01679286072912427,5,,,0,,,0,,,0,,,0,,,0,0.0,0.0,5,0.02361111111111111,0.03758991278534544,5,-6.203703703703704,3.654182826050206,5,0.0,0.0,5,0.0,0.0,5,,,0,0.0,0.0,5,,,0
count3,regime_conditional,clean,transit_smooth,stable,cusum_minus_ewma,0.0,0.0,5,,,0,0.0,0.0,5,,,0,0.0061111111111111106,0.00949017613496727,5,,,0,,,0,,,0,,,0,,,0,0.0,0.0,5,0.016666666666666666,0.04125958549309153,5,-3.2407407407407405,2.758420205512265,5,0.0,0.0,5,0.0,0.0,5,,,0,0.0,0.0,5,,,0
count3,regime_conditional,clean,transit_smooth,stable,cusum_minus_point,0.0,0.0,5,,,0,0.0,0.0,5,,,0,0.0075,0.01679286072912427,5,,,0,,,0,,,0,,,0,,,0,0.0,0.0,5,0.02361111111111111,0.03758991278534544,5,-6.203703703703704,3.654182826050206,5,0.0,0.0,5,0.0,0.0,5,,,0,0.0,0.0,5,,,0
count3,regime_conditional,clean,warehouse,all,cusum_minus_ewma,0.0,0.0,5,,,0,0.0,0.0,5,,,0,0.003333333333333334,0.010735351457640648,5,,,0,,,0,,,0,,,0,,,0,0.0,0.0,5,-0.004166666666666666,0.013537214367790228,5,-2.4999999999999996,2.7893278391466794,5,0.0,0.0,5,0.0,0.0,5,,,0,0.0,0.0,5,,,0
count3,regime_conditional,clean,warehouse,all,cusum_minus_point,0.0,0.0,5,,,0,0.0,0.0,5,,,0,0.0037962962962962963,0.016280900766444215,5,,,0,,,0,,,0,,,0,,,0,0.0,0.0,5,-0.00972222222222222,0.0167244369149893,5,-9.166666666666666,4.969039949999533,5,0.0,0.0,5,0.0,0.0,5,,,0,0.0,0.0,5,,,0
count3,regime_conditional,clean,warehouse,stable,cusum_minus_ewma,0.0,0.0,5,,,0,0.0,0.0,5,,,0,0.003333333333333334,0.010735351457640648,5,,,0,,,0,,,0,,,0,,,0,0.0,0.0,5,-0.004166666666666666,0.013537214367790228,5,-2.4999999999999996,2.7893278391466794,5,0.0,0.0,5,0.0,0.0,5,,,0,0.0,0.0,5,,,0
count3,regime_conditional,clean,warehouse,stable,cusum_minus_point,0.0,0.0,5,,,0,0.0,0.0,5,,,0,0.0037962962962962963,0.016280900766444215,5,,,0,,,0,,,0,,,0,,,0,0.0,0.0,5,-0.00972222222222222,0.0167244369149893,5,-9.166666666666666,4.969039949999533,5,0.0,0.0,5,0.0,0.0,5,,,0,0.0,0.0,5,,,0
count3,regime_conditional,observed,all,all,cusum_minus_ewma,-0.14942278272379877,0.03534289145354542,5,-0.031018518518518518,0.05990855228169297,5,-0.2776575919396074,0.03652424825424814,5,-0.2198929382280968,0.038832573336366756,5,0.05360449735449736,0.014958553541705716,5,0.00300925925925926,0.018637493968151793,5,-0.015740740740740722,0.023911039830771728,5,0.0,0.0,5,-0.031018518518518518,0.05990855228169297,5,-0.0324074074074074,0.059039123818781694,5,0.0,0.0,5,0.3458333333333333,0.06002025121203304,5,-2.380952380952381,1.4300098088915114,5,0.0,0.0,5,0.0,0.0,5,-0.031018518518518518,0.05990855228169297,5,-0.14942278272379877,0.03534289145354542,5,0.0,0.0,5
count3,regime_conditional,observed,all,all,cusum_minus_point,0.1201286225531973,0.03382986213366171,5,0.22824074074074074,0.07221702854070006,5,-0.11714987456311374,0.020275572194869293,5,0.012261644492055569,0.017095030176109607,5,0.06554232804232804,0.01776450902086006,5,0.029166666666666667,0.026091772783693422,5,0.13148148148148148,0.06783236897829188,5,0.0,0.0,5,0.22824074074074074,0.07221702854070006,5,0.21435185185185185,0.050226680944872294,5,0.0,0.0,5,0.44074074074074077,0.0862497639208713,5,-5.423280423280422,1.570332019918487,5,0.0,0.0,5,0.0,0.0,5,0.22824074074074074,0.07221702854070006,5,0.1201286225531973,0.03382986213366171,5,0.0,0.0,5
count3,regime_conditional,observed,all,stable,cusum_minus_ewma,-0.14942278272379877,0.03534289145354542,5,-0.031018518518518518,0.05990855228169297,5,-0.2776575919396074,0.03652424825424814,5,-0.2198929382280968,0.038832573336366756,5,0.05360449735449736,0.014958553541705716,5,0.00300925925925926,0.018637493968151793,5,-0.015740740740740722,0.023911039830771728,5,0.0,0.0,5,-0.031018518518518518,0.05990855228169297,5,-0.0324074074074074,0.059039123818781694,5,0.0,0.0,5,0.3458333333333333,0.06002025121203304,5,-2.380952380952381,1.4300098088915114,5,0.0,0.0,5,0.0,0.0,5,-0.031018518518518518,0.05990855228169297,5,-0.14942278272379877,0.03534289145354542,5,0.0,0.0,5
count3,regime_conditional,observed,all,stable,cusum_minus_point,0.1201286225531973,0.03382986213366171,5,0.22824074074074074,0.07221702854070006,5,-0.11714987456311374,0.020275572194869293,5,0.012261644492055569,0.017095030176109607,5,0.06554232804232804,0.01776450902086006,5,0.029166666666666667,0.026091772783693422,5,0.13148148148148148,0.06783236897829188,5,0.0,0.0,5,0.22824074074074074,0.07221702854070006,5,0.21435185185185185,0.050226680944872294,5,0.0,0.0,5,0.44074074074074077,0.0862497639208713,5,-5.423280423280422,1.570332019918487,5,0.0,0.0,5,0.0,0.0,5,0.22824074074074074,0.07221702854070006,5,0.1201286225531973,0.03382986213366171,5,0.0,0.0,5
count3,regime_conditional,observed,transit_rough,all,cusum_minus_ewma,-0.149168062698055,0.062251268927304676,5,-0.0069444444444444475,0.06495932963149204,5,-0.2843889284704003,0.09030940930143257,5,-0.23149508143899444,0.0862486547932984,5,0.07053571428571428,0.02885182626037442,5,0.007638888888888892,0.02835766248485475,5,-0.009722222222222188,0.026260653334984747,5,0.0,0.0,5,-0.0069444444444444475,0.06495932963149204,5,-0.009722222222222226,0.06144950501563593,5,0.0,0.0,5,0.40555555555555556,0.09259837944879604,5,-1.9841269841269846,1.8559808466140584,5,0.0,0.0,5,0.0,0.0,5,-0.0069444444444444475,0.06495932963149204,5,-0.149168062698055,0.062251268927304676,5,0.0,0.0,5
count3,regime_conditional,observed,transit_rough,all,cusum_minus_point,0.11689800907807195,0.03793831416330881,5,0.25555555555555554,0.05136072801972387,5,-0.16149659884213002,0.038947746769267634,5,-0.00874601265578322,0.027019596207047945,5,0.08531746031746032,0.03747420535120738,5,0.043055555555555555,0.05421561178967176,5,0.1513888888888889,0.054768733758695405,5,0.0,0.0,5,0.25555555555555554,0.05136072801972387,5,0.23472222222222222,0.039711051265266105,5,0.0,0.0,5,0.5041666666666667,0.13108271231987764,5,-3.76984126984127,3.3933792413664823,5,0.0,0.0,5,0.0,0.0,5,0.25555555555555554,0.05136072801972387,5,0.11689800907807195,0.03793831416330881,5,0.0,0.0,5
count3,regime_conditional,observed,transit_rough,stable,cusum_minus_ewma,-0.149168062698055,0.062251268927304676,5,-0.0069444444444444475,0.06495932963149204,5,-0.2843889284704003,0.09030940930143257,5,-0.23149508143899444,0.0862486547932984,5,0.07053571428571428,0.02885182626037442,5,0.007638888888888892,0.02835766248485475,5,-0.009722222222222188,0.026260653334984747,5,0.0,0.0,5,-0.0069444444444444475,0.06495932963149204,5,-0.009722222222222226,0.06144950501563593,5,0.0,0.0,5,0.40555555555555556,0.09259837944879604,5,-1.9841269841269846,1.8559808466140584,5,0.0,0.0,5,0.0,0.0,5,-0.0069444444444444475,0.06495932963149204,5,-0.149168062698055,0.062251268927304676,5,0.0,0.0,5
count3,regime_conditional,observed,transit_rough,stable,cusum_minus_point,0.11689800907807195,0.03793831416330881,5,0.25555555555555554,0.05136072801972387,5,-0.16149659884213002,0.038947746769267634,5,-0.00874601265578322,0.027019596207047945,5,0.08531746031746032,0.03747420535120738,5,0.043055555555555555,0.05421561178967176,5,0.1513888888888889,0.054768733758695405,5,0.0,0.0,5,0.25555555555555554,0.05136072801972387,5,0.23472222222222222,0.039711051265266105,5,0.0,0.0,5,0.5041666666666667,0.13108271231987764,5,-3.76984126984127,3.3933792413664823,5,0.0,0.0,5,0.0,0.0,5,0.25555555555555554,0.05136072801972387,5,0.11689800907807195,0.03793831416330881,5,0.0,0.0,5
count3,regime_conditional,observed,transit_smooth,all,cusum_minus_ewma,-0.18885573927766333,0.06581374688517475,5,-0.09305555555555556,0.07276770498572074,5,-0.31500473412329166,0.07028309675076327,5,-0.23424110056111297,0.07299732728649981,5,0.045932539682539686,0.014842045699523273,5,0.0006944444444444448,0.026030090019432378,5,-0.04722222222222218,0.056715324969709484,5,0.0,0.0,5,-0.09305555555555556,0.07276770498572074,5,-0.08333333333333333,0.08333333333333333,5,0.0,0.0,5,0.3125,0.08589803386703458,5,-2.9761904761904763,3.2337313517870276,5,0.0,0.0,5,0.0,0.0,5,-0.09305555555555556,0.07276770498572074,5,-0.18885573927766333,0.06581374688517475,5,0.0,0.0,5
count3,regime_conditional,observed,transit_smooth,all,cusum_minus_point,0.11208128367103103,0.10050128959565625,5,0.18333333333333335,0.09766763050971759,5,-0.10649993555619952,0.16766436729325254,5,0.007737647226307209,0.058522939728464604,5,0.05615079365079365,0.017675024807694974,5,0.015277777777777774,0.03416214965624678,5,0.08611111111111117,0.10809714281122614,5,0.0,0.0,5,0.18333333333333335,0.09766763050971759,5,0.18194444444444446,0.09640029551463337,5,0.0,0.0,5,0.4208333333333334,0.10236874311967126,5,-5.059523809523809,4.618692201184436,5,0.0,0.0,5,0.0,0.0,5,0.18333333333333335,0.09766763050971759,5,0.11208128367103103,0.10050128959565625,5,0.0,0.0,5
count3,regime_conditional,observed,transit_smooth,stable,cusum_minus_ewma,-0.18885573927766333,0.06581374688517475,5,-0.09305555555555556,0.07276770498572074,5,-0.31500473412329166,0.07028309675076327,5,-0.23424110056111297,0.07299732728649981,5,0.045932539682539686,0.014842045699523273,5,0.0006944444444444448,0.026030090019432378,5,-0.04722222222222218,0.056715324969709484,5,0.0,0.0,5,-0.09305555555555556,0.07276770498572074,5,-0.08333333333333333,0.08333333333333333,5,0.0,0.0,5,0.3125,0.08589803386703458,5,-2.9761904761904763,3.2337313517870276,5,0.0,0.0,5,0.0,0.0,5,-0.09305555555555556,0.07276770498572074,5,-0.18885573927766333,0.06581374688517475,5,0.0,0.0,5
count3,regime_conditional,observed,transit_smooth,stable,cusum_minus_point,0.11208128367103103,0.10050128959565625,5,0.18333333333333335,0.09766763050971759,5,-0.10649993555619952,0.16766436729325254,5,0.007737647226307209,0.058522939728464604,5,0.05615079365079365,0.017675024807694974,5,0.015277777777777774,0.03416214965624678,5,0.08611111111111117,0.10809714281122614,5,0.0,0.0,5,0.18333333333333335,0.09766763050971759,5,0.18194444444444446,0.09640029551463337,5,0.0,0.0,5,0.4208333333333334,0.10236874311967126,5,-5.059523809523809,4.618692201184436,5,0.0,0.0,5,0.0,0.0,5,0.18333333333333335,0.09766763050971759,5,0.11208128367103103,0.10050128959565625,5,0.0,0.0,5
count3,regime_conditional,observed,warehouse,all,cusum_minus_ewma,-0.1037204384072316,0.07649479501370322,5,0.006944444444444453,0.05219894575823927,5,-0.2183417389974318,0.09453913343294305,5,-0.16638564303958375,0.10998154915846972,5,0.04434523809523809,0.03264514522466905,5,0.0006944444444444448,0.041911894102795576,5,0.00972222222222221,0.04801218338178776,5,0.0,0.0,5,0.006944444444444453,0.05219894575823927,5,-0.004166666666666663,0.05568561165758182,5,0.0,0.0,5,0.3194444444444445,0.17045746817546634,5,-2.182539682539683,2.3159955416525304,5,0.0,0.0,5,0.0,0.0,5,0.006944444444444453,0.05219894575823927,5,-0.1037204384072316,0.07649479501370322,5,0.0,0.0,5
count3,regime_conditional,observed,warehouse,all,cusum_minus_point,0.1374940693342271,0.06615014212863325,5,0.24583333333333335,0.12183492931011206,5,-0.05945614593836335,0.15205379679153316,5,0.05951229924158759,0.0696971493127111,5,0.055158730158730164,0.03785862988327696,5,0.029166666666666667,0.03416214965624679,5,0.15694444444444441,0.0819620979101143,5,0.0,0.0,5,0.24583333333333335,0.12183492931011206,5,0.2263888888888889,0.0804776922545452,5,0.0,0.0,5,0.39722222222222225,0.21117277973553922,5,-7.44047619047619,3.7776652310832883,5,0.0,0.0,5,0.0,0.0,5,0.24583333333333335,0.12183492931011206,5,0.1374940693342271,0.06615014212863325,5,0.0,0.0,5
count3,regime_conditional,observed,warehouse,stable,cusum_minus_ewma,-0.1037204384072316,0.07649479501370322,5,0.006944444444444453,0.05219894575823927,5,-0.2183417389974318,0.09453913343294305,5,-0.16638564303958375,0.10998154915846972,5,0.04434523809523809,0.03264514522466905,5,0.0006944444444444448,0.041911894102795576,5,0.00972222222222221,0.04801218338178776,5,0.0,0.0,5,0.006944444444444453,0.05219894575823927,5,-0.004166666666666663,0.05568561165758182,5,0.0,0.0,5,0.3194444444444445,0.17045746817546634,5,-2.182539682539683,2.3159955416525304,5,0.0,0.0,5,0.0,0.0,5,0.006944444444444453,0.05219894575823927,5,-0.1037204384072316,0.07649479501370322,5,0.0,0.0,5
count3,regime_conditional,observed,warehouse,stable,cusum_minus_point,0.1374940693342271,0.06615014212863325,5,0.24583333333333335,0.12183492931011206,5,-0.05945614593836335,0.15205379679153316,5,0.05951229924158759,0.0696971493127111,5,0.055158730158730164,0.03785862988327696,5,0.029166666666666667,0.03416214965624679,5,0.15694444444444441,0.0819620979101143,5,0.0,0.0,5,0.24583333333333335,0.12183492931011206,5,0.2263888888888889,0.0804776922545452,5,0.0,0.0,5,0.39722222222222225,0.21117277973553922,5,-7.44047619047619,3.7776652310832883,5,0.0,0.0,5,0.0,0.0,5,0.24583333333333335,0.12183492931011206,5,0.1374940693342271,0.06615014212863325,5,0.0,0.0,5
count3,regime_marginal,clean,all,all,cusum_minus_ewma,0.0,0.0,5,,,0,0.0,0.0,5,,,0,0.016358024691358025,0.020531362046034,5,,,0,,,0,,,0,,,0,,,0,0.0,0.0,5,0.015740740740740743,0.023572499292779568,5,-2.067901234567901,1.1681599301096026,5,0.0,0.0,5,0.0,0.0,5,,,0,0.0,0.0,5,,,0
count3,regime_marginal,clean,all,all,cusum_minus_point,0.0,0.0,5,,,0,0.0,0.0,5,,,0,0.019135802469135803,0.021416728715222922,5,,,0,,,0,,,0,,,0,,,0,0.0,0.0,5,0.01759259259259259,0.020935961212212983,5,-7.253086419753086,1.915073093517107,5,0.0,0.0,5,0.0,0.0,5,,,0,0.0,0.0,5,,,0
count3,regime_marginal,clean,all,stable,cusum_minus_ewma,0.0,0.0,5,,,0,0.0,0.0,5,,,0,0.016358024691358025,0.020531362046034,5,,,0,,,0,,,0,,,0,,,0,0.0,0.0,5,0.015740740740740743,0.023572499292779568,5,-2.067901234567901,1.1681599301096026,5,0.0,0.0,5,0.0,0.0,5,,,0,0.0,0.0,5,,,0
count3,regime_marginal,clean,all,stable,cusum_minus_point,0.0,0.0,5,,,0,0.0,0.0,5,,,0,0.019135802469135803,0.021416728715222922,5,,,0,,,0,,,0,,,0,,,0,0.0,0.0,5,0.01759259259259259,0.020935961212212983,5,-7.253086419753086,1.915073093517107,5,0.0,0.0,5,0.0,0.0,5,,,0,0.0,0.0,5,,,0
count3,regime_marginal,clean,transit_rough,all,cusum_minus_ewma,0.0,0.0,4,,,0,0.0,0.0,4,,,0,0.0006481481481481492,0.002711398234138209,5,,,0,,,0,,,0,,,0,,,0,0.0,0.0,5,-0.0027777777777777775,0.014400306495366473,5,-3.333333333333333,2.72716231018947,5,0.0,0.0,5,0.0,0.0,5,,,0,0.0,0.0,4,,,0
count3,regime_marginal,clean,transit_rough,all,cusum_minus_point,0.0,0.0,4,,,0,0.0,0.0,4,,,0,0.005648148148148148,0.009003409657431655,5,,,0,,,0,,,0,,,0,,,0,0.0,0.0,5,-0.005555555555555555,0.01583576979304358,5,-6.7592592592592595,0.7746852097537732,5,0.0,0.0,5,0.0,0.0,5,,,0,0.0,0.0,4,,,0
count3,regime_marginal,clean,transit_rough,stable,cusum_minus_ewma,0.0,0.0,4,,,0,0.0,0.0,4,,,0,0.0006481481481481492,0.002711398234138209,5,,,0,,,0,,,0,,,0,,,0,0.0,0.0,5,-0.0027777777777777775,0.014400306495366473,5,-3.333333333333333,2.72716231018947,5,0.0,0.0,5,0.0,0.0,5,,,0,0.0,0.0,4,,,0
count3,regime_marginal,clean,transit_rough,stable,cusum_minus_point,0.0,0.0,4,,,0,0.0,0.0,4,,,0,0.005648148148148148,0.009003409657431655,5,,,0,,,0,,,0,,,0,,,0,0.0,0.0,5,-0.005555555555555555,0.01583576979304358,5,-6.7592592592592595,0.7746852097537732,5,0.0,0.0,5,0.0,0.0,5,,,0,0.0,0.0,4,,,0
count3,regime_marginal,clean,transit_smooth,all,cusum_minus_ewma,0.0,0.0,4,,,0,0.0,0.0,4,,,0,0.03925925925925926,0.06969276589902063,5,,,0,,,0,,,0,,,0,,,0,0.0,0.0,5,0.03611111111111111,0.07453559924999298,5,0.2777777777777778,3.3159267739759226,5,0.0,0.0,5,0.0,0.0,5,,,0,0.0,0.0,4,,,0
count3,regime_marginal,clean,transit_smooth,all,cusum_minus_point,0.0,0.0,5,,,0,0.0,0.0,5,,,0,0.0362962962962963,0.06968138590641072,5,,,0,,,0,,,0,,,0,,,0,0.0,0.0,5,0.04027777777777777,0.06828899871633066,5,-7.037037037037036,4.146039477266317,5,0.0,0.0,5,0.0,0.0,5,,,0,0.0,0.0,5,,,0
count3,regime_marginal,clean,transit_smooth,stable,cusum_minus_ewma,0.0,0.0,4,,,0,0.0,0.0,4,,,0,0.03925925925925926,0.06969276589902063,5,,,0,,,0,,,0,,,0,,,0,0.0,0.0,5,0.03611111111111111,0.07453559924999298,5,0.2777777777777778,3.3159267739759226,5,0.0,0.0,5,0.0,0.0,5,,,0,0.0,0.0,4,,,0
count3,regime_marginal,clean,transit_smooth,stable,cusum_minus_point,0.0,0.0,5,,,0,0.0,0.0,5,,,0,0.0362962962962963,0.06968138590641072,5,,,0,,,0,,,0,,,0,,,0,0.0,0.0,5,0.04027777777777777,0.06828899871633066,5,-7.037037037037036,4.146039477266317,5,0.0,0.0,5,0.0,0.0,5,,,0,0.0,0.0,5,,,0
count3,regime_marginal,clean,warehouse,all,cusum_minus_ewma,0.0,0.0,5,,,0,0.0,0.0,5,,,0,0.009166666666666667,0.016062212939047783,5,,,0,,,0,,,0,,,0,,,0,0.0,0.0,5,0.01388888888888889,0.042808430576173444,5,-3.148148148148148,2.1566323516392805,5,0.0,0.0,5,0.0,0.0,5,,,0,0.0,0.0,5,,,0
count3,regime_marginal,clean,warehouse,all,cusum_minus_point,0.0,0.0,5,,,0,0.0,0.0,5,,,0,0.015462962962962961,0.020945173056062878,5,,,0,,,0,,,0,,,0,,,0,0.0,0.0,5,0.018055555555555554,0.046481112585226414,5,-7.962962962962962,3.636543867899162,5,0.0,0.0,5,0.0,0.0,5,,,0,0.0,0.0,5,,,0
count3,regime_marginal,clean,warehouse,stable,cusum_minus_ewma,0.0,0.0,5,,,0,0.0,0.0,5,,,0,0.009166666666666667,0.016062212939047783,5,,,0,,,0,,,0,,,0,,,0,0.0,0.0,5,0.01388888888888889,0.042808430576173444,5,-3.148148148148148,2.1566323516392805,5,0.0,0.0,5,0.0,0.0,5,,,0,0.0,0.0,5,,,0
count3,regime_marginal,clean,warehouse,stable,cusum_minus_point,0.0,0.0,5,,,0,0.0,0.0,5,,,0,0.015462962962962961,0.020945173056062878,5,,,0,,,0,,,0,,,0,,,0,0.0,0.0,5,0.018055555555555554,0.046481112585226414,5,-7.962962962962962,3.636543867899162,5,0.0,0.0,5,0.0,0.0,5,,,0,0.0,0.0,5,,,0
count3,regime_marginal,observed,all,all,cusum_minus_ewma,-0.10602702240743418,0.021079268469840838,5,-0.05370370370370371,0.013337833602674013,5,-0.2781945773356197,0.06971539513834193,5,-0.11248921407149996,0.04151943210662576,5,0.033994708994709,0.011288037698312547,5,0.009259259259259259,0.02407017863783035,5,-0.042592592592592585,0.040180544620261105,5,0.0,0.0,5,-0.05370370370370371,0.013337833602674013,5,-0.05694444444444444,0.009345661684345533,5,0.0,0.0,5,0.09074074074074076,0.06092406138090298,5,-1.7526455026455026,1.1900168131909117,5,0.0,0.0,5,0.0,0.0,5,-0.05370370370370371,0.013337833602674013,5,-0.10602702240743418,0.021079268469840838,5,0.0,0.0,5
count3,regime_marginal,observed,all,all,cusum_minus_point,-0.0199555639209343,0.01615767150840773,5,0.013425925925925924,0.013337833602674012,5,-0.2148959327401661,0.06484927879314503,5,-0.05091125213043231,0.018601300161052558,5,0.03974867724867725,0.015757891039335135,5,0.014583333333333334,0.02293886878118055,5,0.07083333333333333,0.05880267536115704,5,0.0,0.0,5,0.013425925925925924,0.013337833602674012,5,0.004629629629629628,0.03040260540871226,5,0.0,0.0,5,0.13333333333333336,0.08603204753472879,5,-6.646825396825396,1.9577725020655665,5,0.0,0.0,5,0.0,0.0,5,0.013425925925925924,0.013337833602674012,5,-0.0199555639209343,0.01615767150840773,5,0.0,0.0,5
count3,regime_marginal,observed,all,stable,cusum_minus_ewma,-0.10602702240743418,0.021079268469840838,5,-0.05370370370370371,0.013337833602674013,5,-0.2781945773356197,0.06971539513834193,5,-0.11248921407149996,0.04151943210662576,5,0.033994708994709,0.011288037698312547,5,0.009259259259259259,0.02407017863783035,5,-0.042592592592592585,0.040180544620261105,5,0.0,0.0,5,-0.05370370370370371,0.013337833602674013,5,-0.05694444444444444,0.009345661684345533,5,0.0,0.0,5,0.09074074074074076,0.06092406138090298,5,-1.7526455026455026,1.1900168131909117,5,0.0,0.0,5,0.0,0.0,5,-0.05370370370370371,0.013337833602674013,5,-0.10602702240743418,0.021079268469840838,5,0.0,0.0,5
count3,regime_marginal,observed,all,stable,cusum_minus_point,-0.0199555639209343,0.01615767150840773,5,0.013425925925925924,0.013337833602674012,5,-0.2148959327401661,0.06484927879314503,5,-0.05091125213043231,0.018601300161052558,5,0.03974867724867725,0.015757891039335135,5,0.014583333333333334,0.02293886878118055,5,0.07083333333333333,0.05880267536115704,5,0.0,0.0,5,0.013425925925925924,0.013337833602674012,5,0.004629629629629628,0.03040260540871226,5,0.0,0.0,5,0.13333333333333336,0.08603204753472879,5,-6.646825396825396,1.9577725020655665,5,0.0,0.0,5,0.0,0.0,5,0.013425925925925924,0.013337833602674012,5,-0.0199555639209343,0.01615767150840773,5,0.0,0.0,5
count3,regime_marginal,observed,transit_rough,all,cusum_minus_ewma,-0.09504879774915306,0.03295941619963602,5,-0.04861111111111112,0.034020690871988585,5,-0.20987302552519943,0.08893323140307872,5,-0.14319043299861664,0.10148864005944178,5,0.01408730158730159,0.01791423303445894,5,-0.013194444444444444,0.012851913557862324,5,-0.05555555555555554,0.05830852647134259,5,0.0,0.0,5,-0.04861111111111112,0.034020690871988585,5,-0.03749999999999999,0.045431742316100365,5,0.0,0.0,5,0.09166666666666666,0.15312460632350505,5,-3.174603174603174,3.411458107946309,5,0.0,0.0,5,0.0,0.0,5,-0.04861111111111112,0.034020690871988585,5,-0.09504879774915306,0.03295941619963602,5,0.0,0.0,5
count3,regime_marginal,observed,transit_rough,all,cusum_minus_point,-0.032452677750707225,0.03832867852936511,5,0.008333333333333335,0.07739239842086129,5,-0.1474265094173561,0.19118866163105927,5,-0.04167939936802948,0.03575089265388641,5,0.023313492063492067,0.022847095144695496,5,-0.010416666666666666,0.004910463758239912,5,0.08194444444444443,0.07088777863986026,5,0.0,0.0,5,0.008333333333333335,0.07739239842086129,5,0.011111111111111115,0.07987620630283675,5,0.0,0.0,5,0.15138888888888888,0.20614592398422202,5,-6.547619047619048,1.0165625759880557,5,0.0,0.0,5,0.0,0.0,5,0.008333333333333335,0.07739239842086129,5,-0.032452677750707225,0.03832867852936511,5,0.0,0.0,5
count3,regime_marginal,observed,transit_rough,stable,cusum_minus_ewma,-0.09504879774915306,0.03295941619963602,5,-0.04861111111111112,0.034020690871988585,5,-0.20987302552519943,0.08893323140307872,5,-0.14319043299861664,0.10148864005944178,5,0.01408730158730159,0.01791423303445894,5,-0.013194444444444444,0.012851913557862324,5,-0.05555555555555554,0.05830852647134259,5,0.0,0.0,5,-0.04861111111111112,0.034020690871988585,5,-0.03749999999999999,0.045431742316100365,5,0.0,0.0,5,0.09166666666666666,0.15312460632350505,5,-3.174603174603174,3.411458107946309,5,0.0,0.0,5,0.0,0.0,5,-0.04861111111111112,0.034020690871988585,5,-0.09504879774915306,0.03295941619963602,5,0.0,0.0,5
count3,regime_marginal,observed,transit_rough,stable,cusum_minus_point,-0.032452677750707225,0.03832867852936511,5,0.008333333333333335,0.07739239842086129,5,-0.1474265094173561,0.19118866163105927,5,-0.04167939936802948,0.03575089265388641,5,0.023313492063492067,0.022847095144695496,5,-0.010416666666666666,0.004910463758239912,5,0.08194444444444443,0.07088777863986026,5,0.0,0.0,5,0.008333333333333335,0.07739239842086129,5,0.011111111111111115,0.07987620630283675,5,0.0,0.0,5,0.15138888888888888,0.20614592398422202,5,-6.547619047619048,1.0165625759880557,5,0.0,0.0,5,0.0,0.0,5,0.008333333333333335,0.07739239842086129,5,-0.032452677750707225,0.03832867852936511,5,0.0,0.0,5
count3,regime_marginal,observed,transit_smooth,all,cusum_minus_ewma,-0.11447286024401251,0.08220893800197188,5,-0.04722222222222222,0.08857910428565748,5,-0.4755528515225336,0.2116637785378181,5,-0.14661690323993878,0.07702483732551031,5,0.0503968253968254,0.05600833244628837,5,0.035416666666666666,0.07877430792781472,5,-0.05833333333333333,0.10765008902303176,5,0.0,0.0,5,-0.04722222222222222,0.08857910428565748,5,-0.06666666666666668,0.04925173118471429,5,0.0,0.0,5,0.075,0.09399402397604796,5,0.09920634920634921,2.942935907577644,5,0.0,0.0,5,0.0,0.0,5,-0.04722222222222222,0.08857910428565748,5,-0.11447286024401251,0.08220893800197188,5,0.0,0.0,5
count3,regime_marginal,observed,transit_smooth,all,cusum_minus_point,-0.03639523115215278,0.10411646763989407,5,0.008333333333333328,0.09006384909374152,5,-0.23870827004634027,0.20068639544668052,5,-0.06977746836263429,0.040495230724179924,5,0.04950396825396826,0.05901985741179865,5,0.03333333333333333,0.07704109202958583,5,0.034722222222222224,0.11034894848660212,5,0.0,0.0,5,0.008333333333333328,0.09006384909374152,5,-0.01111111111111111,0.08556051572923022,5,0.0,0.0,5,0.10416666666666667,0.10622957319984969,5,-6.845238095238095,4.126316337913774,5,0.0,0.0,5,0.0,0.0,5,0.008333333333333328,0.09006384909374152,5,-0.03639523115215278,0.10411646763989407,5,0.0,0.0,5
count3,regime_marginal,observed,transit_smooth,stable,cusum_minus_ewma,-0.11447286024401251,0.08220893800197188,5,-0.04722222222222222,0.08857910428565748,5,-0.4755528515225336,0.2116637785378181,5,-0.14661690323993878,0.07702483732551031,5,0.0503968253968254,0.05600833244628837,5,0.035416666666666666,0.07877430792781472,5,-0.05833333333333333,0.10765008902303176,5,0.0,0.0,5,-0.04722222222222222,0.08857910428565748,5,-0.06666666666666668,0.04925173118471429,5,0.0,0.0,5,0.075,0.09399402397604796,5,0.09920634920634921,2.942935907577644,5,0.0,0.0,5,0.0,0.0,5,-0.04722222222222222,0.08857910428565748,5,-0.11447286024401251,0.08220893800197188,5,0.0,0.0,5
count3,regime_marginal,observed,transit_smooth,stable,cusum_minus_point,-0.03639523115215278,0.10411646763989407,5,0.008333333333333328,0.09006384909374152,5,-0.23870827004634027,0.20068639544668052,5,-0.06977746836263429,0.040495230724179924,5,0.04950396825396826,0.05901985741179865,5,0.03333333333333333,0.07704109202958583,5,0.034722222222222224,0.11034894848660212,5,0.0,0.0,5,0.008333333333333328,0.09006384909374152,5,-0.01111111111111111,0.08556051572923022,5,0.0,0.0,5,0.10416666666666667,0.10622957319984969,5,-6.845238095238095,4.126316337913774,5,0.0,0.0,5,0.0,0.0,5,0.008333333333333328,0.09006384909374152,5,-0.03639523115215278,0.10411646763989407,5,0.0,0.0,5
count3,regime_marginal,observed,warehouse,all,cusum_minus_ewma,-0.12884717262664164,0.0646320292509716,5,-0.06527777777777778,0.05233734355949103,5,-0.29785398799169827,0.18405411584737857,5,-0.09888181030085505,0.09444668602827944,5,0.0375,0.028655440995155847,5,0.005555555555555555,0.02217877697593238,5,-0.013888888888888885,0.06821834272357116,5,0.0,0.0,5,-0.06527777777777778,0.05233734355949103,5,-0.06666666666666667,0.053023914357836315,5,0.0,0.0,5,0.10555555555555556,0.08119359390591123,5,-2.182539682539683,2.1219493686713724,5,0.0,0.0,5,0.0,0.0,5,-0.06527777777777778,0.05233734355949103,5,-0.12884717262664164,0.0646320292509716,5,0.0,0.0,5
count3,regime_marginal,observed,warehouse,all,cusum_minus_point,-0.02125714737345523,0.06157904090955747,5,0.023611111111111107,0.06814761347415053,5,-0.17283204324869086,0.11989785480062616,5,-0.026825380861955544,0.04355509049750808,5,0.04642857142857143,0.03287422096137158,5,0.020833333333333332,0.031056499687497078,5,0.09583333333333333,0.05275035837453595,5,0.0,0.0,5,0.023611111111111107,0.06814761347415053,5,0.013888888888888886,0.06714958196463096,5,0.0,0.0,5,0.14444444444444443,0.10210931264284889,5,-6.547619047619048,3.0049863553295557,5,0.0,0.0,5,0.0,0.0,5,0.023611111111111107,0.06814761347415053,5,-0.02125714737345523,0.06157904090955747,5,0.0,0.0,5
count3,regime_marginal,observed,warehouse,stable,cusum_minus_ewma,-0.12884717262664164,0.0646320292509716,5,-0.06527777777777778,0.05233734355949103,5,-0.29785398799169827,0.18405411584737857,5,-0.09888181030085505,0.09444668602827944,5,0.0375,0.028655440995155847,5,0.005555555555555555,0.02217877697593238,5,-0.013888888888888885,0.06821834272357116,5,0.0,0.0,5,-0.06527777777777778,0.05233734355949103,5,-0.06666666666666667,0.053023914357836315,5,0.0,0.0,5,0.10555555555555556,0.08119359390591123,5,-2.182539682539683,2.1219493686713724,5,0.0,0.0,5,0.0,0.0,5,-0.06527777777777778,0.05233734355949103,5,-0.12884717262664164,0.0646320292509716,5,0.0,0.0,5
count3,regime_marginal,observed,warehouse,stable,cusum_minus_point,-0.02125714737345523,0.06157904090955747,5,0.023611111111111107,0.06814761347415053,5,-0.17283204324869086,0.11989785480062616,5,-0.026825380861955544,0.04355509049750808,5,0.04642857142857143,0.03287422096137158,5,0.020833333333333332,0.031056499687497078,5,0.09583333333333333,0.05275035837453595,5,0.0,0.0,5,0.023611111111111107,0.06814761347415053,5,0.013888888888888886,0.06714958196463096,5,0.0,0.0,5,0.14444444444444443,0.10210931264284889,5,-6.547619047619048,3.0049863553295557,5,0.0,0.0,5,0.0,0.0,5,0.023611111111111107,0.06814761347415053,5,-0.02125714737345523,0.06157904090955747,5,0.0,0.0,5
duration24,regime_conditional,clean,all,all,cusum_minus_ewma,0.0,0.0,5,,,0,0.0,0.0,5,,,0,0.008179012345679013,0.010415809292562028,5,,,0,,,0,,,0,,,0,,,0,0.0,0.0,5,-0.004166666666666667,0.008289816934939808,5,-2.1296296296296298,1.6163235768859459,5,0.0,0.0,5,0.0,0.0,5,,,0,0.0,0.0,5,,,0
duration24,regime_conditional,clean,all,all,cusum_minus_point,0.0,0.0,5,,,0,0.0,0.0,5,,,0,0.008858024691358024,0.013770327286606043,5,,,0,,,0,,,0,,,0,,,0,0.0,0.0,5,0.008333333333333335,0.018954644533272474,5,-6.7592592592592595,1.7404780468977388,5,0.0,0.0,5,0.0,0.0,5,,,0,0.0,0.0,5,,,0
duration24,regime_conditional,clean,all,stable,cusum_minus_ewma,0.0,0.0,5,,,0,0.0,0.0,5,,,0,0.008179012345679013,0.010415809292562028,5,,,0,,,0,,,0,,,0,,,0,0.0,0.0,5,-0.004166666666666667,0.008289816934939808,5,-2.1296296296296298,1.6163235768859459,5,0.0,0.0,5,0.0,0.0,5,,,0,0.0,0.0,5,,,0
duration24,regime_conditional,clean,all,stable,cusum_minus_point,0.0,0.0,5,,,0,0.0,0.0,5,,,0,0.008858024691358024,0.013770327286606043,5,,,0,,,0,,,0,,,0,,,0,0.0,0.0,5,0.008333333333333335,0.018954644533272474,5,-6.7592592592592595,1.7404780468977388,5,0.0,0.0,5,0.0,0.0,5,,,0,0.0,0.0,5,,,0
duration24,regime_conditional,clean,transit_rough,all,cusum_minus_ewma,0.0,0.0,5,,,0,0.0,0.0,5,,,0,0.015092592592592593,0.021885958944094872,5,,,0,,,0,,,0,,,0,,,0,0.0,0.0,5,-0.0041666666666666675,0.005705443307345481,5,-0.6481481481481485,2.9023014849365705,5,0.0,0.0,5,0.0,0.0,5,,,0,0.0,0.0,5,,,0
duration24,regime_conditional,clean,transit_rough,all,cusum_minus_point,0.0,0.0,5,,,0,0.0,0.0,5,,,0,0.015277777777777779,0.028832224222822573,5,,,0,,,0,,,0,,,0,,,0,0.0,0.0,5,0.0062499999999999995,0.009316949906249122,5,-4.907407407407407,4.362673699773979,5,0.0,0.0,5,0.0,0.0,5,,,0,0.0,0.0,5,,,0
duration24,regime_conditional,clean,transit_rough,stable,cusum_minus_ewma,0.0,0.0,5,,,0,0.0,0.0,5,,,0,0.015092592592592593,0.021885958944094872,5,,,0,,,0,,,0,,,0,,,0,0.0,0.0,5,-0.0041666666666666675,0.005705443307345481,5,-0.6481481481481485,2.9023014849365705,5,0.0,0.0,5,0.0,0.0,5,,,0,0.0,0.0,5,,,0
duration24,regime_conditional,clean,transit_rough,stable,cusum_minus_point,0.0,0.0,5,,,0,0.0,0.0,5,,,0,0.015277777777777779,0.028832224222822573,5,,,0,,,0,,,0,,,0,,,0,0.0,0.0,5,0.0062499999999999995,0.009316949906249122,5,-4.907407407407407,4.362673699773979,5,0.0,0.0,5,0.0,0.0,5,,,0,0.0,0.0,5,,,0
duration24,regime_conditional,clean,transit_smooth,all,cusum_minus_ewma,0.0,0.0,5,,,0,0.0,0.0,5,,,0,0.0061111111111111106,0.00949017613496727,5,,,0,,,0,,,0,,,0,,,0,0.0,0.0,5,0.006249999999999999,0.011876827344782686,5,-3.2407407407407405,2.758420205512265,5,0.0,0.0,5,0.0,0.0,5,,,0,0.0,0.0,5,,,0
duration24,regime_conditional,clean,transit_smooth,all,cusum_minus_point,0.0,0.0,5,,,0,0.0,0.0,5,,,0,0.0075,0.01679286072912427,5,,,0,,,0,,,0,,,0,,,0,0.0,0.0,5,0.0125,0.03784562942621865,5,-6.203703703703704,3.654182826050206,5,0.0,0.0,5,0.0,0.0,5,,,0,0.0,0.0,5,,,0
duration24,regime_conditional,clean,transit_smooth,stable,cusum_minus_ewma,0.0,0.0,5,,,0,0.0,0.0,5,,,0,0.0061111111111111106,0.00949017613496727,5,,,0,,,0,,,0,,,0,,,0,0.0,0.0,5,0.006249999999999999,0.011876827344782686,5,-3.2407407407407405,2.758420205512265,5,0.0,0.0,5,0.0,0.0,5,,,0,0.0,0.0,5,,,0
duration24,regime_conditional,clean,transit_smooth,stable,cusum_minus_point,0.0,0.0,5,,,0,0.0,0.0,5,,,0,0.0075,0.01679286072912427,5,,,0,,,0,,,0,,,0,,,0,0.0,0.0,5,0.0125,0.03784562942621865,5,-6.203703703703704,3.654182826050206,5,0.0,0.0,5,0.0,0.0,5,,,0,0.0,0.0,5,,,0
duration24,regime_conditional,clean,warehouse,all,cusum_minus_ewma,0.0,0.0,5,,,0,0.0,0.0,5,,,0,0.003333333333333334,0.010735351457640648,5,,,0,,,0,,,0,,,0,,,0,0.0,0.0,5,-0.014583333333333332,0.02814428351272145,5,-2.4999999999999996,2.7893278391466794,5,0.0,0.0,5,0.0,0.0,5,,,0,0.0,0.0,5,,,0
duration24,regime_conditional,clean,warehouse,all,cusum_minus_point,0.0,0.0,5,,,0,0.0,0.0,5,,,0,0.0037962962962962963,0.016280900766444215,5,,,0,,,0,,,0,,,0,,,0,0.0,0.0,5,0.00625,0.029092166757851964,5,-9.166666666666666,4.969039949999533,5,0.0,0.0,5,0.0,0.0,5,,,0,0.0,0.0,5,,,0
duration24,regime_conditional,clean,warehouse,stable,cusum_minus_ewma,0.0,0.0,5,,,0,0.0,0.0,5,,,0,0.003333333333333334,0.010735351457640648,5,,,0,,,0,,,0,,,0,,,0,0.0,0.0,5,-0.014583333333333332,0.02814428351272145,5,-2.4999999999999996,2.7893278391466794,5,0.0,0.0,5,0.0,0.0,5,,,0,0.0,0.0,5,,,0
duration24,regime_conditional,clean,warehouse,stable,cusum_minus_point,0.0,0.0,5,,,0,0.0,0.0,5,,,0,0.0037962962962962963,0.016280900766444215,5,,,0,,,0,,,0,,,0,,,0,0.0,0.0,5,0.00625,0.029092166757851964,5,-9.166666666666666,4.969039949999533,5,0.0,0.0,5,0.0,0.0,5,,,0,0.0,0.0,5,,,0
duration24,regime_conditional,observed,all,all,cusum_minus_ewma,-0.1778775667438855,0.04098135968841561,5,0.05069444444444443,0.04580833703905819,5,-0.36341247469977167,0.053035841182613404,5,-0.32289804650317694,0.05296709938957069,5,0.09701897018970189,0.010187554055259597,5,0.050868055555555555,0.019733711442198366,5,-0.030555555555555558,0.02970729116139922,5,0.0,0.0,5,0.05069444444444443,0.04580833703905819,5,0.00347222222222221,0.044125920233120924,5,0.0,0.0,5,0.6583333333333333,0.05926219791614088,5,-2.1680216802168024,0.49958947167183754,5,0.0,0.0,5,0.0,0.0,5,0.05069444444444443,0.04580833703905819,5,-0.1778775667438855,0.04098135968841561,5,0.0,0.0,5
duration24,regime_conditional,observed,all,all,cusum_minus_point,0.24192478112425614,0.036682985812347586,5,0.4569444444444445,0.04811878667602538,5,-0.10316999236063422,0.024144430719871688,5,0.07578442075648391,0.030032539390134883,5,0.1076219512195122,0.015339862824606216,5,0.08072916666666666,0.03107469152720269,5,0.18923611111111113,0.04994149258209208,5,0.0,0.0,5,0.4569444444444445,0.04811878667602538,5,0.3819444444444445,0.05920622536451364,5,0.0,0.0,5,0.7611111111111112,0.054812742390753046,5,-5.995934959349593,1.2481120207954295,5,0.0,0.0,5,0.0,0.0,5,0.4569444444444445,0.04811878667602538,5,0.24192478112425614,0.036682985812347586,5,0.0,0.0,5
duration24,regime_conditional,observed,all,stable,cusum_minus_ewma,-0.1778775667438855,0.04098135968841561,5,0.05069444444444443,0.04580833703905819,5,-0.36341247469977167,0.053035841182613404,5,-0.32289804650317694,0.05296709938957069,5,0.09701897018970189,0.010187554055259597,5,0.050868055555555555,0.019733711442198366,5,-0.030555555555555558,0.02970729116139922,5,0.0,0.0,5,0.05069444444444443,0.04580833703905819,5,0.00347222222222221,0.044125920233120924,5,0.0,0.0,5,0.6583333333333333,0.05926219791614088,5,-2.1680216802168024,0.49958947167183754,5,0.0,0.0,5,0.0,0.0,5,0.05069444444444443,0.04580833703905819,5,-0.1778775667438855,0.04098135968841561,5,0.0,0.0,5
duration24,regime_conditional,observed,all,stable,cusum_minus_point,0.24192478112425614,0.036682985812347586,5,0.4569444444444445,0.04811878667602538,5,-0.10316999236063422,0.024144430719871688,5,0.07578442075648391,0.030032539390134883,5,0.1076219512195122,0.015339862824606216,5,0.08072916666666666,0.03107469152720269,5,0.18923611111111113,0.04994149258209208,5,0.0,0.0,5,0.4569444444444445,0.04811878667602538,5,0.3819444444444445,0.05920622536451364,5,0.0,0.0,5,0.7611111111111112,0.054812742390753046,5,-5.995934959349593,1.2481120207954295,5,0.0,0.0,5,0.0,0.0,5,0.4569444444444445,0.04811878667602538,5,0.24192478112425614,0.036682985812347586,5,0.0,0.0,5
duration24,regime_conditional,observed,transit_rough,all,cusum_minus_ewma,-0.19346276865788575,0.05270330499721902,5,0.078125,0.06720566614877052,5,-0.40557583143923753,0.10267831394684405,5,-0.3364765265463479,0.09013402542773453,5,0.11829268292682929,0.013527144282064411,5,0.05208333333333333,0.04388619673529354,5,-0.006250000000000011,0.047933647353514734,5,0.0,0.0,5,0.078125,0.06720566614877052,5,0.028125,0.03820233504352551,5,0.0,0.0,5,0.7125,0.11281783805468587,5,-1.3211382113821135,2.750481423317959,5,0.0,0.0,5,0.0,0.0,5,0.078125,0.06720566614877052,5,-0.19346276865788575,0.05270330499721902,5,0.0,0.0,5
duration24,regime_conditional,observed,transit_rough,all,cusum_minus_point,0.2166411940375989,0.0544363458021295,5,0.46875,0.11091426791170238,5,-0.1562438177455337,0.07286471511294626,5,0.0593067630402893,0.02358771317431533,5,0.128760162601626,0.022350793456623805,5,0.09010416666666668,0.07503887158176013,5,0.2302083333333333,0.10215505558681101,5,0.0,0.0,5,0.46875,0.11091426791170238,5,0.384375,0.09829823702782149,5,0.0,0.0,5,0.7875,0.11160912696649061,5,-4.2682926829268295,4.6929877597637475,5,0.0,0.0,5,0.0,0.0,5,0.46875,0.11091426791170238,5,0.2166411940375989,0.0544363458021295,5,0.0,0.0,5
duration24,regime_conditional,observed,transit_rough,stable,cusum_minus_ewma,-0.19346276865788575,0.05270330499721902,5,0.078125,0.06720566614877052,5,-0.40557583143923753,0.10267831394684405,5,-0.3364765265463479,0.09013402542773453,5,0.11829268292682929,0.013527144282064411,5,0.05208333333333333,0.04388619673529354,5,-0.006250000000000011,0.047933647353514734,5,0.0,0.0,5,0.078125,0.06720566614877052,5,0.028125,0.03820233504352551,5,0.0,0.0,5,0.7125,0.11281783805468587,5,-1.3211382113821135,2.750481423317959,5,0.0,0.0,5,0.0,0.0,5,0.078125,0.06720566614877052,5,-0.19346276865788575,0.05270330499721902,5,0.0,0.0,5
duration24,regime_conditional,observed,transit_rough,stable,cusum_minus_point,0.2166411940375989,0.0544363458021295,5,0.46875,0.11091426791170238,5,-0.1562438177455337,0.07286471511294626,5,0.0593067630402893,0.02358771317431533,5,0.128760162601626,0.022350793456623805,5,0.09010416666666668,0.07503887158176013,5,0.2302083333333333,0.10215505558681101,5,0.0,0.0,5,0.46875,0.11091426791170238,5,0.384375,0.09829823702782149,5,0.0,0.0,5,0.7875,0.11160912696649061,5,-4.2682926829268295,4.6929877597637475,5,0.0,0.0,5,0.0,0.0,5,0.46875,0.11091426791170238,5,0.2166411940375989,0.0544363458021295,5,0.0,0.0,5
duration24,regime_conditional,observed,transit_smooth,all,cusum_minus_ewma,-0.21161721391231234,0.05565456480141749,5,0.003125000000000011,0.07480805878862397,5,-0.39492562240480167,0.04722668753974042,5,-0.360419294991487,0.07451037472496619,5,0.09461382113821137,0.025977824281849818,5,0.05364583333333334,0.05928698703423225,5,-0.06979166666666668,0.0629971546425357,5,0.0,0.0,5,0.003125000000000011,0.07480805878862397,5,-0.04687500000000002,0.10018429198787158,5,0.0,0.0,5,0.70625,0.043200919486099436,5,-2.1341463414634143,2.3670355078967713,5,0.0,0.0,5,0.0,0.0,5,0.003125000000000011,0.07480805878862397,5,-0.21161721391231234,0.05565456480141749,5,0.0,0.0,5
duration24,regime_conditional,observed,transit_smooth,all,cusum_minus_point,0.2537005491808926,0.08531197620195348,5,0.45625,0.0819050782325356,5,-0.0983072341015789,0.12273099960651469,5,0.0805312091203222,0.0744171142017334,5,0.10335365853658537,0.03536088882074198,5,0.075,0.06640369684634366,5,0.15312499999999998,0.09844990001264603,5,0.0,0.0,5,0.45625,0.0819050782325356,5,0.3833333333333333,0.12361428093626113,5,0.0,0.0,5,0.7979166666666666,0.08352841748637271,5,-4.67479674796748,4.94481326248084,5,0.0,0.0,5,0.0,0.0,5,0.45625,0.0819050782325356,5,0.2537005491808926,0.08531197620195348,5,0.0,0.0,5
duration24,regime_conditional,observed,transit_smooth,stable,cusum_minus_ewma,-0.21161721391231234,0.05565456480141749,5,0.003125000000000011,0.07480805878862397,5,-0.39492562240480167,0.04722668753974042,5,-0.360419294991487,0.07451037472496619,5,0.09461382113821137,0.025977824281849818,5,0.05364583333333334,0.05928698703423225,5,-0.06979166666666668,0.0629971546425357,5,0.0,0.0,5,0.003125000000000011,0.07480805878862397,5,-0.04687500000000002,0.10018429198787158,5,0.0,0.0,5,0.70625,0.043200919486099436,5,-2.1341463414634143,2.3670355078967713,5,0.0,0.0,5,0.0,0.0,5,0.003125000000000011,0.07480805878862397,5,-0.21161721391231234,0.05565456480141749,5,0.0,0.0,5
duration24,regime_conditional,observed,transit_smooth,stable,cusum_minus_point,0.2537005491808926,0.08531197620195348,5,0.45625,0.0819050782325356,5,-0.0983072341015789,0.12273099960651469,5,0.0805312091203222,0.0744171142017334,5,0.10335365853658537,0.03536088882074198,5,0.075,0.06640369684634366,5,0.15312499999999998,0.09844990001264603,5,0.0,0.0,5,0.45625,0.0819050782325356,5,0.3833333333333333,0.12361428093626113,5,0.0,0.0,5,0.7979166666666666,0.08352841748637271,5,-4.67479674796748,4.94481326248084,5,0.0,0.0,5,0.0,0.0,5,0.45625,0.0819050782325356,5,0.2537005491808926,0.08531197620195348,5,0.0,0.0,5
duration24,regime_conditional,observed,warehouse,all,cusum_minus_ewma,-0.12454569789257852,0.08282679407114883,5,0.07083333333333335,0.0712799949046793,5,-0.28919160572142705,0.1020599443074094,5,-0.25409754330885403,0.12819301758678348,5,0.07815040650406505,0.02262006562678974,5,0.046875,0.03897559777889523,5,-0.015624999999999955,0.05324231328192934,5,0.0,0.0,5,0.07083333333333335,0.0712799949046793,5,0.029166666666666674,0.0783503693797575,5,0.0,0.0,5,0.55625,0.06854451615150868,5,-3.0487804878048776,1.9012486721412303,5,0.0,0.0,5,0.0,0.0,5,0.07083333333333335,0.0712799949046793,5,-0.12454569789257852,0.08282679407114883,5,0.0,0.0,5
duration24,regime_conditional,observed,warehouse,all,cusum_minus_point,0.2585833133846319,0.03891219907982147,5,0.4458333333333334,0.10123478109216112,5,-0.04235836944621364,0.08927461440779985,5,0.10976748794667898,0.05137613779565842,5,0.0907520325203252,0.02704474324803445,5,0.07708333333333332,0.035924288030329994,5,0.184375,0.05568290525376707,5,0.0,0.0,5,0.4458333333333334,0.10123478109216112,5,0.378125,0.03656977016987908,5,0.0,0.0,5,0.6979166666666666,0.08300717422140222,5,-9.044715447154472,3.758102050223698,5,0.0,0.0,5,0.0,0.0,5,0.4458333333333334,0.10123478109216112,5,0.2585833133846319,0.03891219907982147,5,0.0,0.0,5
duration24,regime_conditional,observed,warehouse,stable,cusum_minus_ewma,-0.12454569789257852,0.08282679407114883,5,0.07083333333333335,0.0712799949046793,5,-0.28919160572142705,0.1020599443074094,5,-0.25409754330885403,0.12819301758678348,5,0.07815040650406505,0.02262006562678974,5,0.046875,0.03897559777889523,5,-0.015624999999999955,0.05324231328192934,5,0.0,0.0,5,0.07083333333333335,0.0712799949046793,5,0.029166666666666674,0.0783503693797575,5,0.0,0.0,5,0.55625,0.06854451615150868,5,-3.0487804878048776,1.9012486721412303,5,0.0,0.0,5,0.0,0.0,5,0.07083333333333335,0.0712799949046793,5,-0.12454569789257852,0.08282679407114883,5,0.0,0.0,5
duration24,regime_conditional,observed,warehouse,stable,cusum_minus_point,0.2585833133846319,0.03891219907982147,5,0.4458333333333334,0.10123478109216112,5,-0.04235836944621364,0.08927461440779985,5,0.10976748794667898,0.05137613779565842,5,0.0907520325203252,0.02704474324803445,5,0.07708333333333332,0.035924288030329994,5,0.184375,0.05568290525376707,5,0.0,0.0,5,0.4458333333333334,0.10123478109216112,5,0.378125,0.03656977016987908,5,0.0,0.0,5,0.6979166666666666,0.08300717422140222,5,-9.044715447154472,3.758102050223698,5,0.0,0.0,5,0.0,0.0,5,0.4458333333333334,0.10123478109216112,5,0.2585833133846319,0.03891219907982147,5,0.0,0.0,5
duration24,regime_marginal,clean,all,all,cusum_minus_ewma,0.0,0.0,5,,,0,0.0,0.0,5,,,0,0.016358024691358025,0.020531362046034,5,,,0,,,0,,,0,,,0,,,0,0.0,0.0,5,0.010416666666666666,0.0327568789307521,5,-2.067901234567901,1.1681599301096026,5,0.0,0.0,5,0.0,0.0,5,,,0,0.0,0.0,5,,,0
duration24,regime_marginal,clean,all,all,cusum_minus_point,0.0,0.0,5,,,0,0.0,0.0,5,,,0,0.019135802469135803,0.021416728715222922,5,,,0,,,0,,,0,,,0,,,0,0.0,0.0,5,0.014583333333333334,0.030210328797439175,5,-7.253086419753086,1.915073093517107,5,0.0,0.0,5,0.0,0.0,5,,,0,0.0,0.0,5,,,0
duration24,regime_marginal,clean,all,stable,cusum_minus_ewma,0.0,0.0,5,,,0,0.0,0.0,5,,,0,0.016358024691358025,0.020531362046034,5,,,0,,,0,,,0,,,0,,,0,0.0,0.0,5,0.010416666666666666,0.0327568789307521,5,-2.067901234567901,1.1681599301096026,5,0.0,0.0,5,0.0,0.0,5,,,0,0.0,0.0,5,,,0
duration24,regime_marginal,clean,all,stable,cusum_minus_point,0.0,0.0,5,,,0,0.0,0.0,5,,,0,0.019135802469135803,0.021416728715222922,5,,,0,,,0,,,0,,,0,,,0,0.0,0.0,5,0.014583333333333334,0.030210328797439175,5,-7.253086419753086,1.915073093517107,5,0.0,0.0,5,0.0,0.0,5,,,0,0.0,0.0,5,,,0
duration24,regime_marginal,clean,transit_rough,all,cusum_minus_ewma,0.0,0.0,4,,,0,0.0,0.0,4,,,0,0.0006481481481481492,0.002711398234138209,5,,,0,,,0,,,0,,,0,,,0,0.0,0.0,5,-0.010416666666666668,0.02329237476562281,5,-3.333333333333333,2.72716231018947,5,0.0,0.0,5,0.0,0.0,5,,,0,0.0,0.0,4,,,0
duration24,regime_marginal,clean,transit_rough,all,cusum_minus_point,0.0,0.0,4,,,0,0.0,0.0,4,,,0,0.005648148148148148,0.009003409657431655,5,,,0,,,0,,,0,,,0,,,0,0.0,0.0,5,-0.00625,0.00570544330734548,5,-6.7592592592592595,0.7746852097537732,5,0.0,0.0,5,0.0,0.0,5,,,0,0.0,0.0,4,,,0
duration24,regime_marginal,clean,transit_rough,stable,cusum_minus_ewma,0.0,0.0,4,,,0,0.0,0.0,4,,,0,0.0006481481481481492,0.002711398234138209,5,,,0,,,0,,,0,,,0,,,0,0.0,0.0,5,-0.010416666666666668,0.02329237476562281,5,-3.333333333333333,2.72716231018947,5,0.0,0.0,5,0.0,0.0,5,,,0,0.0,0.0,4,,,0
duration24,regime_marginal,clean,transit_rough,stable,cusum_minus_point,0.0,0.0,4,,,0,0.0,0.0,4,,,0,0.005648148148148148,0.009003409657431655,5,,,0,,,0,,,0,,,0,,,0,0.0,0.0,5,-0.00625,0.00570544330734548,5,-6.7592592592592595,0.7746852097537732,5,0.0,0.0,5,0.0,0.0,5,,,0,0.0,0.0,4,,,0
duration24,regime_marginal,clean,transit_smooth,all,cusum_minus_ewma,0.0,0.0,4,,,0,0.0,0.0,4,,,0,0.03925925925925926,0.06969276589902063,5,,,0,,,0,,,0,,,0,,,0,0.0,0.0,5,0.025,0.08122328620674137,5,0.2777777777777778,3.3159267739759226,5,0.0,0.0,5,0.0,0.0,5,,,0,0.0,0.0,4,,,0
duration24,regime_marginal,clean,transit_smooth,all,cusum_minus_point,0.0,0.0,5,,,0,0.0,0.0,5,,,0,0.0362962962962963,0.06968138590641072,5,,,0,,,0,,,0,,,0,,,0,0.0,0.0,5,0.024999999999999998,0.07953587153675447,5,-7.037037037037036,4.146039477266317,5,0.0,0.0,5,0.0,0.0,5,,,0,0.0,0.0,5,,,0
duration24,regime_marginal,clean,transit_smooth,stable,cusum_minus_ewma,0.0,0.0,4,,,0,0.0,0.0,4,,,0,0.03925925925925926,0.06969276589902063,5,,,0,,,0,,,0,,,0,,,0,0.0,0.0,5,0.025,0.08122328620674137,5,0.2777777777777778,3.3159267739759226,5,0.0,0.0,5,0.0,0.0,5,,,0,0.0,0.0,4,,,0
duration24,regime_marginal,clean,transit_smooth,stable,cusum_minus_point,0.0,0.0,5,,,0,0.0,0.0,5,,,0,0.0362962962962963,0.06968138590641072,5,,,0,,,0,,,0,,,0,,,0,0.0,0.0,5,0.024999999999999998,0.07953587153675447,5,-7.037037037037036,4.146039477266317,5,0.0,0.0,5,0.0,0.0,5,,,0,0.0,0.0,5,,,0
duration24,regime_marginal,clean,warehouse,all,cusum_minus_ewma,0.0,0.0,5,,,0,0.0,0.0,5,,,0,0.009166666666666667,0.016062212939047783,5,,,0,,,0,,,0,,,0,,,0,0.0,0.0,5,0.01666666666666667,0.08254838648399562,5,-3.148148148148148,2.1566323516392805,5,0.0,0.0,5,0.0,0.0,5,,,0,0.0,0.0,5,,,0
duration24,regime_marginal,clean,warehouse,all,cusum_minus_point,0.0,0.0,5,,,0,0.0,0.0,5,,,0,0.015462962962962961,0.020945173056062878,5,,,0,,,0,,,0,,,0,,,0,0.0,0.0,5,0.025,0.07746246851074252,5,-7.962962962962962,3.636543867899162,5,0.0,0.0,5,0.0,0.0,5,,,0,0.0,0.0,5,,,0
duration24,regime_marginal,clean,warehouse,stable,cusum_minus_ewma,0.0,0.0,5,,,0,0.0,0.0,5,,,0,0.009166666666666667,0.016062212939047783,5,,,0,,,0,,,0,,,0,,,0,0.0,0.0,5,0.01666666666666667,0.08254838648399562,5,-3.148148148148148,2.1566323516392805,5,0.0,0.0,5,0.0,0.0,5,,,0,0.0,0.0,5,,,0
duration24,regime_marginal,clean,warehouse,stable,cusum_minus_point,0.0,0.0,5,,,0,0.0,0.0,5,,,0,0.015462962962962961,0.020945173056062878,5,,,0,,,0,,,0,,,0,,,0,0.0,0.0,5,0.025,0.07746246851074252,5,-7.962962962962962,3.636543867899162,5,0.0,0.0,5,0.0,0.0,5,,,0,0.0,0.0,5,,,0
duration24,regime_marginal,observed,all,all,cusum_minus_ewma,-0.09780545810253115,0.042366875562226035,5,-0.004513888888888889,0.019041902198883708,5,-0.360596637382175,0.07595545729829149,5,-0.19045454371788606,0.058498675431629954,5,0.05792682926829268,0.019774683660863872,5,0.028993055555555557,0.019999216323380843,5,-0.05972222222222216,0.018191926246430182,5,0.0,0.0,5,-0.004513888888888889,0.019041902198883708,5,-0.01388888888888889,0.03153802452184886,5,0.0,0.0,5,0.325,0.09139268820201167,5,-1.6260162601626014,1.5961001340636511,5,0.0,0.0,5,0.0,0.0,5,-0.004513888888888889,0.019041902198883708,5,-0.09780545810253115,0.042366875562226035,5,0.0,0.0,5
duration24,regime_marginal,observed,all,all,cusum_minus_point,0.1049330204172522,0.04127102975740393,5,0.14756944444444445,0.055839659847483986,5,-0.16338383261813344,0.07265798130595462,5,0.001608359485447125,0.029286917202823504,5,0.06256775067750678,0.02331087322639768,5,0.03715277777777778,0.023870738623319548,5,0.13159722222222223,0.04099943187840353,5,0.0,0.0,5,0.14756944444444445,0.055839659847483986,5,0.12361111111111112,0.05556098063789412,5,0.0,0.0,5,0.3638888888888889,0.07815971450960031,5,-6.639566395663957,2.0304020126681577,5,0.0,0.0,5,0.0,0.0,5,0.14756944444444445,0.055839659847483986,5,0.1049330204172522,0.04127102975740393,5,0.0,0.0,5
duration24,regime_marginal,observed,all,stable,cusum_minus_ewma,-0.09780545810253115,0.042366875562226035,5,-0.004513888888888889,0.019041902198883708,5,-0.360596637382175,0.07595545729829149,5,-0.19045454371788606,0.058498675431629954,5,0.05792682926829268,0.019774683660863872,5,0.028993055555555557,0.019999216323380843,5,-0.05972222222222216,0.018191926246430182,5,0.0,0.0,5,-0.004513888888888889,0.019041902198883708,5,-0.01388888888888889,0.03153802452184886,5,0.0,0.0,5,0.325,0.09139268820201167,5,-1.6260162601626014,1.5961001340636511,5,0.0,0.0,5,0.0,0.0,5,-0.004513888888888889,0.019041902198883708,5,-0.09780545810253115,0.042366875562226035,5,0.0,0.0,5
duration24,regime_marginal,observed,all,stable,cusum_minus_point,0.1049330204172522,0.04127102975740393,5,0.14756944444444445,0.055839659847483986,5,-0.16338383261813344,0.07265798130595462,5,0.001608359485447125,0.029286917202823504,5,0.06256775067750678,0.02331087322639768,5,0.03715277777777778,0.023870738623319548,5,0.13159722222222223,0.04099943187840353,5,0.0,0.0,5,0.14756944444444445,0.055839659847483986,5,0.12361111111111112,0.05556098063789412,5,0.0,0.0,5,0.3638888888888889,0.07815971450960031,5,-6.639566395663957,2.0304020126681577,5,0.0,0.0,5,0.0,0.0,5,0.14756944444444445,0.055839659847483986,5,0.1049330204172522,0.04127102975740393,5,0.0,0.0,5
duration24,regime_marginal,observed,transit_rough,all,cusum_minus_ewma,-0.09454159849322673,0.040481407363877724,5,-0.007291666666666666,0.09415422115397223,5,-0.3646003212904576,0.13122846242983252,5,-0.19739976975355195,0.09455658985804513,5,0.04217479674796748,0.03893748792818702,5,0.009375000000000001,0.04152808987015764,5,-0.07499999999999998,0.06267337065204717,5,0.0,0.0,5,-0.007291666666666666,0.09415422115397223,5,-0.018750000000000006,0.04579188466736097,5,0.0,0.0,5,0.29583333333333334,0.18126197278463507,5,-2.9471544715447155,3.1405563293419605,5,0.0,0.0,5,0.0,0.0,5,-0.007291666666666666,0.09415422115397223,5,-0.09454159849322673,0.040481407363877724,5,0.0,0.0,5
duration24,regime_marginal,observed,transit_rough,all,cusum_minus_point,0.08073428211571416,0.07123238604193789,5,0.125,0.14258852939587313,5,-0.1652398170057274,0.06412830035389308,5,0.025314663059513732,0.04940428532293965,5,0.0491869918699187,0.03718977648292104,5,0.017708333333333333,0.034957967071978825,5,0.13020833333333331,0.11091426791170239,5,0.0,0.0,5,0.125,0.14258852939587313,5,0.09166666666666666,0.09817397486237266,5,0.0,0.0,5,0.325,0.14497515352255674,5,-6.60569105691057,1.2954825999981667,5,0.0,0.0,5,0.0,0.0,5,0.125,0.14258852939587313,5,0.08073428211571416,0.07123238604193789,5,0.0,0.0,5
duration24,regime_marginal,observed,transit_rough,stable,cusum_minus_ewma,-0.09454159849322673,0.040481407363877724,5,-0.007291666666666666,0.09415422115397223,5,-0.3646003212904576,0.13122846242983252,5,-0.19739976975355195,0.09455658985804513,5,0.04217479674796748,0.03893748792818702,5,0.009375000000000001,0.04152808987015764,5,-0.07499999999999998,0.06267337065204717,5,0.0,0.0,5,-0.007291666666666666,0.09415422115397223,5,-0.018750000000000006,0.04579188466736097,5,0.0,0.0,5,0.29583333333333334,0.18126197278463507,5,-2.9471544715447155,3.1405563293419605,5,0.0,0.0,5,0.0,0.0,5,-0.007291666666666666,0.09415422115397223,5,-0.09454159849322673,0.040481407363877724,5,0.0,0.0,5
duration24,regime_marginal,observed,transit_rough,stable,cusum_minus_point,0.08073428211571416,0.07123238604193789,5,0.125,0.14258852939587313,5,-0.1652398170057274,0.06412830035389308,5,0.025314663059513732,0.04940428532293965,5,0.0491869918699187,0.03718977648292104,5,0.017708333333333333,0.034957967071978825,5,0.13020833333333331,0.11091426791170239,5,0.0,0.0,5,0.125,0.14258852939587313,5,0.09166666666666666,0.09817397486237266,5,0.0,0.0,5,0.325,0.14497515352255674,5,-6.60569105691057,1.2954825999981667,5,0.0,0.0,5,0.0,0.0,5,0.125,0.14258852939587313,5,0.08073428211571416,0.07123238604193789,5,0.0,0.0,5
duration24,regime_marginal,observed,transit_smooth,all,cusum_minus_ewma,-0.11402646891759209,0.10712609876968697,5,-0.0020833333333333203,0.10829075685779158,5,-0.5470236753774691,0.2315570645084816,5,-0.23399876042626205,0.12440944138099345,5,0.07804878048780488,0.06599101622709647,5,0.05520833333333334,0.07446732860465648,5,-0.03229166666666668,0.0639374626642663,5,0.0,0.0,5,-0.0020833333333333203,0.10829075685779158,5,-0.023958333333333328,0.08626044119570558,5,0.0,0.0,5,0.39375,0.16931489811065717,5,0.6097560975609757,3.4162065678804088,5,0.0,0.0,5,0.0,0.0,5,-0.0020833333333333203,0.10829075685779158,5,-0.11402646891759209,0.10712609876968697,5,0.0,0.0,5
duration24,regime_marginal,observed,transit_smooth,all,cusum_minus_point,0.08488482470212455,0.11898887534437208,5,0.14270833333333335,0.13559683527321392,5,-0.1635121064385118,0.22402004497404224,5,-0.0015898738153525994,0.08528187531279899,5,0.07530487804878049,0.06742103069320644,5,0.06041666666666666,0.0709223169630179,5,0.15937499999999996,0.07222514350395345,5,0.0,0.0,5,0.14270833333333335,0.13559683527321392,5,0.11041666666666665,0.15029448812156163,5,0.0,0.0,5,0.40625,0.18590175309973694,5,-6.707317073170731,4.450128871099861,5,0.0,0.0,5,0.0,0.0,5,0.14270833333333335,0.13559683527321392,5,0.08488482470212455,0.11898887534437208,5,0.0,0.0,5
duration24,regime_marginal,observed,transit_smooth,stable,cusum_minus_ewma,-0.11402646891759209,0.10712609876968697,5,-0.0020833333333333203,0.10829075685779158,5,-0.5470236753774691,0.2315570645084816,5,-0.23399876042626205,0.12440944138099345,5,0.07804878048780488,0.06599101622709647,5,0.05520833333333334,0.07446732860465648,5,-0.03229166666666668,0.0639374626642663,5,0.0,0.0,5,-0.0020833333333333203,0.10829075685779158,5,-0.023958333333333328,0.08626044119570558,5,0.0,0.0,5,0.39375,0.16931489811065717,5,0.6097560975609757,3.4162065678804088,5,0.0,0.0,5,0.0,0.0,5,-0.0020833333333333203,0.10829075685779158,5,-0.11402646891759209,0.10712609876968697,5,0.0,0.0,5
duration24,regime_marginal,observed,transit_smooth,stable,cusum_minus_point,0.08488482470212455,0.11898887534437208,5,0.14270833333333335,0.13559683527321392,5,-0.1635121064385118,0.22402004497404224,5,-0.0015898738153525994,0.08528187531279899,5,0.07530487804878049,0.06742103069320644,5,0.06041666666666666,0.0709223169630179,5,0.15937499999999996,0.07222514350395345,5,0.0,0.0,5,0.14270833333333335,0.13559683527321392,5,0.11041666666666665,0.15029448812156163,5,0.0,0.0,5,0.40625,0.18590175309973694,5,-6.707317073170731,4.450128871099861,5,0.0,0.0,5,0.0,0.0,5,0.14270833333333335,0.13559683527321392,5,0.08488482470212455,0.11898887534437208,5,0.0,0.0,5
duration24,regime_marginal,observed,warehouse,all,cusum_minus_ewma,-0.10237669208083541,0.0467740503309214,5,-0.004166666666666677,0.03423265984407287,5,-0.2945218144359459,0.11664278747188017,5,-0.16338971775429584,0.0817047672012081,5,0.053556910569105685,0.033685613691406505,5,0.02239583333333333,0.044674932673424365,5,-0.07187500000000002,0.039904127727870733,5,0.0,0.0,5,-0.004166666666666677,0.03423265984407287,5,0.0010416666666666601,0.059429799273316285,5,0.0,0.0,5,0.28541666666666665,0.15807956637578294,5,-2.5406504065040654,3.351348058504299,5,0.0,0.0,5,0.0,0.0,5,-0.004166666666666677,0.03423265984407287,5,-0.10237669208083541,0.0467740503309214,5,0.0,0.0,5
duration24,regime_marginal,observed,warehouse,all,cusum_minus_point,0.12068508778294709,0.06315072346636125,5,0.175,0.111864039655537,5,-0.10102373516919456,0.06331373675544287,5,0.0169476601305469,0.03223737902064204,5,0.06321138211382113,0.033933807941869024,5,0.03333333333333333,0.04841929541415052,5,0.1052083333333333,0.04316951205229605,5,0.0,0.0,5,0.175,0.111864039655537,5,0.16875,0.10860342932481971,5,0.0,0.0,5,0.36041666666666666,0.12770510463564094,5,-6.60569105691057,3.0487804878048785,5,0.0,0.0,5,0.0,0.0,5,0.175,0.111864039655537,5,0.12068508778294709,0.06315072346636125,5,0.0,0.0,5
duration24,regime_marginal,observed,warehouse,stable,cusum_minus_ewma,-0.10237669208083541,0.0467740503309214,5,-0.004166666666666677,0.03423265984407287,5,-0.2945218144359459,0.11664278747188017,5,-0.16338971775429584,0.0817047672012081,5,0.053556910569105685,0.033685613691406505,5,0.02239583333333333,0.044674932673424365,5,-0.07187500000000002,0.039904127727870733,5,0.0,0.0,5,-0.004166666666666677,0.03423265984407287,5,0.0010416666666666601,0.059429799273316285,5,0.0,0.0,5,0.28541666666666665,0.15807956637578294,5,-2.5406504065040654,3.351348058504299,5,0.0,0.0,5,0.0,0.0,5,-0.004166666666666677,0.03423265984407287,5,-0.10237669208083541,0.0467740503309214,5,0.0,0.0,5
duration24,regime_marginal,observed,warehouse,stable,cusum_minus_point,0.12068508778294709,0.06315072346636125,5,0.175,0.111864039655537,5,-0.10102373516919456,0.06331373675544287,5,0.0169476601305469,0.03223737902064204,5,0.06321138211382113,0.033933807941869024,5,0.03333333333333333,0.04841929541415052,5,0.1052083333333333,0.04316951205229605,5,0.0,0.0,5,0.175,0.111864039655537,5,0.16875,0.10860342932481971,5,0.0,0.0,5,0.36041666666666666,0.12770510463564094,5,-6.60569105691057,3.0487804878048785,5,0.0,0.0,5,0.0,0.0,5,0.175,0.111864039655537,5,0.12068508778294709,0.06315072346636125,5,0.0,0.0,5
duration4,regime_conditional,clean,all,all,cusum_minus_ewma,0.0,0.0,5,,,0,0.0,0.0,5,,,0,0.008179012345679013,0.010415809292562028,5,,,0,,,0,,,0,,,0,,,0,0.0,0.0,5,-0.006944444444444443,0.011516058299845137,5,-2.1296296296296298,1.6163235768859459,5,0.0,0.0,5,0.0,0.0,5,,,0,0.0,0.0,5,,,0
duration4,regime_conditional,clean,all,all,cusum_minus_point,0.0,0.0,5,,,0,0.0,0.0,5,,,0,0.008858024691358024,0.013770327286606043,5,,,0,,,0,,,0,,,0,,,0,0.0,0.0,5,-0.0020833333333333333,0.008715208609729954,5,-6.7592592592592595,1.7404780468977388,5,0.0,0.0,5,0.0,0.0,5,,,0,0.0,0.0,5,,,0
duration4,regime_conditional,clean,all,stable,cusum_minus_ewma,0.0,0.0,5,,,0,0.0,0.0,5,,,0,0.008179012345679013,0.010415809292562028,5,,,0,,,0,,,0,,,0,,,0,0.0,0.0,5,-0.006944444444444443,0.011516058299845137,5,-2.1296296296296298,1.6163235768859459,5,0.0,0.0,5,0.0,0.0,5,,,0,0.0,0.0,5,,,0
duration4,regime_conditional,clean,all,stable,cusum_minus_point,0.0,0.0,5,,,0,0.0,0.0,5,,,0,0.008858024691358024,0.013770327286606043,5,,,0,,,0,,,0,,,0,,,0,0.0,0.0,5,-0.0020833333333333333,0.008715208609729954,5,-6.7592592592592595,1.7404780468977388,5,0.0,0.0,5,0.0,0.0,5,,,0,0.0,0.0,5,,,0
duration4,regime_conditional,clean,transit_rough,all,cusum_minus_ewma,0.0,0.0,5,,,0,0.0,0.0,5,,,0,0.015092592592592593,0.021885958944094872,5,,,0,,,0,,,0,,,0,,,0,0.0,0.0,5,-0.008333333333333333,0.008715208609729954,5,-0.6481481481481485,2.9023014849365705,5,0.0,0.0,5,0.0,0.0,5,,,0,0.0,0.0,5,,,0
duration4,regime_conditional,clean,transit_rough,all,cusum_minus_point,0.0,0.0,5,,,0,0.0,0.0,5,,,0,0.015277777777777779,0.028832224222822573,5,,,0,,,0,,,0,,,0,,,0,0.0,0.0,5,-0.002083333333333332,0.02982879388182574,5,-4.907407407407407,4.362673699773979,5,0.0,0.0,5,0.0,0.0,5,,,0,0.0,0.0,5,,,0
duration4,regime_conditional,clean,transit_rough,stable,cusum_minus_ewma,0.0,0.0,5,,,0,0.0,0.0,5,,,0,0.015092592592592593,0.021885958944094872,5,,,0,,,0,,,0,,,0,,,0,0.0,0.0,5,-0.008333333333333333,0.008715208609729954,5,-0.6481481481481485,2.9023014849365705,5,0.0,0.0,5,0.0,0.0,5,,,0,0.0,0.0,5,,,0
duration4,regime_conditional,clean,transit_rough,stable,cusum_minus_point,0.0,0.0,5,,,0,0.0,0.0,5,,,0,0.015277777777777779,0.028832224222822573,5,,,0,,,0,,,0,,,0,,,0,0.0,0.0,5,-0.002083333333333332,0.02982879388182574,5,-4.907407407407407,4.362673699773979,5,0.0,0.0,5,0.0,0.0,5,,,0,0.0,0.0,5,,,0
duration4,regime_conditional,clean,transit_smooth,all,cusum_minus_ewma,0.0,0.0,5,,,0,0.0,0.0,5,,,0,0.0061111111111111106,0.00949017613496727,5,,,0,,,0,,,0,,,0,,,0,0.0,0.0,5,-0.002083333333333334,0.004658474953124564,5,-3.2407407407407405,2.758420205512265,5,0.0,0.0,5,0.0,0.0,5,,,0,0.0,0.0,5,,,0
duration4,regime_conditional,clean,transit_smooth,all,cusum_minus_point,0.0,0.0,5,,,0,0.0,0.0,5,,,0,0.0075,0.01679286072912427,5,,,0,,,0,,,0,,,0,,,0,0.0,0.0,5,0.008333333333333335,0.032442523963327995,5,-6.203703703703704,3.654182826050206,5,0.0,0.0,5,0.0,0.0,5,,,0,0.0,0.0,5,,,0
duration4,regime_conditional,clean,transit_smooth,stable,cusum_minus_ewma,0.0,0.0,5,,,0,0.0,0.0,5,,,0,0.0061111111111111106,0.00949017613496727,5,,,0,,,0,,,0,,,0,,,0,0.0,0.0,5,-0.002083333333333334,0.004658474953124564,5,-3.2407407407407405,2.758420205512265,5,0.0,0.0,5,0.0,0.0,5,,,0,0.0,0.0,5,,,0
duration4,regime_conditional,clean,transit_smooth,stable,cusum_minus_point,0.0,0.0,5,,,0,0.0,0.0,5,,,0,0.0075,0.01679286072912427,5,,,0,,,0,,,0,,,0,,,0,0.0,0.0,5,0.008333333333333335,0.032442523963327995,5,-6.203703703703704,3.654182826050206,5,0.0,0.0,5,0.0,0.0,5,,,0,0.0,0.0,5,,,0
duration4,regime_conditional,clean,warehouse,all,cusum_minus_ewma,0.0,0.0,5,,,0,0.0,0.0,5,,,0,0.003333333333333334,0.010735351457640648,5,,,0,,,0,,,0,,,0,,,0,0.0,0.0,5,-0.010416666666666668,0.03125,5,-2.4999999999999996,2.7893278391466794,5,0.0,0.0,5,0.0,0.0,5,,,0,0.0,0.0,5,,,0
duration4,regime_conditional,clean,warehouse,all,cusum_minus_point,0.0,0.0,5,,,0,0.0,0.0,5,,,0,0.0037962962962962963,0.016280900766444215,5,,,0,,,0,,,0,,,0,,,0,0.0,0.0,5,-0.0125,0.011410886614690962,5,-9.166666666666666,4.969039949999533,5,0.0,0.0,5,0.0,0.0,5,,,0,0.0,0.0,5,,,0
duration4,regime_conditional,clean,warehouse,stable,cusum_minus_ewma,0.0,0.0,5,,,0,0.0,0.0,5,,,0,0.003333333333333334,0.010735351457640648,5,,,0,,,0,,,0,,,0,,,0,0.0,0.0,5,-0.010416666666666668,0.03125,5,-2.4999999999999996,2.7893278391466794,5,0.0,0.0,5,0.0,0.0,5,,,0,0.0,0.0,5,,,0
duration4,regime_conditional,clean,warehouse,stable,cusum_minus_point,0.0,0.0,5,,,0,0.0,0.0,5,,,0,0.0037962962962962963,0.016280900766444215,5,,,0,,,0,,,0,,,0,,,0,0.0,0.0,5,-0.0125,0.011410886614690962,5,-9.166666666666666,4.969039949999533,5,0.0,0.0,5,0.0,0.0,5,,,0,0.0,0.0,5,,,0
duration4,regime_conditional,observed,all,all,cusum_minus_ewma,-0.051194023539253605,0.025330229690490244,5,-0.0375,0.03578242507774514,5,-0.055064833344122696,0.015915919601119242,5,-0.02535423065450141,0.016629621005187577,5,0.011528822055137843,0.01253357984159275,5,-0.006250000000000001,0.023980967569211118,5,-0.008333333333333326,0.04256836821188031,5,0.0,0.0,5,-0.0375,0.03578242507774514,5,-0.029166666666666664,0.04320091948609942,5,0.0,0.0,5,0.02777777777777778,0.02678341774399568,5,-2.1929824561403506,1.068153328398015,5,0.0,0.0,5,0.0,0.0,5,-0.0375,0.03578242507774514,5,-0.051194023539253605,0.025330229690490244,5,0.0,0.0,5
duration4,regime_conditional,observed,all,all,cusum_minus_point,-0.032705877354768716,0.025005649478995338,5,-0.010416666666666668,0.028527216536727403,5,-0.042731939730153684,0.02804337730230936,5,-0.010883294297253923,0.011699615997448938,5,0.013815789473684212,0.01539094433482858,5,0.008333333333333335,0.01199048378460556,5,-0.07083333333333333,0.05531632519729895,5,0.0,0.0,5,-0.010416666666666668,0.028527216536727403,5,-0.0041666666666666675,0.03343084694975253,5,0.0,0.0,5,0.05555555555555556,0.028208466682763753,5,-6.860902255639099,1.3355935931887346,5,0.0,0.0,5,0.0,0.0,5,-0.010416666666666668,0.028527216536727403,5,-0.032705877354768716,0.025005649478995338,5,0.0,0.0,5
duration4,regime_conditional,observed,all,stable,cusum_minus_ewma,-0.051194023539253605,0.025330229690490244,5,-0.0375,0.03578242507774514,5,-0.055064833344122696,0.015915919601119242,5,-0.02535423065450141,0.016629621005187577,5,0.011528822055137843,0.01253357984159275,5,-0.006250000000000001,0.023980967569211118,5,-0.008333333333333326,0.04256836821188031,5,0.0,0.0,5,-0.0375,0.03578242507774514,5,-0.029166666666666664,0.04320091948609942,5,0.0,0.0,5,0.02777777777777778,0.02678341774399568,5,-2.1929824561403506,1.068153328398015,5,0.0,0.0,5,0.0,0.0,5,-0.0375,0.03578242507774514,5,-0.051194023539253605,0.025330229690490244,5,0.0,0.0,5
duration4,regime_conditional,observed,all,stable,cusum_minus_point,-0.032705877354768716,0.025005649478995338,5,-0.010416666666666668,0.028527216536727403,5,-0.042731939730153684,0.02804337730230936,5,-0.010883294297253923,0.011699615997448938,5,0.013815789473684212,0.01539094433482858,5,0.008333333333333335,0.01199048378460556,5,-0.07083333333333333,0.05531632519729895,5,0.0,0.0,5,-0.010416666666666668,0.028527216536727403,5,-0.0041666666666666675,0.03343084694975253,5,0.0,0.0,5,0.05555555555555556,0.028208466682763753,5,-6.860902255639099,1.3355935931887346,5,0.0,0.0,5,0.0,0.0,5,-0.010416666666666668,0.028527216536727403,5,-0.032705877354768716,0.025005649478995338,5,0.0,0.0,5
duration4,regime_conditional,observed,transit_rough,all,cusum_minus_ewma,-0.08362492910172967,0.08029842886139246,5,-0.075,0.08149003006503311,5,-0.06385994506245077,0.1028937260444921,5,-0.0309106344649899,0.026245024934790903,5,0.018890977443609024,0.022991284538606063,5,0.009375,0.03045873232752801,5,-0.01875,0.04192627457812106,5,0.0,0.0,5,-0.075,0.08149003006503311,5,-0.075,0.08149003006503311,5,0.0,0.0,5,0.004166666666666666,0.011876827344782686,5,-1.0338345864661656,1.4635725096238192,5,0.0,0.0,5,0.0,0.0,5,-0.075,0.08149003006503311,5,-0.08362492910172967,0.08029842886139246,5,0.0,0.0,5
duration4,regime_conditional,observed,transit_rough,all,cusum_minus_point,-0.05214172170004958,0.10144445403359056,5,-0.04375,0.08149003006503311,5,-0.016980066320503074,0.18785048370822918,5,-0.02341081581590272,0.048205741017441815,5,0.02180451127819549,0.029106142903088487,5,0.009375,0.03045873232752801,5,-0.1,0.060110575192722955,5,0.0,0.0,5,-0.04375,0.08149003006503311,5,-0.04375,0.08149003006503311,5,0.0,0.0,5,0.04583333333333333,0.07424387367168941,5,-5.075187969924812,3.2113439028702797,5,0.0,0.0,5,0.0,0.0,5,-0.04375,0.08149003006503311,5,-0.05214172170004958,0.10144445403359056,5,0.0,0.0,5
duration4,regime_conditional,observed,transit_rough,stable,cusum_minus_ewma,-0.08362492910172967,0.08029842886139246,5,-0.075,0.08149003006503311,5,-0.06385994506245077,0.1028937260444921,5,-0.0309106344649899,0.026245024934790903,5,0.018890977443609024,0.022991284538606063,5,0.009375,0.03045873232752801,5,-0.01875,0.04192627457812106,5,0.0,0.0,5,-0.075,0.08149003006503311,5,-0.075,0.08149003006503311,5,0.0,0.0,5,0.004166666666666666,0.011876827344782686,5,-1.0338345864661656,1.4635725096238192,5,0.0,0.0,5,0.0,0.0,5,-0.075,0.08149003006503311,5,-0.08362492910172967,0.08029842886139246,5,0.0,0.0,5
duration4,regime_conditional,observed,transit_rough,stable,cusum_minus_point,-0.05214172170004958,0.10144445403359056,5,-0.04375,0.08149003006503311,5,-0.016980066320503074,0.18785048370822918,5,-0.02341081581590272,0.048205741017441815,5,0.02180451127819549,0.029106142903088487,5,0.009375,0.03045873232752801,5,-0.1,0.060110575192722955,5,0.0,0.0,5,-0.04375,0.08149003006503311,5,-0.04375,0.08149003006503311,5,0.0,0.0,5,0.04583333333333333,0.07424387367168941,5,-5.075187969924812,3.2113439028702797,5,0.0,0.0,5,0.0,0.0,5,-0.04375,0.08149003006503311,5,-0.05214172170004958,0.10144445403359056,5,0.0,0.0,5
duration4,regime_conditional,observed,transit_smooth,all,cusum_minus_ewma,-0.04687213691964568,0.037964310272510404,5,-0.04375,0.02795084971874737,5,0.030045942653284148,0.2081513870474854,5,-0.02394379315515746,0.04332238427223316,5,0.010150375939849623,0.014455822148749232,5,-0.0125,0.030055287596361478,5,-0.04375,0.05229125165837972,5,0.0,0.0,5,-0.04375,0.02795084971874737,5,-0.04375,0.02795084971874737,5,0.0,0.0,5,0.03333333333333333,0.05864870108441353,5,-3.289473684210526,2.396155786462775,5,0.0,0.0,5,0.0,0.0,5,-0.04375,0.02795084971874737,5,-0.04687213691964568,0.037964310272510404,5,0.0,0.0,5
duration4,regime_conditional,observed,transit_smooth,all,cusum_minus_point,-0.03621047568495547,0.030708043100377266,5,-0.025,0.040745015032516554,5,0.0393742017879949,0.20458099681004885,5,-0.008750952746328743,0.022939307081187844,5,0.012593984962406013,0.021118925060323132,5,0.009375,0.03045873232752801,5,-0.1,0.11136581050753414,5,0.0,0.0,5,-0.025,0.040745015032516554,5,-0.025,0.040745015032516554,5,0.0,0.0,5,0.0625,0.08102265201095857,5,-6.203007518796992,3.9929785312496238,5,0.0,0.0,5,0.0,0.0,5,-0.025,0.040745015032516554,5,-0.03621047568495547,0.030708043100377266,5,0.0,0.0,5
duration4,regime_conditional,observed,transit_smooth,stable,cusum_minus_ewma,-0.04687213691964568,0.037964310272510404,5,-0.04375,0.02795084971874737,5,0.030045942653284148,0.2081513870474854,5,-0.02394379315515746,0.04332238427223316,5,0.010150375939849623,0.014455822148749232,5,-0.0125,0.030055287596361478,5,-0.04375,0.05229125165837972,5,0.0,0.0,5,-0.04375,0.02795084971874737,5,-0.04375,0.02795084971874737,5,0.0,0.0,5,0.03333333333333333,0.05864870108441353,5,-3.289473684210526,2.396155786462775,5,0.0,0.0,5,0.0,0.0,5,-0.04375,0.02795084971874737,5,-0.04687213691964568,0.037964310272510404,5,0.0,0.0,5
duration4,regime_conditional,observed,transit_smooth,stable,cusum_minus_point,-0.03621047568495547,0.030708043100377266,5,-0.025,0.040745015032516554,5,0.0393742017879949,0.20458099681004885,5,-0.008750952746328743,0.022939307081187844,5,0.012593984962406013,0.021118925060323132,5,0.009375,0.03045873232752801,5,-0.1,0.11136581050753414,5,0.0,0.0,5,-0.025,0.040745015032516554,5,-0.025,0.040745015032516554,5,0.0,0.0,5,0.0625,0.08102265201095857,5,-6.203007518796992,3.9929785312496238,5,0.0,0.0,5,0.0,0.0,5,-0.025,0.040745015032516554,5,-0.03621047568495547,0.030708043100377266,5,0.0,0.0,5
duration4,regime_conditional,observed,warehouse,all,cusum_minus_ewma,-0.004057349343459149,0.04329839035324529,5,0.00625,0.051348989766109326,5,0.012961433496806474,0.07840873176973294,5,-0.01115695606551145,0.06900068149976864,5,0.0055451127819548885,0.012078987442863912,5,-0.015625,0.04555431167847891,5,0.0375,0.13693063937629152,5,0.0,0.0,5,0.00625,0.051348989766109326,5,0.03125,0.07328774624724109,5,0.0,0.0,5,0.04583333333333334,0.031766563920785224,5,-2.255639097744361,1.2163702166865402,5,0.0,0.0,5,0.0,0.0,5,0.00625,0.051348989766109326,5,-0.004057349343459149,0.04329839035324529,5,0.0,0.0,5
duration4,regime_conditional,observed,warehouse,all,cusum_minus_point,0.022618959564073515,0.052602572246338464,5,0.0375,0.051348989766109326,5,0.03757196498099162,0.08342559633495657,5,0.02266291073866228,0.04079259539831618,5,0.007048872180451129,0.017940422151147627,5,0.00625,0.02614562582918986,5,-0.0125,0.09003037681804958,5,0.0,0.0,5,0.0375,0.051348989766109326,5,0.05625,0.060110575192722955,5,0.0,0.0,5,0.058333333333333334,0.06232614709021496,5,-9.30451127819549,4.854120867901027,5,0.0,0.0,5,0.0,0.0,5,0.0375,0.051348989766109326,5,0.022618959564073515,0.052602572246338464,5,0.0,0.0,5
duration4,regime_conditional,observed,warehouse,stable,cusum_minus_ewma,-0.004057349343459149,0.04329839035324529,5,0.00625,0.051348989766109326,5,0.012961433496806474,0.07840873176973294,5,-0.01115695606551145,0.06900068149976864,5,0.0055451127819548885,0.012078987442863912,5,-0.015625,0.04555431167847891,5,0.0375,0.13693063937629152,5,0.0,0.0,5,0.00625,0.051348989766109326,5,0.03125,0.07328774624724109,5,0.0,0.0,5,0.04583333333333334,0.031766563920785224,5,-2.255639097744361,1.2163702166865402,5,0.0,0.0,5,0.0,0.0,5,0.00625,0.051348989766109326,5,-0.004057349343459149,0.04329839035324529,5,0.0,0.0,5
duration4,regime_conditional,observed,warehouse,stable,cusum_minus_point,0.022618959564073515,0.052602572246338464,5,0.0375,0.051348989766109326,5,0.03757196498099162,0.08342559633495657,5,0.02266291073866228,0.04079259539831618,5,0.007048872180451129,0.017940422151147627,5,0.00625,0.02614562582918986,5,-0.0125,0.09003037681804958,5,0.0,0.0,5,0.0375,0.051348989766109326,5,0.05625,0.060110575192722955,5,0.0,0.0,5,0.058333333333333334,0.06232614709021496,5,-9.30451127819549,4.854120867901027,5,0.0,0.0,5,0.0,0.0,5,0.0375,0.051348989766109326,5,0.022618959564073515,0.052602572246338464,5,0.0,0.0,5
duration4,regime_marginal,clean,all,all,cusum_minus_ewma,0.0,0.0,5,,,0,0.0,0.0,5,,,0,0.016358024691358025,0.020531362046034,5,,,0,,,0,,,0,,,0,,,0,0.0,0.0,5,0.013194444444444443,0.024231036558844305,5,-2.067901234567901,1.1681599301096026,5,0.0,0.0,5,0.0,0.0,5,,,0,0.0,0.0,5,,,0
duration4,regime_marginal,clean,all,all,cusum_minus_point,0.0,0.0,5,,,0,0.0,0.0,5,,,0,0.019135802469135803,0.021416728715222922,5,,,0,,,0,,,0,,,0,,,0,0.0,0.0,5,0.01597222222222222,0.011927475025915044,5,-7.253086419753086,1.915073093517107,5,0.0,0.0,5,0.0,0.0,5,,,0,0.0,0.0,5,,,0
duration4,regime_marginal,clean,all,stable,cusum_minus_ewma,0.0,0.0,5,,,0,0.0,0.0,5,,,0,0.016358024691358025,0.020531362046034,5,,,0,,,0,,,0,,,0,,,0,0.0,0.0,5,0.013194444444444443,0.024231036558844305,5,-2.067901234567901,1.1681599301096026,5,0.0,0.0,5,0.0,0.0,5,,,0,0.0,0.0,5,,,0
duration4,regime_marginal,clean,all,stable,cusum_minus_point,0.0,0.0,5,,,0,0.0,0.0,5,,,0,0.019135802469135803,0.021416728715222922,5,,,0,,,0,,,0,,,0,,,0,0.0,0.0,5,0.01597222222222222,0.011927475025915044,5,-7.253086419753086,1.915073093517107,5,0.0,0.0,5,0.0,0.0,5,,,0,0.0,0.0,5,,,0
duration4,regime_marginal,clean,transit_rough,all,cusum_minus_ewma,0.0,0.0,4,,,0,0.0,0.0,4,,,0,0.0006481481481481492,0.002711398234138209,5,,,0,,,0,,,0,,,0,,,0,0.0,0.0,5,0.0041666666666666675,0.03001012560601653,5,-3.333333333333333,2.72716231018947,5,0.0,0.0,5,0.0,0.0,5,,,0,0.0,0.0,4,,,0
duration4,regime_marginal,clean,transit_rough,all,cusum_minus_point,0.0,0.0,4,,,0,0.0,0.0,4,,,0,0.005648148148148148,0.009003409657431655,5,,,0,,,0,,,0,,,0,,,0,0.0,0.0,5,0.0020833333333333355,0.028905076928149184,5,-6.7592592592592595,0.7746852097537732,5,0.0,0.0,5,0.0,0.0,5,,,0,0.0,0.0,4,,,0
duration4,regime_marginal,clean,transit_rough,stable,cusum_minus_ewma,0.0,0.0,4,,,0,0.0,0.0,4,,,0,0.0006481481481481492,0.002711398234138209,5,,,0,,,0,,,0,,,0,,,0,0.0,0.0,5,0.0041666666666666675,0.03001012560601653,5,-3.333333333333333,2.72716231018947,5,0.0,0.0,5,0.0,0.0,5,,,0,0.0,0.0,4,,,0
duration4,regime_marginal,clean,transit_rough,stable,cusum_minus_point,0.0,0.0,4,,,0,0.0,0.0,4,,,0,0.005648148148148148,0.009003409657431655,5,,,0,,,0,,,0,,,0,,,0,0.0,0.0,5,0.0020833333333333355,0.028905076928149184,5,-6.7592592592592595,0.7746852097537732,5,0.0,0.0,5,0.0,0.0,5,,,0,0.0,0.0,4,,,0
duration4,regime_marginal,clean,transit_smooth,all,cusum_minus_ewma,0.0,0.0,4,,,0,0.0,0.0,4,,,0,0.03925925925925926,0.06969276589902063,5,,,0,,,0,,,0,,,0,,,0,0.0,0.0,5,0.03125,0.09375,5,0.2777777777777778,3.3159267739759226,5,0.0,0.0,5,0.0,0.0,5,,,0,0.0,0.0,4,,,0
duration4,regime_marginal,clean,transit_smooth,all,cusum_minus_point,0.0,0.0,5,,,0,0.0,0.0,5,,,0,0.0362962962962963,0.06968138590641072,5,,,0,,,0,,,0,,,0,,,0,0.0,0.0,5,0.0375,0.07126096406869611,5,-7.037037037037036,4.146039477266317,5,0.0,0.0,5,0.0,0.0,5,,,0,0.0,0.0,5,,,0
duration4,regime_marginal,clean,transit_smooth,stable,cusum_minus_ewma,0.0,0.0,4,,,0,0.0,0.0,4,,,0,0.03925925925925926,0.06969276589902063,5,,,0,,,0,,,0,,,0,,,0,0.0,0.0,5,0.03125,0.09375,5,0.2777777777777778,3.3159267739759226,5,0.0,0.0,5,0.0,0.0,5,,,0,0.0,0.0,4,,,0
duration4,regime_marginal,clean,transit_smooth,stable,cusum_minus_point,0.0,0.0,5,,,0,0.0,0.0,5,,,0,0.0362962962962963,0.06968138590641072,5,,,0,,,0,,,0,,,0,,,0,0.0,0.0,5,0.0375,0.07126096406869611,5,-7.037037037037036,4.146039477266317,5,0.0,0.0,5,0.0,0.0,5,,,0,0.0,0.0,5,,,0
duration4,regime_marginal,clean,warehouse,all,cusum_minus_ewma,0.0,0.0,5,,,0,0.0,0.0,5,,,0,0.009166666666666667,0.016062212939047783,5,,,0,,,0,,,0,,,0,,,0,0.0,0.0,5,0.004166666666666666,0.04007371679514863,5,-3.148148148148148,2.1566323516392805,5,0.0,0.0,5,0.0,0.0,5,,,0,0.0,0.0,5,,,0
duration4,regime_marginal,clean,warehouse,all,cusum_minus_point,0.0,0.0,5,,,0,0.0,0.0,5,,,0,0.015462962962962961,0.020945173056062878,5,,,0,,,0,,,0,,,0,,,0,0.0,0.0,5,0.008333333333333335,0.05771622990497945,5,-7.962962962962962,3.636543867899162,5,0.0,0.0,5,0.0,0.0,5,,,0,0.0,0.0,5,,,0
duration4,regime_marginal,clean,warehouse,stable,cusum_minus_ewma,0.0,0.0,5,,,0,0.0,0.0,5,,,0,0.009166666666666667,0.016062212939047783,5,,,0,,,0,,,0,,,0,,,0,0.0,0.0,5,0.004166666666666666,0.04007371679514863,5,-3.148148148148148,2.1566323516392805,5,0.0,0.0,5,0.0,0.0,5,,,0,0.0,0.0,5,,,0
duration4,regime_marginal,clean,warehouse,stable,cusum_minus_point,0.0,0.0,5,,,0,0.0,0.0,5,,,0,0.015462962962962961,0.020945173056062878,5,,,0,,,0,,,0,,,0,,,0,0.0,0.0,5,0.008333333333333335,0.05771622990497945,5,-7.962962962962962,3.636543867899162,5,0.0,0.0,5,0.0,0.0,5,,,0,0.0,0.0,5,,,0
duration4,regime_marginal,observed,all,all,cusum_minus_ewma,-0.01069418530608897,0.015151257198168254,5,0.002083333333333333,0.018633899812498245,5,-0.018434626685029,0.019603435321883817,5,-0.012459590692753448,0.0117270691985988,5,0.018922305764411028,0.018646075972606105,5,0.0020833333333333324,0.03486083443891982,5,0.0,0.054625460842195404,5,0.0,0.0,5,0.002083333333333333,0.018633899812498245,5,0.0,0.02442924874908036,5,0.0,0.0,5,0.01597222222222222,0.01525408516422833,5,-1.6917293233082709,0.9359253913715323,5,0.0,0.0,5,0.0,0.0,5,0.002083333333333333,0.018633899812498245,5,-0.01069418530608897,0.015151257198168254,5,0.0,0.0,5
duration4,regime_marginal,observed,all,all,cusum_minus_point,-0.0442547362895054,0.01907430950089371,5,-0.025000000000000005,0.01743041721945991,5,-0.06082242339803268,0.02573386584578665,5,-0.019314003490291904,0.0042977827383389,5,0.02211779448621554,0.019948109930792785,5,0.0125,0.029600567163297543,5,-0.08958333333333335,0.03001012560601654,5,0.0,0.0,5,-0.025000000000000005,0.01743041721945991,5,-0.03125,0.02209708691207961,5,0.0,0.0,5,0.02777777777777778,0.008852464433320809,5,-6.923558897243109,1.684898722998102,5,0.0,0.0,5,0.0,0.0,5,-0.025000000000000005,0.01743041721945991,5,-0.0442547362895054,0.01907430950089371,5,0.0,0.0,5
duration4,regime_marginal,observed,all,stable,cusum_minus_ewma,-0.01069418530608897,0.015151257198168254,5,0.002083333333333333,0.018633899812498245,5,-0.018434626685029,0.019603435321883817,5,-0.012459590692753448,0.0117270691985988,5,0.018922305764411028,0.018646075972606105,5,0.0020833333333333324,0.03486083443891982,5,0.0,0.054625460842195404,5,0.0,0.0,5,0.002083333333333333,0.018633899812498245,5,0.0,0.02442924874908036,5,0.0,0.0,5,0.01597222222222222,0.01525408516422833,5,-1.6917293233082709,0.9359253913715323,5,0.0,0.0,5,0.0,0.0,5,0.002083333333333333,0.018633899812498245,5,-0.01069418530608897,0.015151257198168254,5,0.0,0.0,5
duration4,regime_marginal,observed,all,stable,cusum_minus_point,-0.0442547362895054,0.01907430950089371,5,-0.025000000000000005,0.01743041721945991,5,-0.06082242339803268,0.02573386584578665,5,-0.019314003490291904,0.0042977827383389,5,0.02211779448621554,0.019948109930792785,5,0.0125,0.029600567163297543,5,-0.08958333333333335,0.03001012560601654,5,0.0,0.0,5,-0.025000000000000005,0.01743041721945991,5,-0.03125,0.02209708691207961,5,0.0,0.0,5,0.02777777777777778,0.008852464433320809,5,-6.923558897243109,1.684898722998102,5,0.0,0.0,5,0.0,0.0,5,-0.025000000000000005,0.01743041721945991,5,-0.0442547362895054,0.01907430950089371,5,0.0,0.0,5
duration4,regime_marginal,observed,transit_rough,all,cusum_minus_ewma,-0.006154607705634847,0.031849810326028,5,0.00625,0.03423265984407289,5,0.0028799291094373063,0.0057598582188746125,4,-0.003361258249789881,0.023554696464456834,5,0.0015977443609022555,0.005111174974127341,5,-0.003125,0.006987712429686843,5,-0.05,0.1734304615688951,5,0.0,0.0,5,0.00625,0.03423265984407289,5,0.00625,0.03423265984407289,5,0.0,0.0,5,0.010416666666666666,0.06421264586426018,5,-3.101503759398496,2.6707278643576733,5,0.0,0.0,5,0.0,0.0,5,0.00625,0.03423265984407289,5,-0.006154607705634847,0.031849810326028,5,0.0,0.0,5
duration4,regime_marginal,observed,transit_rough,all,cusum_minus_point,-0.033624292657306175,0.05148823424412747,5,-0.01875,0.04739297152532219,5,-0.01839719777113785,0.02126155229361581,4,-0.0074416107556648115,0.013051650123125761,5,0.007236842105263158,0.009770594603710518,5,0.0,0.0,5,-0.16875,0.16624295097837982,5,0.0,0.0,5,-0.01875,0.04739297152532219,5,-0.01875,0.04739297152532219,5,0.0,0.0,5,0.020833333333333332,0.05938413672391344,5,-6.390977443609023,0.9744568305135212,5,0.0,0.0,5,0.0,0.0,5,-0.01875,0.04739297152532219,5,-0.033624292657306175,0.05148823424412747,5,0.0,0.0,5
duration4,regime_marginal,observed,transit_rough,stable,cusum_minus_ewma,-0.006154607705634847,0.031849810326028,5,0.00625,0.03423265984407289,5,0.0028799291094373063,0.0057598582188746125,4,-0.003361258249789881,0.023554696464456834,5,0.0015977443609022555,0.005111174974127341,5,-0.003125,0.006987712429686843,5,-0.05,0.1734304615688951,5,0.0,0.0,5,0.00625,0.03423265984407289,5,0.00625,0.03423265984407289,5,0.0,0.0,5,0.010416666666666666,0.06421264586426018,5,-3.101503759398496,2.6707278643576733,5,0.0,0.0,5,0.0,0.0,5,0.00625,0.03423265984407289,5,-0.006154607705634847,0.031849810326028,5,0.0,0.0,5
duration4,regime_marginal,observed,transit_rough,stable,cusum_minus_point,-0.033624292657306175,0.05148823424412747,5,-0.01875,0.04739297152532219,5,-0.01839719777113785,0.02126155229361581,4,-0.0074416107556648115,0.013051650123125761,5,0.007236842105263158,0.009770594603710518,5,0.0,0.0,5,-0.16875,0.16624295097837982,5,0.0,0.0,5,-0.01875,0.04739297152532219,5,-0.01875,0.04739297152532219,5,0.0,0.0,5,0.020833333333333332,0.05938413672391344,5,-6.390977443609023,0.9744568305135212,5,0.0,0.0,5,0.0,0.0,5,-0.01875,0.04739297152532219,5,-0.033624292657306175,0.05148823424412747,5,0.0,0.0,5
duration4,regime_marginal,observed,transit_smooth,all,cusum_minus_ewma,-0.022178851383778595,0.033376944044580775,5,0.0125,0.04739297152532219,5,-0.09525017618040874,0.14319191541070103,5,-0.023952467567009722,0.01921552756156747,5,0.04295112781954887,0.06665117737034158,5,0.034375,0.08586644790021304,5,-0.00625,0.11136581050753414,5,0.0,0.0,5,0.0125,0.04739297152532219,5,-0.0125,0.017116329922036443,5,0.0,0.0,5,0.02708333333333333,0.08254838648399562,5,0.37593984962406035,3.016317018022784,5,0.0,0.0,5,0.0,0.0,5,0.0125,0.04739297152532219,5,-0.022178851383778595,0.033376944044580775,5,0.0,0.0,5
duration4,regime_marginal,observed,transit_smooth,all,cusum_minus_point,-0.05947944880543251,0.06470168265451619,5,-0.025,0.06774838558962125,5,-0.08249376592399849,0.0808911306658328,5,-0.033609908912926624,0.019741185043814564,5,0.04060150375939849,0.06751447569146221,5,0.034375,0.08586644790021303,5,-0.1,0.11136581050753414,5,0.0,0.0,5,-0.025,0.06774838558962125,5,-0.05,0.06480137922914912,5,0.0,0.0,5,0.04166666666666667,0.0675077156084152,5,-6.954887218045113,4.061520758709004,5,0.0,0.0,5,0.0,0.0,5,-0.025,0.06774838558962125,5,-0.05947944880543251,0.06470168265451619,5,0.0,0.0,5
duration4,regime_marginal,observed,transit_smooth,stable,cusum_minus_ewma,-0.022178851383778595,0.033376944044580775,5,0.0125,0.04739297152532219,5,-0.09525017618040874,0.14319191541070103,5,-0.023952467567009722,0.01921552756156747,5,0.04295112781954887,0.06665117737034158,5,0.034375,0.08586644790021304,5,-0.00625,0.11136581050753414,5,0.0,0.0,5,0.0125,0.04739297152532219,5,-0.0125,0.017116329922036443,5,0.0,0.0,5,0.02708333333333333,0.08254838648399562,5,0.37593984962406035,3.016317018022784,5,0.0,0.0,5,0.0,0.0,5,0.0125,0.04739297152532219,5,-0.022178851383778595,0.033376944044580775,5,0.0,0.0,5
duration4,regime_marginal,observed,transit_smooth,stable,cusum_minus_point,-0.05947944880543251,0.06470168265451619,5,-0.025,0.06774838558962125,5,-0.08249376592399849,0.0808911306658328,5,-0.033609908912926624,0.019741185043814564,5,0.04060150375939849,0.06751447569146221,5,0.034375,0.08586644790021303,5,-0.1,0.11136581050753414,5,0.0,0.0,5,-0.025,0.06774838558962125,5,-0.05,0.06480137922914912,5,0.0,0.0,5,0.04166666666666667,0.0675077156084152,5,-6.954887218045113,4.061520758709004,5,0.0,0.0,5,0.0,0.0,5,-0.025,0.06774838558962125,5,-0.05947944880543251,0.06470168265451619,5,0.0,0.0,5
duration4,regime_marginal,observed,warehouse,all,cusum_minus_ewma,-0.02310765766193466,0.023188356301756637,5,-0.0125,0.01711632992203644,5,-0.032790864106653585,0.037383956619804586,5,-0.02829956627930852,0.0381781152995799,5,0.012218045112781956,0.018041685921477882,5,-0.025,0.028384222069663984,5,0.05625,0.07126096406869613,5,0.0,0.0,5,-0.0125,0.01711632992203644,5,0.00625,0.051348989766109326,5,0.0,0.0,5,0.010416666666666664,0.035324635328777436,5,-2.3496240601503753,1.7266140104204735,5,0.0,0.0,5,0.0,0.0,5,-0.0125,0.01711632992203644,5,-0.02310765766193466,0.023188356301756637,5,0.0,0.0,5
duration4,regime_marginal,observed,warehouse,all,cusum_minus_point,-0.04961484546887247,0.0491592698755077,5,-0.03125,0.06987712429686843,5,-0.0636235195832719,0.0408762125045145,5,-0.025014904092780198,0.011945660378614822,5,0.018515037593984963,0.02291238887021992,5,0.003125,0.030055287596361478,5,0.0,0.10126157341262282,5,0.0,0.0,5,-0.03125,0.06987712429686843,5,-0.025,0.0808886194096549,5,0.0,0.0,5,0.020833333333333332,0.06421264586426018,5,-7.424812030075188,3.2793884064601317,5,0.0,0.0,5,0.0,0.0,5,-0.03125,0.06987712429686843,5,-0.04961484546887247,0.0491592698755077,5,0.0,0.0,5
duration4,regime_marginal,observed,warehouse,stable,cusum_minus_ewma,-0.02310765766193466,0.023188356301756637,5,-0.0125,0.01711632992203644,5,-0.032790864106653585,0.037383956619804586,5,-0.02829956627930852,0.0381781152995799,5,0.012218045112781956,0.018041685921477882,5,-0.025,0.028384222069663984,5,0.05625,0.07126096406869613,5,0.0,0.0,5,-0.0125,0.01711632992203644,5,0.00625,0.051348989766109326,5,0.0,0.0,5,0.010416666666666664,0.035324635328777436,5,-2.3496240601503753,1.7266140104204735,5,0.0,0.0,5,0.0,0.0,5,-0.0125,0.01711632992203644,5,-0.02310765766193466,0.023188356301756637,5,0.0,0.0,5
duration4,regime_marginal,observed,warehouse,stable,cusum_minus_point,-0.04961484546887247,0.0491592698755077,5,-0.03125,0.06987712429686843,5,-0.0636235195832719,0.0408762125045145,5,-0.025014904092780198,0.011945660378614822,5,0.018515037593984963,0.02291238887021992,5,0.003125,0.030055287596361478,5,0.0,0.10126157341262282,5,0.0,0.0,5,-0.03125,0.06987712429686843,5,-0.025,0.0808886194096549,5,0.0,0.0,5,0.020833333333333332,0.06421264586426018,5,-7.424812030075188,3.2793884064601317,5,0.0,0.0,5,0.0,0.0,5,-0.03125,0.06987712429686843,5,-0.04961484546887247,0.0491592698755077,5,0.0,0.0,5
magnitude2,regime_conditional,clean,all,all,cusum_minus_ewma,0.0,0.0,5,,,0,0.0,0.0,5,,,0,0.008179012345679013,0.010415809292562028,5,,,0,,,0,,,0,,,0,,,0,0.0,0.0,5,6.938893903907229e-19,0.011774878442925813,5,-2.1296296296296298,1.6163235768859459,5,0.0,0.0,5,0.0,0.0,5,,,0,0.0,0.0,5,,,0
magnitude2,regime_conditional,clean,all,all,cusum_minus_point,0.0,0.0,5,,,0,0.0,0.0,5,,,0,0.008858024691358024,0.013770327286606043,5,,,0,,,0,,,0,,,0,,,0,0.0,0.0,5,-0.0013888888888888885,0.013130326667492387,5,-6.7592592592592595,1.7404780468977388,5,0.0,0.0,5,0.0,0.0,5,,,0,0.0,0.0,5,,,0
magnitude2,regime_conditional,clean,all,stable,cusum_minus_ewma,0.0,0.0,5,,,0,0.0,0.0,5,,,0,0.008179012345679013,0.010415809292562028,5,,,0,,,0,,,0,,,0,,,0,0.0,0.0,5,6.938893903907229e-19,0.011774878442925813,5,-2.1296296296296298,1.6163235768859459,5,0.0,0.0,5,0.0,0.0,5,,,0,0.0,0.0,5,,,0
magnitude2,regime_conditional,clean,all,stable,cusum_minus_point,0.0,0.0,5,,,0,0.0,0.0,5,,,0,0.008858024691358024,0.013770327286606043,5,,,0,,,0,,,0,,,0,,,0,0.0,0.0,5,-0.0013888888888888885,0.013130326667492387,5,-6.7592592592592595,1.7404780468977388,5,0.0,0.0,5,0.0,0.0,5,,,0,0.0,0.0,5,,,0
magnitude2,regime_conditional,clean,transit_rough,all,cusum_minus_ewma,0.0,0.0,5,,,0,0.0,0.0,5,,,0,0.015092592592592593,0.021885958944094872,5,,,0,,,0,,,0,,,0,,,0,0.0,0.0,5,-0.00625,0.023980967569211118,5,-0.6481481481481485,2.9023014849365705,5,0.0,0.0,5,0.0,0.0,5,,,0,0.0,0.0,5,,,0
magnitude2,regime_conditional,clean,transit_rough,all,cusum_minus_point,0.0,0.0,5,,,0,0.0,0.0,5,,,0,0.015277777777777779,0.028832224222822573,5,,,0,,,0,,,0,,,0,,,0,0.0,0.0,5,-0.002083333333333333,0.032442523963327995,5,-4.907407407407407,4.362673699773979,5,0.0,0.0,5,0.0,0.0,5,,,0,0.0,0.0,5,,,0
magnitude2,regime_conditional,clean,transit_rough,stable,cusum_minus_ewma,0.0,0.0,5,,,0,0.0,0.0,5,,,0,0.015092592592592593,0.021885958944094872,5,,,0,,,0,,,0,,,0,,,0,0.0,0.0,5,-0.00625,0.023980967569211118,5,-0.6481481481481485,2.9023014849365705,5,0.0,0.0,5,0.0,0.0,5,,,0,0.0,0.0,5,,,0
magnitude2,regime_conditional,clean,transit_rough,stable,cusum_minus_point,0.0,0.0,5,,,0,0.0,0.0,5,,,0,0.015277777777777779,0.028832224222822573,5,,,0,,,0,,,0,,,0,,,0,0.0,0.0,5,-0.002083333333333333,0.032442523963327995,5,-4.907407407407407,4.362673699773979,5,0.0,0.0,5,0.0,0.0,5,,,0,0.0,0.0,5,,,0
magnitude2,regime_conditional,clean,transit_smooth,all,cusum_minus_ewma,0.0,0.0,5,,,0,0.0,0.0,5,,,0,0.0061111111111111106,0.00949017613496727,5,,,0,,,0,,,0,,,0,,,0,0.0,0.0,5,0.0125,0.03407380673707527,5,-3.2407407407407405,2.758420205512265,5,0.0,0.0,5,0.0,0.0,5,,,0,0.0,0.0,5,,,0
magnitude2,regime_conditional,clean,transit_smooth,all,cusum_minus_point,0.0,0.0,5,,,0,0.0,0.0,5,,,0,0.0075,0.01679286072912427,5,,,0,,,0,,,0,,,0,,,0,0.0,0.0,5,0.01666666666666667,0.031766563920785224,5,-6.203703703703704,3.654182826050206,5,0.0,0.0,5,0.0,0.0,5,,,0,0.0,0.0,5,,,0
magnitude2,regime_conditional,clean,transit_smooth,stable,cusum_minus_ewma,0.0,0.0,5,,,0,0.0,0.0,5,,,0,0.0061111111111111106,0.00949017613496727,5,,,0,,,0,,,0,,,0,,,0,0.0,0.0,5,0.0125,0.03407380673707527,5,-3.2407407407407405,2.758420205512265,5,0.0,0.0,5,0.0,0.0,5,,,0,0.0,0.0,5,,,0
magnitude2,regime_conditional,clean,transit_smooth,stable,cusum_minus_point,0.0,0.0,5,,,0,0.0,0.0,5,,,0,0.0075,0.01679286072912427,5,,,0,,,0,,,0,,,0,,,0,0.0,0.0,5,0.01666666666666667,0.031766563920785224,5,-6.203703703703704,3.654182826050206,5,0.0,0.0,5,0.0,0.0,5,,,0,0.0,0.0,5,,,0
magnitude2,regime_conditional,clean,warehouse,all,cusum_minus_ewma,0.0,0.0,5,,,0,0.0,0.0,5,,,0,0.003333333333333334,0.010735351457640648,5,,,0,,,0,,,0,,,0,,,0,0.0,0.0,5,-0.00625,0.013975424859373685,5,-2.4999999999999996,2.7893278391466794,5,0.0,0.0,5,0.0,0.0,5,,,0,0.0,0.0,5,,,0
magnitude2,regime_conditional,clean,warehouse,all,cusum_minus_point,0.0,0.0,5,,,0,0.0,0.0,5,,,0,0.0037962962962962963,0.016280900766444215,5,,,0,,,0,,,0,,,0,,,0,0.0,0.0,5,-0.01875,0.013581671677505519,5,-9.166666666666666,4.969039949999533,5,0.0,0.0,5,0.0,0.0,5,,,0,0.0,0.0,5,,,0
magnitude2,regime_conditional,clean,warehouse,stable,cusum_minus_ewma,0.0,0.0,5,,,0,0.0,0.0,5,,,0,0.003333333333333334,0.010735351457640648,5,,,0,,,0,,,0,,,0,,,0,0.0,0.0,5,-0.00625,0.013975424859373685,5,-2.4999999999999996,2.7893278391466794,5,0.0,0.0,5,0.0,0.0,5,,,0,0.0,0.0,5,,,0
magnitude2,regime_conditional,clean,warehouse,stable,cusum_minus_point,0.0,0.0,5,,,0,0.0,0.0,5,,,0,0.0037962962962962963,0.016280900766444215,5,,,0,,,0,,,0,,,0,,,0,0.0,0.0,5,-0.01875,0.013581671677505519,5,-9.166666666666666,4.969039949999533,5,0.0,0.0,5,0.0,0.0,5,,,0,0.0,0.0,5,,,0
magnitude2,regime_conditional,observed,all,all,cusum_minus_ewma,-0.34361156629172485,0.019241488513163065,5,-0.09583333333333333,0.02784280582879094,5,-0.3291671226538081,0.027210749495830893,5,-0.5323620364859469,0.02576356412083022,5,0.12871447028423771,0.01002853662549098,5,0.01840277777777778,0.01481300625534829,5,-0.07638888888888888,0.02777777777777777,5,0.0,0.0,5,-0.09583333333333333,0.02784280582879094,5,-0.08333333333333334,0.0420268001281604,5,0.0,0.0,5,0.6006944444444444,0.04830009633070681,5,-2.7777777777777777,1.3627275910677636,5,0.0,0.0,5,0.0,0.0,5,-0.09583333333333333,0.02784280582879094,5,-0.34361156629172485,0.019241488513163065,5,0.0,0.0,5
magnitude2,regime_conditional,observed,all,all,cusum_minus_point,-0.21963424244204596,0.02204943327688266,5,0.2833333333333333,0.016760442202982215,5,-0.41130803079075423,0.02322764854071829,5,-0.33399216611979254,0.031383261356487266,5,0.15277777777777776,0.011557599496294776,5,0.10833333333333332,0.02324703991843125,5,-0.03819444444444444,0.04645516722312379,5,0.0,0.0,5,0.2833333333333333,0.016760442202982215,5,0.1361111111111111,0.03527340305333415,5,0.0,0.0,5,0.8951388888888889,0.061449505015635925,5,-6.2984496124031,1.5574371384032546,5,0.0,0.0,5,0.0,0.0,5,0.2833333333333333,0.016760442202982215,5,-0.21963424244204596,0.02204943327688266,5,0.0,0.0,5
magnitude2,regime_conditional,observed,all,stable,cusum_minus_ewma,-0.34361156629172485,0.019241488513163065,5,-0.09583333333333333,0.02784280582879094,5,-0.3291671226538081,0.027210749495830893,5,-0.5323620364859469,0.02576356412083022,5,0.12871447028423771,0.01002853662549098,5,0.01840277777777778,0.01481300625534829,5,-0.07638888888888888,0.02777777777777777,5,0.0,0.0,5,-0.09583333333333333,0.02784280582879094,5,-0.08333333333333334,0.0420268001281604,5,0.0,0.0,5,0.6006944444444444,0.04830009633070681,5,-2.7777777777777777,1.3627275910677636,5,0.0,0.0,5,0.0,0.0,5,-0.09583333333333333,0.02784280582879094,5,-0.34361156629172485,0.019241488513163065,5,0.0,0.0,5
magnitude2,regime_conditional,observed,all,stable,cusum_minus_point,-0.21963424244204596,0.02204943327688266,5,0.2833333333333333,0.016760442202982215,5,-0.41130803079075423,0.02322764854071829,5,-0.33399216611979254,0.031383261356487266,5,0.15277777777777776,0.011557599496294776,5,0.10833333333333332,0.02324703991843125,5,-0.03819444444444444,0.04645516722312379,5,0.0,0.0,5,0.2833333333333333,0.016760442202982215,5,0.1361111111111111,0.03527340305333415,5,0.0,0.0,5,0.8951388888888889,0.061449505015635925,5,-6.2984496124031,1.5574371384032546,5,0.0,0.0,5,0.0,0.0,5,0.2833333333333333,0.016760442202982215,5,-0.21963424244204596,0.02204943327688266,5,0.0,0.0,5
magnitude2,regime_conditional,observed,transit_rough,all,cusum_minus_ewma,-0.3818985526997419,0.05626750058118522,5,-0.1145833333333333,0.09403890669410304,5,-0.36518220632153703,0.0867658013425352,5,-0.5401761652278985,0.08062368369016608,5,0.14883720930232558,0.021469793982771247,5,0.020833333333333336,0.045851085577237,5,-0.054166666666666655,0.041926274578121085,5,0.0,0.0,5,-0.1145833333333333,0.09403890669410304,5,-0.07083333333333332,0.10243349807449603,5,0.0,0.0,5,0.60625,0.1531639689642733,5,-2.0348837209302326,2.2307876808568485,5,0.0,0.0,5,0.0,0.0,5,-0.1145833333333333,0.09403890669410304,5,-0.3818985526997419,0.05626750058118522,5,0.0,0.0,5
magnitude2,regime_conditional,observed,transit_rough,all,cusum_minus_point,-0.24859451006507327,0.05995552490634683,5,0.2833333333333333,0.09328588823849214,5,-0.4506477302828465,0.057513357360000225,5,-0.3699820941151712,0.06166480229027545,5,0.17412790697674418,0.024344664724716598,5,0.1125,0.09085519136852395,5,-0.05208333333333335,0.14986973510352247,5,0.0,0.0,5,0.2833333333333333,0.09328588823849214,5,0.15208333333333335,0.10535777340408568,5,0.0,0.0,5,0.9104166666666667,0.1175284392297361,5,-4.651162790697674,4.076682939527641,5,0.0,0.0,5,0.0,0.0,5,0.2833333333333333,0.09328588823849214,5,-0.24859451006507327,0.05995552490634683,5,0.0,0.0,5
magnitude2,regime_conditional,observed,transit_rough,stable,cusum_minus_ewma,-0.3818985526997419,0.05626750058118522,5,-0.1145833333333333,0.09403890669410304,5,-0.36518220632153703,0.0867658013425352,5,-0.5401761652278985,0.08062368369016608,5,0.14883720930232558,0.021469793982771247,5,0.020833333333333336,0.045851085577237,5,-0.054166666666666655,0.041926274578121085,5,0.0,0.0,5,-0.1145833333333333,0.09403890669410304,5,-0.07083333333333332,0.10243349807449603,5,0.0,0.0,5,0.60625,0.1531639689642733,5,-2.0348837209302326,2.2307876808568485,5,0.0,0.0,5,0.0,0.0,5,-0.1145833333333333,0.09403890669410304,5,-0.3818985526997419,0.05626750058118522,5,0.0,0.0,5
magnitude2,regime_conditional,observed,transit_rough,stable,cusum_minus_point,-0.24859451006507327,0.05995552490634683,5,0.2833333333333333,0.09328588823849214,5,-0.4506477302828465,0.057513357360000225,5,-0.3699820941151712,0.06166480229027545,5,0.17412790697674418,0.024344664724716598,5,0.1125,0.09085519136852395,5,-0.05208333333333335,0.14986973510352247,5,0.0,0.0,5,0.2833333333333333,0.09328588823849214,5,0.15208333333333335,0.10535777340408568,5,0.0,0.0,5,0.9104166666666667,0.1175284392297361,5,-4.651162790697674,4.076682939527641,5,0.0,0.0,5,0.0,0.0,5,0.2833333333333333,0.09328588823849214,5,-0.24859451006507327,0.05995552490634683,5,0.0,0.0,5
magnitude2,regime_conditional,observed,transit_smooth,all,cusum_minus_ewma,-0.3590499891693061,0.034980333521153754,5,-0.12916666666666668,0.029092166757851902,5,-0.3455685397554799,0.05547741578932069,5,-0.5391935883969142,0.04518474314787597,5,0.12732558139534883,0.024883015306713965,5,0.024999999999999998,0.05354713817697866,5,-0.14375000000000002,0.06806795521960228,5,0.0,0.0,5,-0.12916666666666668,0.029092166757851902,5,-0.1333333333333333,0.06438140475151019,5,0.0,0.0,5,0.5958333333333334,0.05071108935265863,5,-2.2286821705426356,3.4361672919568105,5,0.0,0.0,5,0.0,0.0,5,-0.12916666666666668,0.029092166757851902,5,-0.3590499891693061,0.034980333521153754,5,0.0,0.0,5
magnitude2,regime_conditional,observed,transit_smooth,all,cusum_minus_point,-0.25604241233370967,0.04868601584789349,5,0.22083333333333335,0.06686169389950508,5,-0.4474256980615546,0.05770722749011771,5,-0.3741329074438343,0.06451922323900494,5,0.15106589147286822,0.032974935760941154,5,0.11354166666666668,0.08205398163878323,5,-0.11458333333333334,0.05560978256266311,5,0.0,0.0,5,0.22083333333333335,0.06686169389950508,5,0.054166666666666675,0.11180339887498948,5,0.0,0.0,5,0.9145833333333334,0.07489865838436481,5,-5.232558139534883,4.405985482321572,5,0.0,0.0,5,0.0,0.0,5,0.22083333333333335,0.06686169389950508,5,-0.25604241233370967,0.04868601584789349,5,0.0,0.0,5
magnitude2,regime_conditional,observed,transit_smooth,stable,cusum_minus_ewma,-0.3590499891693061,0.034980333521153754,5,-0.12916666666666668,0.029092166757851902,5,-0.3455685397554799,0.05547741578932069,5,-0.5391935883969142,0.04518474314787597,5,0.12732558139534883,0.024883015306713965,5,0.024999999999999998,0.05354713817697866,5,-0.14375000000000002,0.06806795521960228,5,0.0,0.0,5,-0.12916666666666668,0.029092166757851902,5,-0.1333333333333333,0.06438140475151019,5,0.0,0.0,5,0.5958333333333334,0.05071108935265863,5,-2.2286821705426356,3.4361672919568105,5,0.0,0.0,5,0.0,0.0,5,-0.12916666666666668,0.029092166757851902,5,-0.3590499891693061,0.034980333521153754,5,0.0,0.0,5
magnitude2,regime_conditional,observed,transit_smooth,stable,cusum_minus_point,-0.25604241233370967,0.04868601584789349,5,0.22083333333333335,0.06686169389950508,5,-0.4474256980615546,0.05770722749011771,5,-0.3741329074438343,0.06451922323900494,5,0.15106589147286822,0.032974935760941154,5,0.11354166666666668,0.08205398163878323,5,-0.11458333333333334,0.05560978256266311,5,0.0,0.0,5,0.22083333333333335,0.06686169389950508,5,0.054166666666666675,0.11180339887498948,5,0.0,0.0,5,0.9145833333333334,0.07489865838436481,5,-5.232558139534883,4.405985482321572,5,0.0,0.0,5,0.0,0.0,5,0.22083333333333335,0.06686169389950508,5,-0.25604241233370967,0.04868601584789349,5,0.0,0.0,5
magnitude2,regime_conditional,observed,warehouse,all,cusum_minus_ewma,-0.2941891140578054,0.057196886146087075,5,-0.04375,0.022582795196540432,5,-0.2947137829026311,0.064830551579047,5,-0.4879674857695938,0.08092415440628142,5,0.10998062015503876,0.02267835220633421,5,0.009375000000000003,0.051480890804798195,5,-0.03125000000000004,0.035324635328777464,5,0.0,0.0,5,-0.04375,0.022582795196540432,5,-0.04583333333333332,0.06530178341107283,5,0.0,0.0,5,0.6,0.06530178341107282,5,-4.069767441860465,0.8801309168888056,5,0.0,0.0,5,0.0,0.0,5,-0.04375,0.022582795196540432,5,-0.2941891140578054,0.057196886146087075,5,0.0,0.0,5
magnitude2,regime_conditional,observed,warehouse,all,cusum_minus_point,-0.1433095956565648,0.08130335711591871,5,0.3458333333333333,0.08313779141347881,5,-0.32825838955594105,0.0906205320791836,5,-0.24489565845946357,0.10351256672458285,5,0.13313953488372093,0.029616547028327545,5,0.09895833333333334,0.06800815029791976,5,0.05208333333333333,0.06710468086836005,5,0.0,0.0,5,0.3458333333333333,0.08313779141347881,5,0.20208333333333334,0.03869619921043064,5,0.0,0.0,5,0.8604166666666666,0.11890523479271682,5,-9.011627906976745,4.421939615932029,5,0.0,0.0,5,0.0,0.0,5,0.3458333333333333,0.08313779141347881,5,-0.1433095956565648,0.08130335711591871,5,0.0,0.0,5
magnitude2,regime_conditional,observed,warehouse,stable,cusum_minus_ewma,-0.2941891140578054,0.057196886146087075,5,-0.04375,0.022582795196540432,5,-0.2947137829026311,0.064830551579047,5,-0.4879674857695938,0.08092415440628142,5,0.10998062015503876,0.02267835220633421,5,0.009375000000000003,0.051480890804798195,5,-0.03125000000000004,0.035324635328777464,5,0.0,0.0,5,-0.04375,0.022582795196540432,5,-0.04583333333333332,0.06530178341107283,5,0.0,0.0,5,0.6,0.06530178341107282,5,-4.069767441860465,0.8801309168888056,5,0.0,0.0,5,0.0,0.0,5,-0.04375,0.022582795196540432,5,-0.2941891140578054,0.057196886146087075,5,0.0,0.0,5
magnitude2,regime_conditional,observed,warehouse,stable,cusum_minus_point,-0.1433095956565648,0.08130335711591871,5,0.3458333333333333,0.08313779141347881,5,-0.32825838955594105,0.0906205320791836,5,-0.24489565845946357,0.10351256672458285,5,0.13313953488372093,0.029616547028327545,5,0.09895833333333334,0.06800815029791976,5,0.05208333333333333,0.06710468086836005,5,0.0,0.0,5,0.3458333333333333,0.08313779141347881,5,0.20208333333333334,0.03869619921043064,5,0.0,0.0,5,0.8604166666666666,0.11890523479271682,5,-9.011627906976745,4.421939615932029,5,0.0,0.0,5,0.0,0.0,5,0.3458333333333333,0.08313779141347881,5,-0.1433095956565648,0.08130335711591871,5,0.0,0.0,5
magnitude2,regime_marginal,clean,all,all,cusum_minus_ewma,0.0,0.0,5,,,0,0.0,0.0,5,,,0,0.016358024691358025,0.020531362046034,5,,,0,,,0,,,0,,,0,,,0,0.0,0.0,5,0.00972222222222222,0.023854950051830096,5,-2.067901234567901,1.1681599301096026,5,0.0,0.0,5,0.0,0.0,5,,,0,0.0,0.0,5,,,0
magnitude2,regime_marginal,clean,all,all,cusum_minus_point,0.0,0.0,5,,,0,0.0,0.0,5,,,0,0.019135802469135803,0.021416728715222922,5,,,0,,,0,,,0,,,0,,,0,0.0,0.0,5,0.01111111111111111,0.022287231299835016,5,-7.253086419753086,1.915073093517107,5,0.0,0.0,5,0.0,0.0,5,,,0,0.0,0.0,5,,,0
magnitude2,regime_marginal,clean,all,stable,cusum_minus_ewma,0.0,0.0,5,,,0,0.0,0.0,5,,,0,0.016358024691358025,0.020531362046034,5,,,0,,,0,,,0,,,0,,,0,0.0,0.0,5,0.00972222222222222,0.023854950051830096,5,-2.067901234567901,1.1681599301096026,5,0.0,0.0,5,0.0,0.0,5,,,0,0.0,0.0,5,,,0
magnitude2,regime_marginal,clean,all,stable,cusum_minus_point,0.0,0.0,5,,,0,0.0,0.0,5,,,0,0.019135802469135803,0.021416728715222922,5,,,0,,,0,,,0,,,0,,,0,0.0,0.0,5,0.01111111111111111,0.022287231299835016,5,-7.253086419753086,1.915073093517107,5,0.0,0.0,5,0.0,0.0,5,,,0,0.0,0.0,5,,,0
magnitude2,regime_marginal,clean,transit_rough,all,cusum_minus_ewma,0.0,0.0,4,,,0,0.0,0.0,4,,,0,0.0006481481481481492,0.002711398234138209,5,,,0,,,0,,,0,,,0,,,0,0.0,0.0,5,-0.008333333333333333,0.01141088661469096,5,-3.333333333333333,2.72716231018947,5,0.0,0.0,5,0.0,0.0,5,,,0,0.0,0.0,4,,,0
magnitude2,regime_marginal,clean,transit_rough,all,cusum_minus_point,0.0,0.0,4,,,0,0.0,0.0,4,,,0,0.005648148148148148,0.009003409657431655,5,,,0,,,0,,,0,,,0,,,0,0.0,0.0,5,-0.010416666666666666,0.010416666666666666,5,-6.7592592592592595,0.7746852097537732,5,0.0,0.0,5,0.0,0.0,5,,,0,0.0,0.0,4,,,0
magnitude2,regime_marginal,clean,transit_rough,stable,cusum_minus_ewma,0.0,0.0,4,,,0,0.0,0.0,4,,,0,0.0006481481481481492,0.002711398234138209,5,,,0,,,0,,,0,,,0,,,0,0.0,0.0,5,-0.008333333333333333,0.01141088661469096,5,-3.333333333333333,2.72716231018947,5,0.0,0.0,5,0.0,0.0,5,,,0,0.0,0.0,4,,,0
magnitude2,regime_marginal,clean,transit_rough,stable,cusum_minus_point,0.0,0.0,4,,,0,0.0,0.0,4,,,0,0.005648148148148148,0.009003409657431655,5,,,0,,,0,,,0,,,0,,,0,0.0,0.0,5,-0.010416666666666666,0.010416666666666666,5,-6.7592592592592595,0.7746852097537732,5,0.0,0.0,5,0.0,0.0,5,,,0,0.0,0.0,4,,,0
magnitude2,regime_marginal,clean,transit_smooth,all,cusum_minus_ewma,0.0,0.0,4,,,0,0.0,0.0,4,,,0,0.03925925925925926,0.06969276589902063,5,,,0,,,0,,,0,,,0,,,0,0.0,0.0,5,0.029166666666666664,0.05818433351570392,5,0.2777777777777778,3.3159267739759226,5,0.0,0.0,5,0.0,0.0,5,,,0,0.0,0.0,4,,,0
magnitude2,regime_marginal,clean,transit_smooth,all,cusum_minus_point,0.0,0.0,5,,,0,0.0,0.0,5,,,0,0.0362962962962963,0.06968138590641072,5,,,0,,,0,,,0,,,0,,,0,0.0,0.0,5,0.035416666666666666,0.04919049563798997,5,-7.037037037037036,4.146039477266317,5,0.0,0.0,5,0.0,0.0,5,,,0,0.0,0.0,5,,,0
magnitude2,regime_marginal,clean,transit_smooth,stable,cusum_minus_ewma,0.0,0.0,4,,,0,0.0,0.0,4,,,0,0.03925925925925926,0.06969276589902063,5,,,0,,,0,,,0,,,0,,,0,0.0,0.0,5,0.029166666666666664,0.05818433351570392,5,0.2777777777777778,3.3159267739759226,5,0.0,0.0,5,0.0,0.0,5,,,0,0.0,0.0,4,,,0
magnitude2,regime_marginal,clean,transit_smooth,stable,cusum_minus_point,0.0,0.0,5,,,0,0.0,0.0,5,,,0,0.0362962962962963,0.06968138590641072,5,,,0,,,0,,,0,,,0,,,0,0.0,0.0,5,0.035416666666666666,0.04919049563798997,5,-7.037037037037036,4.146039477266317,5,0.0,0.0,5,0.0,0.0,5,,,0,0.0,0.0,5,,,0
magnitude2,regime_marginal,clean,warehouse,all,cusum_minus_ewma,0.0,0.0,5,,,0,0.0,0.0,5,,,0,0.009166666666666667,0.016062212939047783,5,,,0,,,0,,,0,,,0,,,0,0.0,0.0,5,0.008333333333333335,0.06002025121203306,5,-3.148148148148148,2.1566323516392805,5,0.0,0.0,5,0.0,0.0,5,,,0,0.0,0.0,5,,,0
magnitude2,regime_marginal,clean,warehouse,all,cusum_minus_point,0.0,0.0,5,,,0,0.0,0.0,5,,,0,0.015462962962962961,0.020945173056062878,5,,,0,,,0,,,0,,,0,,,0,0.0,0.0,5,0.008333333333333335,0.06726618454567893,5,-7.962962962962962,3.636543867899162,5,0.0,0.0,5,0.0,0.0,5,,,0,0.0,0.0,5,,,0
magnitude2,regime_marginal,clean,warehouse,stable,cusum_minus_ewma,0.0,0.0,5,,,0,0.0,0.0,5,,,0,0.009166666666666667,0.016062212939047783,5,,,0,,,0,,,0,,,0,,,0,0.0,0.0,5,0.008333333333333335,0.06002025121203306,5,-3.148148148148148,2.1566323516392805,5,0.0,0.0,5,0.0,0.0,5,,,0,0.0,0.0,5,,,0
magnitude2,regime_marginal,clean,warehouse,stable,cusum_minus_point,0.0,0.0,5,,,0,0.0,0.0,5,,,0,0.015462962962962961,0.020945173056062878,5,,,0,,,0,,,0,,,0,,,0,0.0,0.0,5,0.008333333333333335,0.06726618454567893,5,-7.962962962962962,3.636543867899162,5,0.0,0.0,5,0.0,0.0,5,,,0,0.0,0.0,5,,,0
magnitude2,regime_marginal,observed,all,all,cusum_minus_ewma,-0.36086301238626023,0.03423685026253684,5,-0.24097222222222223,0.0345132601105255,5,-0.42103186494678696,0.046904723609964234,5,-0.40828967356276324,0.04816761339356784,5,0.07306201550387596,0.01807112090415335,5,0.03194444444444444,0.02121326026959157,5,-0.09930555555555554,0.04023884612727257,5,0.0,0.0,5,-0.24097222222222223,0.0345132601105255,5,-0.2618055555555555,0.06145931417924152,5,0.0,0.0,5,0.3597222222222222,0.11348909333304044,5,-1.5826873385012918,1.3817344726232195,5,0.0,0.0,5,0.0,0.0,5,-0.24097222222222223,0.0345132601105255,5,-0.36086301238626023,0.03423685026253684,5,0.0,0.0,5
magnitude2,regime_marginal,observed,all,all,cusum_minus_point,-0.22670751406737288,0.03328771411572957,5,-0.016666666666666656,0.03334056634488279,5,-0.4589655646239598,0.05132134996250549,5,-0.3126865987476809,0.051171979747884476,5,0.08359173126614987,0.021653658600802282,5,0.03645833333333333,0.02566275260259459,5,-0.04375,0.04956893659650813,5,0.0,0.0,5,-0.016666666666666656,0.03334056634488279,5,-0.039583333333333325,0.04409858921765702,5,0.0,0.0,5,0.5229166666666667,0.15106361590198591,5,-6.621447028423772,1.9278644034743735,5,0.0,0.0,5,0.0,0.0,5,-0.016666666666666656,0.03334056634488279,5,-0.22670751406737288,0.03328771411572957,5,0.0,0.0,5
magnitude2,regime_marginal,observed,all,stable,cusum_minus_ewma,-0.36086301238626023,0.03423685026253684,5,-0.24097222222222223,0.0345132601105255,5,-0.42103186494678696,0.046904723609964234,5,-0.40828967356276324,0.04816761339356784,5,0.07306201550387596,0.01807112090415335,5,0.03194444444444444,0.02121326026959157,5,-0.09930555555555554,0.04023884612727257,5,0.0,0.0,5,-0.24097222222222223,0.0345132601105255,5,-0.2618055555555555,0.06145931417924152,5,0.0,0.0,5,0.3597222222222222,0.11348909333304044,5,-1.5826873385012918,1.3817344726232195,5,0.0,0.0,5,0.0,0.0,5,-0.24097222222222223,0.0345132601105255,5,-0.36086301238626023,0.03423685026253684,5,0.0,0.0,5
magnitude2,regime_marginal,observed,all,stable,cusum_minus_point,-0.22670751406737288,0.03328771411572957,5,-0.016666666666666656,0.03334056634488279,5,-0.4589655646239598,0.05132134996250549,5,-0.3126865987476809,0.051171979747884476,5,0.08359173126614987,0.021653658600802282,5,0.03645833333333333,0.02566275260259459,5,-0.04375,0.04956893659650813,5,0.0,0.0,5,-0.016666666666666656,0.03334056634488279,5,-0.039583333333333325,0.04409858921765702,5,0.0,0.0,5,0.5229166666666667,0.15106361590198591,5,-6.621447028423772,1.9278644034743735,5,0.0,0.0,5,0.0,0.0,5,-0.016666666666666656,0.03334056634488279,5,-0.22670751406737288,0.03328771411572957,5,0.0,0.0,5
magnitude2,regime_marginal,observed,transit_rough,all,cusum_minus_ewma,-0.364343184330216,0.09823436027644264,5,-0.28125000000000006,0.10099333036284017,5,-0.401219890318108,0.12593911930179735,5,-0.4176809957399087,0.15041018632503464,5,0.05794573643410853,0.0407172802535154,5,0.02708333333333333,0.04007371679514864,5,-0.1375,0.10427078130201833,5,0.0,0.0,5,-0.28125000000000006,0.10099333036284017,5,-0.31250000000000006,0.11922419939853746,5,0.0,0.0,5,0.35833333333333334,0.15635413196757333,5,-2.8100775193798446,3.090918199173756,5,0.0,0.0,5,0.0,0.0,5,-0.28125000000000006,0.10099333036284017,5,-0.364343184330216,0.09823436027644264,5,0.0,0.0,5
magnitude2,regime_marginal,observed,transit_rough,all,cusum_minus_point,-0.20759579955815619,0.08353942392978235,5,-0.014583333333333342,0.08671523078444753,5,-0.43175621372771966,0.11047762940762353,5,-0.3226855927167687,0.12303349484240715,5,0.07209302325581396,0.041798005997778186,5,0.02291666666666667,0.04724966012517386,5,-0.10625,0.11817294000743145,5,0.0,0.0,5,-0.014583333333333342,0.08671523078444753,5,-0.04375,0.08443285053816435,5,0.0,0.0,5,0.5416666666666667,0.22158382693940254,5,-6.686046511627907,1.4695495046611533,5,0.0,0.0,5,0.0,0.0,5,-0.014583333333333342,0.08671523078444753,5,-0.20759579955815619,0.08353942392978235,5,0.0,0.0,5
magnitude2,regime_marginal,observed,transit_rough,stable,cusum_minus_ewma,-0.364343184330216,0.09823436027644264,5,-0.28125000000000006,0.10099333036284017,5,-0.401219890318108,0.12593911930179735,5,-0.4176809957399087,0.15041018632503464,5,0.05794573643410853,0.0407172802535154,5,0.02708333333333333,0.04007371679514864,5,-0.1375,0.10427078130201833,5,0.0,0.0,5,-0.28125000000000006,0.10099333036284017,5,-0.31250000000000006,0.11922419939853746,5,0.0,0.0,5,0.35833333333333334,0.15635413196757333,5,-2.8100775193798446,3.090918199173756,5,0.0,0.0,5,0.0,0.0,5,-0.28125000000000006,0.10099333036284017,5,-0.364343184330216,0.09823436027644264,5,0.0,0.0,5
magnitude2,regime_marginal,observed,transit_rough,stable,cusum_minus_point,-0.20759579955815619,0.08353942392978235,5,-0.014583333333333342,0.08671523078444753,5,-0.43175621372771966,0.11047762940762353,5,-0.3226855927167687,0.12303349484240715,5,0.07209302325581396,0.041798005997778186,5,0.02291666666666667,0.04724966012517386,5,-0.10625,0.11817294000743145,5,0.0,0.0,5,-0.014583333333333342,0.08671523078444753,5,-0.04375,0.08443285053816435,5,0.0,0.0,5,0.5416666666666667,0.22158382693940254,5,-6.686046511627907,1.4695495046611533,5,0.0,0.0,5,0.0,0.0,5,-0.014583333333333342,0.08671523078444753,5,-0.20759579955815619,0.08353942392978235,5,0.0,0.0,5
magnitude2,regime_marginal,observed,transit_smooth,all,cusum_minus_ewma,-0.4001671007271737,0.09551180361310693,5,-0.26875,0.13122519606894606,5,-0.5414667926270491,0.14746563847734043,5,-0.447228295380652,0.12127495446732478,5,0.09137596899224806,0.059193451509778734,5,0.046875,0.07429865946712035,5,-0.12499999999999997,0.09432692852226475,5,0.0,0.0,5,-0.26875,0.13122519606894606,5,-0.29583333333333334,0.09816015824491456,5,0.0,0.0,5,0.35625,0.08851102410936669,5,0.19379844961240308,3.3845444179404995,5,0.0,0.0,5,0.0,0.0,5,-0.26875,0.13122519606894606,5,-0.4001671007271737,0.09551180361310693,5,0.0,0.0,5
magnitude2,regime_marginal,observed,transit_smooth,all,cusum_minus_point,-0.2966572004524085,0.06192133901557862,5,-0.09583333333333333,0.02795084971874736,5,-0.518260118665414,0.11070874155498266,5,-0.36710243976235535,0.10236419001977795,5,0.09622093023255814,0.05940621915900001,5,0.04895833333333334,0.07147002455381012,5,-0.06458333333333333,0.12486972377909174,5,0.0,0.0,5,-0.09583333333333333,0.02795084971874736,5,-0.12291666666666667,0.06136115197926307,5,0.0,0.0,5,0.5270833333333333,0.16902626562822184,5,-6.492248062015503,4.119641796411107,5,0.0,0.0,5,0.0,0.0,5,-0.09583333333333333,0.02795084971874736,5,-0.2966572004524085,0.06192133901557862,5,0.0,0.0,5
magnitude2,regime_marginal,observed,transit_smooth,stable,cusum_minus_ewma,-0.4001671007271737,0.09551180361310693,5,-0.26875,0.13122519606894606,5,-0.5414667926270491,0.14746563847734043,5,-0.447228295380652,0.12127495446732478,5,0.09137596899224806,0.059193451509778734,5,0.046875,0.07429865946712035,5,-0.12499999999999997,0.09432692852226475,5,0.0,0.0,5,-0.26875,0.13122519606894606,5,-0.29583333333333334,0.09816015824491456,5,0.0,0.0,5,0.35625,0.08851102410936669,5,0.19379844961240308,3.3845444179404995,5,0.0,0.0,5,0.0,0.0,5,-0.26875,0.13122519606894606,5,-0.4001671007271737,0.09551180361310693,5,0.0,0.0,5
magnitude2,regime_marginal,observed,transit_smooth,stable,cusum_minus_point,-0.2966572004524085,0.06192133901557862,5,-0.09583333333333333,0.02795084971874736,5,-0.518260118665414,0.11070874155498266,5,-0.36710243976235535,0.10236419001977795,5,0.09622093023255814,0.05940621915900001,5,0.04895833333333334,0.07147002455381012,5,-0.06458333333333333,0.12486972377909174,5,0.0,0.0,5,-0.09583333333333333,0.02795084971874736,5,-0.12291666666666667,0.06136115197926307,5,0.0,0.0,5,0.5270833333333333,0.16902626562822184,5,-6.492248062015503,4.119641796411107,5,0.0,0.0,5,0.0,0.0,5,-0.09583333333333333,0.02795084971874736,5,-0.2966572004524085,0.06192133901557862,5,0.0,0.0,5
magnitude2,regime_marginal,observed,warehouse,all,cusum_minus_ewma,-0.3066701276264875,0.08712834719861032,5,-0.17291666666666666,0.10484156366738444,5,-0.36390829106863265,0.117088924558574,5,-0.36675030454317675,0.12744787944672256,5,0.06986434108527131,0.03650381701454263,5,0.021875,0.03726779962499649,5,-0.035416666666666693,0.04919049563798999,5,0.0,0.0,5,-0.17291666666666666,0.10484156366738444,5,-0.17708333333333331,0.07254368894366732,5,0.0,0.0,5,0.36458333333333337,0.16519532840785112,5,-2.131782945736434,2.8785757320761527,5,0.0,0.0,5,0.0,0.0,5,-0.17291666666666666,0.10484156366738444,5,-0.3066701276264875,0.08712834719861032,5,0.0,0.0,5
magnitude2,regime_marginal,observed,warehouse,all,cusum_minus_point,-0.15847835938798135,0.06710254594921869,5,0.060416666666666674,0.10296178160959639,5,-0.3831668204778749,0.07515239643067738,5,-0.23785898416978357,0.08456933603183979,5,0.08246124031007752,0.03899877809916062,5,0.0375,0.0506843359404286,5,0.039583333333333304,0.07704109202958581,5,0.0,0.0,5,0.060416666666666674,0.10296178160959639,5,0.04791666666666667,0.07126096406869613,5,0.0,0.0,5,0.5,0.17100474124356252,5,-6.686046511627907,3.0909181991737564,5,0.0,0.0,5,0.0,0.0,5,0.060416666666666674,0.10296178160959639,5,-0.15847835938798135,0.06710254594921869,5,0.0,0.0,5
magnitude2,regime_marginal,observed,warehouse,stable,cusum_minus_ewma,-0.3066701276264875,0.08712834719861032,5,-0.17291666666666666,0.10484156366738444,5,-0.36390829106863265,0.117088924558574,5,-0.36675030454317675,0.12744787944672256,5,0.06986434108527131,0.03650381701454263,5,0.021875,0.03726779962499649,5,-0.035416666666666693,0.04919049563798999,5,0.0,0.0,5,-0.17291666666666666,0.10484156366738444,5,-0.17708333333333331,0.07254368894366732,5,0.0,0.0,5,0.36458333333333337,0.16519532840785112,5,-2.131782945736434,2.8785757320761527,5,0.0,0.0,5,0.0,0.0,5,-0.17291666666666666,0.10484156366738444,5,-0.3066701276264875,0.08712834719861032,5,0.0,0.0,5
magnitude2,regime_marginal,observed,warehouse,stable,cusum_minus_point,-0.15847835938798135,0.06710254594921869,5,0.060416666666666674,0.10296178160959639,5,-0.3831668204778749,0.07515239643067738,5,-0.23785898416978357,0.08456933603183979,5,0.08246124031007752,0.03899877809916062,5,0.0375,0.0506843359404286,5,0.039583333333333304,0.07704109202958581,5,0.0,0.0,5,0.060416666666666674,0.10296178160959639,5,0.04791666666666667,0.07126096406869613,5,0.0,0.0,5,0.5,0.17100474124356252,5,-6.686046511627907,3.0909181991737564,5,0.0,0.0,5,0.0,0.0,5,0.060416666666666674,0.10296178160959639,5,-0.15847835938798135,0.06710254594921869,5,0.0,0.0,5
magnitude4,regime_conditional,clean,all,all,cusum_minus_ewma,0.0,0.0,5,,,0,0.0,0.0,5,,,0,0.008179012345679013,0.010415809292562028,5,,,0,,,0,,,0,,,0,,,0,0.0,0.0,5,6.938893903907229e-19,0.011774878442925813,5,-2.1296296296296298,1.6163235768859459,5,0.0,0.0,5,0.0,0.0,5,,,0,0.0,0.0,5,,,0
magnitude4,regime_conditional,clean,all,all,cusum_minus_point,0.0,0.0,5,,,0,0.0,0.0,5,,,0,0.008858024691358024,0.013770327286606043,5,,,0,,,0,,,0,,,0,,,0,0.0,0.0,5,-0.0013888888888888885,0.013130326667492387,5,-6.7592592592592595,1.7404780468977388,5,0.0,0.0,5,0.0,0.0,5,,,0,0.0,0.0,5,,,0
magnitude4,regime_conditional,clean,all,stable,cusum_minus_ewma,0.0,0.0,5,,,0,0.0,0.0,5,,,0,0.008179012345679013,0.010415809292562028,5,,,0,,,0,,,0,,,0,,,0,0.0,0.0,5,6.938893903907229e-19,0.011774878442925813,5,-2.1296296296296298,1.6163235768859459,5,0.0,0.0,5,0.0,0.0,5,,,0,0.0,0.0,5,,,0
magnitude4,regime_conditional,clean,all,stable,cusum_minus_point,0.0,0.0,5,,,0,0.0,0.0,5,,,0,0.008858024691358024,0.013770327286606043,5,,,0,,,0,,,0,,,0,,,0,0.0,0.0,5,-0.0013888888888888885,0.013130326667492387,5,-6.7592592592592595,1.7404780468977388,5,0.0,0.0,5,0.0,0.0,5,,,0,0.0,0.0,5,,,0
magnitude4,regime_conditional,clean,transit_rough,all,cusum_minus_ewma,0.0,0.0,5,,,0,0.0,0.0,5,,,0,0.015092592592592593,0.021885958944094872,5,,,0,,,0,,,0,,,0,,,0,0.0,0.0,5,-0.00625,0.023980967569211118,5,-0.6481481481481485,2.9023014849365705,5,0.0,0.0,5,0.0,0.0,5,,,0,0.0,0.0,5,,,0
magnitude4,regime_conditional,clean,transit_rough,all,cusum_minus_point,0.0,0.0,5,,,0,0.0,0.0,5,,,0,0.015277777777777779,0.028832224222822573,5,,,0,,,0,,,0,,,0,,,0,0.0,0.0,5,-0.002083333333333333,0.032442523963327995,5,-4.907407407407407,4.362673699773979,5,0.0,0.0,5,0.0,0.0,5,,,0,0.0,0.0,5,,,0
magnitude4,regime_conditional,clean,transit_rough,stable,cusum_minus_ewma,0.0,0.0,5,,,0,0.0,0.0,5,,,0,0.015092592592592593,0.021885958944094872,5,,,0,,,0,,,0,,,0,,,0,0.0,0.0,5,-0.00625,0.023980967569211118,5,-0.6481481481481485,2.9023014849365705,5,0.0,0.0,5,0.0,0.0,5,,,0,0.0,0.0,5,,,0
magnitude4,regime_conditional,clean,transit_rough,stable,cusum_minus_point,0.0,0.0,5,,,0,0.0,0.0,5,,,0,0.015277777777777779,0.028832224222822573,5,,,0,,,0,,,0,,,0,,,0,0.0,0.0,5,-0.002083333333333333,0.032442523963327995,5,-4.907407407407407,4.362673699773979,5,0.0,0.0,5,0.0,0.0,5,,,0,0.0,0.0,5,,,0
magnitude4,regime_conditional,clean,transit_smooth,all,cusum_minus_ewma,0.0,0.0,5,,,0,0.0,0.0,5,,,0,0.0061111111111111106,0.00949017613496727,5,,,0,,,0,,,0,,,0,,,0,0.0,0.0,5,0.0125,0.03407380673707527,5,-3.2407407407407405,2.758420205512265,5,0.0,0.0,5,0.0,0.0,5,,,0,0.0,0.0,5,,,0
magnitude4,regime_conditional,clean,transit_smooth,all,cusum_minus_point,0.0,0.0,5,,,0,0.0,0.0,5,,,0,0.0075,0.01679286072912427,5,,,0,,,0,,,0,,,0,,,0,0.0,0.0,5,0.01666666666666667,0.031766563920785224,5,-6.203703703703704,3.654182826050206,5,0.0,0.0,5,0.0,0.0,5,,,0,0.0,0.0,5,,,0
magnitude4,regime_conditional,clean,transit_smooth,stable,cusum_minus_ewma,0.0,0.0,5,,,0,0.0,0.0,5,,,0,0.0061111111111111106,0.00949017613496727,5,,,0,,,0,,,0,,,0,,,0,0.0,0.0,5,0.0125,0.03407380673707527,5,-3.2407407407407405,2.758420205512265,5,0.0,0.0,5,0.0,0.0,5,,,0,0.0,0.0,5,,,0
magnitude4,regime_conditional,clean,transit_smooth,stable,cusum_minus_point,0.0,0.0,5,,,0,0.0,0.0,5,,,0,0.0075,0.01679286072912427,5,,,0,,,0,,,0,,,0,,,0,0.0,0.0,5,0.01666666666666667,0.031766563920785224,5,-6.203703703703704,3.654182826050206,5,0.0,0.0,5,0.0,0.0,5,,,0,0.0,0.0,5,,,0
magnitude4,regime_conditional,clean,warehouse,all,cusum_minus_ewma,0.0,0.0,5,,,0,0.0,0.0,5,,,0,0.003333333333333334,0.010735351457640648,5,,,0,,,0,,,0,,,0,,,0,0.0,0.0,5,-0.00625,0.013975424859373685,5,-2.4999999999999996,2.7893278391466794,5,0.0,0.0,5,0.0,0.0,5,,,0,0.0,0.0,5,,,0
magnitude4,regime_conditional,clean,warehouse,all,cusum_minus_point,0.0,0.0,5,,,0,0.0,0.0,5,,,0,0.0037962962962962963,0.016280900766444215,5,,,0,,,0,,,0,,,0,,,0,0.0,0.0,5,-0.01875,0.013581671677505519,5,-9.166666666666666,4.969039949999533,5,0.0,0.0,5,0.0,0.0,5,,,0,0.0,0.0,5,,,0
magnitude4,regime_conditional,clean,warehouse,stable,cusum_minus_ewma,0.0,0.0,5,,,0,0.0,0.0,5,,,0,0.003333333333333334,0.010735351457640648,5,,,0,,,0,,,0,,,0,,,0,0.0,0.0,5,-0.00625,0.013975424859373685,5,-2.4999999999999996,2.7893278391466794,5,0.0,0.0,5,0.0,0.0,5,,,0,0.0,0.0,5,,,0
magnitude4,regime_conditional,clean,warehouse,stable,cusum_minus_point,0.0,0.0,5,,,0,0.0,0.0,5,,,0,0.0037962962962962963,0.016280900766444215,5,,,0,,,0,,,0,,,0,,,0,0.0,0.0,5,-0.01875,0.013581671677505519,5,-9.166666666666666,4.969039949999533,5,0.0,0.0,5,0.0,0.0,5,,,0,0.0,0.0,5,,,0
magnitude4,regime_conditional,observed,all,all,cusum_minus_ewma,-0.31624521612605305,0.01812861592341764,5,-0.039583333333333304,0.01746496713883236,5,-0.23772835618379928,0.014771896310421345,5,-0.693886518249033,0.01363948373825075,5,0.28378552971576226,0.0200955276589206,5,0.011458333333333326,0.019238743301659818,5,-0.22916666666666666,0.038351947976344655,5,0.0,0.0,5,-0.039583333333333304,0.01746496713883236,5,-0.0125,0.023626424772505573,5,0.0,0.0,5,0.44305555555555554,0.036959191918708834,5,-5.167958656330749,2.1576855968810382,5,0.0,0.0,5,0.0,0.0,5,-0.039583333333333304,0.01746496713883236,5,-0.31624521612605305,0.01812861592341764,5,0.0,0.0,5
magnitude4,regime_conditional,observed,all,all,cusum_minus_point,-0.596774064553666,0.012681289138219969,5,-0.06736111111111112,0.017464967138832374,5,-0.5492374032081184,0.014837170473380297,5,-0.8438881425132335,0.008320929488304575,5,0.3450258397932816,0.019788897405933675,5,0.29409722222222223,0.028962371487696904,5,-0.2534722222222222,0.04612961894300841,5,0.0,0.0,5,-0.06736111111111112,0.017464967138832374,5,-0.38263888888888886,0.03535874893916935,5,0.0,0.0,5,0.9881944444444445,0.006768607183895123,5,-12.080103359173126,1.0553171351876323,5,0.0,0.0,5,0.0,0.0,5,-0.06736111111111112,0.017464967138832374,5,-0.596774064553666,0.012681289138219969,5,0.0,0.0,5
magnitude4,regime_conditional,observed,all,stable,cusum_minus_ewma,-0.31624521612605305,0.01812861592341764,5,-0.039583333333333304,0.01746496713883236,5,-0.23772835618379928,0.014771896310421345,5,-0.693886518249033,0.01363948373825075,5,0.28378552971576226,0.0200955276589206,5,0.011458333333333326,0.019238743301659818,5,-0.22916666666666666,0.038351947976344655,5,0.0,0.0,5,-0.039583333333333304,0.01746496713883236,5,-0.0125,0.023626424772505573,5,0.0,0.0,5,0.44305555555555554,0.036959191918708834,5,-5.167958656330749,2.1576855968810382,5,0.0,0.0,5,0.0,0.0,5,-0.039583333333333304,0.01746496713883236,5,-0.31624521612605305,0.01812861592341764,5,0.0,0.0,5
magnitude4,regime_conditional,observed,all,stable,cusum_minus_point,-0.596774064553666,0.012681289138219969,5,-0.06736111111111112,0.017464967138832374,5,-0.5492374032081184,0.014837170473380297,5,-0.8438881425132335,0.008320929488304575,5,0.3450258397932816,0.019788897405933675,5,0.29409722222222223,0.028962371487696904,5,-0.2534722222222222,0.04612961894300841,5,0.0,0.0,5,-0.06736111111111112,0.017464967138832374,5,-0.38263888888888886,0.03535874893916935,5,0.0,0.0,5,0.9881944444444445,0.006768607183895123,5,-12.080103359173126,1.0553171351876323,5,0.0,0.0,5,0.0,0.0,5,-0.06736111111111112,0.017464967138832374,5,-0.596774064553666,0.012681289138219969,5,0.0,0.0,5
magnitude4,regime_conditional,observed,transit_rough,all,cusum_minus_ewma,-0.3260586599535847,0.04183478900784336,5,-0.033333333333333326,0.026962873136551643,5,-0.24289424347584906,0.037568554425986174,5,-0.6985497695389109,0.050389527452075575,5,0.3253875968992248,0.020772965539128652,5,0.04791666666666666,0.04946545862743239,5,-0.21666666666666665,0.15316396896427334,5,0.0,0.0,5,-0.033333333333333326,0.026962873136551643,5,-0.05000000000000001,0.04061164310337068,5,0.0,0.0,5,0.4458333333333333,0.08378782313412586,5,-4.3604651162790695,1.281856255360751,5,0.0,0.0,5,0.0,0.0,5,-0.033333333333333326,0.026962873136551643,5,-0.3260586599535847,0.04183478900784336,5,0.0,0.0,5
magnitude4,regime_conditional,observed,transit_rough,all,cusum_minus_point,-0.6233397984341977,0.0402553484526031,5,-0.07083333333333337,0.04256836821188033,5,-0.5715774767054927,0.05240227967768533,5,-0.860965356601065,0.016386114635633883,5,0.39001937984496127,0.016006713698335076,5,0.359375,0.028047733370492222,5,-0.2604166666666667,0.19249706888100346,5,0.0,0.0,5,-0.07083333333333337,0.04256836821188033,5,-0.4270833333333333,0.06948783366732467,5,0.0,0.0,5,0.9854166666666668,0.015797657175107407,5,-11.724806201550388,2.150420641586448,5,0.0,0.0,5,0.0,0.0,5,-0.07083333333333337,0.04256836821188033,5,-0.6233397984341977,0.0402553484526031,5,0.0,0.0,5
magnitude4,regime_conditional,observed,transit_rough,stable,cusum_minus_ewma,-0.3260586599535847,0.04183478900784336,5,-0.033333333333333326,0.026962873136551643,5,-0.24289424347584906,0.037568554425986174,5,-0.6985497695389109,0.050389527452075575,5,0.3253875968992248,0.020772965539128652,5,0.04791666666666666,0.04946545862743239,5,-0.21666666666666665,0.15316396896427334,5,0.0,0.0,5,-0.033333333333333326,0.026962873136551643,5,-0.05000000000000001,0.04061164310337068,5,0.0,0.0,5,0.4458333333333333,0.08378782313412586,5,-4.3604651162790695,1.281856255360751,5,0.0,0.0,5,0.0,0.0,5,-0.033333333333333326,0.026962873136551643,5,-0.3260586599535847,0.04183478900784336,5,0.0,0.0,5
magnitude4,regime_conditional,observed,transit_rough,stable,cusum_minus_point,-0.6233397984341977,0.0402553484526031,5,-0.07083333333333337,0.04256836821188033,5,-0.5715774767054927,0.05240227967768533,5,-0.860965356601065,0.016386114635633883,5,0.39001937984496127,0.016006713698335076,5,0.359375,0.028047733370492222,5,-0.2604166666666667,0.19249706888100346,5,0.0,0.0,5,-0.07083333333333337,0.04256836821188033,5,-0.4270833333333333,0.06948783366732467,5,0.0,0.0,5,0.9854166666666668,0.015797657175107407,5,-11.724806201550388,2.150420641586448,5,0.0,0.0,5,0.0,0.0,5,-0.07083333333333337,0.04256836821188033,5,-0.6233397984341977,0.0402553484526031,5,0.0,0.0,5
magnitude4,regime_conditional,observed,transit_smooth,all,cusum_minus_ewma,-0.3210127267406754,0.03944671109915222,5,-0.060416666666666674,0.01863389981249826,5,-0.2448325035851237,0.04390696540150811,5,-0.6886309622530286,0.014701497202545776,5,0.27354651162790694,0.044763613967692455,5,-0.012499999999999989,0.06299715464253568,5,-0.28125,0.0717919205838032,5,0.0,0.0,5,-0.060416666666666674,0.01863389981249826,5,-1.3877787807814457e-17,0.10232751408535679,5,0.0,0.0,5,0.4416666666666667,0.05187458165828639,5,-4.748062015503876,4.102512234499331,5,0.0,0.0,5,0.0,0.0,5,-0.060416666666666674,0.01863389981249826,5,-0.3210127267406754,0.03944671109915222,5,0.0,0.0,5
magnitude4,regime_conditional,observed,transit_smooth,all,cusum_minus_point,-0.6081284574390239,0.023807120402715893,5,-0.09166666666666663,0.018633899812498238,5,-0.5668556971908242,0.030484497433756485,5,-0.8462141122433614,0.01029188133407111,5,0.3354651162790698,0.05726756482889249,5,0.27291666666666664,0.09831203423990821,5,-0.2958333333333333,0.07460835241445826,5,0.0,0.0,5,-0.09166666666666663,0.018633899812498238,5,-0.4083333333333334,0.14041264831045513,5,0.0,0.0,5,0.9979166666666666,0.0046584749531245456,5,-10.949612403100776,1.6286566195708925,5,0.0,0.0,5,0.0,0.0,5,-0.09166666666666663,0.018633899812498238,5,-0.6081284574390239,0.023807120402715893,5,0.0,0.0,5
magnitude4,regime_conditional,observed,transit_smooth,stable,cusum_minus_ewma,-0.3210127267406754,0.03944671109915222,5,-0.060416666666666674,0.01863389981249826,5,-0.2448325035851237,0.04390696540150811,5,-0.6886309622530286,0.014701497202545776,5,0.27354651162790694,0.044763613967692455,5,-0.012499999999999989,0.06299715464253568,5,-0.28125,0.0717919205838032,5,0.0,0.0,5,-0.060416666666666674,0.01863389981249826,5,-1.3877787807814457e-17,0.10232751408535679,5,0.0,0.0,5,0.4416666666666667,0.05187458165828639,5,-4.748062015503876,4.102512234499331,5,0.0,0.0,5,0.0,0.0,5,-0.060416666666666674,0.01863389981249826,5,-0.3210127267406754,0.03944671109915222,5,0.0,0.0,5
magnitude4,regime_conditional,observed,transit_smooth,stable,cusum_minus_point,-0.6081284574390239,0.023807120402715893,5,-0.09166666666666663,0.018633899812498238,5,-0.5668556971908242,0.030484497433756485,5,-0.8462141122433614,0.01029188133407111,5,0.3354651162790698,0.05726756482889249,5,0.27291666666666664,0.09831203423990821,5,-0.2958333333333333,0.07460835241445826,5,0.0,0.0,5,-0.09166666666666663,0.018633899812498238,5,-0.4083333333333334,0.14041264831045513,5,0.0,0.0,5,0.9979166666666666,0.0046584749531245456,5,-10.949612403100776,1.6286566195708925,5,0.0,0.0,5,0.0,0.0,5,-0.09166666666666663,0.018633899812498238,5,-0.6081284574390239,0.023807120402715893,5,0.0,0.0,5
magnitude4,regime_conditional,observed,warehouse,all,cusum_minus_ewma,-0.3051164194195919,0.03088968638702183,5,-0.025,0.021600459743049704,5,-0.23307997106777192,0.028500932282423227,5,-0.6885226427657931,0.019063939394871107,5,0.25242248062015504,0.012601556980271274,5,-0.001041666666666674,0.05977115647060325,5,-0.18958333333333335,0.051769890165788215,5,0.0,0.0,5,-0.025,0.021600459743049704,5,0.0125,0.08972856444732513,5,0.0,0.0,5,0.4416666666666666,0.055414316992793235,5,-6.395348837209302,3.449802930022848,5,0.0,0.0,5,0.0,0.0,5,-0.025,0.021600459743049704,5,-0.3051164194195919,0.03088968638702183,5,0.0,0.0,5
magnitude4,regime_conditional,observed,warehouse,all,cusum_minus_point,-0.5566303244237977,0.025568069976616516,5,-0.039583333333333345,0.032442523963327974,5,-0.5126649260043376,0.038133734331358665,5,-0.8085118046401873,0.03369709453963591,5,0.309593023255814,0.012517452211980435,5,0.25,0.04342013541805486,5,-0.2041666666666667,0.07276770498572074,5,0.0,0.0,5,-0.039583333333333345,0.032442523963327974,5,-0.3125,0.04166666666666668,5,0.0,0.0,5,0.98125,0.013581671677505519,5,-13.565891472868216,4.292646595607885,5,0.0,0.0,5,0.0,0.0,5,-0.039583333333333345,0.032442523963327974,5,-0.5566303244237977,0.025568069976616516,5,0.0,0.0,5
magnitude4,regime_conditional,observed,warehouse,stable,cusum_minus_ewma,-0.3051164194195919,0.03088968638702183,5,-0.025,0.021600459743049704,5,-0.23307997106777192,0.028500932282423227,5,-0.6885226427657931,0.019063939394871107,5,0.25242248062015504,0.012601556980271274,5,-0.001041666666666674,0.05977115647060325,5,-0.18958333333333335,0.051769890165788215,5,0.0,0.0,5,-0.025,0.021600459743049704,5,0.0125,0.08972856444732513,5,0.0,0.0,5,0.4416666666666666,0.055414316992793235,5,-6.395348837209302,3.449802930022848,5,0.0,0.0,5,0.0,0.0,5,-0.025,0.021600459743049704,5,-0.3051164194195919,0.03088968638702183,5,0.0,0.0,5
magnitude4,regime_conditional,observed,warehouse,stable,cusum_minus_point,-0.5566303244237977,0.025568069976616516,5,-0.039583333333333345,0.032442523963327974,5,-0.5126649260043376,0.038133734331358665,5,-0.8085118046401873,0.03369709453963591,5,0.309593023255814,0.012517452211980435,5,0.25,0.04342013541805486,5,-0.2041666666666667,0.07276770498572074,5,0.0,0.0,5,-0.039583333333333345,0.032442523963327974,5,-0.3125,0.04166666666666668,5,0.0,0.0,5,0.98125,0.013581671677505519,5,-13.565891472868216,4.292646595607885,5,0.0,0.0,5,0.0,0.0,5,-0.039583333333333345,0.032442523963327974,5,-0.5566303244237977,0.025568069976616516,5,0.0,0.0,5
magnitude4,regime_marginal,clean,all,all,cusum_minus_ewma,0.0,0.0,5,,,0,0.0,0.0,5,,,0,0.016358024691358025,0.020531362046034,5,,,0,,,0,,,0,,,0,,,0,0.0,0.0,5,0.00972222222222222,0.023854950051830096,5,-2.067901234567901,1.1681599301096026,5,0.0,0.0,5,0.0,0.0,5,,,0,0.0,0.0,5,,,0
magnitude4,regime_marginal,clean,all,all,cusum_minus_point,0.0,0.0,5,,,0,0.0,0.0,5,,,0,0.019135802469135803,0.021416728715222922,5,,,0,,,0,,,0,,,0,,,0,0.0,0.0,5,0.01111111111111111,0.022287231299835016,5,-7.253086419753086,1.915073093517107,5,0.0,0.0,5,0.0,0.0,5,,,0,0.0,0.0,5,,,0
magnitude4,regime_marginal,clean,all,stable,cusum_minus_ewma,0.0,0.0,5,,,0,0.0,0.0,5,,,0,0.016358024691358025,0.020531362046034,5,,,0,,,0,,,0,,,0,,,0,0.0,0.0,5,0.00972222222222222,0.023854950051830096,5,-2.067901234567901,1.1681599301096026,5,0.0,0.0,5,0.0,0.0,5,,,0,0.0,0.0,5,,,0
magnitude4,regime_marginal,clean,all,stable,cusum_minus_point,0.0,0.0,5,,,0,0.0,0.0,5,,,0,0.019135802469135803,0.021416728715222922,5,,,0,,,0,,,0,,,0,,,0,0.0,0.0,5,0.01111111111111111,0.022287231299835016,5,-7.253086419753086,1.915073093517107,5,0.0,0.0,5,0.0,0.0,5,,,0,0.0,0.0,5,,,0
magnitude4,regime_marginal,clean,transit_rough,all,cusum_minus_ewma,0.0,0.0,4,,,0,0.0,0.0,4,,,0,0.0006481481481481492,0.002711398234138209,5,,,0,,,0,,,0,,,0,,,0,0.0,0.0,5,-0.008333333333333333,0.01141088661469096,5,-3.333333333333333,2.72716231018947,5,0.0,0.0,5,0.0,0.0,5,,,0,0.0,0.0,4,,,0
magnitude4,regime_marginal,clean,transit_rough,all,cusum_minus_point,0.0,0.0,4,,,0,0.0,0.0,4,,,0,0.005648148148148148,0.009003409657431655,5,,,0,,,0,,,0,,,0,,,0,0.0,0.0,5,-0.010416666666666666,0.010416666666666666,5,-6.7592592592592595,0.7746852097537732,5,0.0,0.0,5,0.0,0.0,5,,,0,0.0,0.0,4,,,0
magnitude4,regime_marginal,clean,transit_rough,stable,cusum_minus_ewma,0.0,0.0,4,,,0,0.0,0.0,4,,,0,0.0006481481481481492,0.002711398234138209,5,,,0,,,0,,,0,,,0,,,0,0.0,0.0,5,-0.008333333333333333,0.01141088661469096,5,-3.333333333333333,2.72716231018947,5,0.0,0.0,5,0.0,0.0,5,,,0,0.0,0.0,4,,,0
magnitude4,regime_marginal,clean,transit_rough,stable,cusum_minus_point,0.0,0.0,4,,,0,0.0,0.0,4,,,0,0.005648148148148148,0.009003409657431655,5,,,0,,,0,,,0,,,0,,,0,0.0,0.0,5,-0.010416666666666666,0.010416666666666666,5,-6.7592592592592595,0.7746852097537732,5,0.0,0.0,5,0.0,0.0,5,,,0,0.0,0.0,4,,,0
magnitude4,regime_marginal,clean,transit_smooth,all,cusum_minus_ewma,0.0,0.0,4,,,0,0.0,0.0,4,,,0,0.03925925925925926,0.06969276589902063,5,,,0,,,0,,,0,,,0,,,0,0.0,0.0,5,0.029166666666666664,0.05818433351570392,5,0.2777777777777778,3.3159267739759226,5,0.0,0.0,5,0.0,0.0,5,,,0,0.0,0.0,4,,,0
magnitude4,regime_marginal,clean,transit_smooth,all,cusum_minus_point,0.0,0.0,5,,,0,0.0,0.0,5,,,0,0.0362962962962963,0.06968138590641072,5,,,0,,,0,,,0,,,0,,,0,0.0,0.0,5,0.035416666666666666,0.04919049563798997,5,-7.037037037037036,4.146039477266317,5,0.0,0.0,5,0.0,0.0,5,,,0,0.0,0.0,5,,,0
magnitude4,regime_marginal,clean,transit_smooth,stable,cusum_minus_ewma,0.0,0.0,4,,,0,0.0,0.0,4,,,0,0.03925925925925926,0.06969276589902063,5,,,0,,,0,,,0,,,0,,,0,0.0,0.0,5,0.029166666666666664,0.05818433351570392,5,0.2777777777777778,3.3159267739759226,5,0.0,0.0,5,0.0,0.0,5,,,0,0.0,0.0,4,,,0
magnitude4,regime_marginal,clean,transit_smooth,stable,cusum_minus_point,0.0,0.0,5,,,0,0.0,0.0,5,,,0,0.0362962962962963,0.06968138590641072,5,,,0,,,0,,,0,,,0,,,0,0.0,0.0,5,0.035416666666666666,0.04919049563798997,5,-7.037037037037036,4.146039477266317,5,0.0,0.0,5,0.0,0.0,5,,,0,0.0,0.0,5,,,0
magnitude4,regime_marginal,clean,warehouse,all,cusum_minus_ewma,0.0,0.0,5,,,0,0.0,0.0,5,,,0,0.009166666666666667,0.016062212939047783,5,,,0,,,0,,,0,,,0,,,0,0.0,0.0,5,0.008333333333333335,0.06002025121203306,5,-3.148148148148148,2.1566323516392805,5,0.0,0.0,5,0.0,0.0,5,,,0,0.0,0.0,5,,,0
magnitude4,regime_marginal,clean,warehouse,all,cusum_minus_point,0.0,0.0,5,,,0,0.0,0.0,5,,,0,0.015462962962962961,0.020945173056062878,5,,,0,,,0,,,0,,,0,,,0,0.0,0.0,5,0.008333333333333335,0.06726618454567893,5,-7.962962962962962,3.636543867899162,5,0.0,0.0,5,0.0,0.0,5,,,0,0.0,0.0,5,,,0
magnitude4,regime_marginal,clean,warehouse,stable,cusum_minus_ewma,0.0,0.0,5,,,0,0.0,0.0,5,,,0,0.009166666666666667,0.016062212939047783,5,,,0,,,0,,,0,,,0,,,0,0.0,0.0,5,0.008333333333333335,0.06002025121203306,5,-3.148148148148148,2.1566323516392805,5,0.0,0.0,5,0.0,0.0,5,,,0,0.0,0.0,5,,,0
magnitude4,regime_marginal,clean,warehouse,stable,cusum_minus_point,0.0,0.0,5,,,0,0.0,0.0,5,,,0,0.015462962962962961,0.020945173056062878,5,,,0,,,0,,,0,,,0,,,0,0.0,0.0,5,0.008333333333333335,0.06726618454567893,5,-7.962962962962962,3.636543867899162,5,0.0,0.0,5,0.0,0.0,5,,,0,0.0,0.0,5,,,0
magnitude4,regime_marginal,observed,all,all,cusum_minus_ewma,-0.4718663112253999,0.0321409971445844,5,-0.20694444444444446,0.06544931657491514,5,-0.43929225725422655,0.043873253479340485,5,-0.6621567850371604,0.013118407470634487,5,0.17919896640826874,0.029951066392626794,5,0.09895833333333333,0.035110674333605346,5,-0.15000000000000002,0.056916914076790004,5,0.0,0.0,5,-0.20694444444444446,0.06544931657491514,5,-0.32291666666666663,0.07619134811629062,5,0.0,0.0,5,0.545138888888889,0.04412592023312098,5,-1.4857881136950903,0.9916073277137435,5,0.0,0.0,5,0.0,0.0,5,-0.20694444444444446,0.06544931657491514,5,-0.4718663112253999,0.0321409971445844,5,0.0,0.0,5
magnitude4,regime_marginal,observed,all,all,cusum_minus_point,-0.6503085414775989,0.03548501778904743,5,-0.2625,0.06549535253515097,5,-0.682348393655895,0.03996393112311428,5,-0.8344536236830737,0.018777394509429966,5,0.20035529715762274,0.031624193541924805,5,0.10347222222222222,0.043517210259098264,5,-0.1701388888888889,0.06009051493012774,5,0.0,0.0,5,-0.2625,0.06549535253515097,5,-0.38263888888888886,0.08467524881773707,5,0.0,0.0,5,0.9361111111111111,0.06032080517563605,5,-6.621447028423772,1.94134613697857,5,0.0,0.0,5,0.0,0.0,5,-0.2625,0.06549535253515097,5,-0.6503085414775989,0.03548501778904743,5,0.0,0.0,5
magnitude4,regime_marginal,observed,all,stable,cusum_minus_ewma,-0.4718663112253999,0.0321409971445844,5,-0.20694444444444446,0.06544931657491514,5,-0.43929225725422655,0.043873253479340485,5,-0.6621567850371604,0.013118407470634487,5,0.17919896640826874,0.029951066392626794,5,0.09895833333333333,0.035110674333605346,5,-0.15000000000000002,0.056916914076790004,5,0.0,0.0,5,-0.20694444444444446,0.06544931657491514,5,-0.32291666666666663,0.07619134811629062,5,0.0,0.0,5,0.545138888888889,0.04412592023312098,5,-1.4857881136950903,0.9916073277137435,5,0.0,0.0,5,0.0,0.0,5,-0.20694444444444446,0.06544931657491514,5,-0.4718663112253999,0.0321409971445844,5,0.0,0.0,5
magnitude4,regime_marginal,observed,all,stable,cusum_minus_point,-0.6503085414775989,0.03548501778904743,5,-0.2625,0.06549535253515097,5,-0.682348393655895,0.03996393112311428,5,-0.8344536236830737,0.018777394509429966,5,0.20035529715762274,0.031624193541924805,5,0.10347222222222222,0.043517210259098264,5,-0.1701388888888889,0.06009051493012774,5,0.0,0.0,5,-0.2625,0.06549535253515097,5,-0.38263888888888886,0.08467524881773707,5,0.0,0.0,5,0.9361111111111111,0.06032080517563605,5,-6.621447028423772,1.94134613697857,5,0.0,0.0,5,0.0,0.0,5,-0.2625,0.06549535253515097,5,-0.6503085414775989,0.03548501778904743,5,0.0,0.0,5
magnitude4,regime_marginal,observed,transit_rough,all,cusum_minus_ewma,-0.4705923468765489,0.06901015615926101,5,-0.2520833333333333,0.1522758484717054,5,-0.43233622796928106,0.09745581707582482,5,-0.6727564815511287,0.04751826630430643,5,0.16831395348837208,0.0675064985843639,5,0.10416666666666667,0.050227347713504976,5,-0.20416666666666666,0.1000759260372954,5,0.0,0.0,5,-0.2520833333333333,0.1522758484717054,5,-0.3791666666666667,0.11798915616370098,5,0.0,0.0,5,0.4979166666666666,0.10734727523323544,5,-1.8410852713178294,3.052710077911504,5,0.0,0.0,5,0.0,0.0,5,-0.2520833333333333,0.1522758484717054,5,-0.4705923468765489,0.06901015615926101,5,0.0,0.0,5
magnitude4,regime_marginal,observed,transit_rough,all,cusum_minus_point,-0.6723203672607031,0.04138879631255869,5,-0.32708333333333334,0.13126653335019473,5,-0.6932621721836009,0.0549449269563328,5,-0.84593102510474,0.032137452879396115,5,0.19234496124031006,0.061587252264961305,5,0.1,0.05650501606298133,5,-0.22291666666666665,0.1035397803315765,5,0.0,0.0,5,-0.32708333333333334,0.13126653335019473,5,-0.45,0.12421629321469867,5,0.0,0.0,5,0.8916666666666666,0.1392876220870565,5,-5.717054263565891,1.3444221827046132,5,0.0,0.0,5,0.0,0.0,5,-0.32708333333333334,0.13126653335019473,5,-0.6723203672607031,0.04138879631255869,5,0.0,0.0,5
magnitude4,regime_marginal,observed,transit_rough,stable,cusum_minus_ewma,-0.4705923468765489,0.06901015615926101,5,-0.2520833333333333,0.1522758484717054,5,-0.43233622796928106,0.09745581707582482,5,-0.6727564815511287,0.04751826630430643,5,0.16831395348837208,0.0675064985843639,5,0.10416666666666667,0.050227347713504976,5,-0.20416666666666666,0.1000759260372954,5,0.0,0.0,5,-0.2520833333333333,0.1522758484717054,5,-0.3791666666666667,0.11798915616370098,5,0.0,0.0,5,0.4979166666666666,0.10734727523323544,5,-1.8410852713178294,3.052710077911504,5,0.0,0.0,5,0.0,0.0,5,-0.2520833333333333,0.1522758484717054,5,-0.4705923468765489,0.06901015615926101,5,0.0,0.0,5
magnitude4,regime_marginal,observed,transit_rough,stable,cusum_minus_point,-0.6723203672607031,0.04138879631255869,5,-0.32708333333333334,0.13126653335019473,5,-0.6932621721836009,0.0549449269563328,5,-0.84593102510474,0.032137452879396115,5,0.19234496124031006,0.061587252264961305,5,0.1,0.05650501606298133,5,-0.22291666666666665,0.1035397803315765,5,0.0,0.0,5,-0.32708333333333334,0.13126653335019473,5,-0.45,0.12421629321469867,5,0.0,0.0,5,0.8916666666666666,0.1392876220870565,5,-5.717054263565891,1.3444221827046132,5,0.0,0.0,5,0.0,0.0,5,-0.32708333333333334,0.13126653335019473,5,-0.6723203672607031,0.04138879631255869,5,0.0,0.0,5
magnitude4,regime_marginal,observed,transit_smooth,all,cusum_minus_ewma,-0.5113302071026883,0.055376502696477564,5,-0.2104166666666667,0.022582795196540415,5,-0.5062449148429764,0.09525122877466762,5,-0.6669101895194725,0.024641804848667993,5,0.1882751937984496,0.0485978835866874,5,0.12083333333333332,0.0705916526482495,5,-0.17083333333333334,0.09898574181837166,5,0.0,0.0,5,-0.2104166666666667,0.022582795196540415,5,-0.34375,0.08267972847076846,5,0.0,0.0,5,0.5729166666666666,0.09490034978275312,5,0.4844961240310077,2.7620528708796948,5,0.0,0.0,5,0.0,0.0,5,-0.2104166666666667,0.022582795196540415,5,-0.5113302071026883,0.055376502696477564,5,0.0,0.0,5
magnitude4,regime_marginal,observed,transit_smooth,all,cusum_minus_point,-0.6673588679220496,0.053159626512862816,5,-0.29375,0.01711632992203648,5,-0.6995339869142925,0.05920759188163351,5,-0.8383940115250359,0.02231506436632308,5,0.20339147286821704,0.048607301523871965,5,0.12291666666666665,0.07371217839038238,5,-0.18541666666666667,0.09755028973702627,5,0.0,0.0,5,-0.29375,0.01711632992203648,5,-0.425,0.11058360022575181,5,0.0,0.0,5,0.9666666666666666,0.052807466065152395,5,-6.492248062015503,3.869908051882918,5,0.0,0.0,5,0.0,0.0,5,-0.29375,0.01711632992203648,5,-0.6673588679220496,0.053159626512862816,5,0.0,0.0,5
magnitude4,regime_marginal,observed,transit_smooth,stable,cusum_minus_ewma,-0.5113302071026883,0.055376502696477564,5,-0.2104166666666667,0.022582795196540415,5,-0.5062449148429764,0.09525122877466762,5,-0.6669101895194725,0.024641804848667993,5,0.1882751937984496,0.0485978835866874,5,0.12083333333333332,0.0705916526482495,5,-0.17083333333333334,0.09898574181837166,5,0.0,0.0,5,-0.2104166666666667,0.022582795196540415,5,-0.34375,0.08267972847076846,5,0.0,0.0,5,0.5729166666666666,0.09490034978275312,5,0.4844961240310077,2.7620528708796948,5,0.0,0.0,5,0.0,0.0,5,-0.2104166666666667,0.022582795196540415,5,-0.5113302071026883,0.055376502696477564,5,0.0,0.0,5
magnitude4,regime_marginal,observed,transit_smooth,stable,cusum_minus_point,-0.6673588679220496,0.053159626512862816,5,-0.29375,0.01711632992203648,5,-0.6995339869142925,0.05920759188163351,5,-0.8383940115250359,0.02231506436632308,5,0.20339147286821704,0.048607301523871965,5,0.12291666666666665,0.07371217839038238,5,-0.18541666666666667,0.09755028973702627,5,0.0,0.0,5,-0.29375,0.01711632992203648,5,-0.425,0.11058360022575181,5,0.0,0.0,5,0.9666666666666666,0.052807466065152395,5,-6.492248062015503,3.869908051882918,5,0.0,0.0,5,0.0,0.0,5,-0.29375,0.01711632992203648,5,-0.6673588679220496,0.053159626512862816,5,0.0,0.0,5
magnitude4,regime_marginal,observed,warehouse,all,cusum_minus_ewma,-0.44317436966219514,0.051087970743809344,5,-0.15833333333333333,0.08411095515910982,5,-0.40896009042176695,0.07263207916243601,5,-0.6554466175752867,0.037415717754062605,5,0.18100775193798452,0.032764621299959384,5,0.071875,0.035016117320774184,5,-0.07500000000000004,0.04256836821188031,5,0.0,0.0,5,-0.15833333333333333,0.08411095515910982,5,-0.2458333333333334,0.08481751244092618,5,0.0,0.0,5,0.5645833333333333,0.03159531435021486,5,-3.1007751937984493,2.33866635390449,5,0.0,0.0,5,0.0,0.0,5,-0.15833333333333333,0.08411095515910982,5,-0.44317436966219514,0.051087970743809344,5,0.0,0.0,5
magnitude4,regime_marginal,observed,warehouse,all,cusum_minus_point,-0.6087966744507872,0.05431746877371139,5,-0.16666666666666663,0.11146320082829535,5,-0.6526725175053724,0.060868032942395144,5,-0.7996757100052561,0.041469197324819504,5,0.20532945736434108,0.039559041771638916,5,0.0875,0.04736434393495691,5,-0.10208333333333335,0.039938103151418346,5,0.0,0.0,5,-0.16666666666666663,0.11146320082829535,5,-0.2729166666666667,0.11491429475434677,5,0.0,0.0,5,0.95,0.050711089352658695,5,-7.655038759689923,2.727846562065746,5,0.0,0.0,5,0.0,0.0,5,-0.16666666666666663,0.11146320082829535,5,-0.6087966744507872,0.05431746877371139,5,0.0,0.0,5
magnitude4,regime_marginal,observed,warehouse,stable,cusum_minus_ewma,-0.44317436966219514,0.051087970743809344,5,-0.15833333333333333,0.08411095515910982,5,-0.40896009042176695,0.07263207916243601,5,-0.6554466175752867,0.037415717754062605,5,0.18100775193798452,0.032764621299959384,5,0.071875,0.035016117320774184,5,-0.07500000000000004,0.04256836821188031,5,0.0,0.0,5,-0.15833333333333333,0.08411095515910982,5,-0.2458333333333334,0.08481751244092618,5,0.0,0.0,5,0.5645833333333333,0.03159531435021486,5,-3.1007751937984493,2.33866635390449,5,0.0,0.0,5,0.0,0.0,5,-0.15833333333333333,0.08411095515910982,5,-0.44317436966219514,0.051087970743809344,5,0.0,0.0,5
magnitude4,regime_marginal,observed,warehouse,stable,cusum_minus_point,-0.6087966744507872,0.05431746877371139,5,-0.16666666666666663,0.11146320082829535,5,-0.6526725175053724,0.060868032942395144,5,-0.7996757100052561,0.041469197324819504,5,0.20532945736434108,0.039559041771638916,5,0.0875,0.04736434393495691,5,-0.10208333333333335,0.039938103151418346,5,0.0,0.0,5,-0.16666666666666663,0.11146320082829535,5,-0.2729166666666667,0.11491429475434677,5,0.0,0.0,5,0.95,0.050711089352658695,5,-7.655038759689923,2.727846562065746,5,0.0,0.0,5,0.0,0.0,5,-0.16666666666666663,0.11146320082829535,5,-0.6087966744507872,0.05431746877371139,5,0.0,0.0,5
steady_d12_n2_m1,regime_conditional,clean,all,all,cusum_minus_ewma,0.0,0.0,5,,,0,0.0,0.0,5,,,0,0.008179012345679013,0.010415809292562028,5,,,0,,,0,,,0,,,0,,,0,0.0,0.0,5,6.938893903907229e-19,0.011774878442925813,5,-2.1296296296296298,1.6163235768859459,5,0.0,0.0,5,0.0,0.0,5,,,0,0.0,0.0,5,,,0
steady_d12_n2_m1,regime_conditional,clean,all,all,cusum_minus_point,0.0,0.0,5,,,0,0.0,0.0,5,,,0,0.008858024691358024,0.013770327286606043,5,,,0,,,0,,,0,,,0,,,0,0.0,0.0,5,-0.0013888888888888885,0.013130326667492387,5,-6.7592592592592595,1.7404780468977388,5,0.0,0.0,5,0.0,0.0,5,,,0,0.0,0.0,5,,,0
steady_d12_n2_m1,regime_conditional,clean,all,stable,cusum_minus_ewma,0.0,0.0,5,,,0,0.0,0.0,5,,,0,0.008179012345679013,0.010415809292562028,5,,,0,,,0,,,0,,,0,,,0,0.0,0.0,5,6.938893903907229e-19,0.011774878442925813,5,-2.1296296296296298,1.6163235768859459,5,0.0,0.0,5,0.0,0.0,5,,,0,0.0,0.0,5,,,0
steady_d12_n2_m1,regime_conditional,clean,all,stable,cusum_minus_point,0.0,0.0,5,,,0,0.0,0.0,5,,,0,0.008858024691358024,0.013770327286606043,5,,,0,,,0,,,0,,,0,,,0,0.0,0.0,5,-0.0013888888888888885,0.013130326667492387,5,-6.7592592592592595,1.7404780468977388,5,0.0,0.0,5,0.0,0.0,5,,,0,0.0,0.0,5,,,0
steady_d12_n2_m1,regime_conditional,clean,transit_rough,all,cusum_minus_ewma,0.0,0.0,5,,,0,0.0,0.0,5,,,0,0.015092592592592593,0.021885958944094872,5,,,0,,,0,,,0,,,0,,,0,0.0,0.0,5,-0.00625,0.023980967569211118,5,-0.6481481481481485,2.9023014849365705,5,0.0,0.0,5,0.0,0.0,5,,,0,0.0,0.0,5,,,0
steady_d12_n2_m1,regime_conditional,clean,transit_rough,all,cusum_minus_point,0.0,0.0,5,,,0,0.0,0.0,5,,,0,0.015277777777777779,0.028832224222822573,5,,,0,,,0,,,0,,,0,,,0,0.0,0.0,5,-0.002083333333333333,0.032442523963327995,5,-4.907407407407407,4.362673699773979,5,0.0,0.0,5,0.0,0.0,5,,,0,0.0,0.0,5,,,0
steady_d12_n2_m1,regime_conditional,clean,transit_rough,stable,cusum_minus_ewma,0.0,0.0,5,,,0,0.0,0.0,5,,,0,0.015092592592592593,0.021885958944094872,5,,,0,,,0,,,0,,,0,,,0,0.0,0.0,5,-0.00625,0.023980967569211118,5,-0.6481481481481485,2.9023014849365705,5,0.0,0.0,5,0.0,0.0,5,,,0,0.0,0.0,5,,,0
steady_d12_n2_m1,regime_conditional,clean,transit_rough,stable,cusum_minus_point,0.0,0.0,5,,,0,0.0,0.0,5,,,0,0.015277777777777779,0.028832224222822573,5,,,0,,,0,,,0,,,0,,,0,0.0,0.0,5,-0.002083333333333333,0.032442523963327995,5,-4.907407407407407,4.362673699773979,5,0.0,0.0,5,0.0,0.0,5,,,0,0.0,0.0,5,,,0
steady_d12_n2_m1,regime_conditional,clean,transit_smooth,all,cusum_minus_ewma,0.0,0.0,5,,,0,0.0,0.0,5,,,0,0.0061111111111111106,0.00949017613496727,5,,,0,,,0,,,0,,,0,,,0,0.0,0.0,5,0.0125,0.03407380673707527,5,-3.2407407407407405,2.758420205512265,5,0.0,0.0,5,0.0,0.0,5,,,0,0.0,0.0,5,,,0
steady_d12_n2_m1,regime_conditional,clean,transit_smooth,all,cusum_minus_point,0.0,0.0,5,,,0,0.0,0.0,5,,,0,0.0075,0.01679286072912427,5,,,0,,,0,,,0,,,0,,,0,0.0,0.0,5,0.01666666666666667,0.031766563920785224,5,-6.203703703703704,3.654182826050206,5,0.0,0.0,5,0.0,0.0,5,,,0,0.0,0.0,5,,,0
steady_d12_n2_m1,regime_conditional,clean,transit_smooth,stable,cusum_minus_ewma,0.0,0.0,5,,,0,0.0,0.0,5,,,0,0.0061111111111111106,0.00949017613496727,5,,,0,,,0,,,0,,,0,,,0,0.0,0.0,5,0.0125,0.03407380673707527,5,-3.2407407407407405,2.758420205512265,5,0.0,0.0,5,0.0,0.0,5,,,0,0.0,0.0,5,,,0
steady_d12_n2_m1,regime_conditional,clean,transit_smooth,stable,cusum_minus_point,0.0,0.0,5,,,0,0.0,0.0,5,,,0,0.0075,0.01679286072912427,5,,,0,,,0,,,0,,,0,,,0,0.0,0.0,5,0.01666666666666667,0.031766563920785224,5,-6.203703703703704,3.654182826050206,5,0.0,0.0,5,0.0,0.0,5,,,0,0.0,0.0,5,,,0
steady_d12_n2_m1,regime_conditional,clean,warehouse,all,cusum_minus_ewma,0.0,0.0,5,,,0,0.0,0.0,5,,,0,0.003333333333333334,0.010735351457640648,5,,,0,,,0,,,0,,,0,,,0,0.0,0.0,5,-0.00625,0.013975424859373685,5,-2.4999999999999996,2.7893278391466794,5,0.0,0.0,5,0.0,0.0,5,,,0,0.0,0.0,5,,,0
steady_d12_n2_m1,regime_conditional,clean,warehouse,all,cusum_minus_point,0.0,0.0,5,,,0,0.0,0.0,5,,,0,0.0037962962962962963,0.016280900766444215,5,,,0,,,0,,,0,,,0,,,0,0.0,0.0,5,-0.01875,0.013581671677505519,5,-9.166666666666666,4.969039949999533,5,0.0,0.0,5,0.0,0.0,5,,,0,0.0,0.0,5,,,0
steady_d12_n2_m1,regime_conditional,clean,warehouse,stable,cusum_minus_ewma,0.0,0.0,5,,,0,0.0,0.0,5,,,0,0.003333333333333334,0.010735351457640648,5,,,0,,,0,,,0,,,0,,,0,0.0,0.0,5,-0.00625,0.013975424859373685,5,-2.4999999999999996,2.7893278391466794,5,0.0,0.0,5,0.0,0.0,5,,,0,0.0,0.0,5,,,0
steady_d12_n2_m1,regime_conditional,clean,warehouse,stable,cusum_minus_point,0.0,0.0,5,,,0,0.0,0.0,5,,,0,0.0037962962962962963,0.016280900766444215,5,,,0,,,0,,,0,,,0,,,0,0.0,0.0,5,-0.01875,0.013581671677505519,5,-9.166666666666666,4.969039949999533,5,0.0,0.0,5,0.0,0.0,5,,,0,0.0,0.0,5,,,0
steady_d12_n2_m1,regime_conditional,observed,all,all,cusum_minus_ewma,-0.14918144652648563,0.03440524548997829,5,-0.03958333333333332,0.05211804398919111,5,-0.24762552185896505,0.044414268048115844,5,-0.20287025946845483,0.036703190483318646,5,0.03827519379844961,0.012043299862727489,5,0.007638888888888888,0.02167011635643045,5,-0.01597222222222221,0.020919958793600073,5,0.0,0.0,5,-0.03958333333333332,0.05211804398919111,5,-0.04097222222222221,0.05302391435783632,5,0.0,0.0,5,0.3402777777777778,0.047163464261132396,5,-2.4224806201550386,1.6350498006554095,5,0.0,0.0,5,0.0,0.0,5,-0.03958333333333332,0.05211804398919111,5,-0.14918144652648563,0.03440524548997829,5,0.0,0.0,5
steady_d12_n2_m1,regime_conditional,observed,all,all,cusum_minus_point,0.10392539125456082,0.023377788298128296,5,0.21458333333333335,0.035273403053334165,5,-0.06084059887939872,0.026931599623029528,5,0.03227127165539549,0.027585428905718943,5,0.04573643410852714,0.014646339109732573,5,0.03263888888888889,0.02893113397565474,5,0.12638888888888888,0.06824484729339474,5,0.0,0.0,5,0.21458333333333335,0.035273403053334165,5,0.19791666666666669,0.010416666666666675,5,0.0,0.0,5,0.4354166666666667,0.06942708116265177,5,-6.201550387596899,1.3967537668242676,5,0.0,0.0,5,0.0,0.0,5,0.21458333333333335,0.035273403053334165,5,0.10392539125456082,0.023377788298128296,5,0.0,0.0,5
steady_d12_n2_m1,regime_conditional,observed,all,stable,cusum_minus_ewma,-0.14918144652648563,0.03440524548997829,5,-0.03958333333333332,0.05211804398919111,5,-0.24762552185896505,0.044414268048115844,5,-0.20287025946845483,0.036703190483318646,5,0.03827519379844961,0.012043299862727489,5,0.007638888888888888,0.02167011635643045,5,-0.01597222222222221,0.020919958793600073,5,0.0,0.0,5,-0.03958333333333332,0.05211804398919111,5,-0.04097222222222221,0.05302391435783632,5,0.0,0.0,5,0.3402777777777778,0.047163464261132396,5,-2.4224806201550386,1.6350498006554095,5,0.0,0.0,5,0.0,0.0,5,-0.03958333333333332,0.05211804398919111,5,-0.14918144652648563,0.03440524548997829,5,0.0,0.0,5
steady_d12_n2_m1,regime_conditional,observed,all,stable,cusum_minus_point,0.10392539125456082,0.023377788298128296,5,0.21458333333333335,0.035273403053334165,5,-0.06084059887939872,0.026931599623029528,5,0.03227127165539549,0.027585428905718943,5,0.04573643410852714,0.014646339109732573,5,0.03263888888888889,0.02893113397565474,5,0.12638888888888888,0.06824484729339474,5,0.0,0.0,5,0.21458333333333335,0.035273403053334165,5,0.19791666666666669,0.010416666666666675,5,0.0,0.0,5,0.4354166666666667,0.06942708116265177,5,-6.201550387596899,1.3967537668242676,5,0.0,0.0,5,0.0,0.0,5,0.21458333333333335,0.035273403053334165,5,0.10392539125456082,0.023377788298128296,5,0.0,0.0,5
steady_d12_n2_m1,regime_conditional,observed,transit_rough,all,cusum_minus_ewma,-0.1526582223584527,0.07959369582676658,5,-0.024999999999999988,0.07239395980789187,5,-0.2689598172353551,0.12591621242742776,5,-0.20557364623489058,0.10983797463466233,5,0.04922480620155038,0.02600665800793216,5,0.020833333333333336,0.025248332590710052,5,-0.00625,0.021600459743049718,5,0.0,0.0,5,-0.024999999999999988,0.07239395980789187,5,-0.03749999999999999,0.07049551798203595,5,0.0,0.0,5,0.36875,0.12138880943297684,5,-1.6472868217054262,1.6286566195708925,5,0.0,0.0,5,0.0,0.0,5,-0.024999999999999988,0.07239395980789187,5,-0.1526582223584527,0.07959369582676658,5,0.0,0.0,5
steady_d12_n2_m1,regime_conditional,observed,transit_rough,all,cusum_minus_point,0.10096423113706769,0.04682724652372932,5,0.2229166666666667,0.05342033918732535,5,-0.07685443010544418,0.06369733090268945,5,0.024385186845851038,0.05013296109893874,5,0.05736434108527132,0.034510955134237985,5,0.043750000000000004,0.06438140475151019,5,0.17291666666666666,0.08088861940965492,5,0.0,0.0,5,0.2229166666666667,0.05342033918732535,5,0.20416666666666666,0.05920113432659508,5,0.0,0.0,5,0.4708333333333333,0.11863115397923284,5,-4.844961240310077,3.1211479473655825,5,0.0,0.0,5,0.0,0.0,5,0.2229166666666667,0.05342033918732535,5,0.10096423113706769,0.04682724652372932,5,0.0,0.0,5
steady_d12_n2_m1,regime_conditional,observed,transit_rough,stable,cusum_minus_ewma,-0.1526582223584527,0.07959369582676658,5,-0.024999999999999988,0.07239395980789187,5,-0.2689598172353551,0.12591621242742776,5,-0.20557364623489058,0.10983797463466233,5,0.04922480620155038,0.02600665800793216,5,0.020833333333333336,0.025248332590710052,5,-0.00625,0.021600459743049718,5,0.0,0.0,5,-0.024999999999999988,0.07239395980789187,5,-0.03749999999999999,0.07049551798203595,5,0.0,0.0,5,0.36875,0.12138880943297684,5,-1.6472868217054262,1.6286566195708925,5,0.0,0.0,5,0.0,0.0,5,-0.024999999999999988,0.07239395980789187,5,-0.1526582223584527,0.07959369582676658,5,0.0,0.0,5
steady_d12_n2_m1,regime_conditional,observed,transit_rough,stable,cusum_minus_point,0.10096423113706769,0.04682724652372932,5,0.2229166666666667,0.05342033918732535,5,-0.07685443010544418,0.06369733090268945,5,0.024385186845851038,0.05013296109893874,5,0.05736434108527132,0.034510955134237985,5,0.043750000000000004,0.06438140475151019,5,0.17291666666666666,0.08088861940965492,5,0.0,0.0,5,0.2229166666666667,0.05342033918732535,5,0.20416666666666666,0.05920113432659508,5,0.0,0.0,5,0.4708333333333333,0.11863115397923284,5,-4.844961240310077,3.1211479473655825,5,0.0,0.0,5,0.0,0.0,5,0.2229166666666667,0.05342033918732535,5,0.10096423113706769,0.04682724652372932,5,0.0,0.0,5
steady_d12_n2_m1,regime_conditional,observed,transit_smooth,all,cusum_minus_ewma,-0.2057362218142349,0.058630200753031145,5,-0.11249999999999998,0.055804563483245306,5,-0.2914770656169249,0.06965127861775455,5,-0.24055237495519197,0.09741180071750322,5,0.037112403100775196,0.015753948562782314,5,0.002083333333333333,0.03466575269227862,5,-0.06458333333333333,0.05628856702544287,5,0.0,0.0,5,-0.11249999999999998,0.055804563483245306,5,-0.09791666666666665,0.07126096406869611,5,0.0,0.0,5,0.35,0.1329094825644715,5,-2.7131782945736433,2.33866635390449,5,0.0,0.0,5,0.0,0.0,5,-0.11249999999999998,0.055804563483245306,5,-0.2057362218142349,0.058630200753031145,5,0.0,0.0,5
steady_d12_n2_m1,regime_conditional,observed,transit_smooth,all,cusum_minus_point,0.09697030994490835,0.09528159157938348,5,0.19166666666666665,0.09843612212439541,5,-0.06667822128795879,0.1545738972488505,5,0.022949138803733136,0.0610756086201345,5,0.044379844961240304,0.018822534119976364,5,0.021875,0.03634655483826646,5,0.06250000000000001,0.10045469542700997,5,0.0,0.0,5,0.19166666666666665,0.09843612212439541,5,0.18541666666666665,0.10296178160959639,5,0.0,0.0,5,0.4708333333333334,0.15316396896427334,5,-4.941860465116279,4.885969858712678,5,0.0,0.0,5,0.0,0.0,5,0.19166666666666665,0.09843612212439541,5,0.09697030994490835,0.09528159157938348,5,0.0,0.0,5
steady_d12_n2_m1,regime_conditional,observed,transit_smooth,stable,cusum_minus_ewma,-0.2057362218142349,0.058630200753031145,5,-0.11249999999999998,0.055804563483245306,5,-0.2914770656169249,0.06965127861775455,5,-0.24055237495519197,0.09741180071750322,5,0.037112403100775196,0.015753948562782314,5,0.002083333333333333,0.03466575269227862,5,-0.06458333333333333,0.05628856702544287,5,0.0,0.0,5,-0.11249999999999998,0.055804563483245306,5,-0.09791666666666665,0.07126096406869611,5,0.0,0.0,5,0.35,0.1329094825644715,5,-2.7131782945736433,2.33866635390449,5,0.0,0.0,5,0.0,0.0,5,-0.11249999999999998,0.055804563483245306,5,-0.2057362218142349,0.058630200753031145,5,0.0,0.0,5
steady_d12_n2_m1,regime_conditional,observed,transit_smooth,stable,cusum_minus_point,0.09697030994490835,0.09528159157938348,5,0.19166666666666665,0.09843612212439541,5,-0.06667822128795879,0.1545738972488505,5,0.022949138803733136,0.0610756086201345,5,0.044379844961240304,0.018822534119976364,5,0.021875,0.03634655483826646,5,0.06250000000000001,0.10045469542700997,5,0.0,0.0,5,0.19166666666666665,0.09843612212439541,5,0.18541666666666665,0.10296178160959639,5,0.0,0.0,5,0.4708333333333334,0.15316396896427334,5,-4.941860465116279,4.885969858712678,5,0.0,0.0,5,0.0,0.0,5,0.19166666666666665,0.09843612212439541,5,0.09697030994490835,0.09528159157938348,5,0.0,0.0,5
steady_d12_n2_m1,regime_conditional,observed,warehouse,all,cusum_minus_ewma,-0.07811127627972203,0.08511477062250467,5,0.018749999999999982,0.04443901876604489,5,-0.16236616315613803,0.11176704882258907,5,-0.13094122589829751,0.11305501690584832,5,0.028488372093023257,0.022453141619729687,5,2.7755575615628915e-18,0.04629267925685202,5,0.022916666666666707,0.05676844413932798,5,0.0,0.0,5,0.018749999999999982,0.04443901876604489,5,0.012499999999999983,0.06645474128223575,5,0.0,0.0,5,0.30208333333333337,0.1507720294388555,5,-2.9069767441860463,2.083896624768078,5,0.0,0.0,5,0.0,0.0,5,0.018749999999999982,0.04443901876604489,5,-0.07811127627972203,0.08511477062250467,5,0.0,0.0,5
steady_d12_n2_m1,regime_conditional,observed,warehouse,all,cusum_minus_point,0.12591795588149973,0.0707010598872917,5,0.22916666666666666,0.11599509089229211,5,-0.009175744435156058,0.12780602257117726,5,0.0818280128160753,0.06681701413249258,5,0.03546511627906977,0.027572469671195657,5,0.03229166666666667,0.0493281687189649,5,0.14375,0.09415422115397222,5,0.0,0.0,5,0.22916666666666666,0.11599509089229211,5,0.20416666666666666,0.07746246851074252,5,0.0,0.0,5,0.36458333333333337,0.1853171549443458,5,-8.81782945736434,4.537222778466339,5,0.0,0.0,5,0.0,0.0,5,0.22916666666666666,0.11599509089229211,5,0.12591795588149973,0.0707010598872917,5,0.0,0.0,5
steady_d12_n2_m1,regime_conditional,observed,warehouse,stable,cusum_minus_ewma,-0.07811127627972203,0.08511477062250467,5,0.018749999999999982,0.04443901876604489,5,-0.16236616315613803,0.11176704882258907,5,-0.13094122589829751,0.11305501690584832,5,0.028488372093023257,0.022453141619729687,5,2.7755575615628915e-18,0.04629267925685202,5,0.022916666666666707,0.05676844413932798,5,0.0,0.0,5,0.018749999999999982,0.04443901876604489,5,0.012499999999999983,0.06645474128223575,5,0.0,0.0,5,0.30208333333333337,0.1507720294388555,5,-2.9069767441860463,2.083896624768078,5,0.0,0.0,5,0.0,0.0,5,0.018749999999999982,0.04443901876604489,5,-0.07811127627972203,0.08511477062250467,5,0.0,0.0,5
steady_d12_n2_m1,regime_conditional,observed,warehouse,stable,cusum_minus_point,0.12591795588149973,0.0707010598872917,5,0.22916666666666666,0.11599509089229211,5,-0.009175744435156058,0.12780602257117726,5,0.0818280128160753,0.06681701413249258,5,0.03546511627906977,0.027572469671195657,5,0.03229166666666667,0.0493281687189649,5,0.14375,0.09415422115397222,5,0.0,0.0,5,0.22916666666666666,0.11599509089229211,5,0.20416666666666666,0.07746246851074252,5,0.0,0.0,5,0.36458333333333337,0.1853171549443458,5,-8.81782945736434,4.537222778466339,5,0.0,0.0,5,0.0,0.0,5,0.22916666666666666,0.11599509089229211,5,0.12591795588149973,0.0707010598872917,5,0.0,0.0,5
steady_d12_n2_m1,regime_marginal,clean,all,all,cusum_minus_ewma,0.0,0.0,5,,,0,0.0,0.0,5,,,0,0.016358024691358025,0.020531362046034,5,,,0,,,0,,,0,,,0,,,0,0.0,0.0,5,0.00972222222222222,0.023854950051830096,5,-2.067901234567901,1.1681599301096026,5,0.0,0.0,5,0.0,0.0,5,,,0,0.0,0.0,5,,,0
steady_d12_n2_m1,regime_marginal,clean,all,all,cusum_minus_point,0.0,0.0,5,,,0,0.0,0.0,5,,,0,0.019135802469135803,0.021416728715222922,5,,,0,,,0,,,0,,,0,,,0,0.0,0.0,5,0.01111111111111111,0.022287231299835016,5,-7.253086419753086,1.915073093517107,5,0.0,0.0,5,0.0,0.0,5,,,0,0.0,0.0,5,,,0
steady_d12_n2_m1,regime_marginal,clean,all,stable,cusum_minus_ewma,0.0,0.0,5,,,0,0.0,0.0,5,,,0,0.016358024691358025,0.020531362046034,5,,,0,,,0,,,0,,,0,,,0,0.0,0.0,5,0.00972222222222222,0.023854950051830096,5,-2.067901234567901,1.1681599301096026,5,0.0,0.0,5,0.0,0.0,5,,,0,0.0,0.0,5,,,0
steady_d12_n2_m1,regime_marginal,clean,all,stable,cusum_minus_point,0.0,0.0,5,,,0,0.0,0.0,5,,,0,0.019135802469135803,0.021416728715222922,5,,,0,,,0,,,0,,,0,,,0,0.0,0.0,5,0.01111111111111111,0.022287231299835016,5,-7.253086419753086,1.915073093517107,5,0.0,0.0,5,0.0,0.0,5,,,0,0.0,0.0,5,,,0
steady_d12_n2_m1,regime_marginal,clean,transit_rough,all,cusum_minus_ewma,0.0,0.0,4,,,0,0.0,0.0,4,,,0,0.0006481481481481492,0.002711398234138209,5,,,0,,,0,,,0,,,0,,,0,0.0,0.0,5,-0.008333333333333333,0.01141088661469096,5,-3.333333333333333,2.72716231018947,5,0.0,0.0,5,0.0,0.0,5,,,0,0.0,0.0,4,,,0
steady_d12_n2_m1,regime_marginal,clean,transit_rough,all,cusum_minus_point,0.0,0.0,4,,,0,0.0,0.0,4,,,0,0.005648148148148148,0.009003409657431655,5,,,0,,,0,,,0,,,0,,,0,0.0,0.0,5,-0.010416666666666666,0.010416666666666666,5,-6.7592592592592595,0.7746852097537732,5,0.0,0.0,5,0.0,0.0,5,,,0,0.0,0.0,4,,,0
steady_d12_n2_m1,regime_marginal,clean,transit_rough,stable,cusum_minus_ewma,0.0,0.0,4,,,0,0.0,0.0,4,,,0,0.0006481481481481492,0.002711398234138209,5,,,0,,,0,,,0,,,0,,,0,0.0,0.0,5,-0.008333333333333333,0.01141088661469096,5,-3.333333333333333,2.72716231018947,5,0.0,0.0,5,0.0,0.0,5,,,0,0.0,0.0,4,,,0
steady_d12_n2_m1,regime_marginal,clean,transit_rough,stable,cusum_minus_point,0.0,0.0,4,,,0,0.0,0.0,4,,,0,0.005648148148148148,0.009003409657431655,5,,,0,,,0,,,0,,,0,,,0,0.0,0.0,5,-0.010416666666666666,0.010416666666666666,5,-6.7592592592592595,0.7746852097537732,5,0.0,0.0,5,0.0,0.0,5,,,0,0.0,0.0,4,,,0
steady_d12_n2_m1,regime_marginal,clean,transit_smooth,all,cusum_minus_ewma,0.0,0.0,4,,,0,0.0,0.0,4,,,0,0.03925925925925926,0.06969276589902063,5,,,0,,,0,,,0,,,0,,,0,0.0,0.0,5,0.029166666666666664,0.05818433351570392,5,0.2777777777777778,3.3159267739759226,5,0.0,0.0,5,0.0,0.0,5,,,0,0.0,0.0,4,,,0
steady_d12_n2_m1,regime_marginal,clean,transit_smooth,all,cusum_minus_point,0.0,0.0,5,,,0,0.0,0.0,5,,,0,0.0362962962962963,0.06968138590641072,5,,,0,,,0,,,0,,,0,,,0,0.0,0.0,5,0.035416666666666666,0.04919049563798997,5,-7.037037037037036,4.146039477266317,5,0.0,0.0,5,0.0,0.0,5,,,0,0.0,0.0,5,,,0
steady_d12_n2_m1,regime_marginal,clean,transit_smooth,stable,cusum_minus_ewma,0.0,0.0,4,,,0,0.0,0.0,4,,,0,0.03925925925925926,0.06969276589902063,5,,,0,,,0,,,0,,,0,,,0,0.0,0.0,5,0.029166666666666664,0.05818433351570392,5,0.2777777777777778,3.3159267739759226,5,0.0,0.0,5,0.0,0.0,5,,,0,0.0,0.0,4,,,0
steady_d12_n2_m1,regime_marginal,clean,transit_smooth,stable,cusum_minus_point,0.0,0.0,5,,,0,0.0,0.0,5,,,0,0.0362962962962963,0.06968138590641072,5,,,0,,,0,,,0,,,0,,,0,0.0,0.0,5,0.035416666666666666,0.04919049563798997,5,-7.037037037037036,4.146039477266317,5,0.0,0.0,5,0.0,0.0,5,,,0,0.0,0.0,5,,,0
steady_d12_n2_m1,regime_marginal,clean,warehouse,all,cusum_minus_ewma,0.0,0.0,5,,,0,0.0,0.0,5,,,0,0.009166666666666667,0.016062212939047783,5,,,0,,,0,,,0,,,0,,,0,0.0,0.0,5,0.008333333333333335,0.06002025121203306,5,-3.148148148148148,2.1566323516392805,5,0.0,0.0,5,0.0,0.0,5,,,0,0.0,0.0,5,,,0
steady_d12_n2_m1,regime_marginal,clean,warehouse,all,cusum_minus_point,0.0,0.0,5,,,0,0.0,0.0,5,,,0,0.015462962962962961,0.020945173056062878,5,,,0,,,0,,,0,,,0,,,0,0.0,0.0,5,0.008333333333333335,0.06726618454567893,5,-7.962962962962962,3.636543867899162,5,0.0,0.0,5,0.0,0.0,5,,,0,0.0,0.0,5,,,0
steady_d12_n2_m1,regime_marginal,clean,warehouse,stable,cusum_minus_ewma,0.0,0.0,5,,,0,0.0,0.0,5,,,0,0.009166666666666667,0.016062212939047783,5,,,0,,,0,,,0,,,0,,,0,0.0,0.0,5,0.008333333333333335,0.06002025121203306,5,-3.148148148148148,2.1566323516392805,5,0.0,0.0,5,0.0,0.0,5,,,0,0.0,0.0,5,,,0
steady_d12_n2_m1,regime_marginal,clean,warehouse,stable,cusum_minus_point,0.0,0.0,5,,,0,0.0,0.0,5,,,0,0.015462962962962961,0.020945173056062878,5,,,0,,,0,,,0,,,0,,,0,0.0,0.0,5,0.008333333333333335,0.06726618454567893,5,-7.962962962962962,3.636543867899162,5,0.0,0.0,5,0.0,0.0,5,,,0,0.0,0.0,5,,,0
steady_d12_n2_m1,regime_marginal,observed,all,all,cusum_minus_ewma,-0.10190594317767274,0.03378042567598069,5,-0.05138888888888889,0.020156840657916644,5,-0.21791323500325904,0.07960588528498061,5,-0.090433520776415,0.04156940649814505,5,0.03152454780361757,0.01587475618104828,5,0.01111111111111111,0.02688450879729077,5,-0.04930555555555556,0.04718902019054021,5,0.0,0.0,5,-0.05138888888888889,0.020156840657916644,5,-0.05138888888888889,0.030998214056480056,5,0.0,0.0,5,0.08958333333333332,0.04838738197679124,5,-1.8410852713178294,1.3444221827046132,5,0.0,0.0,5,0.0,0.0,5,-0.05138888888888889,0.020156840657916644,5,-0.10190594317767274,0.03378042567598069,5,0.0,0.0,5
steady_d12_n2_m1,regime_marginal,observed,all,all,cusum_minus_point,-0.02795295925511885,0.02311674526281313,5,0.011805555555555555,0.02388020675562417,5,-0.16258063335596623,0.05415247794221297,5,-0.03698907627047725,0.010563384760884982,5,0.03646640826873385,0.01817466881284158,5,0.015625,0.026670644957877108,5,0.06180555555555558,0.05210647633973352,5,0.0,0.0,5,0.011805555555555555,0.02388020675562417,5,0.005555555555555557,0.038711774256024255,5,0.0,0.0,5,0.13541666666666669,0.07595362102162277,5,-6.976744186046512,1.9190504880507682,5,0.0,0.0,5,0.0,0.0,5,0.011805555555555555,0.02388020675562417,5,-0.02795295925511885,0.02311674526281313,5,0.0,0.0,5
steady_d12_n2_m1,regime_marginal,observed,all,stable,cusum_minus_ewma,-0.10190594317767274,0.03378042567598069,5,-0.05138888888888889,0.020156840657916644,5,-0.21791323500325904,0.07960588528498061,5,-0.090433520776415,0.04156940649814505,5,0.03152454780361757,0.01587475618104828,5,0.01111111111111111,0.02688450879729077,5,-0.04930555555555556,0.04718902019054021,5,0.0,0.0,5,-0.05138888888888889,0.020156840657916644,5,-0.05138888888888889,0.030998214056480056,5,0.0,0.0,5,0.08958333333333332,0.04838738197679124,5,-1.8410852713178294,1.3444221827046132,5,0.0,0.0,5,0.0,0.0,5,-0.05138888888888889,0.020156840657916644,5,-0.10190594317767274,0.03378042567598069,5,0.0,0.0,5
steady_d12_n2_m1,regime_marginal,observed,all,stable,cusum_minus_point,-0.02795295925511885,0.02311674526281313,5,0.011805555555555555,0.02388020675562417,5,-0.16258063335596623,0.05415247794221297,5,-0.03698907627047725,0.010563384760884982,5,0.03646640826873385,0.01817466881284158,5,0.015625,0.026670644957877108,5,0.06180555555555558,0.05210647633973352,5,0.0,0.0,5,0.011805555555555555,0.02388020675562417,5,0.005555555555555557,0.038711774256024255,5,0.0,0.0,5,0.13541666666666669,0.07595362102162277,5,-6.976744186046512,1.9190504880507682,5,0.0,0.0,5,0.0,0.0,5,0.011805555555555555,0.02388020675562417,5,-0.02795295925511885,0.02311674526281313,5,0.0,0.0,5
steady_d12_n2_m1,regime_marginal,observed,transit_rough,all,cusum_minus_ewma,-0.07768913507470333,0.07123214310881314,5,-0.03958333333333333,0.07118478984695785,5,-0.15943197550733257,0.13511618209271545,5,-0.11924605474224681,0.13546452847130858,5,0.008914728682170543,0.01184095046802827,5,-0.003125,0.007898828587553699,5,-0.05833333333333333,0.09620624907515679,5,0.0,0.0,5,-0.03958333333333333,0.07118478984695785,5,-0.03333333333333333,0.0780902700582971,5,0.0,0.0,5,0.06041666666666666,0.1088529206467761,5,-3.391472868217054,3.195471404620378,5,0.0,0.0,5,0.0,0.0,5,-0.03958333333333333,0.07118478984695785,5,-0.07768913507470333,0.07123214310881314,5,0.0,0.0,5
steady_d12_n2_m1,regime_marginal,observed,transit_rough,all,cusum_minus_point,-0.031142200497176774,0.09101573594064534,5,0.004166666666666661,0.10840342283956411,5,-0.08890036620416977,0.20209562233862702,5,-0.0174632460957839,0.03250267168833987,5,0.017248062015503874,0.015581654467743993,5,-0.007291666666666666,0.008715208609729954,5,0.09375,0.11899645477912359,5,0.0,0.0,5,0.004166666666666661,0.10840342283956411,5,0.006249999999999996,0.1071449239218649,5,0.0,0.0,5,0.12291666666666667,0.1693148981106572,5,-6.879844961240309,0.931946902212759,5,0.0,0.0,5,0.0,0.0,5,0.004166666666666661,0.10840342283956411,5,-0.031142200497176774,0.09101573594064534,5,0.0,0.0,5
steady_d12_n2_m1,regime_marginal,observed,transit_rough,stable,cusum_minus_ewma,-0.07768913507470333,0.07123214310881314,5,-0.03958333333333333,0.07118478984695785,5,-0.15943197550733257,0.13511618209271545,5,-0.11924605474224681,0.13546452847130858,5,0.008914728682170543,0.01184095046802827,5,-0.003125,0.007898828587553699,5,-0.05833333333333333,0.09620624907515679,5,0.0,0.0,5,-0.03958333333333333,0.07118478984695785,5,-0.03333333333333333,0.0780902700582971,5,0.0,0.0,5,0.06041666666666666,0.1088529206467761,5,-3.391472868217054,3.195471404620378,5,0.0,0.0,5,0.0,0.0,5,-0.03958333333333333,0.07118478984695785,5,-0.07768913507470333,0.07123214310881314,5,0.0,0.0,5
steady_d12_n2_m1,regime_marginal,observed,transit_rough,stable,cusum_minus_point,-0.031142200497176774,0.09101573594064534,5,0.004166666666666661,0.10840342283956411,5,-0.08890036620416977,0.20209562233862702,5,-0.0174632460957839,0.03250267168833987,5,0.017248062015503874,0.015581654467743993,5,-0.007291666666666666,0.008715208609729954,5,0.09375,0.11899645477912359,5,0.0,0.0,5,0.004166666666666661,0.10840342283956411,5,0.006249999999999996,0.1071449239218649,5,0.0,0.0,5,0.12291666666666667,0.1693148981106572,5,-6.879844961240309,0.931946902212759,5,0.0,0.0,5,0.0,0.0,5,0.004166666666666661,0.10840342283956411,5,-0.031142200497176774,0.09101573594064534,5,0.0,0.0,5
steady_d12_n2_m1,regime_marginal,observed,transit_smooth,all,cusum_minus_ewma,-0.14482340764704354,0.09706469331715158,5,-0.0625,0.10622957319984969,5,-0.4435766923266953,0.27021529380552545,5,-0.15431981610628184,0.10115682782468768,5,0.05494186046511629,0.06648956922884225,5,0.03645833333333333,0.07610228748022113,5,-0.05625000000000001,0.12094104394749992,5,0.0,0.0,5,-0.0625,0.10622957319984969,5,-0.08125,0.08182223702773117,5,0.0,0.0,5,0.10625,0.15544933749546114,5,0.0,3.1211479473655825,5,0.0,0.0,5,0.0,0.0,5,-0.0625,0.10622957319984969,5,-0.14482340764704354,0.09706469331715158,5,0.0,0.0,5
steady_d12_n2_m1,regime_marginal,observed,transit_smooth,all,cusum_minus_point,-0.049153324703215984,0.1477945968907757,5,0.010416666666666663,0.1358167167750552,5,-0.20384168371296812,0.21487995665193166,5,-0.062134561189666836,0.05632214159151181,5,0.05348837209302325,0.06852375146219197,5,0.03854166666666667,0.07278634186782572,5,0.027083333333333327,0.06854451615150878,5,0.0,0.0,5,0.010416666666666663,0.1358167167750552,5,-0.010416666666666663,0.13621559198564603,5,0.0,0.0,5,0.14375,0.16899416492227706,5,-7.073643410852713,4.162157285836149,5,0.0,0.0,5,0.0,0.0,5,0.010416666666666663,0.1358167167750552,5,-0.049153324703215984,0.1477945968907757,5,0.0,0.0,5
steady_d12_n2_m1,regime_marginal,observed,transit_smooth,stable,cusum_minus_ewma,-0.14482340764704354,0.09706469331715158,5,-0.0625,0.10622957319984969,5,-0.4435766923266953,0.27021529380552545,5,-0.15431981610628184,0.10115682782468768,5,0.05494186046511629,0.06648956922884225,5,0.03645833333333333,0.07610228748022113,5,-0.05625000000000001,0.12094104394749992,5,0.0,0.0,5,-0.0625,0.10622957319984969,5,-0.08125,0.08182223702773117,5,0.0,0.0,5,0.10625,0.15544933749546114,5,0.0,3.1211479473655825,5,0.0,0.0,5,0.0,0.0,5,-0.0625,0.10622957319984969,5,-0.14482340764704354,0.09706469331715158,5,0.0,0.0,5
steady_d12_n2_m1,regime_marginal,observed,transit_smooth,stable,cusum_minus_point,-0.049153324703215984,0.1477945968907757,5,0.010416666666666663,0.1358167167750552,5,-0.20384168371296812,0.21487995665193166,5,-0.062134561189666836,0.05632214159151181,5,0.05348837209302325,0.06852375146219197,5,0.03854166666666667,0.07278634186782572,5,0.027083333333333327,0.06854451615150878,5,0.0,0.0,5,0.010416666666666663,0.1358167167750552,5,-0.010416666666666663,0.13621559198564603,5,0.0,0.0,5,0.14375,0.16899416492227706,5,-7.073643410852713,4.162157285836149,5,0.0,0.0,5,0.0,0.0,5,0.010416666666666663,0.1358167167750552,5,-0.049153324703215984,0.1477945968907757,5,0.0,0.0,5
steady_d12_n2_m1,regime_marginal,observed,warehouse,all,cusum_minus_ewma,-0.10579802586479063,0.041427516829859394,5,-0.052083333333333336,0.03210632293213008,5,-0.21801424561306687,0.1393054937100578,5,-0.08371448875532753,0.08137473825150905,5,0.030717054263565892,0.026438576596177505,5,-1.3877787807814458e-18,0.03146626555623586,5,-0.03333333333333331,0.05382504451151591,5,0.0,0.0,5,-0.052083333333333336,0.03210632293213008,5,-0.03958333333333334,0.04256836821188031,5,0.0,0.0,5,0.10208333333333335,0.08696513110309083,5,-2.131782945736434,2.33866635390449,5,0.0,0.0,5,0.0,0.0,5,-0.052083333333333336,0.03210632293213008,5,-0.10579802586479063,0.041427516829859394,5,0.0,0.0,5
steady_d12_n2_m1,regime_marginal,observed,warehouse,all,cusum_minus_point,-0.026730148927139992,0.06924925550337913,5,0.020833333333333336,0.08135676745736099,5,-0.12896647650486265,0.08703191832323214,5,-0.020602572866846768,0.01855741809308853,5,0.038662790697674414,0.0319150214732386,5,0.015624999999999997,0.04555431167847891,5,0.06458333333333334,0.04852422791188381,5,0.0,0.0,5,0.020833333333333336,0.08135676745736099,5,0.020833333333333332,0.08135676745736098,5,0.0,0.0,5,0.13958333333333334,0.11305802959345947,5,-6.976744186046512,3.1136180257867503,5,0.0,0.0,5,0.0,0.0,5,0.020833333333333336,0.08135676745736099,5,-0.026730148927139992,0.06924925550337913,5,0.0,0.0,5
steady_d12_n2_m1,regime_marginal,observed,warehouse,stable,cusum_minus_ewma,-0.10579802586479063,0.041427516829859394,5,-0.052083333333333336,0.03210632293213008,5,-0.21801424561306687,0.1393054937100578,5,-0.08371448875532753,0.08137473825150905,5,0.030717054263565892,0.026438576596177505,5,-1.3877787807814458e-18,0.03146626555623586,5,-0.03333333333333331,0.05382504451151591,5,0.0,0.0,5,-0.052083333333333336,0.03210632293213008,5,-0.03958333333333334,0.04256836821188031,5,0.0,0.0,5,0.10208333333333335,0.08696513110309083,5,-2.131782945736434,2.33866635390449,5,0.0,0.0,5,0.0,0.0,5,-0.052083333333333336,0.03210632293213008,5,-0.10579802586479063,0.041427516829859394,5,0.0,0.0,5
steady_d12_n2_m1,regime_marginal,observed,warehouse,stable,cusum_minus_point,-0.026730148927139992,0.06924925550337913,5,0.020833333333333336,0.08135676745736099,5,-0.12896647650486265,0.08703191832323214,5,-0.020602572866846768,0.01855741809308853,5,0.038662790697674414,0.0319150214732386,5,0.015624999999999997,0.04555431167847891,5,0.06458333333333334,0.04852422791188381,5,0.0,0.0,5,0.020833333333333336,0.08135676745736099,5,0.020833333333333332,0.08135676745736098,5,0.0,0.0,5,0.13958333333333334,0.11305802959345947,5,-6.976744186046512,3.1136180257867503,5,0.0,0.0,5,0.0,0.0,5,0.020833333333333336,0.08135676745736099,5,-0.026730148927139992,0.06924925550337913,5,0.0,0.0,5
switch_after6,regime_conditional,clean,all,all,cusum_minus_ewma,0.0,0.0,5,,,0,0.0,0.0,5,,,0,0.0015740740740740743,0.006959346151534753,5,,,0,,,0,,,0,,,0,,,0,0.0,0.0,5,-0.0034722222222222225,0.010123180372995314,5,-3.45679012345679,1.6890923817916206,5,0.0,0.0,5,0.0,0.0,5,,,0,0.0,0.0,5,,,0
switch_after6,regime_conditional,clean,all,all,cusum_minus_point,0.0,0.0,5,,,0,0.0,0.0,5,,,0,0.0025,0.008798597273232137,5,,,0,,,0,,,0,,,0,,,0,0.0,0.0,5,-0.0020833333333333333,0.010869774890623978,5,-7.932098765432099,1.727430286290829,5,0.0,0.0,5,0.0,0.0,5,,,0,0.0,0.0,5,,,0
switch_after6,regime_conditional,clean,all,stable,cusum_minus_ewma,0.0,0.0,5,,,0,0.0,0.0,5,,,0,0.0024928774928774937,0.007473331115182804,5,,,0,,,0,,,0,,,0,,,0,0.0,0.0,5,-0.0034722222222222225,0.010123180372995314,5,-3.4544159544159547,1.6397242782366581,5,0.0,0.0,5,0.0,0.0,5,,,0,0.0,0.0,5,,,0
switch_after6,regime_conditional,clean,all,stable,cusum_minus_point,0.0,0.0,5,,,0,0.0,0.0,5,,,0,0.004131054131054132,0.00980266983521569,5,,,0,,,0,,,0,,,0,,,0,0.0,0.0,5,-0.0020833333333333333,0.010869774890623978,5,-7.6566951566951555,2.095548841869626,5,0.0,0.0,5,0.0,0.0,5,,,0,0.0,0.0,5,,,0
switch_after6,regime_conditional,clean,all,transition,cusum_minus_ewma,0.0,0.0,5,,,0,0.0,0.0,5,,,0,-0.004398148148148148,0.004658474953124562,5,,,0,,,0,,,0,,,0,,,0,0.0,0.0,5,,,0,-3.4722222222222223,2.9508214777736024,5,0.0,0.0,5,0.0,0.0,5,,,0,0.0,0.0,5,,,0
switch_after6,regime_conditional,clean,all,transition,cusum_minus_point,0.0,0.0,5,,,0,0.0,0.0,5,,,0,-0.008101851851851851,0.00497819749250152,5,,,0,,,0,,,0,,,0,,,0,0.0,0.0,5,,,0,-9.722222222222223,3.334458400668503,5,0.0,0.0,5,0.0,0.0,5,,,0,0.0,0.0,5,,,0
switch_after6,regime_conditional,clean,transit_rough,all,cusum_minus_ewma,0.0,0.0,5,,,0,0.0,0.0,5,,,0,0.0012037037037037044,0.006925901168503979,5,,,0,,,0,,,0,,,0,,,0,0.0,0.0,5,0.002083333333333333,0.018633899812498248,5,-3.0555555555555554,2.6514483450511763,5,0.0,0.0,5,0.0,0.0,5,,,0,0.0,0.0,5,,,0
switch_after6,regime_conditional,clean,transit_rough,all,cusum_minus_point,0.0,0.0,5,,,0,0.0,0.0,5,,,0,0.0021296296296296298,0.009280069207679117,5,,,0,,,0,,,0,,,0,,,0,0.0,0.0,5,0.0125,0.02486945080481942,5,-7.222222222222223,3.6688171770664724,5,0.0,0.0,5,0.0,0.0,5,,,0,0.0,0.0,5,,,0
switch_after6,regime_conditional,clean,transit_rough,stable,cusum_minus_ewma,0.0,0.0,5,,,0,0.0,0.0,5,,,0,0.002243589743589744,0.007434623257567011,5,,,0,,,0,,,0,,,0,,,0,0.0,0.0,5,0.002083333333333333,0.018633899812498248,5,-2.7777777777777777,2.911202263555281,5,0.0,0.0,5,0.0,0.0,5,,,0,0.0,0.0,5,,,0
switch_after6,regime_conditional,clean,transit_rough,stable,cusum_minus_point,0.0,0.0,5,,,0,0.0,0.0,5,,,0,0.0038461538461538464,0.009888973379807335,5,,,0,,,0,,,0,,,0,,,0,0.0,0.0,5,0.0125,0.02486945080481942,5,-6.410256410256411,3.2273092878190632,5,0.0,0.0,5,0.0,0.0,5,,,0,0.0,0.0,5,,,0
switch_after6,regime_conditional,clean,transit_rough,transition,cusum_minus_ewma,0.0,0.0,2,,,0,0.0,0.0,2,,,0,-0.005555555555555556,0.00836221845749465,5,,,0,,,0,,,0,,,0,,,0,0.0,0.0,5,,,0,-4.861111111111112,5.810139073153303,5,0.0,0.0,5,0.0,0.0,5,,,0,0.0,0.0,2,,,0
switch_after6,regime_conditional,clean,transit_rough,transition,cusum_minus_point,0.0,0.0,2,,,0,0.0,0.0,2,,,0,-0.009027777777777777,0.011143615649917508,5,,,0,,,0,,,0,,,0,,,0,0.0,0.0,5,,,0,-12.5,6.768607183895114,5,0.0,0.0,5,0.0,0.0,5,,,0,0.0,0.0,2,,,0
switch_after6,regime_conditional,clean,transit_smooth,all,cusum_minus_ewma,0.0,0.0,5,,,0,0.0,0.0,5,,,0,0.0032407407407407406,0.010773218776129719,5,,,0,,,0,,,0,,,0,,,0,0.0,0.0,5,0.0,0.0,5,-3.425925925925926,3.4583054438857594,5,0.0,0.0,5,0.0,0.0,5,,,0,0.0,0.0,5,,,0
switch_after6,regime_conditional,clean,transit_smooth,all,cusum_minus_point,0.0,0.0,5,,,0,0.0,0.0,5,,,0,0.004814814814814815,0.02028760543179945,5,,,0,,,0,,,0,,,0,,,0,0.0,0.0,5,-0.010416666666666666,0.010416666666666666,5,-7.407407407407407,3.9959899309333493,5,0.0,0.0,5,0.0,0.0,5,,,0,0.0,0.0,5,,,0
switch_after6,regime_conditional,clean,transit_smooth,stable,cusum_minus_ewma,0.0,0.0,5,,,0,0.0,0.0,5,,,0,0.00373931623931624,0.01264683824973474,5,,,0,,,0,,,0,,,0,,,0,0.0,0.0,5,0.0,0.0,5,-3.846153846153846,3.428804815359233,5,0.0,0.0,5,0.0,0.0,5,,,0,0.0,0.0,5,,,0
switch_after6,regime_conditional,clean,transit_smooth,stable,cusum_minus_point,0.0,0.0,5,,,0,0.0,0.0,5,,,0,0.007051282051282051,0.022383052335425365,5,,,0,,,0,,,0,,,0,,,0,0.0,0.0,5,-0.010416666666666666,0.010416666666666666,5,-6.944444444444445,2.998122906068864,5,0.0,0.0,5,0.0,0.0,5,,,0,0.0,0.0,5,,,0
switch_after6,regime_conditional,clean,transit_smooth,transition,cusum_minus_ewma,0.0,,1,,,0,0.0,,1,,,0,0.0,0.004910463758239913,5,,,0,,,0,,,0,,,0,,,0,0.0,0.0,5,,,0,-0.6944444444444444,3.8036288715636535,5,0.0,0.0,5,0.0,0.0,5,,,0,0.0,,1,,,0
switch_after6,regime_conditional,clean,transit_smooth,transition,cusum_minus_point,0.0,,1,,,0,0.0,,1,,,0,-0.009722222222222222,0.012127950830953459,5,,,0,,,0,,,0,,,0,,,0,0.0,0.0,5,,,0,-10.416666666666666,10.98013076447354,5,0.0,0.0,5,0.0,0.0,5,,,0,0.0,,1,,,0
switch_after6,regime_conditional,clean,warehouse,all,cusum_minus_ewma,0.0,0.0,5,,,0,0.0,0.0,5,,,0,0.00027777777777777816,0.010198854463767677,5,,,0,,,0,,,0,,,0,,,0,0.0,0.0,5,-0.0125,0.022582795196540415,5,-3.8888888888888884,2.8837799078513773,5,0.0,0.0,5,0.0,0.0,5,,,0,0.0,0.0,5,,,0
switch_after6,regime_conditional,clean,warehouse,all,cusum_minus_point,0.0,0.0,5,,,0,0.0,0.0,5,,,0,0.0005555555555555557,0.012003157449259536,5,,,0,,,0,,,0,,,0,,,0,0.0,0.0,5,-0.008333333333333333,0.008715208609729954,5,-9.166666666666666,4.310779387772141,5,0.0,0.0,5,0.0,0.0,5,,,0,0.0,0.0,5,,,0
switch_after6,regime_conditional,clean,warehouse,stable,cusum_minus_ewma,0.0,0.0,5,,,0,0.0,0.0,5,,,0,0.0014957264957264952,0.010545310177155192,5,,,0,,,0,,,0,,,0,,,0,0.0,0.0,5,-0.0125,0.022582795196540415,5,-3.7393162393162394,2.7499012128704594,5,0.0,0.0,5,0.0,0.0,5,,,0,0.0,0.0,5,,,0
switch_after6,regime_conditional,clean,warehouse,stable,cusum_minus_point,0.0,0.0,5,,,0,0.0,0.0,5,,,0,0.0014957264957264952,0.014528539716255024,5,,,0,,,0,,,0,,,0,,,0,0.0,0.0,5,-0.008333333333333333,0.008715208609729954,5,-9.615384615384617,5.577086810315465,5,0.0,0.0,5,0.0,0.0,5,,,0,0.0,0.0,5,,,0
switch_after6,regime_conditional,clean,warehouse,transition,cusum_minus_ewma,0.0,0.0,2,,,0,0.0,0.0,2,,,0,-0.007638888888888888,0.010814174654442666,5,,,0,,,0,,,0,,,0,,,0,0.0,0.0,5,,,0,-4.861111111111112,5.265885725035799,5,0.0,0.0,5,0.0,0.0,5,,,0,0.0,0.0,2,,,0
switch_after6,regime_conditional,clean,warehouse,transition,cusum_minus_point,0.0,0.0,2,,,0,0.0,0.0,2,,,0,-0.005555555555555555,0.007607257743127307,5,,,0,,,0,,,0,,,0,,,0,0.0,0.0,5,,,0,-6.25,4.52722389250184,5,0.0,0.0,5,0.0,0.0,5,,,0,0.0,0.0,2,,,0
switch_after6,regime_conditional,observed,all,all,cusum_minus_ewma,-0.14582050366424815,0.04355682630938282,5,-0.04722222222222222,0.049932438922909855,5,-0.23139819935168665,0.05146180238550378,5,-0.225405146610052,0.047467967246099856,5,0.03194444444444445,0.00880234629909749,5,-0.014236111111111113,0.0043228818048572,5,0.0006944444444444864,0.026375179187267977,5,0.0,0.0,5,-0.04722222222222222,0.049932438922909855,5,-0.025694444444444443,0.047709900103660184,5,0.0,0.0,5,0.3479166666666667,0.08247532833490642,5,-3.1976744186046515,1.4372477688169891,5,0.0,0.0,5,0.0,0.0,5,-0.04722222222222222,0.049932438922909855,5,-0.14582050366424815,0.04355682630938282,5,0.0,0.0,5
switch_after6,regime_conditional,observed,all,all,cusum_minus_point,0.13955724305453232,0.05145644326219235,5,0.24375,0.03750964382168445,5,-0.014761125874460834,0.07930049397281211,5,0.05215446736593175,0.05532258647955898,5,0.03953488372093024,0.012283672841314505,5,0.00625,0.008645763609714398,5,0.13541666666666669,0.022636119462509176,5,0.0,0.0,5,0.24375,0.03750964382168445,5,0.24027777777777776,0.04304715419824986,5,0.0,0.0,5,0.44722222222222224,0.09526173131800464,5,-6.944444444444445,1.9513963135650154,5,0.0,0.0,5,0.0,0.0,5,0.24375,0.03750964382168445,5,0.13955724305453232,0.05145644326219235,5,0.0,0.0,5
switch_after6,regime_conditional,observed,all,stable,cusum_minus_ewma,-0.18466642830821942,0.05853465658105893,5,-0.029166666666666664,0.08251917098618307,5,-0.20957057973850618,0.058003020631345124,5,-0.2952476321838714,0.07212797271270859,5,0.036951754385964916,0.009780376680582901,5,-0.01666666666666667,0.005150137838260877,5,-0.033333333333333326,0.03121139590867254,5,0.0,0.0,5,-0.029166666666666664,0.08251917098618307,5,0.004166666666666663,0.08681944333351106,5,0.0,0.0,5,0.3479166666666667,0.08247532833490642,5,-3.070175438596491,1.590017305128378,5,0.0,0.0,5,0.0,0.0,5,-0.029166666666666664,0.08251917098618307,5,-0.18466642830821942,0.05853465658105893,5,0.0,0.0,5
switch_after6,regime_conditional,observed,all,stable,cusum_minus_point,0.16005231511003742,0.06401096041613553,5,0.42777777777777776,0.06832429931249358,5,0.029339388768777036,0.07284727906988243,5,0.11583744198672821,0.0802898790313596,5,0.04601608187134503,0.013258025438764774,5,0.017361111111111112,0.010123180372995316,5,0.22222222222222224,0.042525863589985745,5,0.0,0.0,5,0.42777777777777776,0.06832429931249358,5,0.4125,0.07276770498572073,5,0.0,0.0,5,0.44722222222222224,0.09526173131800464,5,-6.359649122807018,1.9443619997471326,5,0.0,0.0,5,0.0,0.0,5,0.42777777777777776,0.06832429931249358,5,0.16005231511003742,0.06401096041613553,5,0.0,0.0,5
switch_after6,regime_conditional,observed,all,transition,cusum_minus_ewma,-0.08218636427227655,0.02671540235586648,5,-0.06527777777777777,0.024845199749997667,5,0.0628901615982361,0.05026687182876487,5,-0.00676209341267856,0.02484682276594885,5,-0.006111111111111111,0.0038789555677135944,5,-0.011805555555555555,0.007993655856403709,5,0.03472222222222221,0.03437324630767938,5,0.0,0.0,5,-0.06527777777777777,0.024845199749997667,5,-0.055555555555555546,0.016286165832720245,5,0.0,0.0,5,,,0,-4.166666666666667,2.1960261528947074,5,0.0,0.0,5,0.0,0.0,5,-0.06527777777777777,0.024845199749997667,5,-0.08218636427227655,0.02671540235586648,5,0.0,0.0,5
switch_after6,regime_conditional,observed,all,transition,cusum_minus_point,0.10057067195530359,0.0413681381509267,5,0.05972222222222223,0.02579746614028709,5,0.2956078843695036,0.17380635333779368,5,0.1638018795238209,0.0564286246622321,5,-0.00972222222222222,0.007795119555779044,5,-0.004861111111111112,0.015644278230651124,5,0.04861111111111114,0.02946278254943952,5,0.0,0.0,5,0.05972222222222223,0.02579746614028709,5,0.06805555555555556,0.02707442873558046,5,0.0,0.0,5,,,0,-11.38888888888889,5.503225765599708,5,0.0,0.0,5,0.0,0.0,5,0.05972222222222223,0.02579746614028709,5,0.10057067195530359,0.0413681381509267,5,0.0,0.0,5
switch_after6,regime_conditional,observed,transit_rough,all,cusum_minus_ewma,-0.12475140568342083,0.054495931603056824,5,-0.004166666666666663,0.07387759677707145,5,-0.219173748252729,0.040894395452839336,5,-0.21856228946472936,0.08929581427949886,5,0.03585271317829457,0.011931792980644137,5,-0.01666666666666667,0.014452538464074594,5,0.0375,0.059201134326595094,5,0.0,0.0,5,-0.004166666666666663,0.07387759677707145,5,0.018750000000000006,0.07417076299549125,5,0.0,0.0,5,0.39375000000000004,0.14460044327195007,5,-3.585271317829457,2.710581536957241,5,0.0,0.0,5,0.0,0.0,5,-0.004166666666666663,0.07387759677707145,5,-0.12475140568342083,0.054495931603056824,5,0.0,0.0,5
switch_after6,regime_conditional,observed,transit_rough,all,cusum_minus_point,0.1606872203285583,0.0681800765139226,5,0.2895833333333333,0.0784368774875696,5,0.001753812256290782,0.10456475518193949,5,0.04619656500805549,0.04187560405732368,5,0.042926356589147285,0.01663452371918778,5,-0.005208333333333334,0.012214624374540182,5,0.1416666666666667,0.06612737603376617,5,0.0,0.0,5,0.2895833333333333,0.0784368774875696,5,0.2916666666666667,0.08808090898587377,5,0.0,0.0,5,0.5458333333333334,0.17869973069369746,5,-8.236434108527131,3.2860125887234823,5,0.0,0.0,5,0.0,0.0,5,0.2895833333333333,0.0784368774875696,5,0.1606872203285583,0.0681800765139226,5,0.0,0.0,5
switch_after6,regime_conditional,observed,transit_rough,stable,cusum_minus_ewma,-0.16451279975515914,0.06049881362699491,5,0.03749999999999999,0.09246808758821733,5,-0.19794443606422749,0.04877897815689932,5,-0.29508604790344617,0.14669421914889028,5,0.041447368421052636,0.013189836959382084,5,-0.020833333333333336,0.012757759076995721,5,-0.016666666666666673,0.04973890160963888,5,0.0,0.0,5,0.03749999999999999,0.09246808758821733,5,0.06666666666666667,0.10353978033157646,5,0.0,0.0,5,0.39375000000000004,0.14460044327195007,5,-3.6184210526315796,2.6463856109971866,5,0.0,0.0,5,0.0,0.0,5,0.03749999999999999,0.09246808758821733,5,-0.16451279975515914,0.06049881362699491,5,0.0,0.0,5
switch_after6,regime_conditional,observed,transit_rough,stable,cusum_minus_point,0.18215359136874046,0.07316845739867388,5,0.5,0.1516689560266775,5,0.044368859610600206,0.09167448061646342,5,0.09452391016434451,0.05483855402067757,5,0.0506578947368421,0.017919330526269536,5,0.002083333333333333,0.023753654689565376,5,0.1958333333333333,0.07003223464154838,5,0.0,0.0,5,0.5,0.1516689560266775,5,0.4916666666666666,0.1677050983124842,5,0.0,0.0,5,0.5458333333333334,0.17869973069369746,5,-7.017543859649123,2.752171139914722,5,0.0,0.0,5,0.0,0.0,5,0.5,0.1516689560266775,5,0.18215359136874046,0.07316845739867388,5,0.0,0.0,5
switch_after6,regime_conditional,observed,transit_rough,transition,cusum_minus_ewma,-0.049096319507388395,0.08654146161423139,5,-0.04583333333333334,0.06972166887783963,5,0.05660970866079227,0.11760235166508594,5,0.029540826380698205,0.05778354695934194,5,-0.006666666666666665,0.008640183897219883,5,-0.0125,0.022582795196540415,5,0.09166666666666667,0.07597742720337697,5,0.0,0.0,5,-0.04583333333333334,0.06972166887783963,5,-0.029166666666666667,0.056288567025442895,5,0.0,0.0,5,,,0,-3.3333333333333335,5.432668671002207,5,0.0,0.0,5,0.0,0.0,5,-0.04583333333333334,0.06972166887783963,5,-0.049096319507388395,0.08654146161423139,5,0.0,0.0,5
switch_after6,regime_conditional,observed,transit_rough,transition,cusum_minus_point,0.1320702216950737,0.09669004595185512,5,0.07916666666666668,0.06653633092779714,5,0.38419580419580424,0.147350178237966,5,0.22131568990462797,0.08114974819960702,5,-0.015833333333333335,0.008539125638299666,5,-0.0125,0.017116329922036443,5,0.0875,0.09246808758821727,5,0.0,0.0,5,0.07916666666666668,0.06653633092779714,5,0.09166666666666666,0.06521864934374387,5,0.0,0.0,5,,,0,-17.5,8.539125638299664,5,0.0,0.0,5,0.0,0.0,5,0.07916666666666668,0.06653633092779714,5,0.1320702216950737,0.09669004595185512,5,0.0,0.0,5
switch_after6,regime_conditional,observed,transit_smooth,all,cusum_minus_ewma,-0.18644538932827295,0.039372419080730595,5,-0.09791666666666668,0.05874113408279869,5,-0.27980611072880757,0.06051901086739543,5,-0.2239508654286051,0.050044555793502705,5,0.03343023255813954,0.011305486327110498,5,-0.009375,0.01129139759827021,5,-0.04791666666666665,0.10142217870531738,5,0.0,0.0,5,-0.09791666666666668,0.05874113408279869,5,-0.07083333333333333,0.053825044511515895,5,0.0,0.0,5,0.325,0.13589658547750358,5,-2.8100775193798446,2.749275379672695,5,0.0,0.0,5,0.0,0.0,5,-0.09791666666666668,0.05874113408279869,5,-0.18644538932827295,0.039372419080730595,5,0.0,0.0,5
switch_after6,regime_conditional,observed,transit_smooth,all,cusum_minus_point,0.05169921918011935,0.036012534795909,5,0.15208333333333332,0.061889378239637284,5,-0.1336100086246345,0.07883645376734609,5,0.028385916972625873,0.06781655540337844,5,0.042538759689922476,0.020627817214583778,5,0.010416666666666668,0.01983274246318726,5,0.1125,0.1583881484062351,5,0.0,0.0,5,0.15208333333333332,0.061889378239637284,5,0.15416666666666667,0.05432668671002208,5,0.0,0.0,5,0.39166666666666666,0.18511210942441217,5,-5.038759689922481,3.9893776841548254,5,0.0,0.0,5,0.0,0.0,5,0.15208333333333332,0.061889378239637284,5,0.05169921918011935,0.036012534795909,5,0.0,0.0,5
switch_after6,regime_conditional,observed,transit_smooth,stable,cusum_minus_ewma,-0.21745809352203263,0.05341234453779969,5,-0.09583333333333333,0.08912187348419769,5,-0.24061567236534115,0.06453614740813599,5,-0.27163204927367746,0.09236879804898762,5,0.038267543859649124,0.012582206981197604,5,-0.008333333333333335,0.013581671677505519,5,-0.0625,0.12586506222494345,5,0.0,0.0,5,-0.09583333333333333,0.08912187348419769,5,-0.049999999999999975,0.07003223464154841,5,0.0,0.0,5,0.325,0.13589658547750358,5,-2.7412280701754383,2.7136773400799514,5,0.0,0.0,5,0.0,0.0,5,-0.09583333333333333,0.08912187348419769,5,-0.21745809352203263,0.05341234453779969,5,0.0,0.0,5
switch_after6,regime_conditional,observed,transit_smooth,stable,cusum_minus_point,0.0734805656749436,0.04355379962374021,5,0.3041666666666667,0.07878196000495431,5,-0.06231988881600794,0.0827126762693022,5,0.10969407384976215,0.10597048900703492,5,0.04923245614035088,0.02226444271381444,5,0.029166666666666667,0.040611643103370676,5,0.21666666666666665,0.16963502488185236,5,0.0,0.0,5,0.3041666666666667,0.07878196000495431,5,0.29166666666666663,0.0858980338670346,5,0.0,0.0,5,0.39166666666666666,0.18511210942441217,5,-4.495614035087719,3.3662459282913924,5,0.0,0.0,5,0.0,0.0,5,0.3041666666666667,0.07878196000495431,5,0.0734805656749436,0.04355379962374021,5,0.0,0.0,5
switch_after6,regime_conditional,observed,transit_smooth,transition,cusum_minus_ewma,-0.14712849141642753,0.0680494796685252,5,-0.1,0.04750730937913076,5,0.06805555555555556,0.22455803643689767,5,-0.050825618563631894,0.05150020536891903,5,-0.0033333333333333327,0.00950146187582615,5,-0.010416666666666666,0.020833333333333332,5,-0.03333333333333331,0.08665264309618921,5,0.0,0.0,5,-0.1,0.04750730937913076,5,-0.09166666666666667,0.05432668671002208,5,0.0,0.0,5,,,0,-3.3333333333333335,8.014743359029728,5,0.0,0.0,5,0.0,0.0,5,-0.1,0.04750730937913076,5,-0.14712849141642753,0.0680494796685252,5,0.0,0.0,5
switch_after6,regime_conditional,observed,transit_smooth,transition,cusum_minus_point,0.0014325651116571358,0.1135480212923402,5,2.7755575615628915e-18,0.07216878364870323,5,0.21575757575757573,0.26261907527072637,5,0.09825736268542415,0.0622667695185439,5,-0.008333333333333335,0.012842529172852035,5,-0.008333333333333333,0.013581671677505519,5,0.008333333333333337,0.17154324041865748,5,0.0,0.0,5,2.7755575615628915e-18,0.07216878364870323,5,0.01666666666666667,0.05965758776365147,5,0.0,0.0,5,,,0,-9.166666666666666,11.562030771259675,5,0.0,0.0,5,0.0,0.0,5,2.7755575615628915e-18,0.07216878364870323,5,0.0014325651116571358,0.1135480212923402,5,0.0,0.0,5
switch_after6,regime_conditional,observed,warehouse,all,cusum_minus_ewma,-0.1269980071338126,0.08624830170938753,5,-0.039583333333333345,0.11033802230721135,5,-0.1974735250627942,0.09044684128327034,5,-0.21139492273691346,0.0467070119244594,5,0.026550387596899226,0.016548929505692745,5,-0.016666666666666663,0.021284184105940154,5,0.012500000000000022,0.0791255375618039,5,0.0,0.0,5,-0.039583333333333345,0.11033802230721135,5,-0.025000000000000012,0.1154324598099589,5,0.0,0.0,5,0.325,0.12399771783294149,5,-3.197674418604651,3.699342862174627,5,0.0,0.0,5,0.0,0.0,5,-0.039583333333333345,0.11033802230721135,5,-0.1269980071338126,0.08624830170938753,5,0.0,0.0,5
switch_after6,regime_conditional,observed,warehouse,all,cusum_minus_point,0.20118652193980885,0.07742045871159538,5,0.2895833333333333,0.09529969176235567,5,0.08368806912722035,0.09879398728395414,5,0.1056374559370417,0.07598514571589918,5,0.033139534883720935,0.021603855475816967,5,0.013541666666666665,0.03407380673707526,5,0.15208333333333335,0.1298118964972865,5,0.0,0.0,5,0.2895833333333333,0.09529969176235567,5,0.275,0.0802150971174102,5,0.0,0.0,5,0.4041666666666667,0.1165550060891614,5,-7.55813953488372,6.83122353954053,5,0.0,0.0,5,0.0,0.0,5,0.2895833333333333,0.09529969176235567,5,0.20118652193980885,0.07742045871159538,5,0.0,0.0,5
switch_after6,regime_conditional,observed,warehouse,stable,cusum_minus_ewma,-0.1648145094865853,0.10105267475257078,5,-0.029166666666666664,0.1783654566083666,5,-0.18641574123625704,0.08608626124557156,5,-0.2796162901583191,0.07297788730290916,5,0.031140350877192986,0.01793944765921282,5,-0.020833333333333336,0.02209708691207961,5,-0.02083333333333335,0.11219093348196883,5,0.0,0.0,5,-0.029166666666666664,0.1783654566083666,5,-0.004166666666666663,0.18830844230794444,5,0.0,0.0,5,0.325,0.12399771783294149,5,-2.8508771929824563,3.9037243681837497,5,0.0,0.0,5,0.0,0.0,5,-0.029166666666666664,0.1783654566083666,5,-0.1648145094865853,0.10105267475257078,5,0.0,0.0,5
switch_after6,regime_conditional,observed,warehouse,stable,cusum_minus_point,0.22723796366100674,0.11788351382744496,5,0.4791666666666667,0.15866193970549808,5,0.10878080517481288,0.10781673033491677,5,0.19393310222968255,0.10535680092483238,5,0.0381578947368421,0.02422414420437996,5,0.020833333333333332,0.044194173824159216,5,0.2541666666666667,0.16364447405546234,5,0.0,0.0,5,0.4791666666666667,0.15866193970549808,5,0.4541666666666667,0.14083703150962976,5,0.0,0.0,5,0.4041666666666667,0.1165550060891614,5,-7.56578947368421,7.491129847542107,5,0.0,0.0,5,0.0,0.0,5,0.4791666666666667,0.15866193970549808,5,0.22723796366100674,0.11788351382744496,5,0.0,0.0,5
switch_after6,regime_conditional,observed,warehouse,transition,cusum_minus_ewma,-0.059778899441195986,0.07457577274546823,5,-0.049999999999999996,0.05229125165837973,5,0.13975524475524476,0.1475528820319027,5,0.021212393170859566,0.07553371743565158,5,-0.008333333333333335,0.01062295731998497,5,-0.0125,0.023753654689565376,5,0.04583333333333336,0.057810153856298355,5,0.0,0.0,5,-0.049999999999999996,0.05229125165837973,5,-0.04583333333333334,0.05187458165828639,5,0.0,0.0,5,,,0,-5.833333333333333,4.750730937913075,5,0.0,0.0,5,0.0,0.0,5,-0.049999999999999996,0.05229125165837973,5,-0.059778899441195986,0.07457577274546823,5,0.0,0.0,5
switch_after6,regime_conditional,observed,warehouse,transition,cusum_minus_point,0.15484394717435562,0.07640576761836523,5,0.1,0.05781015385629836,5,0.34927960927960927,0.2696293567313198,5,0.16606804505027986,0.14502468838536434,5,-0.004999999999999999,0.0129770095853312,5,0.006250000000000001,0.03423265984407288,5,0.050000000000000024,0.11748226816559736,5,0.0,0.0,5,0.1,0.05781015385629836,5,0.09583333333333333,0.05017331074496788,5,0.0,0.0,5,,,0,-7.5,6.846531968814577,5,0.0,0.0,5,0.0,0.0,5,0.1,0.05781015385629836,5,0.15484394717435562,0.07640576761836523,5,0.0,0.0,5
switch_after6,regime_marginal,clean,all,all,cusum_minus_ewma,0.0,0.0,5,,,0,0.0,0.0,5,,,0,0.0026234567901234577,0.010608936569319266,5,,,0,,,0,,,0,,,0,,,0,0.0,0.0,5,-0.002777777777777778,0.0051501378382608765,5,-2.2839506172839505,1.3733700902029005,5,0.0,0.0,5,0.0,0.0,5,,,0,0.0,0.0,5,,,0
switch_after6,regime_marginal,clean,all,all,cusum_minus_point,0.0,0.0,5,,,0,0.0,0.0,5,,,0,0.003950617283950617,0.008717838317096162,5,,,0,,,0,,,0,,,0,,,0,0.0,0.0,5,0.0006944444444444448,0.015987311712807414,5,-7.839506172839506,1.9744645187113525,5,0.0,0.0,5,0.0,0.0,5,,,0,0.0,0.0,5,,,0
switch_after6,regime_marginal,clean,all,stable,cusum_minus_ewma,0.0,0.0,5,,,0,0.0,0.0,5,,,0,0.003525641025641026,0.011954359598888346,5,,,0,,,0,,,0,,,0,,,0,0.0,0.0,5,-0.002777777777777778,0.0051501378382608765,5,-2.386039886039886,1.519282692856235,5,0.0,0.0,5,0.0,0.0,5,,,0,0.0,0.0,5,,,0
switch_after6,regime_marginal,clean,all,stable,cusum_minus_point,0.0,0.0,5,,,0,0.0,0.0,5,,,0,0.005840455840455841,0.009413269623834127,5,,,0,,,0,,,0,,,0,,,0,0.0,0.0,5,0.0006944444444444448,0.015987311712807414,5,-7.7991452991453,1.6484026796343472,5,0.0,0.0,5,0.0,0.0,5,,,0,0.0,0.0,5,,,0
switch_after6,regime_marginal,clean,all,transition,cusum_minus_ewma,0.0,0.0,2,,,0,0.0,0.0,2,,,0,-0.0032407407407407406,0.002639294965507264,5,,,0,,,0,,,0,,,0,,,0,0.0,0.0,5,,,0,-1.6203703703703702,1.319647482753632,5,0.0,0.0,5,0.0,0.0,5,,,0,0.0,0.0,2,,,0
switch_after6,regime_marginal,clean,all,transition,cusum_minus_point,0.0,0.0,2,,,0,0.0,0.0,2,,,0,-0.008333333333333333,0.006036298523335785,5,,,0,,,0,,,0,,,0,,,0,0.0,0.0,5,,,0,-8.101851851851851,5.6701151453314305,5,0.0,0.0,5,0.0,0.0,5,,,0,0.0,0.0,2,,,0
switch_after6,regime_marginal,clean,transit_rough,all,cusum_minus_ewma,0.0,0.0,3,,,0,0.0,0.0,3,,,0,-0.004814814814814815,0.00624227918173451,5,,,0,,,0,,,0,,,0,,,0,0.0,0.0,5,-0.004166666666666667,0.00570544330734548,5,-2.962962962962963,1.4858154199890012,5,0.0,0.0,5,0.0,0.0,5,,,0,0.0,0.0,3,,,0
switch_after6,regime_marginal,clean,transit_rough,all,cusum_minus_point,0.0,0.0,3,,,0,0.0,0.0,3,,,0,-0.002314814814814815,0.008971214062535232,5,,,0,,,0,,,0,,,0,,,0,0.0,0.0,5,-0.0020833333333333333,0.004658474953124561,5,-7.5,2.253826193451497,5,0.0,0.0,5,0.0,0.0,5,,,0,0.0,0.0,3,,,0
switch_after6,regime_marginal,clean,transit_rough,stable,cusum_minus_ewma,0.0,0.0,3,,,0,0.0,0.0,3,,,0,-0.004807692307692307,0.008021718706026285,5,,,0,,,0,,,0,,,0,,,0,0.0,0.0,5,-0.004166666666666667,0.00570544330734548,5,-2.8846153846153846,1.5846577963879622,5,0.0,0.0,5,0.0,0.0,5,,,0,0.0,0.0,3,,,0
switch_after6,regime_marginal,clean,transit_rough,stable,cusum_minus_point,0.0,0.0,3,,,0,0.0,0.0,3,,,0,-0.0008547008547008543,0.010265587507428472,5,,,0,,,0,,,0,,,0,,,0,0.0,0.0,5,-0.0020833333333333333,0.004658474953124561,5,-6.944444444444445,2.169882052520289,5,0.0,0.0,5,0.0,0.0,5,,,0,0.0,0.0,3,,,0
switch_after6,regime_marginal,clean,transit_rough,transition,cusum_minus_ewma,,,0,,,0,,,0,,,0,-0.004861111111111112,0.007200153247683237,5,,,0,,,0,,,0,,,0,,,0,0.0,0.0,5,,,0,-3.4722222222222223,4.252586358998573,5,0.0,0.0,5,0.0,0.0,5,,,0,,,0,,,0
switch_after6,regime_marginal,clean,transit_rough,transition,cusum_minus_point,,,0,,,0,,,0,,,0,-0.011805555555555555,0.005810139073153302,5,,,0,,,0,,,0,,,0,,,0,0.0,0.0,5,,,0,-11.11111111111111,5.150137838260878,5,0.0,0.0,5,0.0,0.0,5,,,0,,,0,,,0
switch_after6,regime_marginal,clean,transit_smooth,all,cusum_minus_ewma,0.0,0.0,3,,,0,0.0,0.0,3,,,0,0.014074074074074076,0.03179244567809761,5,,,0,,,0,,,0,,,0,,,0,0.0,0.0,5,0.0,0.0,5,-0.3703703703703704,1.8919274760835694,5,0.0,0.0,5,0.0,0.0,5,,,0,0.0,0.0,3,,,0
switch_after6,regime_marginal,clean,transit_smooth,all,cusum_minus_point,0.0,0.0,3,,,0,0.0,0.0,3,,,0,0.01138888888888889,0.03401060917347948,5,,,0,,,0,,,0,,,0,,,0,0.0,0.0,5,-0.0062499999999999995,0.009316949906249124,5,-7.870370370370371,2.4056261216234405,5,0.0,0.0,5,0.0,0.0,5,,,0,0.0,0.0,3,,,0
switch_after6,regime_marginal,clean,transit_smooth,stable,cusum_minus_ewma,0.0,0.0,3,,,0,0.0,0.0,3,,,0,0.016239316239316237,0.036683591167035706,5,,,0,,,0,,,0,,,0,,,0,0.0,0.0,5,0.0,0.0,5,-0.42735042735042744,2.182993241634888,5,0.0,0.0,5,0.0,0.0,5,,,0,0.0,0.0,3,,,0
switch_after6,regime_marginal,clean,transit_smooth,stable,cusum_minus_point,0.0,0.0,3,,,0,0.0,0.0,3,,,0,0.014102564102564103,0.038673516631795135,5,,,0,,,0,,,0,,,0,,,0,0.0,0.0,5,-0.0062499999999999995,0.009316949906249124,5,-8.119658119658121,2.4884219441991697,5,0.0,0.0,5,0.0,0.0,5,,,0,0.0,0.0,3,,,0
switch_after6,regime_marginal,clean,transit_smooth,transition,cusum_minus_ewma,,,0,,,0,,,0,,,0,0.0,0.0,5,,,0,,,0,,,0,,,0,,,0,0.0,0.0,5,,,0,0.0,0.0,5,0.0,0.0,5,0.0,0.0,5,,,0,,,0,,,0
switch_after6,regime_marginal,clean,transit_smooth,transition,cusum_minus_point,,,0,,,0,,,0,,,0,-0.00625,0.0051501378382608765,5,,,0,,,0,,,0,,,0,,,0,0.0,0.0,5,,,0,-6.25,5.150137838260878,5,0.0,0.0,5,0.0,0.0,5,,,0,,,0,,,0
switch_after6,regime_marginal,clean,warehouse,all,cusum_minus_ewma,0.0,0.0,4,,,0,0.0,0.0,4,,,0,-0.0013888888888888887,0.007863559144195847,5,,,0,,,0,,,0,,,0,,,0,0.0,0.0,5,-0.004166666666666668,0.015797657175107397,5,-3.518518518518518,2.731089111806041,5,0.0,0.0,5,0.0,0.0,5,,,0,0.0,0.0,4,,,0
switch_after6,regime_marginal,clean,warehouse,all,cusum_minus_point,0.0,0.0,4,,,0,0.0,0.0,4,,,0,0.0027777777777777775,0.008301120869000513,5,,,0,,,0,,,0,,,0,,,0,0.0,0.0,5,0.010416666666666666,0.041666666666666664,5,-8.148148148148147,4.174375584759203,5,0.0,0.0,5,0.0,0.0,5,,,0,0.0,0.0,4,,,0
switch_after6,regime_marginal,clean,warehouse,stable,cusum_minus_ewma,0.0,0.0,4,,,0,0.0,0.0,4,,,0,-0.0008547008547008563,0.009156300795327277,5,,,0,,,0,,,0,,,0,,,0,0.0,0.0,5,-0.004166666666666668,0.015797657175107397,5,-3.8461538461538467,2.959806661793819,5,0.0,0.0,5,0.0,0.0,5,,,0,0.0,0.0,4,,,0
switch_after6,regime_marginal,clean,warehouse,stable,cusum_minus_point,0.0,0.0,4,,,0,0.0,0.0,4,,,0,0.004273504273504272,0.010875680059563209,5,,,0,,,0,,,0,,,0,,,0,0.0,0.0,5,0.010416666666666666,0.041666666666666664,5,-8.333333333333334,4.043630527302471,5,0.0,0.0,5,0.0,0.0,5,,,0,0.0,0.0,4,,,0
switch_after6,regime_marginal,clean,warehouse,transition,cusum_minus_ewma,0.0,0.0,2,,,0,0.0,0.0,2,,,0,-0.00486111111111111,0.005810139073153302,5,,,0,,,0,,,0,,,0,,,0,0.0,0.0,5,,,0,-1.3888888888888888,1.901814435781827,5,0.0,0.0,5,0.0,0.0,5,,,0,0.0,0.0,2,,,0
switch_after6,regime_marginal,clean,warehouse,transition,cusum_minus_point,0.0,0.0,2,,,0,0.0,0.0,2,,,0,-0.006944444444444445,0.011774878442925813,5,,,0,,,0,,,0,,,0,,,0,0.0,0.0,5,,,0,-6.944444444444445,9.820927516479825,5,0.0,0.0,5,0.0,0.0,5,,,0,0.0,0.0,2,,,0
switch_after6,regime_marginal,observed,all,all,cusum_minus_ewma,-0.12902112839624869,0.027712413718059322,5,-0.08680555555555555,0.027450326911183844,5,-0.25863172375557486,0.07521284213194575,5,-0.10114930101902009,0.044050068897788716,5,0.012693798449612404,0.008853458746742707,5,-0.00625,0.004357604304864977,5,-0.005555555555555536,0.025468223362350363,5,0.0,0.0,5,-0.08680555555555555,0.027450326911183844,5,-0.08194444444444444,0.02707442873558046,5,0.0,0.0,5,0.08402777777777778,0.0529670400366767,5,-1.6149870801033592,1.466884861481343,5,0.0,0.0,5,0.0,0.0,5,-0.08680555555555555,0.027450326911183844,5,-0.12902112839624869,0.027712413718059322,5,0.0,0.0,5
switch_after6,regime_marginal,observed,all,all,cusum_minus_point,-0.01112155033130609,0.07001599848065683,5,0.005555555555555552,0.05257866314296355,5,-0.10256572092668317,0.11498147459357198,5,-0.014194559197360975,0.03496909862602542,5,0.015471576227390182,0.006224932033850557,5,-0.0027777777777777775,0.006678952799191439,5,0.12222222222222223,0.04147816155282765,5,0.0,0.0,5,0.005555555555555552,0.05257866314296355,5,0.004166666666666664,0.04894478733011436,5,0.0,0.0,5,0.11180555555555556,0.06752557243073742,5,-6.750645994832041,1.4051315719739155,5,0.0,0.0,5,0.0,0.0,5,0.005555555555555552,0.05257866314296355,5,-0.01112155033130609,0.07001599848065683,5,0.0,0.0,5
switch_after6,regime_marginal,observed,all,stable,cusum_minus_ewma,-0.1537522975378173,0.055043254571422014,5,-0.11666666666666667,0.06864118773973092,5,-0.22186404990740685,0.07907744346482261,5,-0.10740208706054148,0.05402290232315854,5,0.01480263157894737,0.009742399806477954,5,-0.006944444444444445,0.008143082916360121,5,-0.005555555555555558,0.005810139073153289,5,0.0,0.0,5,-0.11666666666666667,0.06864118773973092,5,-0.11388888888888889,0.07159853565990001,5,0.0,0.0,5,0.08402777777777778,0.0529670400366767,5,-1.6447368421052633,1.6996596525711145,5,0.0,0.0,5,0.0,0.0,5,-0.11666666666666667,0.06864118773973092,5,-0.1537522975378173,0.055043254571422014,5,0.0,0.0,5
switch_after6,regime_marginal,observed,all,stable,cusum_minus_point,0.021951976135556835,0.09428267247036057,5,0.04861111111111111,0.08906774540542124,5,-0.02768631554386559,0.10488926734004844,5,0.02477511421890032,0.05581816933970836,5,0.018384502923976608,0.006672949694571224,5,-0.0020833333333333333,0.005810139073153302,5,0.24861111111111112,0.04375551111673157,5,0.0,0.0,5,0.04861111111111111,0.08906774540542124,5,0.04583333333333334,0.08151961439349549,5,0.0,0.0,5,0.11180555555555556,0.06752557243073742,5,-6.761695906432749,1.148556751642593,5,0.0,0.0,5,0.0,0.0,5,0.04861111111111111,0.08906774540542124,5,0.021951976135556835,0.09428267247036057,5,0.0,0.0,5
switch_after6,regime_marginal,observed,all,transition,cusum_minus_ewma,-0.097857673627091,0.05064938336112567,5,-0.05694444444444444,0.030822695862739093,5,-0.05003156565656566,0.2774922847051069,4,-0.008771803436614056,0.022144006337172877,5,-0.003333333333333333,0.003197462342561483,5,-0.005555555555555555,0.005265885725035798,5,-0.005555555555555558,0.04796193513842227,5,0.0,0.0,5,-0.05694444444444444,0.030822695862739093,5,-0.05,0.031595314350214794,5,0.0,0.0,5,,,0,-1.3888888888888888,1.388888888888889,5,0.0,0.0,5,0.0,0.0,5,-0.05694444444444444,0.030822695862739093,5,-0.097857673627091,0.05064938336112567,5,0.0,0.0,5
switch_after6,regime_marginal,observed,all,transition,cusum_minus_point,-0.06537463816948348,0.05197953372447031,5,-0.0375,0.02760362071437749,5,0.12460317460317463,0.5323947712851916,4,0.06692044276130127,0.05058177526585301,5,-0.006666666666666666,0.006085806194501846,5,-0.0034722222222222225,0.010123180372995314,5,-0.004166666666666674,0.07040995475353652,5,0.0,0.0,5,-0.0375,0.02760362071437749,5,-0.0375,0.02760362071437749,5,0.0,0.0,5,,,0,-6.666666666666667,5.414885747116091,5,0.0,0.0,5,0.0,0.0,5,-0.0375,0.02760362071437749,5,-0.06537463816948348,0.05197953372447031,5,0.0,0.0,5
switch_after6,regime_marginal,observed,transit_rough,all,cusum_minus_ewma,-0.14091983551639614,0.07456819753791616,5,-0.1,0.05392574627310327,5,-0.2909181515527788,0.178472129097559,4,-0.10429091435404869,0.07108791674290656,5,0.009205426356589148,0.01876758134520016,5,-0.013541666666666665,0.01199048378460556,5,0.029166666666666664,0.0496297052065483,5,0.0,0.0,5,-0.1,0.05392574627310327,5,-0.0875,0.05028132660894654,5,0.0,0.0,5,0.12499999999999997,0.11315396345000223,5,-2.6162790697674416,1.8321386047663795,5,0.0,0.0,5,0.0,0.0,5,-0.1,0.05392574627310327,5,-0.14091983551639614,0.07456819753791616,5,0.0,0.0,5
switch_after6,regime_marginal,observed,transit_rough,all,cusum_minus_point,-0.033156491476609026,0.05080696674357104,5,-0.00416666666666667,0.05965758776365147,5,-0.12695225109464398,0.050320294675524006,4,-0.023212419056881733,0.03138931469580859,5,0.014922480620155037,0.022575647858020874,5,-0.00625,0.00570544330734548,5,0.13125,0.07239395980789189,5,0.0,0.0,5,-0.00416666666666667,0.05965758776365147,5,-0.0020833333333333355,0.06047052197374997,5,0.0,0.0,5,0.17916666666666664,0.1575294835719474,5,-6.395348837209302,1.9799241028781538,5,0.0,0.0,5,0.0,0.0,5,-0.00416666666666667,0.05965758776365147,5,-0.033156491476609026,0.05080696674357104,5,0.0,0.0,5
switch_after6,regime_marginal,observed,transit_rough,stable,cusum_minus_ewma,-0.1532869114565136,0.08169985401234,5,-0.13333333333333333,0.09501461875826149,5,-0.24477063272331076,0.14005303972494312,4,-0.11100684885022231,0.07995504843839674,5,0.01107456140350877,0.021890040667498677,5,-0.016666666666666666,0.02160045974304971,5,0.004166666666666674,0.009316949906249141,5,0.0,0.0,5,-0.13333333333333333,0.09501461875826149,5,-0.12083333333333332,0.10142217870531738,5,0.0,0.0,5,0.12499999999999997,0.11315396345000223,5,-2.5219298245614037,2.17923321429296,5,0.0,0.0,5,0.0,0.0,5,-0.13333333333333333,0.09501461875826149,5,-0.1532869114565136,0.08169985401234,5,0.0,0.0,5
switch_after6,regime_marginal,observed,transit_rough,stable,cusum_minus_point,0.0033039573790449085,0.03532295404179596,5,0.04166666666666667,0.06073908223797187,5,-0.05217350488398126,0.06400938700355563,4,0.013534446881693956,0.03373668995145416,5,0.017982456140350878,0.025557891033700125,5,-0.004166666666666667,0.009316949906249122,5,0.2416666666666667,0.08149003006503311,5,0.0,0.0,5,0.04166666666666667,0.06073908223797187,5,0.04583333333333333,0.06488504792665599,5,0.0,0.0,5,0.17916666666666664,0.1575294835719474,5,-6.140350877192982,2.240440432204227,5,0.0,0.0,5,0.0,0.0,5,0.04166666666666667,0.06073908223797187,5,0.0033039573790449085,0.03532295404179596,5,0.0,0.0,5
switch_after6,regime_marginal,observed,transit_rough,transition,cusum_minus_ewma,-0.11284295932529091,0.12543185151270844,5,-0.06666666666666668,0.07424387367168941,5,0.4444444444444444,,1,0.05378979458044482,0.03592837072005799,5,-0.004999999999999999,0.0068465319688145775,5,-0.010416666666666666,0.012757759076995721,5,0.054166666666666655,0.09152451098536997,5,0.0,0.0,5,-0.06666666666666668,0.07424387367168941,5,-0.05416666666666666,0.07453559924999298,5,0.0,0.0,5,,,0,-3.3333333333333335,3.486083443891981,5,0.0,0.0,5,0.0,0.0,5,-0.06666666666666668,0.07424387367168941,5,-0.11284295932529091,0.12543185151270844,5,0.0,0.0,5
switch_after6,regime_marginal,observed,transit_rough,transition,cusum_minus_point,-0.08863567804744274,0.11759526936337374,5,-0.05,0.06521864934374387,5,0.6666666666666667,,1,0.1484805520858103,0.04849531802957507,5,-0.008333333333333333,0.005103103630798288,5,-0.008333333333333333,0.004658474953124561,5,0.020833333333333325,0.08462540004829128,5,0.0,0.0,5,-0.05,0.06521864934374387,5,-0.05,0.06521864934374387,5,0.0,0.0,5,,,0,-8.333333333333334,5.103103630798287,5,0.0,0.0,5,0.0,0.0,5,-0.05,0.06521864934374387,5,-0.08863567804744274,0.11759526936337374,5,0.0,0.0,5
switch_after6,regime_marginal,observed,transit_smooth,all,cusum_minus_ewma,-0.16143435143508952,0.09768295957139668,5,-0.10416666666666667,0.06546773484362779,5,-0.38464585593617856,0.20664122091393528,5,-0.14220530420329053,0.08836305400950473,5,0.023837209302325583,0.035227566249924146,5,0.0,0.0,5,-0.033333333333333326,0.05382504451151587,5,0.0,0.0,5,-0.10416666666666667,0.06546773484362779,5,-0.10416666666666667,0.06546773484362779,5,0.0,0.0,5,0.04583333333333334,0.04973890160963884,5,0.7751937984496123,2.015177746423006,5,0.0,0.0,5,0.0,0.0,5,-0.10416666666666667,0.06546773484362779,5,-0.16143435143508952,0.09768295957139668,5,0.0,0.0,5
switch_after6,regime_marginal,observed,transit_smooth,all,cusum_minus_point,-0.08155079431906094,0.06478860835317352,5,-0.05416666666666666,0.04382434159992214,5,-0.15880819663428358,0.1456963024694553,5,-0.04058656525086679,0.046256821396914456,5,0.022093023255813953,0.03740925060901296,5,-0.005208333333333333,0.003682847818679935,5,0.15833333333333335,0.0958672947070295,5,0.0,0.0,5,-0.05416666666666666,0.04382434159992214,5,-0.05416666666666666,0.04382434159992214,5,0.0,0.0,5,0.05416666666666666,0.06563326667509735,5,-6.589147286821705,1.8321386047663795,5,0.0,0.0,5,0.0,0.0,5,-0.05416666666666666,0.04382434159992214,5,-0.08155079431906094,0.06478860835317352,5,0.0,0.0,5
switch_after6,regime_marginal,observed,transit_smooth,stable,cusum_minus_ewma,-0.20809770704261163,0.17704377734597043,5,-0.1625,0.14463795798091483,5,-0.3270625281151597,0.21833018895527526,5,-0.161445575764887,0.1561521764614494,5,0.026973684210526316,0.03986277233544048,5,0.0,0.0,5,-0.0125,0.060020251212033075,5,0.0,0.0,5,-0.1625,0.14463795798091483,5,-0.1625,0.14463795798091483,5,0.0,0.0,5,0.04583333333333334,0.04973890160963884,5,0.8771929824561402,2.2803327130576116,5,0.0,0.0,5,0.0,0.0,5,-0.1625,0.14463795798091483,5,-0.20809770704261163,0.17704377734597043,5,0.0,0.0,5
switch_after6,regime_marginal,observed,transit_smooth,stable,cusum_minus_point,-0.0542973081747655,0.11570209963659593,5,-0.04583333333333334,0.08764868319984429,5,-0.056281002090234566,0.18905930390979384,5,-0.0035849225536712962,0.073272396264742,5,0.02565789473684211,0.04188144379476,5,-0.004166666666666667,0.00570544330734548,5,0.2875,0.09009061796016524,5,0.0,0.0,5,-0.04583333333333334,0.08764868319984429,5,-0.04583333333333334,0.08764868319984429,5,0.0,0.0,5,0.05416666666666666,0.06563326667509735,5,-6.798245614035087,1.6719244168834324,5,0.0,0.0,5,0.0,0.0,5,-0.04583333333333334,0.08764868319984429,5,-0.0542973081747655,0.11570209963659593,5,0.0,0.0,5
switch_after6,regime_marginal,observed,transit_smooth,transition,cusum_minus_ewma,-0.08479467258601554,0.07255849276905527,5,-0.04583333333333334,0.04007371679514864,5,0.0,,1,-0.05522940240425626,0.050458918035438075,5,0.0,0.0,5,0.0,0.0,5,-0.054166666666666696,0.07878196000495433,5,0.0,0.0,5,-0.04583333333333334,0.04007371679514864,5,-0.04583333333333334,0.04007371679514864,5,0.0,0.0,5,,,0,0.0,0.0,5,0.0,0.0,5,0.0,0.0,5,-0.04583333333333334,0.04007371679514864,5,-0.08479467258601554,0.07255849276905527,5,0.0,0.0,5
switch_after6,regime_marginal,observed,transit_smooth,transition,cusum_minus_point,-0.11368974960349623,0.0377061276253133,5,-0.0625,0.020833333333333332,5,0.25,,1,0.053823346932793406,0.07035819056392877,5,-0.005,0.006846531968814577,5,-0.00625,0.009316949906249122,5,0.029166666666666653,0.1354967711792425,5,0.0,0.0,5,-0.0625,0.020833333333333332,5,-0.0625,0.020833333333333332,5,0.0,0.0,5,,,0,-5.0,6.846531968814578,5,0.0,0.0,5,0.0,0.0,5,-0.0625,0.020833333333333332,5,-0.11368974960349623,0.0377061276253133,5,0.0,0.0,5
switch_after6,regime_marginal,observed,warehouse,all,cusum_minus_ewma,-0.09370430354484038,0.05072289325844875,5,-0.05625,0.06144950501563594,5,-0.12776182909409017,0.05659753494073878,4,-0.07798068068741693,0.02375668471271399,5,0.00503875968992248,0.010755377461636906,5,-0.005208333333333334,0.00637887953849786,5,-0.012500000000000011,0.024869450804819403,5,0.0,0.0,5,-0.05625,0.06144950501563594,5,-0.05416666666666666,0.051769890165788236,5,0.0,0.0,5,0.08125,0.07633362900233859,5,-3.003875968992248,2.4561612123326695,5,0.0,0.0,5,0.0,0.0,5,-0.05625,0.06144950501563594,5,-0.09370430354484038,0.05072289325844875,5,0.0,0.0,5
switch_after6,regime_marginal,observed,warehouse,all,cusum_minus_point,0.06502989660301131,0.11761398745533413,5,0.075,0.11491429475434677,5,0.04179168459402316,0.16244982300023247,4,0.02463682759110755,0.06784389026409032,5,0.009399224806201551,0.011939659665514324,5,0.0031250000000000006,0.019695490001238578,5,0.07708333333333332,0.05028132660894652,5,0.0,0.0,5,0.075,0.11491429475434677,5,0.06875,0.10115436155258511,5,0.0,0.0,5,0.10208333333333333,0.09182042029599588,5,-7.267441860465115,3.3038230855101394,5,0.0,0.0,5,0.0,0.0,5,0.075,0.11491429475434677,5,0.06502989660301131,0.11761398745533413,5,0.0,0.0,5
switch_after6,regime_marginal,observed,warehouse,stable,cusum_minus_ewma,-0.10149812669516112,0.0749139192739263,5,-0.054166666666666675,0.09152451098537,5,-0.09663999384579822,0.08793705294785968,4,-0.08087623226753428,0.047071526598351704,5,0.006359649122807018,0.012281191249643126,5,-0.004166666666666666,0.018922814713109325,5,-0.008333333333333349,0.05017331074496792,5,0.0,0.0,5,-0.054166666666666675,0.09152451098537,5,-0.05833333333333333,0.08513673642376064,5,0.0,0.0,5,0.08125,0.07633362900233859,5,-3.289473684210526,2.8222670342617873,5,0.0,0.0,5,0.0,0.0,5,-0.054166666666666675,0.09152451098537,5,-0.10149812669516112,0.0749139192739263,5,0.0,0.0,5
switch_after6,regime_marginal,observed,warehouse,stable,cusum_minus_point,0.10221880786383677,0.11819831384108326,5,0.15,0.17014597490912847,5,0.07793144064597154,0.12256273582768505,4,0.07464035769401836,0.09624407607899761,5,0.011513157894736841,0.014659804777544888,5,0.002083333333333334,0.028905076928149184,5,0.2166666666666667,0.06686169389950504,5,0.0,0.0,5,0.15,0.17014597490912847,5,0.1375,0.14175854863503334,5,0.0,0.0,5,0.10208333333333333,0.09182042029599588,5,-7.3464912280701755,3.3483402378514184,5,0.0,0.0,5,0.0,0.0,5,0.15,0.17014597490912847,5,0.10221880786383677,0.11819831384108326,5,0.0,0.0,5
switch_after6,regime_marginal,observed,warehouse,transition,cusum_minus_ewma,-0.09439465134975869,0.08033370301604092,5,-0.058333333333333334,0.04973890160963885,5,-0.017857142857142835,0.243878183536658,4,0.006274834776331628,0.07131749149044732,5,-0.005,0.007453559924999299,5,-0.006250000000000001,0.009316949906249126,5,-0.016666666666666673,0.03090082702956526,5,0.0,0.0,5,-0.058333333333333334,0.04973890160963885,5,-0.05,0.04796193513842225,5,0.0,0.0,5,,,0,-0.8333333333333334,1.8633899812498247,5,0.0,0.0,5,0.0,0.0,5,-0.058333333333333334,0.04973890160963885,5,-0.09439465134975869,0.08033370301604092,5,0.0,0.0,5
switch_after6,regime_marginal,observed,warehouse,transition,cusum_minus_point,0.001153321095924556,0.11492356588818228,5,2.7755575615628915e-18,0.06421264586426018,5,0.18005952380952384,0.5864907865804578,4,0.08379901260039997,0.1069118102638618,5,-0.006666666666666666,0.01125771340508858,5,0.004166666666666667,0.02282177322938192,5,-0.062499999999999986,0.11410886614690965,5,0.0,0.0,5,2.7755575615628915e-18,0.06421264586426018,5,2.7755575615628915e-18,0.06421264586426018,5,0.0,0.0,5,,,0,-6.666666666666666,9.128709291752768,5,0.0,0.0,5,0.0,0.0,5,2.7755575615628915e-18,0.06421264586426018,5,0.001153321095924556,0.11492356588818228,5,0.0,0.0,5
switch_at,regime_conditional,clean,all,all,cusum_minus_ewma,0.0,0.0,5,,,0,0.0,0.0,5,,,0,0.0015740740740740743,0.006959346151534753,5,,,0,,,0,,,0,,,0,,,0,0.0,0.0,5,-0.009027777777777777,0.010300275676521753,5,-3.45679012345679,1.6890923817916206,5,0.0,0.0,5,0.0,0.0,5,,,0,0.0,0.0,5,,,0
switch_at,regime_conditional,clean,all,all,cusum_minus_point,0.0,0.0,5,,,0,0.0,0.0,5,,,0,0.0025,0.008798597273232137,5,,,0,,,0,,,0,,,0,,,0,0.0,0.0,5,-0.0013888888888888885,0.007200153247683237,5,-7.932098765432099,1.727430286290829,5,0.0,0.0,5,0.0,0.0,5,,,0,0.0,0.0,5,,,0
switch_at,regime_conditional,clean,all,stable,cusum_minus_ewma,0.0,0.0,5,,,0,0.0,0.0,5,,,0,0.0024928774928774937,0.007473331115182804,5,,,0,,,0,,,0,,,0,,,0,0.0,0.0,5,-0.009027777777777777,0.010300275676521753,5,-3.4544159544159547,1.6397242782366581,5,0.0,0.0,5,0.0,0.0,5,,,0,0.0,0.0,5,,,0
switch_at,regime_conditional,clean,all,stable,cusum_minus_point,0.0,0.0,5,,,0,0.0,0.0,5,,,0,0.004131054131054132,0.00980266983521569,5,,,0,,,0,,,0,,,0,,,0,0.0,0.0,5,-0.0013888888888888885,0.007200153247683237,5,-7.6566951566951555,2.095548841869626,5,0.0,0.0,5,0.0,0.0,5,,,0,0.0,0.0,5,,,0
switch_at,regime_conditional,clean,all,transition,cusum_minus_ewma,0.0,0.0,5,,,0,0.0,0.0,5,,,0,-0.004398148148148148,0.004658474953124562,5,,,0,,,0,,,0,,,0,,,0,0.0,0.0,5,,,0,-3.4722222222222223,2.9508214777736024,5,0.0,0.0,5,0.0,0.0,5,,,0,0.0,0.0,5,,,0
switch_at,regime_conditional,clean,all,transition,cusum_minus_point,0.0,0.0,5,,,0,0.0,0.0,5,,,0,-0.008101851851851851,0.00497819749250152,5,,,0,,,0,,,0,,,0,,,0,0.0,0.0,5,,,0,-9.722222222222223,3.334458400668503,5,0.0,0.0,5,0.0,0.0,5,,,0,0.0,0.0,5,,,0
switch_at,regime_conditional,clean,transit_rough,all,cusum_minus_ewma,0.0,0.0,5,,,0,0.0,0.0,5,,,0,0.0012037037037037044,0.006925901168503979,5,,,0,,,0,,,0,,,0,,,0,0.0,0.0,5,-0.0020833333333333337,0.018633899812498248,5,-3.0555555555555554,2.6514483450511763,5,0.0,0.0,5,0.0,0.0,5,,,0,0.0,0.0,5,,,0
switch_at,regime_conditional,clean,transit_rough,all,cusum_minus_point,0.0,0.0,5,,,0,0.0,0.0,5,,,0,0.0021296296296296298,0.009280069207679117,5,,,0,,,0,,,0,,,0,,,0,0.0,0.0,5,0.008333333333333335,0.021347814095749165,5,-7.222222222222223,3.6688171770664724,5,0.0,0.0,5,0.0,0.0,5,,,0,0.0,0.0,5,,,0
switch_at,regime_conditional,clean,transit_rough,stable,cusum_minus_ewma,0.0,0.0,5,,,0,0.0,0.0,5,,,0,0.002243589743589744,0.007434623257567011,5,,,0,,,0,,,0,,,0,,,0,0.0,0.0,5,-0.0020833333333333337,0.018633899812498248,5,-2.7777777777777777,2.911202263555281,5,0.0,0.0,5,0.0,0.0,5,,,0,0.0,0.0,5,,,0
switch_at,regime_conditional,clean,transit_rough,stable,cusum_minus_point,0.0,0.0,5,,,0,0.0,0.0,5,,,0,0.0038461538461538464,0.009888973379807335,5,,,0,,,0,,,0,,,0,,,0,0.0,0.0,5,0.008333333333333335,0.021347814095749165,5,-6.410256410256411,3.2273092878190632,5,0.0,0.0,5,0.0,0.0,5,,,0,0.0,0.0,5,,,0
switch_at,regime_conditional,clean,transit_rough,transition,cusum_minus_ewma,0.0,0.0,2,,,0,0.0,0.0,2,,,0,-0.005555555555555556,0.00836221845749465,5,,,0,,,0,,,0,,,0,,,0,0.0,0.0,5,,,0,-4.861111111111112,5.810139073153303,5,0.0,0.0,5,0.0,0.0,5,,,0,0.0,0.0,2,,,0
switch_at,regime_conditional,clean,transit_rough,transition,cusum_minus_point,0.0,0.0,2,,,0,0.0,0.0,2,,,0,-0.009027777777777777,0.011143615649917508,5,,,0,,,0,,,0,,,0,,,0,0.0,0.0,5,,,0,-12.5,6.768607183895114,5,0.0,0.0,5,0.0,0.0,5,,,0,0.0,0.0,2,,,0
switch_at,regime_conditional,clean,transit_smooth,all,cusum_minus_ewma,0.0,0.0,5,,,0,0.0,0.0,5,,,0,0.0032407407407407406,0.010773218776129719,5,,,0,,,0,,,0,,,0,,,0,0.0,0.0,5,-0.004166666666666667,0.00570544330734548,5,-3.425925925925926,3.4583054438857594,5,0.0,0.0,5,0.0,0.0,5,,,0,0.0,0.0,5,,,0
switch_at,regime_conditional,clean,transit_smooth,all,cusum_minus_point,0.0,0.0,5,,,0,0.0,0.0,5,,,0,0.004814814814814815,0.02028760543179945,5,,,0,,,0,,,0,,,0,,,0,0.0,0.0,5,-0.008333333333333333,0.004658474953124561,5,-7.407407407407407,3.9959899309333493,5,0.0,0.0,5,0.0,0.0,5,,,0,0.0,0.0,5,,,0
switch_at,regime_conditional,clean,transit_smooth,stable,cusum_minus_ewma,0.0,0.0,5,,,0,0.0,0.0,5,,,0,0.00373931623931624,0.01264683824973474,5,,,0,,,0,,,0,,,0,,,0,0.0,0.0,5,-0.004166666666666667,0.00570544330734548,5,-3.846153846153846,3.428804815359233,5,0.0,0.0,5,0.0,0.0,5,,,0,0.0,0.0,5,,,0
switch_at,regime_conditional,clean,transit_smooth,stable,cusum_minus_point,0.0,0.0,5,,,0,0.0,0.0,5,,,0,0.007051282051282051,0.022383052335425365,5,,,0,,,0,,,0,,,0,,,0,0.0,0.0,5,-0.008333333333333333,0.004658474953124561,5,-6.944444444444445,2.998122906068864,5,0.0,0.0,5,0.0,0.0,5,,,0,0.0,0.0,5,,,0
switch_at,regime_conditional,clean,transit_smooth,transition,cusum_minus_ewma,0.0,,1,,,0,0.0,,1,,,0,0.0,0.004910463758239913,5,,,0,,,0,,,0,,,0,,,0,0.0,0.0,5,,,0,-0.6944444444444444,3.8036288715636535,5,0.0,0.0,5,0.0,0.0,5,,,0,0.0,,1,,,0
switch_at,regime_conditional,clean,transit_smooth,transition,cusum_minus_point,0.0,,1,,,0,0.0,,1,,,0,-0.009722222222222222,0.012127950830953459,5,,,0,,,0,,,0,,,0,,,0,0.0,0.0,5,,,0,-10.416666666666666,10.98013076447354,5,0.0,0.0,5,0.0,0.0,5,,,0,0.0,,1,,,0
switch_at,regime_conditional,clean,warehouse,all,cusum_minus_ewma,0.0,0.0,5,,,0,0.0,0.0,5,,,0,0.00027777777777777816,0.010198854463767677,5,,,0,,,0,,,0,,,0,,,0,0.0,0.0,5,-0.020833333333333336,0.030369541118985943,5,-3.8888888888888884,2.8837799078513773,5,0.0,0.0,5,0.0,0.0,5,,,0,0.0,0.0,5,,,0
switch_at,regime_conditional,clean,warehouse,all,cusum_minus_point,0.0,0.0,5,,,0,0.0,0.0,5,,,0,0.0005555555555555557,0.012003157449259536,5,,,0,,,0,,,0,,,0,,,0,0.0,0.0,5,-0.004166666666666667,0.00570544330734548,5,-9.166666666666666,4.310779387772141,5,0.0,0.0,5,0.0,0.0,5,,,0,0.0,0.0,5,,,0
switch_at,regime_conditional,clean,warehouse,stable,cusum_minus_ewma,0.0,0.0,5,,,0,0.0,0.0,5,,,0,0.0014957264957264952,0.010545310177155192,5,,,0,,,0,,,0,,,0,,,0,0.0,0.0,5,-0.020833333333333336,0.030369541118985943,5,-3.7393162393162394,2.7499012128704594,5,0.0,0.0,5,0.0,0.0,5,,,0,0.0,0.0,5,,,0
switch_at,regime_conditional,clean,warehouse,stable,cusum_minus_point,0.0,0.0,5,,,0,0.0,0.0,5,,,0,0.0014957264957264952,0.014528539716255024,5,,,0,,,0,,,0,,,0,,,0,0.0,0.0,5,-0.004166666666666667,0.00570544330734548,5,-9.615384615384617,5.577086810315465,5,0.0,0.0,5,0.0,0.0,5,,,0,0.0,0.0,5,,,0
switch_at,regime_conditional,clean,warehouse,transition,cusum_minus_ewma,0.0,0.0,2,,,0,0.0,0.0,2,,,0,-0.007638888888888888,0.010814174654442666,5,,,0,,,0,,,0,,,0,,,0,0.0,0.0,5,,,0,-4.861111111111112,5.265885725035799,5,0.0,0.0,5,0.0,0.0,5,,,0,0.0,0.0,2,,,0
switch_at,regime_conditional,clean,warehouse,transition,cusum_minus_point,0.0,0.0,2,,,0,0.0,0.0,2,,,0,-0.005555555555555555,0.007607257743127307,5,,,0,,,0,,,0,,,0,,,0,0.0,0.0,5,,,0,-6.25,4.52722389250184,5,0.0,0.0,5,0.0,0.0,5,,,0,0.0,0.0,2,,,0
switch_at,regime_conditional,observed,all,all,cusum_minus_ewma,-0.1602675737618634,0.019319887444699937,5,-0.09305555555555554,0.016543235068849433,5,-0.2337640619189266,0.043326910784612205,5,-0.21141856748641188,0.03720950061378565,5,0.025193798449612403,0.01169054332742497,5,-0.008333333333333335,0.006186989472640784,5,-0.061111111111111116,0.016939320718958987,5,0.0,0.0,5,-0.09305555555555554,0.016543235068849433,5,-0.07569444444444445,0.00963502564271639,5,0.0,0.0,5,0.2965277777777778,0.0643345716873714,5,-2.7454780361757107,1.984529348747498,5,0.0,0.0,5,0.0,0.0,5,-0.09305555555555554,0.016543235068849433,5,-0.1602675737618634,0.019319887444699937,5,0.0,0.0,5
switch_at,regime_conditional,observed,all,all,cusum_minus_point,0.09968697199236085,0.019613566966887926,5,0.16180555555555556,0.032162600491415026,5,-0.024001396813104446,0.05766613470282326,5,0.03234890910142767,0.021153282254389557,5,0.03236434108527132,0.014211243965986706,5,0.0013888888888888887,0.01871460135862759,5,0.15416666666666665,0.02931921087858964,5,0.0,0.0,5,0.16180555555555556,0.032162600491415026,5,0.16458333333333336,0.021206154839725655,5,0.0,0.0,5,0.3895833333333333,0.07206011454351635,5,-6.136950904392765,2.3459042387490228,5,0.0,0.0,5,0.0,0.0,5,0.16180555555555556,0.032162600491415026,5,0.09968697199236085,0.019613566966887926,5,0.0,0.0,5
switch_at,regime_conditional,observed,all,stable,cusum_minus_ewma,0.0,0.0,5,,,0,0.0,0.0,5,,,0,0.02863247863247863,0.012855336134435586,5,,,0,,,0,,,0,,,0,,,0,0.0,0.0,5,0.2965277777777778,0.0643345716873714,5,-2.5641025641025634,2.086450902340744,5,0.0,0.0,5,0.0,0.0,5,,,0,0.0,0.0,5,,,0
switch_at,regime_conditional,observed,all,stable,cusum_minus_point,0.0,0.0,5,,,0,0.0,0.0,5,,,0,0.035541310541310545,0.014377169210133054,5,,,0,,,0,,,0,,,0,,,0,0.0,0.0,5,0.3895833333333333,0.07206011454351635,5,-6.018518518518517,2.455716098014147,5,0.0,0.0,5,0.0,0.0,5,,,0,0.0,0.0,5,,,0
switch_at,regime_conditional,observed,all,transition,cusum_minus_ewma,-0.10379293417276406,0.020946011142969966,5,-0.09305555555555554,0.016543235068849433,5,0.00818358586408241,0.03859792050734858,5,-0.04127131048171902,0.01654198409299351,5,-0.008333333333333335,0.006186989472640784,5,-0.008333333333333335,0.006186989472640784,5,-0.061111111111111116,0.016939320718958987,5,0.0,0.0,5,-0.09305555555555554,0.016543235068849433,5,-0.07569444444444445,0.00963502564271639,5,0.0,0.0,5,,,0,-4.513888888888889,2.6329428625179,5,0.0,0.0,5,0.0,0.0,5,-0.09305555555555554,0.016543235068849433,5,-0.10379293417276406,0.020946011142969966,5,0.0,0.0,5
switch_at,regime_conditional,observed,all,transition,cusum_minus_point,0.23161499256580692,0.0275859033336871,5,0.16180555555555556,0.032162600491415026,5,0.15425392369291055,0.15285267574396486,5,0.17394925092435543,0.04289759617396673,5,0.0013888888888888887,0.01871460135862759,5,0.0013888888888888887,0.01871460135862759,5,0.15416666666666665,0.02931921087858964,5,0.0,0.0,5,0.16180555555555556,0.032162600491415026,5,0.16458333333333336,0.021206154839725655,5,0.0,0.0,5,,,0,-7.291666666666666,8.970840751919315,5,0.0,0.0,5,0.0,0.0,5,0.16180555555555556,0.032162600491415026,5,0.23161499256580692,0.0275859033336871,5,0.0,0.0,5
switch_at,regime_conditional,observed,transit_rough,all,cusum_minus_ewma,-0.15491650181145347,0.03444479017685713,5,-0.07291666666666667,0.036084391824351615,5,-0.249673696370247,0.016150469209937502,5,-0.2255457528621294,0.053316059914964985,5,0.030717054263565892,0.011350039119648311,5,-0.00625,0.00679083583875276,5,-0.008333333333333349,0.03407380673707525,5,0.0,0.0,5,-0.07291666666666667,0.036084391824351615,5,-0.054166666666666675,0.03072475250781797,5,0.0,0.0,5,0.35416666666666663,0.07547592055307,5,-3.2945736434108523,2.7278465620657455,5,0.0,0.0,5,0.0,0.0,5,-0.07291666666666667,0.036084391824351615,5,-0.15491650181145347,0.03444479017685713,5,0.0,0.0,5
switch_at,regime_conditional,observed,transit_rough,all,cusum_minus_point,0.08688662341063706,0.02914089066689235,5,0.16041666666666665,0.028144283512721437,5,-0.049871221070191485,0.08224317704758156,5,0.019717404640626858,0.036247586408212025,5,0.036724806201550386,0.015257397592617189,5,-0.008333333333333333,0.013581671677505519,5,0.22916666666666666,0.0765465544619743,5,0.0,0.0,5,0.16041666666666665,0.028144283512721437,5,0.16666666666666669,0.020833333333333325,5,0.0,0.0,5,0.4520833333333334,0.11660154432463102,5,-6.492248062015503,3.945000578647729,5,0.0,0.0,5,0.0,0.0,5,0.16041666666666665,0.028144283512721437,5,0.08688662341063706,0.02914089066689235,5,0.0,0.0,5
switch_at,regime_conditional,observed,transit_rough,stable,cusum_minus_ewma,0.0,0.0,5,,,0,0.0,0.0,5,,,0,0.03450854700854701,0.01237080764553824,5,,,0,,,0,,,0,,,0,,,0,0.0,0.0,5,0.35416666666666663,0.07547592055307,5,-2.9914529914529915,2.5225895198969224,5,0.0,0.0,5,0.0,0.0,5,,,0,0.0,0.0,5,,,0
switch_at,regime_conditional,observed,transit_rough,stable,cusum_minus_point,0.0,0.0,5,,,0,0.0,0.0,5,,,0,0.041346153846153845,0.01626688084569229,5,,,0,,,0,,,0,,,0,,,0,0.0,0.0,5,0.4520833333333334,0.11660154432463102,5,-5.662393162393163,3.9544349408807156,5,0.0,0.0,5,0.0,0.0,5,,,0,0.0,0.0,5,,,0
switch_at,regime_conditional,observed,transit_rough,transition,cusum_minus_ewma,-0.08124650479669372,0.03993091532064985,5,-0.07291666666666667,0.036084391824351615,5,0.013117424740540052,0.02221048804043767,5,-0.011378256991717638,0.014038388464815563,5,-0.00625,0.00679083583875276,5,-0.00625,0.00679083583875276,5,-0.008333333333333349,0.03407380673707525,5,0.0,0.0,5,-0.07291666666666667,0.036084391824351615,5,-0.054166666666666675,0.03072475250781797,5,0.0,0.0,5,,,0,-6.25,6.790835838752759,5,0.0,0.0,5,0.0,0.0,5,-0.07291666666666667,0.036084391824351615,5,-0.08124650479669372,0.03993091532064985,5,0.0,0.0,5
switch_at,regime_conditional,observed,transit_rough,transition,cusum_minus_point,0.23487430220885122,0.0416335587772979,5,0.16041666666666665,0.028144283512721437,5,0.2250843184398584,0.1828606549735381,5,0.22689258480483715,0.0892365812410135,5,-0.008333333333333333,0.013581671677505519,5,-0.008333333333333333,0.013581671677505519,5,0.22916666666666666,0.0765465544619743,5,0.0,0.0,5,0.16041666666666665,0.028144283512721437,5,0.16666666666666669,0.020833333333333325,5,0.0,0.0,5,,,0,-14.583333333333334,8.558164961018221,5,0.0,0.0,5,0.0,0.0,5,0.16041666666666665,0.028144283512721437,5,0.23487430220885122,0.0416335587772979,5,0.0,0.0,5
switch_at,regime_conditional,observed,transit_smooth,all,cusum_minus_ewma,-0.1758643971577103,0.014738827019024079,5,-0.11458333333333334,0.03454817489953541,5,-0.25010380383338066,0.056622102656877275,5,-0.21738918881784025,0.025029695183550447,5,0.024709302325581394,0.013013930250545827,5,-0.008333333333333333,0.023175620272173944,5,-0.1,0.06446561852819085,5,0.0,0.0,5,-0.11458333333333334,0.03454817489953541,5,-0.10208333333333335,0.034860834438919804,5,0.0,0.0,5,0.25625,0.0573389956021787,5,-2.5193798449612403,3.7902339565131675,5,0.0,0.0,5,0.0,0.0,5,-0.11458333333333334,0.03454817489953541,5,-0.1758643971577103,0.014738827019024079,5,0.0,0.0,5
switch_at,regime_conditional,observed,transit_smooth,all,cusum_minus_point,0.07056081197984451,0.06591829726248537,5,0.13125,0.07953587153675448,5,-0.0661284689957002,0.06413195616494693,5,0.003190685495397333,0.03860537536504531,5,0.034205426356589144,0.02037650389401607,5,0.002083333333333333,0.024595247818994987,5,0.09583333333333335,0.09810487231642588,5,0.0,0.0,5,0.13125,0.07953587153675448,5,0.13958333333333334,0.05492260969360028,5,0.0,0.0,5,0.3520833333333333,0.09063098639231752,5,-4.7480620155038755,4.015768563004283,5,0.0,0.0,5,0.0,0.0,5,0.13125,0.07953587153675448,5,0.07056081197984451,0.06591829726248537,5,0.0,0.0,5
switch_at,regime_conditional,observed,transit_smooth,stable,cusum_minus_ewma,0.0,0.0,5,,,0,0.0,0.0,5,,,0,0.0280982905982906,0.013443083605418292,5,,,0,,,0,,,0,,,0,,,0,0.0,0.0,5,0.25625,0.0573389956021787,5,-2.7777777777777777,3.36580854744089,5,0.0,0.0,5,0.0,0.0,5,,,0,0.0,0.0,5,,,0
switch_at,regime_conditional,observed,transit_smooth,stable,cusum_minus_point,0.0,0.0,5,,,0,0.0,0.0,5,,,0,0.0375,0.02175923011641191,5,,,0,,,0,,,0,,,0,,,0,0.0,0.0,5,0.3520833333333333,0.09063098639231752,5,-4.914529914529915,2.4595864173549877,5,0.0,0.0,5,0.0,0.0,5,,,0,0.0,0.0,5,,,0
switch_at,regime_conditional,observed,transit_smooth,transition,cusum_minus_ewma,-0.13270885680529979,0.038675885309725065,5,-0.11458333333333334,0.03454817489953541,5,0.010487886103715937,0.10174587339919672,5,-0.056347630709052396,0.0408089807690298,5,-0.008333333333333333,0.023175620272173944,5,-0.008333333333333333,0.023175620272173944,5,-0.1,0.06446561852819085,5,0.0,0.0,5,-0.11458333333333334,0.03454817489953541,5,-0.10208333333333335,0.034860834438919804,5,0.0,0.0,5,,,0,5.329070518200751e-16,12.21462437454018,5,0.0,0.0,5,0.0,0.0,5,-0.11458333333333334,0.03454817489953541,5,-0.13270885680529979,0.038675885309725065,5,0.0,0.0,5
switch_at,regime_conditional,observed,transit_smooth,transition,cusum_minus_point,0.1929049380298387,0.11217029527413337,5,0.13125,0.07953587153675448,5,0.0863985510209766,0.14586023615003305,5,0.1340589585978367,0.08170099681546869,5,0.002083333333333333,0.024595247818994987,5,0.002083333333333333,0.024595247818994987,5,0.09583333333333335,0.09810487231642588,5,0.0,0.0,5,0.13125,0.07953587153675448,5,0.13958333333333334,0.05492260969360028,5,0.0,0.0,5,,,0,-3.125,20.372507516258278,5,0.0,0.0,5,0.0,0.0,5,0.13125,0.07953587153675448,5,0.1929049380298387,0.11217029527413337,5,0.0,0.0,5
switch_at,regime_conditional,observed,warehouse,all,cusum_minus_ewma,-0.15048276854047443,0.047789084691029056,5,-0.09166666666666666,0.03784562942621864,5,-0.19615501110777972,0.09859070470106893,5,-0.1850716573260421,0.042479334411740476,5,0.02015503875968992,0.02143204077666551,5,-0.010416666666666668,0.014263608268363698,5,-0.07500000000000001,0.04623404379410865,5,0.0,0.0,5,-0.09166666666666666,0.03784562942621864,5,-0.07083333333333332,0.03712193683584471,5,0.0,0.0,5,0.2791666666666667,0.13204948304413094,5,-2.4224806201550386,3.891080039779314,5,0.0,0.0,5,0.0,0.0,5,-0.09166666666666666,0.03784562942621864,5,-0.15048276854047443,0.047789084691029056,5,0.0,0.0,5
switch_at,regime_conditional,observed,warehouse,all,cusum_minus_point,0.14171665180816356,0.04071836979634422,5,0.19375,0.0921742575234539,5,0.06629561191142683,0.10308973952401553,5,0.08292259654400877,0.04699333951891896,5,0.02616279069767442,0.02384144334363778,5,0.010416666666666668,0.03682847818679935,5,0.1375,0.08149003006503314,5,0.0,0.0,5,0.19375,0.0921742575234539,5,0.1875,0.07254368894366729,5,0.0,0.0,5,0.3645833333333333,0.11219093348196885,5,-7.170542635658914,5.787650449231764,5,0.0,0.0,5,0.0,0.0,5,0.19375,0.0921742575234539,5,0.14171665180816356,0.04071836979634422,5,0.0,0.0,5
switch_at,regime_conditional,observed,warehouse,stable,cusum_minus_ewma,0.0,0.0,5,,,0,0.0,0.0,5,,,0,0.02329059829059829,0.022615151840640405,5,,,0,,,0,,,0,,,0,,,0,0.0,0.0,5,0.2791666666666667,0.13204948304413094,5,-1.9230769230769227,4.04363052730247,5,0.0,0.0,5,0.0,0.0,5,,,0,0.0,0.0,5,,,0
switch_at,regime_conditional,observed,warehouse,stable,cusum_minus_point,0.0,0.0,5,,,0,0.0,0.0,5,,,0,0.02777777777777778,0.024846922499054982,5,,,0,,,0,,,0,,,0,,,0,0.0,0.0,5,0.3645833333333333,0.11219093348196885,5,-7.47863247863248,5.960447009727938,5,0.0,0.0,5,0.0,0.0,5,,,0,0.0,0.0,5,,,0
switch_at,regime_conditional,observed,warehouse,transition,cusum_minus_ewma,-0.1017100411645349,0.051674183501543965,5,-0.09166666666666666,0.03784562942621864,5,0.02163732139571506,0.09453189482444614,5,-0.04087695441243529,0.03736372855415112,5,-0.010416666666666668,0.014263608268363698,5,-0.010416666666666668,0.014263608268363698,5,-0.07500000000000001,0.04623404379410865,5,0.0,0.0,5,-0.09166666666666666,0.03784562942621864,5,-0.07083333333333332,0.03712193683584471,5,0.0,0.0,5,,,0,-7.291666666666667,4.6584749531245615,5,0.0,0.0,5,0.0,0.0,5,-0.09166666666666666,0.03784562942621864,5,-0.1017100411645349,0.051674183501543965,5,0.0,0.0,5
switch_at,regime_conditional,observed,warehouse,transition,cusum_minus_point,0.26396750881971054,0.0913971613375296,5,0.19375,0.0921742575234539,5,0.1950948071536307,0.22353032875736076,5,0.17099334435883096,0.1144658295564167,5,0.010416666666666668,0.03682847818679935,5,0.010416666666666668,0.03682847818679935,5,0.1375,0.08149003006503314,5,0.0,0.0,5,0.19375,0.0921742575234539,5,0.1875,0.07254368894366729,5,0.0,0.0,5,,,0,-4.166666666666667,13.481436568275818,5,0.0,0.0,5,0.0,0.0,5,0.19375,0.0921742575234539,5,0.26396750881971054,0.0913971613375296,5,0.0,0.0,5
switch_at,regime_marginal,clean,all,all,cusum_minus_ewma,0.0,0.0,5,,,0,0.0,0.0,5,,,0,0.0026234567901234577,0.010608936569319266,5,,,0,,,0,,,0,,,0,,,0,0.0,0.0,5,-0.009027777777777777,0.011927475025915048,5,-2.2839506172839505,1.3733700902029005,5,0.0,0.0,5,0.0,0.0,5,,,0,0.0,0.0,5,,,0
switch_at,regime_marginal,clean,all,all,cusum_minus_point,0.0,0.0,5,,,0,0.0,0.0,5,,,0,0.003950617283950617,0.008717838317096162,5,,,0,,,0,,,0,,,0,,,0,0.0,0.0,5,-0.0020833333333333333,0.003958942448260895,5,-7.839506172839506,1.9744645187113525,5,0.0,0.0,5,0.0,0.0,5,,,0,0.0,0.0,5,,,0
switch_at,regime_marginal,clean,all,stable,cusum_minus_ewma,0.0,0.0,5,,,0,0.0,0.0,5,,,0,0.003525641025641026,0.011954359598888346,5,,,0,,,0,,,0,,,0,,,0,0.0,0.0,5,-0.009027777777777777,0.011927475025915048,5,-2.386039886039886,1.519282692856235,5,0.0,0.0,5,0.0,0.0,5,,,0,0.0,0.0,5,,,0
switch_at,regime_marginal,clean,all,stable,cusum_minus_point,0.0,0.0,5,,,0,0.0,0.0,5,,,0,0.005840455840455841,0.009413269623834127,5,,,0,,,0,,,0,,,0,,,0,0.0,0.0,5,-0.0020833333333333333,0.003958942448260895,5,-7.7991452991453,1.6484026796343472,5,0.0,0.0,5,0.0,0.0,5,,,0,0.0,0.0,5,,,0
switch_at,regime_marginal,clean,all,transition,cusum_minus_ewma,0.0,0.0,2,,,0,0.0,0.0,2,,,0,-0.0032407407407407406,0.002639294965507264,5,,,0,,,0,,,0,,,0,,,0,0.0,0.0,5,,,0,-1.6203703703703702,1.319647482753632,5,0.0,0.0,5,0.0,0.0,5,,,0,0.0,0.0,2,,,0
switch_at,regime_marginal,clean,all,transition,cusum_minus_point,0.0,0.0,2,,,0,0.0,0.0,2,,,0,-0.008333333333333333,0.006036298523335785,5,,,0,,,0,,,0,,,0,,,0,0.0,0.0,5,,,0,-8.101851851851851,5.6701151453314305,5,0.0,0.0,5,0.0,0.0,5,,,0,0.0,0.0,2,,,0
switch_at,regime_marginal,clean,transit_rough,all,cusum_minus_ewma,0.0,0.0,3,,,0,0.0,0.0,3,,,0,-0.004814814814814815,0.00624227918173451,5,,,0,,,0,,,0,,,0,,,0,0.0,0.0,5,-0.004166666666666667,0.00570544330734548,5,-2.962962962962963,1.4858154199890012,5,0.0,0.0,5,0.0,0.0,5,,,0,0.0,0.0,3,,,0
switch_at,regime_marginal,clean,transit_rough,all,cusum_minus_point,0.0,0.0,3,,,0,0.0,0.0,3,,,0,-0.002314814814814815,0.008971214062535232,5,,,0,,,0,,,0,,,0,,,0,0.0,0.0,5,-0.004166666666666667,0.00570544330734548,5,-7.5,2.253826193451497,5,0.0,0.0,5,0.0,0.0,5,,,0,0.0,0.0,3,,,0
switch_at,regime_marginal,clean,transit_rough,stable,cusum_minus_ewma,0.0,0.0,3,,,0,0.0,0.0,3,,,0,-0.004807692307692307,0.008021718706026285,5,,,0,,,0,,,0,,,0,,,0,0.0,0.0,5,-0.004166666666666667,0.00570544330734548,5,-2.8846153846153846,1.5846577963879622,5,0.0,0.0,5,0.0,0.0,5,,,0,0.0,0.0,3,,,0
switch_at,regime_marginal,clean,transit_rough,stable,cusum_minus_point,0.0,0.0,3,,,0,0.0,0.0,3,,,0,-0.0008547008547008543,0.010265587507428472,5,,,0,,,0,,,0,,,0,,,0,0.0,0.0,5,-0.004166666666666667,0.00570544330734548,5,-6.944444444444445,2.169882052520289,5,0.0,0.0,5,0.0,0.0,5,,,0,0.0,0.0,3,,,0
switch_at,regime_marginal,clean,transit_rough,transition,cusum_minus_ewma,,,0,,,0,,,0,,,0,-0.004861111111111112,0.007200153247683237,5,,,0,,,0,,,0,,,0,,,0,0.0,0.0,5,,,0,-3.4722222222222223,4.252586358998573,5,0.0,0.0,5,0.0,0.0,5,,,0,,,0,,,0
switch_at,regime_marginal,clean,transit_rough,transition,cusum_minus_point,,,0,,,0,,,0,,,0,-0.011805555555555555,0.005810139073153302,5,,,0,,,0,,,0,,,0,,,0,0.0,0.0,5,,,0,-11.11111111111111,5.150137838260878,5,0.0,0.0,5,0.0,0.0,5,,,0,,,0,,,0
switch_at,regime_marginal,clean,transit_smooth,all,cusum_minus_ewma,0.0,0.0,3,,,0,0.0,0.0,3,,,0,0.014074074074074076,0.03179244567809761,5,,,0,,,0,,,0,,,0,,,0,0.0,0.0,5,0.0,0.0,5,-0.3703703703703704,1.8919274760835694,5,0.0,0.0,5,0.0,0.0,5,,,0,0.0,0.0,3,,,0
switch_at,regime_marginal,clean,transit_smooth,all,cusum_minus_point,0.0,0.0,3,,,0,0.0,0.0,3,,,0,0.01138888888888889,0.03401060917347948,5,,,0,,,0,,,0,,,0,,,0,0.0,0.0,5,-0.0020833333333333333,0.004658474953124561,5,-7.870370370370371,2.4056261216234405,5,0.0,0.0,5,0.0,0.0,5,,,0,0.0,0.0,3,,,0
switch_at,regime_marginal,clean,transit_smooth,stable,cusum_minus_ewma,0.0,0.0,3,,,0,0.0,0.0,3,,,0,0.016239316239316237,0.036683591167035706,5,,,0,,,0,,,0,,,0,,,0,0.0,0.0,5,0.0,0.0,5,-0.42735042735042744,2.182993241634888,5,0.0,0.0,5,0.0,0.0,5,,,0,0.0,0.0,3,,,0
switch_at,regime_marginal,clean,transit_smooth,stable,cusum_minus_point,0.0,0.0,3,,,0,0.0,0.0,3,,,0,0.014102564102564103,0.038673516631795135,5,,,0,,,0,,,0,,,0,,,0,0.0,0.0,5,-0.0020833333333333333,0.004658474953124561,5,-8.119658119658121,2.4884219441991697,5,0.0,0.0,5,0.0,0.0,5,,,0,0.0,0.0,3,,,0
switch_at,regime_marginal,clean,transit_smooth,transition,cusum_minus_ewma,,,0,,,0,,,0,,,0,0.0,0.0,5,,,0,,,0,,,0,,,0,,,0,0.0,0.0,5,,,0,0.0,0.0,5,0.0,0.0,5,0.0,0.0,5,,,0,,,0,,,0
switch_at,regime_marginal,clean,transit_smooth,transition,cusum_minus_point,,,0,,,0,,,0,,,0,-0.00625,0.0051501378382608765,5,,,0,,,0,,,0,,,0,,,0,0.0,0.0,5,,,0,-6.25,5.150137838260878,5,0.0,0.0,5,0.0,0.0,5,,,0,,,0,,,0
switch_at,regime_marginal,clean,warehouse,all,cusum_minus_ewma,0.0,0.0,4,,,0,0.0,0.0,4,,,0,-0.0013888888888888887,0.007863559144195847,5,,,0,,,0,,,0,,,0,,,0,0.0,0.0,5,-0.02291666666666667,0.03638385249286038,5,-3.518518518518518,2.731089111806041,5,0.0,0.0,5,0.0,0.0,5,,,0,0.0,0.0,4,,,0
switch_at,regime_marginal,clean,warehouse,all,cusum_minus_point,0.0,0.0,4,,,0,0.0,0.0,4,,,0,0.0027777777777777775,0.008301120869000513,5,,,0,,,0,,,0,,,0,,,0,0.0,0.0,5,0.0,0.012757759076995718,5,-8.148148148148147,4.174375584759203,5,0.0,0.0,5,0.0,0.0,5,,,0,0.0,0.0,4,,,0
switch_at,regime_marginal,clean,warehouse,stable,cusum_minus_ewma,0.0,0.0,4,,,0,0.0,0.0,4,,,0,-0.0008547008547008563,0.009156300795327277,5,,,0,,,0,,,0,,,0,,,0,0.0,0.0,5,-0.02291666666666667,0.03638385249286038,5,-3.8461538461538467,2.959806661793819,5,0.0,0.0,5,0.0,0.0,5,,,0,0.0,0.0,4,,,0
switch_at,regime_marginal,clean,warehouse,stable,cusum_minus_point,0.0,0.0,4,,,0,0.0,0.0,4,,,0,0.004273504273504272,0.010875680059563209,5,,,0,,,0,,,0,,,0,,,0,0.0,0.0,5,0.0,0.012757759076995718,5,-8.333333333333334,4.043630527302471,5,0.0,0.0,5,0.0,0.0,5,,,0,0.0,0.0,4,,,0
switch_at,regime_marginal,clean,warehouse,transition,cusum_minus_ewma,0.0,0.0,2,,,0,0.0,0.0,2,,,0,-0.00486111111111111,0.005810139073153302,5,,,0,,,0,,,0,,,0,,,0,0.0,0.0,5,,,0,-1.3888888888888888,1.901814435781827,5,0.0,0.0,5,0.0,0.0,5,,,0,0.0,0.0,2,,,0
switch_at,regime_marginal,clean,warehouse,transition,cusum_minus_point,0.0,0.0,2,,,0,0.0,0.0,2,,,0,-0.006944444444444445,0.011774878442925813,5,,,0,,,0,,,0,,,0,,,0,0.0,0.0,5,,,0,-6.944444444444445,9.820927516479825,5,0.0,0.0,5,0.0,0.0,5,,,0,0.0,0.0,2,,,0
switch_at,regime_marginal,observed,all,all,cusum_minus_ewma,-0.11900447031926024,0.03482872813659646,5,-0.08263888888888889,0.02372826328231928,5,-0.22786322024571626,0.08869955123266045,5,-0.0967574932474243,0.046352786118671135,5,0.008979328165374676,0.010028926732139414,5,-0.004166666666666667,0.003996827928201854,5,-0.054166666666666655,0.023753654689565334,5,0.0,0.0,5,-0.08263888888888889,0.02372826328231928,5,-0.07430555555555556,0.018794956392672715,5,0.0,0.0,5,0.04166666666666667,0.03966548492637452,5,-2.0348837209302326,1.295014224594926,5,0.0,0.0,5,0.0,0.0,5,-0.08263888888888889,0.02372826328231928,5,-0.11900447031926024,0.03482872813659646,5,0.0,0.0,5
switch_at,regime_marginal,observed,all,all,cusum_minus_point,-0.03308239409264575,0.021703155782922867,5,-0.015277777777777779,0.017116329922036443,5,-0.1177870996627826,0.04877053932102389,5,-0.03212378640011402,0.0026910953051138566,5,0.011950904392764857,0.0070432695372598594,5,-0.007291666666666666,0.007898828587553699,5,0.13541666666666669,0.04873496127645205,5,0.0,0.0,5,-0.015277777777777779,0.017116329922036443,5,-0.013194444444444444,0.018108895570007357,5,0.0,0.0,5,0.07222222222222223,0.0522797223336539,5,-7.202842377260981,1.657231722527817,5,0.0,0.0,5,0.0,0.0,5,-0.015277777777777779,0.017116329922036443,5,-0.03308239409264575,0.021703155782922867,5,0.0,0.0,5
switch_at,regime_marginal,observed,all,stable,cusum_minus_ewma,0.0,0.0,5,,,0,0.0,0.0,5,,,0,0.010327635327635327,0.010836251482425638,5,,,0,,,0,,,0,,,0,,,0,0.0,0.0,5,0.04166666666666667,0.03966548492637452,5,-2.0655270655270654,1.4388962856721457,5,0.0,0.0,5,0.0,0.0,5,,,0,0.0,0.0,5,,,0
switch_at,regime_marginal,observed,all,stable,cusum_minus_point,0.0,0.0,5,,,0,0.0,0.0,5,,,0,0.013924501424501426,0.007333502262646294,5,,,0,,,0,,,0,,,0,,,0,0.0,0.0,5,0.07222222222222223,0.0522797223336539,5,-7.158119658119658,1.322946981553184,5,0.0,0.0,5,0.0,0.0,5,,,0,0.0,0.0,5,,,0
switch_at,regime_marginal,observed,all,transition,cusum_minus_ewma,-0.137867531519515,0.03304058591050498,5,-0.08263888888888889,0.02372826328231928,5,-0.012962662337662356,0.09719352516489908,4,-0.035812338713334245,0.01876778928063075,5,-0.004166666666666667,0.003996827928201854,5,-0.004166666666666667,0.003996827928201854,5,-0.054166666666666655,0.023753654689565334,5,0.0,0.0,5,-0.08263888888888889,0.02372826328231928,5,-0.07430555555555556,0.018794956392672715,5,0.0,0.0,5,,,0,-1.7361111111111112,1.7361111111111112,5,0.0,0.0,5,0.0,0.0,5,-0.08263888888888889,0.02372826328231928,5,-0.137867531519515,0.03304058591050498,5,0.0,0.0,5
switch_at,regime_marginal,observed,all,transition,cusum_minus_point,-0.027098194003874792,0.03382164756655458,5,-0.015277777777777779,0.017116329922036443,5,0.15947411141490087,0.22856375659977837,4,0.10790965803536082,0.03124385449932458,5,-0.007291666666666666,0.007898828587553699,5,-0.007291666666666666,0.007898828587553699,5,0.13541666666666669,0.04873496127645205,5,0.0,0.0,5,-0.015277777777777779,0.017116329922036443,5,-0.013194444444444444,0.018108895570007357,5,0.0,0.0,5,,,0,-7.638888888888888,6.790835838752759,5,0.0,0.0,5,0.0,0.0,5,-0.015277777777777779,0.017116329922036443,5,-0.027098194003874792,0.03382164756655458,5,0.0,0.0,5
switch_at,regime_marginal,observed,transit_rough,all,cusum_minus_ewma,-0.12142982011729395,0.026511993676629056,5,-0.08541666666666667,0.02003685839757432,5,-0.2138642644935831,0.12176239685303725,4,-0.09997174742124194,0.06537253446116442,5,0.00445736434108527,0.017683776677357835,5,-0.0062499999999999995,0.00855816496101822,5,-0.04166666666666667,0.016470196146710303,5,0.0,0.0,5,-0.08541666666666667,0.02003685839757432,5,-0.075,0.022582795196540422,5,0.0,0.0,5,0.06250000000000001,0.07216878364870323,5,-2.325581395348837,1.6214341599497588,5,0.0,0.0,5,0.0,0.0,5,-0.08541666666666667,0.02003685839757432,5,-0.12142982011729395,0.026511993676629056,5,0.0,0.0,5
switch_at,regime_marginal,observed,transit_rough,all,cusum_minus_point,-0.042824812988371985,0.026818239194107384,5,-0.01875,0.026962873136551636,5,-0.11185344977662146,0.05947289978582101,4,-0.039907258333338455,0.021656632605153985,5,0.009302325581395347,0.020485078244499147,5,-0.009375,0.0077252067573913155,5,0.16666666666666666,0.099641283696401,5,0.0,0.0,5,-0.01875,0.026962873136551636,5,-0.014583333333333334,0.030900827029565262,5,0.0,0.0,5,0.09583333333333334,0.08881697394705086,5,-6.492248062015503,2.2879300296739524,5,0.0,0.0,5,0.0,0.0,5,-0.01875,0.026962873136551636,5,-0.042824812988371985,0.026818239194107384,5,0.0,0.0,5
switch_at,regime_marginal,observed,transit_rough,stable,cusum_minus_ewma,0.0,0.0,4,,,0,0.0,0.0,4,,,0,0.005555555555555555,0.020269602884150445,5,,,0,,,0,,,0,,,0,,,0,0.0,0.0,5,0.06250000000000001,0.07216878364870323,5,-2.136752136752137,1.811519760450125,5,0.0,0.0,5,0.0,0.0,5,,,0,0.0,0.0,4,,,0
switch_at,regime_marginal,observed,transit_rough,stable,cusum_minus_point,0.0,0.0,4,,,0,0.0,0.0,4,,,0,0.011217948717948718,0.022761049444860786,5,,,0,,,0,,,0,,,0,,,0,0.0,0.0,5,0.09583333333333334,0.08881697394705086,5,-6.196581196581197,2.285176243184556,5,0.0,0.0,5,0.0,0.0,5,,,0,0.0,0.0,4,,,0
switch_at,regime_marginal,observed,transit_rough,transition,cusum_minus_ewma,-0.14062814387155437,0.026662501110856197,5,-0.08541666666666667,0.02003685839757432,5,0.07899159663865546,0.0800565255244214,4,0.007355579999376127,0.01820600809800341,5,-0.0062499999999999995,0.00855816496101822,5,-0.0062499999999999995,0.00855816496101822,5,-0.04166666666666667,0.016470196146710303,5,0.0,0.0,5,-0.08541666666666667,0.02003685839757432,5,-0.075,0.022582795196540422,5,0.0,0.0,5,,,0,-4.166666666666666,4.357604304864977,5,0.0,0.0,5,0.0,0.0,5,-0.08541666666666667,0.02003685839757432,5,-0.14062814387155437,0.026662501110856197,5,0.0,0.0,5
switch_at,regime_marginal,observed,transit_rough,transition,cusum_minus_point,-0.033076337023979795,0.05120554353908896,5,-0.01875,0.026962873136551636,5,0.25,0.0680413817439772,4,0.17198899837281728,0.05736732156602119,5,-0.009375,0.0077252067573913155,5,-0.009375,0.0077252067573913155,5,0.16666666666666666,0.099641283696401,5,0.0,0.0,5,-0.01875,0.026962873136551636,5,-0.014583333333333334,0.030900827029565262,5,0.0,0.0,5,,,0,-9.375,7.725206757391316,5,0.0,0.0,5,0.0,0.0,5,-0.01875,0.026962873136551636,5,-0.033076337023979795,0.05120554353908896,5,0.0,0.0,5
switch_at,regime_marginal,observed,transit_smooth,all,cusum_minus_ewma,-0.11757572629110813,0.09904666973158732,5,-0.07291666666666667,0.06206445462402597,5,-0.28707993707993706,0.21174220812309258,5,-0.10918475543160114,0.07866759352976307,5,0.018604651162790697,0.03315277796501627,5,0.0,0.0,5,-0.03124999999999998,0.034548174899535385,5,0.0,0.0,5,-0.07291666666666667,0.06206445462402597,5,-0.07291666666666667,0.06206445462402597,5,0.0,0.0,5,0.0020833333333333324,0.030724752507817973,5,-0.19379844961240308,1.7333860290696044,5,0.0,0.0,5,0.0,0.0,5,-0.07291666666666667,0.06206445462402597,5,-0.11757572629110813,0.09904666973158732,5,0.0,0.0,5
switch_at,regime_marginal,observed,transit_smooth,all,cusum_minus_point,-0.07521047499932218,0.030129820262858174,5,-0.04791666666666666,0.020305821551685338,5,-0.14177452177452177,0.07407592931299864,5,-0.048206547625810905,0.020535381865182795,5,0.017344961240310076,0.034976794976494266,5,-0.005208333333333333,0.00637887953849786,5,0.16875000000000004,0.08507298745456426,5,0.0,0.0,5,-0.04791666666666666,0.020305821551685338,5,-0.04791666666666666,0.020305821551685338,5,0.0,0.0,5,0.025,0.05028132660894653,5,-7.267441860465115,2.1118696431883106,5,0.0,0.0,5,0.0,0.0,5,-0.04791666666666666,0.020305821551685338,5,-0.07521047499932218,0.030129820262858174,5,0.0,0.0,5
switch_at,regime_marginal,observed,transit_smooth,stable,cusum_minus_ewma,0.0,0.0,5,,,0,0.0,0.0,5,,,0,0.020512820512820513,0.03655306288450512,5,,,0,,,0,,,0,,,0,,,0,0.0,0.0,5,0.0020833333333333324,0.030724752507817973,5,-0.21367521367521364,1.911169211538282,5,0.0,0.0,5,0.0,0.0,5,,,0,0.0,0.0,5,,,0
switch_at,regime_marginal,observed,transit_smooth,stable,cusum_minus_point,0.0,0.0,5,,,0,0.0,0.0,5,,,0,0.019658119658119658,0.03819052188332977,5,,,0,,,0,,,0,,,0,,,0,0.0,0.0,5,0.025,0.05028132660894653,5,-7.47863247863248,2.0689013601535353,5,0.0,0.0,5,0.0,0.0,5,,,0,0.0,0.0,5,,,0
switch_at,regime_marginal,observed,transit_smooth,transition,cusum_minus_ewma,-0.12900587522597892,0.1058455262629253,5,-0.07291666666666667,0.06206445462402597,5,0.0,0.0,2,-0.03829797282338469,0.05007049007099667,5,0.0,0.0,5,0.0,0.0,5,-0.03124999999999998,0.034548174899535385,5,0.0,0.0,5,-0.07291666666666667,0.06206445462402597,5,-0.07291666666666667,0.06206445462402597,5,0.0,0.0,5,,,0,0.0,0.0,5,0.0,0.0,5,0.0,0.0,5,-0.07291666666666667,0.06206445462402597,5,-0.12900587522597892,0.1058455262629253,5,0.0,0.0,5
switch_at,regime_marginal,observed,transit_smooth,transition,cusum_minus_point,-0.08817475210111439,0.03567902540854317,5,-0.04791666666666666,0.020305821551685338,5,0.11805555555555558,0.009820927516479791,2,0.11070844862502435,0.09741857813371581,5,-0.005208333333333333,0.00637887953849786,5,-0.005208333333333333,0.00637887953849786,5,0.16875000000000004,0.08507298745456426,5,0.0,0.0,5,-0.04791666666666666,0.020305821551685338,5,-0.04791666666666666,0.020305821551685338,5,0.0,0.0,5,,,0,-5.208333333333333,6.378879538497859,5,0.0,0.0,5,0.0,0.0,5,-0.04791666666666666,0.020305821551685338,5,-0.08817475210111439,0.03567902540854317,5,0.0,0.0,5
switch_at,regime_marginal,observed,warehouse,all,cusum_minus_ewma,-0.12343636110606085,0.039452200851093494,5,-0.08958333333333333,0.043326321548094626,5,-0.24376544901917258,0.21290462855725759,5,-0.09858399033346987,0.007696193885986385,5,0.0038759689922480633,0.011882508205843724,5,-0.00625,0.009316949906249122,5,-0.0895833333333333,0.07313954033975817,5,0.0,0.0,5,-0.08958333333333333,0.043326321548094626,5,-0.07499999999999998,0.043824341599922136,5,0.0,0.0,5,0.06041666666666665,0.059109420662962944,5,-3.585271317829457,2.710581536957241,5,0.0,0.0,5,0.0,0.0,5,-0.08958333333333333,0.043326321548094626,5,-0.12343636110606085,0.039452200851093494,5,0.0,0.0,5
switch_at,regime_marginal,observed,warehouse,all,cusum_minus_point,0.008380259424494633,0.05853870250615057,5,0.020833333333333336,0.0546254608421954,5,-0.04859653898184145,0.10479560504788832,5,0.0006033027538028618,0.04990806575897016,5,0.009205426356589148,0.012813983677750189,5,-0.007291666666666667,0.015450413514782631,5,0.07083333333333335,0.09003037681804958,5,0.0,0.0,5,0.020833333333333336,0.0546254608421954,5,0.022916666666666672,0.05818433351570393,5,0.0,0.0,5,0.09583333333333333,0.08851102410936666,5,-7.848837209302326,3.7277876088510356,5,0.0,0.0,5,0.0,0.0,5,0.020833333333333336,0.0546254608421954,5,0.008380259424494633,0.05853870250615057,5,0.0,0.0,5
switch_at,regime_marginal,observed,warehouse,stable,cusum_minus_ewma,0.0,0.0,5,,,0,0.0,0.0,5,,,0,0.004914529914529914,0.012939044297734634,5,,,0,,,0,,,0,,,0,,,0,0.0,0.0,5,0.06041666666666665,0.059109420662962944,5,-3.846153846153846,3.031252341690407,5,0.0,0.0,5,0.0,0.0,5,,,0,0.0,0.0,5,,,0
switch_at,regime_marginal,observed,warehouse,stable,cusum_minus_point,0.0,0.0,5,,,0,0.0,0.0,5,,,0,0.010897435897435897,0.015485004552381929,5,,,0,,,0,,,0,,,0,,,0,0.0,0.0,5,0.09583333333333333,0.08851102410936666,5,-7.799145299145299,3.7316771787549103,5,0.0,0.0,5,0.0,0.0,5,,,0,0.0,0.0,5,,,0
switch_at,regime_marginal,observed,warehouse,transition,cusum_minus_ewma,-0.14228575831036,0.06600750092337096,5,-0.08958333333333333,0.043326321548094626,5,-0.03908040488922841,0.11506188318643025,4,-0.03970795394483871,0.03012789063343516,5,-0.00625,0.009316949906249122,5,-0.00625,0.009316949906249122,5,-0.0895833333333333,0.07313954033975817,5,0.0,0.0,5,-0.08958333333333333,0.043326321548094626,5,-0.07499999999999998,0.043824341599922136,5,0.0,0.0,5,,,0,-1.0416666666666665,2.3292374765622808,5,0.0,0.0,5,0.0,0.0,5,-0.08958333333333333,0.043326321548094626,5,-0.14228575831036,0.06600750092337096,5,0.0,0.0,5
switch_at,regime_marginal,observed,warehouse,transition,cusum_minus_point,0.03525762548123278,0.09648547641918205,5,0.020833333333333336,0.0546254608421954,5,0.18501984126984128,0.44055773769665435,4,0.09545332885308203,0.09936917611224792,5,-0.007291666666666667,0.015450413514782631,5,-0.007291666666666667,0.015450413514782631,5,0.07083333333333335,0.09003037681804958,5,0.0,0.0,5,0.020833333333333336,0.0546254608421954,5,0.022916666666666672,0.05818433351570393,5,0.0,0.0,5,,,0,-8.333333333333334,11.410886614690959,5,0.0,0.0,5,0.0,0.0,5,0.020833333333333336,0.0546254608421954,5,0.03525762548123278,0.09648547641918205,5,0.0,0.0,5
switch_before6,regime_conditional,clean,all,all,cusum_minus_ewma,0.0,0.0,5,,,0,0.0,0.0,5,,,0,0.0015740740740740743,0.006959346151534753,5,,,0,,,0,,,0,,,0,,,0,0.0,0.0,5,-0.006944444444444445,0.008143082916360121,5,-3.45679012345679,1.6890923817916206,5,0.0,0.0,5,0.0,0.0,5,,,0,0.0,0.0,5,,,0
switch_before6,regime_conditional,clean,all,all,cusum_minus_point,0.0,0.0,5,,,0,0.0,0.0,5,,,0,0.0025,0.008798597273232137,5,,,0,,,0,,,0,,,0,,,0,0.0,0.0,5,-0.005555555555555555,0.006768607183895114,5,-7.932098765432099,1.727430286290829,5,0.0,0.0,5,0.0,0.0,5,,,0,0.0,0.0,5,,,0
switch_before6,regime_conditional,clean,all,stable,cusum_minus_ewma,0.0,0.0,5,,,0,0.0,0.0,5,,,0,0.0024928774928774937,0.007473331115182804,5,,,0,,,0,,,0,,,0,,,0,0.0,0.0,5,-0.009722222222222222,0.007917884896521793,5,-3.4544159544159547,1.6397242782366581,5,0.0,0.0,5,0.0,0.0,5,,,0,0.0,0.0,5,,,0
switch_before6,regime_conditional,clean,all,stable,cusum_minus_point,0.0,0.0,5,,,0,0.0,0.0,5,,,0,0.004131054131054132,0.00980266983521569,5,,,0,,,0,,,0,,,0,,,0,0.0,0.0,5,0.0,0.012028130608117204,5,-7.6566951566951555,2.095548841869626,5,0.0,0.0,5,0.0,0.0,5,,,0,0.0,0.0,5,,,0
switch_before6,regime_conditional,clean,all,transition,cusum_minus_ewma,0.0,0.0,5,,,0,0.0,0.0,5,,,0,-0.004398148148148148,0.004658474953124562,5,,,0,,,0,,,0,,,0,,,0,0.0,0.0,5,-0.004166666666666667,0.009316949906249122,5,-3.4722222222222223,2.9508214777736024,5,0.0,0.0,5,0.0,0.0,5,,,0,0.0,0.0,5,,,0
switch_before6,regime_conditional,clean,all,transition,cusum_minus_point,0.0,0.0,5,,,0,0.0,0.0,5,,,0,-0.008101851851851851,0.00497819749250152,5,,,0,,,0,,,0,,,0,,,0,0.0,0.0,5,-0.01111111111111111,0.00791788489652179,5,-9.722222222222223,3.334458400668503,5,0.0,0.0,5,0.0,0.0,5,,,0,0.0,0.0,5,,,0
switch_before6,regime_conditional,clean,transit_rough,all,cusum_minus_ewma,0.0,0.0,5,,,0,0.0,0.0,5,,,0,0.0012037037037037044,0.006925901168503979,5,,,0,,,0,,,0,,,0,,,0,0.0,0.0,5,-0.00625,0.02030582155168534,5,-3.0555555555555554,2.6514483450511763,5,0.0,0.0,5,0.0,0.0,5,,,0,0.0,0.0,5,,,0
switch_before6,regime_conditional,clean,transit_rough,all,cusum_minus_point,0.0,0.0,5,,,0,0.0,0.0,5,,,0,0.0021296296296296298,0.009280069207679117,5,,,0,,,0,,,0,,,0,,,0,0.0,0.0,5,0.0,0.01275775907699572,5,-7.222222222222223,3.6688171770664724,5,0.0,0.0,5,0.0,0.0,5,,,0,0.0,0.0,5,,,0
switch_before6,regime_conditional,clean,transit_rough,stable,cusum_minus_ewma,0.0,0.0,5,,,0,0.0,0.0,5,,,0,0.002243589743589744,0.007434623257567011,5,,,0,,,0,,,0,,,0,,,0,0.0,0.0,5,-2.0816681711721684e-18,0.014731391274719743,5,-2.7777777777777777,2.911202263555281,5,0.0,0.0,5,0.0,0.0,5,,,0,0.0,0.0,5,,,0
switch_before6,regime_conditional,clean,transit_rough,stable,cusum_minus_point,0.0,0.0,5,,,0,0.0,0.0,5,,,0,0.0038461538461538464,0.009888973379807335,5,,,0,,,0,,,0,,,0,,,0,0.0,0.0,5,0.0125,0.027950849718747374,5,-6.410256410256411,3.2273092878190632,5,0.0,0.0,5,0.0,0.0,5,,,0,0.0,0.0,5,,,0
switch_before6,regime_conditional,clean,transit_rough,transition,cusum_minus_ewma,0.0,0.0,2,,,0,0.0,0.0,2,,,0,-0.005555555555555556,0.00836221845749465,5,,,0,,,0,,,0,,,0,,,0,0.0,0.0,5,-0.0125,0.027950849718747374,5,-4.861111111111112,5.810139073153303,5,0.0,0.0,5,0.0,0.0,5,,,0,0.0,0.0,2,,,0
switch_before6,regime_conditional,clean,transit_rough,transition,cusum_minus_point,0.0,0.0,2,,,0,0.0,0.0,2,,,0,-0.009027777777777777,0.011143615649917508,5,,,0,,,0,,,0,,,0,,,0,0.0,0.0,5,-0.0125,0.01141088661469096,5,-12.5,6.768607183895114,5,0.0,0.0,5,0.0,0.0,5,,,0,0.0,0.0,2,,,0
switch_before6,regime_conditional,clean,transit_smooth,all,cusum_minus_ewma,0.0,0.0,5,,,0,0.0,0.0,5,,,0,0.0032407407407407406,0.010773218776129719,5,,,0,,,0,,,0,,,0,,,0,0.0,0.0,5,-0.004166666666666667,0.00570544330734548,5,-3.425925925925926,3.4583054438857594,5,0.0,0.0,5,0.0,0.0,5,,,0,0.0,0.0,5,,,0
switch_before6,regime_conditional,clean,transit_smooth,all,cusum_minus_point,0.0,0.0,5,,,0,0.0,0.0,5,,,0,0.004814814814814815,0.02028760543179945,5,,,0,,,0,,,0,,,0,,,0,0.0,0.0,5,-0.0125,0.011410886614690962,5,-7.407407407407407,3.9959899309333493,5,0.0,0.0,5,0.0,0.0,5,,,0,0.0,0.0,5,,,0
switch_before6,regime_conditional,clean,transit_smooth,stable,cusum_minus_ewma,0.0,0.0,5,,,0,0.0,0.0,5,,,0,0.00373931623931624,0.01264683824973474,5,,,0,,,0,,,0,,,0,,,0,0.0,0.0,5,-0.008333333333333333,0.01141088661469096,5,-3.846153846153846,3.428804815359233,5,0.0,0.0,5,0.0,0.0,5,,,0,0.0,0.0,5,,,0
switch_before6,regime_conditional,clean,transit_smooth,stable,cusum_minus_point,0.0,0.0,5,,,0,0.0,0.0,5,,,0,0.007051282051282051,0.022383052335425365,5,,,0,,,0,,,0,,,0,,,0,0.0,0.0,5,-0.008333333333333333,0.01141088661469096,5,-6.944444444444445,2.998122906068864,5,0.0,0.0,5,0.0,0.0,5,,,0,0.0,0.0,5,,,0
switch_before6,regime_conditional,clean,transit_smooth,transition,cusum_minus_ewma,0.0,,1,,,0,0.0,,1,,,0,0.0,0.004910463758239913,5,,,0,,,0,,,0,,,0,,,0,0.0,0.0,5,0.0,0.0,5,-0.6944444444444444,3.8036288715636535,5,0.0,0.0,5,0.0,0.0,5,,,0,0.0,,1,,,0
switch_before6,regime_conditional,clean,transit_smooth,transition,cusum_minus_point,0.0,,1,,,0,0.0,,1,,,0,-0.009722222222222222,0.012127950830953459,5,,,0,,,0,,,0,,,0,,,0,0.0,0.0,5,-0.016666666666666666,0.01743041721945991,5,-10.416666666666666,10.98013076447354,5,0.0,0.0,5,0.0,0.0,5,,,0,0.0,,1,,,0
switch_before6,regime_conditional,clean,warehouse,all,cusum_minus_ewma,0.0,0.0,5,,,0,0.0,0.0,5,,,0,0.00027777777777777816,0.010198854463767677,5,,,0,,,0,,,0,,,0,,,0,0.0,0.0,5,-0.010416666666666666,0.010416666666666666,5,-3.8888888888888884,2.8837799078513773,5,0.0,0.0,5,0.0,0.0,5,,,0,0.0,0.0,5,,,0
switch_before6,regime_conditional,clean,warehouse,all,cusum_minus_point,0.0,0.0,5,,,0,0.0,0.0,5,,,0,0.0005555555555555557,0.012003157449259536,5,,,0,,,0,,,0,,,0,,,0,0.0,0.0,5,-0.004166666666666667,0.009316949906249122,5,-9.166666666666666,4.310779387772141,5,0.0,0.0,5,0.0,0.0,5,,,0,0.0,0.0,5,,,0
switch_before6,regime_conditional,clean,warehouse,stable,cusum_minus_ewma,0.0,0.0,5,,,0,0.0,0.0,5,,,0,0.0014957264957264952,0.010545310177155192,5,,,0,,,0,,,0,,,0,,,0,0.0,0.0,5,-0.020833333333333332,0.020833333333333332,5,-3.7393162393162394,2.7499012128704594,5,0.0,0.0,5,0.0,0.0,5,,,0,0.0,0.0,5,,,0
switch_before6,regime_conditional,clean,warehouse,stable,cusum_minus_point,0.0,0.0,5,,,0,0.0,0.0,5,,,0,0.0014957264957264952,0.014528539716255024,5,,,0,,,0,,,0,,,0,,,0,0.0,0.0,5,-0.004166666666666667,0.009316949906249122,5,-9.615384615384617,5.577086810315465,5,0.0,0.0,5,0.0,0.0,5,,,0,0.0,0.0,5,,,0
switch_before6,regime_conditional,clean,warehouse,transition,cusum_minus_ewma,0.0,0.0,2,,,0,0.0,0.0,2,,,0,-0.007638888888888888,0.010814174654442666,5,,,0,,,0,,,0,,,0,,,0,0.0,0.0,5,0.0,0.0,5,-4.861111111111112,5.265885725035799,5,0.0,0.0,5,0.0,0.0,5,,,0,0.0,0.0,2,,,0
switch_before6,regime_conditional,clean,warehouse,transition,cusum_minus_point,0.0,0.0,2,,,0,0.0,0.0,2,,,0,-0.005555555555555555,0.007607257743127307,5,,,0,,,0,,,0,,,0,,,0,0.0,0.0,5,-0.004166666666666667,0.009316949906249122,5,-6.25,4.52722389250184,5,0.0,0.0,5,0.0,0.0,5,,,0,0.0,0.0,2,,,0
switch_before6,regime_conditional,observed,all,all,cusum_minus_ewma,-0.09447420691816819,0.016927247284318724,5,-0.06805555555555556,0.01358167167750551,5,-0.14220646435301632,0.06656941850143218,5,-0.08076249491483768,0.033411178543642686,5,0.005329457364341085,0.007484032048277459,5,-0.0017361111111111112,0.0032479664815746024,5,-0.03680555555555556,0.031403941818319514,5,0.0,0.0,5,-0.06805555555555556,0.01358167167750551,5,-0.06805555555555556,0.014018492526518293,5,0.0,0.0,5,0.04513888888888889,0.01979471224130448,5,-3.5206718346253227,1.6286566195708925,5,0.0,0.0,5,0.0,0.0,5,-0.06805555555555556,0.01358167167750551,5,-0.09447420691816819,0.016927247284318724,5,0.0,0.0,5
switch_before6,regime_conditional,observed,all,all,cusum_minus_point,-0.006526733756585563,0.03308590975926964,5,0.006944444444444443,0.03284876376462587,5,-0.05554557401646767,0.04832382143943985,5,0.00012492791055174202,0.01817685916254026,5,0.008850129198966408,0.010074206041146214,5,-0.0041666666666666675,0.01465960543929483,5,0.10694444444444447,0.04442545167100544,5,0.0,0.0,5,0.006944444444444443,0.03284876376462587,5,0.01111111111111111,0.024478551016686893,5,0.0,0.0,5,0.08888888888888888,0.02570382711572465,5,-7.55813953488372,1.1723960861034584,5,0.0,0.0,5,0.0,0.0,5,0.006944444444444443,0.03284876376462587,5,-0.006526733756585563,0.03308590975926964,5,0.0,0.0,5
switch_before6,regime_conditional,observed,all,stable,cusum_minus_ewma,-0.08394618239971778,0.04225776338652081,5,-0.05972222222222223,0.04408491735584411,5,-0.1045699633112617,0.07378605393068587,5,-0.07340631720521627,0.03931220638800714,5,0.005482456140350878,0.008289414057048044,5,0.0013888888888888887,0.008715208609729953,5,-4.4408920985006264e-17,0.03574871576731597,5,0.0,0.0,5,-0.05972222222222223,0.04408491735584411,5,-0.0625,0.04137630308268398,5,0.0,0.0,5,0.04027777777777778,0.03816286573342802,5,-3.3260233918128654,1.49250855183446,5,0.0,0.0,5,0.0,0.0,5,-0.05972222222222223,0.04408491735584411,5,-0.08394618239971778,0.04225776338652081,5,0.0,0.0,5
switch_before6,regime_conditional,observed,all,stable,cusum_minus_point,0.01061287445804145,0.04756890171022354,5,0.029166666666666664,0.057138895640900585,5,-0.006535216199514452,0.061093709627100166,5,0.027263405424741472,0.04255336271936271,5,0.007309941520467836,0.011087581368506955,5,0.004166666666666666,0.019549567028137843,5,0.11944444444444442,0.06793498389664221,5,0.0,0.0,5,0.029166666666666664,0.057138895640900585,5,0.02777777777777778,0.046584749531245626,5,0.0,0.0,5,0.05416666666666666,0.04001350080802204,5,-7.748538011695906,1.6015279459215386,5,0.0,0.0,5,0.0,0.0,5,0.029166666666666664,0.057138895640900585,5,0.01061287445804145,0.04756890171022354,5,0.0,0.0,5
switch_before6,regime_conditional,observed,all,transition,cusum_minus_ewma,-0.1147885907627294,0.03416324536064527,5,-0.07638888888888888,0.02551551815399144,5,-0.23981255510667276,0.07394973532437064,5,-0.09672026519550878,0.029515541341339446,5,0.004166666666666667,0.007216878364870322,5,-0.004861111111111111,0.007993655856403709,5,-0.07361111111111111,0.0309008270295653,5,0.0,0.0,5,-0.07638888888888888,0.02551551815399144,5,-0.07361111111111111,0.023344078213849463,5,0.0,0.0,5,0.05,0.021628349308885325,5,-5.0,4.564354645876384,5,0.0,0.0,5,0.0,0.0,5,-0.07638888888888888,0.02551551815399144,5,-0.1147885907627294,0.03416324536064527,5,0.0,0.0,5
switch_before6,regime_conditional,observed,all,transition,cusum_minus_point,-0.03584494275761472,0.03089186346929152,5,-0.015277777777777779,0.02217877697593238,5,-0.300193223182993,0.08157864098198303,5,-0.06750043767374343,0.047893077080943515,5,0.020555555555555556,0.009692414623537723,5,-0.0125,0.01266290453389616,5,0.09444444444444447,0.056969845283315806,5,0.0,0.0,5,-0.015277777777777779,0.02217877697593238,5,-0.005555555555555555,0.016579633869879613,5,0.0,0.0,5,0.12361111111111112,0.028378912141253532,5,-6.111111111111111,7.32301462581337,5,0.0,0.0,5,0.0,0.0,5,-0.015277777777777779,0.02217877697593238,5,-0.03584494275761472,0.03089186346929152,5,0.0,0.0,5
switch_before6,regime_conditional,observed,transit_rough,all,cusum_minus_ewma,-0.08309110461955246,0.04405396999773311,5,-0.05208333333333333,0.03210632293213009,5,-0.15003123721961978,0.0664880400162993,5,-0.08313623899781193,0.044303170460572534,5,0.009399224806201551,0.010595964570362229,5,0.0062499999999999995,0.008558164961018218,5,-0.014583333333333327,0.07604880103518327,5,0.0,0.0,5,-0.05208333333333333,0.03210632293213009,5,-0.05625,0.023980967569211132,5,0.0,0.0,5,0.08541666666666667,0.05864870108441352,5,-2.4224806201550386,1.6783438057837958,5,0.0,0.0,5,0.0,0.0,5,-0.05208333333333333,0.03210632293213009,5,-0.08309110461955246,0.04405396999773311,5,0.0,0.0,5
switch_before6,regime_conditional,observed,transit_rough,all,cusum_minus_point,-0.008364639004440117,0.020229596235268373,5,0.012500000000000002,0.018633899812498255,5,-0.08098416110800012,0.06625352881194009,5,-0.01190460611674941,0.022196602762499733,5,0.012015503875968992,0.01352863794062706,5,0.002083333333333332,0.02819243458900908,5,0.12291666666666665,0.09299464216944023,5,0.0,0.0,5,0.012500000000000002,0.018633899812498255,5,0.00625,0.021600459743049714,5,0.0,0.0,5,0.125,0.0957540432856783,5,-6.395348837209302,2.0951306502364004,5,0.0,0.0,5,0.0,0.0,5,0.012500000000000002,0.018633899812498255,5,-0.008364639004440117,0.020229596235268373,5,0.0,0.0,5
switch_before6,regime_conditional,observed,transit_rough,stable,cusum_minus_ewma,-0.08350869578046641,0.053813317597659116,5,-0.04583333333333334,0.053925746273103266,5,-0.12441501568920925,0.072697616168601,5,-0.08796431429080843,0.07264643427099123,5,0.008881578947368421,0.010788047259867407,5,0.014583333333333334,0.021600459743049708,5,-0.004166666666666641,0.14312970031098057,5,0.0,0.0,5,-0.04583333333333334,0.053925746273103266,5,-0.058333333333333334,0.04007371679514864,5,0.0,0.0,5,0.08333333333333334,0.07795119555779045,5,-2.083333333333333,2.206646030427424,5,0.0,0.0,5,0.0,0.0,5,-0.04583333333333334,0.053925746273103266,5,-0.08350869578046641,0.053813317597659116,5,0.0,0.0,5
switch_before6,regime_conditional,observed,transit_rough,stable,cusum_minus_point,0.013359912109734928,0.03018720894901629,5,0.04583333333333333,0.04750730937913076,5,-0.020555008210180626,0.07299999349093722,5,0.012959688713225082,0.036064836742835844,5,0.009978070175438596,0.014033374347172067,5,0.014583333333333334,0.03869619921043065,5,0.09583333333333335,0.14775519355414285,5,0.0,0.0,5,0.04583333333333333,0.04750730937913076,5,0.025,0.03423265984407288,5,0.0,0.0,5,0.09583333333333333,0.09727181274940626,5,-6.469298245614036,1.9918752329588765,5,0.0,0.0,5,0.0,0.0,5,0.04583333333333333,0.04750730937913076,5,0.013359912109734928,0.03018720894901629,5,0.0,0.0,5
switch_before6,regime_conditional,observed,transit_rough,transition,cusum_minus_ewma,-0.09208104844740021,0.08325502626766693,5,-0.058333333333333334,0.05392574627310327,5,-0.22400543900543904,0.20511364154906836,5,-0.07419306064456635,0.058811849894697586,5,0.013333333333333332,0.014252192813739226,5,-0.002083333333333333,0.00465847495312456,5,-0.025000000000000022,0.04007371679514862,5,0.0,0.0,5,-0.058333333333333334,0.05392574627310327,5,-0.054166666666666675,0.04796193513842224,5,0.0,0.0,5,0.08750000000000001,0.07126096406869613,5,-4.999999999999998,8.014743359029726,5,0.0,0.0,5,0.0,0.0,5,-0.058333333333333334,0.05392574627310327,5,-0.09208104844740021,0.08325502626766693,5,0.0,0.0,5
switch_before6,regime_conditional,observed,transit_rough,transition,cusum_minus_point,-0.04830380225727204,0.06154457422844891,5,-0.020833333333333336,0.03897559777889523,5,-0.3328282828282828,0.22368492442212837,5,-0.050785753181115445,0.10581396924316425,5,0.027500000000000004,0.022935598240871474,5,-0.010416666666666666,0.018042195912175808,5,0.14999999999999997,0.10865337342004411,5,0.0,0.0,5,-0.020833333333333336,0.03897559777889523,5,-0.0125,0.04061164310337069,5,0.0,0.0,5,0.15416666666666667,0.11082863398558658,5,-5.833333333333334,6.319062870042959,5,0.0,0.0,5,0.0,0.0,5,-0.020833333333333336,0.03897559777889523,5,-0.04830380225727204,0.06154457422844891,5,0.0,0.0,5
switch_before6,regime_conditional,observed,transit_smooth,all,cusum_minus_ewma,-0.1003009843911243,0.024542902340065245,5,-0.08125,0.024869450804819424,5,-0.03458328771935465,0.22630648062348377,5,-0.0627512641858911,0.02810010410206869,5,0.004360465116279071,0.013548576990416245,5,-0.0010416666666666667,0.016221261981663997,5,-0.04166666666666665,0.08900003901372426,5,0.0,0.0,5,-0.08125,0.024869450804819424,5,-0.07916666666666668,0.023980967569211125,5,0.0,0.0,5,0.004166666666666666,0.057338995602178686,5,-4.263565891472868,3.8971080527500397,5,0.0,0.0,5,0.0,0.0,5,-0.08125,0.024869450804819424,5,-0.1003009843911243,0.024542902340065245,5,0.0,0.0,5
switch_before6,regime_conditional,observed,transit_smooth,all,cusum_minus_point,0.0015204128491395602,0.05151638726069347,5,0.004166666666666664,0.038696199210430646,5,0.0751127854196908,0.29018651189781186,5,0.018713134911304226,0.07362861731069871,5,0.009593023255813956,0.021827612381566407,5,-0.003125,0.028431966799908708,5,0.10833333333333335,0.13633502698621996,5,0.0,0.0,5,0.004166666666666664,0.038696199210430646,5,0.012499999999999999,0.02890507692814918,5,0.0,0.0,5,0.05,0.04852422791188381,5,-6.976744186046512,4.97169516758345,5,0.0,0.0,5,0.0,0.0,5,0.004166666666666664,0.038696199210430646,5,0.0015204128491395602,0.05151638726069347,5,0.0,0.0,5
switch_before6,regime_conditional,observed,transit_smooth,stable,cusum_minus_ewma,-0.05790774779552097,0.0638642184777983,5,-0.054166666666666675,0.043200919486099415,5,0.04428843827370569,0.24062641350411404,5,-0.021707257267365956,0.05830761452579027,5,0.005482456140350875,0.014531094606029134,5,0.002083333333333333,0.025937290829143193,5,0.029166666666666653,0.12893123705638168,5,0.0,0.0,5,-0.054166666666666675,0.043200919486099415,5,-0.054166666666666675,0.043200919486099415,5,0.0,0.0,5,0.004166666666666668,0.07276770498572076,5,-4.057017543859649,3.4369359690038332,5,0.0,0.0,5,0.0,0.0,5,-0.054166666666666675,0.043200919486099415,5,-0.05790774779552097,0.0638642184777983,5,0.0,0.0,5
switch_before6,regime_conditional,observed,transit_smooth,stable,cusum_minus_point,0.03779479644519741,0.11647651439405558,5,0.033333333333333326,0.07003223464154837,5,0.15458975077194914,0.35002771512554487,5,0.0708360992965371,0.14404271718839998,5,0.009868421052631578,0.02374922545755535,5,0.0041666666666666675,0.041405431071566225,5,0.16666666666666666,0.18102236663523713,5,0.0,0.0,5,0.033333333333333326,0.07003223464154837,5,0.0375,0.06488504792665598,5,0.0,0.0,5,0.025,0.04973890160963884,5,-6.68859649122807,3.865034371055826,5,0.0,0.0,5,0.0,0.0,5,0.033333333333333326,0.07003223464154837,5,0.03779479644519741,0.11647651439405558,5,0.0,0.0,5
switch_before6,regime_conditional,observed,transit_smooth,transition,cusum_minus_ewma,-0.1565603562087983,0.08665252038945342,5,-0.10833333333333335,0.064885047926656,5,-0.17299337916984975,0.17517007375893315,5,-0.13910606233503273,0.025276926927209658,5,-0.0041666666666666675,0.017677669529663688,5,-0.004166666666666667,0.011876827344782688,5,-0.1125,0.06002025121203306,5,0.0,0.0,5,-0.10833333333333335,0.064885047926656,5,-0.10416666666666667,0.060739082237971885,5,0.0,0.0,5,0.004166666666666668,0.057810153856298375,5,-5.833333333333334,8.122328620674137,5,0.0,0.0,5,0.0,0.0,5,-0.10833333333333335,0.064885047926656,5,-0.1565603562087983,0.08665252038945342,5,0.0,0.0,5
switch_before6,regime_conditional,observed,transit_smooth,transition,cusum_minus_point,-0.03657729098817155,0.11619335631289388,5,-0.025,0.07711148134717395,5,-0.05848484848484847,0.2520294121917791,5,-0.08380193566629932,0.044428561389905113,5,0.0075000000000000015,0.018493617517643456,5,-0.010416666666666666,0.01948779888944761,5,0.05000000000000001,0.10056265321789307,5,0.0,0.0,5,-0.025,0.07711148134717395,5,-0.012500000000000002,0.06002025121203306,5,0.0,0.0,5,0.075,0.05818433351570392,5,-9.166666666666668,15.422296269434788,5,0.0,0.0,5,0.0,0.0,5,-0.025,0.07711148134717395,5,-0.03657729098817155,0.11619335631289388,5,0.0,0.0,5
switch_before6,regime_conditional,observed,warehouse,all,cusum_minus_ewma,-0.09590094123618152,0.04344473335589082,5,-0.07083333333333333,0.032442523963328,5,-0.089140489171024,0.11937788043086141,5,-0.08125182795697666,0.05982534499352093,5,0.0022286821705426356,0.011855809239676577,5,-0.010416666666666666,0.01041666666666667,5,-0.05416666666666662,0.06136115197926309,5,0.0,0.0,5,-0.07083333333333333,0.032442523963328,5,-0.06875,0.033430846949752534,5,0.0,0.0,5,0.04583333333333333,0.06694278755441511,5,-3.875968992248062,2.220240162284806,5,0.0,0.0,5,0.0,0.0,5,-0.07083333333333333,0.032442523963328,5,-0.09590094123618152,0.04344473335589082,5,0.0,0.0,5
switch_before6,regime_conditional,observed,warehouse,all,cusum_minus_point,-0.012963568031957745,0.05179463291978501,5,0.004166666666666666,0.06854451615150876,5,-0.010184931351016602,0.10642687068763333,5,0.011379550785098553,0.0437654615280731,5,0.004941860465116279,0.015543191430068048,5,-0.011458333333333334,0.009316949906249122,5,0.08958333333333333,0.02716334335501104,5,0.0,0.0,5,0.004166666666666666,0.06854451615150876,5,0.014583333333333332,0.06319062870042959,5,0.0,0.0,5,0.09166666666666666,0.0894257334638948,5,-9.302325581395348,3.8210744482810766,5,0.0,0.0,5,0.0,0.0,5,0.004166666666666666,0.06854451615150876,5,-0.012963568031957745,0.05179463291978501,5,0.0,0.0,5
switch_before6,regime_conditional,observed,warehouse,stable,cusum_minus_ewma,-0.09553806206094018,0.048068317072190385,5,-0.07916666666666666,0.047507309379130745,5,-0.0776802114456802,0.07356730830283395,5,-0.07790256089003922,0.06005091817418513,5,0.0020833333333333337,0.011271748496732523,5,-0.0125,0.01141088661469096,5,-0.024999999999999988,0.09925941041309663,5,0.0,0.0,5,-0.07916666666666666,0.047507309379130745,5,-0.075,0.0501733107449679,5,0.0,0.0,5,0.03333333333333334,0.08014743359029727,5,-3.837719298245614,2.087657101388133,5,0.0,0.0,5,0.0,0.0,5,-0.07916666666666666,0.047507309379130745,5,-0.09553806206094018,0.048068317072190385,5,0.0,0.0,5
switch_before6,regime_conditional,observed,warehouse,stable,cusum_minus_point,-0.006040578913999966,0.08669725489324419,5,0.008333333333333326,0.09838099127597995,5,0.013691965704114656,0.12635157772663888,5,0.029779398068957692,0.07632521487897924,5,0.0020833333333333346,0.015180563669106239,5,-0.00625,0.027163343355011037,5,0.09583333333333331,0.10684067837465065,5,0.0,0.0,5,0.008333333333333326,0.09838099127597995,5,0.020833333333333325,0.09316949906249122,5,0.0,0.0,5,0.04166666666666667,0.0820209153542897,5,-10.087719298245613,4.788918377614574,5,0.0,0.0,5,0.0,0.0,5,0.008333333333333326,0.09838099127597995,5,-0.006040578913999966,0.08669725489324419,5,0.0,0.0,5
switch_before6,regime_conditional,observed,warehouse,transition,cusum_minus_ewma,-0.094815247337644,0.03855511259157525,5,-0.06250000000000001,0.025515518153991446,5,-0.17900612270177488,0.19888546860447448,5,-0.08641301414611273,0.06684441812622478,5,0.003333333333333334,0.020069324297987162,5,-0.008333333333333335,0.01863389981249825,5,-0.08333333333333333,0.08462540004829128,5,0.0,0.0,5,-0.06250000000000001,0.025515518153991446,5,-0.06250000000000001,0.025515518153991446,5,0.0,0.0,5,0.05833333333333333,0.07424387367168941,5,-4.166666666666666,5.892556509887896,5,0.0,0.0,5,0.0,0.0,5,-0.06250000000000001,0.025515518153991446,5,-0.094815247337644,0.03855511259157525,5,0.0,0.0,5
switch_before6,regime_conditional,observed,warehouse,transition,cusum_minus_point,-0.022560429088730977,0.05094392639732429,5,-4.163336342344337e-18,0.05103103630798287,5,-0.253994708994709,0.19449938035458064,5,-0.06064354810028807,0.07886344067961756,5,0.026666666666666665,0.024402584107243868,5,-0.01666666666666667,0.009316949906249124,5,0.08333333333333334,0.08333333333333337,5,0.0,0.0,5,-4.163336342344337e-18,0.05103103630798287,5,0.008333333333333331,0.05229125165837971,5,0.0,0.0,5,0.14166666666666666,0.12360330811826105,5,-3.3333333333333335,6.846531968814577,5,0.0,0.0,5,0.0,0.0,5,-4.163336342344337e-18,0.05103103630798287,5,-0.022560429088730977,0.05094392639732429,5,0.0,0.0,5
switch_before6,regime_marginal,clean,all,all,cusum_minus_ewma,0.0,0.0,5,,,0,0.0,0.0,5,,,0,0.0026234567901234577,0.010608936569319266,5,,,0,,,0,,,0,,,0,,,0,0.0,0.0,5,-0.00625,0.010241584169272656,5,-2.2839506172839505,1.3733700902029005,5,0.0,0.0,5,0.0,0.0,5,,,0,0.0,0.0,5,,,0
switch_before6,regime_marginal,clean,all,all,cusum_minus_point,0.0,0.0,5,,,0,0.0,0.0,5,,,0,0.003950617283950617,0.008717838317096162,5,,,0,,,0,,,0,,,0,,,0,0.0,0.0,5,-0.0125,0.008715208609729954,5,-7.839506172839506,1.9744645187113525,5,0.0,0.0,5,0.0,0.0,5,,,0,0.0,0.0,5,,,0
switch_before6,regime_marginal,clean,all,stable,cusum_minus_ewma,0.0,0.0,5,,,0,0.0,0.0,5,,,0,0.003525641025641026,0.011954359598888346,5,,,0,,,0,,,0,,,0,,,0,0.0,0.0,5,-0.00972222222222222,0.018108895570007357,5,-2.386039886039886,1.519282692856235,5,0.0,0.0,5,0.0,0.0,5,,,0,0.0,0.0,5,,,0
switch_before6,regime_marginal,clean,all,stable,cusum_minus_point,0.0,0.0,5,,,0,0.0,0.0,5,,,0,0.005840455840455841,0.009413269623834127,5,,,0,,,0,,,0,,,0,,,0,0.0,0.0,5,-0.008333333333333333,0.009054447785003679,5,-7.7991452991453,1.6484026796343472,5,0.0,0.0,5,0.0,0.0,5,,,0,0.0,0.0,5,,,0
switch_before6,regime_marginal,clean,all,transition,cusum_minus_ewma,0.0,0.0,2,,,0,0.0,0.0,2,,,0,-0.0032407407407407406,0.002639294965507264,5,,,0,,,0,,,0,,,0,,,0,0.0,0.0,5,-0.0027777777777777775,0.0038036288715636536,5,-1.6203703703703702,1.319647482753632,5,0.0,0.0,5,0.0,0.0,5,,,0,0.0,0.0,2,,,0
switch_before6,regime_marginal,clean,all,transition,cusum_minus_point,0.0,0.0,2,,,0,0.0,0.0,2,,,0,-0.008333333333333333,0.006036298523335785,5,,,0,,,0,,,0,,,0,,,0,0.0,0.0,5,-0.016666666666666666,0.011620278146306603,5,-8.101851851851851,5.6701151453314305,5,0.0,0.0,5,0.0,0.0,5,,,0,0.0,0.0,2,,,0
switch_before6,regime_marginal,clean,transit_rough,all,cusum_minus_ewma,0.0,0.0,3,,,0,0.0,0.0,3,,,0,-0.004814814814814815,0.00624227918173451,5,,,0,,,0,,,0,,,0,,,0,0.0,0.0,5,-0.004166666666666667,0.00570544330734548,5,-2.962962962962963,1.4858154199890012,5,0.0,0.0,5,0.0,0.0,5,,,0,0.0,0.0,3,,,0
switch_before6,regime_marginal,clean,transit_rough,all,cusum_minus_point,0.0,0.0,3,,,0,0.0,0.0,3,,,0,-0.002314814814814815,0.008971214062535232,5,,,0,,,0,,,0,,,0,,,0,0.0,0.0,5,-0.01875,0.013581671677505519,5,-7.5,2.253826193451497,5,0.0,0.0,5,0.0,0.0,5,,,0,0.0,0.0,3,,,0
switch_before6,regime_marginal,clean,transit_rough,stable,cusum_minus_ewma,0.0,0.0,3,,,0,0.0,0.0,3,,,0,-0.004807692307692307,0.008021718706026285,5,,,0,,,0,,,0,,,0,,,0,0.0,0.0,5,-0.004166666666666667,0.009316949906249122,5,-2.8846153846153846,1.5846577963879622,5,0.0,0.0,5,0.0,0.0,5,,,0,0.0,0.0,3,,,0
switch_before6,regime_marginal,clean,transit_rough,stable,cusum_minus_point,0.0,0.0,3,,,0,0.0,0.0,3,,,0,-0.0008547008547008543,0.010265587507428472,5,,,0,,,0,,,0,,,0,,,0,0.0,0.0,5,-0.008333333333333333,0.01141088661469096,5,-6.944444444444445,2.169882052520289,5,0.0,0.0,5,0.0,0.0,5,,,0,0.0,0.0,3,,,0
switch_before6,regime_marginal,clean,transit_rough,transition,cusum_minus_ewma,,,0,,,0,,,0,,,0,-0.004861111111111112,0.007200153247683237,5,,,0,,,0,,,0,,,0,,,0,0.0,0.0,5,-0.004166666666666667,0.009316949906249122,5,-3.4722222222222223,4.252586358998573,5,0.0,0.0,5,0.0,0.0,5,,,0,,,0,,,0
switch_before6,regime_marginal,clean,transit_rough,transition,cusum_minus_point,,,0,,,0,,,0,,,0,-0.011805555555555555,0.005810139073153302,5,,,0,,,0,,,0,,,0,,,0,0.0,0.0,5,-0.029166666666666664,0.023753654689565376,5,-11.11111111111111,5.150137838260878,5,0.0,0.0,5,0.0,0.0,5,,,0,,,0,,,0
switch_before6,regime_marginal,clean,transit_smooth,all,cusum_minus_ewma,0.0,0.0,3,,,0,0.0,0.0,3,,,0,0.014074074074074076,0.03179244567809761,5,,,0,,,0,,,0,,,0,,,0,0.0,0.0,5,0.0,0.0,5,-0.3703703703703704,1.8919274760835694,5,0.0,0.0,5,0.0,0.0,5,,,0,0.0,0.0,3,,,0
switch_before6,regime_marginal,clean,transit_smooth,all,cusum_minus_point,0.0,0.0,3,,,0,0.0,0.0,3,,,0,0.01138888888888889,0.03401060917347948,5,,,0,,,0,,,0,,,0,,,0,0.0,0.0,5,-0.008333333333333333,0.008715208609729954,5,-7.870370370370371,2.4056261216234405,5,0.0,0.0,5,0.0,0.0,5,,,0,0.0,0.0,3,,,0
switch_before6,regime_marginal,clean,transit_smooth,stable,cusum_minus_ewma,0.0,0.0,3,,,0,0.0,0.0,3,,,0,0.016239316239316237,0.036683591167035706,5,,,0,,,0,,,0,,,0,,,0,0.0,0.0,5,0.0,0.0,5,-0.42735042735042744,2.182993241634888,5,0.0,0.0,5,0.0,0.0,5,,,0,0.0,0.0,3,,,0
switch_before6,regime_marginal,clean,transit_smooth,stable,cusum_minus_point,0.0,0.0,3,,,0,0.0,0.0,3,,,0,0.014102564102564103,0.038673516631795135,5,,,0,,,0,,,0,,,0,,,0,0.0,0.0,5,-0.004166666666666667,0.009316949906249122,5,-8.119658119658121,2.4884219441991697,5,0.0,0.0,5,0.0,0.0,5,,,0,0.0,0.0,3,,,0
switch_before6,regime_marginal,clean,transit_smooth,transition,cusum_minus_ewma,,,0,,,0,,,0,,,0,0.0,0.0,5,,,0,,,0,,,0,,,0,,,0,0.0,0.0,5,0.0,0.0,5,0.0,0.0,5,0.0,0.0,5,0.0,0.0,5,,,0,,,0,,,0
switch_before6,regime_marginal,clean,transit_smooth,transition,cusum_minus_point,,,0,,,0,,,0,,,0,-0.00625,0.0051501378382608765,5,,,0,,,0,,,0,,,0,,,0,0.0,0.0,5,-0.0125,0.01141088661469096,5,-6.25,5.150137838260878,5,0.0,0.0,5,0.0,0.0,5,,,0,,,0,,,0
switch_before6,regime_marginal,clean,warehouse,all,cusum_minus_ewma,0.0,0.0,4,,,0,0.0,0.0,4,,,0,-0.0013888888888888887,0.007863559144195847,5,,,0,,,0,,,0,,,0,,,0,0.0,0.0,5,-0.014583333333333334,0.032609324671871935,5,-3.518518518518518,2.731089111806041,5,0.0,0.0,5,0.0,0.0,5,,,0,0.0,0.0,4,,,0
switch_before6,regime_marginal,clean,warehouse,all,cusum_minus_point,0.0,0.0,4,,,0,0.0,0.0,4,,,0,0.0027777777777777775,0.008301120869000513,5,,,0,,,0,,,0,,,0,,,0,0.0,0.0,5,-0.010416666666666666,0.018042195912175804,5,-8.148148148148147,4.174375584759203,5,0.0,0.0,5,0.0,0.0,5,,,0,0.0,0.0,4,,,0
switch_before6,regime_marginal,clean,warehouse,stable,cusum_minus_ewma,0.0,0.0,4,,,0,0.0,0.0,4,,,0,-0.0008547008547008563,0.009156300795327277,5,,,0,,,0,,,0,,,0,,,0,0.0,0.0,5,-0.025,0.05590169943749474,5,-3.8461538461538467,2.959806661793819,5,0.0,0.0,5,0.0,0.0,5,,,0,0.0,0.0,4,,,0
switch_before6,regime_marginal,clean,warehouse,stable,cusum_minus_point,0.0,0.0,4,,,0,0.0,0.0,4,,,0,0.004273504273504272,0.010875680059563209,5,,,0,,,0,,,0,,,0,,,0,0.0,0.0,5,-0.0125,0.018633899812498245,5,-8.333333333333334,4.043630527302471,5,0.0,0.0,5,0.0,0.0,5,,,0,0.0,0.0,4,,,0
switch_before6,regime_marginal,clean,warehouse,transition,cusum_minus_ewma,0.0,0.0,2,,,0,0.0,0.0,2,,,0,-0.00486111111111111,0.005810139073153302,5,,,0,,,0,,,0,,,0,,,0,0.0,0.0,5,-0.004166666666666667,0.009316949906249122,5,-1.3888888888888888,1.901814435781827,5,0.0,0.0,5,0.0,0.0,5,,,0,0.0,0.0,2,,,0
switch_before6,regime_marginal,clean,warehouse,transition,cusum_minus_point,0.0,0.0,2,,,0,0.0,0.0,2,,,0,-0.006944444444444445,0.011774878442925813,5,,,0,,,0,,,0,,,0,,,0,0.0,0.0,5,-0.008333333333333333,0.018633899812498245,5,-6.944444444444445,9.820927516479825,5,0.0,0.0,5,0.0,0.0,5,,,0,0.0,0.0,2,,,0
switch_before6,regime_marginal,observed,all,all,cusum_minus_ewma,-0.057225798544764506,0.032560274914089096,5,-0.03819444444444445,0.025397116038763528,5,-0.12843583583494478,0.06448797472421594,5,-0.032934659365597495,0.02029267575914024,5,0.003359173126614988,0.010182362265473742,5,0.007291666666666666,0.013526077208876705,5,-0.033333333333333284,0.04292093650100678,5,0.0,0.0,5,-0.03819444444444445,0.025397116038763528,5,-0.03611111111111111,0.01746496713883235,5,0.0,0.0,5,0.006944444444444446,0.02250257186947174,5,-2.3578811369509043,1.396753766824267,5,0.0,0.0,5,0.0,0.0,5,-0.03819444444444445,0.025397116038763528,5,-0.057225798544764506,0.032560274914089096,5,0.0,0.0,5
switch_before6,regime_marginal,observed,all,all,cusum_minus_point,-0.06213313745283862,0.032812342611266476,5,-0.03888888888888889,0.02347283858493829,5,-0.14935362893453782,0.05762683601533341,5,-0.04059853376976126,0.016443395673690932,5,0.005555555555555557,0.007654255076055284,5,0.006597222222222222,0.01639683187932999,5,0.08750000000000002,0.05081796215687694,5,0.0,0.0,5,-0.03888888888888889,0.02347283858493829,5,-0.04513888888888889,0.020833333333333336,5,0.0,0.0,5,0.018055555555555557,0.028988377034363612,5,-7.848837209302326,1.9667068382908133,5,0.0,0.0,5,0.0,0.0,5,-0.03888888888888889,0.02347283858493829,5,-0.06213313745283862,0.032812342611266476,5,0.0,0.0,5
switch_before6,regime_marginal,observed,all,stable,cusum_minus_ewma,-0.062325849413903366,0.03664099205223207,5,-0.04583333333333333,0.035613559458216905,5,-0.10526552256297353,0.06601864298876106,5,-0.029474447484771422,0.01791680634391643,5,0.0043859649122807015,0.011316399799564494,5,0.017361111111111112,0.02551551815399144,5,-0.013888888888888918,0.04836245929577822,5,0.0,0.0,5,-0.04583333333333333,0.035613559458216905,5,-0.04583333333333333,0.023344078213849463,5,0.0,0.0,5,0.019444444444444445,0.019270051285432792,5,-2.3026315789473686,1.6679245919743617,5,0.0,0.0,5,0.0,0.0,5,-0.04583333333333333,0.035613559458216905,5,-0.062325849413903366,0.03664099205223207,5,0.0,0.0,5
switch_before6,regime_marginal,observed,all,stable,cusum_minus_point,-0.05634256784295398,0.034252070322033604,5,-0.0375,0.03167153958608717,5,-0.09812078283144349,0.04517484678793362,5,-0.022157076413778128,0.01896596252507517,5,0.006615497076023391,0.008401862792914314,5,0.024305555555555556,0.02342141938061118,5,0.08055555555555556,0.06525561089351949,5,0.0,0.0,5,-0.0375,0.03167153958608717,5,-0.05555555555555556,0.023549756885851626,5,0.0,0.0,5,0.019444444444444445,0.018633899812498248,5,-7.748538011695906,1.6878289311431018,5,0.0,0.0,5,0.0,0.0,5,-0.0375,0.03167153958608717,5,-0.05634256784295398,0.034252070322033604,5,0.0,0.0,5
switch_before6,regime_marginal,observed,all,transition,cusum_minus_ewma,-0.05398301762645609,0.026370605782194752,5,-0.030555555555555558,0.015987311712807418,5,-0.28031156794701684,0.04210983934875709,4,-0.04715766614322409,0.017883574193943506,5,-0.004444444444444444,0.007176672601535451,5,-0.0027777777777777775,0.004527223892501839,5,-0.05277777777777781,0.04297707901879389,5,0.0,0.0,5,-0.030555555555555558,0.015987311712807418,5,-0.02638888888888889,0.012422599874998833,5,0.0,0.0,5,-0.005555555555555554,0.028378912141253543,5,-2.7777777777777777,1.7010345435994292,5,0.0,0.0,5,0.0,0.0,5,-0.030555555555555558,0.015987311712807418,5,-0.05398301762645609,0.026370605782194752,5,0.0,0.0,5
switch_before6,regime_marginal,observed,all,transition,cusum_minus_point,-0.07212441836006316,0.03680843341363918,5,-0.04027777777777778,0.02162834930888533,5,-0.3584201745966452,0.16072005963452618,4,-0.08635720190450955,0.029842788099108362,5,-0.0025,0.009541980020732036,5,-0.01111111111111111,0.010814174654442664,5,0.09444444444444441,0.0541488574711609,5,0.0,0.0,5,-0.04027777777777778,0.02162834930888533,5,-0.034722222222222224,0.02354975688585163,5,0.0,0.0,5,0.01666666666666667,0.04408491735584411,5,-8.61111111111111,6.617294027539776,5,0.0,0.0,5,0.0,0.0,5,-0.04027777777777778,0.02162834930888533,5,-0.07212441836006316,0.03680843341363918,5,0.0,0.0,5
switch_before6,regime_marginal,observed,transit_rough,all,cusum_minus_ewma,-0.07161935483519025,0.04776134426382615,5,-0.04791666666666666,0.04007371679514864,5,-0.1417038566224802,0.08879866586833224,4,-0.0479130288429795,0.02288436093673228,5,-0.0029069767441860473,0.009350900710086619,5,-0.0010416666666666667,0.020637096620998906,5,-0.029166666666666674,0.05956657689789912,5,0.0,0.0,5,-0.04791666666666666,0.04007371679514864,5,-0.0375,0.02282177322938192,5,0.0,0.0,5,0.012500000000000002,0.03993810315141837,5,-2.7131782945736433,1.3090364424521603,5,0.0,0.0,5,0.0,0.0,5,-0.04791666666666666,0.04007371679514864,5,-0.07161935483519025,0.04776134426382615,5,0.0,0.0,5
switch_before6,regime_marginal,observed,transit_rough,all,cusum_minus_point,-0.08980871822790047,0.05768564756928617,5,-0.05416666666666666,0.04443901876604488,5,-0.2037690040377216,0.11569807981692648,4,-0.05556730339349934,0.02538244480905524,5,0.00029069767441860345,0.01208621199306572,5,1.0408340855860842e-18,0.032733867421813896,5,0.09375000000000001,0.09771699499632146,5,0.0,0.0,5,-0.05416666666666666,0.04443901876604488,5,-0.058333333333333334,0.02814428351272145,5,0.0,0.0,5,0.016666666666666666,0.0605601743906193,5,-7.073643410852713,2.363626146831486,5,0.0,0.0,5,0.0,0.0,5,-0.05416666666666666,0.04443901876604488,5,-0.08980871822790047,0.05768564756928617,5,0.0,0.0,5
switch_before6,regime_marginal,observed,transit_rough,stable,cusum_minus_ewma,-0.08140670411631686,0.06733743959633261,5,-0.0625,0.07064927065755487,5,-0.10532417470944555,0.06411339712283841,4,-0.04879567592805374,0.04287888937417842,5,-0.002302631578947368,0.011008684559658888,5,-1.734723475976807e-18,0.045405197328548676,5,-0.008333333333333326,0.1078514925462065,5,0.0,0.0,5,-0.0625,0.07064927065755487,5,-0.04583333333333333,0.03423265984407288,5,0.0,0.0,5,0.0375,0.05590169943749474,5,-2.3026315789473686,1.9149396048873883,5,0.0,0.0,5,0.0,0.0,5,-0.0625,0.07064927065755487,5,-0.08140670411631686,0.06733743959633261,5,0.0,0.0,5
switch_before6,regime_marginal,observed,transit_rough,stable,cusum_minus_point,-0.09005047194368707,0.08781533494923784,5,-0.05833333333333333,0.08513673642376063,5,-0.14265270029913493,0.10552156654736544,4,-0.036904845077002424,0.04993804959695555,5,0.0014254385964912286,0.012305641186745545,5,0.010416666666666666,0.06463371690620238,5,0.06249999999999998,0.12926743381240474,5,0.0,0.0,5,-0.05833333333333333,0.08513673642376063,5,-0.075,0.04796193513842224,5,0.0,0.0,5,0.0375,0.06319062870042959,5,-6.359649122807018,2.280332713057612,5,0.0,0.0,5,0.0,0.0,5,-0.05833333333333333,0.08513673642376063,5,-0.09005047194368707,0.08781533494923784,5,0.0,0.0,5
switch_before6,regime_marginal,observed,transit_rough,transition,cusum_minus_ewma,-0.05612354858256498,0.05341098976511545,5,-0.03333333333333333,0.031595314350214794,5,-0.13461538461538464,,1,-0.04254269218960907,0.027755788178601415,5,-0.0075,0.008014743359029727,5,-0.0020833333333333333,0.004658474953124561,5,-0.049999999999999975,0.05628856702544287,5,0.0,0.0,5,-0.03333333333333333,0.031595314350214794,5,-0.029166666666666664,0.02795084971874737,5,0.0,0.0,5,-0.012499999999999997,0.04564354645876384,5,-5.833333333333334,4.750730937913075,5,0.0,0.0,5,0.0,0.0,5,-0.03333333333333333,0.031595314350214794,5,-0.05612354858256498,0.05341098976511545,5,0.0,0.0,5
switch_before6,regime_marginal,observed,transit_rough,transition,cusum_minus_point,-0.08645678459471563,0.06229262812547561,5,-0.05,0.03784562942621865,5,-0.375,,1,-0.06827236619060309,0.08899983386115534,5,-0.008333333333333333,0.014433756729740645,5,-0.010416666666666666,0.01275775907699572,5,0.125,0.1169267933366857,5,0.0,0.0,5,-0.05,0.03784562942621865,5,-0.04166666666666667,0.03897559777889523,5,0.0,0.0,5,-0.004166666666666664,0.06488504792665599,5,-12.5,7.795119555779044,5,0.0,0.0,5,0.0,0.0,5,-0.05,0.03784562942621865,5,-0.08645678459471563,0.06229262812547561,5,0.0,0.0,5
switch_before6,regime_marginal,observed,transit_smooth,all,cusum_minus_ewma,-0.02592223784541841,0.05354293966798894,5,-0.006250000000000001,0.04750730937913075,5,-0.004157374983624566,0.047479401781792475,4,-0.03331020345433542,0.039407657301431864,5,0.013081395348837208,0.03197490892078911,5,0.025,0.040745015032516554,5,-0.012500000000000022,0.07269310967653289,5,0.0,0.0,5,-0.006250000000000001,0.04750730937913075,5,-0.02291666666666667,0.02375365468956538,5,0.0,0.0,5,-0.00625,0.009316949906249124,5,-0.4844961240310077,1.7801524293482398,5,0.0,0.0,5,0.0,0.0,5,-0.006250000000000001,0.04750730937913075,5,-0.02592223784541841,0.05354293966798894,5,0.0,0.0,5
switch_before6,regime_marginal,observed,transit_smooth,all,cusum_minus_point,-0.047394655972656505,0.06070031079339571,5,-0.02291666666666667,0.05482373902891986,5,0.04865080362378678,0.26290041365451533,4,-0.042715129631590756,0.023571246992601432,5,0.010852713178294573,0.03374403334028919,5,0.020833333333333332,0.04419417382415922,5,0.11041666666666665,0.10989459912419111,5,0.0,0.0,5,-0.02291666666666667,0.05482373902891986,5,-0.03958333333333334,0.030724752507817976,5,0.0,0.0,5,-0.00625,0.00570544330734548,5,-8.042635658914728,2.100725134561899,5,0.0,0.0,5,0.0,0.0,5,-0.02291666666666667,0.05482373902891986,5,-0.047394655972656505,0.06070031079339571,5,0.0,0.0,5
switch_before6,regime_marginal,observed,transit_smooth,stable,cusum_minus_ewma,-0.041604139305060635,0.08205817590029645,5,-0.0041666666666666675,0.09009061796016524,5,0.03868703550784477,0.07499989108758882,4,-0.03336660897013961,0.05782787811341038,5,0.015131578947368423,0.0359959883926416,5,0.05,0.08149003006503311,5,0.008333333333333337,0.11931517552730293,5,0.0,0.0,5,-0.0041666666666666675,0.09009061796016524,5,-0.0375,0.04516559039308083,5,0.0,0.0,5,0.0,0.0,5,-0.5482456140350879,2.014383012157219,5,0.0,0.0,5,0.0,0.0,5,-0.0041666666666666675,0.09009061796016524,5,-0.041604139305060635,0.08205817590029645,5,0.0,0.0,5
switch_before6,regime_marginal,observed,transit_smooth,stable,cusum_minus_point,-0.024759822627118937,0.05691064801071731,5,1.3877787807814458e-18,0.07654655446197431,5,0.19280807179421286,0.45719624754815946,4,-0.017814478687198883,0.03566645282549204,5,0.01304824561403509,0.037752194574804686,5,0.04583333333333334,0.08481751244092618,5,0.10416666666666667,0.183404342308948,5,0.0,0.0,5,1.3877787807814458e-18,0.07654655446197431,5,-0.03333333333333333,0.03784562942621864,5,0.0,0.0,5,-0.004166666666666667,0.009316949906249122,5,-8.333333333333332,2.2737326045315487,5,0.0,0.0,5,0.0,0.0,5,1.3877787807814458e-18,0.07654655446197431,5,-0.024759822627118937,0.05691064801071731,5,0.0,0.0,5
switch_before6,regime_marginal,observed,transit_smooth,transition,cusum_minus_ewma,-0.015692307692307693,0.021494460549628284,5,-0.008333333333333333,0.01141088661469096,5,-0.25,,1,-0.06583070270927929,0.014959416534197892,5,-0.0025,0.0037267799624996502,5,0.0,0.0,5,-0.033333333333333326,0.03784562942621866,5,0.0,0.0,5,-0.008333333333333333,0.01141088661469096,5,-0.008333333333333333,0.01141088661469096,5,0.0,0.0,5,-0.0125,0.018633899812498248,5,0.0,0.0,5,0.0,0.0,5,0.0,0.0,5,-0.008333333333333333,0.01141088661469096,5,-0.015692307692307693,0.021494460549628284,5,0.0,0.0,5
switch_before6,regime_marginal,observed,transit_smooth,transition,cusum_minus_point,-0.08148148148148147,0.07590333900710813,5,-0.04583333333333333,0.042695628191498324,5,-0.6666666666666666,,1,-0.08986786747339234,0.045527536776471596,5,-0.005833333333333334,0.004750730937913075,5,-0.004166666666666667,0.00570544330734548,5,0.11666666666666663,0.05432668671002208,5,0.0,0.0,5,-0.04583333333333333,0.042695628191498324,5,-0.04583333333333333,0.042695628191498324,5,0.0,0.0,5,-0.008333333333333333,0.01141088661469096,5,-5.833333333333334,4.750730937913075,5,0.0,0.0,5,0.0,0.0,5,-0.04583333333333333,0.042695628191498324,5,-0.08148148148148147,0.07590333900710813,5,0.0,0.0,5
switch_before6,regime_marginal,observed,warehouse,all,cusum_minus_ewma,-0.07856570307311547,0.0479922838397727,5,-0.060416666666666674,0.038555740673586976,5,-0.12990093752288875,0.06880353265875536,4,-0.034028678913022914,0.024653366687434192,5,-9.68992248062019e-05,0.00912474846190948,5,-0.0020833333333333337,0.009461407356554662,5,-0.05833333333333333,0.06011057519272292,5,0.0,0.0,5,-0.060416666666666674,0.038555740673586976,5,-0.04791666666666666,0.040745015032516554,5,0.0,0.0,5,0.014583333333333337,0.058741134082798685,5,-3.875968992248062,2.7192277520159456,5,0.0,0.0,5,0.0,0.0,5,-0.060416666666666674,0.038555740673586976,5,-0.07856570307311547,0.0479922838397727,5,0.0,0.0,5
switch_before6,regime_marginal,observed,warehouse,all,cusum_minus_point,-0.0596069241450354,0.035923331700310666,5,-0.03958333333333334,0.02696287313655164,5,-0.13893268174005496,0.0397452683921076,4,-0.03245245961101487,0.02084032369213669,5,0.005523255813953488,0.01012005594944646,5,-0.001041666666666666,0.0077252067573913155,5,0.05833333333333335,0.042055477579554905,5,0.0,0.0,5,-0.03958333333333334,0.02696287313655164,5,-0.0375,0.02814428351272145,5,0.0,0.0,5,0.043750000000000004,0.07231897899045743,5,-8.430232558139533,4.176232934013556,5,0.0,0.0,5,0.0,0.0,5,-0.03958333333333334,0.02696287313655164,5,-0.0596069241450354,0.035923331700310666,5,0.0,0.0,5
switch_before6,regime_marginal,observed,warehouse,stable,cusum_minus_ewma,-0.07492264210181764,0.07435626478954088,5,-0.07083333333333333,0.06686169389950507,5,-0.10215758439685221,0.08989553374427274,4,-0.03078143640250321,0.02835120513806699,5,0.0003289473684210519,0.009827216609401088,5,0.002083333333333333,0.011410886614690963,5,-0.041666666666666685,0.10724614730194793,5,0.0,0.0,5,-0.07083333333333333,0.06686169389950507,5,-0.05416666666666666,0.061801654059130524,5,0.0,0.0,5,0.020833333333333336,0.046584749531245626,5,-4.057017543859649,3.2803235310639454,5,0.0,0.0,5,0.0,0.0,5,-0.07083333333333333,0.06686169389950507,5,-0.07492264210181764,0.07435626478954088,5,0.0,0.0,5
switch_before6,regime_marginal,observed,warehouse,stable,cusum_minus_point,-0.06603758526882252,0.07059286364403651,5,-0.054166666666666675,0.061801654059130524,5,-0.11108245458424004,0.08050273998604857,4,-0.01730885775462654,0.020865731898573676,5,0.00537280701754386,0.01218166717483737,5,0.01666666666666667,0.02814428351272145,5,0.07499999999999998,0.10374916331657273,5,0.0,0.0,5,-0.054166666666666675,0.061801654059130524,5,-0.058333333333333334,0.061449505015635945,5,0.0,0.0,5,0.025,0.06814761347415052,5,-8.552631578947366,4.150041856968325,5,0.0,0.0,5,0.0,0.0,5,-0.054166666666666675,0.061801654059130524,5,-0.06603758526882252,0.07059286364403651,5,0.0,0.0,5
switch_before6,regime_marginal,observed,warehouse,transition,cusum_minus_ewma,-0.084567044181643,0.02881828563800507,5,-0.05,0.018633899812498248,5,-0.32457958707958706,0.10906385231739936,4,-0.05223871748497642,0.03702005561880682,5,-0.0033333333333333353,0.022321825393298127,5,-0.00625,0.013975424859373685,5,-0.07500000000000002,0.10056265321789311,5,0.0,0.0,5,-0.05,0.018633899812498248,5,-0.041666666666666664,0.020833333333333332,5,0.0,0.0,5,0.008333333333333335,0.08149003006503311,5,-2.5,2.2821773229381925,5,0.0,0.0,5,0.0,0.0,5,-0.05,0.018633899812498248,5,-0.084567044181643,0.02881828563800507,5,0.0,0.0,5
switch_before6,regime_marginal,observed,warehouse,transition,cusum_minus_point,-0.04837621324742131,0.039716801374749325,5,-0.025,0.02282177322938192,5,-0.39626068376068374,0.3300822859663976,4,-0.08795515220685275,0.06373720742948684,5,0.006666666666666666,0.016029486718059455,5,-0.01875,0.018633899812498245,5,0.041666666666666644,0.07216878364870319,5,0.0,0.0,5,-0.025,0.02282177322938192,5,-0.016666666666666666,0.02282177322938192,5,0.0,0.0,5,0.0625,0.08838834764831845,5,-7.5,10.374916331657277,5,0.0,0.0,5,0.0,0.0,5,-0.025,0.02282177322938192,5,-0.04837621324742131,0.039716801374749325,5,0.0,0.0,5
switch_delay12,regime_conditional,clean,all,all,cusum_minus_ewma,0.0,0.0,5,,,0,0.0,0.0,5,,,0,-0.004907407407407407,0.007199863830021937,5,,,0,,,0,,,0,,,0,,,0,0.0,0.0,5,0.0034722222222222194,0.024429248749080364,5,-4.166666666666667,1.0747213176839592,5,0.0,0.0,5,0.0,0.0,5,,,0,0.0,0.0,5,,,0
switch_delay12,regime_conditional,clean,all,all,cusum_minus_point,0.0,0.0,5,,,0,0.0,0.0,5,,,0,0.013919753086419753,0.011987175137591923,5,,,0,,,0,,,0,,,0,,,0,0.0,0.0,5,0.009027777777777773,0.01693932071895898,5,-11.666666666666666,2.2084621999997927,5,0.0,0.0,5,0.0,0.0,5,,,0,0.0,0.0,5,,,0
switch_delay12,regime_conditional,clean,all,stable,cusum_minus_ewma,0.0,0.0,5,,,0,0.0,0.0,5,,,0,0.0018874643874643878,0.007709928904301613,5,,,0,,,0,,,0,,,0,,,0,0.0,0.0,5,0.009340211530049724,0.023096609185481023,5,-3.6680911680911685,1.6826687542631695,5,0.0,0.0,5,0.0,0.0,5,,,0,0.0,0.0,5,,,0
switch_delay12,regime_conditional,clean,all,stable,cusum_minus_point,0.0,0.0,5,,,0,0.0,0.0,5,,,0,0.0025284900284900298,0.010837275516129277,5,,,0,,,0,,,0,,,0,,,0,0.0,0.0,5,0.008910630535437837,0.018681931202512433,5,-8.012820512820513,2.2941771237046167,5,0.0,0.0,5,0.0,0.0,5,,,0,0.0,0.0,5,,,0
switch_delay12,regime_conditional,clean,all,transition,cusum_minus_ewma,0.0,0.0,5,,,0,0.0,0.0,5,,,0,-0.04907407407407409,0.013709294092440793,5,,,0,,,0,,,0,,,0,,,0,0.0,0.0,5,-0.040108108108108095,0.0692824540328588,5,-7.4074074074074066,3.714538549972501,5,0.0,0.0,5,0.0,0.0,5,,,0,0.0,0.0,5,,,0
switch_delay12,regime_conditional,clean,all,transition,cusum_minus_point,0.0,0.0,5,,,0,0.0,0.0,5,,,0,0.08796296296296295,0.03256204837184076,5,,,0,,,0,,,0,,,0,,,0,0.0,0.0,5,0.00041580041580042694,0.027937255225857077,5,-35.416666666666664,8.528765475435435,5,0.0,0.0,5,0.0,0.0,5,,,0,0.0,0.0,5,,,0
switch_delay12,regime_conditional,clean,transit_rough,all,cusum_minus_ewma,0.0,0.0,5,,,0,0.0,0.0,5,,,0,-0.009629629629629632,0.010203056711355869,5,,,0,,,0,,,0,,,0,,,0,0.0,0.0,5,0.009556347791641908,0.05762136990191685,5,-4.722222222222221,2.436610623507549,5,0.0,0.0,5,0.0,0.0,5,,,0,0.0,0.0,5,,,0
switch_delay12,regime_conditional,clean,transit_rough,all,cusum_minus_point,0.0,0.0,5,,,0,0.0,0.0,5,,,0,0.005462962962962961,0.014051517011180705,5,,,0,,,0,,,0,,,0,,,0,0.0,0.0,5,0.01632996632996633,0.04188334302040121,5,-12.962962962962962,3.088348162992205,5,0.0,0.0,5,0.0,0.0,5,,,0,0.0,0.0,5,,,0
switch_delay12,regime_conditional,clean,transit_rough,stable,cusum_minus_ewma,0.0,0.0,5,,,0,0.0,0.0,5,,,0,0.0014957264957264958,0.008174996981325327,5,,,0,,,0,,,0,,,0,,,0,0.0,0.0,5,0.025174952880399226,0.052586724169989336,5,-2.9914529914529915,2.89153175271888,5,0.0,0.0,5,0.0,0.0,5,,,0,0.0,0.0,5,,,0
switch_delay12,regime_conditional,clean,transit_rough,stable,cusum_minus_point,0.0,0.0,5,,,0,0.0,0.0,5,,,0,0.0017094017094017098,0.011790922787454184,5,,,0,,,0,,,0,,,0,,,0,0.0,0.0,5,0.02777683375814217,0.04795967128101941,5,-6.730769230769231,3.844669704155253,5,0.0,0.0,5,0.0,0.0,5,,,0,0.0,0.0,5,,,0
switch_delay12,regime_conditional,clean,transit_rough,transition,cusum_minus_ewma,0.0,0.0,5,,,0,0.0,0.0,5,,,0,-0.08194444444444446,0.03744530476261921,5,,,0,,,0,,,0,,,0,,,0,0.0,0.0,5,0.10000000000000002,0.6170419278628809,4,-15.97222222222222,11.672039106924736,5,0.0,0.0,5,0.0,0.0,5,,,0,0.0,0.0,5,,,0
switch_delay12,regime_conditional,clean,transit_rough,transition,cusum_minus_point,0.0,0.0,5,,,0,0.0,0.0,5,,,0,0.029861111111111126,0.05275035837453595,5,,,0,,,0,,,0,,,0,,,0,0.0,0.0,5,0.1388888888888889,0.6111111111111112,4,-53.472222222222214,11.14361564991751,5,0.0,0.0,5,0.0,0.0,5,,,0,0.0,0.0,5,,,0
switch_delay12,regime_conditional,clean,transit_smooth,all,cusum_minus_ewma,0.0,0.0,5,,,0,0.0,0.0,5,,,0,-0.004166666666666657,0.009616934295296751,5,,,0,,,0,,,0,,,0,,,0,0.0,0.0,5,-0.00433966690124325,0.005959815161113058,5,-4.537037037037036,2.5230419617479094,5,0.0,0.0,5,0.0,0.0,5,,,0,0.0,0.0,5,,,0
switch_delay12,regime_conditional,clean,transit_smooth,all,cusum_minus_point,0.0,0.0,5,,,0,0.0,0.0,5,,,0,0.007962962962962969,0.016957973752772644,5,,,0,,,0,,,0,,,0,,,0,0.0,0.0,5,9.576244290820102e-05,0.026972228950220722,5,-13.425925925925927,4.524263955021311,5,0.0,0.0,5,0.0,0.0,5,,,0,0.0,0.0,5,,,0
switch_delay12,regime_conditional,clean,transit_smooth,stable,cusum_minus_ewma,0.0,0.0,5,,,0,0.0,0.0,5,,,0,0.001816239316239316,0.012723322849588761,5,,,0,,,0,,,0,,,0,,,0,0.0,0.0,5,-0.003389830508474576,0.0075798914491518295,5,-4.380341880341881,2.7080751828283285,5,0.0,0.0,5,0.0,0.0,5,,,0,0.0,0.0,5,,,0
switch_delay12,regime_conditional,clean,transit_smooth,stable,cusum_minus_point,0.0,0.0,5,,,0,0.0,0.0,5,,,0,0.004914529914529914,0.022630288315205097,5,,,0,,,0,,,0,,,0,,,0,0.0,0.0,5,-0.008599914542088022,0.008061809015349333,5,-7.478632478632479,2.8013056842151487,5,0.0,0.0,5,0.0,0.0,5,,,0,0.0,0.0,5,,,0
switch_delay12,regime_conditional,clean,transit_smooth,transition,cusum_minus_ewma,0.0,0.0,5,,,0,0.0,0.0,5,,,0,-0.043055555555555555,0.03654915935261325,5,,,0,,,0,,,0,,,0,,,0,0.0,0.0,5,-0.01785714285714285,0.0357142857142857,4,-5.5555555555555545,4.658474953124566,5,0.0,0.0,5,0.0,0.0,5,,,0,0.0,0.0,5,,,0
switch_delay12,regime_conditional,clean,transit_smooth,transition,cusum_minus_point,0.0,0.0,5,,,0,0.0,0.0,5,,,0,0.02777777777777777,0.05620282658416197,5,,,0,,,0,,,0,,,0,,,0,0.0,0.0,5,0.010119047619047639,0.11693967086200983,4,-52.08333333333333,16.832221727140027,5,0.0,0.0,5,0.0,0.0,5,,,0,0.0,0.0,5,,,0
switch_delay12,regime_conditional,clean,warehouse,all,cusum_minus_ewma,0.0,0.0,5,,,0,0.0,0.0,5,,,0,-0.0009259259259259273,0.012699876596615929,5,,,0,,,0,,,0,,,0,,,0,0.0,0.0,5,-0.002134250725800024,0.009404103800783622,5,-3.2407407407407405,2.679591875645886,5,0.0,0.0,5,0.0,0.0,5,,,0,0.0,0.0,5,,,0
switch_delay12,regime_conditional,clean,warehouse,all,cusum_minus_point,0.0,0.0,5,,,0,0.0,0.0,5,,,0,0.028333333333333332,0.02011732562055545,5,,,0,,,0,,,0,,,0,,,0,0.0,0.0,5,0.0017684865945645292,0.028223697695002038,5,-8.61111111111111,5.30491722615971,5,0.0,0.0,5,0.0,0.0,5,,,0,0.0,0.0,5,,,0
switch_delay12,regime_conditional,clean,warehouse,stable,cusum_minus_ewma,0.0,0.0,5,,,0,0.0,0.0,5,,,0,0.0023504273504273503,0.010471993110708039,5,,,0,,,0,,,0,,,0,,,0,0.0,0.0,5,-0.0031130150958792327,0.010901089482265716,5,-3.6324786324786325,2.861772486320272,5,0.0,0.0,5,0.0,0.0,5,,,0,0.0,0.0,5,,,0
switch_delay12,regime_conditional,clean,warehouse,stable,cusum_minus_point,0.0,0.0,5,,,0,0.0,0.0,5,,,0,0.0009615384615384616,0.014863488076972492,5,,,0,,,0,,,0,,,0,,,0,0.0,0.0,5,-0.0023018693104707765,0.029817614174352913,5,-9.82905982905983,5.62294759270973,5,0.0,0.0,5,0.0,0.0,5,,,0,0.0,0.0,5,,,0
switch_delay12,regime_conditional,clean,warehouse,transition,cusum_minus_ewma,0.0,0.0,5,,,0,0.0,0.0,5,,,0,-0.02222222222222221,0.041419987384574024,5,,,0,,,0,,,0,,,0,,,0,0.0,0.0,5,0.0,0.0,5,-0.6944444444444443,1.5528249843748536,5,0.0,0.0,5,0.0,0.0,5,,,0,0.0,0.0,5,,,0
switch_delay12,regime_conditional,clean,warehouse,transition,cusum_minus_point,0.0,0.0,5,,,0,0.0,0.0,5,,,0,0.20625,0.0629133706519538,5,,,0,,,0,,,0,,,0,,,0,0.0,0.0,5,0.010810810810810811,0.024173707864862594,5,-0.6944444444444429,16.174742637294607,5,0.0,0.0,5,0.0,0.0,5,,,0,0.0,0.0,5,,,0
switch_delay12,regime_conditional,observed,all,all,cusum_minus_ewma,-0.04490560134140445,0.0204664338245392,5,-0.05069444444444443,0.04796193513842224,5,-0.035123064857597634,0.01357474228355211,5,-0.019568223325251054,0.004309363495772825,5,0.016408268733850127,0.007404852251199956,5,-0.006597222222222224,0.01611874220615995,5,-0.020138888888888908,0.009316949906249108,5,0.0,0.0,5,-0.05069444444444443,0.04796193513842224,5,-0.04791666666666667,0.05164164567382834,5,0.0,0.0,5,0.2569444444444445,0.07170790426410895,5,-4.780361757105943,0.8666930145348027,5,0.0,0.0,5,0.0,0.0,5,-0.05069444444444443,0.04796193513842224,5,-0.04490560134140445,0.0204664338245392,5,0.0,0.0,5
switch_delay12,regime_conditional,observed,all,all,cusum_minus_point,0.04672661873539126,0.02077906416668294,5,0.16319444444444448,0.029360302995291247,5,0.01791924276440688,0.017073417006336845,5,0.016941163621925725,0.005581429327315951,5,0.0392764857881137,0.009319748881860155,5,0.03611111111111111,0.012603257925612175,5,0.07847222222222221,0.037203042322163524,5,0.0,0.0,5,0.16319444444444448,0.029360302995291247,5,0.09097222222222222,0.0313847403846574,5,0.0,0.0,5,0.3388888888888889,0.09770465621288996,5,-11.886304909560724,2.1168039247817747,5,0.0,0.0,5,0.0,0.0,5,0.16319444444444448,0.029360302995291247,5,0.04672661873539126,0.02077906416668294,5,0.0,0.0,5
switch_delay12,regime_conditional,observed,all,stable,cusum_minus_ewma,-0.13790773021221742,0.047752237435116585,5,-0.06501731599822944,0.05955597418628348,5,-0.21555790872166103,0.059640662974123605,5,-0.18391220987734136,0.03087065907322917,5,0.024305768839841247,0.007940946904455628,5,0.001747522812212706,0.023270607504547493,5,-0.02611298560249,0.012101793191686822,5,0.0,0.0,5,-0.06501731599822944,0.05955597418628348,5,-0.06290681072326643,0.05855413701345385,5,0.0,0.0,5,0.2868595084813929,0.06745846148641088,5,-3.939715075475534,1.0833977093467266,5,0.0,0.0,5,0.0,0.0,5,-0.06501731599822944,0.05955597418628348,5,-0.13790773021221742,0.047752237435116585,5,0.0,0.0,5
switch_delay12,regime_conditional,observed,all,stable,cusum_minus_point,0.08949961840474709,0.00662543476249447,5,0.16349682458755513,0.022978484008869534,5,-0.043504431526293595,0.03175908728230162,5,0.02789496009361696,0.012058790176514528,5,0.03102816796348547,0.00897187843126757,5,0.025937035427085427,0.019300086881620434,5,0.09535845238624892,0.04239176615851212,5,0.0,0.0,5,0.16349682458755513,0.022978484008869534,5,0.14822233685612124,0.019011877586159374,5,0.0,0.0,5,0.3717790393494746,0.08541565695939972,5,-7.582314247140941,1.8191395119728515,5,0.0,0.0,5,0.0,0.0,5,0.16349682458755513,0.022978484008869534,5,0.08949961840474709,0.00662543476249447,5,0.0,0.0,5
switch_delay12,regime_conditional,observed,all,transition,cusum_minus_ewma,0.008998166814196764,0.007390531018525586,5,0.007661977834612111,0.031173182421914053,5,0.005393052633330002,0.004292966376464624,5,-0.017749235152522636,0.02529222217658964,5,-0.03609547881851975,0.010381916635087517,5,-0.04362466000893113,0.030071984160128705,5,0.003921568627450978,0.008768894029410933,5,0.0,0.0,5,0.007661977834612111,0.031173182421914053,5,0.01746031746031746,0.018043559594269298,5,0.0,0.0,5,0.03662023562023563,0.15408924872519875,5,-10.385813854263997,4.808120391825892,5,0.0,0.0,5,0.0,0.0,5,0.007661977834612111,0.031173182421914053,5,0.008998166814196764,0.007390531018525586,5,0.0,0.0,5
switch_delay12,regime_conditional,observed,all,transition,cusum_minus_point,0.008351190419548172,0.03228041483242078,5,0.15694444444444444,0.14987777942521066,5,0.003185501077863355,0.018012502471621776,5,-0.0010776873566951534,0.05330622518826745,5,0.09411095271857499,0.02766094412648415,5,0.08281548126496976,0.05406386256292163,5,0.003921568627450978,0.008768894029410933,5,0.0,0.0,5,0.15694444444444444,0.14987777942521066,5,-0.15473602484472052,0.12138937843008117,5,0.0,0.0,5,0.0967130977130977,0.16618335790959343,5,-40.53624520154523,10.804278343308244,5,0.0,0.0,5,0.0,0.0,5,0.15694444444444444,0.14987777942521066,5,0.008351190419548172,0.03228041483242078,5,0.0,0.0,5
switch_delay12,regime_conditional,observed,transit_rough,all,cusum_minus_ewma,-0.05706936540916072,0.014671678512360661,5,-0.06298880837592981,0.0721613635111676,5,-0.04848283291869084,0.017142587098288694,5,-0.026388386609785923,0.01420262749987777,5,0.019922566164331874,0.026027678008201594,5,-0.0130494981645949,0.02001548827558737,5,-0.011638221772675806,0.03926702163236913,5,0.0,0.0,5,-0.06298880837592981,0.0721613635111676,5,-0.0651743695289074,0.06383124764282301,5,0.0,0.0,5,0.3042133698450834,0.11844017291301144,5,-5.5358721298735345,2.436783563001644,5,0.0,0.0,5,0.0,0.0,5,-0.06298880837592981,0.0721613635111676,5,-0.05706936540916072,0.014671678512360661,5,0.0,0.0,5
switch_delay12,regime_conditional,observed,transit_rough,all,cusum_minus_point,0.056018706174096614,0.041807473016674215,5,0.17493464562990102,0.09136797528073642,5,0.02024109963862194,0.028770103288985393,5,0.016275460614114636,0.014695014258290269,5,0.040737550555922396,0.028432510990781576,5,0.044076219958741905,0.030376114626065875,5,0.06344961010773846,0.01299018160288769,5,0.0,0.0,5,0.17493464562990102,0.09136797528073642,5,0.07471910433770487,0.0963537791236329,5,0.0,0.0,5,0.42625430778371953,0.11274329354269161,5,-13.121856317709563,3.1128100253792694,5,0.0,0.0,5,0.0,0.0,5,0.17493464562990102,0.09136797528073642,5,0.056018706174096614,0.041807473016674215,5,0.0,0.0,5
switch_delay12,regime_conditional,observed,transit_rough,stable,cusum_minus_ewma,-0.15874265205965046,0.028412437660574476,5,-0.07372164357703845,0.07852152901641768,5,-0.24824489013359258,0.07117221330989516,5,-0.18138231148684986,0.07295876615459876,5,0.03309634681980953,0.025925090326248634,5,0.00044354838709677465,0.0036857132701952873,5,-0.01555946000606736,0.04674954487288863,5,0.0,0.0,5,-0.07372164357703845,0.07852152901641768,5,-0.0958330805271851,0.07966294771431977,5,0.0,0.0,5,0.339466946770505,0.10950418958263934,5,-3.1407325049596584,2.4935940516575137,5,0.0,0.0,5,0.0,0.0,5,-0.07372164357703845,0.07852152901641768,5,-0.15874265205965046,0.028412437660574476,5,0.0,0.0,5
switch_delay12,regime_conditional,observed,transit_rough,stable,cusum_minus_point,0.07036266336175796,0.05379686528819444,5,0.1704110627970472,0.09014705661878995,5,-0.1025627910264358,0.08712294071430504,5,0.02442341568699983,0.04720920678372445,5,0.04138230877589979,0.02911481880014238,5,0.029408222941315267,0.01880257080544274,5,0.07807783058617314,0.019367736698058257,5,0.0,0.0,5,0.1704110627970472,0.09014705661878995,5,0.12711927394074224,0.09325186053912396,5,0.0,0.0,5,0.4627225622033303,0.08679225647105102,5,-6.6165264655740454,3.4209322728735567,5,0.0,0.0,5,0.0,0.0,5,0.1704110627970472,0.09014705661878995,5,0.07036266336175796,0.05379686528819444,5,0.0,0.0,5
switch_delay12,regime_conditional,observed,transit_rough,transition,cusum_minus_ewma,0.016107420001267095,0.014643882556505075,5,-0.027936507936507947,0.07672267828067421,5,0.010412999144960158,0.008932875177820872,5,-0.00630782788396414,0.07946159396736725,5,-0.06734866251668795,0.038165523503687876,5,-0.061799105607155146,0.08244844238937751,5,0.0,0.0,5,0.0,0.0,5,-0.027936507936507947,0.07672267828067421,5,0.05627794977640179,0.05727249429152211,5,0.0,0.0,5,-0.10555555555555556,0.12222222222222223,4,-21.60164997695508,14.50016863524399,5,0.0,0.0,5,0.0,0.0,5,-0.027936507936507947,0.07672267828067421,5,0.016107420001267095,0.014643882556505075,5,0.0,0.0,5
switch_delay12,regime_conditional,observed,transit_rough,transition,cusum_minus_point,0.03127966503309791,0.07319373816561628,5,0.14047619047619048,0.23243266403553867,5,0.017933583888145845,0.043001264858482005,5,0.015275055322095934,0.07402841077643035,5,0.0361699153480845,0.052433103009845765,5,0.11259791635952628,0.07285482588282682,5,0.0,0.0,5,0.0,0.0,5,0.14047619047619048,0.23243266403553867,5,-0.18595803233574132,0.1179983931141795,5,0.0,0.0,5,0.18888888888888888,0.6041012097363638,4,-56.22775981773022,20.013686185513354,5,0.0,0.0,5,0.0,0.0,5,0.14047619047619048,0.23243266403553867,5,0.03127966503309791,0.07319373816561628,5,0.0,0.0,5
switch_delay12,regime_conditional,observed,transit_smooth,all,cusum_minus_ewma,-0.02580575363162118,0.03148319984249703,5,-0.03191596638655462,0.05297352619744242,5,-0.01973976482336857,0.023326393911775205,5,-0.021156243969937403,0.010914518656078767,5,0.011244203679355066,0.010457818935847477,5,-0.0050851109674639045,0.02523342050703727,5,-0.04355541190835308,0.023904050797243514,5,0.0,0.0,5,-0.03191596638655462,0.05297352619744242,5,-0.027291962939021773,0.06032291205286857,5,0.0,0.0,5,0.17501507329896343,0.11997316776012457,5,-4.821112851686461,2.0237433333115584,5,0.0,0.0,5,0.0,0.0,5,-0.03191596638655462,0.05297352619744242,5,-0.02580575363162118,0.03148319984249703,5,0.0,0.0,5
switch_delay12,regime_conditional,observed,transit_smooth,all,cusum_minus_point,0.03471467030847134,0.05886415001173708,5,0.11488845794728149,0.09164581027163464,5,0.017761103078755752,0.04032337248778935,5,0.010100794975854713,0.03378198022583515,5,0.026276686197069566,0.01447738023883952,5,0.022214680744092507,0.030058737359467166,5,0.0699966961143432,0.03457320934957216,5,0.0,0.0,5,0.11488845794728149,0.09164581027163464,5,0.08889607124901241,0.08838200299980634,5,0.0,0.0,5,0.21802730362919615,0.17013455786292384,5,-13.724912735855384,6.5311829280826785,5,0.0,0.0,5,0.0,0.0,5,0.11488845794728149,0.09164581027163464,5,0.03471467030847134,0.05886415001173708,5,0.0,0.0,5
switch_delay12,regime_conditional,observed,transit_smooth,stable,cusum_minus_ewma,-0.08951416336931409,0.07481307928766595,5,-0.05174702530584883,0.07223323986020788,5,-0.15420854445745688,0.09492313249649714,5,-0.11373775317904526,0.0747503817339548,5,0.01773932422314618,0.009969000339690342,5,0.0244149069884364,0.07701538194165994,5,-0.060395760013407095,0.029917844894108325,5,0.0,0.0,5,-0.05174702530584883,0.07223323986020788,5,-0.042978381096028154,0.07997161904841564,5,0.0,0.0,5,0.20012123801754908,0.12800596673910283,5,-4.205672652567827,1.6261006975678853,5,0.0,0.0,5,0.0,0.0,5,-0.05174702530584883,0.07223323986020788,5,-0.08951416336931409,0.07481307928766595,5,0.0,0.0,5
switch_delay12,regime_conditional,observed,transit_smooth,stable,cusum_minus_point,0.10687456629698966,0.10706634724688976,5,0.13139542483660133,0.10046725095396337,5,0.04037371299365301,0.11214215976541585,5,0.049572650121656694,0.059461690409719804,5,0.025091433326901662,0.017573229652554624,5,0.03439039718451483,0.06757631001875636,5,0.09668183341712751,0.043184784307824214,5,0.0,0.0,5,0.13139542483660133,0.10046725095396337,5,0.12366122004357298,0.11045772826916712,5,0.0,0.0,5,0.2431835230240016,0.17109531561975933,5,-6.344107853202557,4.475332747341902,5,0.0,0.0,5,0.0,0.0,5,0.13139542483660133,0.10046725095396337,5,0.10687456629698966,0.10706634724688976,5,0.0,0.0,5
switch_delay12,regime_conditional,observed,transit_smooth,transition,cusum_minus_ewma,0.009038856894029933,0.004113643931508436,5,0.032222222222222194,0.04912820215429806,5,0.005519532301004706,0.003012429327527727,5,-0.0393051618955081,0.06461502032794693,5,-0.03372476627335656,0.03817754256391181,5,-0.03944444444444446,0.06693810481738494,5,0.0,0.0,5,0.0,0.0,5,0.032222222222222194,0.04912820215429806,5,0.0,0.0,5,0.0,0.0,5,-0.0011904761904761585,0.05639390134441436,4,-9.133289008108461,7.228000151928738,5,0.0,0.0,5,0.0,0.0,5,0.032222222222222194,0.04912820215429806,5,0.009038856894029933,0.004113643931508436,5,0.0,0.0,5
switch_delay12,regime_conditional,observed,transit_smooth,transition,cusum_minus_point,0.0036366801537328504,0.01571534527049282,5,0.08888888888888888,0.20188158122896246,5,0.0018363791432262494,0.008675578346961829,5,-0.023689857954317887,0.12233395275421068,5,0.03234013330635579,0.07160090243294805,5,0.015555555555555534,0.07784223519559878,5,0.0,0.0,5,0.0,0.0,5,0.08888888888888888,0.20188158122896246,5,-0.055999999999999994,0.1252198067399882,5,0.0,0.0,5,0.001190476190476214,0.09991492980170137,4,-63.70336236789571,23.15317202624922,5,0.0,0.0,5,0.0,0.0,5,0.08888888888888888,0.20188158122896246,5,0.0036366801537328504,0.01571534527049282,5,0.0,0.0,5
switch_delay12,regime_conditional,observed,warehouse,all,cusum_minus_ewma,-0.0601074522864814,0.036137550607640644,5,-0.07377976471043872,0.08766244298807423,5,-0.04673317791407576,0.023417501203328767,5,-0.02313154258581334,0.005490594009510936,5,0.018424701546677393,0.012785445739145895,5,0.0010879952679784422,0.037796903015697346,5,-0.01319590754073513,0.05767265762943465,5,0.0,0.0,5,-0.07377976471043872,0.08766244298807423,5,-0.06410191802670476,0.07877438433034231,5,0.0,0.0,5,0.26547476279067955,0.1879872672813721,5,-3.9712551266283613,1.2047355769325985,5,0.0,0.0,5,0.0,0.0,5,-0.07377976471043872,0.08766244298807423,5,-0.0601074522864814,0.036137550607640644,5,0.0,0.0,5
switch_delay12,regime_conditional,observed,warehouse,all,cusum_minus_point,0.03289145897130576,0.030264705342891163,5,0.1564146169822008,0.05500549998667138,5,-0.0026795523666910473,0.030642952173097475,5,0.016592444671106904,0.00862196917596895,5,0.051229531932743974,0.019242994377958365,5,0.04001061095978793,0.03699366586305529,5,0.09837986179786012,0.10885817454311066,5,0.0,0.0,5,0.1564146169822008,0.05500549998667138,5,0.08510266840772666,0.03293638461663448,5,0.0,0.0,5,0.34449998287660827,0.24179838239549037,5,-8.772612723317211,5.9267523685919645,5,0.0,0.0,5,0.0,0.0,5,0.1564146169822008,0.05500549998667138,5,0.03289145897130576,0.030264705342891163,5,0.0,0.0,5
switch_delay12,regime_conditional,observed,warehouse,stable,cusum_minus_ewma,-0.1507022623101714,0.08598319429655278,5,-0.0844068094068094,0.0906749217796032,5,-0.22443097184860386,0.09669040331690876,5,-0.20174945549029757,0.08408096794635944,5,0.022440508500038914,0.014177639999203821,5,0.00045615420615420786,0.03872764081813842,5,-0.01681145431145433,0.056147908752626326,5,0.0,0.0,5,-0.0844068094068094,0.0906749217796032,5,-0.06851936351936352,0.08551400408165306,5,0.0,0.0,5,0.27597572115403807,0.18529477458290028,5,-4.46718287562004,1.1891048385866108,5,0.0,0.0,5,0.0,0.0,5,-0.0844068094068094,0.0906749217796032,5,-0.1507022623101714,0.08598319429655278,5,0.0,0.0,5
switch_delay12,regime_conditional,observed,warehouse,stable,cusum_minus_point,0.0732720949311948,0.040769004184050536,5,0.13864835614835616,0.040852225743925163,5,-0.035734714203747,0.13614228875039944,5,0.03358857028748101,0.047877138795627834,5,0.026931085696832918,0.021500886358389003,5,0.023426933426933427,0.03968214843062659,5,0.11172370422370423,0.11078622768436515,5,0.0,0.0,5,0.13864835614835616,0.040852225743925163,5,0.14393471393471394,0.02980423585796676,5,0.0,0.0,5,0.3588303243957911,0.23857696268915524,5,-9.810646776687811,6.801905889366093,5,0.0,0.0,5,0.0,0.0,5,0.13864835614835616,0.040852225743925163,5,0.0732720949311948,0.040769004184050536,5,0.0,0.0,5
switch_delay12,regime_conditional,observed,warehouse,transition,cusum_minus_ewma,0.003203389755913333,0.0076452246437173615,5,0.011428571428571432,0.025555062599997604,5,0.0017745796745489797,0.004478471579805759,5,-0.0007448075016268048,0.008131470668928381,5,-0.007691493128486715,0.02517119116100843,5,-0.009090909090909104,0.020327890704543574,5,0.06666666666666667,0.14907119849998596,5,0.0,0.0,5,0.011428571428571432,0.025555062599997604,5,0.0,0.0,5,0.0,0.0,5,0.17777777777777776,0.3975231959999626,5,-0.7220216606498198,1.6144895144402822,5,0.0,0.0,5,0.0,0.0,5,0.011428571428571432,0.025555062599997604,5,0.003203389755913333,0.0076452246437173615,5,0.0,0.0,5
switch_delay12,regime_conditional,observed,warehouse,transition,cusum_minus_point,0.003671808026659236,0.044372450263614936,5,0.3238095238095238,0.4170406484916441,5,-0.003400716160150117,0.02464068526760831,5,0.004090227890541939,0.04911492147084732,5,0.21045333459848656,0.037251221784964546,5,0.10259740259740258,0.09979739975812013,5,0.06666666666666667,0.14907119849998596,5,0.0,0.0,5,0.3238095238095238,0.4170406484916441,5,-0.18701298701298702,0.17365729506957692,5,0.0,0.0,5,0.2108108108108108,0.4417906322530281,5,-2.0551005664367565,13.809878235505723,5,0.0,0.0,5,0.0,0.0,5,0.3238095238095238,0.4170406484916441,5,0.003671808026659236,0.044372450263614936,5,0.0,0.0,5
switch_delay12,regime_marginal,clean,all,all,cusum_minus_ewma,0.0,0.0,5,,,0,0.0,0.0,5,,,0,-0.01638888888888889,0.008909548180073602,5,,,0,,,0,,,0,,,0,,,0,0.0,0.0,5,-0.03125,0.020096939067344145,5,-4.506172839506172,1.6382755589000269,5,0.0,0.0,5,0.0,0.0,5,,,0,0.0,0.0,5,,,0
switch_delay12,regime_marginal,clean,all,all,cusum_minus_point,0.0,0.0,5,,,0,0.0,0.0,5,,,0,-0.011635802469135802,0.008017714203285892,5,,,0,,,0,,,0,,,0,,,0,0.0,0.0,5,-0.03194444444444444,0.0208911235506824,5,-14.228395061728396,1.4410638925837969,5,0.0,0.0,5,0.0,0.0,5,,,0,0.0,0.0,5,,,0
switch_delay12,regime_marginal,clean,all,stable,cusum_minus_ewma,0.0,0.0,5,,,0,0.0,0.0,5,,,0,0.0017450142450142457,0.012697130056480144,5,,,0,,,0,,,0,,,0,,,0,0.0,0.0,5,-0.004495893514585103,0.008944975229076281,5,-2.35042735042735,1.648402679634347,5,0.0,0.0,5,0.0,0.0,5,,,0,0.0,0.0,5,,,0
switch_delay12,regime_marginal,clean,all,stable,cusum_minus_point,0.0,0.0,5,,,0,0.0,0.0,5,,,0,0.0028490028490028483,0.010806952384645485,5,,,0,,,0,,,0,,,0,,,0,0.0,0.0,5,-0.0049196694994735985,0.01362887506404062,5,-8.084045584045583,1.7291343855142756,5,0.0,0.0,5,0.0,0.0,5,,,0,0.0,0.0,5,,,0
switch_delay12,regime_marginal,clean,all,transition,cusum_minus_ewma,0.0,0.0,5,,,0,0.0,0.0,5,,,0,-0.13425925925925924,0.02697032453178485,5,,,0,,,0,,,0,,,0,,,0,0.0,0.0,5,-0.2500582120582121,0.15082721075637898,5,-18.518518518518523,10.980130764473538,5,0.0,0.0,5,0.0,0.0,5,,,0,0.0,0.0,5,,,0
switch_delay12,regime_marginal,clean,all,transition,cusum_minus_point,0.0,0.0,5,,,0,0.0,0.0,5,,,0,-0.10578703703703707,0.03614559429066722,5,,,0,,,0,,,0,,,0,,,0,0.0,0.0,5,-0.2398225918225918,0.1386665481796575,5,-54.166666666666664,9.90243038713307,5,0.0,0.0,5,0.0,0.0,5,,,0,0.0,0.0,5,,,0
switch_delay12,regime_marginal,clean,transit_rough,all,cusum_minus_ewma,0.0,0.0,5,,,0,0.0,0.0,5,,,0,-0.016574074074074074,0.008645143819498203,5,,,0,,,0,,,0,,,0,,,0,0.0,0.0,5,-0.01421350762527233,0.01618999969742815,5,-6.5740740740740735,3.312693299999688,5,0.0,0.0,5,0.0,0.0,5,,,0,0.0,0.0,5,,,0
switch_delay12,regime_marginal,clean,transit_rough,all,cusum_minus_point,0.0,0.0,5,,,0,0.0,0.0,5,,,0,-0.006296296296296298,0.009536362795296306,5,,,0,,,0,,,0,,,0,,,0,0.0,0.0,5,-0.015980107985223074,0.012337341370874768,5,-15.277777777777777,3.018149261667893,5,0.0,0.0,5,0.0,0.0,5,,,0,0.0,0.0,5,,,0
switch_delay12,regime_marginal,clean,transit_rough,stable,cusum_minus_ewma,0.0,0.0,3,,,0,0.0,0.0,3,,,0,-0.0049145299145299135,0.00905287186509182,5,,,0,,,0,,,0,,,0,,,0,0.0,0.0,5,-0.0037383177570093455,0.008359132626167437,5,-3.0982905982905984,2.654866162348115,5,0.0,0.0,5,0.0,0.0,5,,,0,0.0,0.0,3,,,0
switch_delay12,regime_marginal,clean,transit_rough,stable,cusum_minus_point,0.0,0.0,3,,,0,0.0,0.0,3,,,0,-0.0022435897435897434,0.011015159332292312,5,,,0,,,0,,,0,,,0,,,0,0.0,0.0,5,-0.005607476635514018,0.012538698939251157,5,-7.371794871794871,2.811473796354865,5,0.0,0.0,5,0.0,0.0,5,,,0,0.0,0.0,3,,,0
switch_delay12,regime_marginal,clean,transit_rough,transition,cusum_minus_ewma,0.0,0.0,5,,,0,0.0,0.0,5,,,0,-0.09236111111111113,0.04932511349188827,5,,,0,,,0,,,0,,,0,,,0,0.0,0.0,5,-0.10238095238095239,0.1285714285714286,4,-29.166666666666668,16.396831879329994,5,0.0,0.0,5,0.0,0.0,5,,,0,0.0,0.0,5,,,0
switch_delay12,regime_marginal,clean,transit_rough,transition,cusum_minus_point,0.0,0.0,5,,,0,0.0,0.0,5,,,0,-0.032638888888888905,0.04713789447651448,5,,,0,,,0,,,0,,,0,,,0,0.0,0.0,5,-0.10793650793650794,0.09597597751003793,4,-66.66666666666666,15.987311712807413,5,0.0,0.0,5,0.0,0.0,5,,,0,0.0,0.0,5,,,0
switch_delay12,regime_marginal,clean,transit_smooth,all,cusum_minus_ewma,0.0,0.0,5,,,0,0.0,0.0,5,,,0,-0.0035185185185185167,0.027374777247592016,5,,,0,,,0,,,0,,,0,,,0,0.0,0.0,5,-0.003938194837007729,0.00551718217272731,5,-1.8518518518518519,2.3832477178210647,5,0.0,0.0,5,0.0,0.0,5,,,0,0.0,0.0,5,,,0
switch_delay12,regime_marginal,clean,transit_smooth,all,cusum_minus_point,0.0,0.0,5,,,0,0.0,0.0,5,,,0,-0.0027777777777777775,0.02779898881523427,5,,,0,,,0,,,0,,,0,,,0,0.0,0.0,5,-0.01800995808159329,0.012889691729985163,5,-14.259259259259258,3.408363392464067,5,0.0,0.0,5,0.0,0.0,5,,,0,0.0,0.0,5,,,0
switch_delay12,regime_marginal,clean,transit_smooth,stable,cusum_minus_ewma,0.0,0.0,3,,,0,0.0,0.0,3,,,0,0.015384615384615382,0.03621345747812919,5,,,0,,,0,,,0,,,0,,,0,0.0,0.0,5,0.0,0.0,5,-0.2136752136752138,2.376986694581943,5,0.0,0.0,5,0.0,0.0,5,,,0,0.0,0.0,3,,,0
switch_delay12,regime_marginal,clean,transit_smooth,stable,cusum_minus_point,0.0,0.0,3,,,0,0.0,0.0,3,,,0,0.013141025641025641,0.03779092473407546,5,,,0,,,0,,,0,,,0,,,0,0.0,0.0,5,-0.01119938884644767,0.01073733917659716,5,-8.012820512820515,2.6169762209221985,5,0.0,0.0,5,0.0,0.0,5,,,0,0.0,0.0,3,,,0
switch_delay12,regime_marginal,clean,transit_smooth,transition,cusum_minus_ewma,0.0,0.0,5,,,0,0.0,0.0,5,,,0,-0.12638888888888894,0.055750525934517486,5,,,0,,,0,,,0,,,0,,,0,0.0,0.0,5,-0.02976190476190474,0.03948362845661187,4,-12.5,9.054447785003678,5,0.0,0.0,5,0.0,0.0,5,,,0,0.0,0.0,5,,,0
switch_delay12,regime_marginal,clean,transit_smooth,transition,cusum_minus_point,0.0,0.0,5,,,0,0.0,0.0,5,,,0,-0.10625000000000004,0.05005301972858995,5,,,0,,,0,,,0,,,0,,,0,0.0,0.0,5,-0.07619047619047617,0.06856701925858785,4,-54.86111111111111,24.4785510166869,5,0.0,0.0,5,0.0,0.0,5,,,0,0.0,0.0,5,,,0
switch_delay12,regime_marginal,clean,warehouse,all,cusum_minus_ewma,0.0,0.0,5,,,0,0.0,0.0,5,,,0,-0.029074074074074075,0.012856707376081319,5,,,0,,,0,,,0,,,0,,,0,0.0,0.0,5,-0.07358989763627685,0.058297269784318144,5,-5.092592592592593,3.2407407407407405,5,0.0,0.0,5,0.0,0.0,5,,,0,0.0,0.0,5,,,0
switch_delay12,regime_marginal,clean,warehouse,all,cusum_minus_point,0.0,0.0,5,,,0,0.0,0.0,5,,,0,-0.02583333333333333,0.017697058259954997,5,,,0,,,0,,,0,,,0,,,0,0.0,0.0,5,-0.06143999413587966,0.07550934504541254,5,-13.148148148148147,2.3286622851776455,5,0.0,0.0,5,0.0,0.0,5,,,0,0.0,0.0,5,,,0
switch_delay12,regime_marginal,clean,warehouse,stable,cusum_minus_ewma,0.0,0.0,4,,,0,0.0,0.0,4,,,0,-0.0052350427350427355,0.006459038034270017,5,,,0,,,0,,,0,,,0,,,0,0.0,0.0,5,-0.006095471236230108,0.020750226253566737,5,-3.73931623931624,3.0453403448160747,5,0.0,0.0,5,0.0,0.0,5,,,0,0.0,0.0,4,,,0
switch_delay12,regime_marginal,clean,warehouse,stable,cusum_minus_point,0.0,0.0,4,,,0,0.0,0.0,4,,,0,-0.002350427350427351,0.00566088110758075,5,,,0,,,0,,,0,,,0,,,0,0.0,0.0,5,0.0037976818931195963,0.04353875508626645,5,-8.867521367521368,4.3822957910242915,5,0.0,0.0,5,0.0,0.0,5,,,0,0.0,0.0,4,,,0
switch_delay12,regime_marginal,clean,warehouse,transition,cusum_minus_ewma,0.0,0.0,5,,,0,0.0,0.0,5,,,0,-0.18402777777777776,0.10158846415505411,5,,,0,,,0,,,0,,,0,,,0,0.0,0.0,5,-0.49334971334971334,0.29823395226736615,5,-13.888888888888891,13.670152559048283,5,0.0,0.0,5,0.0,0.0,5,,,0,0.0,0.0,5,,,0
switch_delay12,regime_marginal,clean,warehouse,transition,cusum_minus_point,0.0,0.0,5,,,0,0.0,0.0,5,,,0,-0.17847222222222223,0.11989478251140369,5,,,0,,,0,,,0,,,0,,,0,0.0,0.0,5,-0.5120884520884521,0.36356606664966057,5,-40.97222222222222,16.543235068849434,5,0.0,0.0,5,0.0,0.0,5,,,0,0.0,0.0,5,,,0
switch_delay12,regime_marginal,observed,all,all,cusum_minus_ewma,-0.04396589421698962,0.017093602530885068,5,-0.07916666666666668,0.019238743301659818,5,-0.02906932909709286,0.015263748297104734,5,-0.016926354760050628,0.004669860365376903,5,-0.009173126614987079,0.00927978377923197,5,-0.034722222222222224,0.02086947097251963,5,-0.016666666666666653,0.019238743301659804,5,0.0,0.0,5,-0.07916666666666668,0.019238743301659818,5,-0.02986111111111111,0.02685085406830723,5,0.0,0.0,5,0.03402777777777778,0.05595559099482596,5,-4.198966408268734,1.7431389813406732,5,0.0,0.0,5,0.0,0.0,5,-0.07916666666666668,0.019238743301659818,5,-0.04396589421698962,0.017093602530885068,5,0.0,0.0,5
switch_delay12,regime_marginal,observed,all,all,cusum_minus_point,-0.024355604790455197,0.023273406049831375,5,-0.03958333333333333,0.032068749691718926,5,-0.017047540009900372,0.018919916705726306,5,-0.005802581148474574,0.004515671783384753,5,-0.0029715762273901797,0.007253611588962789,5,-0.021527777777777774,0.02975797758481365,5,0.06527777777777778,0.051231459308119516,5,0.0,0.0,5,-0.03958333333333333,0.032068749691718926,5,-0.005555555555555557,0.03824176361738435,5,0.0,0.0,5,0.05902777777777779,0.06887789730860201,5,-13.953488372093023,1.7266017132951024,5,0.0,0.0,5,0.0,0.0,5,-0.03958333333333333,0.032068749691718926,5,-0.024355604790455197,0.023273406049831375,5,0.0,0.0,5
switch_delay12,regime_marginal,observed,all,stable,cusum_minus_ewma,-0.1257265465936674,0.03496833040571759,5,-0.08636163594865631,0.010550082196097035,5,-0.2541772460351962,0.1584757045652871,5,-0.09656676965309714,0.05631385627469486,5,0.009816748713261773,0.011610037192944078,5,-0.010067312511114344,0.021001386556031953,5,-0.021069854263973543,0.024579431981379997,5,0.0,0.0,5,-0.08636163594865631,0.010550082196097035,5,-0.07592797443904542,0.020181340077685093,5,0.0,0.0,5,0.06597996101930217,0.0570671870191363,5,-2.0791565585623197,1.5412711084866808,5,0.0,0.0,5,0.0,0.0,5,-0.08636163594865631,0.010550082196097035,5,-0.1257265465936674,0.03496833040571759,5,0.0,0.0,5
switch_delay12,regime_marginal,observed,all,stable,cusum_minus_point,-0.07080574759270328,0.03938347942859362,5,-0.04145799789891295,0.027380129329065975,5,-0.1796450740175189,0.08631859055293632,5,-0.04150381047198851,0.020825390727796725,5,0.012602361100380165,0.008081192838580721,5,-0.003442860145173545,0.011059614566080785,5,0.07772528901303553,0.06132937015162595,5,0.0,0.0,5,-0.04145799789891295,0.027380129329065975,5,-0.037266572714967625,0.029217644261659004,5,0.0,0.0,5,0.09642485854275532,0.06222326056356842,5,-7.689733110608773,1.6094946196635473,5,0.0,0.0,5,0.0,0.0,5,-0.04145799789891295,0.027380129329065975,5,-0.07080574759270328,0.03938347942859362,5,0.0,0.0,5
switch_delay12,regime_marginal,observed,all,transition,cusum_minus_ewma,0.024169658918828628,0.023734465550520903,5,-0.03738328664799254,0.10255793241507864,5,0.01637256915592233,0.013559189454718326,5,-0.011595399811918922,0.02189095832875915,5,-0.1355946309377234,0.02803973482796001,5,-0.1341571773636991,0.08896381724722055,5,0.0,0.0,5,0.0,0.0,5,-0.03738328664799254,0.10255793241507864,5,0.16265832419924492,0.11695329780406619,5,0.0,0.0,5,-0.19640194040194037,0.11729803113630635,5,-18.32572567029277,11.300907094442596,5,0.0,0.0,5,0.0,0.0,5,-0.03738328664799254,0.10255793241507864,5,0.024169658918828628,0.023734465550520903,5,0.0,0.0,5
switch_delay12,regime_marginal,observed,all,transition,cusum_minus_point,0.02208735567535138,0.018239610011687786,5,-0.019771241830065366,0.10589508617860362,5,0.014856961995969772,0.010091545007666713,5,0.0009357436028915201,0.04544045919840949,5,-0.10675699433701244,0.035959365229779244,5,-0.0828814496813218,0.11365318972480215,5,0.003921568627450978,0.008768894029410933,5,0.0,0.0,5,-0.019771241830065366,0.10589508617860362,5,0.11921101774042953,0.09101649630073054,5,0.0,0.0,5,-0.2148225918225918,0.13825034143287532,5,-55.63322303063465,12.114371143533662,5,0.0,0.0,5,0.0,0.0,5,-0.019771241830065366,0.10589508617860362,5,0.02208735567535138,0.018239610011687786,5,0.0,0.0,5
switch_delay12,regime_marginal,observed,transit_rough,all,cusum_minus_ewma,-0.052717993146048345,0.04817675043652493,5,-0.08357346066173477,0.05548745583378125,5,-0.03767077709417212,0.04070346858613501,5,-0.022641873398849058,0.017346734782130942,5,-0.011783386419815797,0.005926650700744821,5,-0.04008847959232427,0.028299429343818044,5,-0.009628973114064354,0.04327981262070275,5,0.0,0.0,5,-0.08357346066173477,0.05548745583378125,5,-0.05433954379627355,0.0509428712465674,5,0.0,0.0,5,0.039037329819938515,0.046991548397301575,5,-6.259190063079342,3.304830508762436,5,0.0,0.0,5,0.0,0.0,5,-0.08357346066173477,0.05548745583378125,5,-0.052717993146048345,0.04817675043652493,5,0.0,0.0,5
switch_delay12,regime_marginal,observed,transit_rough,all,cusum_minus_point,-0.02432750203512927,0.048631079102014335,5,-0.024904499101597696,0.06413742591718455,5,-0.02206033653744423,0.03961156295354226,5,-0.010844300970397888,0.015015589704915002,5,0.0003713308788869607,0.009415844322794763,5,-2.436241327105487e-05,0.02127082004829298,5,0.042055280474751676,0.06440345476738515,5,0.0,0.0,5,-0.024904499101597696,0.06413742591718455,5,-0.024259743100838012,0.05193081025467314,5,0.0,0.0,5,0.08458027848820689,0.08923388254619775,5,-15.01370312727309,2.9196093825955503,5,0.0,0.0,5,0.0,0.0,5,-0.024904499101597696,0.06413742591718455,5,-0.02432750203512927,0.048631079102014335,5,0.0,0.0,5
switch_delay12,regime_marginal,observed,transit_rough,stable,cusum_minus_ewma,-0.14397779347068745,0.06648102201768508,5,-0.10961329086190041,0.04118085984682242,5,-0.1476668146235192,0.08577709661232132,3,-0.1177234184027505,0.0672298831338099,5,0.0002690271780922316,0.006643363376189795,5,-0.02056818181818182,0.04258408065955909,5,-0.01048066875653082,0.05343626749785069,5,0.0,0.0,5,-0.10961329086190041,0.04118085984682242,5,-0.09597692722553679,0.05362706191685195,5,0.0,0.0,5,0.04622386592699952,0.05410269039650154,5,-2.8029906958509265,2.412219334897535,5,0.0,0.0,5,0.0,0.0,5,-0.10961329086190041,0.04118085984682242,5,-0.14397779347068745,0.06648102201768508,5,0.0,0.0,5
switch_delay12,regime_marginal,observed,transit_rough,stable,cusum_minus_point,-0.06945329095449457,0.0606142683898413,5,-0.03580510331344592,0.04817932882266779,5,-0.12276266242154532,0.05318847251715847,3,-0.05441248224880446,0.014774668166037362,5,0.005940115571408956,0.012701032066961895,5,-0.00593108504398827,0.005657786658656553,5,0.05429711463916135,0.08354930433465582,5,0.0,0.0,5,-0.03580510331344592,0.04817932882266779,5,-0.03125964876799137,0.05786154690779516,5,0.0,0.0,5,0.10278174821330402,0.0994221297520835,5,-6.943757919161213,2.9994599445274144,5,0.0,0.0,5,0.0,0.0,5,-0.03580510331344592,0.04817932882266779,5,-0.06945329095449457,0.0606142683898413,5,0.0,0.0,5
switch_delay12,regime_marginal,observed,transit_rough,transition,cusum_minus_ewma,0.02733274012091429,0.04219198435642944,5,0.01470588235294119,0.15211882989394998,5,0.017921980373159466,0.025209190716440833,5,-0.009536616024786611,0.08158674046747583,5,-0.0918927807736242,0.04750188790510695,5,-0.1374893115140793,0.1440209849263508,5,0.0,0.0,5,0.0,0.0,5,0.01470588235294119,0.15211882989394998,5,0.11164774681802547,0.19150065816197012,5,0.0,0.0,5,-0.035714285714285726,0.07142857142857145,4,-28.96676389097114,18.131283047612968,5,0.0,0.0,5,0.0,0.0,5,0.01470588235294119,0.15211882989394998,5,0.02733274012091429,0.04219198435642944,5,0.0,0.0,5
switch_delay12,regime_marginal,observed,transit_rough,transition,cusum_minus_point,0.01830376963351945,0.03593329931801734,5,0.019327731092436972,0.12030315026097405,5,0.011989070579104694,0.0218329349019331,5,0.008392269462769119,0.07080516330288969,5,-0.037008627603613606,0.04778988113221153,5,0.011835962455157495,0.0817153732206004,5,0.0,0.0,5,0.0,0.0,5,0.019327731092436972,0.12030315026097405,5,-0.006013071895424838,0.11792487169455039,5,0.0,0.0,5,-0.10793650793650794,0.09597597751003793,4,-68.35052384773141,18.662030377424177,5,0.0,0.0,5,0.0,0.0,5,0.019327731092436972,0.12030315026097405,5,0.01830376963351945,0.03593329931801734,5,0.0,0.0,5
switch_delay12,regime_marginal,observed,transit_smooth,all,cusum_minus_ewma,-0.04349914395133031,0.04257849979369869,5,-0.06070803706097823,0.0349381354124923,5,-0.030972138115111285,0.03638046276349923,5,-0.02533502416855419,0.017090021515053202,5,-0.00019611877264216483,0.030175590486313065,5,-0.02340443869855635,0.021606153670267178,5,-0.008965021906198366,0.054424694054792305,5,0.0,0.0,5,-0.06070803706097823,0.0349381354124923,5,0.03329900165194283,0.11568113830642689,5,0.0,0.0,5,0.018823529411764704,0.042090691341172506,5,-1.5439454823956633,1.8954723021814037,5,0.0,0.0,5,0.0,0.0,5,-0.06070803706097823,0.0349381354124923,5,-0.04349914395133031,0.04257849979369869,5,0.0,0.0,5
switch_delay12,regime_marginal,observed,transit_smooth,all,cusum_minus_point,-0.049278830464716525,0.05175487310806113,5,-0.06955541190835308,0.044208705378303084,5,-0.03486253409860936,0.041688909695861205,5,-0.010452809155538562,0.030860210305290615,5,0.0012944416462180642,0.02951152440930301,5,-0.021220642102995048,0.01437585713957493,5,0.06746864899806079,0.1175019605378442,5,0.0,0.0,5,-0.06955541190835308,0.044208705378303084,5,0.01118896789485025,0.07085865046315477,5,0.0,0.0,5,0.010437486469997833,0.04753516753165296,5,-14.19627203718125,3.7428214508440565,5,0.0,0.0,5,0.0,0.0,5,-0.06955541190835308,0.044208705378303084,5,-0.049278830464716525,0.05175487310806113,5,0.0,0.0,5
switch_delay12,regime_marginal,observed,transit_smooth,stable,cusum_minus_ewma,-0.05973348530049562,0.07033356550454471,5,-0.03767236467236467,0.04198313063901707,5,-0.1776403743315508,0.24243880799439094,4,-0.05993147539355241,0.07199544834162684,5,0.017985718807531203,0.03666352664313656,5,0.023529411764705882,0.052613364176465637,5,-0.00586433718786662,0.08221704741155118,5,0.0,0.0,5,-0.03767236467236467,0.04198313063901707,5,-0.03767236467236467,0.04198313063901707,5,0.0,0.0,5,0.018823529411764704,0.042090691341172506,5,-0.34201462687282147,2.2052325346761634,5,0.0,0.0,5,0.0,0.0,5,-0.03767236467236467,0.04198313063901707,5,-0.05973348530049562,0.07033356550454471,5,0.0,0.0,5
switch_delay12,regime_marginal,observed,transit_smooth,stable,cusum_minus_point,-0.07355253335302933,0.020931816080256793,5,-0.05069632981397687,0.014346943927116485,5,-0.12821226975638741,0.05059978150920311,4,-0.015627450782566416,0.020601351882874375,5,0.01604714557455567,0.03777648861606665,5,0.018805765041059158,0.0553667237156876,5,0.0961659125188537,0.16554630033430867,5,0.0,0.0,5,-0.05069632981397687,0.014346943927116485,5,-0.05069632981397687,0.014346943927116485,5,0.0,0.0,5,0.012330022918258212,0.04645601227805494,5,-8.108524593279189,2.4345064220228463,5,0.0,0.0,5,0.0,0.0,5,-0.05069632981397687,0.014346943927116485,5,-0.07355253335302933,0.020931816080256793,5,0.0,0.0,5
switch_delay12,regime_marginal,observed,transit_smooth,transition,cusum_minus_ewma,0.013117495793243561,0.03816194948530195,5,-0.1222222222222222,0.11882916464559687,5,0.013729133860299364,0.029876216238264745,5,-0.03586284923411921,0.06188675893311938,5,-0.12495692645275894,0.06190703726635603,5,-0.11277777777777778,0.08542739318376068,5,0.0,0.0,5,0.0,0.0,5,-0.1222222222222222,0.11882916464559687,5,0.1488888888888889,0.1814465196860299,5,0.0,0.0,5,0.0,0.0,4,-9.802752749310285,6.4335367899064515,5,0.0,0.0,5,0.0,0.0,5,-0.1222222222222222,0.11882916464559687,5,0.013117495793243561,0.03816194948530195,5,0.0,0.0,5
switch_delay12,regime_marginal,observed,transit_smooth,transition,cusum_minus_point,0.012462674425624544,0.03589206208751448,5,-0.06666666666666667,0.15035965114138175,5,0.012715087079094434,0.02568754377555239,5,-0.019261217347590395,0.10500467509295074,5,-0.10053302579403219,0.048655043354158455,5,-0.11322222222222222,0.08746639566353681,5,0.0,0.0,5,0.0,0.0,5,-0.06666666666666667,0.15035965114138175,5,0.12755555555555556,0.13911182108445025,5,0.0,0.0,5,-0.013690476190476177,0.07243666924039566,4,-55.352801213861426,26.458541518172627,5,0.0,0.0,5,0.0,0.0,5,-0.06666666666666667,0.15035965114138175,5,0.012462674425624544,0.03589206208751448,5,0.0,0.0,5
switch_delay12,regime_marginal,observed,warehouse,all,cusum_minus_ewma,-0.052308023089731356,0.03659764097070923,5,-0.09411770639549086,0.03985488858994024,5,-0.033233712373451484,0.03610455126427149,5,-0.013443202687225347,0.009757813024509327,5,-0.015694364058753168,0.02565900566190598,5,-0.038282556964042015,0.05008820013631708,5,-0.03714754163294352,0.06449458983918754,5,0.0,0.0,5,-0.09411770639549086,0.03985488858994024,5,-0.050216103572825896,0.07137076683859038,5,0.0,0.0,5,0.049401238250294924,0.14613177688826776,5,-4.851660954701051,3.6103361429186855,5,0.0,0.0,5,0.0,0.0,5,-0.09411770639549086,0.03985488858994024,5,-0.052308023089731356,0.03659764097070923,5,0.0,0.0,5
switch_delay12,regime_marginal,observed,warehouse,all,cusum_minus_point,-0.0209771625407557,0.048255846989178584,5,-0.03539868293827203,0.05584249217196748,5,-0.012403620396647365,0.045640876914190706,5,-0.01042952315690985,0.01530287962548681,5,-0.010759225362846101,0.030339682428882388,5,-0.038860196313758734,0.053720819432075094,5,0.07976134098589946,0.08915199802083379,5,0.0,0.0,5,-0.03539868293827203,0.05584249217196748,5,0.0049928531158856815,0.08005489404016458,5,0.0,0.0,5,0.08729557360475931,0.18586493759297965,5,-12.693375848767271,2.3085716559879725,5,0.0,0.0,5,0.0,0.0,5,-0.03539868293827203,0.05584249217196748,5,-0.0209771625407557,0.048255846989178584,5,0.0,0.0,5
switch_delay12,regime_marginal,observed,warehouse,stable,cusum_minus_ewma,-0.14036116783510527,0.08619570223094256,5,-0.09772639522639522,0.05245243552521522,5,-0.2115511897360142,0.1720573967798798,4,-0.11654906880818869,0.09124349863545084,5,0.010710463108368725,0.02237187385028555,5,-0.01525974025974026,0.024715875770348384,5,-0.04312097812097813,0.07508728453103232,5,0.0,0.0,5,-0.09772639522639522,0.05245243552521522,5,-0.08344068094068094,0.06223208433171765,5,0.0,0.0,5,0.13223571524689884,0.13011761588809442,5,-3.1315203607309203,3.1132629060725465,5,0.0,0.0,5,0.0,0.0,5,-0.09772639522639522,0.05245243552521522,5,-0.14036116783510527,0.08619570223094256,5,0.0,0.0,5
switch_delay12,regime_marginal,observed,warehouse,stable,cusum_minus_point,-0.07920165797089757,0.09320019755787892,5,-0.03874166374166373,0.06955290551874249,5,-0.20861079721379994,0.18660371986275062,4,-0.04868639411092083,0.06674592632277385,5,0.015295914433102093,0.022880948706836067,5,-0.008706709956709956,0.014821709108484583,5,0.08907716157716158,0.08739488907718591,5,0.0,0.0,5,-0.03874166374166373,0.06955290551874249,5,-0.03126330876330876,0.06523690920155131,5,0.0,0.0,5,0.17180140600723756,0.1643503006309904,5,-8.043769849547663,4.0030076351821675,5,0.0,0.0,5,0.0,0.0,5,-0.03874166374166373,0.06955290551874249,5,-0.07920165797089757,0.09320019755787892,5,0.0,0.0,5
switch_delay12,regime_marginal,observed,warehouse,transition,cusum_minus_ewma,0.007962696122291057,0.016472200290548942,5,-0.09333333333333334,0.13889750540165477,5,0.007370702116089233,0.013380343386928029,5,-0.00780231731559382,0.0140298621638686,5,-0.18777096216590639,0.1041591892828665,5,-0.24831168831168832,0.1683781245255015,5,0.0,0.0,5,0.0,0.0,5,-0.09333333333333334,0.13889750540165477,5,0.1851082251082251,0.1762541765571711,5,0.0,0.0,5,-0.4637564837564838,0.28134676990595203,5,-15.914560085437065,12.821684490858548,5,0.0,0.0,5,0.0,0.0,5,-0.09333333333333334,0.13889750540165477,5,0.007962696122291057,0.016472200290548942,5,0.0,0.0,5
switch_delay12,regime_marginal,observed,warehouse,transition,cusum_minus_point,0.016118948027901602,0.023875810391942642,5,0.051428571428571414,0.15887929501822295,5,0.011913204650499616,0.019067250530915996,5,-0.025548423279867744,0.06314060150856299,5,-0.18111781428114726,0.12560430070552991,5,-0.2582683982683983,0.2082337930526762,5,0.06666666666666667,0.14907119849998596,5,0.0,0.0,5,0.051428571428571414,0.15887929501822295,5,0.2088311688311688,0.1533462635802959,5,0.0,0.0,5,-0.5120884520884521,0.36356606664966057,5,-42.5372986506206,14.733025214526787,5,0.0,0.0,5,0.0,0.0,5,0.051428571428571414,0.15887929501822295,5,0.016118948027901602,0.023875810391942642,5,0.0,0.0,5
switch_random,regime_conditional,clean,all,all,cusum_minus_ewma,0.0,0.0,5,,,0,0.0,0.0,5,,,0,0.0015740740740740743,0.006959346151534753,5,,,0,,,0,,,0,,,0,,,0,0.0,0.0,5,0.009722222222222222,0.020891123550682393,5,-3.45679012345679,1.6890923817916206,5,0.0,0.0,5,0.0,0.0,5,,,0,0.0,0.0,5,,,0
switch_random,regime_conditional,clean,all,all,cusum_minus_point,0.0,0.0,5,,,0,0.0,0.0,5,,,0,0.0025,0.008798597273232137,5,,,0,,,0,,,0,,,0,,,0,0.0,0.0,5,0.006250000000000001,0.017602488688384134,5,-7.932098765432099,1.727430286290829,5,0.0,0.0,5,0.0,0.0,5,,,0,0.0,0.0,5,,,0
switch_random,regime_conditional,clean,all,stable,cusum_minus_ewma,0.0,0.0,5,,,0,0.0,0.0,5,,,0,0.0024928774928774937,0.007473331115182804,5,,,0,,,0,,,0,,,0,,,0,0.0,0.0,5,0.01085536304520124,0.022888866573486374,5,-3.4544159544159547,1.6397242782366581,5,0.0,0.0,5,0.0,0.0,5,,,0,0.0,0.0,5,,,0
switch_random,regime_conditional,clean,all,stable,cusum_minus_point,0.0,0.0,5,,,0,0.0,0.0,5,,,0,0.004131054131054132,0.00980266983521569,5,,,0,,,0,,,0,,,0,,,0,0.0,0.0,5,0.009668206293013595,0.01907102555777112,5,-7.6566951566951555,2.095548841869626,5,0.0,0.0,5,0.0,0.0,5,,,0,0.0,0.0,5,,,0
switch_random,regime_conditional,clean,all,transition,cusum_minus_ewma,0.0,0.0,5,,,0,0.0,0.0,5,,,0,-0.004398148148148148,0.004658474953124562,5,,,0,,,0,,,0,,,0,,,0,0.0,0.0,5,0.0,0.0,5,-3.4722222222222223,2.9508214777736024,5,0.0,0.0,5,0.0,0.0,5,,,0,0.0,0.0,5,,,0
switch_random,regime_conditional,clean,all,transition,cusum_minus_point,0.0,0.0,5,,,0,0.0,0.0,5,,,0,-0.008101851851851851,0.00497819749250152,5,,,0,,,0,,,0,,,0,,,0,0.0,0.0,5,-0.008108108108108109,0.018130280898646944,5,-9.722222222222223,3.334458400668503,5,0.0,0.0,5,0.0,0.0,5,,,0,0.0,0.0,5,,,0
switch_random,regime_conditional,clean,transit_rough,all,cusum_minus_ewma,0.0,0.0,5,,,0,0.0,0.0,5,,,0,0.0012037037037037044,0.006925901168503979,5,,,0,,,0,,,0,,,0,,,0,0.0,0.0,5,0.024243285368605063,0.051574168207328956,5,-3.0555555555555554,2.6514483450511763,5,0.0,0.0,5,0.0,0.0,5,,,0,0.0,0.0,5,,,0
switch_random,regime_conditional,clean,transit_rough,all,cusum_minus_point,0.0,0.0,5,,,0,0.0,0.0,5,,,0,0.0021296296296296298,0.009280069207679117,5,,,0,,,0,,,0,,,0,,,0,0.0,0.0,5,0.02317376665202752,0.04419457037370915,5,-7.222222222222223,3.6688171770664724,5,0.0,0.0,5,0.0,0.0,5,,,0,0.0,0.0,5,,,0
switch_random,regime_conditional,clean,transit_rough,stable,cusum_minus_ewma,0.0,0.0,5,,,0,0.0,0.0,5,,,0,0.002243589743589744,0.007434623257567011,5,,,0,,,0,,,0,,,0,,,0,0.0,0.0,5,0.025174952880399226,0.052586724169989336,5,-2.7777777777777777,2.911202263555281,5,0.0,0.0,5,0.0,0.0,5,,,0,0.0,0.0,5,,,0
switch_random,regime_conditional,clean,transit_rough,stable,cusum_minus_point,0.0,0.0,5,,,0,0.0,0.0,5,,,0,0.0038461538461538464,0.009888973379807335,5,,,0,,,0,,,0,,,0,,,0,0.0,0.0,5,0.02777683375814217,0.04795967128101941,5,-6.410256410256411,3.2273092878190632,5,0.0,0.0,5,0.0,0.0,5,,,0,0.0,0.0,5,,,0
switch_random,regime_conditional,clean,transit_rough,transition,cusum_minus_ewma,0.0,0.0,2,,,0,0.0,0.0,2,,,0,-0.005555555555555556,0.00836221845749465,5,,,0,,,0,,,0,,,0,,,0,0.0,0.0,5,0.0,0.0,4,-4.861111111111112,5.810139073153303,5,0.0,0.0,5,0.0,0.0,5,,,0,0.0,0.0,2,,,0
switch_random,regime_conditional,clean,transit_rough,transition,cusum_minus_point,0.0,0.0,2,,,0,0.0,0.0,2,,,0,-0.009027777777777777,0.011143615649917508,5,,,0,,,0,,,0,,,0,,,0,0.0,0.0,5,-0.027777777777777776,0.05555555555555555,4,-12.5,6.768607183895114,5,0.0,0.0,5,0.0,0.0,5,,,0,0.0,0.0,2,,,0
switch_random,regime_conditional,clean,transit_smooth,all,cusum_minus_ewma,0.0,0.0,5,,,0,0.0,0.0,5,,,0,0.0032407407407407406,0.010773218776129719,5,,,0,,,0,,,0,,,0,,,0,0.0,0.0,5,-0.0022988505747126436,0.00514038615517193,5,-3.425925925925926,3.4583054438857594,5,0.0,0.0,5,0.0,0.0,5,,,0,0.0,0.0,5,,,0
switch_random,regime_conditional,clean,transit_smooth,all,cusum_minus_point,0.0,0.0,5,,,0,0.0,0.0,5,,,0,0.004814814814814815,0.02028760543179945,5,,,0,,,0,,,0,,,0,,,0,0.0,0.0,5,-0.009303583502366463,0.009650190095986165,5,-7.407407407407407,3.9959899309333493,5,0.0,0.0,5,0.0,0.0,5,,,0,0.0,0.0,5,,,0
switch_random,regime_conditional,clean,transit_smooth,stable,cusum_minus_ewma,0.0,0.0,5,,,0,0.0,0.0,5,,,0,0.00373931623931624,0.01264683824973474,5,,,0,,,0,,,0,,,0,,,0,0.0,0.0,5,-0.003389830508474576,0.0075798914491518295,5,-3.846153846153846,3.428804815359233,5,0.0,0.0,5,0.0,0.0,5,,,0,0.0,0.0,5,,,0
switch_random,regime_conditional,clean,transit_smooth,stable,cusum_minus_point,0.0,0.0,5,,,0,0.0,0.0,5,,,0,0.007051282051282051,0.022383052335425365,5,,,0,,,0,,,0,,,0,,,0,0.0,0.0,5,-0.008599914542088022,0.008061809015349333,5,-6.944444444444445,2.998122906068864,5,0.0,0.0,5,0.0,0.0,5,,,0,0.0,0.0,5,,,0
switch_random,regime_conditional,clean,transit_smooth,transition,cusum_minus_ewma,0.0,,1,,,0,0.0,,1,,,0,0.0,0.004910463758239913,5,,,0,,,0,,,0,,,0,,,0,0.0,0.0,5,0.0,0.0,4,-0.6944444444444444,3.8036288715636535,5,0.0,0.0,5,0.0,0.0,5,,,0,0.0,,1,,,0
switch_random,regime_conditional,clean,transit_smooth,transition,cusum_minus_point,0.0,,1,,,0,0.0,,1,,,0,-0.009722222222222222,0.012127950830953459,5,,,0,,,0,,,0,,,0,,,0,0.0,0.0,5,-0.008928571428571428,0.017857142857142856,4,-10.416666666666666,10.98013076447354,5,0.0,0.0,5,0.0,0.0,5,,,0,0.0,,1,,,0
switch_random,regime_conditional,clean,warehouse,all,cusum_minus_ewma,0.0,0.0,5,,,0,0.0,0.0,5,,,0,0.00027777777777777816,0.010198854463767677,5,,,0,,,0,,,0,,,0,,,0,0.0,0.0,5,0.002261353669804373,0.018145399568621292,5,-3.8888888888888884,2.8837799078513773,5,0.0,0.0,5,0.0,0.0,5,,,0,0.0,0.0,5,,,0
switch_random,regime_conditional,clean,warehouse,all,cusum_minus_point,0.0,0.0,5,,,0,0.0,0.0,5,,,0,0.0005555555555555557,0.012003157449259536,5,,,0,,,0,,,0,,,0,,,0,0.0,0.0,5,-0.000579165753087818,0.03207381314933169,5,-9.166666666666666,4.310779387772141,5,0.0,0.0,5,0.0,0.0,5,,,0,0.0,0.0,5,,,0
switch_random,regime_conditional,clean,warehouse,stable,cusum_minus_ewma,0.0,0.0,5,,,0,0.0,0.0,5,,,0,0.0014957264957264952,0.010545310177155192,5,,,0,,,0,,,0,,,0,,,0,0.0,0.0,5,0.0015381476948184414,0.019960120216073785,5,-3.7393162393162394,2.7499012128704594,5,0.0,0.0,5,0.0,0.0,5,,,0,0.0,0.0,5,,,0
switch_random,regime_conditional,clean,warehouse,stable,cusum_minus_point,0.0,0.0,5,,,0,0.0,0.0,5,,,0,0.0014957264957264952,0.014528539716255024,5,,,0,,,0,,,0,,,0,,,0,0.0,0.0,5,2.3712084878060868e-05,0.034640022540546295,5,-9.615384615384617,5.577086810315465,5,0.0,0.0,5,0.0,0.0,5,,,0,0.0,0.0,5,,,0
switch_random,regime_conditional,clean,warehouse,transition,cusum_minus_ewma,0.0,0.0,2,,,0,0.0,0.0,2,,,0,-0.007638888888888888,0.010814174654442666,5,,,0,,,0,,,0,,,0,,,0,0.0,0.0,5,0.0,0.0,5,-4.861111111111112,5.265885725035799,5,0.0,0.0,5,0.0,0.0,5,,,0,0.0,0.0,2,,,0
switch_random,regime_conditional,clean,warehouse,transition,cusum_minus_point,0.0,0.0,2,,,0,0.0,0.0,2,,,0,-0.005555555555555555,0.007607257743127307,5,,,0,,,0,,,0,,,0,,,0,0.0,0.0,5,-0.005405405405405406,0.012086853932431297,5,-6.25,4.52722389250184,5,0.0,0.0,5,0.0,0.0,5,,,0,0.0,0.0,2,,,0
switch_random,regime_conditional,observed,all,all,cusum_minus_ewma,-0.13836488174097628,0.040097457758287956,5,-0.06041666666666664,0.05130200989372446,5,-0.2240291922620672,0.04903849550763826,5,-0.19376209566418373,0.034174557968837525,5,0.025936692506459948,0.007621815134744935,5,0.005208333333333331,0.01701034543599429,5,-0.029166666666666695,0.018471438997597765,5,0.0,0.0,5,-0.06041666666666664,0.05130200989372446,5,-0.06319444444444444,0.054537105813325194,5,0.0,0.0,5,0.30277777777777776,0.06630944514495729,5,-3.488372093023256,1.0441362968504277,5,0.0,0.0,5,0.0,0.0,5,-0.06041666666666664,0.05130200989372446,5,-0.13836488174097628,0.040097457758287956,5,0.0,0.0,5
switch_random,regime_conditional,observed,all,all,cusum_minus_point,0.10058258916118154,0.025775468425873617,5,0.1763888888888889,0.051816445831820365,5,-0.044990477851543656,0.017018590882729695,5,0.033260231899667994,0.012733434144512718,5,0.032978036175710594,0.007711795828305849,5,0.025694444444444443,0.015788114644985633,5,0.11180555555555553,0.03814706657492293,5,0.0,0.0,5,0.1763888888888889,0.051816445831820365,5,0.15902777777777777,0.048449632590435075,5,0.0,0.0,5,0.3951388888888889,0.08392440841114397,5,-7.170542635658914,1.2592757551432767,5,0.0,0.0,5,0.0,0.0,5,0.1763888888888889,0.051816445831820365,5,0.10058258916118154,0.025775468425873617,5,0.0,0.0,5
switch_random,regime_conditional,observed,all,stable,cusum_minus_ewma,-0.14520617672867558,0.05020728784308438,5,-0.057251809258277254,0.06372246176522534,5,-0.21978838029079978,0.05975258397425366,5,-0.2030245350217647,0.03534190171109536,5,0.03028960153765516,0.008374786580241251,5,0.007196929615186827,0.021134501335484515,5,-0.033262491120215044,0.022749910073449037,5,0.0,0.0,5,-0.057251809258277254,0.06372246176522534,5,-0.06017122703831564,0.06638060414409513,5,0.0,0.0,5,0.34208272565477194,0.05833147521744887,5,-3.5306472483394855,0.9862374990625581,5,0.0,0.0,5,0.0,0.0,5,-0.057251809258277254,0.06372246176522534,5,-0.14520617672867558,0.05020728784308438,5,0.0,0.0,5
switch_random,regime_conditional,observed,all,stable,cusum_minus_point,0.09613587487202073,0.008840464683856152,5,0.19668950793866471,0.027921962937553727,5,-0.0521335274596841,0.03278697541914521,5,0.028497832659486855,0.015757632619918305,5,0.038795427614423804,0.00864622655264597,5,0.03393137641376799,0.018530948607522593,5,0.10927450937559664,0.056378574944269545,5,0.0,0.0,5,0.19668950793866471,0.027921962937553727,5,0.17468969485337885,0.025165983070077457,5,0.0,0.0,5,0.44376701240012384,0.07326112721161117,5,-6.838769977340841,1.4694775406002059,5,0.0,0.0,5,0.0,0.0,5,0.19668950793866471,0.027921962937553727,5,0.09613587487202073,0.008840464683856152,5,0.0,0.0,5
switch_random,regime_conditional,observed,all,transition,cusum_minus_ewma,-0.09534077176716431,0.052839599399833584,5,-0.07195428896196161,0.03022078048527953,5,-0.05935258046213805,0.11560725165648073,5,-0.0339095781801512,0.060445377228618855,5,-0.0029669956509588242,0.004476451867926371,5,-0.004347826086956522,0.009722034684781694,5,-0.011997625137011326,0.04218965565149463,5,0.0,0.0,5,-0.07195428896196161,0.03022078048527953,5,-0.07195428896196161,0.03022078048527953,5,0.0,0.0,5,0.0003333333333333313,0.028877134360751393,5,-3.2085968726429925,3.304771694627092,5,0.0,0.0,5,0.0,0.0,5,-0.07195428896196161,0.03022078048527953,5,-0.09534077176716431,0.052839599399833584,5,0.0,0.0,5
switch_random,regime_conditional,observed,all,transition,cusum_minus_point,0.12362087219437826,0.2519379356063774,5,0.09740845613607761,0.21502631424822122,5,0.2557618989197936,0.24733720318543537,5,0.20727707937355383,0.17737327580739456,5,-0.005701842250544884,0.003049434671808964,5,-0.008333333333333333,0.01141088661469096,5,0.12279005805220641,0.09999987479333866,5,0.0,0.0,5,0.09740845613607761,0.21502631424822122,5,0.1001862339138554,0.21376365236240752,5,0.0,0.0,5,0.041666666666666664,0.07216878364870322,5,-9.396833224988391,3.5877294383112077,5,0.0,0.0,5,0.0,0.0,5,0.09740845613607761,0.21502631424822122,5,0.12362087219437826,0.2519379356063774,5,0.0,0.0,5
switch_random,regime_conditional,observed,transit_rough,all,cusum_minus_ewma,-0.15193949769520354,0.03415862986178255,5,-0.06686782798256434,0.06568544104936036,5,-0.24387411015834948,0.05248126522230057,5,-0.19659374667760143,0.04813576585518994,5,0.034351946735742336,0.02182526743896101,5,0.006533027671431072,0.011268541015118561,5,-0.01279944288602719,0.0462451766292018,5,0.0,0.0,5,-0.06686782798256434,0.06568544104936036,5,-0.0869453885891755,0.06626571943883379,5,0.0,0.0,5,0.3514870271340859,0.0801579484027613,5,-2.924298910735066,2.3133718155917387,5,0.0,0.0,5,0.0,0.0,5,-0.06686782798256434,0.06568544104936036,5,-0.15193949769520354,0.03415862986178255,5,0.0,0.0,5
switch_random,regime_conditional,observed,transit_rough,all,cusum_minus_point,0.07396900636978672,0.0395488496630506,5,0.16755817241307797,0.0631441258228145,5,-0.09614673953608086,0.08508892570619284,5,0.012901285786786574,0.03609668684171688,5,0.042618745544614846,0.02405609085252077,5,0.03309710294672481,0.020909006677173415,5,0.07367073221107087,0.041660206276090024,5,0.0,0.0,5,0.16755817241307797,0.0631441258228145,5,0.1268157719689015,0.05260705138671545,5,0.0,0.0,5,0.4771803284335253,0.06286946360314505,5,-6.91319519287039,2.857253543573623,5,0.0,0.0,5,0.0,0.0,5,0.16755817241307797,0.0631441258228145,5,0.07396900636978672,0.0395488496630506,5,0.0,0.0,5
switch_random,regime_conditional,observed,transit_rough,stable,cusum_minus_ewma,-0.16323866203916393,0.028571745067145587,5,-0.06397091043920852,0.07210707279714958,5,-0.24668130401184274,0.054568823088688156,5,-0.2138072573702697,0.04121503524059428,5,0.04021763412031577,0.024916128283467835,5,0.011033724340175953,0.01044901461049581,5,-0.02316943068055415,0.05075778298169446,5,0.0,0.0,5,-0.06397091043920852,0.07210707279714958,5,-0.08930815384096809,0.0730501506755238,5,0.0,0.0,5,0.3792708683391324,0.07019839043090313,5,-2.6972730323970993,2.498446790069945,5,0.0,0.0,5,0.0,0.0,5,-0.06397091043920852,0.07210707279714958,5,-0.16323866203916393,0.028571745067145587,5,0.0,0.0,5
switch_random,regime_conditional,observed,transit_rough,stable,cusum_minus_point,0.06727302539528275,0.06422083904212415,5,0.19495651734250177,0.07693795764908574,5,-0.11710100026172499,0.10042316018613692,5,0.009156467920075068,0.04235156300385689,5,0.05039295928016326,0.028408579883298535,5,0.043759395961843126,0.032412516457690964,5,0.09121566049819661,0.04413175281272265,5,0.0,0.0,5,0.19495651734250177,0.07693795764908574,5,0.1431896551724138,0.07346831966740773,5,0.0,0.0,5,0.5161603485328154,0.028062747244651798,5,-5.946105218650534,2.8793206052578566,5,0.0,0.0,5,0.0,0.0,5,0.19495651734250177,0.07693795764908574,5,0.06727302539528275,0.06422083904212415,5,0.0,0.0,5
switch_random,regime_conditional,observed,transit_rough,transition,cusum_minus_ewma,-0.10579655638479168,0.08126770396182112,5,-0.07308467246547742,0.05540145811635073,5,-0.13333333333333336,0.16329931618554525,4,0.00976730424375529,0.10572596329540633,5,-0.004396365484876532,0.00478236233292898,5,-0.02,0.0447213595499958,5,0.024158435303946135,0.05362042824961401,5,0.0,0.0,5,-0.07308467246547742,0.05540145811635073,5,-0.07308467246547742,0.05540145811635073,5,0.0,0.0,5,0.0,0.0,4,-4.377782565234387,4.714705373281212,5,0.0,0.0,5,0.0,0.0,5,-0.07308467246547742,0.05540145811635073,5,-0.10579655638479168,0.08126770396182112,5,0.0,0.0,5
switch_random,regime_conditional,observed,transit_rough,transition,cusum_minus_point,0.03084398976982098,0.1760520548456295,5,0.022153422772617816,0.1152813255276205,5,0.16666666666666669,0.43033148291193524,4,0.12590892707149753,0.11840115810268394,5,-0.009008376691335305,0.0068630102431087876,5,-0.0014379084967320252,0.032118214992278606,5,-0.01668534080298787,0.08013955615101194,5,0.0,0.0,5,0.022153422772617816,0.1152813255276205,5,0.022153422772617816,0.1152813255276205,5,0.0,0.0,5,0.2222222222222222,0.5211573066470477,4,-13.374729762724348,6.252184146663774,5,0.0,0.0,5,0.0,0.0,5,0.022153422772617816,0.1152813255276205,5,0.03084398976982098,0.1760520548456295,5,0.0,0.0,5
switch_random,regime_conditional,observed,transit_smooth,all,cusum_minus_ewma,-0.1159439048778744,0.03182234509816356,5,-0.05293140846082023,0.0417000126609819,5,-0.20640980310881107,0.06321628879490794,5,-0.15997004530815334,0.05773944189696719,5,0.021815292441496156,0.009526178067544811,5,0.007898082309847015,0.035871234620809954,5,-0.04694060188177836,0.0431102411150968,5,0.0,0.0,5,-0.05293140846082023,0.0417000126609819,5,-0.04365682683329743,0.049782994147410976,5,0.0,0.0,5,0.2592541459772151,0.10965477522289523,5,-3.0903457518185204,2.0372547144591993,5,0.0,0.0,5,0.0,0.0,5,-0.05293140846082023,0.0417000126609819,5,-0.1159439048778744,0.03182234509816356,5,0.0,0.0,5
switch_random,regime_conditional,observed,transit_smooth,all,cusum_minus_point,0.12536139238537522,0.07877195864039561,5,0.16963283775048482,0.07461360383798264,5,0.019607574856867944,0.0588242007315116,5,0.05203882992083929,0.04064289106813168,5,0.02854271120021425,0.017698595077768265,5,0.016649213531566474,0.03673731568906397,5,0.16061854485383895,0.09264564656020424,5,0.0,0.0,5,0.16963283775048482,0.07461360383798264,5,0.16800746965452848,0.07003207414295211,5,0.0,0.0,5,0.3187451713302619,0.14774815398223232,5,-5.616502679279625,5.33309405675729,5,0.0,0.0,5,0.0,0.0,5,0.16963283775048482,0.07461360383798264,5,0.12536139238537522,0.07877195864039561,5,0.0,0.0,5
switch_random,regime_conditional,observed,transit_smooth,stable,cusum_minus_ewma,-0.11477818415696155,0.06246112831849274,5,-0.04216406904642199,0.07892810699025771,5,-0.18681126715515195,0.09049886385010238,5,-0.16111527772353423,0.06981869632907893,5,0.024782843698476782,0.010829816903454319,5,0.021473730517848164,0.07046060359455088,5,-0.052254734372381414,0.020835675006578017,5,0.0,0.0,5,-0.04216406904642199,0.07892810699025771,5,-0.03339542483660131,0.07299157363309962,5,0.0,0.0,5,0.29633463246623765,0.08631883723693393,5,-3.6560027375414483,2.096823606564797,5,0.0,0.0,5,0.0,0.0,5,-0.04216406904642199,0.07892810699025771,5,-0.11477818415696155,0.06246112831849274,5,0.0,0.0,5
switch_random,regime_conditional,observed,transit_smooth,stable,cusum_minus_point,0.13742083800883514,0.07304464750428614,5,0.21653117144293615,0.052544876937864006,5,0.04399382187574352,0.06676542929818106,5,0.05637667293138911,0.04774849032658331,5,0.03334580846531913,0.01945616481058405,5,0.03439039718451483,0.06757631001875636,5,0.16225456678397857,0.11021543476000067,5,0.0,0.0,5,0.21653117144293615,0.052544876937864006,5,0.20879696664990782,0.05526428275793441,5,0.0,0.0,5,0.3623675294462932,0.12035087453123774,5,-5.352947079572079,4.879516567691002,5,0.0,0.0,5,0.0,0.0,5,0.21653117144293615,0.052544876937864006,5,0.13742083800883514,0.07304464750428614,5,0.0,0.0,5
switch_random,regime_conditional,observed,transit_smooth,transition,cusum_minus_ewma,-0.08478298802842413,0.0804152091431594,5,-0.06000000000000001,0.06351338927567912,5,-0.06101190476190477,0.08992824362939361,4,-0.07822969739347899,0.11410550913673036,5,0.0014925373134328356,0.00333741489179073,5,0.0,0.0,5,-0.07488888888888888,0.14706511533381444,5,0.0,0.0,5,-0.06000000000000001,0.06351338927567912,5,-0.06000000000000001,0.06351338927567912,5,0.0,0.0,5,0.0,0.0,4,0.746268656716418,1.6687074458953655,5,0.0,0.0,5,0.0,0.0,5,-0.06000000000000001,0.06351338927567912,5,-0.08478298802842413,0.0804152091431594,5,0.0,0.0,5
switch_random,regime_conditional,observed,transit_smooth,transition,cusum_minus_point,0.09495108235737922,0.20494194806956906,5,0.08577777777777777,0.17607412860903812,5,0.1970238095238095,0.46772383900028125,4,0.24205534345210983,0.20916643056863884,5,-0.004490752012861812,0.011352399486306923,5,-0.009,0.012449899597988734,5,0.1517777777777778,0.14073352808029058,5,0.0,0.0,5,0.08577777777777777,0.17607412860903812,5,0.09577777777777777,0.16002391796537058,5,0.0,0.0,5,0.053571428571428575,0.13203019650487402,4,-7.387558303986833,10.799860733981156,5,0.0,0.0,5,0.0,0.0,5,0.08577777777777777,0.17607412860903812,5,0.09495108235737922,0.20494194806956906,5,0.0,0.0,5
switch_random,regime_conditional,observed,warehouse,all,cusum_minus_ewma,-0.14662902188651544,0.08126799650138951,5,-0.07604543127984195,0.10192918598365311,5,-0.21443558424822434,0.08413252716172036,5,-0.2038000839985389,0.08375104280729824,5,0.0219217176648182,0.01357122759159169,5,0.008545870725853907,0.033581014733284814,5,-0.03208871660199307,0.06355509947020359,5,0.0,0.0,5,-0.07604543127984195,0.10192918598365311,5,-0.07190676086699156,0.10148122396132155,5,0.0,0.0,5,0.2773311990373597,0.17212640487246772,5,-4.4542829149873855,1.6151510516433172,5,0.0,0.0,5,0.0,0.0,5,-0.07604543127984195,0.10192918598365311,5,-0.14662902188651544,0.08126799650138951,5,0.0,0.0,5
switch_random,regime_conditional,observed,warehouse,all,cusum_minus_point,0.09097656362787615,0.06921862575661969,5,0.16774968345363636,0.11330344465933254,5,-0.03551729511767464,0.12834570343910534,5,0.042467165896228544,0.040055531711081095,5,0.02809811017283285,0.021005493801902787,5,0.027221367682739788,0.03827651810788986,5,0.11306033195448069,0.12865408970235867,5,0.0,0.0,5,0.16774968345363636,0.11330344465933254,5,0.16439285637267137,0.11094709692204742,5,0.0,0.0,5,0.36696869986355757,0.22277045787322552,5,-8.970659957863736,5.334604870923299,5,0.0,0.0,5,0.0,0.0,5,0.16774968345363636,0.11330344465933254,5,0.09097656362787615,0.06921862575661969,5,0.0,0.0,5
switch_random,regime_conditional,observed,warehouse,stable,cusum_minus_ewma,-0.14804732038380786,0.0893939578806224,5,-0.0716146016146016,0.10097520727989012,5,-0.21279439689329954,0.09936566097750583,5,-0.2044147120535765,0.08819610372085217,5,0.026129171634159905,0.016028644469434777,5,0.007854802854802858,0.03569974587334357,5,-0.028532233532233563,0.06591213174898744,5,0.0,0.0,5,-0.0716146016146016,0.10097520727989012,5,-0.06572715572715573,0.10343078977595857,5,0.0,0.0,5,0.31506458822332134,0.18103443174531703,5,-4.244032362729491,1.0217476002756765,5,0.0,0.0,5,0.0,0.0,5,-0.0716146016146016,0.10097520727989012,5,-0.14804732038380786,0.0893939578806224,5,0.0,0.0,5
switch_random,regime_conditional,observed,warehouse,stable,cusum_minus_point,0.07642746951813842,0.0334601576284672,5,0.16413536913536914,0.07095494564108508,5,-0.043265792888456944,0.13722207709617618,5,0.03101983531810464,0.04209185797197404,5,0.032854340266345,0.024600491730122555,5,0.033426933426933425,0.04244407577503538,5,0.1026003276003276,0.12504848123995874,5,0.0,0.0,5,0.16413536913536914,0.07095494564108508,5,0.15942172692172693,0.05431000770511782,5,0.0,0.0,5,0.41274857261024495,0.2353536698995893,5,-9.25279759244587,6.778143093907968,5,0.0,0.0,5,0.0,0.0,5,0.16413536913536914,0.07095494564108508,5,0.07642746951813842,0.0334601576284672,5,0.0,0.0,5
switch_random,regime_conditional,observed,warehouse,transition,cusum_minus_ewma,-0.11382325378664053,0.12789347573950782,5,-0.11064935064935066,0.15212419336418934,5,-0.07177658942364823,0.10371778929784647,4,-0.030592663013221243,0.057567630292380406,5,-0.005781979173875506,0.010660925865230922,5,0.0,0.0,5,-0.28484848484848485,0.42239859058673507,5,0.0,0.0,5,-0.11064935064935066,0.15212419336418934,5,-0.11064935064935066,0.15212419336418934,5,0.0,0.0,5,0.02,0.10954451150103323,5,-5.78386363448611,6.474697788514919,5,0.0,0.0,5,0.0,0.0,5,-0.11064935064935066,0.15212419336418934,5,-0.11382325378664053,0.12789347573950782,5,0.0,0.0,5
switch_random,regime_conditional,observed,warehouse,transition,cusum_minus_point,0.02079357899298296,0.5517064996879609,5,-0.006926406926406925,0.5290301890364121,5,0.17336229946524065,0.6454175071650881,4,0.08956575495458599,0.4071070892561138,5,-0.003758757659477561,0.0044804190526334265,5,-0.007619047619047618,0.01096272803163937,5,-0.14476190476190479,0.5485664682315419,5,0.0,0.0,5,-0.006926406926406925,0.5290301890364121,5,-0.006926406926406925,0.5290301890364121,5,0.0,0.0,5,0.05081081081081081,0.0866215162119357,5,-7.482577220870252,5.013705494079995,5,0.0,0.0,5,0.0,0.0,5,-0.006926406926406925,0.5290301890364121,5,0.02079357899298296,0.5517064996879609,5,0.0,0.0,5
switch_random,regime_marginal,clean,all,all,cusum_minus_ewma,0.0,0.0,5,,,0,0.0,0.0,5,,,0,0.0026234567901234577,0.010608936569319266,5,,,0,,,0,,,0,,,0,,,0,0.0,0.0,5,0.002777777777777778,0.00667895279919144,5,-2.2839506172839505,1.3733700902029005,5,0.0,0.0,5,0.0,0.0,5,,,0,0.0,0.0,5,,,0
switch_random,regime_marginal,clean,all,all,cusum_minus_point,0.0,0.0,5,,,0,0.0,0.0,5,,,0,0.003950617283950617,0.008717838317096162,5,,,0,,,0,,,0,,,0,,,0,0.0,0.0,5,-0.000694444444444444,0.01261520980873955,5,-7.839506172839506,1.9744645187113525,5,0.0,0.0,5,0.0,0.0,5,,,0,0.0,0.0,5,,,0
switch_random,regime_marginal,clean,all,stable,cusum_minus_ewma,0.0,0.0,5,,,0,0.0,0.0,5,,,0,0.003525641025641026,0.011954359598888346,5,,,0,,,0,,,0,,,0,,,0,0.0,0.0,5,0.003564194591521268,0.008097034144230025,5,-2.386039886039886,1.519282692856235,5,0.0,0.0,5,0.0,0.0,5,,,0,0.0,0.0,5,,,0
switch_random,regime_marginal,clean,all,stable,cusum_minus_point,0.0,0.0,5,,,0,0.0,0.0,5,,,0,0.005840455840455841,0.009413269623834127,5,,,0,,,0,,,0,,,0,,,0,0.0,0.0,5,0.002382842849057013,0.017477697188514742,5,-7.7991452991453,1.6484026796343472,5,0.0,0.0,5,0.0,0.0,5,,,0,0.0,0.0,5,,,0
switch_random,regime_marginal,clean,all,transition,cusum_minus_ewma,0.0,0.0,2,,,0,0.0,0.0,2,,,0,-0.0032407407407407406,0.002639294965507264,5,,,0,,,0,,,0,,,0,,,0,0.0,0.0,5,0.0,0.0,5,-1.6203703703703702,1.319647482753632,5,0.0,0.0,5,0.0,0.0,5,,,0,0.0,0.0,2,,,0
switch_random,regime_marginal,clean,all,transition,cusum_minus_point,0.0,0.0,2,,,0,0.0,0.0,2,,,0,-0.008333333333333333,0.006036298523335785,5,,,0,,,0,,,0,,,0,,,0,0.0,0.0,5,-0.008108108108108109,0.018130280898646944,5,-8.101851851851851,5.6701151453314305,5,0.0,0.0,5,0.0,0.0,5,,,0,0.0,0.0,2,,,0
switch_random,regime_marginal,clean,transit_rough,all,cusum_minus_ewma,0.0,0.0,3,,,0,0.0,0.0,3,,,0,-0.004814814814814815,0.00624227918173451,5,,,0,,,0,,,0,,,0,,,0,0.0,0.0,5,-0.0037037037037037034,0.00828173324999922,5,-2.962962962962963,1.4858154199890012,5,0.0,0.0,5,0.0,0.0,5,,,0,0.0,0.0,3,,,0
switch_random,regime_marginal,clean,transit_rough,all,cusum_minus_point,0.0,0.0,3,,,0,0.0,0.0,3,,,0,-0.002314814814814815,0.008971214062535232,5,,,0,,,0,,,0,,,0,,,0,0.0,0.0,5,-0.008454106280193236,0.012492850764237439,5,-7.5,2.253826193451497,5,0.0,0.0,5,0.0,0.0,5,,,0,0.0,0.0,3,,,0
switch_random,regime_marginal,clean,transit_rough,stable,cusum_minus_ewma,0.0,0.0,3,,,0,0.0,0.0,3,,,0,-0.004807692307692307,0.008021718706026285,5,,,0,,,0,,,0,,,0,,,0,0.0,0.0,5,-0.0037383177570093455,0.008359132626167437,5,-2.8846153846153846,1.5846577963879622,5,0.0,0.0,5,0.0,0.0,5,,,0,0.0,0.0,3,,,0
switch_random,regime_marginal,clean,transit_rough,stable,cusum_minus_point,0.0,0.0,3,,,0,0.0,0.0,3,,,0,-0.0008547008547008543,0.010265587507428472,5,,,0,,,0,,,0,,,0,,,0,0.0,0.0,5,-0.005607476635514018,0.012538698939251157,5,-6.944444444444445,2.169882052520289,5,0.0,0.0,5,0.0,0.0,5,,,0,0.0,0.0,3,,,0
switch_random,regime_marginal,clean,transit_rough,transition,cusum_minus_ewma,,,0,,,0,,,0,,,0,-0.004861111111111112,0.007200153247683237,5,,,0,,,0,,,0,,,0,,,0,0.0,0.0,5,0.0,0.0,4,-3.4722222222222223,4.252586358998573,5,0.0,0.0,5,0.0,0.0,5,,,0,,,0,,,0
switch_random,regime_marginal,clean,transit_rough,transition,cusum_minus_point,,,0,,,0,,,0,,,0,-0.011805555555555555,0.005810139073153302,5,,,0,,,0,,,0,,,0,,,0,0.0,0.0,5,-0.027777777777777776,0.05555555555555555,4,-11.11111111111111,5.150137838260878,5,0.0,0.0,5,0.0,0.0,5,,,0,,,0,,,0
switch_random,regime_marginal,clean,transit_smooth,all,cusum_minus_ewma,0.0,0.0,3,,,0,0.0,0.0,3,,,0,0.014074074074074076,0.03179244567809761,5,,,0,,,0,,,0,,,0,,,0,0.0,0.0,5,0.0,0.0,5,-0.3703703703703704,1.8919274760835694,5,0.0,0.0,5,0.0,0.0,5,,,0,0.0,0.0,3,,,0
switch_random,regime_marginal,clean,transit_smooth,all,cusum_minus_point,0.0,0.0,3,,,0,0.0,0.0,3,,,0,0.01138888888888889,0.03401060917347948,5,,,0,,,0,,,0,,,0,,,0,0.0,0.0,5,-0.012636362628714573,0.008580734674590446,5,-7.870370370370371,2.4056261216234405,5,0.0,0.0,5,0.0,0.0,5,,,0,0.0,0.0,3,,,0
switch_random,regime_marginal,clean,transit_smooth,stable,cusum_minus_ewma,0.0,0.0,3,,,0,0.0,0.0,3,,,0,0.016239316239316237,0.036683591167035706,5,,,0,,,0,,,0,,,0,,,0,0.0,0.0,5,0.0,0.0,5,-0.42735042735042744,2.182993241634888,5,0.0,0.0,5,0.0,0.0,5,,,0,0.0,0.0,3,,,0
switch_random,regime_marginal,clean,transit_smooth,stable,cusum_minus_point,0.0,0.0,3,,,0,0.0,0.0,3,,,0,0.014102564102564103,0.038673516631795135,5,,,0,,,0,,,0,,,0,,,0,0.0,0.0,5,-0.01119938884644767,0.01073733917659716,5,-8.119658119658121,2.4884219441991697,5,0.0,0.0,5,0.0,0.0,5,,,0,0.0,0.0,3,,,0
switch_random,regime_marginal,clean,transit_smooth,transition,cusum_minus_ewma,,,0,,,0,,,0,,,0,0.0,0.0,5,,,0,,,0,,,0,,,0,,,0,0.0,0.0,5,0.0,0.0,4,0.0,0.0,5,0.0,0.0,5,0.0,0.0,5,,,0,,,0,,,0
switch_random,regime_marginal,clean,transit_smooth,transition,cusum_minus_point,,,0,,,0,,,0,,,0,-0.00625,0.0051501378382608765,5,,,0,,,0,,,0,,,0,,,0,0.0,0.0,5,-0.008928571428571428,0.017857142857142856,4,-6.25,5.150137838260878,5,0.0,0.0,5,0.0,0.0,5,,,0,,,0,,,0
switch_random,regime_marginal,clean,warehouse,all,cusum_minus_ewma,0.0,0.0,4,,,0,0.0,0.0,4,,,0,-0.0013888888888888887,0.007863559144195847,5,,,0,,,0,,,0,,,0,,,0,0.0,0.0,5,0.010921256960860923,0.011194001882718022,5,-3.518518518518518,2.731089111806041,5,0.0,0.0,5,0.0,0.0,5,,,0,0.0,0.0,4,,,0
switch_random,regime_marginal,clean,warehouse,all,cusum_minus_point,0.0,0.0,4,,,0,0.0,0.0,4,,,0,0.0027777777777777775,0.008301120869000513,5,,,0,,,0,,,0,,,0,,,0,0.0,0.0,5,0.016189295646526842,0.03831468804269168,5,-8.148148148148147,4.174375584759203,5,0.0,0.0,5,0.0,0.0,5,,,0,0.0,0.0,4,,,0
switch_random,regime_marginal,clean,warehouse,stable,cusum_minus_ewma,0.0,0.0,4,,,0,0.0,0.0,4,,,0,-0.0008547008547008563,0.009156300795327277,5,,,0,,,0,,,0,,,0,,,0,0.0,0.0,5,0.013164754462184083,0.014073622151079275,5,-3.8461538461538467,2.959806661793819,5,0.0,0.0,5,0.0,0.0,5,,,0,0.0,0.0,4,,,0
switch_random,regime_marginal,clean,warehouse,stable,cusum_minus_point,0.0,0.0,4,,,0,0.0,0.0,4,,,0,0.004273504273504272,0.010875680059563209,5,,,0,,,0,,,0,,,0,,,0,0.0,0.0,5,0.020732326196184953,0.043907770988478534,5,-8.333333333333334,4.043630527302471,5,0.0,0.0,5,0.0,0.0,5,,,0,0.0,0.0,4,,,0
switch_random,regime_marginal,clean,warehouse,transition,cusum_minus_ewma,0.0,0.0,2,,,0,0.0,0.0,2,,,0,-0.00486111111111111,0.005810139073153302,5,,,0,,,0,,,0,,,0,,,0,0.0,0.0,5,0.0,0.0,5,-1.3888888888888888,1.901814435781827,5,0.0,0.0,5,0.0,0.0,5,,,0,0.0,0.0,2,,,0
switch_random,regime_marginal,clean,warehouse,transition,cusum_minus_point,0.0,0.0,2,,,0,0.0,0.0,2,,,0,-0.006944444444444445,0.011774878442925813,5,,,0,,,0,,,0,,,0,,,0,0.0,0.0,5,-0.005405405405405406,0.012086853932431297,5,-6.944444444444445,9.820927516479825,5,0.0,0.0,5,0.0,0.0,5,,,0,0.0,0.0,2,,,0
switch_random,regime_marginal,observed,all,all,cusum_minus_ewma,-0.11590842474194514,0.03718213586889028,5,-0.07569444444444444,0.0208911235506824,5,-0.2512293815953436,0.1383334823613677,5,-0.1002396061201762,0.04354880827894593,5,0.013468992248062014,0.008360268849744184,5,-0.005555555555555555,0.011990483784605559,5,-0.027777777777777745,0.03827327723098711,5,0.0,0.0,5,-0.07569444444444444,0.0208911235506824,5,-0.06805555555555556,0.017116329922036443,5,0.0,0.0,5,0.08958333333333332,0.06451235645829773,5,-1.905684754521964,1.2053041445119699,5,0.0,0.0,5,0.0,0.0,5,-0.07569444444444444,0.0208911235506824,5,-0.11590842474194514,0.03718213586889028,5,0.0,0.0,5
switch_random,regime_marginal,observed,all,all,cusum_minus_point,-0.058743343896255296,0.04591595629657744,5,-0.02847222222222222,0.031955764902343156,5,-0.1835279995567518,0.0961269387005731,5,-0.03982199260522251,0.02023706212348695,5,0.016666666666666666,0.005784044155276671,5,0.0013888888888888887,0.010226858663210514,5,0.08888888888888888,0.0402388461272726,5,0.0,0.0,5,-0.02847222222222222,0.031955764902343156,5,-0.029166666666666667,0.02120615483972565,5,0.0,0.0,5,0.12222222222222223,0.08103753083800731,5,-7.299741602067184,1.8463194556883467,5,0.0,0.0,5,0.0,0.0,5,-0.02847222222222222,0.031955764902343156,5,-0.058743343896255296,0.04591595629657744,5,0.0,0.0,5
switch_random,regime_marginal,observed,all,stable,cusum_minus_ewma,-0.1212135824454889,0.04401805915907413,5,-0.08004399242881843,0.02234196157090413,5,-0.24372759025350196,0.1470231289013625,5,-0.10476995764591257,0.05613381433071578,5,0.016022397219946867,0.009457124653309624,5,-0.005162394516438007,0.014135027142140402,5,-0.03763672564166591,0.03582433051226205,5,0.0,0.0,5,-0.08004399242881843,0.02234196157090413,5,-0.07423996054883716,0.02297633904116178,5,0.0,0.0,5,0.10337046102307106,0.07144469014407338,5,-1.9679838469294857,1.2531973462538535,5,0.0,0.0,5,0.0,0.0,5,-0.08004399242881843,0.02234196157090413,5,-0.1212135824454889,0.04401805915907413,5,0.0,0.0,5
switch_random,regime_marginal,observed,all,stable,cusum_minus_point,-0.05915186911568049,0.052076430123077395,5,-0.026382404992479992,0.04031826757238522,5,-0.17888268868969703,0.09507063272426411,5,-0.04128391333037719,0.024146784830501342,5,0.020145049190495805,0.006111194432924578,5,0.003677393019383417,0.012476015649963534,5,0.08676740287549384,0.05661745832553564,5,0.0,0.0,5,-0.026382404992479992,0.04031826757238522,5,-0.029598387215942074,0.030217138984594077,5,0.0,0.0,5,0.13702266525850382,0.08593403540295108,5,-7.281285781647132,1.6171008667613467,5,0.0,0.0,5,0.0,0.0,5,-0.026382404992479992,0.04031826757238522,5,-0.05915186911568049,0.052076430123077395,5,0.0,0.0,5
switch_random,regime_marginal,observed,all,transition,cusum_minus_ewma,-0.07519395582255228,0.094417543001451,5,-0.05941318556408069,0.08446183970251182,5,-0.048182523997741394,0.10638083016958169,4,-0.001955270537937931,0.03457409373929993,5,-0.0034424285020539366,0.002927788657888513,5,-0.008333333333333333,0.018633899812498245,5,0.013812771485405762,0.06249501610393064,5,0.0,0.0,5,-0.05941318556408069,0.08446183970251182,5,-0.042746518897414036,0.04814234204699122,5,0.0,0.0,5,-0.008333333333333333,0.018633899812498245,5,-1.4866522418215045,1.045737112672107,5,0.0,0.0,5,0.0,0.0,5,-0.05941318556408069,0.08446183970251182,5,-0.07519395582255228,0.094417543001451,5,0.0,0.0,5
switch_random,regime_marginal,observed,all,transition,cusum_minus_point,-0.05247796690163722,0.07584732724457686,5,-0.03562751187431494,0.0480310730439458,5,0.02291666666666664,0.25728455968092173,4,0.06660959233653216,0.11308473878215843,5,-0.006445369249584497,0.006107207691017165,5,-0.0068218954248366005,0.0064193802504430185,5,0.08547984411155768,0.1436819778871975,5,0.0,0.0,5,-0.03562751187431494,0.0480310730439458,5,-0.02753927658019729,0.0490518880137586,5,0.0,0.0,5,0.025,0.05590169943749475,5,-7.434093040565722,5.845105185079698,5,0.0,0.0,5,0.0,0.0,5,-0.03562751187431494,0.0480310730439458,5,-0.05247796690163722,0.07584732724457686,5,0.0,0.0,5
switch_random,regime_marginal,observed,transit_rough,all,cusum_minus_ewma,-0.1342790056848179,0.05413006814855662,5,-0.09666288403365282,0.03428306868082988,5,-0.14463271044416548,0.04868858714511098,3,-0.1194368604839092,0.03380419577744213,5,0.0028282946459921793,0.010802586597193567,5,-0.014100141709966934,0.020090091728162715,5,-0.022315897339637392,0.04357756017973158,5,0.0,0.0,5,-0.09666288403365282,0.03428306868082988,5,-0.07535915233785688,0.03350438111057364,5,0.0,0.0,5,0.06095359391011564,0.0809353036794774,5,-2.8216861024276634,1.254095883898751,5,0.0,0.0,5,0.0,0.0,5,-0.09666288403365282,0.03428306868082988,5,-0.1342790056848179,0.05413006814855662,5,0.0,0.0,5
switch_random,regime_marginal,observed,transit_rough,all,cusum_minus_point,-0.04525366244014415,0.056385405488174736,5,-0.011243853079459779,0.04579335086627989,5,-0.1092917254889086,0.08071784233696225,3,-0.05126772924559246,0.02193858681261012,5,0.008550655801754774,0.017482263280677465,5,-0.00016570033748106172,0.017699386328596634,5,0.03859825266941934,0.0634544450167644,5,0.0,0.0,5,-0.011243853079459779,0.04579335086627989,5,-0.005055851189993554,0.05177473987876174,5,0.0,0.0,5,0.1241062801932367,0.11971083700618354,5,-7.1009471953995105,2.7329165116683916,5,0.0,0.0,5,0.0,0.0,5,-0.011243853079459779,0.04579335086627989,5,-0.04525366244014415,0.056385405488174736,5,0.0,0.0,5
switch_random,regime_marginal,observed,transit_rough,stable,cusum_minus_ewma,-0.1355564574632004,0.06254842357401916,5,-0.10191214143661306,0.03488358611110695,5,-0.12154709093350154,0.03610583466400444,3,-0.11692258804062161,0.04694551064664092,5,0.0040187915217737855,0.01315314471753636,5,-0.011363636363636362,0.025409863380679423,5,-0.0387367276772171,0.04991633250829443,5,0.0,0.0,5,-0.10191214143661306,0.03488358611110695,5,-0.08827577780024944,0.04619874399946689,5,0.0,0.0,5,0.0693611208289603,0.08903182811854021,5,-2.799890852724069,1.2486031895506806,5,0.0,0.0,5,0.0,0.0,5,-0.10191214143661306,0.03488358611110695,5,-0.1355564574632004,0.06254842357401916,5,0.0,0.0,5
switch_random,regime_marginal,observed,transit_rough,stable,cusum_minus_point,-0.04973905265772866,0.07055719492459145,5,-0.01466873967708228,0.05597694361048026,5,-0.09288773656970668,0.0687624589353132,3,-0.05305279196924171,0.026259608626994654,5,0.011476304280649078,0.019888065228106697,5,0.0032734604105571856,0.02070649456033006,5,0.049039589442815244,0.059092571362049914,5,0.0,0.0,5,-0.01466873967708228,0.05597694361048026,5,-0.010123285131627736,0.06260944936922776,5,0.0,0.0,5,0.13807586586036286,0.13200294936366266,5,-6.606934568744814,2.5667445375206315,5,0.0,0.0,5,0.0,0.0,5,-0.01466873967708228,0.05597694361048026,5,-0.04973905265772866,0.07055719492459145,5,0.0,0.0,5
switch_random,regime_marginal,observed,transit_rough,transition,cusum_minus_ewma,-0.05249266862170089,0.08028712845791826,5,-0.05476190476190477,0.07788298682760061,5,0.3076923076923077,,1,-0.006173307861522853,0.04850183257744975,5,-0.005220848961856156,0.006231037334876604,5,-0.02222222222222222,0.049690399499995326,5,0.06586466165413533,0.06771635781828415,5,0.0,0.0,5,-0.05476190476190477,0.07788298682760061,5,-0.010317460317460322,0.059232089387445355,5,0.0,0.0,5,-0.25,0.5,4,-2.9701367111439057,3.1021489466923935,5,0.0,0.0,5,0.0,0.0,5,-0.05476190476190477,0.07788298682760061,5,-0.05249266862170089,0.08028712845791826,5,0.0,0.0,5
switch_random,regime_marginal,observed,transit_rough,transition,cusum_minus_point,0.005249056144196812,0.14138310288158756,5,0.007282913165266106,0.09496686538695619,5,0.4,,1,0.04956856197899953,0.08781005310777977,5,-0.011113043424576054,0.005785900438920596,5,-0.011437908496732025,0.015672652036969673,5,-0.004058184677379739,0.11056874408961945,5,0.0,0.0,5,0.007282913165266106,0.09496686538695619,5,0.018394024276377215,0.11858885258822413,5,0.0,0.0,5,-0.027777777777777776,0.05555555555555555,4,-10.343812655345285,5.312312331663515,5,0.0,0.0,5,0.0,0.0,5,0.007282913165266106,0.09496686538695619,5,0.005249056144196812,0.14138310288158756,5,0.0,0.0,5
switch_random,regime_marginal,observed,transit_smooth,all,cusum_minus_ewma,-0.06785984952978905,0.04417841185266532,5,-0.03849658837894132,0.02567164793942157,5,-0.27445533769063185,0.24919537187016005,5,-0.07235013746851143,0.06294901861693289,5,0.0225608510286514,0.033475232263994764,5,0.011428571428571429,0.025555062599997597,5,0.011436184730302335,0.09457457553445961,5,0.0,0.0,5,-0.03849658837894132,0.02567164793942157,5,-0.03849658837894132,0.02567164793942157,5,0.0,0.0,5,0.058379548540727765,0.05525218729613579,5,0.09695908059000011,1.896191869382085,5,0.0,0.0,5,0.0,0.0,5,-0.03849658837894132,0.02567164793942157,5,-0.06785984952978905,0.04417841185266532,5,0.0,0.0,5
switch_random,regime_marginal,observed,transit_smooth,all,cusum_minus_point,-0.07817983093466291,0.02644782628535495,5,-0.0482802556920204,0.022194889541787586,5,-0.18221064686702834,0.050557122944607395,5,-0.0194078408029477,0.00812121817235551,5,0.020406385491601637,0.03606560403517264,5,0.006072110895640306,0.028581780227865672,5,0.16118293471234643,0.14467978773324044,5,0.0,0.0,5,-0.0482802556920204,0.022194889541787586,5,-0.0482802556920204,0.022194889541787586,5,0.0,0.0,5,0.05536710105183962,0.06219236401525416,5,-7.4437055168535196,2.1762020960420374,5,0.0,0.0,5,0.0,0.0,5,-0.0482802556920204,0.022194889541787586,5,-0.07817983093466291,0.02644782628535495,5,0.0,0.0,5
switch_random,regime_marginal,observed,transit_smooth,stable,cusum_minus_ewma,-0.07499414453549792,0.06139188469380483,5,-0.04943707055471761,0.0366962403399359,5,-0.2631406233379428,0.23452894328813217,5,-0.07376373939786951,0.07644771456114244,5,0.02573296137749061,0.0380465459339351,5,0.023529411764705882,0.052613364176465637,5,0.004047678900620089,0.12233340524784951,5,0.0,0.0,5,-0.04943707055471761,0.0366962403399359,5,-0.04943707055471761,0.0366962403399359,5,0.0,0.0,5,0.06373058314234785,0.06071630233959383,5,-0.006658650391776977,2.1494305568071623,5,0.0,0.0,5,0.0,0.0,5,-0.04943707055471761,0.0366962403399359,5,-0.07499414453549792,0.06139188469380483,5,0.0,0.0,5
switch_random,regime_marginal,observed,transit_smooth,stable,cusum_minus_point,-0.07085891294954147,0.025672009834932372,5,-0.047619406737053796,0.020160790049539506,5,-0.1452731285139262,0.06372949721594445,5,-0.017015650567742773,0.012496777978887435,5,0.02390320207269788,0.04068921262804801,5,0.018805765041059158,0.0553667237156876,5,0.17334037204625444,0.18108442934458063,5,0.0,0.0,5,-0.047619406737053796,0.020160790049539506,5,-0.047619406737053796,0.020160790049539506,5,0.0,0.0,5,0.057237076648841353,0.06370410590072517,5,-7.6643546886153375,2.3843952530367853,5,0.0,0.0,5,0.0,0.0,5,-0.047619406737053796,0.020160790049539506,5,-0.07085891294954147,0.025672009834932372,5,0.0,0.0,5
switch_random,regime_marginal,observed,transit_smooth,transition,cusum_minus_ewma,-0.08268398268398268,0.23627997504538423,5,-0.07888888888888888,0.20549548671863427,5,-0.2857142857142857,0.40406101782088427,2,-0.01816254339384985,0.056183808076225784,5,0.0,0.0,5,0.0,0.0,5,0.0502222222222222,0.05323138404093564,5,0.0,0.0,5,-0.07888888888888888,0.20549548671863427,5,-0.07888888888888888,0.20549548671863427,5,0.0,0.0,5,0.0,0.0,4,0.7168458781362007,1.6029161129030751,5,0.0,0.0,5,0.0,0.0,5,-0.07888888888888888,0.20549548671863427,5,-0.08268398268398268,0.23627997504538423,5,0.0,0.0,5
switch_random,regime_marginal,observed,transit_smooth,transition,cusum_minus_point,-0.111295779735139,0.11767079896604232,5,-0.07355555555555555,0.08590261497334792,5,-0.08333333333333331,0.5892556509887896,2,0.13627051553876998,0.12668087928148783,5,-0.004535409952974406,0.0071504552905205096,5,-0.005,0.011180339887498949,5,0.17422222222222222,0.16054959619851486,5,0.0,0.0,5,-0.07355555555555555,0.08590261497334792,5,-0.07355555555555555,0.08590261497334792,5,0.0,0.0,5,0.053571428571428575,0.13203019650487402,4,-5.969101709246807,5.683636260748082,5,0.0,0.0,5,0.0,0.0,5,-0.07355555555555555,0.08590261497334792,5,-0.111295779735139,0.11767079896604232,5,0.0,0.0,5
switch_random,regime_marginal,observed,warehouse,all,cusum_minus_ewma,-0.13254179377424155,0.06913460940528779,5,-0.08458601897121662,0.046250653571208084,5,-0.21130989324726912,0.1178372916428042,4,-0.11158616926268483,0.09250055736879724,5,0.01473197721939309,0.022380098607557828,5,-0.00932406733800462,0.009130422711435267,5,-0.07024589700019232,0.06286488375580603,5,0.0,0.0,5,-0.08458601897121662,0.046250653571208084,5,-0.082130402578318,0.03758898310392459,5,0.0,0.0,5,0.1480835745946575,0.13419251387678585,5,-3.0134986699433393,2.130247804339968,5,0.0,0.0,5,0.0,0.0,5,-0.08458601897121662,0.046250653571208084,5,-0.13254179377424155,0.06913460940528779,5,0.0,0.0,5
switch_random,regime_marginal,observed,warehouse,all,cusum_minus_point,-0.07658374999431126,0.09011374556803575,5,-0.02636075062748137,0.07505085865655278,5,-0.23218836428462794,0.1531462986755566,4,-0.046096243523071456,0.05721393710633446,5,0.0207587731100023,0.02309480645079307,5,-0.001423941511650271,0.01869374161661179,5,0.08051661246759168,0.09728035324111554,5,0.0,0.0,5,-0.02636075062748137,0.07505085865655278,5,-0.030532561035024088,0.05364507682402672,5,0.0,0.0,5,0.18806492464603894,0.16531937866955213,5,-7.379976110263752,3.2773691224746155,5,0.0,0.0,5,0.0,0.0,5,-0.02636075062748137,0.07505085865655278,5,-0.07658374999431126,0.09011374556803575,5,0.0,0.0,5
switch_random,regime_marginal,observed,warehouse,stable,cusum_minus_ewma,-0.13387343796780232,0.07711901695374532,5,-0.08308353808353809,0.05104986922297341,5,-0.20785577875356928,0.12755120826635505,4,-0.11906941545917371,0.10182113162664079,5,0.01775660930286586,0.026035389981963118,5,-0.012077922077922076,0.012383820865448826,5,-0.059903767403767405,0.07709655930855458,5,0.0,0.0,5,-0.08308353808353809,0.05104986922297341,5,-0.08016146016146015,0.04015696097272135,5,0.0,0.0,5,0.17116156296099622,0.15062875122567396,5,-3.1287723187108596,2.006874052969402,5,0.0,0.0,5,0.0,0.0,5,-0.08308353808353809,0.05104986922297341,5,-0.13387343796780232,0.07711901695374532,5,0.0,0.0,5
switch_random,regime_marginal,observed,warehouse,stable,cusum_minus_point,-0.07440896472626009,0.08791537194883794,5,-0.019326079326079326,0.08281331432245632,5,-0.22562671038111015,0.14630565131311055,4,-0.04915618730222711,0.06357069290284333,5,0.024467728566871065,0.027619132733004086,5,0.00038419913419913547,0.023927421723326008,5,0.07748917748917751,0.0994069858852375,5,0.0,0.0,5,-0.019326079326079326,0.08281331432245632,5,-0.03002954252954253,0.06576715320540119,5,0.0,0.0,5,0.210727253721335,0.17966702088521205,5,-7.59427928568156,3.5097454065360427,5,0.0,0.0,5,0.0,0.0,5,-0.019326079326079326,0.08281331432245632,5,-0.07440896472626009,0.08791537194883794,5,0.0,0.0,5
switch_random,regime_marginal,observed,warehouse,transition,cusum_minus_ewma,-0.09102460397708123,0.1048858239075952,5,-0.05818181818181818,0.061262370920006255,5,-0.08712121212121211,0.14117155419381988,3,-0.024556832319566728,0.044842583836078996,5,-0.005041574699151383,0.005866230496256816,5,0.0,0.0,5,-0.41073593073593073,0.41483906826501404,5,0.0,0.0,5,-0.05818181818181818,0.061262370920006255,5,-0.05818181818181818,0.061262370920006255,5,0.0,0.0,5,0.0,0.0,5,-2.282782053949102,3.490960580544147,5,0.0,0.0,5,0.0,0.0,5,-0.05818181818181818,0.061262370920006255,5,-0.09102460397708123,0.1048858239075952,5,0.0,0.0,5
switch_random,regime_marginal,observed,warehouse,transition,cusum_minus_point,-0.17520554381019499,0.3419251327339858,5,-0.22493506493506493,0.4425336823834456,5,-0.19801587301587298,0.45225614401959974,3,-0.019315520344358673,0.3836649121261168,5,-0.003856119372645738,0.009000402456425739,5,-0.03333333333333333,0.07453559924999298,5,-0.3296969696969697,0.6404429137741235,5,0.0,0.0,5,-0.22493506493506493,0.4425336823834456,5,-0.15826839826839828,0.2981288196209573,5,0.0,0.0,5,0.010810810810810811,0.024173707864862594,5,-6.050141978567657,8.298642513508293,5,0.0,0.0,5,0.0,0.0,5,-0.22493506493506493,0.4425336823834456,5,-0.17520554381019499,0.3419251327339858,5,0.0,0.0,5
