seed,method,temporal,view,f1,recall,precision,average_precision,clean_channel_fpr,bystander_fpr,top1_localization,top1_random_baseline,all_faults_row_recall,exact_fault_set_rate,score_coverage,post_event_fpr,false_onsets_per_1000_clean_cells,native_score_coverage,common_row_fraction,all_timeline_recall,all_timeline_f1,unavailable_positive_fraction,comparison
42,regime_conditional,cusum,clean,0.0,,0.0,,0.0,,,,,,0.0,0.003472222222222222,0.0,0.0,0.0,,0.0,,duration4_minus_steady_d12_n2_m1
42,regime_conditional,cusum,observed,-0.21887315404270064,-0.2534722222222222,-0.18990246701090074,-0.15093242043886654,-0.03155296186201939,-0.008680555555555558,-0.21527777777777773,0.0,-0.2534722222222222,-0.24652777777777776,0.0,-0.4305555555555556,-0.45413922402906515,0.0,0.0,-0.2534722222222222,-0.21887315404270064,0.0,duration4_minus_steady_d12_n2_m1
42,regime_conditional,ewma,clean,0.0,,0.0,,0.0,,,,,,0.0,0.024305555555555552,0.0,0.0,0.0,,0.0,,duration4_minus_steady_d12_n2_m1
42,regime_conditional,ewma,observed,-0.328735001843745,-0.2777777777777778,-0.3892342866311018,-0.3573195973522485,-0.003686541936235941,0.017361111111111112,-0.21180555555555552,0.0,-0.2777777777777778,-0.2777777777777778,0.0,-0.05555555555555556,-1.6817722601076337,0.0,0.0,-0.2777777777777778,-0.328735001843745,0.0,duration4_minus_steady_d12_n2_m1
42,regime_conditional,point,clean,0.0,,0.0,,0.0,,,,,,0.0,0.0,0.0,0.0,0.0,,0.0,,duration4_minus_steady_d12_n2_m1
42,regime_conditional,point,observed,-0.05451688923802041,-0.010416666666666671,-0.16741321388577826,-0.07202209510420562,-0.0002513551320160873,0.0,0.01388888888888884,0.0,-0.010416666666666671,-0.0069444444444444475,0.0,0.0,-0.24164092401546533,0.0,0.0,-0.010416666666666671,-0.05451688923802041,0.0,duration4_minus_steady_d12_n2_m1
42,regime_marginal,cusum,clean,0.0,,0.0,,0.0,,,,,,0.0,0.010416666666666666,0.0,0.0,0.0,,0.0,,duration4_minus_steady_d12_n2_m1
42,regime_marginal,cusum,observed,-0.0649460979610968,-0.055555555555555566,-0.07303427419354838,-0.059209778601508445,-0.01382453226088477,-0.015625,-0.09375000000000006,0.0,-0.055555555555555566,-0.055555555555555566,0.0,-0.06944444444444445,0.05464242000349717,0.0,0.0,-0.055555555555555566,-0.0649460979610968,0.0,duration4_minus_steady_d12_n2_m1
42,regime_marginal,ewma,clean,0.0,,0.0,,0.0,,,,,,0.0,0.013888888888888888,0.0,0.0,0.0,,0.0,,duration4_minus_steady_d12_n2_m1
42,regime_marginal,ewma,observed,-0.18110512387207858,-0.11805555555555555,-0.35750221959159517,-0.17414527633624755,-0.0010892055720697104,0.005208333333333334,-0.20486111111111116,0.0,-0.11805555555555555,-0.11805555555555555,0.0,-0.017361111111111112,-0.11657049600746028,0.0,0.0,-0.11805555555555555,-0.18110512387207858,0.0,duration4_minus_steady_d12_n2_m1
42,regime_marginal,point,clean,0.0,,0.0,,0.0,,,,,,0.0,0.0,0.0,0.0,0.0,,0.0,,duration4_minus_steady_d12_n2_m1
42,regime_marginal,point,observed,-0.02355259916235526,0.0034722222222222238,-0.14546430488459472,-0.07434864269562169,-0.00013964174000893718,0.0,-0.01041666666666663,0.0,0.0034722222222222238,0.0034722222222222238,0.0,0.0,-0.1347846360086251,0.0,0.0,0.0034722222222222238,-0.02355259916235526,0.0,duration4_minus_steady_d12_n2_m1
43,regime_conditional,cusum,clean,0.0,,0.0,,0.0,,,,,,0.0,0.010416666666666664,0.0,0.0,0.0,,0.0,,duration4_minus_steady_d12_n2_m1
43,regime_conditional,cusum,observed,-0.2530624767164114,-0.3263888888888889,-0.20663729809104261,-0.15465410148144582,-0.03234831264207029,-0.05729166666666667,-0.17361111111111116,0.0,-0.3263888888888889,-0.23958333333333331,0.0,-0.3611111111111111,-0.47842474403061974,0.0,0.0,-0.3263888888888889,-0.2530624767164114,0.0,duration4_minus_steady_d12_n2_m1
43,regime_conditional,ewma,clean,0.0,,0.0,,0.0,,,,,,0.0,0.013888888888888888,0.0,0.0,0.0,,0.0,,duration4_minus_steady_d12_n2_m1
43,regime_conditional,ewma,observed,-0.3726072923657048,-0.3263888888888889,-0.43249042145593874,-0.35368373731637637,-0.004905675040313962,-0.03298611111111111,-0.14583333333333337,0.0,-0.3263888888888889,-0.2951388888888889,0.0,-0.04166666666666667,-0.03278545200209759,0.0,0.0,-0.3263888888888889,-0.3726072923657048,0.0,duration4_minus_steady_d12_n2_m1
43,regime_conditional,point,clean,0.0,,0.0,,0.0,,,,,,0.0,0.020833333333333332,0.0,0.0,0.0,,0.0,,duration4_minus_steady_d12_n2_m1
43,regime_conditional,point,observed,-0.11502428868841083,-0.0625,-0.26785714285714285,-0.1200719913377078,0.000448067844028675,-0.005208333333333334,0.10416666666666663,0.0,-0.0625,-0.06249999999999999,0.0,0.020833333333333332,0.4577820520292981,0.0,0.0,-0.0625,-0.11502428868841083,0.0,duration4_minus_steady_d12_n2_m1
43,regime_marginal,cusum,clean,0.0,,0.0,,0.0,,,,,,0.0,0.0,0.0,0.0,0.0,,0.0,,duration4_minus_steady_d12_n2_m1
43,regime_marginal,cusum,observed,-0.0550993623619322,-0.041666666666666664,-0.07615956052188026,-0.07664480125229858,-0.014918594936954792,-0.003472222222222222,-0.14236111111111116,0.0,-0.041666666666666664,-0.03472222222222223,0.0,-0.1284722222222222,0.11778477200753823,0.0,0.0,-0.041666666666666664,-0.0550993623619322,0.0,duration4_minus_steady_d12_n2_m1
43,regime_marginal,ewma,clean,0.0,,0.0,,0.0,,,,,,0.0,0.013888888888888888,0.0,0.0,0.0,,0.0,,duration4_minus_steady_d12_n2_m1
43,regime_marginal,ewma,observed,-0.14479779641918117,-0.09027777777777779,-0.3056831228473019,-0.1680066496790021,-0.000790493676050592,0.0,-0.15625,0.0,-0.09027777777777779,-0.09027777777777778,0.0,-0.010416666666666671,1.028491772065823,0.0,0.0,-0.09027777777777779,-0.14479779641918117,0.0,duration4_minus_steady_d12_n2_m1
43,regime_marginal,point,clean,0.0,,0.0,,0.0,,,,,,0.0,0.01388888888888889,0.0,0.0,0.0,,0.0,,duration4_minus_steady_d12_n2_m1
43,regime_marginal,point,observed,-0.08340941698187035,-0.041666666666666664,-0.24042407660738713,-0.09900538356282199,0.0003399972800217591,-0.008680555555555558,0.05902777777777779,0.0,-0.041666666666666664,-0.041666666666666664,0.0,0.01388888888888889,0.3497114880223826,0.0,0.0,-0.041666666666666664,-0.08340941698187035,0.0,duration4_minus_steady_d12_n2_m1
44,regime_conditional,cusum,clean,0.0,,0.0,,0.0,,,,,,0.0,0.006944444444444444,0.0,0.0,0.0,,0.0,,duration4_minus_steady_d12_n2_m1
44,regime_conditional,cusum,observed,-0.14187222120713808,-0.1840277777777778,-0.11177828532134876,-0.0976823407354111,-0.032235384974063065,-0.034722222222222224,-0.08680555555555558,0.0,-0.1840277777777778,-0.18055555555555558,0.0,-0.30208333333333337,-2.4212663441549607,0.0,0.0,-0.1840277777777778,-0.14187222120713808,0.0,duration4_minus_steady_d12_n2_m1
44,regime_conditional,ewma,clean,0.0,,0.0,,0.0,,,,,,0.0,0.03125,0.0,0.0,0.0,,0.0,,duration4_minus_steady_d12_n2_m1
44,regime_conditional,ewma,observed,-0.2104628820960699,-0.14583333333333334,-0.2843311107958576,-0.23971667893758244,-0.0023593382681510004,-0.013888888888888888,-0.14583333333333331,0.0,-0.14583333333333334,-0.13541666666666666,0.0,0.0034722222222222238,-1.0746342600687768,0.0,0.0,-0.14583333333333334,-0.2104628820960699,0.0,duration4_minus_steady_d12_n2_m1
44,regime_conditional,point,clean,0.0,,0.0,,0.0,,,,,,0.0,0.006944444444444444,0.0,0.0,0.0,,0.0,,duration4_minus_steady_d12_n2_m1
44,regime_conditional,point,observed,-0.04746799592160417,-0.013888888888888895,-0.1502325581395349,-0.07158255457643692,-6.557090400419706e-05,-0.005208333333333334,0.013888888888888895,0.0,-0.013888888888888895,-0.017361111111111112,0.0,0.006944444444444444,-0.06557090400419519,0.0,0.0,-0.013888888888888895,-0.04746799592160417,0.0,duration4_minus_steady_d12_n2_m1
44,regime_marginal,cusum,clean,0.0,,0.0,,0.0,,,,,,0.0,0.0,0.0,0.0,0.0,,0.0,,duration4_minus_steady_d12_n2_m1
44,regime_marginal,cusum,observed,-0.01721291629063855,0.0,-0.01767071903104804,-0.04287944857972946,-0.005505527384352352,0.0069444444444444475,-0.05902777777777779,0.0,0.0,0.0,0.0,0.0,-0.24406947601562035,0.0,0.0,0.0,-0.01721291629063855,0.0,duration4_minus_steady_d12_n2_m1
44,regime_marginal,ewma,clean,0.0,,0.0,,0.0,,,,,,0.0,0.0,0.0,0.0,0.0,,0.0,,duration4_minus_steady_d12_n2_m1
44,regime_marginal,ewma,observed,-0.1032173116555988,-0.06597222222222222,-0.20435779816513763,-0.08638421041352844,-0.0013478463600862627,0.0,-0.10069444444444442,0.0,-0.06597222222222222,-0.06597222222222222,0.0,-0.017361111111111112,-0.28292630801810725,0.0,0.0,-0.06597222222222222,-0.1032173116555988,0.0,duration4_minus_steady_d12_n2_m1
44,regime_marginal,point,clean,0.0,,0.0,,0.0,,,,,,0.0,0.003472222222222222,0.0,0.0,0.0,,0.0,,duration4_minus_steady_d12_n2_m1
44,regime_marginal,point,observed,-0.01986779560308971,0.0,-0.14665570175438597,-0.05700525308277725,0.00023192671601484326,-0.001736111111111111,0.07986111111111116,0.0,0.0,0.0,0.0,0.003472222222222222,0.25135513201608717,0.0,0.0,0.0,-0.01986779560308971,0.0,duration4_minus_steady_d12_n2_m1
45,regime_conditional,cusum,clean,0.0,,0.0,,0.0,,,,,,0.0,-0.003472222222222222,0.0,0.0,0.0,,0.0,,duration4_minus_steady_d12_n2_m1
45,regime_conditional,cusum,observed,-0.1874932730599505,-0.22916666666666669,-0.15076923076923077,-0.14365641280767427,-0.03441136756620233,-0.012152777777777778,-0.17708333333333337,0.0,-0.22916666666666669,-0.2152777777777778,0.0,-0.4930555555555556,-1.0952769520700976,0.0,0.0,-0.22916666666666669,-0.1874932730599505,0.0,duration4_minus_steady_d12_n2_m1
45,regime_conditional,ewma,clean,0.0,,0.0,,0.0,,,,,,0.0,-0.006944444444444444,0.0,0.0,0.0,,0.0,,duration4_minus_steady_d12_n2_m1
45,regime_conditional,ewma,observed,-0.32284718765555,-0.2743055555555556,-0.39225393127548047,-0.3483838634077401,-0.006589875852421753,-0.005208333333333332,-0.20486111111111116,0.0,-0.2743055555555556,-0.2569444444444444,0.0,-0.125,-0.027928348001787562,0.0,0.0,-0.2743055555555556,-0.32284718765555,0.0,duration4_minus_steady_d12_n2_m1
45,regime_conditional,point,clean,0.0,,0.0,,0.0,,,,,,0.0,-0.003472222222222222,0.0,0.0,0.0,,0.0,,duration4_minus_steady_d12_n2_m1
45,regime_conditional,point,observed,-0.0590751136059877,-0.02083333333333333,-0.18298368298368295,-0.09019759007534825,-0.000506353092032407,-0.010416666666666668,0.05902777777777779,0.0,-0.02083333333333333,-0.02083333333333333,0.0,-0.003472222222222222,-0.49663888403178547,0.0,0.0,-0.02083333333333333,-0.0590751136059877,0.0,duration4_minus_steady_d12_n2_m1
45,regime_marginal,cusum,clean,0.0,,0.0,,0.0,,,,,,0.0,0.0034722222222222238,0.0,0.0,0.0,,0.0,,duration4_minus_steady_d12_n2_m1
45,regime_marginal,cusum,observed,-0.07559517492659804,-0.0798611111111111,-0.06782199400941379,-0.06304834606305063,-0.025474296205630353,-0.017361111111111115,-0.19444444444444442,0.0,-0.0798611111111111,-0.07291666666666666,0.0,-0.1840277777777778,0.3970682520254125,0.0,0.0,-0.0798611111111111,-0.07559517492659804,0.0,duration4_minus_steady_d12_n2_m1
45,regime_marginal,ewma,clean,0.0,,0.0,,0.0,,,,,,0.0,0.0069444444444444475,0.0,0.0,0.0,,0.0,,duration4_minus_steady_d12_n2_m1
45,regime_marginal,ewma,observed,-0.19498362489016693,-0.15277777777777776,-0.2608286252354049,-0.16120882971499936,-0.0028244059761807633,0.010416666666666664,-0.25000000000000006,0.0,-0.15277777777777776,-0.1284722222222222,0.0,-0.06597222222222222,0.0012142760000779518,0.0,0.0,-0.15277777777777776,-0.19498362489016693,0.0,duration4_minus_steady_d12_n2_m1
45,regime_marginal,point,clean,0.0,,0.0,,0.0,,,,,,0.0,0.0,0.0,0.0,0.0,,0.0,,duration4_minus_steady_d12_n2_m1
45,regime_marginal,point,observed,-0.0510352401563358,-0.017361111111111105,-0.18487394957983191,-0.09424065796367154,1.2142760000777297e-05,-0.006944444444444445,0.01041666666666663,0.0,-0.017361111111111105,-0.0034722222222222238,0.0,0.0,0.03642828000233145,0.0,0.0,-0.017361111111111105,-0.0510352401563358,0.0,duration4_minus_steady_d12_n2_m1
46,regime_conditional,cusum,clean,0.0,,0.0,,0.0,,,,,,0.0,0.003472222222222222,0.0,0.0,0.0,,0.0,,duration4_minus_steady_d12_n2_m1
46,regime_conditional,cusum,observed,-0.1678217821782178,-0.21180555555555558,-0.13513986013986015,-0.09296541256926716,-0.029823832837908723,-0.032986111111111105,-0.10416666666666669,0.0,-0.21180555555555558,-0.2013888888888889,0.0,-0.2881944444444444,0.43228225602766557,0.0,0.0,-0.21180555555555558,-0.1678217821782178,0.0,duration4_minus_steady_d12_n2_m1
46,regime_conditional,ewma,clean,0.0,,0.0,,0.0,,,,,,0.0,-0.006944444444444444,0.0,0.0,0.0,,0.0,,duration4_minus_steady_d12_n2_m1
46,regime_conditional,ewma,observed,-0.22440765817950897,-0.1909722222222222,-0.25872083374821603,-0.22836695508848454,-0.00909857006858231,-0.04166666666666666,-0.08680555555555558,0.0,-0.1909722222222222,-0.17708333333333331,0.0,-0.09375,-2.3471955081502207,0.0,0.0,-0.1909722222222222,-0.22440765817950897,0.0,duration4_minus_steady_d12_n2_m1
46,regime_conditional,point,clean,0.0,,0.0,,0.0,,,,,,0.0,0.0,0.0,0.0,0.0,,0.0,,duration4_minus_steady_d12_n2_m1
46,regime_conditional,point,observed,-0.009882276703747694,0.027777777777777776,-0.11628383921246924,-0.0702436271757192,-0.0003934254240251806,-0.0034722222222222238,0.03819444444444442,0.0,0.027777777777777776,0.034722222222222224,0.0,0.0,-0.3739970080239363,0.0,0.0,0.027777777777777776,-0.009882276703747694,0.0,duration4_minus_steady_d12_n2_m1
46,regime_marginal,cusum,clean,0.0,,0.0,,0.0,,,,,,0.0,0.027777777777777776,0.0,0.0,0.0,,0.0,,duration4_minus_steady_d12_n2_m1
46,regime_marginal,cusum,observed,-0.07587382779198636,-0.06597222222222222,-0.08333333333333333,-0.046947184653153326,-0.011342552116725926,-0.0017361111111111119,-0.06944444444444448,0.0,-0.06597222222222222,-0.06597222222222222,0.0,-0.1388888888888889,0.7054943560451514,0.0,0.0,-0.06597222222222222,-0.07587382779198636,0.0,duration4_minus_steady_d12_n2_m1
46,regime_marginal,ewma,clean,0.0,,0.0,,0.0,,,,,,0.0,-0.010416666666666666,0.0,0.0,0.0,,0.0,,duration4_minus_steady_d12_n2_m1
46,regime_marginal,ewma,observed,-0.12068231185314537,-0.08333333333333333,-0.18704115684093436,-0.0888542434242707,-0.00200234112412815,-0.0017361111111111119,-0.09375000000000006,0.0,-0.08333333333333333,-0.08333333333333333,0.0,-0.041666666666666664,-0.34606866002214787,0.0,0.0,-0.08333333333333333,-0.12068231185314537,0.0,duration4_minus_steady_d12_n2_m1
46,regime_marginal,point,clean,0.0,,0.0,,0.0,,,,,,0.0,0.0,0.0,0.0,0.0,,0.0,,duration4_minus_steady_d12_n2_m1
46,regime_marginal,point,observed,-0.029353442256668062,-0.003472222222222217,-0.10939289805269187,-0.05250498574577467,0.0002331409920149196,0.0017361111111111119,0.05902777777777779,0.0,-0.003472222222222217,-0.003472222222222217,0.0,0.0,0.26228361601678607,0.0,0.0,-0.003472222222222217,-0.029353442256668062,0.0,duration4_minus_steady_d12_n2_m1
42,regime_conditional,cusum,clean,0.0,,0.0,,0.0,,,,,,0.0,0.017361111111111112,0.0,0.0,0.0,,0.0,,duration24_minus_steady_d12_n2_m1
42,regime_conditional,cusum,observed,0.16141801065205125,0.27777777777777773,0.09967344153628699,0.14139718221679587,0.06565907228839732,0.042534722222222224,0.11111111111111116,0.0,0.27777777777777773,0.22395833333333337,0.0,0.29513888888888884,1.9222285246108273,0.0,0.0,0.27777777777777773,0.16141801065205125,0.0,duration24_minus_steady_d12_n2_m1
42,regime_conditional,ewma,clean,0.0,,0.0,,0.0,,,,,,0.0,0.010416666666666666,0.0,0.0,0.0,,0.0,,duration24_minus_steady_d12_n2_m1
42,regime_conditional,ewma,observed,0.19220578826540213,0.16145833333333337,0.23476588176158997,0.25141295336315544,0.0007287136824856606,-0.0026041666666666644,0.11284722222222232,0.0,0.16145833333333337,0.1440972222222222,0.0,-0.010416666666666671,-0.5750929602319292,0.0,0.0,0.16145833333333337,0.19220578826540213,0.0,duration24_minus_steady_d12_n2_m1
42,regime_conditional,point,clean,0.0,,0.0,,0.0,,,,,,0.0,-0.010416666666666666,0.0,0.0,0.0,,0.0,,duration24_minus_steady_d12_n2_m1
42,regime_conditional,point,observed,0.020899685672058133,0.001736111111111105,0.16946621873833523,0.09484390841240903,-1.575597151320246e-05,0.002604166666666668,-0.01388888888888895,0.0,0.001736111111111105,0.0,0.0,-0.010416666666666666,-0.03151194302640725,0.0,0.0,0.001736111111111105,0.020899685672058133,0.0,duration24_minus_steady_d12_n2_m1
42,regime_marginal,cusum,clean,0.0,,0.0,,0.0,,,,,,0.0,0.041666666666666664,0.0,0.0,0.0,,0.0,,duration24_minus_steady_d12_n2_m1
42,regime_marginal,cusum,observed,0.16091708473454985,0.14756944444444445,0.17679162423625255,0.1509918064176829,0.023523665469212834,0.020833333333333332,0.125,0.0,0.14756944444444445,0.13368055555555555,0.0,0.2881944444444445,-0.0039389928783006845,0.0,0.0,0.14756944444444445,0.16091708473454985,0.0,duration24_minus_steady_d12_n2_m1
42,regime_marginal,ewma,clean,0.0,,0.0,,0.0,,,,,,0.0,0.013888888888888888,0.0,0.0,0.0,,0.0,,duration24_minus_steady_d12_n2_m1
42,regime_marginal,ewma,observed,0.14595524737176477,0.09895833333333337,0.27751216780807164,0.25630558538441917,0.0006656897964328473,-0.0017361111111111101,0.09548611111111105,0.0,0.09895833333333337,0.0954861111111111,0.0,0.017361111111111112,-0.14968172937543311,0.0,0.0,0.09895833333333337,0.14595524737176477,0.0,duration24_minus_steady_d12_n2_m1
42,regime_marginal,point,clean,0.0,,0.0,,0.0,,,,,,0.0,-0.006944444444444444,0.0,0.0,0.0,,0.0,,duration24_minus_steady_d12_n2_m1
42,regime_marginal,point,observed,0.018629935191523256,0.005208333333333329,0.17882899401051217,0.09641955728028091,-2.757295014810604e-05,0.0008680555555555559,-0.02604166666666663,0.0,0.005208333333333329,0.0034722222222222238,0.0,-0.006944444444444444,-0.03545093590470749,0.0,0.0,0.005208333333333329,0.018629935191523256,0.0,duration24_minus_steady_d12_n2_m1
43,regime_conditional,cusum,clean,0.0,,0.0,,0.0,,,,,,0.0,-0.010416666666666668,0.0,0.0,0.0,,0.0,,duration24_minus_steady_d12_n2_m1
43,regime_conditional,cusum,observed,0.12592439007533346,0.22048611111111105,0.08285422733268621,0.11379884492221265,0.06466250709018719,0.03211805555555555,0.06944444444444442,0.0,0.22048611111111105,0.1753472222222222,0.0,0.33333333333333337,2.3003718409277116,0.0,0.0,0.22048611111111105,0.12592439007533346,0.0,duration24_minus_steady_d12_n2_m1
43,regime_conditional,ewma,clean,0.0,,0.0,,0.0,,,,,,0.0,0.006944444444444444,0.0,0.0,0.0,,0.0,,duration24_minus_steady_d12_n2_m1
43,regime_conditional,ewma,observed,0.14016242351430774,0.10763888888888895,0.19018385291766582,0.23033845844224837,0.00287546480115964,-0.0008680555555555594,0.05729166666666663,0.0,0.10763888888888895,0.11979166666666669,0.0,-0.024305555555555552,3.1866452385454096,0.0,0.0,0.10763888888888895,0.14016242351430774,0.0,duration24_minus_steady_d12_n2_m1
43,regime_conditional,point,clean,0.0,,0.0,,0.0,,,,,,0.0,0.017361111111111112,0.0,0.0,0.0,,0.0,,duration24_minus_steady_d12_n2_m1
43,regime_conditional,point,observed,-0.0016418610601731387,-0.012152777777777776,0.12142857142857144,0.06846622881373507,0.001559841179807146,0.0,0.00520833333333337,0.0,-0.012152777777777776,-0.013888888888888881,0.0,0.017361111111111112,1.544085208293943,0.0,0.0,-0.012152777777777776,-0.0016418610601731387,0.0,duration24_minus_steady_d12_n2_m1
43,regime_marginal,cusum,clean,0.0,,0.0,,0.0,,,,,,0.0,-0.006944444444444441,0.0,0.0,0.0,,0.0,,duration24_minus_steady_d12_n2_m1
43,regime_marginal,cusum,observed,0.15578599351418826,0.13541666666666669,0.1829647415645141,0.14304055786461434,0.020809699376063525,0.025173611111111112,0.10069444444444442,0.0,0.13541666666666669,0.12152777777777776,0.0,0.14930555555555555,0.7405306611205649,0.0,0.0,0.13541666666666669,0.15578599351418826,0.0,duration24_minus_steady_d12_n2_m1
43,regime_marginal,ewma,clean,0.0,,0.0,,0.0,,,,,,0.0,-0.013888888888888888,0.0,0.0,0.0,,0.0,,duration24_minus_steady_d12_n2_m1
43,regime_marginal,ewma,observed,0.12233866519580805,0.07118055555555555,0.34803001876172607,0.22208996866022768,-0.0026982101216361,0.005208333333333332,0.06423611111111105,0.0,0.07118055555555555,0.06770833333333334,0.0,-0.06597222222222222,0.1102918005924245,0.0,0.0,0.07118055555555555,0.12233866519580805,0.0,duration24_minus_steady_d12_n2_m1
43,regime_marginal,point,clean,0.0,,0.0,,0.0,,,,,,0.0,0.006944444444444444,0.0,0.0,0.0,,0.0,,duration24_minus_steady_d12_n2_m1
43,regime_marginal,point,observed,-0.006352721304781428,-0.012152777777777776,0.1336655592469546,0.07023260276225696,0.0002954244658725652,-0.005208333333333336,0.015625,0.0,-0.012152777777777776,-0.008680555555555552,0.0,0.006944444444444444,0.27966849435936325,0.0,0.0,-0.012152777777777776,-0.006352721304781428,0.0,duration24_minus_steady_d12_n2_m1
44,regime_conditional,cusum,clean,0.0,,0.0,,0.0,,,,,,0.0,-0.01388888888888889,0.0,0.0,0.0,,0.0,,duration24_minus_steady_d12_n2_m1
44,regime_conditional,cusum,observed,0.1326446597613558,0.1996527777777778,0.09927478072349255,0.111696315728008,0.06862907291863615,0.0685763888888889,0.08159722222222221,0.0,0.1996527777777778,0.09375,0.0,0.3993055555555556,0.8783954118610948,0.0,0.0,0.1996527777777778,0.1326446597613558,0.0,duration24_minus_steady_d12_n2_m1
44,regime_conditional,ewma,clean,0.0,,0.0,,0.0,,,,,,0.0,0.0,0.0,0.0,0.0,,0.0,,duration24_minus_steady_d12_n2_m1
44,regime_conditional,ewma,observed,0.1808923679060665,0.16666666666666669,0.19639986462475673,0.22493060022652062,0.010686487678830275,0.019965277777777776,0.12326388888888895,0.0,0.16666666666666669,0.12152777777777779,0.0,0.10069444444444445,1.4889393079977324,0.0,0.0,0.16666666666666669,0.1808923679060665,0.0,duration24_minus_steady_d12_n2_m1
44,regime_conditional,point,clean,0.0,,0.0,,0.0,,,,,,0.0,-0.010416666666666668,0.0,0.0,0.0,,0.0,,duration24_minus_steady_d12_n2_m1
44,regime_conditional,point,observed,0.017839022309807787,0.00347222222222221,0.148,0.08793694349733264,0.0007838595827818744,0.005208333333333332,0.027777777777777735,0.0,0.00347222222222221,0.005208333333333329,0.0,-0.010416666666666668,0.614482889014937,0.0,0.0,0.00347222222222221,0.017839022309807787,0.0,duration24_minus_steady_d12_n2_m1
44,regime_marginal,cusum,clean,0.0,,0.0,,0.0,,,,,,0.0,0.013888888888888888,0.0,0.0,0.0,,0.0,,duration24_minus_steady_d12_n2_m1
44,regime_marginal,cusum,observed,0.079698050951504,0.07118055555555555,0.08532428644240571,0.07363951714650213,0.018076038318522725,0.005208333333333336,0.03125,0.0,0.07118055555555555,0.07465277777777778,0.0,0.24305555555555555,0.48055713115270704,0.0,0.0,0.07118055555555555,0.079698050951504,0.0,duration24_minus_steady_d12_n2_m1
44,regime_marginal,ewma,clean,0.0,,0.0,,0.0,,,,,,0.0,0.017361111111111112,0.0,0.0,0.0,,0.0,,duration24_minus_steady_d12_n2_m1
44,regime_marginal,ewma,observed,0.06197487870437679,0.034722222222222224,0.18484338526681504,0.1610761825320579,0.0032024012100586134,0.015625,0.11284722222222221,0.0,0.034722222222222224,0.01736111111111112,0.0,0.06944444444444445,0.20482762967164536,0.0,0.0,0.034722222222222224,0.06197487870437679,0.0,duration24_minus_steady_d12_n2_m1
44,regime_marginal,point,clean,0.0,,0.0,,0.0,,,,,,0.0,0.0,0.0,0.0,0.0,,0.0,,duration24_minus_steady_d12_n2_m1
44,regime_marginal,point,observed,-0.004980359147025812,-0.0069444444444444475,0.1267361111111111,0.07610050514137344,-0.00012210877922732687,0.008680555555555556,0.02604166666666663,0.0,-0.0069444444444444475,-0.0069444444444444475,0.0,0.0,-0.15362072225373335,0.0,0.0,-0.0069444444444444475,-0.004980359147025812,0.0,duration24_minus_steady_d12_n2_m1
45,regime_conditional,cusum,clean,0.0,,0.0,,0.0,,,,,,0.0,0.003472222222222222,0.0,0.0,0.0,,0.0,,duration24_minus_steady_d12_n2_m1
45,regime_conditional,cusum,observed,0.18157755215122556,0.2951388888888889,0.12021726974998004,0.14340709696417553,0.060640795361441985,0.046875,0.03125,0.0,0.2951388888888889,0.24826388888888884,0.0,0.29513888888888884,-0.5947879246234322,0.0,0.0,0.2951388888888889,0.18157755215122556,0.0,duration24_minus_steady_d12_n2_m1
45,regime_conditional,ewma,clean,0.0,,0.0,,0.0,,,,,,0.0,0.01388888888888889,0.0,0.0,0.0,,0.0,,duration24_minus_steady_d12_n2_m1
45,regime_conditional,ewma,observed,0.21531333017566262,0.1892361111111111,0.24913515447930334,0.30875873958079875,0.0009492972836705089,0.0008680555555555525,0.078125,0.0,0.1892361111111111,0.18229166666666674,0.0,-0.03125,0.29936345875086623,0.0,0.0,0.1892361111111111,0.21531333017566262,0.0,duration24_minus_steady_d12_n2_m1
45,regime_conditional,point,clean,0.0,,0.0,,0.0,,,,,,0.0,-0.003472222222222222,0.0,0.0,0.0,,0.0,,duration24_minus_steady_d12_n2_m1
45,regime_conditional,point,observed,0.016937378014489413,0.001736111111111105,0.16034359341445958,0.10795237123421686,0.0005672149744753267,-0.002604166666666666,0.02604166666666663,0.0,0.001736111111111105,0.0034722222222222238,0.0,-0.003472222222222222,0.5514590029621225,0.0,0.0,0.001736111111111105,0.016937378014489413,0.0,duration24_minus_steady_d12_n2_m1
45,regime_marginal,cusum,clean,0.0,,0.0,,0.0,,,,,,0.0,-0.013888888888888888,0.0,0.0,0.0,,0.0,,duration24_minus_steady_d12_n2_m1
45,regime_marginal,cusum,observed,0.1528224648541239,0.17881944444444442,0.13334463938823965,0.13606462572680333,0.044112781244091515,0.040798611111111105,0.03993055555555558,0.0,0.17881944444444442,0.12152777777777778,0.0,0.2708333333333333,0.2875464801159642,0.0,0.0,0.17881944444444442,0.1528224648541239,0.0,duration24_minus_steady_d12_n2_m1
45,regime_marginal,ewma,clean,0.0,,0.0,,0.0,,,,,,0.0,0.0069444444444444475,0.0,0.0,0.0,,0.0,,duration24_minus_steady_d12_n2_m1
45,regime_marginal,ewma,observed,0.19053039380142187,0.1267361111111111,0.3400793650793651,0.28472362971123444,-0.0028715258082813375,-0.004340277777777783,0.08680555555555547,0.0,0.1267361111111111,0.11979166666666666,0.0,-0.045138888888888895,-0.0866578433226195,0.0,0.0,0.1267361111111111,0.19053039380142187,0.0,duration24_minus_steady_d12_n2_m1
45,regime_marginal,point,clean,0.0,,0.0,,0.0,,,,,,0.0,0.010416666666666666,0.0,0.0,0.0,,0.0,,duration24_minus_steady_d12_n2_m1
45,regime_marginal,point,observed,0.006277959623638307,-0.00347222222222221,0.15659623072529982,0.09949969317412577,-1.9694964391503075e-05,-0.003472222222222222,0.01215277777777779,0.0,-0.00347222222222221,0.001736111111111105,0.0,0.010416666666666666,-0.05908489317451249,0.0,0.0,-0.00347222222222221,0.006277959623638307,0.0,duration24_minus_steady_d12_n2_m1
46,regime_conditional,cusum,clean,0.0,,0.0,,0.0,,,,,,0.0,0.045138888888888895,0.0,0.0,0.0,,0.0,,duration24_minus_steady_d12_n2_m1
46,regime_conditional,cusum,observed,0.1539810874412457,0.21180555555555558,0.12093476144109055,0.14289809445452398,0.053708167895632444,0.05381944444444445,0.05034722222222221,0.0,0.21180555555555558,0.1701388888888889,0.0,0.29861111111111116,-0.023633957269805883,0.0,0.0,0.21180555555555558,0.1539810874412457,0.0,duration24_minus_steady_d12_n2_m1
46,regime_conditional,ewma,clean,0.0,,0.0,,0.0,,,,,,0.0,0.03125,0.0,0.0,0.0,,0.0,,duration24_minus_steady_d12_n2_m1
46,regime_conditional,ewma,observed,0.17045239130677192,0.1284722222222222,0.23140449120425366,0.23789571784660357,0.004340770151887566,0.010416666666666671,0.04513888888888884,0.0,0.1284722222222222,0.12152777777777779,0.0,-0.0034722222222222238,-1.1895758492468644,0.0,0.0,0.1284722222222222,0.17045239130677192,0.0,duration24_minus_steady_d12_n2_m1
46,regime_conditional,point,clean,0.0,,0.0,,0.0,,,,,,0.0,0.0,0.0,0.0,0.0,,0.0,,duration24_minus_steady_d12_n2_m1
46,regime_conditional,point,observed,0.011514525796552821,-0.001736111111111105,0.13536306460834763,0.0764323368225804,0.0009768702338186167,-0.0017361111111111119,-0.015625,0.0,-0.001736111111111105,-0.00347222222222221,0.0,0.0,0.7759815970252717,0.0,0.0,-0.001736111111111105,0.011514525796552821,0.0,duration24_minus_steady_d12_n2_m1
46,regime_marginal,cusum,clean,0.0,,0.0,,0.0,,,,,,0.0,-0.013888888888888888,0.0,0.0,0.0,,0.0,,duration24_minus_steady_d12_n2_m1
46,regime_marginal,cusum,observed,0.14493430854666123,0.13194444444444445,0.1603637590479696,0.11285504799935482,0.023732432091762776,0.012152777777777778,0.08159722222222221,0.0,0.13194444444444445,0.13020833333333334,0.0,0.19444444444444445,-0.21270561542824717,0.0,0.0,0.13194444444444445,0.14493430854666123,0.0,duration24_minus_steady_d12_n2_m1
46,regime_marginal,ewma,clean,0.0,,0.0,,0.0,,,,,,0.0,-0.006944444444444444,0.0,0.0,0.0,,0.0,,duration24_minus_steady_d12_n2_m1
46,regime_marginal,ewma,observed,0.1528562921519478,0.09895833333333333,0.3017411256579835,0.19250130357437376,-5.514590029621208e-05,0.0,0.07118055555555547,0.0,0.09895833333333333,0.09375000000000001,0.0,-0.006944444444444441,0.13786475074053062,0.0,0.0,0.09895833333333333,0.1528562921519478,0.0,duration24_minus_steady_d12_n2_m1
46,regime_marginal,point,clean,0.0,,0.0,,0.0,,,,,,0.0,-0.006944444444444444,0.0,0.0,0.0,,0.0,,duration24_minus_steady_d12_n2_m1
46,regime_marginal,point,observed,0.01615318987581761,0.0034722222222222238,0.14697815189633975,0.08135201801729858,-0.00037814331631688507,-0.004340277777777776,0.001736111111111105,0.0,0.0034722222222222238,0.0017361111111111119,0.0,-0.006944444444444444,-0.42541123085649346,0.0,0.0,0.0034722222222222238,0.01615318987581761,0.0,duration24_minus_steady_d12_n2_m1
42,regime_conditional,cusum,clean,0.0,,0.0,,0.0,,,,,,0.0,0.0,0.0,0.0,0.0,,0.0,,count1_minus_steady_d12_n2_m1
42,regime_conditional,cusum,observed,-0.04799702919741913,-0.045138888888888895,-0.04862155388471176,-0.030481208027238138,-0.01962209302325581,0.008680555555555552,-0.05902777777777779,0.0,-0.045138888888888895,-0.03819444444444442,0.0,-0.09027777777777779,-0.5799271787643878,0.0,0.0,-0.045138888888888895,-0.04799702919741913,0.0,count1_minus_steady_d12_n2_m1
42,regime_conditional,ewma,clean,0.0,,0.0,,0.0,,,,,,0.0,0.003472222222222222,0.0,0.0,0.0,,0.0,,count1_minus_steady_d12_n2_m1
42,regime_conditional,ewma,observed,-0.14753546906227122,-0.10069444444444442,-0.20460716475431373,-0.15209410542453244,-0.002312367864693448,0.019097222222222224,-0.09722222222222221,0.0,-0.10069444444444442,-0.10069444444444442,0.0,-0.020833333333333343,-0.3633720930232567,0.0,0.0,-0.10069444444444442,-0.14753546906227122,0.0,count1_minus_steady_d12_n2_m1
42,regime_conditional,point,clean,0.0,,0.0,,0.0,,,,,,0.0,0.0,0.0,0.0,0.0,,0.0,,count1_minus_steady_d12_n2_m1
42,regime_conditional,point,observed,-0.057967424289341665,-0.027777777777777776,-0.149755832881172,-0.06402423948770523,7.340850364107032e-06,0.003472222222222222,-0.07638888888888895,0.0,-0.027777777777777776,-0.03125,0.0,0.0,0.014681700728212732,0.0,0.0,-0.027777777777777776,-0.057967424289341665,0.0,count1_minus_steady_d12_n2_m1
42,regime_marginal,cusum,clean,0.0,,0.0,,0.0,,,,,,0.0,0.0,0.0,0.0,0.0,,0.0,,count1_minus_steady_d12_n2_m1
42,regime_marginal,cusum,observed,-0.025785934208394104,-0.0069444444444444475,-0.040275399543379,-0.03715093429506422,-0.0048045865633074905,0.005208333333333332,-0.09027777777777779,0.0,-0.0069444444444444475,-0.0069444444444444475,0.0,0.0069444444444444475,-0.2349072116513975,0.0,0.0,-0.0069444444444444475,-0.025785934208394104,0.0,count1_minus_steady_d12_n2_m1
42,regime_marginal,ewma,clean,0.0,,0.0,,0.0,,,,,,0.0,0.0,0.0,0.0,0.0,,0.0,,count1_minus_steady_d12_n2_m1
42,regime_marginal,ewma,observed,-0.09284914637559474,-0.05555555555555554,-0.2136850152905199,-0.1258240940384113,-0.0011782064834390416,0.003472222222222222,-0.08333333333333337,0.0,-0.05555555555555554,-0.05555555555555554,0.0,-0.020833333333333332,-0.08809020436927373,0.0,0.0,-0.05555555555555554,-0.09284914637559474,0.0,count1_minus_steady_d12_n2_m1
42,regime_marginal,point,clean,0.0,,0.0,,0.0,,,,,,0.0,-0.010416666666666666,0.0,0.0,0.0,,0.0,,count1_minus_steady_d12_n2_m1
42,regime_marginal,point,observed,-0.04236334816178351,-0.020833333333333336,-0.14397240377632534,-0.06546374933878328,-0.00022389593610523846,-0.003472222222222222,-0.05208333333333326,0.0,-0.020833333333333336,-0.020833333333333336,0.0,-0.010416666666666666,-0.22022551092318565,0.0,0.0,-0.020833333333333336,-0.04236334816178351,0.0,count1_minus_steady_d12_n2_m1
43,regime_conditional,cusum,clean,0.0,,0.0,,0.0,,,,,,0.0,-0.017361111111111112,0.0,0.0,0.0,,0.0,,count1_minus_steady_d12_n2_m1
43,regime_conditional,cusum,observed,-0.08992414606660123,-0.08680555555555558,-0.0834926440029923,-0.04209321374185615,-0.020025839793281652,0.008680555555555552,-0.02083333333333337,0.0,-0.08680555555555558,-0.0763888888888889,0.0,-0.02430555555555558,0.34869039229504306,0.0,0.0,-0.08680555555555558,-0.08992414606660123,0.0,count1_minus_steady_d12_n2_m1
43,regime_conditional,ewma,clean,0.0,,0.0,,0.0,,,,,,0.0,-0.006944444444444444,0.0,0.0,0.0,,0.0,,count1_minus_steady_d12_n2_m1
43,regime_conditional,ewma,observed,-0.07383208980305167,-0.020833333333333315,-0.14088280060882807,-0.128342825066743,-0.0030758163025604874,0.013888888888888888,-0.04166666666666674,0.0,-0.020833333333333315,-0.03125,0.0,-0.0034722222222222238,-0.6166314305849188,0.0,0.0,-0.020833333333333315,-0.07383208980305167,0.0,count1_minus_steady_d12_n2_m1
43,regime_conditional,point,clean,0.0,,0.0,,0.0,,,,,,0.0,0.0,0.0,0.0,0.0,,0.0,,count1_minus_steady_d12_n2_m1
43,regime_conditional,point,observed,-0.04467796834209048,-0.013888888888888895,-0.15894909688013137,-0.08246895322907818,6.23972280949011e-05,0.0017361111111111119,-0.03125,0.0,-0.013888888888888895,-0.010416666666666657,0.0,0.0,0.06973807845900915,0.0,0.0,-0.013888888888888895,-0.04467796834209048,0.0,count1_minus_steady_d12_n2_m1
43,regime_marginal,cusum,clean,0.0,,0.0,,0.0,,,,,,0.0,-0.041666666666666664,0.0,0.0,0.0,,0.0,,count1_minus_steady_d12_n2_m1
43,regime_marginal,cusum,observed,-0.05708747345758022,-0.041666666666666664,-0.08055671116826141,-0.057664068402429235,-0.006617776603241719,-0.003472222222222222,-0.06944444444444453,0.0,-0.041666666666666664,-0.03472222222222223,0.0,0.0069444444444444475,-0.029363401456424798,0.0,0.0,-0.041666666666666664,-0.05708747345758022,0.0,count1_minus_steady_d12_n2_m1
43,regime_marginal,ewma,clean,0.0,,0.0,,0.0,,,,,,0.0,0.0,0.0,0.0,0.0,,0.0,,count1_minus_steady_d12_n2_m1
43,regime_marginal,ewma,observed,-0.044097815337588775,-0.013888888888888895,-0.16056533827618164,-0.11722458677827317,-0.0002422480620155043,-0.008680555555555556,-0.05208333333333337,0.0,-0.013888888888888895,0.0034722222222222238,0.0,0.0,0.7377554615926707,0.0,0.0,-0.013888888888888895,-0.044097815337588775,0.0,count1_minus_steady_d12_n2_m1
43,regime_marginal,point,clean,0.0,,0.0,,0.0,,,,,,0.0,0.003472222222222222,0.0,0.0,0.0,,0.0,,count1_minus_steady_d12_n2_m1
43,regime_marginal,point,observed,-0.05136177092401442,-0.024305555555555552,-0.1731084179495578,-0.06633381359983835,9.910147991543279e-05,0.005208333333333332,-0.03125,0.0,-0.024305555555555552,-0.027777777777777776,0.0,0.003472222222222222,0.10644233027954009,0.0,0.0,-0.024305555555555552,-0.05136177092401442,0.0,count1_minus_steady_d12_n2_m1
44,regime_conditional,cusum,clean,0.0,,0.0,,0.0,,,,,,0.0,0.024305555555555556,0.0,0.0,0.0,,0.0,,count1_minus_steady_d12_n2_m1
44,regime_conditional,cusum,observed,0.0014024790641492257,0.1076388888888889,-0.016817223973732795,-0.011058268552116002,-0.015797509983556494,-0.003472222222222217,0.1527777777777778,0.0,0.1076388888888889,0.10416666666666669,0.0,0.1076388888888889,-0.8038231148696262,0.0,0.0,0.1076388888888889,0.0014024790641492257,0.0,count1_minus_steady_d12_n2_m1
44,regime_conditional,ewma,clean,0.0,,0.0,,0.0,,,,,,0.0,0.010416666666666666,0.0,0.0,0.0,,0.0,,count1_minus_steady_d12_n2_m1
44,regime_conditional,ewma,observed,0.02438709677419354,0.09375,-0.05677426687883613,0.024155337359862084,-0.003479563072586331,-0.026041666666666664,0.1284722222222222,0.0,0.09375,0.10416666666666669,0.0,0.0034722222222222238,-1.0093669250645991,0.0,0.0,0.09375,0.02438709677419354,0.0,count1_minus_steady_d12_n2_m1
44,regime_conditional,point,clean,0.0,,0.0,,0.0,,,,,,0.0,-0.0034722222222222238,0.0,0.0,0.0,,0.0,,count1_minus_steady_d12_n2_m1
44,regime_conditional,point,observed,0.005746874314542669,0.02083333333333333,-0.06615384615384615,-0.03174952648402095,-0.0004441214470284234,0.0017361111111111119,0.013888888888888895,0.0,0.02083333333333333,0.013888888888888881,0.0,-0.0034722222222222238,-0.44412144702842227,0.0,0.0,0.02083333333333333,0.005746874314542669,0.0,count1_minus_steady_d12_n2_m1
44,regime_marginal,cusum,clean,0.0,,0.0,,0.0,,,,,,0.0,0.041666666666666664,0.0,0.0,0.0,,0.0,,count1_minus_steady_d12_n2_m1
44,regime_marginal,cusum,observed,0.009631577392383371,0.041666666666666664,0.0012540426374496733,-0.009827357503854078,-0.004554997650927886,0.013888888888888895,0.10416666666666663,0.0,0.041666666666666664,0.0,0.0,0.041666666666666664,-0.38172421893352126,0.0,0.0,0.041666666666666664,0.009631577392383371,0.0,count1_minus_steady_d12_n2_m1
44,regime_marginal,ewma,clean,0.0,,0.0,,0.0,,,,,,0.0,0.0,0.0,0.0,0.0,,0.0,,count1_minus_steady_d12_n2_m1
44,regime_marginal,ewma,observed,0.0006376940981411283,0.01736111111111112,-0.06806747558449247,-0.02601948785565869,-0.0012552854122621568,0.0,0.08333333333333337,0.0,0.01736111111111112,0.01736111111111112,0.0,-0.013888888888888888,-0.2532593375616634,0.0,0.0,0.01736111111111112,0.0006376940981411283,0.0,count1_minus_steady_d12_n2_m1
44,regime_marginal,point,clean,0.0,,0.0,,0.0,,,,,,0.0,0.003472222222222222,0.0,0.0,0.0,,0.0,,count1_minus_steady_d12_n2_m1
44,regime_marginal,point,observed,0.0025776053215077616,0.010416666666666664,-0.08683401639344263,-0.032784968637524045,0.00029363401456424833,-0.001736111111111111,0.02430555555555558,0.0,0.010416666666666664,0.010416666666666664,0.0,0.003472222222222222,0.1504874324641774,0.0,0.0,0.010416666666666664,0.0025776053215077616,0.0,count1_minus_steady_d12_n2_m1
45,regime_conditional,cusum,clean,0.0,,0.0,,0.0,,,,,,0.0,0.003472222222222222,0.0,0.0,0.0,,0.0,,count1_minus_steady_d12_n2_m1
45,regime_conditional,cusum,observed,-0.10796811285404653,-0.11805555555555558,-0.09919028340080974,-0.0801683588221128,-0.01917797157622739,0.008680555555555554,-0.05902777777777779,0.0,-0.11805555555555558,-0.125,0.0,-0.08333333333333337,-0.5909384543105469,0.0,0.0,-0.11805555555555558,-0.10796811285404653,0.0,count1_minus_steady_d12_n2_m1
45,regime_conditional,ewma,clean,0.0,,0.0,,0.0,,,,,,0.0,-0.003472222222222222,0.0,0.0,0.0,,0.0,,count1_minus_steady_d12_n2_m1
45,regime_conditional,ewma,observed,-0.14010513296227584,-0.10069444444444448,-0.20156765676567656,-0.1947984767468808,-0.0028886246182757824,0.013888888888888888,-0.04861111111111116,0.0,-0.10069444444444448,-0.10416666666666663,0.0,0.017361111111111105,-0.2973044397463003,0.0,0.0,-0.10069444444444448,-0.14010513296227584,0.0,count1_minus_steady_d12_n2_m1
45,regime_conditional,point,clean,0.0,,0.0,,0.0,,,,,,0.0,0.006944444444444444,0.0,0.0,0.0,,0.0,,count1_minus_steady_d12_n2_m1
45,regime_conditional,point,observed,-0.03473139027114858,-0.010416666666666671,-0.13155080213903741,-0.07065638024042215,-0.00010644233027953982,0.012152777777777776,-0.03125,0.0,-0.010416666666666671,-0.013888888888888881,0.0,0.006944444444444444,-0.09910147991543283,0.0,0.0,-0.010416666666666671,-0.03473139027114858,0.0,count1_minus_steady_d12_n2_m1
45,regime_marginal,cusum,clean,0.0,,0.0,,0.0,,,,,,0.0,-0.013888888888888888,0.0,0.0,0.0,,0.0,,count1_minus_steady_d12_n2_m1
45,regime_marginal,cusum,observed,-0.06502204932408537,-0.07291666666666666,-0.05769786946881327,-0.05233218077183653,-0.02173625792811839,-0.03819444444444445,-0.00694444444444442,0.0,-0.07291666666666666,-0.06597222222222221,0.0,-0.14930555555555558,-0.05505637773079641,0.0,0.0,-0.07291666666666666,-0.06502204932408537,0.0,count1_minus_steady_d12_n2_m1
45,regime_marginal,ewma,clean,0.0,,0.0,,0.0,,,,,,0.0,-0.013888888888888888,0.0,0.0,0.0,,0.0,,count1_minus_steady_d12_n2_m1
45,regime_marginal,ewma,observed,-0.10614833195478356,-0.06944444444444443,-0.16666666666666669,-0.11682056295956696,-0.0020554381019497296,0.008680555555555552,-0.05208333333333337,0.0,-0.06944444444444443,-0.059027777777777776,0.0,-0.04166666666666667,0.04037467700258368,0.0,0.0,-0.06944444444444443,-0.10614833195478356,0.0,count1_minus_steady_d12_n2_m1
45,regime_marginal,point,clean,0.0,,0.0,,0.0,,,,,,0.0,0.010416666666666666,0.0,0.0,0.0,,0.0,,count1_minus_steady_d12_n2_m1
45,regime_marginal,point,observed,-0.06724963042770163,-0.03819444444444444,-0.18487394957983191,-0.0806991081634665,8.809020436927571e-05,0.0017361111111111101,-0.04513888888888884,0.0,-0.03819444444444444,-0.03125,0.0,0.010416666666666666,0.10644233027954009,0.0,0.0,-0.03819444444444444,-0.06724963042770163,0.0,count1_minus_steady_d12_n2_m1
46,regime_conditional,cusum,clean,0.0,,0.0,,0.0,,,,,,0.0,0.006944444444444444,0.0,0.0,0.0,,0.0,,count1_minus_steady_d12_n2_m1
46,regime_conditional,cusum,observed,-0.022616302726163023,0.09027777777777773,-0.03968531468531469,-0.03405293400287712,-0.009319209537232795,0.02777777777777779,0.0,0.0,0.09027777777777773,0.08680555555555552,0.0,0.13888888888888895,-0.4624735729386895,0.0,0.0,0.09027777777777773,-0.022616302726163023,0.0,count1_minus_steady_d12_n2_m1
46,regime_conditional,ewma,clean,0.0,,0.0,,0.0,,,,,,0.0,0.0,0.0,0.0,0.0,,0.0,,count1_minus_steady_d12_n2_m1
46,regime_conditional,ewma,observed,0.0010735020265089101,0.0798611111111111,-0.06585525776575696,-0.014896456205082259,-0.004074171952078931,0.015625,-0.00694444444444442,0.0,0.0798611111111111,0.07291666666666669,0.0,0.04513888888888888,-1.0240486257928119,0.0,0.0,0.0798611111111111,0.0010735020265089101,0.0,count1_minus_steady_d12_n2_m1
46,regime_conditional,point,clean,0.0,,0.0,,0.0,,,,,,0.0,0.0,0.0,0.0,0.0,,0.0,,count1_minus_steady_d12_n2_m1
46,regime_conditional,point,observed,-0.0024222254986625003,0.01736111111111112,-0.08120988134604162,-0.03456007828720717,-0.000139476156918018,0.0,0.02083333333333326,0.0,0.01736111111111112,0.010416666666666671,0.0,0.0,-0.12479445618980556,0.0,0.0,0.01736111111111112,-0.0024222254986625003,0.0,count1_minus_steady_d12_n2_m1
46,regime_marginal,cusum,clean,0.0,,0.0,,0.0,,,,,,0.0,0.013888888888888888,0.0,0.0,0.0,,0.0,,count1_minus_steady_d12_n2_m1
46,regime_marginal,cusum,observed,-0.009771629336846721,0.024305555555555552,-0.031204906204906208,-0.010171326369120479,-0.0013507164669955413,0.029513888888888888,0.03125,0.0,0.024305555555555552,0.024305555555555552,0.0,0.15277777777777776,-0.058726802912849596,0.0,0.0,0.024305555555555552,-0.009771629336846721,0.0,count1_minus_steady_d12_n2_m1
46,regime_marginal,ewma,clean,0.0,,0.0,,0.0,,,,,,0.0,0.0,0.0,0.0,0.0,,0.0,,count1_minus_steady_d12_n2_m1
46,regime_marginal,ewma,observed,0.02166426551822434,0.059027777777777776,-0.045117990907122735,-0.02983629427215416,-0.00013213530655390923,0.010416666666666664,0.0,0.0,0.059027777777777776,0.059027777777777776,0.0,0.04166666666666667,0.014681700728212732,0.0,0.0,0.059027777777777776,0.02166426551822434,0.0,count1_minus_steady_d12_n2_m1
46,regime_marginal,point,clean,0.0,,0.0,,0.0,,,,,,0.0,0.006944444444444444,0.0,0.0,0.0,,0.0,,count1_minus_steady_d12_n2_m1
46,regime_marginal,point,observed,-0.02379484921857803,-0.006944444444444441,-0.08886149708650828,-0.034122633675216674,0.00033400869156683007,0.0,0.02777777777777779,0.0,-0.006944444444444441,-0.006944444444444441,0.0,0.006944444444444444,0.3560312426591512,0.0,0.0,-0.006944444444444441,-0.02379484921857803,0.0,count1_minus_steady_d12_n2_m1
42,regime_conditional,cusum,clean,0.0,,0.0,,0.0,,,,,,0.0,0.018518518518518517,0.0,0.0,0.0,,0.0,,count3_minus_steady_d12_n2_m1
42,regime_conditional,cusum,observed,-0.017951856385148957,-0.05208333333333334,0.010131712259371844,0.0029423643932508514,0.008651716500553713,0.014467592592592594,-0.06828703703703698,0.0,-0.05208333333333334,-0.04976851851851849,0.0,-0.11111111111111116,0.6075427587055495,0.0,0.0,-0.05208333333333334,-0.017951856385148957,0.0,count3_minus_steady_d12_n2_m1
42,regime_conditional,ewma,clean,0.0,,0.0,,0.0,,,,,,0.0,0.017361111111111112,0.0,0.0,0.0,,0.0,,count3_minus_steady_d12_n2_m1
42,regime_conditional,ewma,observed,-0.010211877830162308,-0.040509259259259245,0.046363811871630745,-0.01002825055140838,0.002753168450842867,0.009837962962962965,-0.06712962962962954,0.0,-0.040509259259259245,-0.040509259259259245,0.0,-0.002314814814814825,0.21533161068044748,0.0,0.0,-0.040509259259259245,-0.010211877830162308,0.0,count3_minus_steady_d12_n2_m1
42,regime_conditional,point,clean,0.0,,0.0,,0.0,,,,,,0.0,0.0023148148148148147,0.0,0.0,0.0,,0.0,,count3_minus_steady_d12_n2_m1
42,regime_conditional,point,observed,0.00514483239100727,-0.004629629629629636,0.08084210526315788,0.04092669911150182,-7.690414667159418e-06,0.005787037037037037,-0.0532407407407407,0.0,-0.004629629629629636,-0.010416666666666671,0.0,0.0023148148148148147,0.1499630860095973,0.0,0.0,-0.004629629629629636,0.00514483239100727,0.0,count3_minus_steady_d12_n2_m1
42,regime_marginal,cusum,clean,0.0,,0.0,,0.0,,,,,,0.0,0.027777777777777776,0.0,0.0,0.0,,0.0,,count3_minus_steady_d12_n2_m1
42,regime_marginal,cusum,observed,0.008713022781366875,-0.004629629629629636,0.03329326923076924,0.027611610013639903,7.3058939338011e-05,0.0005787037037037028,-0.04629629629629628,0.0,-0.004629629629629636,-0.004629629629629636,0.0,-0.0069444444444444475,0.08074935400516825,0.0,0.0,-0.004629629629629636,0.008713022781366875,0.0,count3_minus_steady_d12_n2_m1
42,regime_marginal,ewma,clean,0.0,,0.0,,0.0,,,,,,0.0,0.013888888888888888,0.0,0.0,0.0,,0.0,,count3_minus_steady_d12_n2_m1
42,regime_marginal,ewma,observed,-0.023328528865946163,-0.027777777777777762,0.07363382528919027,0.02940809833570157,-0.0005844715147040741,0.005787037037037037,-0.06481481481481488,0.0,-0.027777777777777762,-0.027777777777777762,0.0,0.0,0.2576288913498219,0.0,0.0,-0.027777777777777762,-0.023328528865946163,0.0,count3_minus_steady_d12_n2_m1
42,regime_marginal,point,clean,0.0,,0.0,,0.0,,,,,,0.0,0.0011574074074074073,0.0,0.0,0.0,,0.0,,count3_minus_steady_d12_n2_m1
42,regime_marginal,point,observed,-0.015377828196886628,-0.013888888888888895,0.03880070546737213,0.032627667554760306,6.921373200442955e-05,0.0,-0.04282407407407407,0.0,-0.013888888888888895,-0.013888888888888895,0.0,0.0011574074074074073,0.06536852467085019,0.0,0.0,-0.013888888888888895,-0.015377828196886628,0.0,count3_minus_steady_d12_n2_m1
43,regime_conditional,cusum,clean,0.0,,0.0,,0.0,,,,,,0.0,-0.0057870370370370385,0.0,0.0,0.0,,0.0,,count3_minus_steady_d12_n2_m1
43,regime_conditional,cusum,observed,0.03769720507395491,0.04976851851851849,0.030321766236442782,0.033554053383925114,0.02627045650301464,-0.015625,0.02083333333333337,0.0,0.04976851851851849,0.06712962962962965,0.0,0.0844907407407407,0.29608096468561573,0.0,0.0,0.04976851851851849,0.03769720507395491,0.0,count3_minus_steady_d12_n2_m1
43,regime_conditional,ewma,clean,0.0,,0.0,,0.0,,,,,,0.0,-0.0023148148148148147,0.0,0.0,0.0,,0.0,,count3_minus_steady_d12_n2_m1
43,regime_conditional,ewma,observed,0.0446090880144141,0.030092592592592615,0.06745586708203521,0.07317607463639159,0.004379691152946969,-0.0034722222222222238,0.01851851851851849,0.0,0.030092592592592615,0.04282407407407407,0.0,-0.008101851851851846,0.8113387473852596,0.0,0.0,0.030092592592592615,0.0446090880144141,0.0,count3_minus_steady_d12_n2_m1
43,regime_conditional,point,clean,0.0,,0.0,,0.0,,,,,,0.0,0.0,0.0,0.0,0.0,,0.0,,count3_minus_steady_d12_n2_m1
43,regime_conditional,point,observed,-0.010729042650045512,-0.016203703703703706,0.07307206068268013,0.03232913282949282,-0.00023071244001476691,0.0017361111111111119,0.0057870370370370905,0.0,-0.016203703703703706,-0.012731481481481483,0.0,0.0,-0.23840285468192413,0.0,0.0,-0.016203703703703706,-0.010729042650045512,0.0,count3_minus_steady_d12_n2_m1
43,regime_marginal,cusum,clean,0.0,,0.0,,0.0,,,,,,0.0,-0.013888888888888888,0.0,0.0,0.0,,0.0,,count3_minus_steady_d12_n2_m1
43,regime_marginal,cusum,observed,0.0016571755702190494,-0.0023148148148148112,0.011306583122464547,0.029669461419229687,0.009578411467946354,0.01273148148148148,0.01620370370370361,0.0,-0.0023148148148148112,-0.016203703703703713,0.0,-0.02314814814814814,0.36144948935646615,0.0,0.0,-0.0023148148148148112,0.0016571755702190494,0.0,count3_minus_steady_d12_n2_m1
43,regime_marginal,ewma,clean,0.0,,0.0,,0.0,,,,,,0.0,-0.004629629629629629,0.0,0.0,0.0,,0.0,,count3_minus_steady_d12_n2_m1
43,regime_marginal,ewma,observed,0.019645580652189715,0.0069444444444444475,0.0961538461538462,0.057707004210997226,0.000915159345391903,-0.0028935185185185192,-0.0011574074074074403,0.0,0.0069444444444444475,0.017361111111111105,0.0,-0.013888888888888895,0.05383290267011187,0.0,0.0,0.0069444444444444475,0.019645580652189715,0.0,count3_minus_steady_d12_n2_m1
43,regime_marginal,point,clean,0.0,,0.0,,0.0,,,,,,0.0,-0.0011574074074074073,0.0,0.0,0.0,,0.0,,count3_minus_steady_d12_n2_m1
43,regime_marginal,point,observed,-0.007502897460401364,-0.010416666666666671,0.06902523503216229,0.03721013732754891,6.152331733727014e-05,-0.002893518518518521,-0.00810185185185186,0.0,-0.010416666666666671,-0.006944444444444434,0.0,-0.0011574074074074073,0.05383290267011276,0.0,0.0,-0.010416666666666671,-0.007502897460401364,0.0,count3_minus_steady_d12_n2_m1
44,regime_conditional,cusum,clean,0.0,,0.0,,0.0,,,,,,0.0,0.010416666666666668,0.0,0.0,0.0,,0.0,,count3_minus_steady_d12_n2_m1
44,regime_conditional,cusum,observed,0.02448350859323145,0.005787037037037035,0.028149640523210034,0.018545236263854237,0.020187338501291993,0.012731481481481483,-0.00462962962962965,0.0,0.005787037037037035,-0.01620370370370372,0.0,-0.00347222222222221,0.8421004060538939,0.0,0.0,0.005787037037037035,0.02448350859323145,0.0,count3_minus_steady_d12_n2_m1
44,regime_conditional,ewma,clean,0.0,,0.0,,0.0,,,,,,0.0,0.0011574074074074073,0.0,0.0,0.0,,0.0,,count3_minus_steady_d12_n2_m1
44,regime_conditional,ewma,observed,-0.0029772727272727173,-0.01967592592592593,0.033365704772475024,0.007725610335297617,0.005133351790328533,0.02025462962962963,-0.01041666666666663,0.0,-0.01967592592592593,-0.025462962962962937,0.0,0.010416666666666664,1.0574320167343423,0.0,0.0,-0.01967592592592593,-0.0029772727272727173,0.0,count3_minus_steady_d12_n2_m1
44,regime_conditional,point,clean,0.0,,0.0,,0.0,,,,,,0.0,-0.001157407407407409,0.0,0.0,0.0,,0.0,,count3_minus_steady_d12_n2_m1
44,regime_conditional,point,observed,-0.0020848076812730737,-0.0069444444444444475,0.06037383177570091,0.030005618909061144,0.0001345822566752794,0.005208333333333332,-0.03009259259259256,0.0,-0.0069444444444444475,-0.0069444444444444475,0.0,-0.001157407407407409,-0.03076165866863434,0.0,0.0,-0.0069444444444444475,-0.0020848076812730737,0.0,count3_minus_steady_d12_n2_m1
44,regime_marginal,cusum,clean,0.0,,0.0,,0.0,,,,,,0.0,0.013888888888888888,0.0,0.0,0.0,,0.0,,count3_minus_steady_d12_n2_m1
44,regime_marginal,cusum,observed,0.015930583330508764,0.004629629629629629,0.024696385369008547,0.02321596576746618,-0.008455610926541159,0.002314814814814818,-0.05092592592592593,0.0,0.004629629629629629,0.006944444444444444,0.0,-0.006944444444444441,-0.09613018333948542,0.0,0.0,0.004629629629629629,0.015930583330508764,0.0,count3_minus_steady_d12_n2_m1
44,regime_marginal,ewma,clean,0.0,,0.0,,0.0,,,,,,0.0,0.0023148148148148147,0.0,0.0,0.0,,0.0,,count3_minus_steady_d12_n2_m1
44,regime_marginal,ewma,observed,-0.007025665463952613,-0.010416666666666657,0.03893488476169166,0.023934876378055095,0.0013150609080841633,0.009259259259259259,-0.03935185185185186,0.0,-0.010416666666666657,-0.010416666666666657,0.0,0.0,0.2653193060169805,0.0,0.0,-0.010416666666666657,-0.007025665463952613,0.0,count3_minus_steady_d12_n2_m1
44,regime_marginal,point,clean,0.0,,0.0,,0.0,,,,,,0.0,-0.003472222222222222,0.0,0.0,0.0,,0.0,,count3_minus_steady_d12_n2_m1
44,regime_marginal,point,observed,-0.00892205184373858,-0.008101851851851853,0.0535037878787879,0.025987657298997477,-0.00014227267134243882,0.005208333333333333,-0.052083333333333315,0.0,-0.008101851851851853,-0.008101851851851853,0.0,-0.003472222222222222,-0.15765350067675588,0.0,0.0,-0.008101851851851853,-0.00892205184373858,0.0,count3_minus_steady_d12_n2_m1
45,regime_conditional,cusum,clean,0.0,,0.0,,0.0,,,,,,0.0,0.003472222222222222,0.0,0.0,0.0,,0.0,,count3_minus_steady_d12_n2_m1
45,regime_conditional,cusum,observed,0.017634932068254616,0.02314814814814814,0.013835085777531814,0.011622042411503802,0.02422480620155039,-0.0028935185185185192,-0.02662037037037035,0.0,0.02314814814814814,0.02777777777777779,0.0,-0.006944444444444531,0.7844222960502032,0.0,0.0,0.02314814814814814,0.017634932068254616,0.0,count3_minus_steady_d12_n2_m1
45,regime_conditional,ewma,clean,0.0,,0.0,,0.0,,,,,,0.0,0.0011574074074074073,0.0,0.0,0.0,,0.0,,count3_minus_steady_d12_n2_m1
45,regime_conditional,ewma,observed,0.011724800723613538,0.00347222222222221,0.028030044383748676,0.044466027907423655,0.006167712563061398,0.0034722222222222238,-0.02777777777777779,0.0,0.00347222222222221,0.0092592592592593,0.0,0.00810185185185186,0.47680570936384914,0.0,0.0,0.00347222222222221,0.011724800723613538,0.0,count3_minus_steady_d12_n2_m1
45,regime_conditional,point,clean,0.0,,0.0,,0.0,,,,,,0.0,0.0,0.0,0.0,0.0,,0.0,,count3_minus_steady_d12_n2_m1
45,regime_conditional,point,observed,0.02469869292140553,0.010416666666666671,0.11520376175548591,0.06222168390505145,0.00011151101267380288,0.005208333333333332,-0.01967592592592593,0.0,0.010416666666666671,0.004629629629629636,0.0,0.0,0.103820598006644,0.0,0.0,0.010416666666666671,0.02469869292140553,0.0,count3_minus_steady_d12_n2_m1
45,regime_marginal,cusum,clean,0.0,,0.0,,0.0,,,,,,0.0,-0.004629629629629629,0.0,0.0,0.0,,0.0,,count3_minus_steady_d12_n2_m1
45,regime_marginal,cusum,observed,0.011924688170822817,-0.0034722222222222238,0.021552385335174104,0.02097646101018999,0.00987449243263197,-0.012731481481481486,-0.02546296296296302,0.0,-0.0034722222222222238,-0.0011574074074073987,0.0,0.03587962962962965,0.719053771379353,0.0,0.0,-0.0034722222222222238,0.011924688170822817,0.0,count3_minus_steady_d12_n2_m1
45,regime_marginal,ewma,clean,0.0,,0.0,,0.0,,,,,,0.0,-0.009259259259259259,0.0,0.0,0.0,,0.0,,count3_minus_steady_d12_n2_m1
45,regime_marginal,ewma,observed,0.020892687559354223,0.002314814814814825,0.07407407407407407,0.0514697890996271,0.0021533161068044773,-0.010995370370370374,-0.03587962962962965,0.0,0.002314814814814825,0.00810185185185186,0.0,-0.0069444444444444475,0.28839055001845715,0.0,0.0,0.002314814814814825,0.020892687559354223,0.0,count3_minus_steady_d12_n2_m1
45,regime_marginal,point,clean,0.0,,0.0,,0.0,,,,,,0.0,0.003472222222222222,0.0,0.0,0.0,,0.0,,count3_minus_steady_d12_n2_m1
45,regime_marginal,point,observed,0.020888126936323276,0.00810185185185186,0.1294117647058824,0.05197101822971453,-0.0005883167220376521,-0.0017361111111111119,-0.0405092592592593,0.0,0.00810185185185186,0.010416666666666671,0.0,0.003472222222222222,-0.4421988433616342,0.0,0.0,0.00810185185185186,0.020888126936323276,0.0,count3_minus_steady_d12_n2_m1
46,regime_conditional,cusum,clean,0.0,,0.0,,0.0,,,,,,0.0,-0.0023148148148148147,0.0,0.0,0.0,,0.0,,count3_minus_steady_d12_n2_m1
46,regime_conditional,cusum,observed,0.031500711046714425,0.01388888888888884,0.035213675213675216,0.042382171230175486,0.019022240679217428,-0.010416666666666657,0.02777777777777779,0.0,0.01388888888888884,0.017361111111111105,0.0,0.06481481481481483,0.9805278700627538,0.0,0.0,0.01388888888888884,0.031500711046714425,0.0,count3_minus_steady_d12_n2_m1
46,regime_conditional,ewma,clean,0.0,,0.0,,0.0,,,,,,0.0,-0.004629629629629629,0.0,0.0,0.0,,0.0,,count3_minus_steady_d12_n2_m1
46,regime_conditional,ewma,observed,0.05142644320297951,0.024305555555555525,0.09259680230355383,0.07881979915321496,0.003276116648209669,-0.008680555555555552,0.03472222222222221,0.0,0.024305555555555525,0.017361111111111105,0.0,-0.008101851851851846,0.7421250153808288,0.0,0.0,0.024305555555555525,0.05142644320297951,0.0,count3_minus_steady_d12_n2_m1
46,regime_conditional,point,clean,0.0,,0.0,,0.0,,,,,,0.0,0.0,0.0,0.0,0.0,,0.0,,count3_minus_steady_d12_n2_m1
46,regime_conditional,point,observed,-0.004681331077270159,-0.010416666666666657,0.06970649895178199,0.04361086874430191,-0.0006806016980435599,-0.0023148148148148147,0.02083333333333326,0.0,-0.010416666666666657,-0.010416666666666657,0.0,0.0,-0.36529469669004655,0.0,0.0,-0.010416666666666657,-0.004681331077270159,0.0,count3_minus_steady_d12_n2_m1
46,regime_marginal,cusum,clean,0.0,,0.0,,0.0,,,,,,0.0,0.0023148148148148147,0.0,0.0,0.0,,0.0,,count3_minus_steady_d12_n2_m1
46,regime_marginal,cusum,observed,0.007915501893376156,-0.0034722222222222238,0.025704368095672447,0.025352090781702336,0.0048872585209794525,0.0017361111111111101,0.02430555555555558,0.0,-0.0034722222222222238,-0.015046296296296294,0.0,-0.016203703703703692,0.22686723268118625,0.0,0.0,-0.0034722222222222238,0.007915501893376156,0.0,count3_minus_steady_d12_n2_m1
46,regime_marginal,ewma,clean,0.0,,0.0,,0.0,,,,,,0.0,-0.006944444444444444,0.0,0.0,0.0,,0.0,,count3_minus_steady_d12_n2_m1
46,regime_marginal,ewma,observed,0.05656229401345564,0.031250000000000014,0.13516307253608983,0.07458428744327192,-0.00019226036667897156,0.012731481481481479,0.02546296296296291,0.0,0.031250000000000014,0.010416666666666671,0.0,-0.0023148148148148112,-0.01538082933431717,0.0,0.0,0.031250000000000014,0.05656229401345564,0.0,count3_minus_steady_d12_n2_m1
46,regime_marginal,point,clean,0.0,,0.0,,0.0,,,,,,0.0,-0.006944444444444444,0.0,0.0,0.0,,0.0,,count3_minus_steady_d12_n2_m1
46,regime_marginal,point,observed,0.01706864564007421,0.0069444444444444475,0.0873879949898834,0.04863998788098217,0.0001461178786760168,0.009259259259259259,0.01620370370370372,0.0,0.0069444444444444475,-0.006944444444444441,0.0,-0.006944444444444444,0.12304663467454269,0.0,0.0,0.0069444444444444475,0.01706864564007421,0.0,count3_minus_steady_d12_n2_m1
42,regime_conditional,cusum,clean,0.0,,0.0,,0.0,,,,,,0.0,0.0,0.0,0.0,0.0,,0.0,,magnitude2_minus_steady_d12_n2_m1
42,regime_conditional,cusum,observed,0.0013971213045359532,0.3888888888888889,-0.07379165177330313,-0.008460535490990517,0.11789405684754523,0.12326388888888888,0.1284722222222222,0.0,0.3888888888888889,0.20833333333333337,0.0,0.4444444444444444,1.937984496124031,0.0,0.0,0.3888888888888889,0.0013971213045359532,0.0,magnitude2_minus_steady_d12_n2_m1
42,regime_conditional,ewma,clean,0.0,,0.0,,0.0,,,,,,0.0,0.0,0.0,0.0,0.0,,0.0,,magnitude2_minus_steady_d12_n2_m1
42,regime_conditional,ewma,observed,0.13807177934554882,0.35416666666666674,-0.025015328019619865,0.2868501279303047,0.019379844961240306,0.07291666666666666,0.14583333333333337,0.0,0.35416666666666674,0.22569444444444442,0.0,0.24305555555555552,2.0994832041343656,0.0,0.0,0.35416666666666674,0.13807177934554882,0.0,magnitude2_minus_steady_d12_n2_m1
42,regime_conditional,point,clean,0.0,,0.0,,0.0,,,,,,0.0,0.0,0.0,0.0,0.0,,0.0,,magnitude2_minus_steady_d12_n2_m1
42,regime_conditional,point,observed,0.3178121369201895,0.3020833333333333,0.2861378799110453,0.35959263079707937,0.001937984496124031,0.020833333333333336,0.23611111111111105,0.0,0.3020833333333333,0.26388888888888884,0.0,0.0,1.7764857881136944,0.0,0.0,0.3020833333333333,0.3178121369201895,0.0,magnitude2_minus_steady_d12_n2_m1
42,regime_marginal,cusum,clean,0.0,,0.0,,0.0,,,,,,0.0,0.0,0.0,0.0,0.0,,0.0,,magnitude2_minus_steady_d12_n2_m1
42,regime_marginal,cusum,observed,0.12298030800302955,0.2534722222222222,0.06157802795031056,0.05274461648596204,0.05087209302325582,0.029513888888888885,0.20486111111111105,0.0,0.2534722222222222,0.2048611111111111,0.0,0.5590277777777778,-0.1614987080103356,0.0,0.0,0.2534722222222222,0.12298030800302955,0.0,magnitude2_minus_steady_d12_n2_m1
42,regime_marginal,ewma,clean,0.0,,0.0,,0.0,,,,,,0.0,0.0,0.0,0.0,0.0,,0.0,,magnitude2_minus_steady_d12_n2_m1
42,regime_marginal,ewma,observed,0.35293219646457163,0.4097222222222222,0.17871425210874747,0.3577152837792348,0.007428940568475453,0.0,0.16666666666666663,0.0,0.4097222222222222,0.4097222222222222,0.0,0.15625,0.4844961240310077,0.0,0.0,0.4097222222222222,0.35293219646457163,0.0,magnitude2_minus_steady_d12_n2_m1
42,regime_marginal,point,clean,0.0,,0.0,,0.0,,,,,,0.0,0.0,0.0,0.0,0.0,,0.0,,magnitude2_minus_steady_d12_n2_m1
42,regime_marginal,point,observed,0.30523527962552355,0.24652777777777776,0.35177063027940225,0.3315773018157327,0.0,0.0,0.24305555555555558,0.0,0.24652777777777776,0.23611111111111113,0.0,0.0,0.0,0.0,0.0,0.24652777777777776,0.30523527962552355,0.0,magnitude2_minus_steady_d12_n2_m1
43,regime_conditional,cusum,clean,0.0,,0.0,,0.0,,,,,,0.0,0.0,0.0,0.0,0.0,,0.0,,magnitude2_minus_steady_d12_n2_m1
43,regime_conditional,cusum,observed,-0.02790540064022623,0.3680555555555556,-0.08051272159899153,-0.02424095561141576,0.11611757105943153,0.09722222222222221,0.08680555555555558,0.0,0.3680555555555556,0.17708333333333331,0.0,0.45486111111111116,2.583979328165375,0.0,0.0,0.3680555555555556,-0.02790540064022623,0.0,magnitude2_minus_steady_d12_n2_m1
43,regime_conditional,ewma,clean,0.0,,0.0,,0.0,,,,,,0.0,0.0,0.0,0.0,0.0,,0.0,,magnitude2_minus_steady_d12_n2_m1
43,regime_conditional,ewma,observed,0.18309826854718503,0.4444444444444444,-0.008721174004192922,0.2961604675161876,0.020025839793281652,0.125,0.17361111111111105,0.0,0.4444444444444444,0.18749999999999994,0.0,0.1527777777777778,3.714470284237727,0.0,0.0,0.4444444444444444,0.18309826854718503,0.0,magnitude2_minus_steady_d12_n2_m1
43,regime_conditional,point,clean,0.0,,0.0,,0.0,,,,,,0.0,0.0,0.0,0.0,0.0,,0.0,,magnitude2_minus_steady_d12_n2_m1
43,regime_conditional,point,observed,0.34700831808103805,0.3472222222222222,0.2615873015873016,0.3819381201213785,0.0032299741602067177,0.034722222222222224,0.29861111111111116,0.0,0.3472222222222222,0.28472222222222227,0.0,0.0,3.068475452196383,0.0,0.0,0.3472222222222222,0.34700831808103805,0.0,magnitude2_minus_steady_d12_n2_m1
43,regime_marginal,cusum,clean,0.0,,0.0,,0.0,,,,,,0.0,0.0,0.0,0.0,0.0,,0.0,,magnitude2_minus_steady_d12_n2_m1
43,regime_marginal,cusum,observed,0.15313530067628428,0.2916666666666667,0.06646038924183892,0.05958284064579156,0.046673126614987084,0.020833333333333336,0.22569444444444442,0.0,0.2916666666666667,0.2916666666666667,0.0,0.4305555555555556,0.8074935400516796,0.0,0.0,0.2916666666666667,0.15313530067628428,0.0,magnitude2_minus_steady_d12_n2_m1
43,regime_marginal,ewma,clean,0.0,,0.0,,0.0,,,,,,0.0,0.0,0.0,0.0,0.0,,0.0,,magnitude2_minus_steady_d12_n2_m1
43,regime_marginal,ewma,observed,0.40649077310482207,0.4340277777777778,0.2738310708898944,0.3683892433117564,0.004198966408268733,0.0,0.22569444444444442,0.0,0.4340277777777778,0.4340277777777778,0.0,0.09027777777777776,0.0,0.0,0.0,0.4340277777777778,0.40649077310482207,0.0,magnitude2_minus_steady_d12_n2_m1
43,regime_marginal,point,clean,0.0,,0.0,,0.0,,,,,,0.0,0.0,0.0,0.0,0.0,,0.0,,magnitude2_minus_steady_d12_n2_m1
43,regime_marginal,point,observed,0.32021674317353654,0.2708333333333333,0.3262904140669314,0.3476025736291278,0.0,0.0,0.2847222222222222,0.0,0.2708333333333333,0.2638888888888889,0.0,0.0,-0.16149870801033472,0.0,0.0,0.2708333333333333,0.32021674317353654,0.0,magnitude2_minus_steady_d12_n2_m1
44,regime_conditional,cusum,clean,0.0,,0.0,,0.0,,,,,,0.0,0.0,0.0,0.0,0.0,,0.0,,magnitude2_minus_steady_d12_n2_m1
44,regime_conditional,cusum,observed,0.05986245816155239,0.4166666666666667,0.008576373396070786,0.036740139263509,0.10675064599483206,0.08333333333333334,0.16666666666666663,0.0,0.4166666666666667,0.19444444444444442,0.0,0.4930555555555556,1.6149870801033588,0.0,0.0,0.4166666666666667,0.05986245816155239,0.0,magnitude2_minus_steady_d12_n2_m1
44,regime_conditional,ewma,clean,0.0,,0.0,,0.0,,,,,,0.0,0.0,0.0,0.0,0.0,,0.0,,magnitude2_minus_steady_d12_n2_m1
44,regime_conditional,ewma,observed,0.2538961384820239,0.4722222222222222,0.08660703370145478,0.38413443930399266,0.01857235142118863,0.09722222222222221,0.27083333333333337,0.0,0.4722222222222222,0.25347222222222227,0.0,0.1875,3.391472868217054,0.0,0.0,0.4722222222222222,0.2538961384820239,0.0,magnitude2_minus_steady_d12_n2_m1
44,regime_conditional,point,clean,0.0,,0.0,,0.0,,,,,,0.0,0.0,0.0,0.0,0.0,,0.0,,magnitude2_minus_steady_d12_n2_m1
44,regime_conditional,point,observed,0.3351576089262229,0.3020833333333333,0.3305050505050505,0.3466353775858075,0.0017764857881136954,0.019097222222222224,0.3055555555555555,0.0,0.3020833333333333,0.27083333333333337,0.0,0.0,1.6149870801033597,0.0,0.0,0.3020833333333333,0.3351576089262229,0.0,magnitude2_minus_steady_d12_n2_m1
44,regime_marginal,cusum,clean,0.0,,0.0,,0.0,,,,,,0.0,0.0,0.0,0.0,0.0,,0.0,,magnitude2_minus_steady_d12_n2_m1
44,regime_marginal,cusum,observed,0.07403196484932464,0.13194444444444445,0.049996444065144724,0.02764080561370688,0.027616279069767435,0.0,0.1284722222222222,0.0,0.13194444444444445,0.13194444444444445,0.0,0.2743055555555555,0.16149870801033606,0.0,0.0,0.13194444444444445,0.07403196484932464,0.0,magnitude2_minus_steady_d12_n2_m1
44,regime_marginal,ewma,clean,0.0,,0.0,,0.0,,,,,,0.0,0.0,0.0,0.0,0.0,,0.0,,magnitude2_minus_steady_d12_n2_m1
44,regime_marginal,ewma,observed,0.34304766367914397,0.33333333333333337,0.30134395622082727,0.36220003074237844,0.0037144702842377246,0.0,0.2881944444444444,0.0,0.33333333333333337,0.33333333333333337,0.0,0.07291666666666667,-0.3229974160206721,0.0,0.0,0.33333333333333337,0.34304766367914397,0.0,magnitude2_minus_steady_d12_n2_m1
44,regime_marginal,point,clean,0.0,,0.0,,0.0,,,,,,0.0,0.0,0.0,0.0,0.0,,0.0,,magnitude2_minus_steady_d12_n2_m1
44,regime_marginal,point,observed,0.246455895589559,0.18055555555555555,0.3432112068965517,0.27943870533187215,0.0,0.0,0.2534722222222222,0.0,0.18055555555555555,0.18055555555555555,0.0,0.0,0.0,0.0,0.0,0.18055555555555555,0.246455895589559,0.0,magnitude2_minus_steady_d12_n2_m1
45,regime_conditional,cusum,clean,0.0,,0.0,,0.0,,,,,,0.0,0.0,0.0,0.0,0.0,,0.0,,magnitude2_minus_steady_d12_n2_m1
45,regime_conditional,cusum,observed,0.03341763931848862,0.43402777777777773,-0.04871348164031092,-0.010035943006694859,0.10642764857881136,0.09027777777777778,0.09722222222222221,0.0,0.43402777777777773,0.2881944444444444,0.0,0.45833333333333326,0.0,0.0,0.0,0.43402777777777773,0.03341763931848862,0.0,magnitude2_minus_steady_d12_n2_m1
45,regime_conditional,ewma,clean,0.0,,0.0,,0.0,,,,,,0.0,0.0,0.0,0.0,0.0,,0.0,,magnitude2_minus_steady_d12_n2_m1
45,regime_conditional,ewma,observed,0.23792517006802721,0.46527777777777773,0.03871012101210125,0.33149161696800983,0.015503875968992248,0.045138888888888895,0.1527777777777778,0.0,0.46527777777777773,0.35763888888888895,0.0,0.22222222222222224,0.3229974160206721,0.0,0.0,0.46527777777777773,0.23792517006802721,0.0,magnitude2_minus_steady_d12_n2_m1
45,regime_conditional,point,clean,0.0,,0.0,,0.0,,,,,,0.0,0.0,0.0,0.0,0.0,,0.0,,magnitude2_minus_steady_d12_n2_m1
45,regime_conditional,point,observed,0.3903455943667191,0.3680555555555556,0.34876805437553104,0.4099314885039241,0.001453488372093024,0.015625,0.28125,0.0,0.3680555555555556,0.3229166666666667,0.0,0.0,1.2919896640826867,0.0,0.0,0.3680555555555556,0.3903455943667191,0.0,magnitude2_minus_steady_d12_n2_m1
45,regime_marginal,cusum,clean,0.0,,0.0,,0.0,,,,,,0.0,0.0,0.0,0.0,0.0,,0.0,,magnitude2_minus_steady_d12_n2_m1
45,regime_marginal,cusum,observed,0.07326022357777548,0.2361111111111111,0.02920589272633549,0.029625737429573917,0.06799095607235142,0.03819444444444445,0.06597222222222221,0.0,0.2361111111111111,0.17708333333333337,0.0,0.40972222222222227,0.6459948320413438,0.0,0.0,0.2361111111111111,0.07326022357777548,0.0,magnitude2_minus_steady_d12_n2_m1
45,regime_marginal,ewma,clean,0.0,,0.0,,0.0,,,,,,0.0,0.0,0.0,0.0,0.0,,0.0,,magnitude2_minus_steady_d12_n2_m1
45,regime_marginal,ewma,observed,0.3621761795136408,0.47222222222222227,0.24177529484792049,0.3795644617321382,0.006782945736434107,0.0,0.14236111111111105,0.0,0.47222222222222227,0.46875,0.0,0.14583333333333331,0.0,0.0,0.0,0.47222222222222227,0.3621761795136408,0.0,magnitude2_minus_steady_d12_n2_m1
45,regime_marginal,point,clean,0.0,,0.0,,0.0,,,,,,0.0,0.0,0.0,0.0,0.0,,0.0,,magnitude2_minus_steady_d12_n2_m1
45,regime_marginal,point,observed,0.33482538295284103,0.28125,0.35591778880226793,0.364218719637212,0.0,0.0,0.27083333333333337,0.0,0.28125,0.2777777777777778,0.0,0.0,-0.16149870801033472,0.0,0.0,0.28125,0.33482538295284103,0.0,magnitude2_minus_steady_d12_n2_m1
46,regime_conditional,cusum,clean,0.0,,0.0,,0.0,,,,,,0.0,0.0,0.0,0.0,0.0,,0.0,,magnitude2_minus_steady_d12_n2_m1
46,regime_conditional,cusum,observed,0.03283784842864232,0.35416666666666663,-0.014507642194938608,0.028931066748002998,0.09786821705426356,0.09027777777777779,0.1284722222222222,0.0,0.35416666666666663,0.21874999999999994,0.0,0.44791666666666674,1.937984496124031,0.0,0.0,0.35416666666666663,0.03283784842864232,0.0,magnitude2_minus_steady_d12_n2_m1
46,regime_conditional,ewma,clean,0.0,,0.0,,0.0,,,,,,0.0,0.0,0.0,0.0,0.0,,0.0,,magnitude2_minus_steady_d12_n2_m1
46,regime_conditional,ewma,observed,0.25876890895640414,0.5069444444444444,0.10717822747299877,0.37175600527137664,0.01937984496124031,0.09027777777777778,0.16666666666666663,0.0,0.5069444444444444,0.2743055555555556,0.0,0.19097222222222227,0.3229974160206712,0.0,0.0,0.5069444444444444,0.25876890895640414,0.0,magnitude2_minus_steady_d12_n2_m1
46,regime_conditional,point,clean,0.0,,0.0,,0.0,,,,,,0.0,0.0,0.0,0.0,0.0,,0.0,,magnitude2_minus_steady_d12_n2_m1
46,regime_conditional,point,observed,0.3270841767618573,0.29861111111111116,0.3163897493663757,0.35615334377016156,0.0014534883720930224,0.015624999999999997,0.3090277777777778,0.0,0.29861111111111116,0.2534722222222222,0.0,0.0,0.807493540051679,0.0,0.0,0.29861111111111116,0.3270841767618573,0.0,magnitude2_minus_steady_d12_n2_m1
46,regime_marginal,cusum,clean,0.0,,0.0,,0.0,,,,,,0.0,0.0,0.0,0.0,0.0,,0.0,,magnitude2_minus_steady_d12_n2_m1
46,regime_marginal,cusum,observed,0.0700722106932564,0.1527777777777778,0.02614366077588494,0.04697115338712553,0.04247416020671834,0.015624999999999998,0.15625,0.0,0.1527777777777778,0.1527777777777778,0.0,0.26388888888888884,0.0,0.0,0.0,0.1527777777777778,0.0700722106932564,0.0,magnitude2_minus_steady_d12_n2_m1
46,regime_marginal,ewma,clean,0.0,,0.0,,0.0,,,,,,0.0,0.0,0.0,0.0,0.0,,0.0,,magnitude2_minus_steady_d12_n2_m1
46,regime_marginal,ewma,observed,0.3236185410804292,0.36458333333333337,0.2533129904097646,0.3379768979283936,0.005813953488372093,0.0,0.20833333333333326,0.0,0.36458333333333337,0.36458333333333337,0.0,0.12152777777777779,0.0,0.0,0.0,0.36458333333333337,0.3236185410804292,0.0,magnitude2_minus_steady_d12_n2_m1
46,regime_marginal,point,clean,0.0,,0.0,,0.0,,,,,,0.0,0.0,0.0,0.0,0.0,,0.0,,magnitude2_minus_steady_d12_n2_m1
46,regime_marginal,point,observed,0.2805194805194805,0.22916666666666666,0.3381190310543293,0.27221546553423365,0.0,0.0,0.2569444444444444,0.0,0.22916666666666666,0.22569444444444445,0.0,0.0,0.0,0.0,0.0,0.22916666666666666,0.2805194805194805,0.0,magnitude2_minus_steady_d12_n2_m1
42,regime_conditional,cusum,clean,0.0,,0.0,,0.0,,,,,,0.0,0.0,0.0,0.0,0.0,,0.0,,magnitude4_minus_steady_d12_n2_m1
42,regime_conditional,cusum,observed,-0.08529291097147548,0.59375,-0.13902403066489752,-0.06939093152616108,0.33204134366925064,0.34375,0.03472222222222221,0.0,0.59375,0.10069444444444448,0.0,0.5069444444444444,3.2299741602067185,0.0,0.0,0.59375,-0.08529291097147548,0.0,magnitude4_minus_steady_d12_n2_m1
42,regime_conditional,ewma,clean,0.0,,0.0,,0.0,,,,,,0.0,0.0,0.0,0.0,0.0,,0.0,,magnitude4_minus_steady_d12_n2_m1
42,regime_conditional,ewma,observed,0.057740171032593546,0.5381944444444444,-0.15809126109555294,0.3928691896732231,0.06282299741602067,0.3524305555555555,0.26736111111111116,0.0,0.5381944444444444,-0.048611111111111105,0.0,0.4861111111111111,4.198966408268733,0.0,0.0,0.5381944444444444,0.057740171032593546,0.0,magnitude4_minus_steady_d12_n2_m1
42,regime_conditional,point,clean,0.0,,0.0,,0.0,,,,,,0.0,0.0,0.0,0.0,0.0,,0.0,,magnitude4_minus_steady_d12_n2_m1
42,regime_conditional,point,observed,0.6349493716186346,0.8611111111111112,0.39717464683085385,0.8274099509088434,0.009528423772609821,0.10243055555555555,0.4027777777777778,0.0,0.8611111111111112,0.6458333333333334,0.0,0.0,6.621447028423772,0.0,0.0,0.8611111111111112,0.6349493716186346,0.0,magnitude4_minus_steady_d12_n2_m1
42,regime_marginal,cusum,clean,0.0,,0.0,,0.0,,,,,,0.0,0.0,0.0,0.0,0.0,,0.0,,magnitude4_minus_steady_d12_n2_m1
42,regime_marginal,cusum,observed,0.1301315430958796,0.6354166666666667,0.03792956948640483,0.055849710091838894,0.19638242894056845,0.08506944444444443,0.23958333333333326,0.0,0.6354166666666667,0.5034722222222223,0.0,0.9027777777777778,-0.6459948320413433,0.0,0.0,0.6354166666666667,0.1301315430958796,0.0,magnitude4_minus_steady_d12_n2_m1
42,regime_marginal,ewma,clean,0.0,,0.0,,0.0,,,,,,0.0,0.0,0.0,0.0,0.0,,0.0,,magnitude4_minus_steady_d12_n2_m1
42,regime_marginal,ewma,observed,0.4654841869577385,0.7118055555555556,0.15900016989466526,0.5703560028127941,0.01905684754521964,0.0,0.28125,0.0,0.7118055555555556,0.6979166666666666,0.0,0.4097222222222222,0.0,0.0,0.0,0.7118055555555556,0.4654841869577385,0.0,magnitude4_minus_steady_d12_n2_m1
42,regime_marginal,point,clean,0.0,,0.0,,0.0,,,,,,0.0,0.0,0.0,0.0,0.0,,0.0,,magnitude4_minus_steady_d12_n2_m1
42,regime_marginal,point,observed,0.7566395663956639,0.8541666666666667,0.5665420772454411,0.8367678320079901,0.0,0.0,0.41319444444444453,0.0,0.8541666666666667,0.8333333333333334,0.0,0.0,0.0,0.0,0.0,0.8541666666666667,0.7566395663956639,0.0,magnitude4_minus_steady_d12_n2_m1
43,regime_conditional,cusum,clean,0.0,,0.0,,0.0,,,,,,0.0,0.0,0.0,0.0,0.0,,0.0,,magnitude4_minus_steady_d12_n2_m1
43,regime_conditional,cusum,observed,-0.12432777322030811,0.5347222222222222,-0.1502388306580924,-0.07981069818410487,0.32332041343669254,0.3975694444444444,0.07291666666666663,0.0,0.5347222222222222,-0.013888888888888895,0.0,0.53125,2.74547803617571,0.0,0.0,0.5347222222222222,-0.12432777322030811,0.0,magnitude4_minus_steady_d12_n2_m1
43,regime_conditional,ewma,clean,0.0,,0.0,,0.0,,,,,,0.0,0.0,0.0,0.0,0.0,,0.0,,magnitude4_minus_steady_d12_n2_m1
43,regime_conditional,ewma,observed,0.04456506521060177,0.5416666666666666,-0.18108604845446957,0.38430692257014015,0.06734496124031009,0.4149305555555556,0.27430555555555547,0.0,0.5416666666666666,-0.045138888888888895,0.0,0.39236111111111105,7.105943152454781,0.0,0.0,0.5416666666666666,0.04456506521060177,0.0,magnitude4_minus_steady_d12_n2_m1
43,regime_conditional,point,clean,0.0,,0.0,,0.0,,,,,,0.0,0.0,0.0,0.0,0.0,,0.0,,magnitude4_minus_steady_d12_n2_m1
43,regime_conditional,point,observed,0.5930369870524229,0.8506944444444444,0.3016382699868938,0.8018638610748712,0.01388888888888889,0.14930555555555555,0.4652777777777778,0.0,0.8506944444444444,0.548611111111111,0.0,0.0,9.205426356589149,0.0,0.0,0.8506944444444444,0.5930369870524229,0.0,magnitude4_minus_steady_d12_n2_m1
43,regime_marginal,cusum,clean,0.0,,0.0,,0.0,,,,,,0.0,0.0,0.0,0.0,0.0,,0.0,,magnitude4_minus_steady_d12_n2_m1
43,regime_marginal,cusum,observed,0.14383396253084638,0.6631944444444444,0.02121300353257724,0.038908896912335234,0.17651808785529716,0.08333333333333333,0.2847222222222222,0.0,0.6631944444444444,0.5451388888888888,0.0,0.78125,0.4844961240310077,0.0,0.0,0.6631944444444444,0.14383396253084638,0.0,magnitude4_minus_steady_d12_n2_m1
43,regime_marginal,ewma,clean,0.0,,0.0,,0.0,,,,,,0.0,0.0,0.0,0.0,0.0,,0.0,,magnitude4_minus_steady_d12_n2_m1
43,regime_marginal,ewma,observed,0.5396468042804514,0.7569444444444444,0.25900562851782366,0.5742735330053697,0.014211886304909561,0.0,0.29861111111111105,0.0,0.7569444444444444,0.7569444444444444,0.0,0.3055555555555556,0.1614987080103356,0.0,0.0,0.7569444444444444,0.5396468042804514,0.0,magnitude4_minus_steady_d12_n2_m1
43,regime_marginal,point,clean,0.0,,0.0,,0.0,,,,,,0.0,0.0,0.0,0.0,0.0,,0.0,,magnitude4_minus_steady_d12_n2_m1
43,regime_marginal,point,observed,0.7362601345523546,0.8541666666666666,0.508335668254413,0.8360347173305512,0.0,0.0,0.4652777777777778,0.0,0.8541666666666666,0.8333333333333333,0.0,0.0,-0.16149870801033472,0.0,0.0,0.8541666666666666,0.7362601345523546,0.0,magnitude4_minus_steady_d12_n2_m1
44,regime_conditional,cusum,clean,0.0,,0.0,,0.0,,,,,,0.0,0.0,0.0,0.0,0.0,,0.0,,magnitude4_minus_steady_d12_n2_m1
44,regime_conditional,cusum,observed,-0.0022039426175265997,0.6458333333333333,-0.038722299678902686,-0.002979796413378963,0.30410206718346255,0.40625,0.19444444444444442,0.0,0.6458333333333333,0.020833333333333315,0.0,0.6284722222222222,1.130490956072351,0.0,0.0,0.6458333333333333,-0.0022039426175265997,0.0,magnitude4_minus_steady_d12_n2_m1
44,regime_conditional,ewma,clean,0.0,,0.0,,0.0,,,,,,0.0,0.0,0.0,0.0,0.0,,0.0,,magnitude4_minus_steady_d12_n2_m1
44,regime_conditional,ewma,observed,0.155646017699115,0.6597222222222222,-0.060222740106664285,0.5075518121750198,0.0710594315245478,0.4027777777777778,0.38541666666666674,0.0,0.6597222222222222,0.03125,0.0,0.4930555555555555,6.782945736434108,0.0,0.0,0.6597222222222222,0.155646017699115,0.0,magnitude4_minus_steady_d12_n2_m1
44,regime_conditional,point,clean,0.0,,0.0,,0.0,,,,,,0.0,0.0,0.0,0.0,0.0,,0.0,,magnitude4_minus_steady_d12_n2_m1
44,regime_conditional,point,observed,0.6654574652653312,0.8958333333333333,0.4296519721577726,0.8395791830302541,0.011789405684754522,0.1267361111111111,0.5034722222222223,0.0,0.8958333333333333,0.625,0.0,0.0,8.559431524547804,0.0,0.0,0.8958333333333333,0.6654574652653312,0.0,magnitude4_minus_steady_d12_n2_m1
44,regime_marginal,cusum,clean,0.0,,0.0,,0.0,,,,,,0.0,0.0,0.0,0.0,0.0,,0.0,,magnitude4_minus_steady_d12_n2_m1
44,regime_marginal,cusum,observed,0.15709473116830616,0.49999999999999994,0.08786167960479888,0.049470317465211064,0.12467700258397932,0.0625,0.20138888888888884,0.0,0.49999999999999994,0.4166666666666667,0.0,0.8402777777777778,0.6459948320413438,0.0,0.0,0.49999999999999994,0.15709473116830616,0.0,magnitude4_minus_steady_d12_n2_m1
44,regime_marginal,ewma,clean,0.0,,0.0,,0.0,,,,,,0.0,0.0,0.0,0.0,0.0,,0.0,,magnitude4_minus_steady_d12_n2_m1
44,regime_marginal,ewma,observed,0.5693343855742099,0.7569444444444444,0.3618830777472712,0.6751018831101022,0.013565891472868217,0.0,0.39583333333333337,0.0,0.7569444444444444,0.7569444444444444,0.0,0.2743055555555555,0.0,0.0,0.0,0.7569444444444444,0.5693343855742099,0.0,magnitude4_minus_steady_d12_n2_m1
44,regime_marginal,point,clean,0.0,,0.0,,0.0,,,,,,0.0,0.0,0.0,0.0,0.0,,0.0,,magnitude4_minus_steady_d12_n2_m1
44,regime_marginal,point,observed,0.7876824262693828,0.8541666666666666,0.6075604838709677,0.857263551985656,0.0,0.0,0.47916666666666663,0.0,0.8541666666666666,0.8506944444444444,0.0,0.0,-0.1614987080103356,0.0,0.0,0.8541666666666666,0.7876824262693828,0.0,magnitude4_minus_steady_d12_n2_m1
45,regime_conditional,cusum,clean,0.0,,0.0,,0.0,,,,,,0.0,0.0,0.0,0.0,0.0,,0.0,,magnitude4_minus_steady_d12_n2_m1
45,regime_conditional,cusum,observed,-0.07667323654331956,0.6111111111111112,-0.13018895997619404,-0.07468767758102803,0.33026485788113696,0.4340277777777778,0.0,0.0,0.6111111111111112,0.00347222222222221,0.0,0.47916666666666663,4.36046511627907,0.0,0.0,0.6111111111111112,-0.07667323654331956,0.0,magnitude4_minus_steady_d12_n2_m1
45,regime_conditional,ewma,clean,0.0,,0.0,,0.0,,,,,,0.0,0.0,0.0,0.0,0.0,,0.0,,magnitude4_minus_steady_d12_n2_m1
45,regime_conditional,ewma,observed,0.09130692576937055,0.5902777777777777,-0.15945169613238602,0.41838330080101643,0.06572997416020672,0.3888888888888889,0.20486111111111105,0.0,0.5902777777777777,0.0034722222222222654,0.0,0.45138888888888884,5.167958656330749,0.0,0.0,0.5902777777777777,0.09130692576937055,0.0,magnitude4_minus_steady_d12_n2_m1
45,regime_conditional,point,clean,0.0,,0.0,,0.0,,,,,,0.0,0.0,0.0,0.0,0.0,,0.0,,magnitude4_minus_steady_d12_n2_m1
45,regime_conditional,point,observed,0.6520144120537176,0.8819444444444444,0.3931495045239122,0.8387670346148377,0.011143410852713177,0.11979166666666666,0.4305555555555556,0.0,0.8819444444444444,0.6284722222222222,0.0,0.0,8.882428940568476,0.0,0.0,0.8819444444444444,0.6520144120537176,0.0,magnitude4_minus_steady_d12_n2_m1
45,regime_marginal,cusum,clean,0.0,,0.0,,0.0,,,,,,0.0,0.0,0.0,0.0,0.0,,0.0,,magnitude4_minus_steady_d12_n2_m1
45,regime_marginal,cusum,observed,0.09872824537383376,0.579861111111111,0.03059281453893757,0.02244020531226454,0.18814599483204134,0.1440972222222222,0.01736111111111105,0.0,0.579861111111111,0.3576388888888889,0.0,0.7673611111111112,0.16149870801033606,0.0,0.0,0.579861111111111,0.09872824537383376,0.0,magnitude4_minus_steady_d12_n2_m1
45,regime_marginal,ewma,clean,0.0,,0.0,,0.0,,,,,,0.0,0.0,0.0,0.0,0.0,,0.0,,magnitude4_minus_steady_d12_n2_m1
45,regime_marginal,ewma,observed,0.43772427741893394,0.7152777777777777,0.23627844712182056,0.5980972999837455,0.018087855297157625,0.0,0.22569444444444442,0.0,0.7152777777777777,0.6944444444444444,0.0,0.3888888888888889,-0.4844961240310077,0.0,0.0,0.7152777777777777,0.43772427741893394,0.0,magnitude4_minus_steady_d12_n2_m1
45,regime_marginal,point,clean,0.0,,0.0,,0.0,,,,,,0.0,0.0,0.0,0.0,0.0,,0.0,,magnitude4_minus_steady_d12_n2_m1
45,regime_marginal,point,observed,0.7566756032171582,0.875,0.5454355035782859,0.8315839448089092,0.0,0.0,0.39583333333333337,0.0,0.875,0.8645833333333334,0.0,0.0,-0.16149870801033472,0.0,0.0,0.875,0.7566756032171582,0.0,magnitude4_minus_steady_d12_n2_m1
46,regime_conditional,cusum,clean,0.0,,0.0,,0.0,,,,,,0.0,0.0,0.0,0.0,0.0,,0.0,,magnitude4_minus_steady_d12_n2_m1
46,regime_conditional,cusum,observed,-0.020488448844884488,0.59375,-0.058404924130212976,-0.0036499960139621535,0.26582687338501293,0.3611111111111111,0.09375,0.0,0.59375,0.03819444444444442,0.0,0.6180555555555556,1.4534883720930232,0.0,0.0,0.59375,-0.020488448844884488,0.0,magnitude4_minus_steady_d12_n2_m1
46,regime_conditional,ewma,clean,0.0,,0.0,,0.0,,,,,,0.0,0.0,0.0,0.0,0.0,,0.0,,magnitude4_minus_steady_d12_n2_m1
46,regime_conditional,ewma,observed,0.17707435608864197,0.6493055555555556,-0.0072131276950554435,0.5214509689648565,0.061046511627906974,0.36458333333333337,0.32986111111111105,0.0,0.6493055555555556,0.06597222222222221,0.0,0.4270833333333333,3.391472868217054,0.0,0.0,0.6493055555555556,0.17707435608864197,0.0,magnitude4_minus_steady_d12_n2_m1
46,regime_conditional,point,clean,0.0,,0.0,,0.0,,,,,,0.0,0.0,0.0,0.0,0.0,,0.0,,magnitude4_minus_steady_d12_n2_m1
46,regime_conditional,point,observed,0.649052730853513,0.8993055555555556,0.40379058303586607,0.8426579414957034,0.012758397932816535,0.1371527777777778,0.4930555555555556,0.0,0.8993055555555556,0.6041666666666667,0.0,0.0,9.043927648578812,0.0,0.0,0.8993055555555556,0.649052730853513,0.0,magnitude4_minus_steady_d12_n2_m1
46,regime_marginal,cusum,clean,0.0,,0.0,,0.0,,,,,,0.0,0.0,0.0,0.0,0.0,,0.0,,magnitude4_minus_steady_d12_n2_m1
46,regime_marginal,cusum,observed,0.14853659914682033,0.5520833333333333,0.05238536443572414,0.06307612154479679,0.13372093023255816,0.06423611111111112,0.3402777777777778,0.0,0.5520833333333333,0.4618055555555556,0.0,0.7118055555555556,0.6459948320413438,0.0,0.0,0.5520833333333333,0.14853659914682033,0.0,magnitude4_minus_steady_d12_n2_m1
46,regime_marginal,ewma,clean,0.0,,0.0,,0.0,,,,,,0.0,0.0,0.0,0.0,0.0,,0.0,,magnitude4_minus_steady_d12_n2_m1
46,regime_marginal,ewma,observed,0.5159372673229882,0.767361111111111,0.32071021957169965,0.6705328537181617,0.016149870801033594,0.0,0.38541666666666663,0.0,0.767361111111111,0.736111111111111,0.0,0.3472222222222222,-0.1614987080103356,0.0,0.0,0.767361111111111,0.5159372673229882,0.0,magnitude4_minus_steady_d12_n2_m1
46,regime_marginal,point,clean,0.0,,0.0,,0.0,,,,,,0.0,0.0,0.0,0.0,0.0,,0.0,,magnitude4_minus_steady_d12_n2_m1
46,regime_marginal,point,observed,0.752845261993527,0.8645833333333333,0.600947500148978,0.8554179422563224,0.0,0.0,0.48958333333333326,0.0,0.8645833333333333,0.84375,0.0,0.0,0.0,0.0,0.0,0.8645833333333333,0.752845261993527,0.0,magnitude4_minus_steady_d12_n2_m1
42,regime_conditional,cusum,clean,0.0,,0.0,,-0.006172839506172841,,,,,,0.0,0.0,-1.851851851851852,0.0,0.0,,0.0,,switch_random_minus_steady_d12_n2_m1
42,regime_conditional,cusum,observed,-0.005084469825049176,-0.017361111111111105,0.0035966048050640465,0.0030885734658362973,-0.0033914728682170533,0.019097222222222224,0.01041666666666674,0.0,-0.017361111111111105,-0.03125,0.0,0.0,-1.1304909560723515,0.0,0.0,-0.017361111111111105,-0.005084469825049176,0.0,switch_random_minus_steady_d12_n2_m1
42,regime_conditional,ewma,clean,0.0,,0.0,,-0.00030864197530864126,,,,,,0.0,0.0,-0.30864197530864246,0.0,0.0,,0.0,,switch_random_minus_steady_d12_n2_m1
42,regime_conditional,ewma,observed,-0.026833543443612884,-0.03472222222222221,-0.013012718756736652,-0.008149955185952351,-0.000645994832041346,0.005208333333333336,-0.01041666666666663,0.0,-0.03472222222222221,-0.03472222222222221,0.0,-0.0069444444444444475,-0.4844961240310077,0.0,0.0,-0.03472222222222221,-0.026833543443612884,0.0,switch_random_minus_steady_d12_n2_m1
42,regime_conditional,point,clean,0.0,,0.0,,-0.0007716049382716049,,,,,,0.0,-0.006944444444444444,-0.7716049382716061,0.0,0.0,,0.0,,switch_random_minus_steady_d12_n2_m1
42,regime_conditional,point,observed,0.014925373134328374,0.010416666666666657,0.026315789473684237,0.016173485981928443,-0.0004844961240310069,0.0,0.01041666666666663,0.0,0.010416666666666657,0.010416666666666657,0.0,-0.006944444444444444,-0.4844961240310077,0.0,0.0,0.010416666666666657,0.014925373134328374,0.0,switch_random_minus_steady_d12_n2_m1
42,regime_marginal,cusum,clean,0.0,,0.0,,-0.01404320987654321,,,,,,0.0,0.003472222222222222,-1.5432098765432098,0.0,0.0,,0.0,,switch_random_minus_steady_d12_n2_m1
42,regime_marginal,cusum,observed,-3.128911138923496e-05,-0.010416666666666671,0.0184581043956044,0.003452523879744665,-0.011466408268733849,-0.020833333333333336,0.0625,0.0,-0.010416666666666671,-0.013888888888888895,0.0,0.07291666666666667,-1.130490956072351,0.0,0.0,-0.010416666666666671,-3.128911138923496e-05,0.0,switch_random_minus_steady_d12_n2_m1
42,regime_marginal,ewma,clean,0.0,,0.0,,-0.0033950617283950617,,,,,,0.0,0.0,-0.9259259259259256,0.0,0.0,,0.0,,switch_random_minus_steady_d12_n2_m1
42,regime_marginal,ewma,observed,-0.010713776504375827,-0.017361111111111105,0.07195755499060458,0.04069728170606368,-0.003391472868217055,-0.0017361111111111101,-0.006944444444444531,0.0,-0.017361111111111105,-0.020833333333333315,0.0,-0.006944444444444444,-0.8074935400516794,0.0,0.0,-0.017361111111111105,-0.010713776504375827,0.0,switch_random_minus_steady_d12_n2_m1
42,regime_marginal,point,clean,0.0,,0.0,,-0.00015432098765432063,,,,,,0.0,0.0,-0.15432098765432123,0.0,0.0,,0.0,,switch_random_minus_steady_d12_n2_m1
42,regime_marginal,point,observed,0.040535086201925835,0.027777777777777776,0.07126823793490461,0.02338442057877467,-0.00016149870801033563,-0.005208333333333333,0.01388888888888895,0.0,0.027777777777777776,0.02083333333333333,0.0,0.0,-0.16149870801033472,0.0,0.0,0.027777777777777776,0.040535086201925835,0.0,switch_random_minus_steady_d12_n2_m1
43,regime_conditional,cusum,clean,0.0,,0.0,,-0.001543209876543208,,,,,,0.0,0.0,-1.851851851851852,0.0,0.0,,0.0,,switch_random_minus_steady_d12_n2_m1
43,regime_conditional,cusum,observed,-0.006682630943704748,-0.03125,0.004603577821366167,-0.00013383982109013703,-0.005490956072351422,-0.03993055555555555,-0.04513888888888895,0.0,-0.03125,0.02777777777777779,0.0,-0.010416666666666685,-1.4534883720930232,0.0,0.0,-0.03125,-0.006682630943704748,0.0,switch_random_minus_steady_d12_n2_m1
43,regime_conditional,ewma,clean,0.0,,0.0,,0.002160493827160494,,,,,,0.0,0.0,0.617283950617284,0.0,0.0,,0.0,,switch_random_minus_steady_d12_n2_m1
43,regime_conditional,ewma,observed,-0.03777411111485257,-0.02777777777777779,-0.052341440152599006,-0.018278767696171594,0.002583979328165377,-0.010416666666666664,-0.02430555555555558,0.0,-0.02777777777777779,-0.013888888888888895,0.0,0.006944444444444434,0.9689922480620154,0.0,0.0,-0.02777777777777779,-0.03777411111485257,0.0,switch_random_minus_steady_d12_n2_m1
43,regime_conditional,point,clean,0.0,,0.0,,0.00030864197530864126,,,,,,0.0,0.0,0.30864197530864246,0.0,0.0,,0.0,,switch_random_minus_steady_d12_n2_m1
43,regime_conditional,point,observed,-0.024638331934167618,-0.017361111111111105,-0.041886269070735116,-0.0078399270028785,0.0004844961240310069,0.0034722222222222238,-0.01388888888888884,0.0,-0.017361111111111105,-0.013888888888888881,0.0,0.0,0.4844961240310077,0.0,0.0,-0.017361111111111105,-0.024638331934167618,0.0,switch_random_minus_steady_d12_n2_m1
43,regime_marginal,cusum,clean,0.0,,0.0,,-0.0006172839506172843,,,,,,0.0,-0.01736111111111111,0.925925925925926,0.0,0.0,,0.0,,switch_random_minus_steady_d12_n2_m1
43,regime_marginal,cusum,observed,-0.04773136226498483,-0.041666666666666664,-0.05498816975650664,-0.002338628960955158,-0.0012919896640826885,-0.003472222222222222,0.03125,0.0,-0.041666666666666664,-0.03472222222222223,0.0,0.03819444444444445,0.9689922480620157,0.0,0.0,-0.041666666666666664,-0.04773136226498483,0.0,switch_random_minus_steady_d12_n2_m1
43,regime_marginal,ewma,clean,0.0,,0.0,,0.0024691358024691353,,,,,,0.0,0.0034722222222222238,1.2345679012345676,0.0,0.0,,0.0,,switch_random_minus_steady_d12_n2_m1
43,regime_marginal,ewma,observed,-0.0011064666830587488,0.0069444444444444475,-0.050423985463355525,-0.024714188273635945,0.003391472868217055,-0.003472222222222222,0.01736111111111105,0.0,0.0069444444444444475,0.017361111111111105,0.0,0.0069444444444444475,2.0994832041343665,0.0,0.0,0.0069444444444444475,-0.0011064666830587488,0.0,switch_random_minus_steady_d12_n2_m1
43,regime_marginal,point,clean,0.0,,0.0,,0.0007716049382716049,,,,,,0.0,0.003472222222222222,1.0802469135802468,0.0,0.0,,0.0,,switch_random_minus_steady_d12_n2_m1
43,regime_marginal,point,observed,0.0033722291987075548,0.0034722222222222238,-0.0062611806797853164,0.0025331242503303097,0.0006459948320413442,-0.0034722222222222238,0.0,0.0,0.0034722222222222238,0.0069444444444444475,0.0,0.003472222222222222,0.9689922480620154,0.0,0.0,0.0034722222222222238,0.0033722291987075548,0.0,switch_random_minus_steady_d12_n2_m1
44,regime_conditional,cusum,clean,0.0,,0.0,,-0.011574074074074073,,,,,,0.0,0.024305555555555556,-0.4629629629629628,0.0,0.0,,0.0,,switch_random_minus_steady_d12_n2_m1
44,regime_conditional,cusum,observed,0.03188595924560306,0.0,0.04049800981208923,0.01373959181947046,-0.020187338501291986,0.012152777777777776,0.02083333333333326,0.0,0.0,-0.02777777777777779,0.0,-0.045138888888888895,-1.2919896640826876,0.0,0.0,0.0,0.03188595924560306,0.0,switch_random_minus_steady_d12_n2_m1
44,regime_conditional,ewma,clean,0.0,,0.0,,-0.00030864197530864126,,,,,,0.0,-0.006944444444444444,0.7716049382716044,0.0,0.0,,0.0,,switch_random_minus_steady_d12_n2_m1
44,regime_conditional,ewma,observed,-0.01162677484787017,-0.013888888888888895,-0.006465715600552258,-0.006433238247214423,-0.0004844961240310086,0.0034722222222222238,0.03819444444444453,0.0,-0.013888888888888895,-0.013888888888888895,0.0,-0.0034722222222222238,0.6459948320413442,0.0,0.0,-0.013888888888888895,-0.01162677484787017,0.0,switch_random_minus_steady_d12_n2_m1
44,regime_conditional,point,clean,0.0,,0.0,,0.0006172839506172843,,,,,,0.0,0.0,0.6172839506172849,0.0,0.0,,0.0,,switch_random_minus_steady_d12_n2_m1
44,regime_conditional,point,observed,0.0042449969678593075,0.00347222222222221,0.0033009708737864185,0.0006329124744356152,0.00032299741602067125,0.0,0.00347222222222221,0.0,0.00347222222222221,0.0034722222222222238,0.0,0.0,0.322997416020673,0.0,0.0,0.00347222222222221,0.0042449969678593075,0.0,switch_random_minus_steady_d12_n2_m1
44,regime_marginal,cusum,clean,0.0,,0.0,,-0.03657407407407408,,,,,,0.0,-0.041666666666666664,-1.080246913580247,0.0,0.0,,0.0,,switch_random_minus_steady_d12_n2_m1
44,regime_marginal,cusum,observed,-0.03314917127071823,-0.041666666666666664,-0.027522935779816515,-0.005910613889857988,-0.03795219638242894,-0.041666666666666664,0.01041666666666663,0.0,-0.041666666666666664,0.0,0.0,-0.041666666666666664,-1.2919896640826871,0.0,0.0,-0.041666666666666664,-0.03314917127071823,0.0,switch_random_minus_steady_d12_n2_m1
44,regime_marginal,ewma,clean,0.0,,0.0,,-0.005555555555555555,,,,,,0.0,0.0,-1.54320987654321,0.0,0.0,,0.0,,switch_random_minus_steady_d12_n2_m1
44,regime_marginal,ewma,observed,0.01610087016258302,0.0,0.16126720183486237,0.04433944891897852,-0.007267441860465116,0.0,0.01736111111111116,0.0,0.0,0.0,0.0,-0.017361111111111112,-1.937984496124031,0.0,0.0,0.0,0.01610087016258302,0.0,switch_random_minus_steady_d12_n2_m1
44,regime_marginal,point,clean,0.0,,0.0,,-0.0006172839506172843,,,,,,0.0,-0.003472222222222222,-0.4629629629629628,0.0,0.0,,0.0,,switch_random_minus_steady_d12_n2_m1
44,regime_marginal,point,observed,0.0009796238244514227,0.0,0.015625,0.0009970544013848254,-0.0006459948320413434,0.001736111111111111,-0.00694444444444442,0.0,0.0,0.0,0.0,-0.003472222222222222,-0.4844961240310077,0.0,0.0,0.0,0.0009796238244514227,0.0,switch_random_minus_steady_d12_n2_m1
45,regime_conditional,cusum,clean,0.0,,0.0,,0.0027777777777777783,,,,,,0.0,0.0,-0.308641975308642,0.0,0.0,,0.0,,switch_random_minus_steady_d12_n2_m1
45,regime_conditional,cusum,observed,-0.04048880890117432,-0.05902777777777779,-0.02712181435585692,-0.024522159693196627,-0.0029069767441860447,0.015624999999999998,-0.03472222222222221,0.0,-0.05902777777777779,-0.08333333333333334,0.0,-0.09027777777777779,-0.8074935400516798,0.0,0.0,-0.05902777777777779,-0.04048880890117432,0.0,switch_random_minus_steady_d12_n2_m1
45,regime_conditional,ewma,clean,0.0,,0.0,,0.0010802469135802462,,,,,,0.0,0.0,0.30864197530864246,0.0,0.0,,0.0,,switch_random_minus_steady_d12_n2_m1
45,regime_conditional,ewma,observed,-0.013076187705224618,-0.010416666666666685,-0.017290152660586255,-0.020971928978829713,0.0006459948320413425,0.0034722222222222238,-0.01041666666666663,0.0,-0.010416666666666685,-0.00694444444444442,0.0,-0.0069444444444444475,0.6459948320413433,0.0,0.0,-0.010416666666666685,-0.013076187705224618,0.0,switch_random_minus_steady_d12_n2_m1
45,regime_conditional,point,clean,0.0,,0.0,,0.00015432098765432063,,,,,,0.0,0.0,0.15432098765432123,0.0,0.0,,0.0,,switch_random_minus_steady_d12_n2_m1
45,regime_conditional,point,observed,0.0,0.0,0.0,0.009181005518256513,0.0,0.0,0.02777777777777779,0.0,0.0,-0.0034722222222222238,0.0,0.0,0.0,0.0,0.0,0.0,0.0,0.0,switch_random_minus_steady_d12_n2_m1
45,regime_marginal,cusum,clean,0.0,,0.0,,-0.01682098765432099,,,,,,0.0,-0.013888888888888888,0.0,0.0,0.0,,0.0,,switch_random_minus_steady_d12_n2_m1
45,regime_marginal,cusum,observed,-0.03104009710607554,-0.0625,-0.0016220112940045772,0.003982300875357461,-0.030523255813953484,-0.015625000000000003,0.00694444444444442,0.0,-0.0625,-0.05555555555555555,0.0,-0.08680555555555555,0.3229974160206721,0.0,0.0,-0.0625,-0.03104009710607554,0.0,switch_random_minus_steady_d12_n2_m1
45,regime_marginal,ewma,clean,0.0,,0.0,,0.0013888888888888874,,,,,,0.0,-0.020833333333333332,-0.15432098765432123,0.0,0.0,,0.0,,switch_random_minus_steady_d12_n2_m1
45,regime_marginal,ewma,observed,-0.045933278191342686,-0.03819444444444445,-0.05743879472693034,-0.021102956896512648,0.0012919896640826885,0.003472222222222217,-0.01736111111111116,0.0,-0.03819444444444445,-0.034722222222222224,0.0,-0.03125,0.0,0.0,0.0,-0.03819444444444445,-0.045933278191342686,0.0,switch_random_minus_steady_d12_n2_m1
45,regime_marginal,point,clean,0.0,,0.0,,0.00046296296296296363,,,,,,0.0,0.003472222222222222,-0.15432098765432123,0.0,0.0,,0.0,,switch_random_minus_steady_d12_n2_m1
45,regime_marginal,point,observed,0.009654326621413495,0.0069444444444444475,0.013502673796791487,0.0034447605161800343,0.00016149870801033736,0.003472222222222222,0.0,0.0,0.0069444444444444475,0.0069444444444444475,0.0,0.003472222222222222,-0.3229974160206712,0.0,0.0,0.0069444444444444475,0.009654326621413495,0.0,switch_random_minus_steady_d12_n2_m1
46,regime_conditional,cusum,clean,0.0,,0.0,,-0.015277777777777776,,,,,,0.0,0.006944444444444444,-1.5432098765432096,0.0,0.0,,0.0,,switch_random_minus_steady_d12_n2_m1
46,regime_conditional,cusum,observed,-0.0065781705938907364,-0.09027777777777779,0.038127090301003336,0.03281989345576586,-0.031492248062015504,-0.03819444444444444,0.01736111111111105,0.0,-0.09027777777777779,-0.08333333333333334,0.0,-0.0625,0.0,0.0,0.0,-0.09027777777777779,-0.0065781705938907364,0.0,switch_random_minus_steady_d12_n2_m1
46,regime_conditional,ewma,clean,0.0,,0.0,,-0.0013888888888888874,,,,,,0.0,-0.010416666666666666,-0.7716049382716053,0.0,0.0,,0.0,,switch_random_minus_steady_d12_n2_m1
46,regime_conditional,ewma,observed,0.008279672165797503,-0.006944444444444475,0.030831847569650794,0.03328513031359853,-0.003875968992248062,-0.02083333333333333,0.04166666666666663,0.0,-0.006944444444444475,-0.017361111111111105,0.0,-0.010416666666666657,-1.130490956072352,0.0,0.0,-0.006944444444444475,0.008279672165797503,0.0,switch_random_minus_steady_d12_n2_m1
46,regime_conditional,point,clean,0.0,,0.0,,-0.000308641975308643,,,,,,0.0,0.0,-0.4629629629629637,0.0,0.0,,0.0,,switch_random_minus_steady_d12_n2_m1
46,regime_conditional,point,observed,-0.004766148719339711,-0.0034722222222222238,-0.007277628032345024,0.0018997810336812831,0.0,0.0,0.01388888888888884,0.0,-0.0034722222222222238,0.0,0.0,0.0,-0.1614987080103365,0.0,0.0,-0.0034722222222222238,-0.004766148719339711,0.0,switch_random_minus_steady_d12_n2_m1
46,regime_marginal,cusum,clean,0.0,,0.0,,-0.0066358024691358045,,,,,,0.0,0.010416666666666668,-0.771604938271605,0.0,0.0,,0.0,,switch_random_minus_steady_d12_n2_m1
46,regime_marginal,cusum,observed,0.021027432712215327,0.0,0.061553030303030304,0.020162135677051246,-0.016795865633074936,0.005208333333333334,0.05555555555555558,0.0,0.0,-0.027777777777777776,0.0,-0.048611111111111105,-0.16149870801033606,0.0,0.0,0.0,0.021027432712215327,0.0,switch_random_minus_steady_d12_n2_m1
46,regime_marginal,ewma,clean,0.0,,0.0,,-0.0009259259259259273,,,,,,0.0,-0.006944444444444444,0.0,0.0,0.0,,0.0,,switch_random_minus_steady_d12_n2_m1
46,regime_marginal,ewma,observed,0.020740571996603646,0.013888888888888881,0.0370967741935484,0.02915855884525259,-0.0017764857881136936,0.008680555555555556,0.04861111111111105,0.0,0.013888888888888881,-0.010416666666666657,0.0,-0.017361111111111105,-0.3229974160206712,0.0,0.0,0.013888888888888881,0.020740571996603646,0.0,switch_random_minus_steady_d12_n2_m1
46,regime_marginal,point,clean,0.0,,0.0,,0.0007716049382716049,,,,,,0.0,-0.0034722222222222203,0.15432098765432123,0.0,0.0,,0.0,,switch_random_minus_steady_d12_n2_m1
46,regime_marginal,point,observed,0.008486170318231387,0.0069444444444444475,0.006480117820324011,0.003152939508396707,0.0009689922480620155,-0.0017361111111111101,0.02430555555555558,0.0,0.0069444444444444475,0.0069444444444444475,0.0,-0.0034722222222222203,0.322997416020673,0.0,0.0,0.0069444444444444475,0.008486170318231387,0.0,switch_random_minus_steady_d12_n2_m1
42,regime_conditional,cusum,clean,0.0,,0.0,,0.075,,,,,,0.0,0.013888888888888888,7.71604938271605,0.0,0.0,,0.0,,switch_delay12_minus_switch_random
42,regime_conditional,cusum,observed,-0.0680052311716286,0.06944444444444442,-0.1104582470997772,-0.05804431336786528,0.06637596899224807,0.06076388888888888,0.01041666666666663,0.0,0.06944444444444442,-0.03819444444444442,0.0,-0.02430555555555558,6.782945736434108,0.0,0.0,0.06944444444444442,-0.0680052311716286,0.0,switch_delay12_minus_switch_random
42,regime_conditional,ewma,clean,0.0,,0.0,,0.07854938271604939,,,,,,0.0,0.027777777777777776,7.407407407407408,0.0,0.0,,0.0,,switch_delay12_minus_switch_random
42,regime_conditional,ewma,observed,-0.16385124387605776,0.0798611111111111,-0.3102168949771689,-0.26553360506479184,0.0746124031007752,0.07118055555555555,0.00694444444444442,0.0,0.0798611111111111,-0.045138888888888895,0.0,0.02083333333333333,6.944444444444443,0.0,0.0,0.0798611111111111,-0.16385124387605776,0.0,switch_delay12_minus_switch_random
42,regime_conditional,point,clean,0.0,,0.0,,0.06435185185185185,,,,,,0.0,0.013888888888888888,12.037037037037038,0.0,0.0,,0.0,,switch_delay12_minus_switch_random
42,regime_conditional,point,observed,-0.0026123970112716666,0.11458333333333333,-0.16470997910655658,-0.03433281026612589,0.06169250645994832,0.05381944444444444,0.02430555555555558,0.0,0.11458333333333333,0.03819444444444445,0.0,0.013888888888888888,12.919896640826872,0.0,0.0,0.11458333333333333,-0.0026123970112716666,0.0,switch_delay12_minus_switch_random
42,regime_marginal,cusum,clean,0.0,,0.0,,0.05262345679012346,,,,,,0.0,-0.003472222222222222,5.555555555555556,0.0,0.0,,0.0,,switch_delay12_minus_switch_random
42,regime_marginal,cusum,observed,0.033010322308826626,0.09374999999999999,-0.015934065934065933,0.024549839331639775,0.05022609819121447,0.06944444444444445,0.04861111111111105,0.0,0.09374999999999999,0.0,0.0,-0.017361111111111105,5.652454780361757,0.0,0.0,0.09374999999999999,0.033010322308826626,0.0,switch_delay12_minus_switch_random
42,regime_marginal,ewma,clean,0.0,,0.0,,0.0720679012345679,,,,,,0.0,0.03819444444444445,7.098765432098765,0.0,0.0,,0.0,,switch_delay12_minus_switch_random
42,regime_marginal,ewma,observed,-0.054357592093441154,0.09722222222222224,-0.36619812583668004,-0.1279555604867661,0.0692829457364341,0.07986111111111112,0.03472222222222221,0.0,0.09722222222222224,-0.0069444444444444475,0.0,0.024305555555555556,7.267441860465116,0.0,0.0,0.09722222222222224,-0.054357592093441154,0.0,switch_delay12_minus_switch_random
42,regime_marginal,point,clean,0.0,,0.0,,0.06913580246913581,,,,,,0.0,0.020833333333333336,9.876543209876544,0.0,0.0,,0.0,,switch_delay12_minus_switch_random
42,regime_marginal,point,observed,-0.011512857329330356,0.09722222222222222,-0.21191995859927548,-0.03406878618090589,0.06637596899224806,0.07465277777777778,0.02430555555555558,0.0,0.09722222222222222,0.0034722222222222238,0.0,0.020833333333333336,9.52842377260982,0.0,0.0,0.09722222222222222,-0.011512857329330356,0.0,switch_delay12_minus_switch_random
43,regime_conditional,cusum,clean,0.0,,0.0,,0.08287037037037037,,,,,,0.0,0.06249999999999999,9.104938271604937,0.0,0.0,,0.0,,switch_delay12_minus_switch_random
43,regime_conditional,cusum,observed,-0.10431957439812325,0.03472222222222221,-0.1257890915540185,-0.09696943070664443,0.07380490956072351,0.07465277777777778,-0.0625,0.0,0.03472222222222221,-0.09722222222222224,0.0,-0.017361111111111105,8.236434108527131,0.0,0.0,0.03472222222222221,-0.10431957439812325,0.0,switch_delay12_minus_switch_random
43,regime_conditional,ewma,clean,0.0,,0.0,,0.0882716049382716,,,,,,0.0,0.06944444444444445,10.648148148148147,0.0,0.0,,0.0,,switch_delay12_minus_switch_random
43,regime_conditional,ewma,observed,-0.18997025767618386,0.045138888888888895,-0.3125699303618844,-0.29042109072070554,0.08478682170542637,0.0920138888888889,-0.05555555555555558,0.0,0.045138888888888895,-0.09722222222222221,0.0,0.041666666666666685,10.820413436692508,0.0,0.0,0.045138888888888895,-0.18997025767618386,0.0,switch_delay12_minus_switch_random
43,regime_conditional,point,clean,0.0,,0.0,,0.0654320987654321,,,,,,0.0,0.06597222222222222,12.654320987654321,0.0,0.0,,0.0,,switch_delay12_minus_switch_random
43,regime_conditional,point,observed,-0.006420535672257699,0.1076388888888889,-0.18332381496287833,-0.07415293514520097,0.06346899224806202,0.05555555555555555,-0.01736111111111116,0.0,0.1076388888888889,0.048611111111111105,0.0,0.06597222222222222,13.242894056847545,0.0,0.0,0.1076388888888889,-0.006420535672257699,0.0,switch_delay12_minus_switch_random
43,regime_marginal,cusum,clean,0.0,,0.0,,0.06064814814814815,,,,,,0.0,0.04861111111111112,7.098765432098766,0.0,0.0,,0.0,,switch_delay12_minus_switch_random
43,regime_marginal,cusum,observed,0.025536258718191672,0.06597222222222224,-0.00869879981448593,-0.028538744286869172,0.05151808785529716,0.09722222222222222,-0.05555555555555558,0.0,0.06597222222222224,0.0069444444444444475,0.0,-0.03472222222222221,7.4289405684754515,0.0,0.0,0.06597222222222224,0.025536258718191672,0.0,switch_delay12_minus_switch_random
43,regime_marginal,ewma,clean,0.0,,0.0,,0.07330246913580248,,,,,,0.0,0.06249999999999999,7.716049382716049,0.0,0.0,,0.0,,switch_delay12_minus_switch_random
43,regime_marginal,ewma,observed,-0.07162822719449226,0.045138888888888895,-0.22467102174408776,-0.1155049988308243,0.07218992248062016,0.11979166666666667,-0.07291666666666663,0.0,0.045138888888888895,-0.034722222222222224,0.0,0.04513888888888888,7.590439276485789,0.0,0.0,0.045138888888888895,-0.07162822719449226,0.0,switch_delay12_minus_switch_random
43,regime_marginal,point,clean,0.0,,0.0,,0.06805555555555556,,,,,,0.0,0.07291666666666666,12.962962962962962,0.0,0.0,,0.0,,switch_delay12_minus_switch_random
43,regime_marginal,point,observed,-0.025507867183619234,0.07638888888888888,-0.21335268505079827,-0.06628231818578985,0.06734496124031007,0.10069444444444445,-0.02430555555555558,0.0,0.07638888888888888,0.0069444444444444475,0.0,0.07291666666666666,13.404392764857882,0.0,0.0,0.07638888888888888,-0.025507867183619234,0.0,switch_delay12_minus_switch_random
44,regime_conditional,cusum,clean,0.0,,0.0,,0.08055555555555556,,,,,,0.0,0.041666666666666664,8.641975308641975,0.0,0.0,,0.0,,switch_delay12_minus_switch_random
44,regime_conditional,cusum,observed,-0.028385836591732272,0.11805555555555558,-0.05656359144731238,-0.0157977546947754,0.0710594315245478,0.10416666666666667,-0.00347222222222221,0.0,0.11805555555555558,-0.013888888888888895,0.0,-0.017361111111111105,7.267441860465116,0.0,0.0,0.11805555555555558,-0.028385836591732272,0.0,switch_delay12_minus_switch_random
44,regime_conditional,ewma,clean,0.0,,0.0,,0.08503086419753086,,,,,,0.0,0.041666666666666664,8.641975308641975,0.0,0.0,,0.0,,switch_delay12_minus_switch_random
44,regime_conditional,ewma,observed,-0.10174330389228733,0.10416666666666669,-0.228631734119539,-0.16386995785374528,0.0796188630490956,0.11805555555555555,-0.01736111111111116,0.0,0.10416666666666669,-0.03819444444444442,0.0,0.03125000000000001,8.397932816537468,0.0,0.0,0.10416666666666669,-0.10174330389228733,0.0,switch_delay12_minus_switch_random
44,regime_conditional,point,clean,0.0,,0.0,,0.066820987654321,,,,,,0.0,0.04513888888888889,10.493827160493828,0.0,0.0,,0.0,,switch_delay12_minus_switch_random
44,regime_conditional,point,observed,0.04119770651943089,0.14930555555555555,-0.10175400954781957,-0.010623913045054612,0.06411498708010335,0.1076388888888889,0.038194444444444475,0.0,0.14930555555555555,0.017361111111111105,0.0,0.04513888888888889,10.497416020671835,0.0,0.0,0.14930555555555555,0.04119770651943089,0.0,switch_delay12_minus_switch_random
44,regime_marginal,cusum,clean,0.0,,0.0,,0.05,,,,,,0.0,0.006944444444444444,4.4753086419753085,0.0,0.0,,0.0,,switch_delay12_minus_switch_random
44,regime_marginal,cusum,observed,0.1111111111111111,0.1527777777777778,0.0873015873015873,0.03811459969385585,0.04376614987080103,0.03819444444444445,-0.01736111111111105,0.0,0.1527777777777778,0.11458333333333333,0.0,0.006944444444444444,4.3604651162790695,0.0,0.0,0.1527777777777778,0.1111111111111111,0.0,switch_delay12_minus_switch_random
44,regime_marginal,ewma,clean,0.0,,0.0,,0.0734567901234568,,,,,,0.0,0.041666666666666664,9.104938271604938,0.0,0.0,,0.0,,switch_delay12_minus_switch_random
44,regime_marginal,ewma,observed,0.03228868589038078,0.16319444444444445,-0.25679600371747213,-0.03712590367067033,0.06895994832041344,0.078125,0.00694444444444442,0.0,0.16319444444444445,0.03819444444444445,0.0,0.03819444444444445,9.205426356589147,0.0,0.0,0.16319444444444445,0.03228868589038078,0.0,switch_delay12_minus_switch_random
44,regime_marginal,point,clean,0.0,,0.0,,0.07037037037037037,,,,,,0.0,0.045138888888888895,13.580246913580245,0.0,0.0,,0.0,,switch_delay12_minus_switch_random
44,regime_marginal,point,observed,0.07339410095451027,0.17013888888888887,-0.1254863813229572,0.004876725796017833,0.06540697674418605,0.06076388888888888,0.03819444444444442,0.0,0.17013888888888887,0.07291666666666666,0.0,0.045138888888888895,13.727390180878555,0.0,0.0,0.17013888888888887,0.07339410095451027,0.0,switch_delay12_minus_switch_random
45,regime_conditional,cusum,clean,0.0,,0.0,,0.06944444444444445,,,,,,0.0,0.04861111111111111,7.098765432098766,0.0,0.0,,0.0,,switch_delay12_minus_switch_random
45,regime_conditional,cusum,observed,-0.04076393246743082,0.09722222222222221,-0.08324183973403293,-0.05307781271468959,0.0697674418604651,0.11111111111111112,-0.10763888888888895,0.0,0.09722222222222221,-0.02777777777777779,0.0,0.03125,7.428940568475452,0.0,0.0,0.09722222222222221,-0.04076393246743082,0.0,switch_delay12_minus_switch_random
45,regime_conditional,ewma,clean,0.0,,0.0,,0.08148148148148149,,,,,,0.0,0.04861111111111111,8.333333333333334,0.0,0.0,,0.0,,switch_delay12_minus_switch_random
45,regime_conditional,ewma,observed,-0.17610667911739375,0.05902777777777779,-0.33100862749367227,-0.24328800707657566,0.08139534883720931,0.12326388888888888,-0.11805555555555558,0.0,0.05902777777777779,-0.05902777777777779,0.0,0.045138888888888895,8.882428940568476,0.0,0.0,0.05902777777777779,-0.17610667911739375,0.0,switch_delay12_minus_switch_random
45,regime_conditional,point,clean,0.0,,0.0,,0.06743827160493827,,,,,,0.0,0.04861111111111111,12.037037037037036,0.0,0.0,,0.0,,switch_delay12_minus_switch_random
45,regime_conditional,point,observed,-0.041735372718485236,0.045138888888888895,-0.19725557461406518,-0.04033668163051363,0.06750645994832041,0.1076388888888889,-0.08333333333333337,0.0,0.045138888888888895,-0.02083333333333333,0.0,0.04861111111111111,11.627906976744187,0.0,0.0,0.045138888888888895,-0.041735372718485236,0.0,switch_delay12_minus_switch_random
45,regime_marginal,cusum,clean,0.0,,0.0,,0.055092592592592596,,,,,,0.0,0.024305555555555556,6.17283950617284,0.0,0.0,,0.0,,switch_delay12_minus_switch_random
45,regime_marginal,cusum,observed,0.042139702768647536,0.09722222222222222,0.0027946191739295217,-0.0043697387163582485,0.046673126614987084,0.08159722222222222,-0.09722222222222221,0.0,0.09722222222222222,0.013888888888888895,0.0,-0.013888888888888895,5.652454780361757,0.0,0.0,0.09722222222222222,0.042139702768647536,0.0,switch_delay12_minus_switch_random
45,regime_marginal,ewma,clean,0.0,,0.0,,0.07175925925925927,,,,,,0.0,0.034722222222222224,7.870370370370371,0.0,0.0,,0.0,,switch_delay12_minus_switch_random
45,regime_marginal,ewma,observed,-0.03920163047297773,0.06944444444444445,-0.1266881894000538,-0.06305624989885639,0.06992894056847546,0.09375,-0.10416666666666663,0.0,0.06944444444444445,-0.006944444444444434,0.0,0.027777777777777776,8.074935400516797,0.0,0.0,0.06944444444444445,-0.03920163047297773,0.0,switch_delay12_minus_switch_random
45,regime_marginal,point,clean,0.0,,0.0,,0.06774691358024691,,,,,,0.0,0.027777777777777776,13.425925925925927,0.0,0.0,,0.0,,switch_delay12_minus_switch_random
45,regime_marginal,point,observed,-0.029530447542186353,0.05902777777777779,-0.20393823733518393,-0.04632075657879123,0.06766795865633074,0.08680555555555555,-0.09027777777777779,0.0,0.05902777777777779,-0.013888888888888895,0.0,0.027777777777777776,13.888888888888888,0.0,0.0,0.05902777777777779,-0.029530447542186353,0.0,switch_delay12_minus_switch_random
46,regime_conditional,cusum,clean,0.0,,0.0,,0.07993827160493827,,,,,,0.0,0.15277777777777776,7.561728395061728,0.0,0.0,,0.0,,switch_delay12_minus_switch_random
46,regime_conditional,cusum,observed,-0.004923908982096603,0.1701388888888889,-0.06649491536933602,-0.0465006552165291,0.0710594315245478,0.13194444444444445,-0.07986111111111105,0.0,0.1701388888888889,-0.03125,0.0,0.05208333333333337,5.975452196382429,0.0,0.0,0.1701388888888889,-0.004923908982096603,0.0,switch_delay12_minus_switch_random
46,regime_conditional,ewma,clean,0.0,,0.0,,0.08688271604938272,,,,,,0.0,0.16319444444444445,8.641975308641975,0.0,0.0,,0.0,,switch_delay12_minus_switch_random
46,regime_conditional,ewma,observed,-0.082023401046948,0.1527777777777778,-0.20465113527456016,-0.17824666767934888,0.07929586563307495,0.1371527777777778,-0.10416666666666663,0.0,0.1527777777777778,-0.045138888888888895,0.0,0.11458333333333333,7.105943152454781,0.0,0.0,0.1527777777777778,-0.082023401046948,0.0,switch_delay12_minus_switch_random
46,regime_conditional,point,clean,0.0,,0.0,,0.06666666666666667,,,,,,0.0,0.13194444444444445,11.574074074074073,0.0,0.0,,0.0,,switch_delay12_minus_switch_random
46,regime_conditional,point,observed,0.032451967400523654,0.1388888888888889,-0.11005291005291004,-0.029348285224897352,0.06379198966408269,0.10590277777777779,-0.03819444444444442,0.0,0.1388888888888889,0.048611111111111105,0.0,0.13194444444444445,10.981912144702841,0.0,0.0,0.1388888888888889,0.032451967400523654,0.0,switch_delay12_minus_switch_random
46,regime_marginal,cusum,clean,0.0,,0.0,,0.04675925925925926,,,,,,0.0,0.059027777777777776,5.555555555555555,0.0,0.0,,0.0,,switch_delay12_minus_switch_random
46,regime_marginal,cusum,observed,-0.008255187549880291,0.04166666666666666,-0.06980140186915888,-0.020810310590378252,0.041343669250646004,0.05902777777777778,-0.07986111111111116,0.0,0.04166666666666666,0.06944444444444443,0.0,0.03472222222222221,5.006459948320414,0.0,0.0,0.04166666666666666,-0.008255187549880291,0.0,switch_delay12_minus_switch_random
46,regime_marginal,ewma,clean,0.0,,0.0,,0.06959876543209877,,,,,,0.0,0.1284722222222222,8.179012345679013,0.0,0.0,,0.0,,switch_delay12_minus_switch_random
46,regime_marginal,ewma,observed,-0.023271681397350585,0.09375,-0.14078498293515357,-0.06397789848162078,0.06637596899224806,0.11979166666666667,-0.12152777777777779,0.0,0.09375,0.02430555555555554,0.0,0.11805555555555555,7.428940568475452,0.0,0.0,0.09375,-0.023271681397350585,0.0,switch_delay12_minus_switch_random
46,regime_marginal,point,clean,0.0,,0.0,,0.06774691358024691,,,,,,0.0,0.125,10.956790123456791,0.0,0.0,,0.0,,switch_delay12_minus_switch_random
46,regime_marginal,point,observed,0.02476058292852186,0.10416666666666666,-0.08204309656823623,-0.019356276702380604,0.06492248062015504,0.13715277777777776,-0.031250000000000056,0.0,0.10416666666666666,0.017361111111111105,0.0,0.125,10.820413436692505,0.0,0.0,0.10416666666666666,0.02476058292852186,0.0,switch_delay12_minus_switch_random
42,regime_conditional,cusum,clean,0.0,,0.0,,0.0,,,,,,0.0,0.017361111111111112,0.0,0.0,0.0,,0.0,,switch_at_minus_switch_random
42,regime_conditional,cusum,observed,0.011049828352180935,-0.03819444444444445,0.06634387138541217,-0.01148050538864584,-0.015503875968992244,-0.03125,0.02430555555555547,0.0,-0.03819444444444445,-0.017361111111111077,0.0,-0.11111111111111116,-0.6459948320413438,0.0,0.0,-0.03819444444444445,0.011049828352180935,0.0,switch_at_minus_switch_random
42,regime_conditional,ewma,clean,0.0,,0.0,,0.0,,,,,,0.0,0.03819444444444444,0.0,0.0,0.0,,0.0,,switch_at_minus_switch_random
42,regime_conditional,ewma,observed,-0.020437532595354857,-0.020833333333333315,-0.01864712753530845,-0.017206461178499888,0.00032299741602067125,-0.013888888888888892,0.06597222222222221,0.0,-0.020833333333333315,-0.052083333333333315,0.0,0.031249999999999986,0.16149870801033472,0.0,0.0,-0.020833333333333315,-0.020437532595354857,0.0,switch_at_minus_switch_random
42,regime_conditional,point,clean,0.0,,0.0,,0.0,,,,,,0.0,0.003472222222222222,0.0,0.0,0.0,,0.0,,switch_at_minus_switch_random
42,regime_conditional,point,observed,-0.023828227284629494,-0.017361111111111105,-0.0372214319582741,-0.02443106523817988,0.00032299741602067125,0.012152777777777778,-0.09375,0.0,-0.017361111111111105,-0.024305555555555552,0.0,0.003472222222222222,0.3229974160206712,0.0,0.0,-0.017361111111111105,-0.023828227284629494,0.0,switch_at_minus_switch_random
42,regime_marginal,cusum,clean,0.0,,0.0,,0.0,,,,,,0.0,-0.003472222222222222,0.0,0.0,0.0,,0.0,,switch_at_minus_switch_random
42,regime_marginal,cusum,observed,-0.005284313200064311,-0.013888888888888888,0.03321907450347818,-0.0017464577620371485,-0.011143410852713177,-0.003472222222222222,0.02083333333333326,0.0,-0.013888888888888888,-0.010416666666666664,0.0,-0.0625,-0.48449612403100795,0.0,0.0,-0.013888888888888888,-0.005284313200064311,0.0,switch_at_minus_switch_random
42,regime_marginal,ewma,clean,0.0,,0.0,,0.0,,,,,,0.0,0.013888888888888888,0.0,0.0,0.0,,0.0,,switch_at_minus_switch_random
42,regime_marginal,ewma,observed,0.02108100439778693,0.017361111111111105,0.006024096385542188,-0.011304745585927284,0.0006459948320413434,-0.0017361111111111119,0.04861111111111116,0.0,0.017361111111111105,0.010416666666666657,0.0,0.024305555555555556,-0.16149870801033606,0.0,0.0,0.017361111111111105,0.02108100439778693,0.0,switch_at_minus_switch_random
42,regime_marginal,point,clean,0.0,,0.0,,0.0,,,,,,0.0,-0.006944444444444444,0.0,0.0,0.0,,0.0,,switch_at_minus_switch_random
42,regime_marginal,point,observed,-0.05030603322646458,-0.034722222222222224,-0.08441558441558442,-0.02620690301558322,-0.00016149870801033563,0.01215277777777778,-0.10069444444444448,0.0,-0.034722222222222224,-0.027777777777777776,0.0,-0.006944444444444444,-0.1614987080103365,0.0,0.0,-0.034722222222222224,-0.05030603322646458,0.0,switch_at_minus_switch_random
43,regime_conditional,cusum,clean,0.0,,0.0,,0.0,,,,,,0.0,-0.01388888888888889,0.0,0.0,0.0,,0.0,,switch_at_minus_switch_random
43,regime_conditional,cusum,observed,-0.04694862582632825,-0.034722222222222265,-0.04966459247061558,-0.023107979743404616,0.009689922480620158,-0.013888888888888892,0.01736111111111116,0.0,-0.034722222222222265,-0.03125,0.0,0.06944444444444448,2.9069767441860463,0.0,0.0,-0.034722222222222265,-0.04694862582632825,0.0,switch_at_minus_switch_random
43,regime_conditional,ewma,clean,0.0,,0.0,,0.0,,,,,,0.0,0.003472222222222222,0.0,0.0,0.0,,0.0,,switch_at_minus_switch_random
43,regime_conditional,ewma,observed,0.022594937844188923,0.03125,0.009678372226373133,0.015929133050327726,0.0008074935400516799,-0.0017361111111111119,0.07638888888888884,0.0,0.03125,0.02777777777777779,0.0,-0.010416666666666657,1.2919896640826884,0.0,0.0,0.03125,0.022594937844188923,0.0,switch_at_minus_switch_random
43,regime_conditional,point,clean,0.0,,0.0,,0.0,,,,,,0.0,0.010416666666666666,0.0,0.0,0.0,,0.0,,switch_at_minus_switch_random
43,regime_conditional,point,observed,0.013149396781110323,0.010416666666666657,0.01384394102840708,-0.014532758211275254,0.00032299741602067125,-0.0034722222222222238,0.04513888888888884,0.0,0.010416666666666657,0.0069444444444444475,0.0,0.010416666666666666,0.3229974160206712,0.0,0.0,0.010416666666666657,0.013149396781110323,0.0,switch_at_minus_switch_random
43,regime_marginal,cusum,clean,0.0,,0.0,,0.0,,,,,,0.0,-0.024305555555555556,0.0,0.0,0.0,,0.0,,switch_at_minus_switch_random
43,regime_marginal,cusum,observed,0.027603832703493,0.02430555555555556,0.031164938679389548,-0.003095578897614276,0.0014534883720930224,0.0,0.10763888888888884,0.0,0.02430555555555556,0.02430555555555556,0.0,-0.0798611111111111,0.9689922480620154,0.0,0.0,0.02430555555555556,0.027603832703493,0.0,switch_at_minus_switch_random
43,regime_marginal,ewma,clean,0.0,,0.0,,0.0,,,,,,0.0,-0.01388888888888889,0.0,0.0,0.0,,0.0,,switch_at_minus_switch_random
43,regime_marginal,ewma,observed,0.02575623157713991,0.020833333333333315,0.03090403173287548,0.027388704791700774,0.0,-0.005208333333333334,0.09722222222222221,0.0,0.020833333333333315,0.02777777777777779,0.0,-0.03125000000000001,0.6459948320413442,0.0,0.0,0.020833333333333315,0.02575623157713991,0.0,switch_at_minus_switch_random
43,regime_marginal,point,clean,0.0,,0.0,,0.0,,,,,,0.0,0.0,0.0,0.0,0.0,,0.0,,switch_at_minus_switch_random
43,regime_marginal,point,observed,-0.04615297786180915,-0.03125,-0.08676207513416817,-0.013125202609956366,0.0006459948320413425,-0.010416666666666668,0.03472222222222221,0.0,-0.03125,-0.027777777777777776,0.0,0.0,0.6459948320413442,0.0,0.0,-0.03125,-0.04615297786180915,0.0,switch_at_minus_switch_random
44,regime_conditional,cusum,clean,0.0,,0.0,,0.0,,,,,,0.0,-0.04861111111111111,0.0,0.0,0.0,,0.0,,switch_at_minus_switch_random
44,regime_conditional,cusum,observed,-0.03864745784201851,-0.052083333333333315,-0.03044871794871795,-0.03090565634949971,0.0003229974160206678,-0.03472222222222222,0.06944444444444453,0.0,-0.052083333333333315,-0.020833333333333315,0.0,0.03125,1.130490956072352,0.0,0.0,-0.052083333333333315,-0.03864745784201851,0.0,switch_at_minus_switch_random
44,regime_conditional,ewma,clean,0.0,,0.0,,0.0,,,,,,0.0,0.010416666666666666,0.0,0.0,0.0,,0.0,,switch_at_minus_switch_random
44,regime_conditional,ewma,observed,0.022822305574127122,0.045138888888888895,-0.014163972965030858,-0.015767215837083848,0.005006459948320413,0.010416666666666664,0.07986111111111105,0.0,0.045138888888888895,0.038194444444444475,0.0,0.03819444444444444,0.6459948320413442,0.0,0.0,0.045138888888888895,0.022822305574127122,0.0,switch_at_minus_switch_random
44,regime_conditional,point,clean,0.0,,0.0,,0.0,,,,,,0.0,-0.006944444444444446,0.0,0.0,0.0,,0.0,,switch_at_minus_switch_random
44,regime_conditional,point,observed,-0.03431372549019608,-0.024305555555555552,-0.05663430420711976,-0.015636215444221863,0.0,-0.008680555555555556,0.0,0.0,-0.024305555555555552,-0.020833333333333336,0.0,-0.006944444444444446,0.0,0.0,0.0,-0.024305555555555552,-0.03431372549019608,0.0,switch_at_minus_switch_random
44,regime_marginal,cusum,clean,0.0,,0.0,,0.0,,,,,,0.0,0.0,0.0,0.0,0.0,,0.0,,switch_at_minus_switch_random
44,regime_marginal,cusum,observed,0.0,0.0,0.0,-0.007971408927587353,-0.0008074935400516799,-0.013888888888888888,0.01736111111111116,0.0,0.0,0.0,0.0,0.003472222222222222,0.32299741602067167,0.0,0.0,0.0,0.0,0.0,switch_at_minus_switch_random
44,regime_marginal,ewma,clean,0.0,,0.0,,0.0,,,,,,0.0,0.0,0.0,0.0,0.0,,0.0,,switch_at_minus_switch_random
44,regime_marginal,ewma,observed,-0.06624370527431753,-0.041666666666666664,-0.15426136363636364,-0.047067988809756406,0.00048449612403100775,0.0,0.05902777777777779,0.0,-0.041666666666666664,-0.041666666666666664,0.0,0.0,0.32299741602067167,0.0,0.0,-0.041666666666666664,-0.06624370527431753,0.0,switch_at_minus_switch_random
44,regime_marginal,point,clean,0.0,,0.0,,0.0,,,,,,0.0,-0.006944444444444444,0.0,0.0,0.0,,0.0,,switch_at_minus_switch_random
44,regime_marginal,point,observed,-0.02280632018284806,-0.013888888888888888,-0.0635593220338983,-0.01964485379215783,0.00048449612403100775,-0.003472222222222222,0.00347222222222221,0.0,-0.013888888888888888,-0.013888888888888888,0.0,-0.006944444444444444,0.3229974160206721,0.0,0.0,-0.013888888888888888,-0.02280632018284806,0.0,switch_at_minus_switch_random
45,regime_conditional,cusum,clean,0.0,,0.0,,0.0,,,,,,0.0,-0.003472222222222222,0.0,0.0,0.0,,0.0,,switch_at_minus_switch_random
45,regime_conditional,cusum,observed,0.012055977643403687,0.0069444444444444475,0.016097806516562452,-0.003244447315566723,-0.002745478036175711,-0.006944444444444444,-0.0625,0.0,0.0069444444444444475,0.03472222222222221,0.0,-0.06944444444444448,1.130490956072352,0.0,0.0,0.0069444444444444475,0.012055977643403687,0.0,switch_at_minus_switch_random
45,regime_conditional,ewma,clean,0.0,,0.0,,0.0,,,,,,0.0,-0.010416666666666666,0.0,0.0,0.0,,0.0,,switch_at_minus_switch_random
45,regime_conditional,ewma,observed,-0.009816447609770962,-0.013888888888888895,-0.0003031451307313193,0.021344631167390382,-0.0006459948320413425,-0.015625,0.0,0.0,-0.013888888888888895,-0.00347222222222221,0.0,-0.04166666666666666,0.6459948320413442,0.0,0.0,-0.013888888888888895,-0.009816447609770962,0.0,switch_at_minus_switch_random
45,regime_conditional,point,clean,0.0,,0.0,,0.0,,,,,,0.0,-0.013888888888888888,0.0,0.0,0.0,,0.0,,switch_at_minus_switch_random
45,regime_conditional,point,observed,-0.01974321705426356,-0.013888888888888895,-0.033143939393939365,-0.01751590358163435,0.00016149870801033563,-0.0017361111111111119,-0.03472222222222221,0.0,-0.013888888888888895,-0.006944444444444434,0.0,-0.013888888888888888,0.1614987080103365,0.0,0.0,-0.013888888888888895,-0.01974321705426356,0.0,switch_at_minus_switch_random
45,regime_marginal,cusum,clean,0.0,,0.0,,0.0,,,,,,0.0,0.0,0.0,0.0,0.0,,0.0,,switch_at_minus_switch_random
45,regime_marginal,cusum,observed,-0.03424643584521385,-0.034722222222222224,-0.021243842364532015,-0.020499568708044716,-0.013081395348837212,-0.015625,-0.07986111111111105,0.0,-0.034722222222222224,-0.03819444444444445,0.0,-0.1076388888888889,0.0,0.0,0.0,-0.034722222222222224,-0.03424643584521385,0.0,switch_at_minus_switch_random
45,regime_marginal,ewma,clean,0.0,,0.0,,0.0,,,,,,0.0,-0.006944444444444444,0.0,0.0,0.0,,0.0,,switch_at_minus_switch_random
45,regime_marginal,ewma,observed,-0.021400472069236842,-0.02083333333333333,-0.017884995320786107,-0.036520652018091626,-0.0012919896640826885,-0.024305555555555552,0.01041666666666663,0.0,-0.02083333333333333,-0.02083333333333333,0.0,-0.04861111111111112,0.3229974160206721,0.0,0.0,-0.02083333333333333,-0.021400472069236842,0.0,switch_at_minus_switch_random
45,regime_marginal,point,clean,0.0,,0.0,,0.0,,,,,,0.0,-0.010416666666666666,0.0,0.0,0.0,,0.0,,switch_at_minus_switch_random
45,regime_marginal,point,observed,-0.05078694258233751,-0.03472222222222222,-0.0892857142857143,-0.03686829711674397,-0.00016149870801033736,-0.008680555555555556,-0.02777777777777779,0.0,-0.03472222222222222,-0.027777777777777783,0.0,-0.010416666666666666,0.0,0.0,0.0,-0.03472222222222222,-0.05078694258233751,0.0,switch_at_minus_switch_random
46,regime_conditional,cusum,clean,0.0,,0.0,,0.0,,,,,,0.0,0.0,0.0,0.0,0.0,,0.0,,switch_at_minus_switch_random
46,regime_conditional,cusum,observed,-0.020613563119060513,-0.010416666666666685,-0.02911012539279978,-0.022964853733039248,0.005652454780361756,-0.03645833333333333,0.06944444444444442,0.0,-0.010416666666666685,-0.0069444444444444475,0.0,0.041666666666666685,1.130490956072351,0.0,0.0,-0.010416666666666685,-0.020613563119060513,0.0,switch_at_minus_switch_random
46,regime_conditional,ewma,clean,0.0,,0.0,,0.0,,,,,,0.0,0.003472222222222222,0.0,0.0,0.0,,0.0,,switch_at_minus_switch_random
46,regime_conditional,ewma,observed,0.011246356099422705,-0.00694444444444442,0.045328463778835926,-0.007721170621149853,-0.004360465116279071,-0.034722222222222224,0.05555555555555558,0.0,-0.00694444444444442,0.010416666666666685,0.0,-0.024305555555555566,-0.807493540051679,0.0,0.0,-0.00694444444444442,0.011246356099422705,0.0,switch_at_minus_switch_random
46,regime_conditional,point,clean,0.0,,0.0,,0.0,,,,,,0.0,-0.003472222222222222,0.0,0.0,0.0,,0.0,,switch_at_minus_switch_random
46,regime_conditional,point,observed,-0.013889981899740292,-0.010416666666666657,-0.018571428571428572,-0.01503088606364314,-0.000322997416020673,0.0,-0.01041666666666663,0.0,-0.010416666666666657,-0.024305555555555552,0.0,-0.003472222222222222,-0.3229974160206712,0.0,0.0,-0.010416666666666657,-0.013889981899740292,0.0,switch_at_minus_switch_random
46,regime_marginal,cusum,clean,0.0,,0.0,,0.0,,,,,,0.0,-0.010416666666666668,0.0,0.0,0.0,,0.0,,switch_at_minus_switch_random
46,regime_marginal,cusum,observed,-0.039372379877458896,-0.03125,-0.0530241935483871,-0.02821528897677189,0.0006459948320413425,-0.017361111111111112,0.07291666666666663,0.0,-0.03125,-0.0034722222222222238,0.0,-0.034722222222222224,0.3229974160206721,0.0,0.0,-0.03125,-0.039372379877458896,0.0,switch_at_minus_switch_random
46,regime_marginal,ewma,clean,0.0,,0.0,,0.0,,,,,,0.0,0.027777777777777776,0.0,0.0,0.0,,0.0,,switch_at_minus_switch_random
46,regime_marginal,ewma,observed,0.004987873035959073,0.0034722222222222376,0.008503401360544227,-0.011434186013740272,-0.00032299741602067125,-0.026041666666666668,0.05555555555555558,0.0,0.0034722222222222376,0.027777777777777776,0.0,0.013888888888888888,0.6459948320413433,0.0,0.0,0.0034722222222222376,0.004987873035959073,0.0,switch_at_minus_switch_random
46,regime_marginal,point,clean,0.0,,0.0,,0.0,,,,,,0.0,-0.006944444444444446,0.0,0.0,0.0,,0.0,,switch_at_minus_switch_random
46,regime_marginal,point,observed,-0.009551771383832452,-0.0069444444444444475,-0.014565826330532217,-0.004174077763156481,-0.00016149870801033736,0.003472222222222222,-0.003472222222222321,0.0,-0.0069444444444444475,-0.010416666666666664,0.0,-0.006944444444444446,-0.1614987080103365,0.0,0.0,-0.0069444444444444475,-0.009551771383832452,0.0,switch_at_minus_switch_random
42,regime_conditional,cusum,clean,0.0,,0.0,,0.0,,,,,,0.0,-0.0034722222222222238,0.0,0.0,0.0,,0.0,,switch_before6_minus_switch_at
42,regime_conditional,cusum,observed,-0.1602416325136612,-0.1701388888888889,-0.051625457875457914,-0.057348561548454885,-0.015665374677002585,0.0,-0.10069444444444442,0.0,-0.1701388888888889,-0.1701388888888889,0.0,-0.2569444444444444,0.16149870801033606,0.0,0.0,-0.1701388888888889,-0.1602416325136612,0.0,switch_before6_minus_switch_at
42,regime_conditional,ewma,clean,0.0,,0.0,,0.0,,,,,,0.0,-0.006944444444444441,0.0,0.0,0.0,,0.0,,switch_before6_minus_switch_at
42,regime_conditional,ewma,observed,-0.21096118325507945,-0.21180555555555555,-0.16795865633074936,-0.20269615413468028,-0.0030684754521963804,-0.008680555555555554,-0.11111111111111105,0.0,-0.21180555555555555,-0.18055555555555555,0.0,-0.052083333333333315,0.0,0.0,0.0,-0.21180555555555555,-0.21096118325507945,0.0,switch_before6_minus_switch_at
42,regime_conditional,point,clean,0.0,,0.0,,0.0,,,,,,0.0,0.0,0.0,0.0,0.0,,0.0,,switch_before6_minus_switch_at
42,regime_conditional,point,observed,-0.008035355564483732,-0.0069444444444444475,-0.004633204633204602,-0.010735309526761189,-0.0006459948320413442,-0.005208333333333332,-0.03472222222222221,0.0,-0.0069444444444444475,0.0,0.0,0.0,-0.6459948320413424,0.0,0.0,-0.0069444444444444475,-0.008035355564483732,0.0,switch_before6_minus_switch_at
42,regime_marginal,cusum,clean,0.0,,0.0,,0.0,,,,,,0.0,0.0,0.0,0.0,0.0,,0.0,,switch_before6_minus_switch_at
42,regime_marginal,cusum,observed,-0.06985246491543722,-0.04861111111111111,-0.12148564664101806,-0.026810180924869337,-0.005329457364341086,0.008680555555555556,-0.125,0.0,-0.04861111111111111,-0.052083333333333336,0.0,-0.09027777777777779,0.16149870801033583,0.0,0.0,-0.04861111111111111,-0.06985246491543722,0.0,switch_before6_minus_switch_at
42,regime_marginal,ewma,clean,0.0,,0.0,,0.0,,,,,,0.0,-0.010416666666666666,0.0,0.0,0.0,,0.0,,switch_before6_minus_switch_at
42,regime_marginal,ewma,observed,-0.16094584286803967,-0.1111111111111111,-0.2543859649122807,-0.1443635808887166,-0.00048449612403100775,0.005208333333333334,-0.11111111111111116,0.0,-0.1111111111111111,-0.11458333333333333,0.0,-0.020833333333333332,0.6459948320413438,0.0,0.0,-0.1111111111111111,-0.16094584286803967,0.0,switch_before6_minus_switch_at
42,regime_marginal,point,clean,0.0,,0.0,,0.0,,,,,,0.0,0.006944444444444444,0.0,0.0,0.0,,0.0,,switch_before6_minus_switch_at
42,regime_marginal,point,observed,0.004630732578916025,0.0034722222222222238,0.003733766233766228,-0.017407413711805028,0.00032299741602067125,0.0034722222222222203,-0.020833333333333315,0.0,0.0034722222222222238,0.0034722222222222238,0.0,0.006944444444444444,0.3229974160206712,0.0,0.0,0.0034722222222222238,0.004630732578916025,0.0,switch_before6_minus_switch_at
43,regime_conditional,cusum,clean,0.0,,0.0,,0.0,,,,,,0.0,0.0,0.0,0.0,0.0,,0.0,,switch_before6_minus_switch_at
43,regime_conditional,cusum,observed,-0.04236798992543189,-0.16319444444444442,0.07999234400918717,-0.0027344211643874627,-0.03940568475452197,-0.017361111111111112,-0.01388888888888884,0.0,-0.16319444444444442,-0.14930555555555558,0.0,-0.4097222222222222,-3.068475452196383,0.0,0.0,-0.16319444444444442,-0.04236798992543189,0.0,switch_before6_minus_switch_at
43,regime_conditional,ewma,clean,0.0,,0.0,,0.0,,,,,,0.0,0.0,0.0,0.0,0.0,,0.0,,switch_before6_minus_switch_at
43,regime_conditional,ewma,observed,-0.151406088479146,-0.18749999999999997,-0.06242653780854118,-0.13896130303793536,-0.006136950904392766,-0.02604166666666667,-0.05208333333333326,0.0,-0.18749999999999997,-0.1527777777777778,0.0,-0.05208333333333333,-1.130490956072352,0.0,0.0,-0.18749999999999997,-0.151406088479146,0.0,switch_before6_minus_switch_at
43,regime_conditional,point,clean,0.0,,0.0,,0.0,,,,,,0.0,0.003472222222222222,0.0,0.0,0.0,,0.0,,switch_before6_minus_switch_at
43,regime_conditional,point,observed,-0.0008629003603878027,0.0,-0.005723905723905742,0.007974484875939325,0.000322997416020673,0.0034722222222222238,-0.01736111111111116,0.0,0.0,0.006944444444444434,0.0,0.003472222222222222,0.322997416020673,0.0,0.0,0.0,-0.0008629003603878027,0.0,switch_before6_minus_switch_at
43,regime_marginal,cusum,clean,0.0,,0.0,,0.0,,,,,,0.0,0.0,0.0,0.0,0.0,,0.0,,switch_before6_minus_switch_at
43,regime_marginal,cusum,observed,-0.017649066354638976,-0.02430555555555556,0.020683020683020692,-0.0031768029412431176,-0.01340439276485788,0.020833333333333332,-0.04513888888888884,0.0,-0.02430555555555556,-0.045138888888888895,0.0,-0.07291666666666667,-0.6459948320413438,0.0,0.0,-0.02430555555555556,-0.017649066354638976,0.0,switch_before6_minus_switch_at
43,regime_marginal,ewma,clean,0.0,,0.0,,0.0,,,,,,0.0,0.0,0.0,0.0,0.0,,0.0,,switch_before6_minus_switch_at
43,regime_marginal,ewma,observed,-0.0670121643993378,-0.05555555555555554,-0.06808688387635753,-0.07177314640906662,-0.001453488372093024,0.003472222222222222,-0.06944444444444442,0.0,-0.05555555555555554,-0.06250000000000001,0.0,-0.013888888888888888,-0.6459948320413442,0.0,0.0,-0.05555555555555554,-0.0670121643993378,0.0,switch_before6_minus_switch_at
43,regime_marginal,point,clean,0.0,,0.0,,0.0,,,,,,0.0,0.006944444444444444,0.0,0.0,0.0,,0.0,,switch_before6_minus_switch_at
43,regime_marginal,point,observed,0.03452137637539547,0.024305555555555552,0.055665512122711536,0.021953195396138048,0.00016149870801033563,-0.001736111111111111,-0.00347222222222221,0.0,0.024305555555555552,0.024305555555555552,0.0,0.006944444444444444,0.1614987080103365,0.0,0.0,0.024305555555555552,0.03452137637539547,0.0,switch_before6_minus_switch_at
44,regime_conditional,cusum,clean,0.0,,0.0,,0.0,,,,,,0.0,0.0,0.0,0.0,0.0,,0.0,,switch_before6_minus_switch_at
44,regime_conditional,cusum,observed,-0.08472868539139107,-0.12847222222222224,-0.05251336501336501,-0.028963134974009347,-0.01937984496124031,0.0034722222222222238,-0.09375,0.0,-0.12847222222222224,-0.1423611111111111,0.0,-0.30208333333333337,-0.9689922480620154,0.0,0.0,-0.12847222222222224,-0.08472868539139107,0.0,switch_before6_minus_switch_at
44,regime_conditional,ewma,clean,0.0,,0.0,,0.0,,,,,,0.0,-0.010416666666666666,0.0,0.0,0.0,,0.0,,switch_before6_minus_switch_at
44,regime_conditional,ewma,observed,-0.16498276476881016,-0.1736111111111111,-0.14166556335231034,-0.16430175956298443,-0.002745478036175711,-0.005208333333333329,-0.125,0.0,-0.1736111111111111,-0.1736111111111111,0.0,-0.03472222222222222,0.0,0.0,0.0,-0.1736111111111111,-0.16498276476881016,0.0,switch_before6_minus_switch_at
44,regime_conditional,point,clean,0.0,,0.0,,0.0,,,,,,0.0,-0.006944444444444444,0.0,0.0,0.0,,0.0,,switch_before6_minus_switch_at
44,regime_conditional,point,observed,0.009689922480620158,0.0069444444444444475,0.015151515151515166,-0.007285604977982946,0.00016149870801033736,0.008680555555555556,-0.03472222222222221,0.0,0.0069444444444444475,0.0,0.0,-0.006944444444444444,0.16149870801033472,0.0,0.0,0.0069444444444444475,0.009689922480620158,0.0,switch_before6_minus_switch_at
44,regime_marginal,cusum,clean,0.0,,0.0,,0.0,,,,,,0.0,0.0,0.0,0.0,0.0,,0.0,,switch_before6_minus_switch_at
44,regime_marginal,cusum,observed,0.03036876355748373,0.024305555555555556,0.04046242774566474,-0.0019382492169643037,-0.0029069767441860447,0.03125,-0.08680555555555558,0.0,0.024305555555555556,0.003472222222222222,0.0,-0.003472222222222222,-0.4844961240310077,0.0,0.0,0.024305555555555556,0.03036876355748373,0.0,switch_before6_minus_switch_at
44,regime_marginal,ewma,clean,0.0,,0.0,,0.0,,,,,,0.0,0.0,0.0,0.0,0.0,,0.0,,switch_before6_minus_switch_at
44,regime_marginal,ewma,observed,-0.03998085374874897,-0.024305555555555556,-0.10870406189555126,-0.0449801784262533,-0.00016149870801033563,0.001736111111111111,-0.13888888888888895,0.0,-0.024305555555555556,-0.027777777777777776,0.0,-0.003472222222222222,-0.16149870801033606,0.0,0.0,-0.024305555555555556,-0.03998085374874897,0.0,switch_before6_minus_switch_at
44,regime_marginal,point,clean,0.0,,0.0,,0.0,,,,,,0.0,0.0,0.0,0.0,0.0,,0.0,,switch_before6_minus_switch_at
44,regime_marginal,point,observed,-0.01688894846189934,-0.010416666666666671,-0.04358353510895885,-0.011682068631176865,0.0,0.001736111111111111,-0.0625,0.0,-0.010416666666666671,-0.010416666666666671,0.0,0.0,0.0,0.0,0.0,-0.010416666666666671,-0.01688894846189934,0.0,switch_before6_minus_switch_at
45,regime_conditional,cusum,clean,0.0,,0.0,,0.0,,,,,,0.0,0.0,0.0,0.0,0.0,,0.0,,switch_before6_minus_switch_at
45,regime_conditional,cusum,observed,-0.11786697088591008,-0.15625,-0.051913055097768473,-0.04039259879688212,-0.02034883720930233,-0.012152777777777776,-0.08333333333333337,0.0,-0.15625,-0.14583333333333331,0.0,-0.2847222222222222,-1.130490956072352,0.0,0.0,-0.15625,-0.11786697088591008,0.0,switch_before6_minus_switch_at
45,regime_conditional,ewma,clean,0.0,,0.0,,0.0,,,,,,0.0,0.0,0.0,0.0,0.0,,0.0,,switch_before6_minus_switch_at
45,regime_conditional,ewma,observed,-0.17195161817587445,-0.17708333333333331,-0.08690228690228691,-0.16311020195799752,-0.005329457364341086,-0.013888888888888892,-0.08333333333333337,0.0,-0.17708333333333331,-0.1527777777777778,0.0,-0.07986111111111112,-1.2919896640826876,0.0,0.0,-0.17708333333333331,-0.17195161817587445,0.0,switch_before6_minus_switch_at
45,regime_conditional,point,clean,0.0,,0.0,,0.0,,,,,,0.0,0.003472222222222222,0.0,0.0,0.0,,0.0,,switch_before6_minus_switch_at
45,regime_conditional,point,observed,-0.004002192982456146,-0.00347222222222221,-0.0004528985507246397,0.0009116638619930811,-0.0004844961240310069,-0.0017361111111111101,0.00694444444444442,0.0,-0.00347222222222221,-0.0034722222222222238,0.0,0.003472222222222222,-0.4844961240310077,0.0,0.0,-0.00347222222222221,-0.004002192982456146,0.0,switch_before6_minus_switch_at
45,regime_marginal,cusum,clean,0.0,,0.0,,0.0,,,,,,0.0,0.0,0.0,0.0,0.0,,0.0,,switch_before6_minus_switch_at
45,regime_marginal,cusum,observed,-0.018783783783783786,-0.01388888888888889,-0.025914634146341466,-0.006347058468007351,-0.004198966408268733,0.003472222222222222,-0.09027777777777779,0.0,-0.01388888888888889,-0.017361111111111112,0.0,-0.03819444444444445,-0.4844961240310077,0.0,0.0,-0.01388888888888889,-0.018783783783783786,0.0,switch_before6_minus_switch_at
45,regime_marginal,ewma,clean,0.0,,0.0,,0.0,,,,,,0.0,0.0,0.0,0.0,0.0,,0.0,,switch_before6_minus_switch_at
45,regime_marginal,ewma,observed,-0.062620533182076,-0.05208333333333333,-0.07569342434977966,-0.03691381278855432,-0.0009689922480620172,-0.0017361111111111119,-0.09375,0.0,-0.05208333333333333,-0.052083333333333336,0.0,-0.010416666666666668,-0.3229974160206721,0.0,0.0,-0.05208333333333333,-0.062620533182076,0.0,switch_before6_minus_switch_at
45,regime_marginal,point,clean,0.0,,0.0,,0.0,,,,,,0.0,0.010416666666666666,0.0,0.0,0.0,,0.0,,switch_before6_minus_switch_at
45,regime_marginal,point,observed,0.015369194787838297,0.010416666666666664,0.027417027417027395,0.01505372649280437,0.00016149870801033736,0.003472222222222222,-0.02430555555555558,0.0,0.010416666666666664,0.0034722222222222238,0.0,0.010416666666666666,0.0,0.0,0.0,0.010416666666666664,0.015369194787838297,0.0,switch_before6_minus_switch_at
46,regime_conditional,cusum,clean,0.0,,0.0,,0.0,,,,,,0.0,-0.010416666666666666,0.0,0.0,0.0,,0.0,,switch_before6_minus_switch_at
46,regime_conditional,cusum,observed,-0.1307222143638841,-0.1597222222222222,-0.08920663824856184,-0.04608681683649345,-0.02244832041343669,0.015625,-0.06597222222222221,0.0,-0.1597222222222222,-0.1597222222222222,0.0,-0.24305555555555555,-1.937984496124031,0.0,0.0,-0.1597222222222222,-0.1307222143638841,0.0,switch_before6_minus_switch_at
46,regime_conditional,ewma,clean,0.0,,0.0,,0.0,,,,,,0.0,-0.006944444444444444,0.0,0.0,0.0,,0.0,,switch_before6_minus_switch_at
46,regime_conditional,ewma,observed,-0.16559267261984437,-0.1527777777777778,-0.16410111566162972,-0.15973647748450062,-0.0006459948320413425,0.010416666666666666,-0.10763888888888895,0.0,-0.1527777777777778,-0.14583333333333337,0.0,-0.02083333333333333,-0.6459948320413442,0.0,0.0,-0.1527777777777778,-0.16559267261984437,0.0,switch_before6_minus_switch_at
46,regime_conditional,point,clean,0.0,,0.0,,0.0,,,,,,0.0,0.006944444444444446,0.0,0.0,0.0,,0.0,,switch_before6_minus_switch_at
46,regime_conditional,point,observed,-0.0016484379088387707,0.0,-0.01188679245283017,-0.005270861599035906,0.0009689922480620155,0.01215277777777778,-0.041666666666666685,0.0,0.0,-0.003472222222222217,0.0,0.006944444444444446,0.807493540051679,0.0,0.0,0.0,-0.0016484379088387707,0.0,switch_before6_minus_switch_at
46,regime_marginal,cusum,clean,0.0,,0.0,,0.0,,,,,,0.0,-0.013888888888888888,0.0,0.0,0.0,,0.0,,switch_before6_minus_switch_at
46,regime_marginal,cusum,observed,-0.06220970032304236,-0.048611111111111105,-0.08520778843359489,-0.011757834652105593,-0.004844961240310076,0.010416666666666666,-0.04513888888888884,0.0,-0.048611111111111105,-0.048611111111111105,0.0,-0.027777777777777776,-0.6459948320413438,0.0,0.0,-0.048611111111111105,-0.06220970032304236,0.0,switch_before6_minus_switch_at
46,regime_marginal,ewma,clean,0.0,,0.0,,0.0,,,,,,0.0,-0.01736111111111111,0.0,0.0,0.0,,0.0,,switch_before6_minus_switch_at
46,regime_marginal,ewma,observed,-0.1164602164936949,-0.09027777777777779,-0.16172920781215713,-0.07111357709973289,0.00048449612403100514,0.008680555555555556,-0.08333333333333337,0.0,-0.09027777777777779,-0.09375,0.0,-0.010416666666666671,0.0,0.0,0.0,-0.09027777777777779,-0.1164602164936949,0.0,switch_before6_minus_switch_at
46,regime_marginal,point,clean,0.0,,0.0,,0.0,,,,,,0.0,0.01388888888888889,0.0,0.0,0.0,,0.0,,switch_before6_minus_switch_at
46,regime_marginal,point,observed,-0.030504890298704734,-0.02083333333333333,-0.05686274509803921,-0.015573828900913994,0.0006459948320413442,-0.0017361111111111119,-0.04166666666666663,0.0,-0.02083333333333333,-0.020833333333333336,0.0,0.01388888888888889,0.6459948320413442,0.0,0.0,-0.02083333333333333,-0.030504890298704734,0.0,switch_before6_minus_switch_at
42,regime_conditional,cusum,clean,0.0,,0.0,,0.0,,,,,,0.0,-0.006944444444444446,0.0,0.0,0.0,,0.0,,switch_after6_minus_switch_at
42,regime_conditional,cusum,observed,0.07563004032258064,0.13194444444444445,0.014253442340791733,0.08557243674911794,0.011304909560723515,0.013888888888888888,-0.01736111111111105,0.0,0.13194444444444445,0.12847222222222224,0.0,0.013888888888888895,1.2919896640826876,0.0,0.0,0.13194444444444445,0.07563004032258064,0.0,switch_after6_minus_switch_at
42,regime_conditional,ewma,clean,0.0,,0.0,,0.0,,,,,,0.0,-0.013888888888888888,0.0,0.0,0.0,,0.0,,switch_after6_minus_switch_at
42,regime_conditional,ewma,observed,0.07807630408028021,0.08680555555555552,0.06101462074379349,0.0945128700819608,-0.00048449612403100514,0.017361111111111115,-0.03125,0.0,0.08680555555555552,0.06944444444444442,0.0,-0.04513888888888888,0.322997416020673,0.0,0.0,0.08680555555555552,0.07807630408028021,0.0,switch_after6_minus_switch_at
42,regime_conditional,point,clean,0.0,,0.0,,0.0,,,,,,0.0,0.006944444444444446,0.0,0.0,0.0,,0.0,,switch_after6_minus_switch_at
42,regime_conditional,point,observed,-0.020350877192982453,-0.013888888888888895,-0.037966537966537955,0.002049071631329155,0.0008074935400516799,0.0,0.01736111111111116,0.0,-0.013888888888888895,-0.010416666666666657,0.0,0.006944444444444446,0.8074935400516807,0.0,0.0,-0.013888888888888895,-0.020350877192982453,0.0,switch_after6_minus_switch_at
42,regime_marginal,cusum,clean,0.0,,0.0,,0.0,,,,,,0.0,0.0,0.0,0.0,0.0,,0.0,,switch_after6_minus_switch_at
42,regime_marginal,cusum,observed,0.09376963380963635,0.07638888888888887,0.11070746875192414,0.06951048977120153,0.0029069767441860447,0.010416666666666668,0.01388888888888895,0.0,0.07638888888888887,0.06249999999999999,0.0,-0.0034722222222222238,0.8074935400516796,0.0,0.0,0.07638888888888887,0.09376963380963635,0.0,switch_after6_minus_switch_at
42,regime_marginal,ewma,clean,0.0,,0.0,,0.0,,,,,,0.0,-0.003472222222222222,0.0,0.0,0.0,,0.0,,switch_after6_minus_switch_at
42,regime_marginal,ewma,observed,0.028451766019824104,0.017361111111111133,0.0730337078651685,0.04156539438842241,-0.0012919896640826867,0.010416666666666668,-0.00347222222222221,0.0,0.017361111111111133,0.0069444444444444475,0.0,-0.027777777777777776,0.0,0.0,0.0,0.017361111111111133,0.028451766019824104,0.0,switch_after6_minus_switch_at
42,regime_marginal,point,clean,0.0,,0.0,,0.0,,,,,,0.0,0.003472222222222222,0.0,0.0,0.0,,0.0,,switch_after6_minus_switch_at
42,regime_marginal,point,observed,-0.026206738657610557,-0.017361111111111112,-0.05066764221693798,-0.011150366897200045,-0.00016149870801033563,-0.006944444444444446,0.0,0.0,-0.017361111111111112,-0.020833333333333336,0.0,0.003472222222222222,-0.1614987080103365,0.0,0.0,-0.017361111111111112,-0.026206738657610557,0.0,switch_after6_minus_switch_at
43,regime_conditional,cusum,clean,0.0,,0.0,,0.0,,,,,,0.0,-0.003472222222222222,0.0,0.0,0.0,,0.0,,switch_after6_minus_switch_at
43,regime_conditional,cusum,observed,0.034797451454259665,0.06597222222222227,0.020840715230185547,-0.005127805416650394,0.0035529715762273872,0.010416666666666668,0.04861111111111116,0.0,0.06597222222222227,0.0625,0.0,0.09722222222222221,-1.4534883720930232,0.0,0.0,0.06597222222222227,0.034797451454259665,0.0,switch_after6_minus_switch_at
43,regime_conditional,ewma,clean,0.0,,0.0,,0.0,,,,,,0.0,-0.010416666666666666,0.0,0.0,0.0,,0.0,,switch_after6_minus_switch_at
43,regime_conditional,ewma,observed,0.011022539857064306,0.01736111111111116,0.002593623481781382,0.04150859200143858,0.0006459948320413425,0.015625,-0.03472222222222221,0.0,0.01736111111111116,0.0,0.0,0.013888888888888895,0.3229974160206712,0.0,0.0,0.01736111111111116,0.011022539857064306,0.0,switch_after6_minus_switch_at
43,regime_conditional,point,clean,0.0,,0.0,,0.0,,,,,,0.0,0.003472222222222222,0.0,0.0,0.0,,0.0,,switch_after6_minus_switch_at
43,regime_conditional,point,observed,0.01733755465098749,0.013888888888888895,0.01851851851851849,0.012463963539649542,0.000322997416020673,0.0034722222222222238,0.04861111111111116,0.0,0.013888888888888895,0.00347222222222221,0.0,0.003472222222222222,0.322997416020673,0.0,0.0,0.013888888888888895,0.01733755465098749,0.0,switch_after6_minus_switch_at
43,regime_marginal,cusum,clean,0.0,,0.0,,0.0,,,,,,0.0,0.0,0.0,0.0,0.0,,0.0,,switch_after6_minus_switch_at
43,regime_marginal,cusum,observed,0.02986889832922976,0.027777777777777776,0.031178216544070214,0.010905634967534009,0.0012919896640826885,0.0,-0.05555555555555558,0.0,0.027777777777777776,0.027777777777777776,0.0,0.05555555555555555,0.4844961240310077,0.0,0.0,0.027777777777777776,0.02986889832922976,0.0,switch_after6_minus_switch_at
43,regime_marginal,ewma,clean,0.0,,0.0,,0.0,,,,,,0.0,0.0,0.0,0.0,0.0,,0.0,,switch_after6_minus_switch_at
43,regime_marginal,ewma,observed,0.06522554449740997,0.05555555555555558,0.07024272089620026,0.04380331525865849,0.0,0.0,-0.06597222222222221,0.0,0.05555555555555558,0.0625,0.0,0.010416666666666664,-0.4844961240310077,0.0,0.0,0.05555555555555558,0.06522554449740997,0.0,switch_after6_minus_switch_at
43,regime_marginal,point,clean,0.0,,0.0,,0.0,,,,,,0.0,0.006944444444444444,0.0,0.0,0.0,,0.0,,switch_after6_minus_switch_at
43,regime_marginal,point,observed,0.015729055258467017,0.010416666666666671,0.03194333066025129,0.01178576219095559,-0.00032299741602067125,0.0,0.02777777777777779,0.0,0.010416666666666671,0.013888888888888895,0.0,0.006944444444444444,-0.3229974160206712,0.0,0.0,0.010416666666666671,0.015729055258467017,0.0,switch_after6_minus_switch_at
44,regime_conditional,cusum,clean,0.0,,0.0,,0.0,,,,,,0.0,0.010416666666666666,0.0,0.0,0.0,,0.0,,switch_after6_minus_switch_at
44,regime_conditional,cusum,observed,0.05251015410345239,0.08680555555555552,0.03489388518458286,0.021870808296601027,0.005167958656330754,-0.01215277777777778,0.00347222222222221,0.0,0.08680555555555552,0.08333333333333331,0.0,0.08333333333333331,-0.6459948320413442,0.0,0.0,0.08680555555555552,0.05251015410345239,0.0,switch_after6_minus_switch_at
44,regime_conditional,ewma,clean,0.0,,0.0,,0.0,,,,,,0.0,0.0034722222222222238,0.0,0.0,0.0,,0.0,,switch_after6_minus_switch_at
44,regime_conditional,ewma,observed,-0.001862197392923648,-0.00347222222222221,0.0003428347536487686,0.016954894641127538,-0.00032299741602067125,-0.008680555555555552,-0.05555555555555558,0.0,-0.00347222222222221,-0.00347222222222221,0.0,0.02777777777777779,0.0,0.0,0.0,-0.00347222222222221,-0.001862197392923648,0.0,switch_after6_minus_switch_at
44,regime_conditional,point,clean,0.0,,0.0,,0.0,,,,,,0.0,-0.003472222222222222,0.0,0.0,0.0,,0.0,,switch_after6_minus_switch_at
44,regime_conditional,point,observed,0.0391156462585034,0.027777777777777776,0.06410256410256412,0.014556130707933837,0.0,-0.001736111111111111,0.041666666666666685,0.0,0.027777777777777776,0.031249999999999993,0.0,-0.003472222222222222,0.0,0.0,0.0,0.027777777777777776,0.0391156462585034,0.0,switch_after6_minus_switch_at
44,regime_marginal,cusum,clean,0.0,,0.0,,0.0,,,,,,0.0,0.0,0.0,0.0,0.0,,0.0,,switch_after6_minus_switch_at
44,regime_marginal,cusum,observed,0.0,0.0,0.0,0.008051171004274355,0.0027454780361757143,0.0,0.0,0.0,0.0,0.0,0.0,0.024305555555555552,0.0,0.0,0.0,0.0,0.0,0.0,switch_after6_minus_switch_at
44,regime_marginal,ewma,clean,0.0,,0.0,,0.0,,,,,,0.0,0.0,0.0,0.0,0.0,,0.0,,switch_after6_minus_switch_at
44,regime_marginal,ewma,observed,0.04317842070053436,0.027777777777777783,0.08671328671328674,0.021943363714021058,0.0003229974160206721,0.0,-0.04166666666666674,0.0,0.027777777777777783,0.027777777777777783,0.0,0.006944444444444446,0.0,0.0,0.0,0.027777777777777783,0.04317842070053436,0.0,switch_after6_minus_switch_at
44,regime_marginal,point,clean,0.0,,0.0,,0.0,,,,,,0.0,0.0,0.0,0.0,0.0,,0.0,,switch_after6_minus_switch_at
44,regime_marginal,point,observed,0.027250981704778313,0.017361111111111105,0.05971316818774447,0.019840075826201092,0.00016149870801033563,0.003472222222222222,0.02083333333333337,0.0,0.017361111111111105,0.017361111111111105,0.0,0.0,0.1614987080103356,0.0,0.0,0.017361111111111105,0.027250981704778313,0.0,switch_after6_minus_switch_at
45,regime_conditional,cusum,clean,0.0,,0.0,,0.0,,,,,,0.0,0.0,0.0,0.0,0.0,,0.0,,switch_after6_minus_switch_at
45,regime_conditional,cusum,observed,0.03660646890581115,0.05902777777777776,0.019809094618810197,0.043132981759017114,0.0045219638242894045,-0.0034722222222222203,0.06597222222222221,0.0,0.05902777777777776,0.04861111111111113,0.0,0.02777777777777779,-1.130490956072352,0.0,0.0,0.05902777777777776,0.03660646890581115,0.0,switch_after6_minus_switch_at
45,regime_conditional,ewma,clean,0.0,,0.0,,0.0,,,,,,0.0,0.003472222222222222,0.0,0.0,0.0,,0.0,,switch_after6_minus_switch_at
45,regime_conditional,ewma,observed,0.07792651527169342,0.08680555555555558,0.05520361990950229,0.041186806745957094,0.0001614987080103339,0.013888888888888888,-0.02083333333333337,0.0,0.08680555555555558,0.0763888888888889,0.0,-0.0034722222222222238,-0.8074935400516798,0.0,0.0,0.08680555555555558,0.07792651527169342,0.0,switch_after6_minus_switch_at
45,regime_conditional,point,clean,0.0,,0.0,,0.0,,,,,,0.0,0.006944444444444444,0.0,0.0,0.0,,0.0,,switch_after6_minus_switch_at
45,regime_conditional,point,observed,0.03172348484848485,0.024305555555555566,0.03819444444444445,0.0204660502481179,0.0008074935400516799,0.0034722222222222238,0.02777777777777779,0.0,0.024305555555555566,0.024305555555555552,0.0,0.006944444444444444,0.807493540051679,0.0,0.0,0.024305555555555566,0.03172348484848485,0.0,switch_after6_minus_switch_at
45,regime_marginal,cusum,clean,0.0,,0.0,,0.0,,,,,,0.0,0.0,0.0,0.0,0.0,,0.0,,switch_after6_minus_switch_at
45,regime_marginal,cusum,observed,0.006958041958041956,0.006944444444444444,0.0013297872340425482,0.020522308886416665,0.004360465116279071,0.0,0.07638888888888884,0.0,0.006944444444444444,0.010416666666666668,0.0,0.03819444444444445,0.1614987080103356,0.0,0.0,0.006944444444444444,0.006958041958041956,0.0,switch_after6_minus_switch_at
45,regime_marginal,ewma,clean,0.0,,0.0,,0.0,,,,,,0.0,0.003472222222222222,0.0,0.0,0.0,,0.0,,switch_after6_minus_switch_at
45,regime_marginal,ewma,observed,0.012950571983595949,0.010416666666666671,0.017058207391889874,0.027365172411834532,-0.00032299741602067125,0.0034722222222222238,-0.03819444444444442,0.0,0.010416666666666671,0.024305555555555552,0.0,-0.0034722222222222238,0.0,0.0,0.0,0.010416666666666671,0.012950571983595949,0.0,switch_after6_minus_switch_at
45,regime_marginal,point,clean,0.0,,0.0,,0.0,,,,,,0.0,0.0,0.0,0.0,0.0,,0.0,,switch_after6_minus_switch_at
45,regime_marginal,point,observed,0.010199523525908277,0.006944444444444441,0.01769480519480518,0.009002889088972746,0.00016149870801033736,-0.005208333333333333,0.03472222222222221,0.0,0.006944444444444441,0.013888888888888888,0.0,0.0,0.0,0.0,0.0,0.006944444444444441,0.010199523525908277,0.0,switch_after6_minus_switch_at
46,regime_conditional,cusum,clean,0.0,,0.0,,0.0,,,,,,0.0,0.0034722222222222238,0.0,0.0,0.0,,0.0,,switch_after6_minus_switch_at
46,regime_conditional,cusum,observed,0.05834395974266776,0.1111111111111111,0.0271698730845035,0.013509016195022455,0.012919896640826878,0.01215277777777778,-0.01388888888888884,0.0,0.1111111111111111,0.1111111111111111,0.0,0.07291666666666669,-0.4844961240310077,0.0,0.0,0.1111111111111111,0.05834395974266776,0.0,switch_after6_minus_switch_at
46,regime_conditional,ewma,clean,0.0,,0.0,,0.0,,,,,,0.0,-0.006944444444444444,0.0,0.0,0.0,,0.0,,switch_after6_minus_switch_at
46,regime_conditional,ewma,observed,0.020489562224581037,0.03819444444444442,-0.014017001266051765,0.03472716973082485,0.0037144702842377246,0.012152777777777778,-0.07986111111111116,0.0,0.03819444444444442,0.04166666666666663,0.0,0.045138888888888895,0.0,0.0,0.0,0.03819444444444442,0.020489562224581037,0.0,switch_after6_minus_switch_at
46,regime_conditional,point,clean,0.0,,0.0,,0.0,,,,,,0.0,-0.006944444444444444,0.0,0.0,0.0,,0.0,,switch_after6_minus_switch_at
46,regime_conditional,point,observed,-0.009289089347079046,-0.0069444444444444475,-0.012083333333333335,0.010394430133557245,-0.00032299741602067125,-0.008680555555555556,0.04513888888888884,0.0,-0.0069444444444444475,0.0069444444444444475,0.0,-0.006944444444444444,-0.322997416020673,0.0,0.0,-0.0069444444444444475,-0.009289089347079046,0.0,switch_after6_minus_switch_at
46,regime_marginal,cusum,clean,0.0,,0.0,,0.0,,,,,,0.0,0.013888888888888888,0.0,0.0,0.0,,0.0,,switch_after6_minus_switch_at
46,regime_marginal,cusum,observed,0.006603411294174952,0.010416666666666671,-0.005287662121715997,0.020731322979291353,0.005813953488372093,0.0,0.01041666666666663,0.0,0.010416666666666671,0.010416666666666671,0.0,0.08333333333333333,0.1614987080103356,0.0,0.0,0.010416666666666671,0.006603411294174952,0.0,switch_after6_minus_switch_at
46,regime_marginal,ewma,clean,0.0,,0.0,,0.0,,,,,,0.0,-0.01736111111111111,0.0,0.0,0.0,,0.0,,switch_after6_minus_switch_at
46,regime_marginal,ewma,observed,0.03747697257466076,0.03125,0.04472240509106867,0.01700272069376038,-0.00016149870801033736,0.006944444444444444,-0.04861111111111116,0.0,0.03125,0.027777777777777762,0.0,0.0,0.0,0.0,0.0,0.03125,0.03747697257466076,0.0,switch_after6_minus_switch_at
46,regime_marginal,point,clean,0.0,,0.0,,0.0,,,,,,0.0,-0.010416666666666666,0.0,0.0,0.0,,0.0,,switch_after6_minus_switch_at
46,regime_marginal,point,observed,0.00042294475284165856,0.0,0.00313725490196079,0.010596431386023328,-0.00032299741602067125,-0.003472222222222222,0.02777777777777779,0.0,0.0,0.0,0.0,-0.010416666666666666,-0.3229974160206712,0.0,0.0,0.0,0.00042294475284165856,0.0,switch_after6_minus_switch_at
